id	claim	grade	pointer	bound	status	successor	kind	source	owner
#1301	Auto Cook is workshop item 3388721641, one mod, declaring the id AutoCook in a folder also named AutoCook, so its declared id and its folder do not drift.	C	mod:3388721641/common/mod.info:3 "id=AutoCook"	snapshot 2026-09-10; one item read cold, no server	settled		mechanism	docs/mods-survey/teardowns/autocook.md § Teardown: Auto Cook (`AutoCook`)	facts/other-mods/autocook.md#architecture
#1302	Auto Cook's mod.info is 9 lines carrying 9 keys and has no require=, incompatible=, loadModAfter= or loadModBefore= line, so the mod declares an empty dependency list and no load-order constraint of any kind.	C	mod:3388721641/common/mod.info:1-9 "name=Auto Cook"	snapshot 2026-09-10	settled		mechanism	docs/mods-survey/teardowns/autocook.md § Teardown: Auto Cook (`AutoCook`)	facts/other-mods/autocook.md#compat
#1303	Auto Cook ships no licence or readme file and its fetched Workshop record carries no licence field, so its permissions posture is default Steam Workshop terms: read it, do not vendor it.	W	web:data/workshop-catalog-details.json 2026-09-10 17:46	snapshot 2026-09-10; a Workshop page fetch, not a licence statement	settled		rule	docs/mods-survey/teardowns/autocook.md § Teardown: Auto Cook (`AutoCook`)	facts/other-mods/autocook.md#compat
#1304	Right-clicking a cooking base item gains an Auto Cook option for every evolved recipe that item can start, and picking it walks one item per ingredient into the inventory, runs the real vanilla ISAddItemInRecipe timed action and queues a one-tick ISContinue that calls back for the next, leaving simulated cooking time unchanged.	C	mod:3388721641/common/media/lua/client/AutoCook_RISCookMenuInsertion.lua:87 "local option = context:addOption(getText("; mod:3388721641/42.13/media/lua/client/AutoCook.lua:96-179 "function AutoCook:continue()"	C-only; read 2026-09-10, never run: nothing on the shipped bus clicks, presses a key or calls triggerEvent	settled		mechanism	docs/mods-survey/teardowns/autocook.md § What it does (player-facing)	facts/other-mods/autocook.md#what-it-does
#1305	Which ingredient Auto Cook picks is one of five cooking diets chosen from a new Cook tab in the character info window, and the same tab holds six settings persisted per character in player modData, a seventh being commented out.	C	mod:3388721641/common/media/lua/client/AutoCook_Diets.lua:21-27 "function AutoCook:selectPreferedFood(leftItem, rightItem)"; mod:3388721641/42.13/media/lua/client/ISCharacterCook.lua:25-35 "self:createNumberInput("; mod:3388721641/42.13/media/lua/client/ISCharacterCook.lua:28 "--self:createTickBox("	C-only; read 2026-09-10, never run	settled		mechanism	docs/mods-survey/teardowns/autocook.md § What it does (player-facing)	facts/other-mods/autocook.md#what-it-does
#1306	Auto Cook's file census over both media trees is 5 rows, 19 files and 129 161 bytes, of which 10 are client .lua files totalling 2 155 lines read end to end on 2026-09-10 -- 3 files and 917 lines in 42.13/media/lua/client/ against 7 files and 1 238 lines in common/media/lua/client/, plus 4 translation files and 5 tree-root files.	C	mod:3388721641/common/mod.info:1 "name=Auto Cook"; data:data/mod-inventory.json swept 2026-09-10 17:47	snapshot 2026-09-10; a census of one item as installed, and the workshop corpus drifts	settled		table	docs/mods-survey/teardowns/autocook.md § The census — two media trees, and the mod is only whole across both	facts/other-mods/autocook.md#architecture
#1307	Auto Cook's 42/ folder holds two PNGs and nothing else -- no media/ and no mod.info -- so it contributes no Lua to any build.	C	mod:3388721641/common/mod.info:1 "name=Auto Cook"	snapshot 2026-09-10	settled		mechanism	docs/mods-survey/teardowns/autocook.md § The census — two media trees, and the mod is only whole across both	facts/other-mods/autocook.md#architecture
#1308	Auto Cook ships no media/scripts in any tree, no server/ or shared/ Lua beyond four translation files and no sandbox-options.txt, so its script_item_blocks count of 0 is structurally true rather than unscanned.	C	data:data/mod-inventory.json swept 2026-09-10 17:47	snapshot 2026-09-10	settled		mechanism	docs/mods-survey/teardowns/autocook.md § The census — two media trees, and the mod is only whole across both	facts/other-mods/autocook.md#architecture
#1309	mod_inventory computes signals, stats and lua_kb over the single folder mod_lint.media_root resolves, so for a two-tree mod its row is a partial view -- on Auto Cook it hides 7 of 10 Lua files, 1 238 of 2 155 lines, the mod's only event registration, its only vanilla patch and its entire translation set -- and a media_at list with two entries is the flag that says so.	C	repo:tools/mod_inventory.py:108 "def resolve(mod_dir)"	snapshot 2026-09-10	settled		tool	docs/mods-survey/teardowns/autocook.md § The census — two media trees, and the mod is only whole across both	reference/tools.md#mod-inventory-tool
#1310	ZomboidFileSystem.loadMod runs two passes in order -- pass A over the mod's common dir, then pass B over its version dir -- each ending in an unconditional activeFileMap.put, so the version dir's file wins a same-relative-path collision and common/ supplies everything the version dir does not ship.	C	jar:ZomboidFileSystem.loadMod @0-@431 L739-L778; jar:ZomboidFileSystem.loadMod @205-@216 L758; jar:ZomboidFileSystem.loadMod @396-@407 L773	none; 42.20.4 jar b0bbce05d5	settled		mechanism	docs/mods-survey/teardowns/autocook.md § The merge rule — the headline, and it is now measured	platform/mod-anatomy.md#version-dirs
#1311	Before each overwriting put the loader prints one line per shadowed file in the form mod "<id>" overrides <relative path>, from constant #1670 through DebugType.Mod.println, gated on the key already existing and on the path not ending mod.info or poster.png.	C	jar:ZomboidFileSystem.loadMod @133-@181 L754-L755; jar:ZomboidFileSystem.loadMod @324-@372 L769-L770	none; 42.20.4 jar b0bbce05d5	settled		mechanism	docs/mods-survey/teardowns/autocook.md § The merge rule — the headline, and it is now measured	platform/loader-and-scripts.md#file-map
#1312	ZomboidFileSystem.getAbsolutePath is activeFileMap.get of the lower-cased relative path and nothing else, and the map is pre-seeded with vanilla's whole media tree before any mod loads, so only paths under media/ can shadow vanilla while a mod's tree-root files enter the map from the common pass and can be shadowed only by that mod's own version dir.	C	jar:ZomboidFileSystem.getAbsolutePath @0-@19 L483-L484; jar:ZomboidFileSystem.init @16-@36 L151; jar:ZomboidFileSystem.init @165-@173 L163	none; 42.20.4 jar b0bbce05d5	settled		mechanism	docs/mods-survey/teardowns/autocook.md § The merge rule — the headline, and it is now measured	platform/loader-and-scripts.md#file-map
#1313	LuaManager.LoadDirBase builds the execution list vanilla-first, then per mod the common dir followed by the version dir with each mod's block sorted case-insensitively, and walks the list through a HashSet that skips a relative path already seen, so a doubled relative path executes once, from the file activeFileMap holds.	C	jar:LuaManager.LoadDirBase @0-@540 L1141-L1232; jar:LuaManager.LoadDirBase @386-@445 L1208-L1214; jar:LuaManager.LoadDirBase @446-@453 L1216	none; 42.20.4 jar b0bbce05d5	settled		mechanism	docs/mods-survey/teardowns/autocook.md § The merge rule — the headline, and it is now measured	platform/loader-and-scripts.md#lua-load-order
#1314	Translator.tryFillMapFromMods walks the common dir then the version dir through tryFillMapFromFile, which formats the translation path itself and merges into a shared map, so mod translations do not shadow: vanilla's keys survive and the mod's are added.	C	jar:Translator.tryFillMapFromMods @0-@97 L376-L391; jar:Translator.tryFillMapFromFile @4-@29 L357-L358; jar:Translator.tryFillMapFromFile @107-@118 L364	none; 42.20.4 jar b0bbce05d5	settled		mechanism	docs/mods-survey/teardowns/autocook.md § The merge rule — the headline, and it is now measured	platform/mod-anatomy.md#translations
#1315	A live dedicated server printed exactly five overrides lines for Auto Cook -- two translation JSONs shadowing vanilla in pass A, then three client Lua files shadowing common/ in pass B -- and no .png tail, so the mod's version dir resolved to 42.13/ rather than 42/.	M	run:td3-20260911-001948 teardown-autocook.json M1_overrides.server_log.tails	n=1; one session on 42.20.4, fixture default, one mod, one character, one machine; every prediction landed on its predicted branch so no falsifier was approached, and the reading is bounded to a mod whose version dir ships colliding files	settled		mechanism	docs/mods-survey/teardowns/autocook.md § The merge rule — the headline, and it is now measured; docs/mods-survey/teardowns/longtermpreservation4220.md § Compatibility notes	platform/mod-anatomy.md#version-dirs
#1316	The client's Lua state names the winning copy: acceptIngredient and baseAcceptsSpice resolved as functions although they are defined only in the version tree, the common-only selectPreferedFood and ISContinue resolved too, and _G.AutoCook carried keyCount 49 -- 23 file-scope scalars plus 15, 4 and 7 functions from three files -- where a common-wins state reads 47.	M	run:td3-20260911-001948 teardown-autocook.json M4_globals.client; run:td3-20260911-001948 teardown-autocook.json summary.M4_autocook_keyCount_client	n=1; one session on 42.20.4, fixture default, one mod, one character; the count is arithmetic over the two file sets, not a second measurement	settled		mechanism	docs/mods-survey/teardowns/autocook.md § The merge rule — the headline, and it is now measured	platform/mod-anatomy.md#version-dirs
#1317	The console grep for a nil call, HasTrait or getTypeString returned 0 lines on the client and 0 on the server, and a common-wins state would have raised at three sites on the character-info window's build path, so the negative covers that whole path rather than one line.	M	run:td3-20260911-001948 teardown-autocook.json nilcall_lines	n=1; one session on 42.20.4; one site stays uncovered -- the common copy's prerender call, which needs the Cook tab actually rendered and nothing on the bus opens it	settled		mechanism	docs/mods-survey/teardowns/autocook.md § The merge rule — the headline, and it is now measured	platform/mod-anatomy.md#version-dirs
#1318	For a mod shipping common/ beside a version folder the version folder's file wins a same-relative-path collision, common/ supplies everything the version folder does not ship, and both end up in one Lua state -- with translations the exception, because the Translator merges rather than resolving through the file map.	M	run:td3-20260911-001948 teardown-autocook.json M1_overrides.server_log.tails; jar:ZomboidFileSystem.loadMod @0-@431 L739-L778	n=1; the outcome is one session on 42.20.4 and the mechanism is the jar; bounded to a mod whose version dir ships colliding files -- a version dir that is absent, empty, or ships only files common/ lacks is untested	settled		rule	docs/mods-survey/teardowns/autocook.md § The merge rule — the headline, and it is now measured	platform/mod-anatomy.md#version-dirs
#1319	MoodleFramework is whole on 42.20.4 under the same merge rule: it ships MF_ISMoodle.lua in 42.0/, 42.13/, 42.20/ and common/ but MF_Config.lua in 42.0/ and common/ only, so pass B overwrites only the moodle file and the config file, having no version-dir counterpart, survives and executes.	C	mod:3396446795/common/media/lua/client/MF_Config.lua:4 "MF.key"; mod:3396446795/42.20/media/lua/client/MF_ISMoodle.lua:1 "--UI for Moodle Framework"	snapshot 2026-09-10; derived from the merge rule, not a second measurement	settled		mechanism	docs/mods-survey/teardowns/autocook.md § The merge rule — the headline, and it is now measured	facts/other-mods/catalog.md#status
#1320	Auto Cook's only Events.*.Add is in its common tree and registers on OnPreFillInventoryObjectContextMenu, which vanilla triggers on every inventory right-click, so the live version folder holds no event registration at all and the mod's inventory row reads as inert.	C	mod:3388721641/common/media/lua/client/AutoCook_RISCookMenuInsertion.lua:117 "Events.OnPreFillInventoryObjectContextMenu.Add(onAddAutoCookContextOption)"; lua:lua/client/ISUI/ISInventoryPaneContextMenu.lua:374 "OnPreFillInventoryObjectContextMenu"	snapshot 2026-09-10	settled		mechanism	docs/mods-survey/teardowns/autocook.md § Entry points — three, all client, and the two that matter live in `common/`	facts/other-mods/autocook.md#architecture
#1321	Auto Cook's second entry point is a call to addCharacterPageTab at file load from its version tree, while the function itself is defined only in the common tree, and it wraps three ISCharacterInfoWindow methods.	C	mod:3388721641/42.13/media/lua/client/ISCharacterCook.lua:398 "addCharacterPageTab("; mod:3388721641/common/media/lua/client/ISCharacterInfoWindow_AddTab.lua:2 "function addCharacterPageTab(tabName,pageType)"	none; read 2026-09-10	settled		mechanism	docs/mods-survey/teardowns/autocook.md § Entry points — three, all client, and the two that matter live in `common/`	facts/other-mods/autocook.md#architecture
#1322	Auto Cook's third entry point runs AutoCook:init on the local player only behind isDebugEnabled, so it is dead on a normal client.	C	mod:3388721641/42.13/media/lua/client/AutoCook.lua:393-395 "isDebugEnabled()"	none; read 2026-09-10	settled		mechanism	docs/mods-survey/teardowns/autocook.md § Entry points — three, all client, and the two that matter live in `common/`	facts/other-mods/autocook.md#architecture
#1323	A common-hosted entry point with a version-folder implementation is one registration against one per-build body: Auto Cook registers its event in common/ and its handlers call into the version tree, which is how it avoids re-shipping 1 238 lines per build.	C	mod:3388721641/common/media/lua/client/AutoCook_RISCookMenuInsertion.lua:117 "Events.OnPreFillInventoryObjectContextMenu.Add(onAddAutoCookContextOption)"; mod:3388721641/42.13/media/lua/client/AutoCook.lua:96 "function AutoCook:continue()"	none; read 2026-09-10	settled		mechanism	docs/mods-survey/teardowns/autocook.md § Entry points — three, all client, and the two that matter live in `common/`; docs/mods-survey/teardowns/autocook.md § Techniques worth stealing	facts/other-mods/autocook.md#techniques
#1324	The character-info window is built at spawn with no user input -- createPlayerData instantiates it, addToUIManager reaches createChildren through instantiate, the wrapped createChildren adds the Cook view, and addChild instantiates it into ISCharacterCook:createChildren, which calls AutoCook.init -- so the mod's nested player-modData key exists the moment the window is built rather than when the tab is opened.	C	lua:lua/client/ISUI/PlayerData/ISPlayerData.lua:168 "ISPlayerDataObject:new(id)"; lua:lua/client/ISUI/ISUIElement.lua:1007 "self:createChildren();"; lua:lua/client/ISUI/ISTabPanel.lua:494 "self:addChild(view);"; mod:3388721641/common/media/lua/client/ISCharacterInfoWindow_AddTab.lua:6 "local upperLayer_ISCharacterInfoWindow_createChildren = ISCharacterInfoWindow.createChildren"; mod:3388721641/42.13/media/lua/client/AutoCook.lua:38 "player:getModData().AutoCook = {}"	none; read 2026-09-10	settled		order	docs/mods-survey/teardowns/autocook.md § Entry points — three, all client, and the two that matter live in `common/`	facts/other-mods/autocook.md#data-model
#1325	Auto Cook's data model is one 8-row table dated 2026-09-10: one nested player-modData key with eight dotted leaves written by four handlers and never transmitted by the mod, one Lua global, no sandbox options and no item or recipe scripts.	C	mod:3388721641/42.13/media/lua/client/AutoCook.lua:38 "player:getModData().AutoCook = {}"; mod:3388721641/42.13/media/lua/client/ISCharacterCook.lua:238 "self.char:getModData().AutoCook.CookMode = AutoCook.CookMode"	snapshot 2026-09-10	settled		table	docs/mods-survey/teardowns/autocook.md § Data model — one nested modData key, and on a fresh character it is empty	facts/other-mods/autocook.md#data-model
#1326	Auto Cook's AutoCraftIngredients leaf is forced false only on the load-from-modData path, which init takes when the key already exists, so it is not written at all on a character's first load.	C	mod:3388721641/42.13/media/lua/client/AutoCook.lua:45 "player:getModData().AutoCook.AutoCraftIngredients = false"	none; read 2026-09-10	settled		mechanism	docs/mods-survey/teardowns/autocook.md § Data model — one nested modData key, and on a fresh character it is empty	facts/other-mods/autocook.md#data-model
#1327	On a fresh character Auto Cook's nested modData table is empty and all eight of its dotted leaves are missing -- on the client at every snapshot and on the server from the transmit onward.	M	run:td3-20260911-001948 teardown-autocook.json snapshots[].client.autocook_keys; run:td3-20260911-001948 teardown-autocook.json snapshots[].server.autocook_keys	n=1; one session on 42.20.4, fixture default, one mod, one fresh character, one machine	settled		mechanism	docs/mods-survey/teardowns/autocook.md § Data model — one nested modData key, and on a fresh character it is empty	facts/other-mods/autocook.md#data-model
#1328	Auto Cook's live settings sit on its Lua global rather than in modData: CookMode read 1, MaxSpices read -1 and Verbose read false on the client, and a CookMode of 1 rather than 5 says the fixture character carries no Nutritionist trait.	M	run:td3-20260911-001948 teardown-autocook.json M4_globals.client	n=1; one session on 42.20.4, one fresh character; the reader never calls what it finds	settled		mechanism	docs/mods-survey/teardowns/autocook.md § Data model — one nested modData key, and on a fresh character it is empty	facts/other-mods/autocook.md#data-model
#1329	AutoCook:init creates the empty modData table on a first run and writes the Nutritionist default CookMode of 5 onto the Lua global only, never into modData, while on later runs it copies every persisted modData key onto the global -- so the settings are per client rather than per character.	C	mod:3388721641/42.13/media/lua/client/AutoCook.lua:38-41 "player:getModData().AutoCook = {}"; mod:3388721641/42.13/media/lua/client/AutoCook.lua:46-49 "for key, value in pairs(player:getModData().AutoCook) do"	none; read 2026-09-10	settled		mechanism	docs/mods-survey/teardowns/autocook.md § Data model — one nested modData key, and on a fresh character it is empty	facts/other-mods/autocook.md#data-model
#1330	Auto Cook is 10 client Lua files across both trees with 0 server and 0 shared Lua, its only shared content being four translation files, and a sweep of both trees returns zero for sendClientCommand, sendServerCommand, OnClientCommand, OnServerCommand, transmitModData, sendItemStats and SandboxVars.	C	mod:3388721641/common/mod.info:1 "name=Auto Cook"	snapshot 2026-09-10	settled		mechanism	docs/mods-survey/teardowns/autocook.md § Client / server / shared split — no server presence is now measured	facts/other-mods/autocook.md#architecture
#1331	A client-only mod registers nothing and runs no code on a dedicated server: every Auto Cook global answered resolved false server-side with failedAt naming the first segment, while the harness control answered on both sides in the same batch.	M	run:td3-20260911-001948 teardown-autocook.json M4_globals.server	n=1; one session on 42.20.4, fixture default, one mod, one machine	settled		mechanism	docs/mods-survey/teardowns/autocook.md § Client / server / shared split — no server presence is now measured	platform/mod-anatomy.md#client-only-mods
#1332	Auto Cook's version tree changes exactly three files against its common tree -- the main file by 33 lines, the auto-craft recipe file by 1 and the character tab by 3 -- and its 42/ tree contributes no Lua, so the per-build delta is three files because the merge rule lets the rest be shared.	C	mod:3388721641/42.13/media/lua/client/AutoCook.lua:245 "function AutoCook:acceptIngredient(item, baseItem, recipe, acceptsSpice)"; mod:3388721641/42.13/media/lua/client/AutoCook_AutoCraftRecipes.lua:39 "if item and item:isItemType(ItemType.Food)"	snapshot 2026-09-10; a full diff of the three shadowed files	settled		mechanism	docs/mods-survey/teardowns/autocook.md § Version history — what `42.13/` actually changed	facts/other-mods/autocook.md#architecture
#1333	Auto Cook's nested key is present in the client's player modData 1.044 s after session ready with no user input, in a table of 6 keys.	M	run:td3-20260911-001948 teardown-autocook.json snapshots[0].client.census_player.keyCount	n=1; one session on 42.20.4; the key proves only that the common tree ran and the require chain completed -- it names neither merge direction, because both copies write it at the same line	settled		mechanism	docs/mods-survey/teardowns/autocook.md § MP handling	facts/other-mods/autocook.md#data-model
#1334	Before any transmit the server holds no Auto Cook key at all: the key is missing at both the join census 3.073 s after session ready, with keyCount 0, and the late census at 42.102 s, with keyCount 4.	M	run:td3-20260911-001948 teardown-autocook.json snapshots[0..1].server.autocook_keys	n=1; one session on 42.20.4, one character	settled		mechanism	docs/mods-survey/teardowns/autocook.md § MP handling	facts/other-mods/autocook.md#mp
#1335	A client's write into player modData does not reach the server on its own: a planted client key left the server census at keyCount 4 in a bracket opening 0.51 s and closing 1.77 s after the write's acknowledgement.	M	run:td3-20260911-001948 teardown-autocook.json phase2[0].server.keyCount	n=1; one session on 42.20.4; quote the bracket rather than its far end -- the census opened 0.51 s after the ack and closed 1.77 s after it	settled		mechanism	docs/mods-survey/teardowns/autocook.md § MP handling	platform/mp-model.md#player-moddata
#1336	One transmitModData call from the client makes the server's copy of that player's modData exactly the client's: the planted probe key and the mod's nested table both crossed, the client-only hotbar key included, and the server census 2.04 s after the transmit already showed all seven keys.	M	run:td3-20260911-001948 teardown-autocook.json transmit_reading	n=2; the replace half only, corroborating one earlier session -- this run planted no server-only key, so the wipe half is not re-measured here; the crossing is bounded at under 2.04 s and nothing measures it more tightly	settled		mechanism	docs/mods-survey/teardowns/autocook.md § MP handling	platform/mp-model.md#wipe-and-replace
#1337	A nested Lua table inside player modData crosses the wire whole and carries its shape: the mod's table arrived on the server as an empty table with the same eight leaves missing.	M	run:td3-20260911-001948 teardown-autocook.json snapshots[2..3].server.autocook_keys	n=1; one session on 42.20.4, one nested table whose shape was empty	settled		mechanism	docs/mods-survey/teardowns/autocook.md § MP handling	facts/wire-packets.md#moddata-packet
#1338	The four vanilla fitness and strength keys in a player's server-side modData are written lazily -- keyCount 0 at 3.073 s after session ready and 4 at 42.102 s -- so a server keyCount is only a reading beside its wall offset.	M	run:td3-20260911-001948 teardown-autocook.json baseline_timing	n=2; reproduces an earlier session exactly; one fixture, one character, two offsets	settled		mechanism	docs/mods-survey/teardowns/autocook.md § MP handling	platform/mp-model.md#player-moddata
#1339	Auto Cook has 9 getModData sites per tree and 0 transmitModData calls, so it never puts its settings on the wire itself, yet one transmitModData by any other mod on that client pushes its whole nested table to the server.	M	run:td3-20260911-001948 teardown-autocook.json transmit_reading; mod:3388721641/42.13/media/lua/client/AutoCook.lua:38 "player:getModData().AutoCook = {}"	n=1; one session on 42.20.4; here the neighbouring transmit was the harness probe, not a second mod	settled		mechanism	docs/mods-survey/teardowns/autocook.md § MP handling	facts/other-mods/autocook.md#mp
#1340	A mod's translation JSON at a vanilla relative path costs vanilla nothing: the mod's own key answered its own text byte-exact with the trailing space intact and miss false, while two vanilla controls still answered their vanilla text.	M	run:td3-20260911-001948 teardown-autocook.json M3_translations.mod_key; run:td3-20260911-001948 teardown-autocook.json M3_translations.controls	n=1; one session on 42.20.4; non-discriminating for the merge rule, because both of this mod's translation JSONs exist only in its common tree, so no collision is being resolved	settled		mechanism	docs/mods-survey/teardowns/autocook.md § MP handling	platform/mod-anatomy.md#translations
#1341	A tag name in a driver's timeline is nominal, not a clock reading: the snapshot named three seconds after the transmit opened 7.58 s after it because the previous snapshot took 7.58 s to walk both sides, and the 1.78 s cross-side read skew at that tag is pure latency because nothing in a modData census decays.	M	run:td3-20260911-001948 teardown-autocook.json timeline	n=1; one session on 42.20.4; a reading about this driver's tags, not about the engine	settled		bound	docs/mods-survey/teardowns/autocook.md § The transmit, and what it means for a mod that never transmits	platform/harness.md#driver-rules
#1342	A server-pinned vanilla steak set to heat 1.2, below the cooking gate, and read twice 12.54 s apart stayed bit-frozen on the client at 1.2000000476837158 with cooking time 0 while the server's heat decayed to the 1.0 floor.	M	run:td3-20260911-001948 teardown-autocook.json carrier.client_read_1; run:td3-20260911-001948 teardown-autocook.json carrier.server_read_2	n=1; one arm, one item, one 12.54 s window, one fixture; the artifact's own window value of 10.0 is the requested sleep, and the 12.54 s comes from the reads' wall stamps	settled		mechanism	docs/mods-survey/teardowns/autocook.md § The carrier — pass 1's freeze and pass 2's moving copy, reconciled	platform/mp-model.md#what-a-client-copy-is
#1343	Food.update fires GameServer.sendItemStats once per game minute while its cooking branch is live, gated on isCookable and not frozen and heat strictly greater than 1.6f.	C	jar:Food.update @86-@103 L377-L379; jar:Food.update @49-@71 L372-L373	none; 42.20.4 jar b0bbce05d5; the gate is strict -- the driver's own wording of it as greater-or-equal is frozen in the artifact and is wrong	settled		mechanism	docs/mods-survey/teardowns/autocook.md § The carrier — pass 1's freeze and pass 2's moving copy, reconciled	facts/cooking-and-recipes.md#cook-block
#1344	The below-gate arm shows the client's held copy did not tick at all, and since updateTemperature runs unconditionally inside Food.update the defensible statement is that Food.update did not advance the client's held copy in this window rather than that a client copy cannot tick.	M	run:td3-20260911-001948 teardown-autocook.json carrier.reading	n=1; one item, one 12.54 s window, one fixture; frozen and non-cookable items and every other push path are untested	settled		bound	docs/mods-survey/teardowns/autocook.md § The carrier — pass 1's freeze and pass 2's moving copy, reconciled	platform/mp-model.md#walls
#1345	The pin's own push did arrive: the server-side setter fires sendItemStats on its way out and both sides read the identical 1.2000000476837158 at the first read, so the freeze is not the client never seeing the value.	M	run:td3-20260911-001948 teardown-autocook.json carrier.pin	n=1; one session on 42.20.4, one item	settled		mechanism	docs/mods-survey/teardowns/autocook.md § The carrier — pass 1's freeze and pass 2's moving copy, reconciled	platform/mp-model.md#what-a-client-copy-is
#1346	An item-scope modData census under a customName and Tooltip exclusion set read keyCount 1 on the client and 0 on the server with nothing beyond vanilla on either, reproducing that setCustomName writes customName from InventoryItem.load -- a deserialisation side effect on the side that deserialised, not mod data.	M	run:td3-20260911-001948 teardown-autocook.json carrier.item_census	n=1; one session on 42.20.4, one vanilla item; the exclusion set is item-scope and applies nowhere else	settled		mechanism	docs/mods-survey/teardowns/autocook.md § The carrier — pass 1's freeze and pass 2's moving copy, reconciled	platform/mp-model.md#item-moddata
#1347	The three weight-direction flags read false on both sides at all four snapshots, but under the weight update's neither arm only: at weight 80 the gain threshold is 1000 and the loss threshold 0, and calories ran 798.45 down to 782.90 strictly between them, an arm in which both sides answer false whether or not the client recomputes anything.	M	run:td3-20260911-001948 teardown-autocook.json snapshots[].client.nutrition; run:td3-20260911-001948 teardown-autocook.json snapshots[].server.nutrition	n=1; agreement under the trivial arm -- the character sat in the neither arm all session, so the agreement is not evidence that the flags are recomputed	settled		mechanism	docs/mods-survey/teardowns/autocook.md § The flags AutoCook actually gates on — agreement under the trivial arm, unsettled	facts/wire-packets.md#desyncs
#1348	Whether the two weight-direction flags Auto Cook's smart-spice gate reads can desync is unsettled; settling it needs a session that drives calories above 1000 or below 0 and re-reads both sides.	C	mod:3388721641/42.13/media/lua/client/AutoCook.lua:214-219 "local nutrition = self.playerObj:getNutrition();"; jar:Nutrition.updateWeight	inference; the desync risk follows from the flags being absent from the player packet, and no session has driven the character out of the neither arm	open		open	docs/mods-survey/teardowns/autocook.md § The flags AutoCook actually gates on — agreement under the trivial arm, unsettled	facts/wire-packets.md#open
#1349	Auto Cook reads server-owned state at 7 sites, all of them on the client: the five nutrition macros and three weight-direction flags for the smart-spice gate, the nutritionist filter and the tab's warnings, the two diet comparators, the freshness getters, the leftovers getters, and one script-item read.	C	mod:3388721641/42.13/media/lua/client/AutoCook.lua:214-219 "local nutrition = self.playerObj:getNutrition();"; mod:3388721641/common/media/lua/client/AutoCook_Diets.lua:83 "local protein = playerObj:getNutrition():getProteins();"	snapshot 2026-09-10	settled		table	docs/mods-survey/teardowns/autocook.md § What else it reads that the server owns	facts/other-mods/autocook.md#mp
#1350	Auto Cook's freshness and leftovers diets rank ingredients on item fields that on a dedicated server may be the last pushed values rather than live ones, because the age getters never cross the wire and a held item's live fields move on a client only while something is pushing them.	C	mod:3388721641/common/media/lua/client/AutoCook_Diets.lua:5-11 "local age = leftItem:getAge();"; mod:3388721641/common/media/lua/client/AutoCook_Diets.lua:32-35 "local leftHunger = leftItem:getHungChange();"	inference; the consequence is our reasoning from the packet's field list and the carrier reading, not a measurement of the diets, which were never run	settled		mechanism	docs/mods-survey/teardowns/autocook.md § What else it reads that the server owns	facts/other-mods/autocook.md#mp
#1351	Auto Cook's auto-craft filter reads the hunger change off a script item rather than an instance, so that value is identical on both sides for free.	C	mod:3388721641/42.13/media/lua/client/AutoCook_AutoCraftRecipes.lua:39 "if item and item:isItemType(ItemType.Food)"	none; read 2026-09-10	settled		mechanism	docs/mods-survey/teardowns/autocook.md § What else it reads that the server owns	facts/other-mods/autocook.md#mp
#1352	Every decision Auto Cook takes is taken on the client from its mirror of server-authoritative state, and because the nutrition store is pushed at 1 Hz and at eat time the macro reads are right and late by under a second.	C	mod:3388721641/42.13/media/lua/client/AutoCook.lua:329-346 "local nutrition = self.playerObj:getNutrition();"	C-only; the mod's own code path was read, not run	settled		mechanism	docs/mods-survey/teardowns/autocook.md § What else it reads that the server owns	facts/other-mods/autocook.md#mp
#1353	Splitting a mod across common/ plus a version folder keeps the per-build delta small -- this mod's B42 port is three files and about 40 lines while the other seven files and 1 238 lines are shared across every build it supports -- and the dependency to write down is that the common copy of any shadowed file is dead code on that build and can rot silently.	C	mod:3388721641/common/mod.info:1 "name=Auto Cook"; mod:3388721641/42.13/media/lua/client/AutoCook.lua:245 "function AutoCook:acceptIngredient(item, baseItem, recipe, acceptsSpice)"	snapshot 2026-09-10	settled		rule	docs/mods-survey/teardowns/autocook.md § Techniques worth stealing	facts/other-mods/autocook.md#techniques
#1354	Queueing the game's own timed action instead of reimplementing it inherits every multiplayer guarantee the vanilla action already has: this mod builds a real add-item-in-recipe action and a one-tick continuation that calls back for the next ingredient, so cooking time, interruption and the crafting rules stay vanilla's.	C	mod:3388721641/42.13/media/lua/client/AutoCook.lua:96-179 "function AutoCook:continue()"; mod:3388721641/common/media/lua/client/ISContinue.lua:4 "ISContinue = ISBaseTimedAction:derive("	none; read 2026-09-10	settled		rule	docs/mods-survey/teardowns/autocook.md § Techniques worth stealing	facts/other-mods/autocook.md#techniques
#1355	A vendor-prefixed translation key is a load probe for a mod that ships no scripts and writes no server state: vanilla declares zero keys with this mod's prefix and a translation miss returns the key itself, so a client-side text lookup expecting the mod's own value cannot pass on a mod-absent run.	C	mod:3388721641/common/media/lua/shared/Translate/EN/UI.json:5 "UI_AutoCookMode"; repo:testing/profiles/teardown-autocook.toml:30-33 "defines ZERO UI_AutoCook* keys and a MISS returns the key itself"	none; read 2026-09-10	settled		rule	docs/mods-survey/teardowns/autocook.md § Techniques worth stealing	facts/other-mods/autocook.md#techniques
#1356	Save-and-call wrapping of a vanilla UI method composes with any other mod that adds a tab, which a wholesale replacement would not.	C	mod:3388721641/common/media/lua/client/ISCharacterInfoWindow_AddTab.lua:6-14 "local upperLayer_ISCharacterInfoWindow_createChildren = ISCharacterInfoWindow.createChildren"	none; read 2026-09-10; take the shape and not the non-idempotence	settled		rule	docs/mods-survey/teardowns/autocook.md § Techniques worth stealing	facts/other-mods/autocook.md#techniques
#1357	A generic tab registrar keyed on the tab name's two translation keys makes adding a character page one call, which is a de-facto public extension point.	C	mod:3388721641/common/media/lua/client/ISCharacterInfoWindow_AddTab.lua:12-13 "self[viewName].infoText = getText("	none; read 2026-09-10; the registrar is an unnamespaced global, which is the pitfall beside it	settled		rule	docs/mods-survey/teardowns/autocook.md § Techniques worth stealing	facts/other-mods/autocook.md#techniques
#1358	Auto Cook's common tree carries four calls to members 42.20.4 removed -- three to the string-argument trait test and one to the item type-string getter -- none of them at file scope, so a common-wins state would not die at file load but when the character-info window is built at spawn, where the tab's createChildren reaches three of the four.	C	mod:3388721641/common/media/lua/client/AutoCook.lua:39 "if player:HasTrait("; mod:3388721641/common/media/lua/client/ISCharacterCook.lua:50 "local isNutritionist = self.char:HasTrait("; mod:3388721641/common/media/lua/client/AutoCook_AutoCraftRecipes.lua:39 "if item and item:getTypeString()"	none; read 2026-09-10; harmless only because the version folder wins, which no line of the mod asserts	settled		mechanism	docs/mods-survey/teardowns/autocook.md § Pitfalls / anti-patterns	facts/other-mods/autocook.md#pitfalls
#1359	Encoding a decision in a nil return breaks when the caller's fallback is take whatever is next: this mod's diet comparator returns nil to avoid over-protein, and on the next iteration the guard is false so control falls to the branch that accepts the next candidate outright with no comparison at all.	C	mod:3388721641/common/media/lua/client/AutoCook_Diets.lua:104 "return nil--do not eat then to avoid overprotein"; mod:3388721641/42.13/media/lua/client/AutoCook.lua:304 "evoItem = self:selectPreferedFood(evoItem,item);"	none; read 2026-09-10	settled		mechanism	docs/mods-survey/teardowns/autocook.md § Pitfalls / anti-patterns	facts/other-mods/autocook.md#pitfalls
#1360	Three vanilla UI wrappers in this mod each capture the current value into a local and replace the method, so a second execution of the file or a second registrar call stacks a second wrapper: two Cook tabs, and the tab name appended twice to the saved layout.	C	mod:3388721641/common/media/lua/client/ISCharacterInfoWindow_AddTab.lua:6-14 "local upperLayer_ISCharacterInfoWindow_createChildren = ISCharacterInfoWindow.createChildren"; mod:3388721641/common/media/lua/client/ISCharacterInfoWindow_AddTab.lua:16-23 "local upperLayer_ISCharacterInfoWindow_onTabTornOff = ISCharacterInfoWindow.onTabTornOff"; mod:3388721641/common/media/lua/client/ISCharacterInfoWindow_AddTab.lua:29-48 "local upperLayer_ISCharacterInfoWindow_SaveLayout = ISCharacterInfoWindow.SaveLayout"	none; read 2026-09-10; the only in-game route to a second execution is a Lua reload, which the measured session ran under an explicit no-reload constraint	settled		mechanism	docs/mods-survey/teardowns/autocook.md § Pitfalls / anti-patterns	facts/other-mods/autocook.md#pitfalls
#1361	Auto Cook defines four bare globals, none of which collides with vanilla, and the tab registrar is the sharp one: any other mod defining a function of that name replaces this one wholesale, and this mod's own call site would then run the other mod's implementation.	C	mod:3388721641/common/media/lua/client/ISCharacterInfoWindow_AddTab.lua:2 "function addCharacterPageTab(tabName,pageType)"; mod:3388721641/common/media/lua/client/ISContinue.lua:4 "ISContinue = ISBaseTimedAction:derive("	snapshot 2026-09-10; all four checked absent from the game's whole Lua tree	settled		mechanism	docs/mods-survey/teardowns/autocook.md § Pitfalls / anti-patterns	facts/other-mods/autocook.md#pitfalls
#1362	Auto Cook's init copies every persisted modData key onto a Lua global, so a second character on the same client inherits the first one's diet until its own init runs, and the Nutritionist default is written to the global only and is therefore re-derived every load and silently lost as a persisted value.	C	mod:3388721641/42.13/media/lua/client/AutoCook.lua:46-49 "for key, value in pairs(player:getModData().AutoCook) do"; mod:3388721641/42.13/media/lua/client/AutoCook.lua:38-41 "player:getModData().AutoCook = {}"	none; read 2026-09-10; the measured corollary is that a fresh character's table is empty, so a modData census of this mod reads as installed and unconfigured whatever the player picked before	settled		mechanism	docs/mods-survey/teardowns/autocook.md § Pitfalls / anti-patterns	facts/other-mods/autocook.md#pitfalls
#1363	Auto Cook carries about fifty lines of crafting path behind a flag hard-disabled at file scope and re-forced in init, with its tick box commented out, and beside it four inert code defects: a method declared with no parameters but called with an argument, an init invoked with a dot on a method declared with a colon, and an unparenthesised and-or that means the recipe enabled test is never consulted on a non-debug client.	C	mod:3388721641/42.13/media/lua/client/AutoCook.lua:24 "AutoCook.AutoCraftIngredients = false--broken, deactivated"; mod:3388721641/42.13/media/lua/client/AutoCook.lua:211 "function AutoCook:allowSpice()"; mod:3388721641/common/media/lua/client/AutoCook_AutoCraftRecipes.lua:10 "if recipe:isEnabled() and isDebugEnabled() or not recipe:isDebugOnly()"	none; read 2026-09-10; cosmetic, recorded because it reads like a live feature	settled		mechanism	docs/mods-survey/teardowns/autocook.md § Pitfalls / anti-patterns	facts/other-mods/autocook.md#pitfalls
#1364	Auto Cook ships two B41-layout translation text files carrying the same 38 strings as its live JSON pair, about 5 KB of inert weight that 42.20.4 never parses, because the Translator opens .json and nothing else.	C	jar:Translator.tryFillMapFromFile @4-@29 L357-L358; mod:3388721641/common/media/lua/shared/Translate/EN/UI.json:5 "UI_AutoCookMode"	none; read 2026-09-10; the risk is a maintainer editing the wrong one	settled		mechanism	docs/mods-survey/teardowns/autocook.md § Pitfalls / anti-patterns	facts/other-mods/autocook.md#pitfalls
#1365	Load order is irrelevant to whether Auto Cook works and the mod declares no order at all; its one ordering-sensitive surface is outbound, because two mods both defining the tab registrar collide on the name and the later loader wins.	C	mod:3388721641/common/mod.info:1-9 "name=Auto Cook"; mod:3388721641/common/media/lua/client/ISCharacterInfoWindow_AddTab.lua:2 "function addCharacterPageTab(tabName,pageType)"	none; read 2026-09-10	settled		mechanism	docs/mods-survey/teardowns/autocook.md § Compatibility notes	facts/other-mods/autocook.md#compat
#1366	Auto Cook patches three vanilla Lua methods, all on the character info window, and no Java surface, no script blocks and zero vanilla script-block redefinitions, because it ships no scripts at all.	C	lua:lua/client/XpSystem/ISUI/ISCharacterInfoWindow.lua:103 "function ISCharacterInfoWindow:createChildren()"	snapshot 2026-09-10	settled		mechanism	docs/mods-survey/teardowns/autocook.md § Compatibility notes	facts/other-mods/autocook.md#compat
#1367	CleanUI ships no copy of the character info window in any of its trees and never mentions the tab registrar's name, so Auto Cook's three wrappers have nothing to fight; what it does replace is Auto Cook's only entry point, the inventory context-menu file, which exists in only 3 of its 7 trees, so on a 42.12 to 42.14 resolution the collision does not arise.	C	mod:3437629766/42.19/media/lua/client/ISUI/ISInventoryPaneContextMenu.lua:669 "CleanUI_safeTriggerInventoryContextEvent"	snapshot 2026-09-11; a cold read of CleanUI, whole item, with no run booting the two mods together	settled		mechanism	docs/mods-survey/teardowns/autocook.md § Compatibility notes	facts/other-mods/autocook.md#compat
#1368	The load-order question between the two dissolves: the file-map put is unconditional and only one mod in the corpus sits at that relative path, so its copy wins in both mod orders, and because the Lua load list runs vanilla's block first the surviving entry is vanilla's slot resolved through the file map, which means that mod's bytes execute before every mod file.	C	jar:ZomboidFileSystem.loadMod @396-@407 L773; jar:LuaManager.LoadDirBase @371-@373	none; 42.20.4 jar b0bbce05d5; order would matter only if a second mod shipped the same path, and none in the corpus does	settled		mechanism	docs/mods-survey/teardowns/autocook.md § Compatibility notes	platform/loader-and-scripts.md#path-collisions
#1369	Because pcall does contain a Kahlua nil call, CleanUI's pcall-wrapped event trigger contains a raising listener, so with that mod resident a raising listener on the inventory context-menu event shows as that mod's own printed failure line rather than a raw Lua error and a driver's nil-call regex must add it.	C	mod:3437629766/42.19/media/lua/client/ISUI/ISInventoryPaneContextMenu.lua:25-33 "local function CleanUI_safeTriggerInventoryContextEvent(eventName, ...)"	C-only; the pcall rule and its bounds are owned elsewhere; no run booted the two mods together, and the settling check is a three-mod profile booted twice with the two mod orders	settled		mechanism	docs/mods-survey/teardowns/autocook.md § Compatibility notes	facts/other-mods/autocook.md#compat
#1370	A raising listener escapes CleanUI's pcall-wrapped event trigger, because a Kahlua nil call cannot be caught.	C	mod:3437629766/42.19/media/lua/client/ISUI/ISInventoryPaneContextMenu.lua:25-33 "local function CleanUI_safeTriggerInventoryContextEvent(eventName, ...)"	C-only; the reading this teardown made before the 2026-09-17 correction	superseded	#1369	mechanism	docs/mods-survey/teardowns/autocook.md § Compatibility notes	
#1371	CleanUI's copy of the inventory context-menu file is a fork of a 42.19 vanilla file, so it silently reverts any vanilla change to that menu made since, for every mod on that event rather than only for this one.	C	mod:3437629766/42.19/media/lua/client/ISUI/ISInventoryPaneContextMenu.lua:669 "CleanUI_safeTriggerInventoryContextEvent"	snapshot 2026-09-11; a cold read of the item, with no run booting the two mods together	settled		mechanism	docs/mods-survey/teardowns/autocook.md § Compatibility notes	facts/other-mods/autocook.md#compat
#1372	Auto Cook carries an explicit compatibility shim for a mod not in the corpus: a require of a file that ships with that mod, inside a file-scope conditional on the mod being active, which makes it a load-order-sensitive require; the guard itself is the same call vanilla makes and the branch is dead here.	C	mod:3388721641/common/media/lua/client/AutoCook_RISCookMenuInsertion.lua:4-6 "if ActiveMods.getById("	none; read 2026-09-10	settled		mechanism	docs/mods-survey/teardowns/autocook.md § Compatibility notes	facts/other-mods/autocook.md#compat
#1373	The mod-folder acceptance test checks the common mod.info first: getAllModFoldersAux accepts a folder as a mod when its common mod.info exists or its version-dir mod.info does, and only then resolves the two media roots.	C	jar:ZomboidFileSystem.getAllModFoldersAux @124-151 L602; jar:ZomboidFileSystem.getAllModFoldersAux @200-219 L607; jar:ZomboidFileSystem.getAllModFoldersAux @221-239 L608	none; 42.20.4 jar b0bbce05d5; this is the folder-acceptance test, not the id read	settled		mechanism	docs/mods-survey/teardowns/autocook.md § Compatibility notes	platform/mod-anatomy.md#mod-discovery
#1374	searchForModInfo returns the first mod.info whose id matches the requested id, in directory-listing order, rather than simply the first mod.info found, and every file passed over is still registered into the id-to-directory map and appended to the caller's list.	C	jar:ZomboidFileSystem.searchForModInfo L708-L735	none; 42.20.4 jar b0bbce05d5	settled		mechanism	docs/mods-survey/teardowns/autocook.md § Compatibility notes	platform/mod-anatomy.md#id-chain
#1375	Which mod.info supplies a mod's id when the mod ships more than one is not settled; Auto Cook ships exactly one and cannot discriminate, so no id-read order may be stated on its strength.	C	jar:ZomboidFileSystem.searchForModInfo L708-L735	C-only; one subject, and that subject cannot discriminate	open		open	docs/mods-survey/teardowns/autocook.md § Compatibility notes	platform/mod-anatomy.md#open
#1376	mod_lint's mod-info-place warning asserted that B42 reads the version folder first, an engine read order the jar contradicts at the folder-acceptance call site.	C	repo:tools/mod_lint.py:16 "mod-info-place"	C-only; the warning text as this teardown read it on 2026-09-10, replaced in slice 10's final fix wave	superseded	#1373	tool	docs/mods-survey/teardowns/autocook.md § Compatibility notes	
#1377	Auto Cook adds no items, no recipes, no script blocks and no sandbox options, so a rebalance of vanilla food macros changes what it chooses and nothing it defines; the coupling runs the other way, because a nutrition mod must not break the evolved-recipe lookup, the recipe item and cookable tests, the spice rule or the five macros and three direction flags it reads, and new mod nutrients will be invisible to its diets.	C	mod:3388721641/common/media/lua/client/AutoCook_RISCookMenuInsertion.lua:9 "RecipeManager.getEvolvedRecipe"; mod:3388721641/42.13/media/lua/client/AutoCook.lua:214-219 "local nutrition = self.playerObj:getNutrition();"	snapshot 2026-09-10	settled		mechanism	docs/mods-survey/teardowns/autocook.md § Compatibility notes	facts/other-mods/autocook.md#compat
#1378	Auto Cook's cooking pipeline was never reached by any run: its only entry is a context-menu option whose handler runs on a right-click, and nothing on the shipped bus clicks, presses a key or calls a trigger, so the item chooser, the food filter, the spice gate, the acceptance test and all five diets stay code readings.	C	mod:3388721641/common/media/lua/client/AutoCook_RISCookMenuInsertion.lua:87 "local option = context:addOption(getText("	C-only; what the session measured is the load-time state and the read side, never the pipeline	settled		bound	docs/mods-survey/teardowns/autocook.md § Verdict for our mod	facts/other-mods/autocook.md#open
#1379	Long Term Preservation is workshop item 3774789651, one mod, declaring the id SKITTLE_LongTermPreservation4220 in a folder named LongTermPreservation4220 -- a whole-prefix drift -- so the declared id is what a Mods= line must carry and the folder name resolves to nothing.	C	mod:3774789651/42.20/mod.info:2 "id=SKITTLE_LongTermPreservation4220"	snapshot 2026-09-10; one item read cold	settled		mechanism	docs/mods-survey/teardowns/longtermpreservation4220.md § Teardown: Long Term Preservation [42.20] (`SKITTLE_LongTermPreservation4220`)	facts/other-mods/longtermpreservation.md#architecture
#1380	Long Term Preservation ships a single version folder and no common tree, and all 52 of its files carry one mtime -- a Steam download stamp, not an update history -- over 239 131 bytes of which one poster and two art files are 188 245, or 79 per cent.	C	mod:3774789651/42.20/mod.info:2 "id=SKITTLE_LongTermPreservation4220"; data:data/mod-inventory.json swept 2026-09-10 17:47	snapshot 2026-09-10; a census of one item as installed, and the workshop corpus drifts	settled		mechanism	docs/mods-survey/teardowns/longtermpreservation4220.md § Teardown: Long Term Preservation [42.20] (`SKITTLE_LongTermPreservation4220`)	facts/other-mods/longtermpreservation.md#architecture
#1381	Long Term Preservation ships no licence or readme file and its fetched Workshop record carries no licence field, so its permissions posture is default Steam Workshop terms: read it, do not vendor it.	W	web:data/workshop-catalog-details.json 2026-09-10 17:46	snapshot 2026-09-10; a Workshop page fetch, not a licence statement; the mod describes itself as a community re-upload	settled		rule	docs/mods-survey/teardowns/longtermpreservation4220.md § Teardown: Long Term Preservation [42.20] (`SKITTLE_LongTermPreservation4220`)	facts/other-mods/longtermpreservation.md#compat
#1382	Salting and drying turns one raw meat and five salt into a cured twin that keeps 53 days fresh and 60 days to totally rotten, against the 2 and 4 of its vanilla input.	C	mod:3774789651/42.20/media/scripts/recipes/recipe_cured.txt:8 "craftRecipe MakeCuredMeat"; mod:3774789651/42.20/media/scripts/items/items_dried.txt:23-24 "DaysFresh = 53,"; data:data/food-items.json swept 2026-09-10	none; read 2026-09-10	settled		mechanism	docs/mods-survey/teardowns/longtermpreservation4220.md § What it does (player-facing)	facts/other-mods/longtermpreservation.md#what-it-does
#1383	The mod also jars four meats vanilla does not cover by cloning vanilla's own jar recipes with the same Java create statics and the same times, adds pemmican, rendered lard, mashed berries and jam, and adds a foraged salt rock plus a mortar-and-pestle recipe that crushes it into vanilla salt.	C	mod:3774789651/42.20/media/scripts/recipes/recipe_cured.txt:74 "craftRecipe MakeJarredMeat"; mod:3774789651/42.20/media/scripts/recipes/recipe_cured.txt:131 "craftRecipe CrushSaltRock"; mod:3774789651/42.20/media/lua/shared/Foraging/forageable_items.lua:3-25 "local function onAddForageDefs(forageSystem)"	none; read 2026-09-10	settled		mechanism	docs/mods-survey/teardowns/longtermpreservation4220.md § What it does (player-facing)	facts/other-mods/longtermpreservation.md#what-it-does
#1384	Cooking a cured meat makes it non-perishable and 30 per cent less nutritious, and cooking a jar re-bases its age onto a 180-day window with a 150-day fresh point.	C	mod:3774789651/42.20/media/lua/server/recipe_meats.lua:34-53 "function OnCookedTest(meatToChange)"; mod:3774789651/42.20/media/lua/server/recipe_meats.lua:56-61 "function CannedFood_OnCooked(cannedFood)"	none; read 2026-09-10	settled		mechanism	docs/mods-survey/teardowns/longtermpreservation4220.md § What it does (player-facing)	facts/other-mods/longtermpreservation.md#what-it-does
#1385	Long Term Preservation's architecture is a 6-row file table dated 2026-09-10: 89 Lua lines over two files, three script files of 412, 186 and 16 lines, and three translation files in 13 language trees, with 36 of its 44 text files ending without a terminating newline.	C	mod:3774789651/42.20/media/lua/server/recipe_meats.lua:34 "function OnCookedTest(meatToChange)"; mod:3774789651/42.20/media/scripts/items/items_dried.txt:1 "module Skittles"	snapshot 2026-09-10; line counts are real last-line numbers, so a newline-counting tool reads one lower	settled		table	docs/mods-survey/teardowns/longtermpreservation4220.md § Architecture	facts/other-mods/longtermpreservation.md#architecture
#1386	All seven of the mod's Lua globals and every nutrition write it makes live in its server tree, its shared tree holds only the forage definition and the translations, and there is no client tree at all.	C	mod:3774789651/42.20/media/lua/server/recipe_meats.lua:34 "function OnCookedTest(meatToChange)"; mod:3774789651/42.20/media/lua/shared/Foraging/forageable_items.lua:3 "local function onAddForageDefs(forageSystem)"	none; read 2026-09-10	settled		mechanism	docs/mods-survey/teardowns/longtermpreservation4220.md § Architecture	facts/other-mods/longtermpreservation.md#architecture
#1387	The mod's entire event surface is one registration on the forage-definition event, made after requiring vanilla's own forage system, which registers one forageable with a snow chance of -50, 8 zones and 2 experience.	C	mod:3774789651/42.20/media/lua/shared/Foraging/forageable_items.lua:28 "Events.onAddForageDefs.Add(onAddForageDefs)"; mod:3774789651/42.20/media/lua/shared/Foraging/forageable_items.lua:3-25 "local function onAddForageDefs(forageSystem)"	none; read 2026-09-10	settled		mechanism	docs/mods-survey/teardowns/longtermpreservation4220.md § Architecture	facts/other-mods/longtermpreservation.md#architecture
#1388	Everything else dispatches from script into Lua at 15 sites -- a cook hook on 4 cured meats and 8 jar items plus three recipe create and test keys -- while two further script keys call Java statics directly, and the mod has no timed action, no context menu, no derived action and no method on a vanilla class anywhere.	C	mod:3774789651/42.20/media/scripts/items/items_dried.txt:22 "OnCooked = OnCookedTest,"; mod:3774789651/42.20/media/scripts/recipes/recipe_cured.txt:12-13 "onCreate = AdjustStates,"; mod:3774789651/42.20/media/scripts/recipes/recipe_cured.txt:78 "OnCreate = RecipeCodeOnCreate.makeJar,"	none; read 2026-09-10; both Java statics confirmed present on 42.20.4 from a method dump	settled		mechanism	docs/mods-survey/teardowns/longtermpreservation4220.md § Architecture	facts/other-mods/longtermpreservation.md#architecture
#1389	Long Term Preservation keeps no mod state of the usual kind: zero modData reads or writes, zero sandbox references, zero command-bus sites and zero player-nutrition reads across the whole live tree, so all of its state lives in one inventory item's own Java fields, written by the two cook hooks.	C	mod:3774789651/42.20/media/lua/server/recipe_meats.lua:34-53 "function OnCookedTest(meatToChange)"	snapshot 2026-09-10; a sweep of the whole live tree	settled		mechanism	docs/mods-survey/teardowns/longtermpreservation4220.md § Architecture	facts/other-mods/longtermpreservation.md#architecture
#1390	The cured-meat cook hook is an 11-setter, four-print table dated 2026-09-10 in which the four macros and the raw hunger field are carried by the item packet, the actual weight is carried through the unmodded getter, and the cookable flag, the two age-window sentinels, the plain weight and the custom-weight flag are not.	C	mod:3774789651/42.20/media/lua/server/recipe_meats.lua:34-53 "function OnCookedTest(meatToChange)"; jar:ItemStatsPacket.write	snapshot 2026-09-10; packet membership read off the packet's constant pool, re-dumped 2026-09-10	settled		table	docs/mods-survey/teardowns/longtermpreservation4220.md § Architecture	facts/other-mods/longtermpreservation.md#architecture
#1391	The jar cook hook writes only an age maximum of 180, an age-off point of 150 and an age derived from the new maximum, and not one of those three fields is in the item packet, so the jarring half of the mod writes nothing a client can ever learn.	C	mod:3774789651/42.20/media/lua/server/recipe_meats.lua:56-61 "function CannedFood_OnCooked(cannedFood)"; jar:ItemStatsPacket.write	none; read 2026-09-10	settled		mechanism	docs/mods-survey/teardowns/longtermpreservation4220.md § Architecture	facts/other-mods/longtermpreservation.md#architecture
#1392	The jar hook's double read of the age maximum is deliberate rather than a bug: computing the aged fraction against the old maximum, setting the new maximum, then setting the age from the new one preserves the fraction, so a jar at 10 per cent of its old life comes out at 18 days of a 180-day life.	C	mod:3774789651/42.20/media/lua/server/recipe_meats.lua:57 "local aged = cannedFood:getAge() / cannedFood:getOffAgeMax();"	arith.; the 18-day figure is the fraction applied to the new window, not a measurement	settled		mechanism	docs/mods-survey/teardowns/longtermpreservation4220.md § Architecture	facts/other-mods/longtermpreservation.md#architecture
#1393	Script data loads per side and never crosses the wire: an item script read on the server and on the client came back identical field for field -- hunger change -60, thirst change 20, 53 days fresh, 60 days to rotten, cookable true, 300 minutes to cook and 900 to burn -- differing only in which side answered.	M	run:td1-20260910-192457 teardown-longtermpreservation4220.json item_script	n=1; one session on 42.20.4, fixture default, one mod, one item, one player, one cook transition; every float on this run's bus arrived rounded to six decimals	settled		mechanism	docs/mods-survey/teardowns/longtermpreservation4220.md § Architecture	platform/loader-and-scripts.md#per-side-load
#1394	The cook-hook dispatch inside Food.update is not server-gated, so a client that drove its own copy of a modded item to the cook transition would call a nil Lua function; neither session reached that state, because the client's copy never reached the transition, so the behaviour stays unmeasured.	C	jar:Food.update @627-@718 L462-L467	C-only; both sessions' clients held zero hook prints and zero nil-call lines, which is consistent with the client never reaching the transition rather than with the call being safe	settled		mechanism	docs/mods-survey/teardowns/longtermpreservation4220.md § Architecture	platform/lua-platform.md#script-hooks
#1395	Food.update carries two server-guarded item-stats pushes inside its cooking block, one before the cook transition and one after it, and a third outside that block at the end of the tainted-water boiling branch where a cooking time past 10 clears the tainted flag.	C	jar:Food.update @94-@101 L378-379; jar:Food.update @916-@923 L499-500; jar:Food.update @1245-@1252 L535-536	none; 42.20.4 jar b0bbce05d5	settled		mechanism	docs/mods-survey/teardowns/longtermpreservation4220.md § MP handling	platform/mp-model.md#routes-server-to-client
#1396	The item-stats packet puts 43 fields on the wire of which 39 are item state; the other four are a container id and an item id for addressing and two presence flags, none of them ever applied to the receiving item.	C	jar:ItemStatsPacket.setData; jar:ItemStatsPacket.write	none; 42.20.4 jar b0bbce05d5, dumped 2026-09-10	settled		mechanism	docs/mods-survey/teardowns/longtermpreservation4220.md § MP handling	facts/wire-packets.md#item-stats-packet
#1397	The item-stats packet's field list is a 43-name table dumped from the packet's write method on 2026-09-10, covering condition, heat, cooking time, the four macros, the raw hunger and thirst fields, the burn and cook minute fields, the fluid and food presence flags and the addressing pair.	C	jar:ItemStatsPacket.write	snapshot 2026-09-10; a dump of one build's packet, 42.20.4 b0bbce05d5	settled		table	docs/mods-survey/teardowns/longtermpreservation4220.md § MP handling	facts/wire-packets.md#item-stats-packet
#1398	Nine item fields are absent from all 43 packet names: the cookable flag, the plain weight, the custom-weight flag, the age, the two age-window fields, the last-aged stamp, the freezing time and the rotten flag.	C	jar:ItemStatsPacket.write	none; 42.20.4 jar b0bbce05d5, dumped 2026-09-10	settled		mechanism	docs/mods-survey/teardowns/longtermpreservation4220.md § MP handling	facts/wire-packets.md#item-stats-packet
#1399	The four macros travel: after a server-side cook hook multiplied them by 0.70 the server read calories 210, proteins 35, lipids 8.4 and carbohydrates 0 and the client read the same four values, the carbohydrate row carrying no information because 0.70 of 0 is 0.	M	run:td1-20260910-192457 teardown-longtermpreservation4220.json comparisons[2]	n=1; one session on 42.20.4, fixture default, one mod item, one cook transition; synced at the bus's resolution of six decimals, never bit-equal	settled		mechanism	docs/mods-survey/teardowns/longtermpreservation4220.md § MP handling	facts/wire-packets.md#desyncs
#1400	The raw hunger field travels and each side ladders it once: the server and the client both read the raw field at -0.42 and both read the derived getter at -0.546, which is the correct shape.	M	run:td1-20260910-192457 teardown-longtermpreservation4220.json comparisons[2]	n=1; one session on 42.20.4, one mod item; synced at the bus's resolution of six decimals	settled		mechanism	docs/mods-survey/teardowns/longtermpreservation4220.md § MP handling	facts/wire-packets.md#item-stats-packet
#1401	The two age-window fields desync whole: after the cook hook wrote the never-ages sentinel of 1 000 000 000 to both, the client still read 53 and 60, differences of 999 999 947 and 999 999 940, so the client still thinks the meat spoils.	M	run:td1-20260910-192457 teardown-longtermpreservation4220.json comparisons[2]	n=1; one session on 42.20.4, one mod item, one cook transition	settled		mechanism	docs/mods-survey/teardowns/longtermpreservation4220.md § MP handling	facts/wire-packets.md#desyncs
#1402	The cookable flag desyncs: the server went true to false while the client stayed true, so the client's copy will re-enter the cooking block whenever it does tick.	M	run:td1-20260910-192457 teardown-longtermpreservation4220.json comparisons[2]	n=1; one session on 42.20.4, one mod item, one cook transition	settled		mechanism	docs/mods-survey/teardowns/longtermpreservation4220.md § MP handling	facts/wire-packets.md#desyncs
#1403	The custom-weight flag desyncs: the server went false to true while the client stayed false, and it is the field that makes the two weight readings legible.	M	run:td1-20260910-192457 teardown-longtermpreservation4220.json comparisons[2]	n=1; one session on 42.20.4, one mod item, one cook transition	settled		mechanism	docs/mods-survey/teardowns/longtermpreservation4220.md § MP handling	facts/wire-packets.md#desyncs
#1404	The actual weight read 0 on the server and 0.35 on the client after the cook, a gap of 0.35, and the mod's 30 per cent cut is discarded on the authoritative side rather than merely desynced -- a reading that falsified the prediction of both sides settling at about 0.35.	M	run:td1-20260910-192457 teardown-longtermpreservation4220.json comparisons[2]; run:td1b-20260910-202029 teardown-longtermpreservation4220-followup.json weight_reads[]	n=2; two sessions on 42.20.4, one mod item; every float on both runs' buses arrived rounded to six decimals	settled		mechanism	docs/mods-survey/teardowns/longtermpreservation4220.md § MP handling	facts/wire-packets.md#desyncs
#1405	The unmodded actual weight reads 0 on both sides before any cooking as well as after it, so that 0 is the display-name guard rather than a cook effect.	M	run:td1b-20260910-202029 teardown-longtermpreservation4220-followup.json weight_reads[]	n=2; two sessions on 42.20.4, one mod item and one vanilla control; floats rounded to six decimals	settled		mechanism	docs/mods-survey/teardowns/longtermpreservation4220.md § MP handling	facts/wire-packets.md#desyncs
#1406	The plain weight is uncarried and not desynced: both sides read 0.5 after the cook, so not carried is not the same as desynced and the observable desyncs on this item are four rather than five.	M	run:td1-20260910-192457 teardown-longtermpreservation4220.json comparisons[2]	n=1; one session on 42.20.4, one mod item; floats rounded to six decimals	settled		mechanism	docs/mods-survey/teardowns/longtermpreservation4220.md § MP handling	facts/wire-packets.md#desyncs
#1407	A cooked food's thirst halves on every server-to-client hop: after the transition the server read 0.1 and the client 0.05, a difference of 0.05 on a field the mod never touches.	M	run:td1-20260910-192457 teardown-longtermpreservation4220.json comparisons[2]	n=1; one session on 42.20.4, one mod item; a vanilla defect, surfaced by any mod that cooks anything in multiplayer	settled		mechanism	docs/mods-survey/teardowns/longtermpreservation4220.md § MP handling	facts/wire-packets.md#cooked-thirst
#1408	The item packet sends the cooked-ladder thirst getter, which halves a cooked food's value, and the receiver stores it with the raw setter, so the receiving side's own getter ladders it a second time; the hunger field does not have this problem because the packet reads the raw field.	C	jar:Food.getThirstChange @0-@30 L1866-L1875; jar:ItemStatsPacket.setData @299; jar:ItemStatsPacket.applyItemStats @188	none; 42.20.4 jar b0bbce05d5	settled		mechanism	docs/mods-survey/teardowns/longtermpreservation4220.md § MP handling	facts/wire-packets.md#cooked-thirst
#1409	The cooked-thirst halving is one halving per server-to-client hop and it converges rather than compounding: a deliberate second push left the client at 0.05 with the server unchanged at 0.1.	M	run:td1b-20260910-202029 teardown-longtermpreservation4220-followup.json thirst_hops	n=1; one session on 42.20.4, one mod item, two pushes; compounding would need a client-to-server item-stats hop, which is a silent no-op	settled		mechanism	docs/mods-survey/teardowns/longtermpreservation4220.md § MP handling	facts/wire-packets.md#cooked-thirst
#1410	The cooked flag, the cooking time and the two minute fields are synced: the client's cooked true is the packet's rather than its own, and the cooking time read 301.061554 on both sides rather than the flat 301 that was pinned, because the server's own tick had added heat over 1.5 times 0.05.	M	run:td1-20260910-192457 teardown-longtermpreservation4220.json comparisons[2]	n=1; one session on 42.20.4, one mod item; floats rounded to six decimals	settled		mechanism	docs/mods-survey/teardowns/longtermpreservation4220.md § MP handling	facts/wire-packets.md#desyncs
#1411	Heat is carried but the client's copy does not simulate it: over 11.1 s the server fell from 1.79561 to 1.39397 while the client stayed at 1.84703, holding the value the post-transition push carried.	M	run:td1-20260910-192457 teardown-longtermpreservation4220.json comparisons[2]	n=1; one session on 42.20.4, one item over about 12 s; it says this client copy did not tick, not that client copies never do	settled		mechanism	docs/mods-survey/teardowns/longtermpreservation4220.md § MP handling	platform/mp-model.md#what-a-client-copy-is
#1412	Age never reaches a client: the server went from 0 to 0.006526 while the client stayed at 0.	M	run:td1-20260910-192457 teardown-longtermpreservation4220.json comparisons[2]	n=2; one session here plus a prior measurement of the same field; one item, one window	settled		mechanism	docs/mods-survey/teardowns/longtermpreservation4220.md § MP handling	facts/spoilage.md#writes
#1413	The cooking experience for a cook transition is granted on the server: the credited delta was 2.5 with a chef set and 0 with it unset, because the grant is 10.0 and a default character's empty experience-boost map puts it on the quarter arm.	M	run:td1-20260910-192457 teardown-longtermpreservation4220.json xp_delta; run:td1b-20260910-202029 teardown-longtermpreservation4220-followup.json xp_delta	n=1; one session per arm on 42.20.4; the ladder that turns 10.0 into 2.5 is a jar read, not a measurement	settled		mechanism	docs/mods-survey/teardowns/longtermpreservation4220.md § MP handling	facts/cooking-and-recipes.md#cook-block
#1414	A script tooltip key is an item modData key on every side that instantiates the item, because the item parser passes the script block's tooltip to the setter whose first act is a raw write of that key into item modData.	C	jar:Item.InstanceItem @3505-@3510; jar:InventoryItem.setTooltip @0-@13	none; 42.20.4 jar b0bbce05d5; general, not specific to this mod	settled		mechanism	docs/mods-survey/teardowns/longtermpreservation4220.md § MP handling	platform/mp-model.md#item-moddata
#1415	An item modData census is not empty even for a mod that writes none: the mod item read 1 key on the server and 2 on the client, the extra being a custom-name key that a vanilla control item also carried on the client only, so the census baseline is to exclude the custom-name key always and the tooltip key for any item whose script declares one.	M	run:td1-20260910-192457 teardown-longtermpreservation4220.json comparisons[2]; run:td1b-20260910-202029 teardown-longtermpreservation4220-followup.json censuses[]	n=1; one session plus its follow-up, one mod item and one vanilla control; test emptiness with the key count, not with the key list	settled		mechanism	docs/mods-survey/teardowns/longtermpreservation4220.md § MP handling	platform/mp-model.md#item-moddata
#1416	The four headline desyncs are a change rather than a standing difference: the baseline snapshot taken before the cook transition is not desynced at all, and the server half of the four reproduced on a second run.	M	run:td1-20260910-192457 teardown-longtermpreservation4220.json comparisons[0]	n=1; two post-cook snapshots 11.1 s apart on one session, with the server half reproduced but not re-graded on a second	settled		mechanism	docs/mods-survey/teardowns/longtermpreservation4220.md § MP handling	facts/wire-packets.md#desyncs
#1417	The server ran the cook transition: an item update read the cooked flag already true with the sentinel and the two flags already written, and the hook's four prints are in the server console in one frame 1.71 s earlier while the client console is empty.	M	run:td1-20260910-192457 teardown-longtermpreservation4220.json who_ran_it.before_cooked; run:td1-20260910-192457 teardown-longtermpreservation4220.json server_hook_lines	n=1; one session on 42.20.4; the 1.71 s is console-derived and reproducible only on the machine that holds the gitignored run directory	settled		mechanism	docs/mods-survey/teardowns/longtermpreservation4220.md § MP handling	platform/mp-model.md#ownership
#1418	The scripted last-cook-minute flip is not a precondition of the cook transition: on one run the cooking block had already been entered twice 1.33 to 1.67 game minutes apart, and on the other the transition fired 907 ms before the flip reached the server, so heat above the gate plus a cooking time past minutes-to-cook suffice and the minute gate reopens by itself within one game minute.	M	run:td1b-20260910-202029 teardown-longtermpreservation4220-followup.json cooked_at	n=2; two sessions on 42.20.4; the write is sent after the transition on the second run, so it proves the flip unnecessary and nothing else	settled		mechanism	docs/mods-survey/teardowns/longtermpreservation4220.md § MP handling	facts/cooking-and-recipes.md#cook-block
#1419	The server's inventory-item tick runs about once every 5 s rather than every frame, with heat decaying at about 0.036 per real second at this fixture's multiplier of 4.7961; the mechanism is that the server arm of the time multiplier is real-time-delta driven and clamped at 6 s while the temperature update acts only once its accumulator reaches 10.0.	M	run:td1-20260910-192457 teardown-longtermpreservation4220.json steps[]; jar:InventoryItem.calculateTimeMultiplier @0-@3	n=2; bounded three ways on one session and reproduced on a second, one fixture, one item	settled		mechanism	docs/mods-survey/teardowns/longtermpreservation4220.md § MP handling	facts/spoilage.md#writes
#1420	A bus call cannot win a race against the server's inventory-item tick, so a probe must not assume per-frame item updates.	M	run:td1-20260910-192457 teardown-longtermpreservation4220.json steps[]	n=2; rests on the measured tick period, one fixture	settled		rule	docs/mods-survey/teardowns/longtermpreservation4220.md § MP handling	platform/harness.md#cadence
#1421	The client's copy of a server-spawned item did not reach the item update at all: over the same 11.1 s its heat, cooking time and age never moved while the server's ran two or three ticks, and the client arm of the time multiplier would have accumulated on any tick at all.	M	run:td1-20260910-192457 teardown-longtermpreservation4220.json comparisons[2]	n=1; one session, one item, one 11.1 s window	settled		mechanism	docs/mods-survey/teardowns/longtermpreservation4220.md § MP handling	platform/mp-model.md#what-a-client-copy-is
#1422	The call path from the character update through the recursive item updater to the item update carries no side guard, and the only guard on that path is an is-zombie test a player character fails, so why a client copy does not run it is unexplained for every field but cooking.	C	jar:IsoGameCharacter.updateInternal @1918-@1925 L9296; jar:IsoGameCharacter.updateInternal @1911-@1915 L9295	C-only; the cooking case has its answer in the push carrier, and the question stands for every other field	open		open	docs/mods-survey/teardowns/longtermpreservation4220.md § MP handling	platform/mp-model.md#open
#1423	The client-copy question resolves per arm across three sessions: above the cooking gate a client copy tracks the server bit for bit, crossing the gate it freezes at the last pushed value, and pinned below the gate it is bit-frozen while the server decays -- so the carrier is the per-game-minute item-stats push inside the cooking branch.	M	run:td1-20260910-192457 teardown-longtermpreservation4220.json comparisons[2]; run:td2-20260910-231655 teardown-simplestatus.json appendix.A2.client_read_2; run:td3-20260911-001948 teardown-autocook.json carrier.client_read_2	n=1; one reading in each of the three arms, across three sessions; one item, one window and one fixture each, with frozen and non-cookable items and every other push path untested	settled		mechanism	docs/mods-survey/teardowns/longtermpreservation4220.md § MP handling; docs/mods-survey/teardowns/simplestatus.md § Two pass-1 follow-up controls carried on this session — NOT simpleStatus findings	platform/mp-model.md#what-a-client-copy-is
#1424	The weight split is the custom-weight flag choosing an arm: the server's true flag routes the actual-weight getter through the guarded inventory-item route and returns 0, while the client's false flag recomputes script weight times the hunger fraction and returns 0.35.	M	run:td1b-20260910-202029 teardown-longtermpreservation4220-followup.json weight_reads[]; jar:Food.getActualWeight @215-@288 L902-L910	n=1; one session, one mod item; floats rounded to six decimals, and the arms are a jar read	settled		mechanism	docs/mods-survey/teardowns/longtermpreservation4220.md § MP handling	facts/food-item-model.md#state-axes
#1425	The unmodded actual-weight getter returns 0 when the item's display name equals its full type, and the display-name getter returns the item's own name field, so the packet fills the actual weight from a getter that can be guarded to 0 and that 0 is what travels.	C	jar:InventoryItem.getActualWeightUnmodded @0-@24; jar:InventoryItem.getDisplayName @0-@4; jar:ItemStatsPacket.setData @472	none; 42.20.4 jar b0bbce05d5	settled		mechanism	docs/mods-survey/teardowns/longtermpreservation4220.md § MP handling	facts/wire-packets.md#item-stats-packet
#1426	The mod item's display name equals its full type on both sides before and after cooking while a vanilla control resolves its name on both sides and keeps 0.3 everywhere, so this dedicated server resolves vanilla item names perfectly well and the failure is not server-wide.	M	run:td1b-20260910-202029 teardown-longtermpreservation4220-followup.json answers	n=2; two items on one session; it supports exactly not dedicated-server-wide and this item's name does not resolve, and the two items differ in two ways at once	settled		mechanism	docs/mods-survey/teardowns/longtermpreservation4220.md § MP handling	facts/food-item-model.md#walls
#1427	An item absent from the vanilla item-name table reads its display name as its full type and its unmodded weight as 0 on client and server identically, inside vanilla, so that symptom needs no mod-specific explanation and both sides agreeing rules out a sync explanation.	M	run:td2-20260910-231655 teardown-simplestatus.json appendix.A1.reads[0]; run:td2-20260910-231655 teardown-simplestatus.json appendix.A1.reads[2]	n=1; one absent-name item beside one control, one session; it separates no-translation-entry from a mod-specific failure and no further	settled		mechanism	docs/mods-survey/teardowns/longtermpreservation4220.md § MP handling; docs/mods-survey/teardowns/simplestatus.md § Two pass-1 follow-up controls carried on this session — NOT simpleStatus findings	facts/food-item-model.md#walls
#1428	Three hypotheses for the mod item's unresolved display name are unseparated: no translation entry, a B41-layout translation file that is never loaded, and mod translations not being consulted at all on a dedicated server.	C	jar:InventoryItem.getDisplayName @0-@4	C-only; the reading before the 2026-09-10 control run	superseded	#1427	mechanism	docs/mods-survey/teardowns/longtermpreservation4220.md § MP handling	
#1429	Whether 42.20.4 ever loads a B41-layout item-name translation file stays open by design, because separating it from the no-entry case needs an item-name JSON added to a mod tree, which is a write under the read-only workshop folder.	C	mod:3774789651/42.20/media/lua/shared/Translate/EN/ItemName_EN.txt:3 "ItemName_Skittles.CuredPork"	C-only; one item, one session for the absent-name case	open		open	docs/mods-survey/teardowns/longtermpreservation4220.md § MP handling	facts/food-item-model.md#open
#1430	The discriminating control for an unresolved display name is the translation table: six base-module foods are absent from the 4 889-entry vanilla item-name table and carry a null display name in the dataset, while the control item is present in it.	C	data:data/food-items.json swept 2026-09-10; lua:lua/shared/Translate/EN/ItemName.json:4218 "Base.Steak"	snapshot 2026-09-10	settled		mechanism	docs/mods-survey/teardowns/longtermpreservation4220.md § MP handling	reference/datasets.md#columns
#1431	The control for an unresolved display name is an item with no display-name line in its script.	C	data:data/food-items.json swept 2026-09-10	C-only; the criterion as first written; it selects everything and discriminates nothing, because 0 of the 1 005 dataset records and 0 occurrences in the vanilla food script carry such a line	superseded	#1430	mechanism	docs/mods-survey/teardowns/longtermpreservation4220.md § MP handling	
#1432	The server's copy of a player's modData is empty at join and gains the four vanilla fitness and strength keys 22 to 33 s after session ready, so early in a session the pair is 0 keys on the server against 5 on the client.	M	run:td2-20260910-231655 teardown-simplestatus.json snapshots[].server.census_player.keyCount	n=1; one session on 42.20.4, one character, six censuses; the client is the strict superset either way	settled		mechanism	docs/mods-survey/teardowns/longtermpreservation4220.md § MP handling; docs/mods-survey/teardowns/simplestatus.md § The `transmitModData()` boundary — wipe-and-replace, measured	platform/mp-model.md#player-moddata
#1433	A player's modData holds 4 keys on the server against 5 on the client.	M	run:td1-20260910-192457 teardown-longtermpreservation4220.json snapshots[].server.census_player.keyCount	n=1; a late-session reading taken as a standing pair	superseded	#1432	mechanism	docs/mods-survey/teardowns/longtermpreservation4220.md § MP handling	
#1434	Whether a relog or a save round-trip repairs the client's copy of the four uncarried fields is not measured, and because the client's copy keeps the cookable flag true it could re-enter the cooking block on its own and call a nil hook, which neither session reproduced.	C	jar:Food.update @49-@71 L372-L373	inference; the save and load path is different from the item-stats packet and nothing in these sessions reads it	open		open	docs/mods-survey/teardowns/longtermpreservation4220.md § MP handling	facts/wire-packets.md#open
#1435	When these two sessions were measured the harness rendered a non-integral number at six decimals, so every float on their bus arrived rounded and no row from either artifact supports a bit-level claim; the limit was lifted for later runs by a rendering change, and these two artifacts stay exactly as recorded.	M	run:td1b-20260910-202029 teardown-longtermpreservation4220-followup.json steps[]	n=1; a rendering limit, not a measurement one; every desync graded on these runs is whole-value, far above the comparison tolerance	settled		bound	docs/mods-survey/teardowns/longtermpreservation4220.md § MP handling	platform/harness.md#artifacts-discipline
#1436	Script-key dispatch into a mod's own Lua runs code at the moment the mod cares about without monkey-patching anything: this mod patches zero vanilla API surface, and all seven of its globals are new names checked one by one against the whole vanilla Lua tree with zero hits.	C	mod:3774789651/42.20/media/scripts/items/items_dried.txt:22 "OnCooked = OnCookedTest,"; mod:3774789651/42.20/media/lua/server/recipe_meats.lua:34 "function OnCookedTest(meatToChange)"	snapshot 2026-09-10	settled		rule	docs/mods-survey/teardowns/longtermpreservation4220.md § Techniques worth stealing	facts/other-mods/longtermpreservation.md#techniques
#1437	Consuming vanilla extension points costs nothing and inherits their behaviour: the forage-definition event plus the forage system's own add-item call register a new forageable, and two Java recipe statics called straight from script give the jarring recipes vanilla's exact behaviour for free.	C	mod:3774789651/42.20/media/lua/shared/Foraging/forageable_items.lua:28 "Events.onAddForageDefs.Add(onAddForageDefs)"; mod:3774789651/42.20/media/scripts/recipes/recipe_cured.txt:78 "OnCreate = RecipeCodeOnCreate.makeJar,"; mod:3774789651/42.20/media/scripts/recipes/recipe_cured.txt:110 "OnCreate = RecipeCodeOnCreate.applyLidCondition,"	none; read 2026-09-10	settled		rule	docs/mods-survey/teardowns/longtermpreservation4220.md § Techniques worth stealing	facts/other-mods/longtermpreservation.md#techniques
#1438	An item mapper collapses a four-input, four-output family into one recipe block, and the engine's possible-result-items lookup resolved the mapped output slot to all four cured meats.	M	run:td1-20260910-192457 teardown-longtermpreservation4220.json recipe_lookup; mod:3774789651/42.20/media/scripts/recipes/recipe_cured.txt:19 "item 1 [Base.Pork;Base.Beef;Base.Venison;Base.FishFillet] mode:destroy"	n=1; one session on 42.20.4, one recipe family	settled		mechanism	docs/mods-survey/teardowns/longtermpreservation4220.md § Techniques worth stealing	platform/loader-and-scripts.md#craft-recipe-grammar
#1439	Re-basing an age fraction onto a new window by re-reading the setter's own result -- compute the fraction against the old maximum, set the new maximum, then set the age from the new one -- reads like a double-read bug and is the correct idiom.	C	mod:3774789651/42.20/media/lua/server/recipe_meats.lua:57 "local aged = cannedFood:getAge() / cannedFood:getOffAgeMax();"	none; read 2026-09-10	settled		rule	docs/mods-survey/teardowns/longtermpreservation4220.md § Techniques worth stealing	facts/other-mods/longtermpreservation.md#techniques
#1440	Declaring its own script module and importing the base one gives a content mod zero name collisions: vanilla declares 5 092 distinct item names across 5 105 item blocks, 13 of them redefinitions of a name declared earlier and every one of them in the base module, and the recipe dataset carries 969 recipes.	C	mod:3774789651/42.20/media/scripts/items/items_dried.txt:1 "module Skittles"; data:data/recipes.json swept 2026-09-10	snapshot 2026-09-10; counted over the generated vanilla item scripts of one build	settled		count	docs/mods-survey/teardowns/longtermpreservation4220.md § Techniques worth stealing	facts/other-mods/longtermpreservation.md#techniques
#1441	Pinning shelf life in the item script rather than in Lua needs no sync at all, because script values load identically on both sides: everything this mod expresses in Lua is what desyncs and everything it expresses in script is safe.	C	mod:3774789651/42.20/media/scripts/items/items_dried.txt:23-24 "DaysFresh = 53,"	none; read 2026-09-10	settled		rule	docs/mods-survey/teardowns/longtermpreservation4220.md § Techniques worth stealing	facts/other-mods/longtermpreservation.md#techniques
#1442	Four of the mod's cook-hook writes are outside the item packet's field list, so the client's copy of a cured meat keeps its pre-cook shelf life and stays cookable forever and no amount of re-pushing fixes it.	C	mod:3774789651/42.20/media/lua/server/recipe_meats.lua:36 "meatToChange:setIsCookable(false)"; mod:3774789651/42.20/media/lua/server/recipe_meats.lua:39 "meatToChange:setOffAge(1000000000);"; mod:3774789651/42.20/media/lua/server/recipe_meats.lua:44 "meatToChange:setCustomWeight(true)"	none; read 2026-09-10, and measured on the desync rows	settled		mechanism	docs/mods-survey/teardowns/longtermpreservation4220.md § Pitfalls / anti-patterns	facts/other-mods/longtermpreservation.md#pitfalls
#1443	Flipping the custom-weight flag on an item whose display name does not resolve silently destroys the value just computed: the hook writes 0.35 and then moves the server onto the arm that reads it through the display-name guard, which returns 0, so the intended 30 per cent reduction is discarded on the authoritative side.	C	mod:3774789651/42.20/media/lua/server/recipe_meats.lua:42 "meatToChange:setActualWeight(meatToChange:getActualWeight() * 0.7);"; mod:3774789651/42.20/media/lua/server/recipe_meats.lua:44 "meatToChange:setCustomWeight(true)"	none; read 2026-09-10, and measured on the weight rows	settled		mechanism	docs/mods-survey/teardowns/longtermpreservation4220.md § Pitfalls / anti-patterns	facts/other-mods/longtermpreservation.md#pitfalls
#1444	The mod declares seven unqualified globals with generic names, and although a grep of every Lua file in the installed 230-mod corpus finds only this mod defining any of them, a recipe create key calling someone else's same-named function would fail silently and load-order-dependently.	C	mod:3774789651/42.20/media/lua/server/recipe_meats.lua:34 "function OnCookedTest(meatToChange)"; mod:3774789651/42.20/media/lua/server/recipe_meats.lua:56 "function CannedFood_OnCooked(cannedFood)"	snapshot 2026-09-10; a corpus grep that drifts	settled		mechanism	docs/mods-survey/teardowns/longtermpreservation4220.md § Pitfalls / anti-patterns	facts/other-mods/longtermpreservation.md#pitfalls
#1445	Dead and defective code is wired into live script keys: two empty function bodies sit behind two live recipe create keys under a comment describing weight code that is not there, two further functions have zero reference sites, one line's chained comparison is unreachable, and the live recipe test is a no-op guard whose comment names a weight floor its body does not apply.	C	mod:3774789651/42.20/media/lua/server/recipe_meats.lua:19 "return 0.15 < sourceItem:getActualWeight() < 1"; mod:3774789651/42.20/media/scripts/recipes/recipe_cured.txt:12-13 "onCreate = AdjustStates,"	none; read 2026-09-10	settled		mechanism	docs/mods-survey/teardowns/longtermpreservation4220.md § Pitfalls / anti-patterns	facts/other-mods/longtermpreservation.md#pitfalls
#1446	The engine tolerates a brace-unbalanced script file: a block comment opened at one line and closed inside a later item body leaves the comment-stripped file at 17 opening against 18 closing braces, and the engine still loaded all 15 of the mod's item blocks.	M	run:td1-20260910-192457 teardown-longtermpreservation4220.json items_census.foodByModule_Skittles; mod:3774789651/42.20/media/scripts/items/items_dried.txt:374 "/* OBSOLETE"	n=1; one session on 42.20.4, one file, reproduced on a second run; the live count is the 15 blocks minus the one non-food item	settled		mechanism	docs/mods-survey/teardowns/longtermpreservation4220.md § Pitfalls / anti-patterns	platform/loader-and-scripts.md#script-dsl
#1447	The mod prints four lines per cooked meat to the server console from inside a shipped hook, with no way for an admin to turn them off.	C	mod:3774789651/42.20/media/lua/server/recipe_meats.lua:34-53 "function OnCookedTest(meatToChange)"	none; read 2026-09-10; they are also what let the teardown date the cook transition to the millisecond	settled		mechanism	docs/mods-survey/teardowns/longtermpreservation4220.md § Pitfalls / anti-patterns	facts/other-mods/longtermpreservation.md#pitfalls
#1448	The jarring half of the mod is 8 of its 12 cook-hook sites and sets only three uncarried fields, so on a dedicated server a jarred food's client copy shows the pre-cook shelf life indefinitely and the feature is singleplayer-only whether or not that was meant.	C	mod:3774789651/42.20/media/lua/server/recipe_meats.lua:56-61 "function CannedFood_OnCooked(cannedFood)"; mod:3774789651/42.20/media/scripts/items/items_dried.txt:22 "OnCooked = OnCookedTest,"	none; read 2026-09-10	settled		mechanism	docs/mods-survey/teardowns/longtermpreservation4220.md § Pitfalls / anti-patterns	facts/other-mods/longtermpreservation.md#pitfalls
#1449	Load order is irrelevant to this mod: no monkey-patching, no vanilla script-block redefinition across its 15 item names, 8 recipe names and 2 model names, no dependency line in its mod.info, and its single require is vanilla's own forage system, whose event already serialises the one ordering-sensitive surface it has.	C	mod:3774789651/42.20/media/lua/shared/Foraging/forageable_items.lua:1 "require "; mod:3774789651/42.20/media/scripts/items/items_dried.txt:1 "module Skittles"	snapshot 2026-09-10	settled		mechanism	docs/mods-survey/teardowns/longtermpreservation4220.md § Compatibility notes	facts/other-mods/longtermpreservation.md#compat
#1450	An overrides line with nothing after it is a single line with an empty relative path, not a census of zero: both sessions' mod-log keys carry the mod's name followed by nothing, 88 characters inside a 200-character capture limit.	M	run:td1-20260910-192457 teardown-longtermpreservation4220.json mod_log_lines[1]; run:td1b-20260910-202029 teardown-longtermpreservation4220-followup.json mod_log_lines[1]	n=2; two sessions on 42.20.4, one mod without a common tree	settled		mechanism	docs/mods-survey/teardowns/longtermpreservation4220.md § Compatibility notes	platform/loader-and-scripts.md#file-map
#1451	The loader prints an override census once per mod as the mod's name followed by the list of vanilla files it shadows, so an empty list means the mod shadows nothing.	M	run:td1-20260910-192457 teardown-longtermpreservation4220.json mod_log_lines[1]	n=1; the reading attached to the empty line before the 2026-09-11 jar read	superseded	#1450	mechanism	docs/mods-survey/teardowns/longtermpreservation4220.md § Compatibility notes	
#1452	The empty override tail has a separate cause: the folder search adds a path to the load list as a file when it is not a directory, which a missing directory is, and relativising that path against itself returns the empty string, which has sat in the file map since the first mod without a common tree.	C	jar:ZomboidFileSystem.getRelativeFile @31-@56 L1013-L1021	none; 42.20.4 jar b0bbce05d5	settled		mechanism	docs/mods-survey/teardowns/longtermpreservation4220.md § Compatibility notes	platform/loader-and-scripts.md#file-map
#1453	The harness places a profile mod under its declared id rather than its folder name: the run's server mod listing carries the declared id with no folder-named directory present, the mod.info was found at the id path, and the server's mod line names the declared id.	M	run:td1-20260910-192457 teardown-longtermpreservation4220.json folder_check	n=1; one session on 42.20.4; run metadata about the harness, not an answer to whether the rename is required	settled		mechanism	docs/mods-survey/teardowns/longtermpreservation4220.md § Compatibility notes	platform/harness.md#profiles
#1454	The loader probes every mod for animation-set and action-group folders and logs a benign missing-file line per folder a mod does not ship -- three for this mod -- and a run carrying them still records zero errors.	M	run:td1-20260910-192457 teardown-longtermpreservation4220.json mod_log_lines	n=2; two sessions on 42.20.4, one mod; per-copied-mod baseline noise every profile run carries	settled		mechanism	docs/mods-survey/teardowns/longtermpreservation4220.md § Compatibility notes	platform/mod-anatomy.md#mod-discovery
#1455	A recipe lookup by name needs the module prefix: the qualified name resolves while the bare name resolves against neither spelling the shipped lookup tries, because the script bucket lookup sends a dot-less name to the base module.	M	run:td1-20260910-192457 teardown-longtermpreservation4220.json recipe_lookup.bare.lookup; jar:ScriptBucketCollection.getScript	n=1; one session on 42.20.4, one modded recipe name; the harness resolves it only by falling back to a scan of every craft recipe	settled		mechanism	docs/mods-survey/teardowns/longtermpreservation4220.md § Compatibility notes	platform/loader-and-scripts.md#name-resolution
#1456	The live craft-recipe count with this mod loaded is 977: the vanilla scan's 969 blocks plus the mod's own 8, which is the same census on either side of the mod rather than a disagreement.	C	data:data/recipes.json swept 2026-09-10; mod:3774789651/42.20/media/scripts/recipes/recipe_cured.txt:8 "craftRecipe MakeCuredMeat"	snapshot 2026-09-10; a dated count of one install plus one mod	settled		count	docs/mods-survey/teardowns/longtermpreservation4220.md § Compatibility notes	reference/datasets.md#counts
#1457	CleanUI's live tree ships 54 Lua files -- 51 under its client directory and 3 under its shared one -- of which 33 sit at the same relative path as a vanilla Lua file and are therefore replacements.	C	mod:3437629766/42.19/media/lua/client/ISUI/ISInventoryPaneContextMenu.lua:669 "CleanUI_safeTriggerInventoryContextEvent"	snapshot 2026-09-10; a dated count of one item, and the workshop corpus drifts	settled		count	docs/mods-survey/teardowns/longtermpreservation4220.md § Compatibility notes	facts/other-mods/catalog.md#corpus-facts
#1458	CleanUI's live tree ships 54 client Lua files.	C	mod:3437629766/42.19/media/lua/client/ISUI/ISInventoryPaneContextMenu.lua:669 "CleanUI_safeTriggerInventoryContextEvent"	snapshot 2026-09-10; the count as this line first read it, before the client and shared split was separated	superseded	#1457	count	docs/mods-survey/teardowns/longtermpreservation4220.md § Compatibility notes	
#1459	The resident Girth stack carries 228 command-bus sites across its six mods, 96 of them in the quest-system mod.	C	data:data/mod-inventory.json swept 2026-09-10 17:47	snapshot 2026-09-10; a dated corpus count that drifts	settled		count	docs/mods-survey/teardowns/longtermpreservation4220.md § Compatibility notes	facts/other-mods/catalog.md#corpus-facts
#1460	The resident Girth stack carries more than 110 command-bus sites.	C	data:data/mod-inventory.json swept 2026-09-10 17:47	snapshot 2026-09-10; a pre-slice-08 figure	superseded	#1459	count	docs/mods-survey/teardowns/longtermpreservation4220.md § Compatibility notes	
#1461	The mod adds 14 new food items with a full macro set in its own script module and makes 117 nutrition-key writes, so an item pass rewriting the base module will not touch them; five of the fourteen also feed vanilla evolved recipes, and two vanilla items are produced by its own recipes and inherit any change made to them.	C	data:data/mod-inventory.json swept 2026-09-10 17:47; mod:3774789651/42.20/media/scripts/recipes/recipe_cured.txt:69 "item 1 Base.Lard,"; mod:3774789651/42.20/media/scripts/recipes/recipe_cured.txt:181 "item 1 Base.JamFruit,"	snapshot 2026-09-10	settled		mechanism	docs/mods-survey/teardowns/longtermpreservation4220.md § Compatibility notes	facts/other-mods/longtermpreservation.md#compat
#1462	The cured fish is the one item whose macros are not its input's: 420 calories, 3 lipids, 25 carbohydrates and 55 proteins against the fillet's 205, 1, 12 and 28.52, roughly a doubling, where the other three cured meats copy their inputs exactly.	C	mod:3774789651/42.20/media/scripts/items/items_dried.txt:115-118 "Calories = 420,"; data:data/food-items.json swept 2026-09-10	none; read 2026-09-10	settled		mechanism	docs/mods-survey/teardowns/longtermpreservation4220.md § Compatibility notes	facts/other-mods/longtermpreservation.md#compat
#1463	What a client-side reader gets wrong on a cooked cured meat is the four uncarried fields plus the thirst getter, which reads half the server's value: the five macros are right, the plain weight is right, and the actual weight is the one field where the client holds the intended value and the server does not.	M	run:td1-20260910-192457 teardown-longtermpreservation4220.json comparisons[2]	n=1; one session on 42.20.4, one mod item, one cook transition	settled		mechanism	docs/mods-survey/teardowns/longtermpreservation4220.md § Compatibility notes	facts/other-mods/longtermpreservation.md#mp
#1464	That installing a mod must land its folder under the declared id is an inference rather than a measurement: no run left a drifting folder unrenamed.	C	mod:3774789651/42.20/mod.info:2 "id=SKITTLE_LongTermPreservation4220"	inference; the placement half is measured and the is-it-required half is not	open		open	docs/mods-survey/teardowns/longtermpreservation4220.md § Compatibility notes	platform/mod-anatomy.md#open
#1465	Simple Status is workshop item 2867431511, one mod, declaring the id simpleStatus in a folder named SimpleStatus -- a case-only drift that resolves on Windows because path lookup is case-insensitive, which is exactly why this subject cannot settle the folder-rename question -- and it declares no author, no minimum version, no build version and no dependency in any of the five reachable mod.info files.	C	mod:2867431511/42.16/mod.info:2 "id=simpleStatus"	snapshot 2026-09-10; one item read cold	settled		mechanism	docs/mods-survey/teardowns/simplestatus.md § Teardown: Simple Status (`simpleStatus`)	facts/other-mods/simplestatus.md#architecture
#1466	Every version-folder line cite in this teardown names the tree as it stood on 2026-09-10, and Steam added a newer tree to the item on 2026-09-13 whose copy of the panel file is 589 lines against the read copy's 583, so those cites are drifted rather than wrong and must be re-located by content before being quoted elsewhere; the measured readings are unaffected, because the run booted the older tree.	C	mod:2867431511/42.16/mod.info:2 "id=simpleStatus"	snapshot 2026-09-17; the workshop corpus drifts and every count is dated	settled		bound	docs/mods-survey/teardowns/simplestatus.md § Teardown: Simple Status (`simpleStatus`)	platform/lessons.md#corpus-drift
#1467	The live tree is the newest of four version folders and holds 62 files -- one mod.info, 7 client Lua, 13 translation JSON and 41 PNG -- beside an empty common directory the info chain skips and a root-level B41 media tree of 47 files that 42.20.4 never reads; all 298 files of the item carry one download mtime and it is 1 132 005 bytes.	C	mod:2867431511/42.16/mod.info:2 "id=simpleStatus"; data:data/mod-inventory.json swept 2026-09-10 17:47	snapshot 2026-09-10; a census of one item as installed	settled		mechanism	docs/mods-survey/teardowns/simplestatus.md § Teardown: Simple Status (`simpleStatus`)	facts/other-mods/simplestatus.md#architecture
#1468	Simple Status ships no licence or readme file and its fetched Workshop record carries no licence field, so its permissions posture is default Steam Workshop terms: read it, do not vendor it.	W	web:data/workshop-catalog-details.json 2026-09-10 17:46	snapshot 2026-09-10; a Workshop page fetch, not a licence statement; Steam omits the current year on the update string, so the mod version and the fetch date are what date it	settled		rule	docs/mods-survey/teardowns/simplestatus.md § Teardown: Simple Status (`simpleStatus`)	facts/other-mods/simplestatus.md#compat
#1469	Simple Status draws a draggable bar panel of the player's status numbers, one row per stat, built on the player-creation event and added to the UI manager.	C	mod:2867431511/42.16/media/lua/client/ss.main.lua:56-80 "local function onCreatePlayer(player_index, player)"; mod:2867431511/42.16/media/lua/client/ss.main.lua:82 "Events.OnCreatePlayer.Add(onCreatePlayer)"	none; read 2026-09-10	settled		mechanism	docs/mods-survey/teardowns/simplestatus.md § What it does (player-facing)	facts/other-mods/simplestatus.md#what-it-does
#1470	The mod offers 36 stats, four of them the nutrition macros and one the weight, of which 18 render by default: 18 carry an explicit shown flag of true, 15 an explicit false, and the three reversible partners inherit their partner's flag and are skipped as primaries by the bar builder.	C	mod:2867431511/42.16/media/lua/client/ss.stats.lua:700 "stats._reverse._values = {}"; mod:2867431511/42.16/media/lua/client/ISSSBar.lua:146 "if not stats._reverse[name] and self.config.shownConfig[name] then"	snapshot 2026-09-10; counted over one tree	settled		mechanism	docs/mods-survey/teardowns/simplestatus.md § What it does (player-facing)	facts/other-mods/simplestatus.md#what-it-does
#1471	A right-click menu toggles each bar's visibility, the three reversible pairs, the layout, the ruler ticks and the font size, and two key binds come from the vanilla mod-options API; every choice is persisted into one player-modData key and transmitted, so the panel returns where the player left it after a relog.	C	mod:2867431511/42.16/media/lua/client/ISSSBar.lua:479 "function SSBar:openSettingsMenu()"; mod:2867431511/42.16/media/lua/client/ISSSBar.lua:18-36 "local function savePlayerData(config, player)"; mod:2867431511/42.16/media/lua/client/ss.options.lua:6 "local opt = PZAPI.ModOptions:create(MOD_ID"	none; read 2026-09-10	settled		mechanism	docs/mods-survey/teardowns/simplestatus.md § What it does (player-facing)	facts/other-mods/simplestatus.md#what-it-does
#1472	Simple Status writes nothing else and owns nothing: every number it draws is read live off vanilla getters at render time, which makes it the read side of the same store a write-side mod attacks.	C	mod:2867431511/42.16/media/lua/client/ss.stats.lua:238 "return round(player:getNutrition():getProteins(), 1)"	none; read 2026-09-10	settled		mechanism	docs/mods-survey/teardowns/simplestatus.md § What it does (player-facing)	facts/other-mods/simplestatus.md#what-it-does
#1473	The mod's architecture is an 8-row file table dated 2026-09-10: 7 client Lua files totalling 1 580 lines, of which the stat definitions are 708 and the panel 583, plus 13 language trees carrying 52 translation keys each, and no script directory in any of its five media trees.	C	mod:2867431511/42.16/media/lua/client/ss.stats.lua:700 "stats._reverse._values = {}"; mod:2867431511/42.16/media/lua/client/ISSSBar.lua:53 "local SSBar = ISPanel:derive("	snapshot 2026-09-10; every one of the seven Lua files ends with a newline so every line cite is real, but the mod.info does not, so a newline-counting tool answers 6 for its 7 lines	settled		table	docs/mods-survey/teardowns/simplestatus.md § Architecture	facts/other-mods/simplestatus.md#architecture
#1474	A mod can be 100 per cent client: this one has no server Lua in its live tree at all, so on a dedicated server it registers nothing and runs no code, and the only part of it the server loads is the shared translation tree.	C	mod:2867431511/42.16/media/lua/client/ss.main.lua:82 "Events.OnCreatePlayer.Add(onCreatePlayer)"	snapshot 2026-09-10; one mod, one tree	settled		mechanism	docs/mods-survey/teardowns/simplestatus.md § Architecture	platform/mod-anatomy.md#client-only-mods
#1475	The mod has two entry points, both client-only: the player-creation event builds the panel and the key-pressed event forwards keys to the panel's handler; nothing is patched, because every method it defines is on its own derived panel class or its own stats table and the four vanilla methods it calls are super-calls from overrides on that derived class.	C	mod:2867431511/42.16/media/lua/client/ss.main.lua:82 "Events.OnCreatePlayer.Add(onCreatePlayer)"; mod:2867431511/42.16/media/lua/client/ss.main.lua:83 "Events.OnKeyPressed.Add(function(key)"; mod:2867431511/42.16/media/lua/client/ISSSBar.lua:53 "local SSBar = ISPanel:derive("	none; read 2026-09-10	settled		mechanism	docs/mods-survey/teardowns/simplestatus.md § Architecture	facts/other-mods/simplestatus.md#architecture
#1476	The mod's global footprint is one name, and grepped across the whole installed 230-mod workshop corpus the only files assigning it are this mod's own five copies of the file that declares it, with no other installed mod so much as mentioning the name.	C	mod:2867431511/42.16/media/lua/client/SimpleStatus.lua:3 "SimpleStatus = {"	snapshot 2026-09-10; a corpus grep that drifts	settled		mechanism	docs/mods-survey/teardowns/simplestatus.md § Architecture	facts/other-mods/simplestatus.md#architecture
#1477	The render loop is per frame and uncached: the panel's prerender calls the bar preparation unconditionally, which calls each bar's value function once and then three more closures that re-enter it, so a single frame issues up to four nutrition round trips per visible nutrition bar and ten for the weight bar, whose text function adds seven direct calls of its own for the three direction flags -- against a store that only changes once a second.	C	mod:2867431511/42.16/media/lua/client/ISSSBar.lua:464 "self:prepareBarInfo()"; mod:2867431511/42.16/media/lua/client/ISSSBar.lua:171 "if bar.valueFn then value = bar.valueFn(self.player) end"; mod:2867431511/42.16/media/lua/client/ss.stats.lua:404-411 "if player:getNutrition():isIncWeight() or player:getNutrition():isIncWeightLot()"	C-only; a code reading counted 2026-09-10 -- no shipped command measures frame time or Lua call counts	settled		mechanism	docs/mods-survey/teardowns/simplestatus.md § Architecture	facts/other-mods/simplestatus.md#architecture
#1478	The mod's persisted state is one player-modData key holding a flat table of scalars, a 6-row leaf table dated 2026-09-10 that expands to 45 leaves -- 6 named ones, 36 per-stat shown flags and 3 toggle flags -- beside no sandbox options, no command bus and no global modData in the live tree.	C	mod:2867431511/42.16/media/lua/client/ISSSBar.lua:18-36 "local function savePlayerData(config, player)"; mod:2867431511/42.16/media/lua/client/ss.main.lua:34 "for _, name in ipairs(stats._values) do"	snapshot 2026-09-10	settled		table	docs/mods-survey/teardowns/simplestatus.md § Architecture	facts/other-mods/simplestatus.md#architecture
#1479	The mod's version history is a 4-row table dated 2026-09-10 running from a flat B41 tree of 7 files and 1 820 lines, through two trees of 9 files and 1 671 lines keeping the config in global modData with an init and receive pair, to two trees of 7 files keeping it per player.	C	mod:2867431511/42.14/media/lua/server/ss.save.config.lua:30 "local function onReceiveGlobalModData(key, data)"; mod:2867431511/42.16/media/lua/client/ISSSBar.lua:18 "local function savePlayerData(config, player)"	snapshot 2026-09-10; four trees of one item as installed	settled		table	docs/mods-survey/teardowns/simplestatus.md § Architecture	facts/other-mods/simplestatus.md#architecture
#1480	The server file and the global config store were dropped one version folder earlier than the template plan's worked example says, so the config name exists in two incompatible stores across the mod's history -- a global table keyed by username and a per-player modData key -- and a census of the global one is non-discriminating in both directions, because the create-or-get call creates the table for the census itself and the retired server half only ever created it empty.	C	mod:2867431511/42.14/media/lua/server/ss.save.config.lua:43 "local function onInitGlobalModData(is_new_game)"	none; read 2026-09-10; the measured global census read 0 keys on both sides and is recorded as metadata, not as a control	settled		mechanism	docs/mods-survey/teardowns/simplestatus.md § Architecture	facts/other-mods/simplestatus.md#architecture
#1481	Inbound, the mod consumes the 1 Hz player-stats packet, which carries the nutrition save's five floats and nothing else -- calories, proteins, lipids, carbohydrates and weight, the weight narrowed to a float on the way out and widened back on the way in -- with no flag byte.	C	jar:Nutrition.save @0-@46 L209-L214; jar:Nutrition.load @32-@38 L221; jar:PlayerStatsPacket.write @19-@32 L34	none; 42.20.4 jar b0bbce05d5	settled		mechanism	docs/mods-survey/teardowns/simplestatus.md § MP handling	facts/wire-packets.md#player-stats-packet
#1482	Outbound, the mod's whole multiplayer contract is one transmit call fired from seven UI-input-driven sites, each of which rewrites the server's whole copy of that player's modData from the client's.	C	mod:2867431511/42.16/media/lua/client/ISSSBar.lua:35 "player:transmitModData()"; mod:2867431511/42.16/media/lua/client/ISSSBar.lua:274 "savePlayerData(self.config, self.player)"	none; read 2026-09-10	settled		mechanism	docs/mods-survey/teardowns/simplestatus.md § MP handling	facts/other-mods/simplestatus.md#mp
#1483	A client-side reader of the nutrition store is a staircase that steps only when a packet lands while the server is a ramp, because the nutrition update jumps past its three explicit macro decays and the calorie update on a client arm, so a cross-side gap is a timing reading rather than float noise and equal is the wrong verdict to look for.	C	jar:Nutrition.update @42-@45 L75; jar:Nutrition.update @106-@107 L81	none; 42.20.4 jar b0bbce05d5	settled		mechanism	docs/mods-survey/teardowns/simplestatus.md § The five numbers the mod draws, both sides, every snapshot	facts/wire-packets.md#staircase
#1484	Weight's cross-side gap is negative at every post-action snapshot, the opposite sign to the macros', which is the weight update's client skip measured rather than read: the client never recomputes weight, so its staircase sits below a rising server.	M	run:td2-20260910-231655 teardown-simplestatus.json grades[].macros.weight; jar:Nutrition.updateWeight @317-@320 L198	n=1; one session on 42.20.4, fixture default, one mod, one character, one machine; the weight arm was exercised on the gain side only, so the loss arm and its opposite-signed band are untested	settled		mechanism	docs/mods-survey/teardowns/simplestatus.md § The five numbers the mod draws, both sides, every snapshot	facts/wire-packets.md#staircase
#1485	The cross-side comparison of the five drawn numbers is a 30-row table dated 2026-09-10 -- six snapshots by five fields -- each row graded against a band computed from that snapshot's own signed read skew rather than against equality, with the client half read first at every tag so the skew is non-negative.	M	run:td2-20260910-231655 teardown-simplestatus.json grades[]	n=1; one session on 42.20.4, one character, one machine; the decay rate the bands use is derived from the fixture's own day-length setting and corroborated by the session's own slope	settled		table	docs/mods-survey/teardowns/simplestatus.md § The five numbers the mod draws, both sides, every snapshot	facts/wire-packets.md#staircase
#1486	Every macro gap at every one of the six snapshots landed inside its band, including the two the settle rule declined to grade, so the five numbers this mod draws are the server's, late by under a second, and there is no unsynced-field authority hazard in it.	M	run:td2-20260910-231655 teardown-simplestatus.json summary.out_of_band	n=1; one session on 42.20.4, one character, one machine; every gap landed inside its band so the falsifier was never approached -- the rule is validated as consistent with a 1 Hz push, not as tight	settled		mechanism	docs/mods-survey/teardowns/simplestatus.md § The five numbers the mod draws, both sides, every snapshot	facts/wire-packets.md#staircase
#1487	The client's mirrored weight is exactly float32-representable at 6 of 6 snapshots while the server's is not at 5 of 5 drifted readings, which is the wire's double-to-float-to-double narrowing visible directly: the nutrition getter is a double and the wire field is a float.	M	run:td2-20260910-231655 teardown-simplestatus.json grades[].macros.weight	n=1; one session on 42.20.4; obtainable only under the widened float rendering this artifact is the first to use	settled		mechanism	docs/mods-survey/teardowns/simplestatus.md § The five numbers the mod draws, both sides, every snapshot	facts/wire-packets.md#player-stats-packet
#1488	A snapshot taken inside a write's push window is an arrival-latency reading by rule and is reported ungraded, and the two tags nominally three seconds after a write actually sat at 7.35 and 7.85 seconds because the poll and the snapshot already exceed the settle sleep, so the grading uses each snapshot's own time since the last write.	M	run:td2-20260910-231655 teardown-simplestatus.json tolerance	n=1; one session on 42.20.4; a reading about this driver's tags, not about the engine	settled		bound	docs/mods-survey/teardowns/simplestatus.md § The five numbers the mod draws, both sides, every snapshot	platform/harness.md#driver-rules
#1489	The three weight-direction flags are not in the player-stats packet and the client agrees anyway because the engine recomputes them: the character update calls the nutrition update gated only on the character-stats switch, whose client arm calls the weight update, and the weight update sets all three flags before its client skip reaches the weight write.	C	jar:IsoPlayer.updateInternal2 @392-@402 L2306-L2307; jar:Nutrition.update @106-@107 L81; jar:Nutrition.updateWeight @129-@131 L167; jar:Nutrition.updateWeight @317-@320 L198	none; 42.20.4 jar b0bbce05d5	settled		mechanism	docs/mods-survey/teardowns/simplestatus.md § The three weight-direction flags — the sharpest claim this mod supports	facts/wire-packets.md#player-stats-packet
#1490	The three weight-direction flags agreed on both sides at all six snapshots and matched the arm the server's own macros predict at each one, so a client-side suffix derived from them is correct on a multiplayer client.	M	run:td2-20260910-231655 teardown-simplestatus.json grades[].flags	n=1; one session on 42.20.4, one character; both sides' trait lists came back empty at every snapshot, so this is no disagreement on a character with no weight-band traits -- the flags' dependency on both sides computing the same gain threshold is untested	settled		mechanism	docs/mods-survey/teardowns/simplestatus.md § The three weight-direction flags — the sharpest claim this mod supports	facts/wire-packets.md#desyncs
#1491	The weight-lot flag is set on the triple-gain arm above 700 and on the double-gain arm above 400, so a display suffix driven by it appears from 400 rather than from 700.	C	jar:Nutrition.updateWeight @156-@191 L176-L178; jar:Nutrition.updateWeight @194-@226 L179-L181	C-only; the session exercised the 700 side only, at carbohydrates 800, so the double arm was never entered and a probe at 500 would measure it directly	settled		mechanism	docs/mods-survey/teardowns/simplestatus.md § The three weight-direction flags — the sharpest claim this mod supports	facts/body-and-weight.md#weight-bands
#1492	The nutrition setter's own acknowledgement carries the weight-direction flags one tick stale: the acknowledgement of a calorie write reads the increase flag false beside the new calorie value, because the weight update has not run again yet.	M	run:td2-20260910-231655 teardown-simplestatus.json t_action1.ack	n=1; one session on 42.20.4, one write; a reading for anyone writing a probe, not about the flags themselves	settled		bound	docs/mods-survey/teardowns/simplestatus.md § The three weight-direction flags — the sharpest claim this mod supports	platform/harness.md#reading-a-reply
#1493	A nutrition write reaches the client within an upper bound of 0.766 and 0.765 seconds on two writes, with a still-old client reading 0.26 s after the acknowledgement bracketing the 1 Hz push window from below.	M	run:td2-20260910-231655 teardown-simplestatus.json arrivals[]	n=1; one session on 42.20.4, two writes, one character; the driver polled the client between each write and the following snapshot, so these are arrival bounds rather than snapshot artefacts	settled		mechanism	docs/mods-survey/teardowns/simplestatus.md § Arrival latency, and the decay slope	platform/mp-model.md#routes-server-to-client
#1494	Over the session's longest write-free window of 38.947 seconds the server's calories fell at 0.250296 per real second against a derived 0.2560552, a ratio of 0.9775, so the derived rate was used for every band and the energy multiplier is corroborated to about 2 per cent.	M	run:td2-20260910-231655 teardown-simplestatus.json empirical_slope.longest	n=1; one session on 42.20.4, one character; the window is write-free in nutrition only, and the three short windows scatter by about 20 per cent and must not be quoted, because about 6 s at a quarter of a kilocalorie per second is about 1.5 kcal against a quantised float32 store	settled		mechanism	docs/mods-survey/teardowns/simplestatus.md § Arrival latency, and the decay slope	facts/nutrition-core.md#weight-model
#1495	The modData packet serialises the whole table, the table save silently drops any pair whose type byte is minus one so that strings, doubles, nested tables and booleans travel while functions and Java objects do not, the load wipes the receiver before it writes, the parse wipes it outright when the sender's table was empty, and the transmit returns silently if the player's square is null.	C	jar:ObjectModDataPacket.write @8-@52 L42-L44; jar:KahluaTableImpl.save @60-@123 L268-L275; jar:KahluaTableImpl.getValueByte @0-@37 L430-L442; jar:KahluaTableImpl.load @0-@6 L332-L333; jar:IsoObject.transmitModData @0-@7 L4850-L4851	none; 42.20.4 jar b0bbce05d5	settled		mechanism	docs/mods-survey/teardowns/simplestatus.md § The `transmitModData()` boundary — wipe-and-replace, measured	facts/wire-packets.md#moddata-packet
#1496	A client transmit is wipe-and-replace on the player's whole modData table: a key planted only on the server is gone from the server's census after the client transmits, while the client's planted key and a client-only vanilla key both arrive and the server's census becomes identical to the client's.	M	run:td2-20260910-231655 teardown-simplestatus.json wipe_reading	n=1; one session on 42.20.4, one character, one planted key per side	settled		mechanism	docs/mods-survey/teardowns/simplestatus.md § The `transmitModData()` boundary — wipe-and-replace, measured	platform/mp-model.md#wipe-and-replace
#1497	Any player-modData key the server holds and the client's copy does not is destroyed the moment a client-side transmitter fires, and the mod that loses the data is not the one that called the transmit.	M	run:td2-20260910-231655 teardown-simplestatus.json wipe_reading	n=1; one session on 42.20.4; rests on the measured wipe and on this mod's seven UI-driven transmit sites	settled		rule	docs/mods-survey/teardowns/simplestatus.md § The `transmitModData()` boundary — wipe-and-replace, measured	platform/lessons.md#anti-patterns
#1498	A pure client-UI mod's persistent state is invisible to a command bus until a human clicks: this mod's config key was absent on both sides at every one of six snapshots and its six probed leaves were read once per side, because all seven writers are UI-input handlers and no bus command can synthesise a click or a key press.	M	run:td2-20260910-231655 teardown-simplestatus.json snapshots[0].client.config_leaves	n=1; one session on 42.20.4; the top-level key was probed at all six snapshots and the leaves at one only, so that half is one probe per side	settled		mechanism	docs/mods-survey/teardowns/simplestatus.md § The `transmitModData()` boundary — wipe-and-replace, measured	platform/harness.md#probes
#1499	The inventory weight the mod's capacity bar draws does cross the wire exactly: both sides read it identically at every snapshot, including the one-kilogram step two spawned control items caused inside the same window.	M	run:td2-20260910-231655 teardown-simplestatus.json grades[].fields	n=1; one session on 42.20.4, one character; the step is the appendix's two spawns, not the mod	settled		mechanism	docs/mods-survey/teardowns/simplestatus.md § Controls carried on the same session	platform/mp-model.md#ownership
#1500	The maximum carry weight read 12 on both sides at all six snapshots and matched the body snapshot's own field on both sides, which is what proves the harness's Java-member call wrapper sound.	M	run:td2-20260910-231655 teardown-simplestatus.json grades[].maxWeight_cross_check	n=1; one session on 42.20.4, one character; an integer, so no band applies	settled		mechanism	docs/mods-survey/teardowns/simplestatus.md § Controls carried on the same session	platform/harness.md#witness
#1501	Two of the nutrition update's three gates were read on both sides and were false throughout, so neither was exercised in its blocking state, and the third -- the sandbox nutrition switch ahead of them -- has no bus reader and was not read; the two sides' world clocks had also not diverged.	M	run:td2-20260910-231655 teardown-simplestatus.json grades[].fields; run:td2-20260910-231655 teardown-simplestatus.json grades[0].worldAge	n=1; one session on 42.20.4; recorded rather than assumed, and neither gate was seen blocking	settled		bound	docs/mods-survey/teardowns/simplestatus.md § Controls carried on the same session	facts/eating-pipeline.md#sandbox
#1502	A vendor-prefixed translation key is a sound load probe: a client-side lookup of one of this mod's keys answered the mod's own value with miss false, and because vanilla defines no key with that prefix and a translation miss returns the key itself, a mod-absent run cannot pass the probe by echoing the key back.	M	run:td2-20260910-231655 teardown-simplestatus.json verify[0]; jar:Translator.getTextInternal @116-@138 L434-L435	n=1; one session on 42.20.4, one key; the acceptance run saw it first but is provenance, not evidence	settled		mechanism	docs/mods-survey/teardowns/simplestatus.md § Did the mod load, and what does the server see of it?	facts/other-mods/simplestatus.md#techniques
#1503	The mod's three console prints appear on the client in execution order and together prove the bar was built.	M	run:td2-20260910-231655 teardown-simplestatus.json mod_log_reading.all_three	n=1; one session on 42.20.4; the console file itself is under the gitignored run directory and the committed key is the reading	settled		mechanism	docs/mods-survey/teardowns/simplestatus.md § Did the mod load, and what does the server see of it?	facts/other-mods/simplestatus.md#architecture
#1504	A dedicated server does install and load a client-only mod's shared translation tree, printing one overrides line per shipped translation file -- 13 for this mod, one per language tree it ships -- so the loader's word overrides is file-level and not a key collision, and no mod Lua runs on the server because there is none to run.	C	jar:ZomboidFileSystem.loadMod @324-@372 L769-L770; data:data/mod-inventory.json swept 2026-09-10 17:47; mod:2867431511/42.16/media/lua/shared/Translate/EN/IG_UI.json:7 "IGUI_SS_BARTITLE_HAPPY"	snapshot 2026-09-10; the 13 is the file census -- the live tree ships 13 language directories, each holding one translation JSON -- against the jar's one-line-per-shadowed-file print, not a count re-read off a log; the artifact's own server mod-log key is a SATURATED grep, not an exhaustive one, because the driver's reader breaks at its limit of five, so a result of exactly five means the log held at least that many and the reader stopped	settled		mechanism	docs/mods-survey/teardowns/simplestatus.md § Did the mod load, and what does the server see of it?	platform/mod-anatomy.md#client-only-mods
#1505	The server's loader printed five matching mod-log lines for this mod: one load line and four overrides lines.	C	repo:testing/experiments/td2_simplestatus.py:569 "grep_file(server.log_path, MOD_RX, limit=5)"	C-only; the driver's grep limit was five and the reader breaks at its limit, so five hits means saturation and never exhaustion	superseded	#1504	count	docs/mods-survey/teardowns/simplestatus.md § Did the mod load, and what does the server see of it?	
#1506	A profile run's mod-folder metadata is not an answer to the folder-rename question: on this filesystem the two spellings of the folder are the same directory, and no profile can reach the installer's folder-name-keeping branch at all, because every profile mod carries a non-empty source and the fallback belongs to the plain non-profile path.	C	repo:testing/pzt/mods.py:71-73 "Copy a workshop mod into mods_dir (folder name kept: the id comes from mod.info"; repo:testing/pzt/profile.py:190-196 "hit = index.get(mod_id)"	C-only; run metadata, and the first half of the open question is measured while this half is not	settled		bound	docs/mods-survey/teardowns/simplestatus.md § Did the mod load, and what does the server see of it?	platform/harness.md#profiles
#1507	A container reading is presence and within-side stability only: the leading type token agreed on both sides while the full strings differed exactly where the jar says they must, because the container's string ends in the parent object's per-JVM identity hash.	M	run:td3-20260911-001948 teardown-autocook.json carrier.container_note; jar:ItemContainer.toString @0-@16 L3513; jar:IsoObject.toString @42 L5982	n=1; presence and within-side stability only, on two sessions; comparing the strings across sides reads as a desync and is not one	settled		bound	docs/mods-survey/teardowns/simplestatus.md § Two pass-1 follow-up controls carried on this session — NOT simpleStatus findings; docs/mods-survey/teardowns/autocook.md § The carrier — pass 1's freeze and pass 2's moving copy, reconciled	platform/harness.md#reading-a-reply
#1508	Deriving a client-side indicator from packet-carried inputs beats syncing it, and the technique is the dependency check rather than the trick: it holds only while every input is packet-carried, and here one of them -- the weight-band traits -- is not, so the dependency list must be written down when it is used.	C	mod:2867431511/42.16/media/lua/client/ss.stats.lua:404-411 "if player:getNutrition():isIncWeight() or player:getNutrition():isIncWeightLot()"	none; read 2026-09-10; rests on the measured flag agreement and on its untested trait dependency	settled		rule	docs/mods-survey/teardowns/simplestatus.md § Techniques worth stealing	facts/other-mods/simplestatus.md#techniques
#1509	One modData key holding a flat table of scalars exercises all four types the wire carries -- string, number, boolean and the containing table itself -- and contains none of the ones the wire silently drops, which is a property worth checking deliberately rather than discovering later.	C	mod:2867431511/42.16/media/lua/client/ISSSBar.lua:18-36 "local function savePlayerData(config, player)"	none; read 2026-09-10; rests on the modData packet's type bytes	settled		rule	docs/mods-survey/teardowns/simplestatus.md § Techniques worth stealing	facts/other-mods/simplestatus.md#techniques
#1510	Consuming extension points and patching nothing is a clean shape for a UI mod: a derived panel with super-calls, two vanilla event dispatchers and the vanilla mod-options API, with zero vanilla tables touched, zero script blocks and one global name in the whole mod.	C	mod:2867431511/42.16/media/lua/client/ISSSBar.lua:53 "local SSBar = ISPanel:derive("; mod:2867431511/42.16/media/lua/client/SimpleStatus.lua:3 "SimpleStatus = {"	none; read 2026-09-10	settled		rule	docs/mods-survey/teardowns/simplestatus.md § Techniques worth stealing	facts/other-mods/simplestatus.md#techniques
#1511	A prefixed translation key is a cheap load probe that survives a mod having no scripts and no server state: 52 keys in 13 language trees under a vendor prefix vanilla never uses gave this subject its only bus-readable evidence that the mod had loaded.	C	mod:2867431511/42.16/media/lua/shared/Translate/EN/IG_UI.json:7 "IGUI_SS_BARTITLE_HAPPY"	snapshot 2026-09-10	settled		rule	docs/mods-survey/teardowns/simplestatus.md § Techniques worth stealing	facts/other-mods/simplestatus.md#techniques
#1512	Cache anything read from a pushed store at the push cadence rather than the frame cadence: a 1 Hz source read at 60 Hz is 59 wasted reads out of 60.	C	mod:2867431511/42.16/media/lua/client/ISSSBar.lua:464 "self:prepareBarInfo()"	C-only; rests on the per-frame read counts this mod's render loop was read to make, and on the measured arrival of its source once a second	settled		rule	docs/mods-survey/teardowns/simplestatus.md § Pitfalls / anti-patterns	facts/other-mods/simplestatus.md#pitfalls
#1513	Each of the mod's seven save sites replaces the server's whole copy of that player's modData with the client's, and the mod that loses data to it is not the one that called the transmit.	C	mod:2867431511/42.16/media/lua/client/ISSSBar.lua:274 "savePlayerData(self.config, self.player)"; mod:2867431511/42.16/media/lua/client/ISSSBar.lua:35 "player:transmitModData()"	none; read 2026-09-10 -- the seven save sites are stated by the row that owns them and the neighbour-hazard sentence by the rule row, so this restatement is kept only for the tag history	superseded	#1482, #1497	mechanism	docs/mods-survey/teardowns/simplestatus.md § Pitfalls / anti-patterns	
#1514	The mod hard-codes display bands that encode vanilla's balance -- calories at -2000, 1000 and 3500, carbohydrates and lipids at -500, 0 and 1000, proteins breaking at -300, 50, 300 and 700 with multiplier captions between 50 and 300 and at or below -300 -- so if those numbers move the colours lie, silently.	C	mod:2867431511/42.16/media/lua/client/ss.stats.lua:275 "stats.calories.vs = { -2000, 1000, 3500 }"; mod:2867431511/42.16/media/lua/client/ss.stats.lua:289 "stats.carbohydrates.vs = { -500, 0, 1000 }"; mod:2867431511/42.16/media/lua/client/ss.stats.lua:253 "if value < -300 then"	none; read 2026-09-10	settled		mechanism	docs/mods-survey/teardowns/simplestatus.md § Pitfalls / anti-patterns	facts/other-mods/simplestatus.md#pitfalls
#1515	The mod does environment-dependent work at file-load time, unguarded: its options file calls the mod-options API at require time while the panel file is still being resolved, with no protected call and no nil check, so on a build without that API the whole require chain would take the mod down and no events would register at all.	C	mod:2867431511/42.16/media/lua/client/ss.options.lua:11 "setup()"; mod:2867431511/42.16/media/lua/client/ss.options.lua:6 "local opt = PZAPI.ModOptions:create(MOD_ID"	none; read 2026-09-10; the API is vanilla on 42.20.4, so this is latent rather than live	settled		mechanism	docs/mods-survey/teardowns/simplestatus.md § Pitfalls / anti-patterns	facts/other-mods/simplestatus.md#pitfalls
#1516	The mod's registration API silently breaks its caller: it writes into a reverse table whose derived index was already built at file-load time, so a reverse stat registered later never reaches that index, gets no context-menu toggle and no toggle entry, and worse, the bar builder skips any name present as a key in the reverse table, so the primary stat the extender paired it with disappears from the bar.	C	mod:2867431511/42.16/media/lua/client/SimpleStatus.lua:30 "if reverse_stat then"; mod:2867431511/42.16/media/lua/client/ss.stats.lua:700 "stats._reverse._values = {}"; mod:2867431511/42.16/media/lua/client/ISSSBar.lua:146 "if not stats._reverse[name] and self.config.shownConfig[name] then"	none; read 2026-09-10; nothing in the 230-mod corpus calls the API, so it has never fired	settled		mechanism	docs/mods-survey/teardowns/simplestatus.md § Pitfalls / anti-patterns	facts/other-mods/simplestatus.md#pitfalls
#1517	Three dead branches read like live code: one settings-menu site indexes the toggle table by the reverse name while its two partner sites key it by the primary name so it never fires, one local is assigned from modData and never read, and a wholly commented-out compatibility function is still called; a seventh oddity is not a defect -- one type string is spelled correctly while seven others carry a misspelling, inert because the only test reads the last eight characters.	C	mod:2867431511/42.16/media/lua/client/ISSSBar.lua:508 "if self.config.toggleStats[getReverseStat(name)] then"; mod:2867431511/42.16/media/lua/client/ss.main.lua:59 "local md = player:getModData()"; mod:2867431511/42.16/media/lua/client/ss.mods.compatible.lua:5 "return function()"; mod:2867431511/42.16/media/lua/client/ISSSBar.lua:182 "string.sub(_type, -8) == "	snapshot 2026-09-10; the misspelling count is a grep of one tree	settled		mechanism	docs/mods-survey/teardowns/simplestatus.md § Pitfalls / anti-patterns	facts/other-mods/simplestatus.md#pitfalls
#1518	One global the mod calls has no Lua definition anywhere in the game's tree: it is a Java-exposed global reached only from the hover-bar path, present on every B42 build this library has touched, and it is the one name in the file with no Lua source to point at -- a version dependency nobody wrote down.	C	mod:2867431511/42.16/media/lua/client/ISSSBar.lua:352 "x = toInt(x - bar.x)"	snapshot 2026-09-10; a grep of the game's whole Lua tree	settled		mechanism	docs/mods-survey/teardowns/simplestatus.md § Pitfalls / anti-patterns	facts/other-mods/simplestatus.md#pitfalls
#1519	Load order is irrelevant to the mod itself -- no dependency line, no monkey-patching, no script blocks, no global collision in the corpus and both its events vanilla dispatchers -- and its only order-sensitive surface is outbound: a mod extending it must register after its declaring file has run and before the player-creation event, because the bar builder snapshots the stat list at player creation.	C	mod:2867431511/42.16/media/lua/client/ss.main.lua:34 "for _, name in ipairs(stats._values) do"; mod:2867431511/42.16/media/lua/client/SimpleStatus.lua:26 "addStat = function(self, name, stat, reverse_stat)"	none; read 2026-09-10	settled		mechanism	docs/mods-survey/teardowns/simplestatus.md § Compatibility notes	facts/other-mods/simplestatus.md#compat
#1520	The transmit blast radius is the mod's real compatibility risk and it is a constraint on a neighbour's design rather than on this mod's: any mod keeping authoritative per-player state in player modData on the server without pushing it to the client first loses it to the next bar drag.	M	run:td2-20260910-231655 teardown-simplestatus.json wipe_reading	n=1; one session on 42.20.4, one character -- the rule this restates is owned by the rule row, so this compatibility-section copy is kept only for the tag history	superseded	#1497	mechanism	docs/mods-survey/teardowns/simplestatus.md § Compatibility notes	
#1521	The mod replaces no vanilla UI file -- it adds a panel of its own to the UI manager -- so a UI-replacing neighbour has nothing to fight over, and the only shared resources are screen space and two default key binds, both user-rebindable.	C	mod:2867431511/42.16/media/lua/client/ss.main.lua:82 "Events.OnCreatePlayer.Add(onCreatePlayer)"; mod:2867431511/42.16/media/lua/client/ss.options.lua:6 "local opt = PZAPI.ModOptions:create(MOD_ID"	none; read 2026-09-10	settled		mechanism	docs/mods-survey/teardowns/simplestatus.md § Compatibility notes	facts/other-mods/simplestatus.md#compat
#1522	The mod is a viewer of exactly the numbers an item-pass rebalance moves: the five getters it draws are the five fields such a pass changes, so any change to the vanilla macro numbers is immediately visible to users through its bar with no cooperation needed and no way to annotate it, and because its display bands are hard-coded, re-basing the macro scale makes its colours and its two multiplier captions wrong silently on every client that has it installed.	C	mod:2867431511/42.16/media/lua/client/ss.stats.lua:238 "return round(player:getNutrition():getProteins(), 1)"; mod:2867431511/42.16/media/lua/client/ss.stats.lua:275 "stats.calories.vs = { -2000, 1000, 3500 }"	none; read 2026-09-10	settled		mechanism	docs/mods-survey/teardowns/simplestatus.md § Compatibility notes	facts/other-mods/simplestatus.md#compat
#1523	What a client-side reader gets right and wrong splits on the packet's field list both times: on player nutrition everything it draws is right and late by under a second, while on a cooked item the two age-window fields, the cookable and custom-weight flags and the thirst getter are wrong on a client.	M	run:td2-20260910-231655 teardown-simplestatus.json grades[].macros; run:td1-20260910-192457 teardown-longtermpreservation4220.json comparisons[2]	n=1; one session per subject on 42.20.4, one character and one item	settled		mechanism	docs/mods-survey/teardowns/simplestatus.md § Compatibility notes	facts/other-mods/simplestatus.md#mp
#1524	Beyond Ten is workshop item 3765241705, mod id BeyondTen by Patryk, examined in its 42 tree on 2026-09-04, whose Lua is eight files of which this teardown reads the four shared ones plus one client compatibility file, with a B41 root tree and a common tree beside the version one.	C	mod:3765241705/42/media/lua/shared/BeyondTen/Shared.lua:166 "function BT.GetStoredXP(character, perkOrId)"	C-only; read 2026-09-04, sources backfilled 2026-09-10, and no run in the artifact tree evidences any of it	settled		mechanism	docs/mods-survey/teardowns/beyondten.md § Teardown: Beyond Ten — Level 15 Skills	facts/other-mods/beyondten.md#architecture
#1525	Beyond Ten extends every trainable skill to level 15 with mastery levels on top of the native 10 cap, a 15-slot skills UI and per-skill bonuses for ranks 11 to 15.	C	mod:3765241705/42/media/lua/shared/BeyondTen/Shared.lua:231 "function BT.GetMasteryState(character, perkOrId)"	C-only; read 2026-09-04, no run behind it	settled		mechanism	docs/mods-survey/teardowns/beyondten.md § What it does	facts/other-mods/beyondten.md#what-it-does
#1526	Beyond Ten leaves the native cap untouched and layers a parallel stat the Java engine does not know about: mastery experience is banked in character modData once native experience is full, and levels are derived on read from stored experience against per-level costs of the level-10 cost plus the level-9-to-10 step times the ranks above 10.	C	mod:3765241705/42/media/lua/shared/BeyondTen/Shared.lua:166 "function BT.GetStoredXP(character, perkOrId)"; mod:3765241705/42/media/lua/shared/BeyondTen/Shared.lua:198 "local step = xp10 - xp9"; mod:3765241705/42/media/lua/shared/BeyondTen/Shared.lua:205 "local cost = math.max(1, BT.Round(xp10 + step * (level - BT.NATIVE_MAX_LEVEL)))"	C-only; read 2026-09-04 and re-located by content 2026-09-21, the mod having been updated since	settled		mechanism	docs/mods-survey/teardowns/beyondten.md § Architecture — the parallel-stat blueprint	facts/other-mods/beyondten.md#architecture
#1527	Beyond Ten delivers its effects three ways: idempotent wrappers on two vanilla action methods, injection of an effective level into the local a vanilla Lua function read so that vanilla's own formulas scale for free, and event-time maths for wear negation and carry weight, the last of which registers as a modifier provider with a carry-weight framework when that framework is present rather than clobbering the field.	C	mod:3765241705/42/media/lua/shared/BeyondTen/Bonuses.lua:305 "if ISBaseTimedAction.adjustMaxTime == BT._timedActionBonusWrapperB42 then return end"; mod:3765241705/42/media/lua/shared/BeyondTen/ExtendedBonuses.lua:142 "action.doctorLevel = effectiveLevel(character, Perks.Doctor)"; mod:3765241705/42/media/lua/shared/BeyondTen/Bonuses.lua:126 "return getUCWFFramework() ~= nil or isUCWFModEnabled()"	C-only; read 2026-09-04 and re-located by content 2026-09-21	settled		mechanism	docs/mods-survey/teardowns/beyondten.md § Architecture — the parallel-stat blueprint	facts/other-mods/beyondten.md#architecture
#1528	Beyond Ten keeps all of its state in character modData, so it is saved and synced by the engine's own character path and needs no custom packet for persistence, and its bonuses are recomputed locally from that modData on both sides because the server loads the same shared files.	C	mod:3765241705/42/media/lua/shared/BeyondTen/Shared.lua:166 "function BT.GetStoredXP(character, perkOrId)"	C-only; read 2026-09-04, no run in the artifact tree evidences it and no desync was looked for under measurement	settled		mechanism	docs/mods-survey/teardowns/beyondten.md § MP handling	facts/other-mods/beyondten.md#mp
#1529	Guard a monkey-patch with a sentinel that returns early when the target is already your own wrapper and store the original on your own namespace: it makes the patch safe under a Lua hot reload.	C	mod:3765241705/42/media/lua/shared/BeyondTen/Bonuses.lua:305 "if ISBaseTimedAction.adjustMaxTime == BT._timedActionBonusWrapperB42 then return end"; mod:3765241705/42/media/lua/shared/BeyondTen/Bonuses.lua:324 "if ISReloadWeaponAction.setReloadSpeed == BT._reloadingBonusWrapperB42 then return end"	C-only; read 2026-09-04 and re-located by content 2026-09-21	settled		rule	docs/mods-survey/teardowns/beyondten.md § Techniques worth stealing	facts/other-mods/beyondten.md#techniques
#1530	Store the experience and derive the level on read rather than storing the level, so a change to the cost curve needs no migration; and keep per-item or per-player transient state in a weak-keyed cache so nothing leaks across a long multiplayer session.	C	mod:3765241705/42/media/lua/shared/BeyondTen/Shared.lua:231 "function BT.GetMasteryState(character, perkOrId)"; mod:3765241705/42/media/lua/shared/BeyondTen/Bonuses.lua:7 "BT._bonusPlayersB42"	C-only; read 2026-09-04 and re-located by content 2026-09-21	settled		rule	docs/mods-survey/teardowns/beyondten.md § Techniques worth stealing	facts/other-mods/beyondten.md#techniques
#1531	Detect a cooperating framework and register with it instead of taking last-write-wins on a contested field such as maximum carry weight, and ship explicit third-party shims rather than assuming.	C	mod:3765241705/42/media/lua/shared/BeyondTen/Bonuses.lua:126 "return getUCWFFramework() ~= nil or isUCWFModEnabled()"; mod:3765241705/42/media/lua/shared/BeyondTen/SkillRecoveryJournal.lua:3 "BeyondTenSkillRecoveryJournal = BeyondTenSkillRecoveryJournal or {}"	C-only; read 2026-09-04 and re-located by content 2026-09-21	settled		rule	docs/mods-survey/teardowns/beyondten.md § Techniques worth stealing	facts/other-mods/beyondten.md#techniques
#1532	Effective-level injection is inherently brittle, because each injection point pins a vanilla local-variable pattern and a game update silently breaks individual bonuses: it is acceptable for bonuses and not for core nutrient maths, which must own its own event tick instead.	C	mod:3765241705/42/media/lua/shared/BeyondTen/ExtendedBonuses.lua:159 "return math.max(1, 140 - action.doctorLevel * 4)"	C-only; read 2026-09-04, no run behind it	settled		mechanism	docs/mods-survey/teardowns/beyondten.md § Pitfalls	facts/other-mods/beyondten.md#pitfalls
#1533	ItemQuality is one of the mod ids inside workshop item 3624538051, examined in its only version folder from files dated 2026-09-04, and the teardown of it rests on a code read plus a live bug investigation whose write-up lives in a separate repository and is therefore not checkable from a clone of this one.	C	mod:3624538051/42/media/lua/server/EventHandlers/CraftQualityHandler.lua:150 "local originalPerformRecipe = ISHandcraftAction.performRecipe"	C-only; read 2026-09-04, sources backfilled 2026-09-10, and no run in the artifact tree evidences any of it; the mod updates roughly daily	settled		mechanism	docs/mods-survey/teardowns/itemquality.md § Teardown: ItemQuality (Girth's Quest System module)	facts/other-mods/itemquality.md#architecture
#1534	ItemQuality rolls a quality tier on eligible crafted weapons and clothing, applies point-bought stat buffs including a raised condition maximum, shows the tier in tooltips and preserves it through a dismantle and reforge using salvage markers.	C	mod:3624538051/42/media/lua/shared/Utilities/ItemQualityConfig.lua:98 "Config.Categories = {"	C-only; read 2026-09-04, no run in this repository evidences it	settled		mechanism	docs/mods-survey/teardowns/itemquality.md § What it does	facts/other-mods/itemquality.md#what-it-does
#1535	ItemQuality's entry is a monkey-patch of the handcraft action's recipe method in its server tree which, during the wrapped call, replaces the add-or-drop function so every output item is intercepted at creation and then restores it.	C	mod:3624538051/42/media/lua/server/EventHandlers/CraftQualityHandler.lua:150 "local originalPerformRecipe = ISHandcraftAction.performRecipe"; mod:3624538051/42/media/lua/server/EventHandlers/CraftQualityHandler.lua:171 "Actions.addOrDropItem = function(character, item)"	C-only; read 2026-09-04 and re-located by content 2026-09-21	settled		mechanism	docs/mods-survey/teardowns/itemquality.md § Architecture	facts/other-mods/itemquality.md#architecture
#1536	ItemQuality rolls its tier from the average of the recipe's required skill levels with a carry-over chance from the consumed ingredients' tiers, stores salvage markers in the modData of non-eligible intermediates so a multi-step chain survives, keeps the tier, the modifiers, the crafter and a known condition in item modData, and restores non-persistent fields from that modData on equip and on player events.	C	mod:3624538051/42/media/lua/shared/Utilities/ItemQualityData.lua:13 "Data.SALVAGE_KEY"; mod:3624538051/42/media/lua/shared/Utilities/QualityModifiers.lua:112 "function Modifiers.Reapply(item)"	C-only; read 2026-09-04 and re-located by content 2026-09-21	settled		mechanism	docs/mods-survey/teardowns/itemquality.md § Architecture	facts/other-mods/itemquality.md#architecture
#1537	ItemQuality's root problem is that its buffs write Java item fields the engine does not serialise or sync: the item-field sync packet carries condition, head condition, sharpness and modData but not the condition maximum, and the condition setter clamps to the receiver's maximum, so a server copy on the script maximum clamps a buffed 18 down to 13 and echoes it back.	C	mod:3624538051/42/media/lua/shared/Utilities/ItemQualityConfig.lua:115 "refillCondition = true, persistent = false,"	C-only; read 2026-09-04 against a live investigation in a separate repository, and no run in this repository measures it	settled		mechanism	docs/mods-survey/teardowns/itemquality.md § MP handling — the case study	facts/other-mods/itemquality.md#mp
#1538	ItemQuality's mitigation is to mark the affected fields non-persistent and reapply them client-side on events, which works for fields only the client reads, such as damage and reach where combat resolves client-side, and fails for server-echoed fields such as condition; the durability case was later fixed for headed weapons because the head condition maximum is a persisted attribute.	C	mod:3624538051/42/media/lua/shared/Utilities/ItemQualityConfig.lua:118 "HeadConditionMax"; mod:3624538051/42/media/lua/shared/Utilities/QualityModifiers.lua:112 "function Modifiers.Reapply(item)"	C-only; read 2026-09-04 and re-located by content 2026-09-21	settled		mechanism	docs/mods-survey/teardowns/itemquality.md § MP handling — the case study	facts/other-mods/itemquality.md#mp
#1539	ItemQuality's salvage-restore path passes a preserve-condition flag into the apply function, which skips the refill, so a reforged weapon sits permanently at its script or buffed maximum, and the known-condition write runs unconditionally, poisoning the one-shot recovery guard so its known-greater-than-current test is never true.	C	mod:3624538051/42/media/lua/shared/Utilities/QualityModifiers.lua:79 "function Modifiers.Apply(item, pointMap, preserveCondition)"; mod:3624538051/42/media/lua/shared/Utilities/QualityModifiers.lua:93 "if not preserveCondition then"; mod:3624538051/42/media/lua/shared/Utilities/QualityModifiers.lua:133 "if known > condition and condition == item:getScriptItem():getConditionMax() then"	C-only; read 2026-09-04, reported upstream with a patch, and re-located by content 2026-09-21 in a mod that updates roughly daily	settled		mechanism	docs/mods-survey/teardowns/itemquality.md § MP handling — the case study	facts/other-mods/itemquality.md#pitfalls
#1540	Intercepting the add-or-drop function during a wrapped craft gives a clean per-output-item hook without touching Java, a salvage marker in an intermediate's modData carries stat continuity across a multi-recipe chain, and a config-table-driven stat system with fields, per-point values and eligibility predicates is declarative and extensible.	C	mod:3624538051/42/media/lua/server/EventHandlers/CraftQualityHandler.lua:171 "Actions.addOrDropItem = function(character, item)"; mod:3624538051/42/media/lua/shared/Utilities/ItemQualityConfig.lua:98 "Config.Categories = {"	C-only; read 2026-09-04 and re-located by content 2026-09-21	settled		rule	docs/mods-survey/teardowns/itemquality.md § Techniques worth stealing	facts/other-mods/itemquality.md#techniques
#1541	Never store authoritative mod state in unsynced Java fields: modData is synced and saved, and live fields are a cache derived from it.	C	mod:3624538051/42/media/lua/shared/Utilities/QualityModifiers.lua:112 "function Modifiers.Reapply(item)"	C-only; rests on the unsynced-field case study, which no run in this repository measures	settled		rule	docs/mods-survey/teardowns/itemquality.md § Pitfalls → rules for our mod	facts/other-mods/itemquality.md#pitfalls
#1542	A reapply layer must be idempotent and continuous rather than one-shot, and a tracker must never overwrite the source of truth with a clamped observation; and on a dedicated server assume the server echoes item numerics, so test every stat with a relog and a second client before shipping.	C	mod:3624538051/42/media/lua/shared/Utilities/QualityModifiers.lua:99 "Data.SetKnownCondition(item, item:getCondition())"	C-only; rests on the reforge defect, which no run in this repository measures	settled		rule	docs/mods-survey/teardowns/itemquality.md § Pitfalls → rules for our mod	facts/other-mods/itemquality.md#pitfalls
#1543	Workshop item 3624538051 carries 5 mod folders as of the 2026-09-10 sweep -- the quest system, the economy, the base quests, the item quality module and a quality-enhancements module -- not the four the teardown's header bullet names from its September read.	C	data:data/mod-inventory.json swept 2026-09-10 17:47	snapshot 2026-09-10; a dated corpus count that drifts	settled		count	docs/mods-survey/teardowns/itemquality.md § Sources	facts/other-mods/catalog.md#status
#1544	A server-pinned vanilla steak held above the cooking gate did move on the client -- heat 2 to 1.697029948234558 and cooking time 0 to 0.1182333305478096 over 10.5 s -- and the two sides were bit-identical across a 0.5 s read offset, during which an independently ticking copy would have decayed further at about 0.029 of heat per second.	M	run:td2-20260910-231655 teardown-simplestatus.json appendix.A2.client_read_2; run:td2-20260910-231655 teardown-simplestatus.json appendix.A2.server_read_2	n=1; one item, one 10.5 s window, one fixture, on a session whose every other reading is one character and one machine; two agreeing reads cannot settle whether the client's copy simulates, so the artifact's own ticked boolean names the wrong question and must not be cited	settled		mechanism	docs/mods-survey/teardowns/simplestatus.md § Two pass-1 follow-up controls carried on this session — NOT simpleStatus findings	platform/mp-model.md#what-a-client-copy-is
#1545	Whether a resident mod's protected-call wrapper changes what an unguarded raise does on a client is open: the run that would have measured the nested shape lost every client reading, its client bus never answering, and on a debug client even a caught nested raise routes through the Kahlua failure path and parks the process.	M	run:x127-20260911-052049 platform-raise.json bus_dead	n=1; server VM only, two passes -- the client bus was dead for the whole session, so every client-side reading is null and the client verdict is unmeasured; the settling check is a three-mod profile booted twice with the two mod orders, reading the loader's override tail, the globals of both mods and the client console for both failure signatures	open		open	docs/mods-survey/teardowns/autocook.md § Compatibility notes	platform/lua-platform.md#open
