id	claim	grade	pointer	bound	status	successor	kind	source	owner
#1701	The orchestrator ships seven commands — provision, boot, attach, run, scenario, spike and doctor — each with what it does and what it costs, from a roughly two-and-a-half-minute fixture provision through a fourteen-second warm boot to a one-minute run plus its hold.	C	repo:testing/pzt/cli.py:239-301 "p = sub.add_parser("	none; the inventory and its costs as the harness stood at 2026-09-17 on one machine	settled		table	docs/testing/README.md § pzt — the orchestrator	platform/harness.md#pzt
#1702	A run exits 0 only when the session had zero non-baseline server errors and no client Lua errors, so a green exit is a statement about the whole session and not only about the test; the three fault reasons are a mod the game did not load, a non-baseline server error line and a client that logged a Lua error.	C	repo:testing/pzt/session.py:250 "def fault_reasons(server, clients):"	none; the check is called after teardown so the server's closing log lines count	settled		rule	docs/testing/README.md § pzt — the orchestrator	platform/harness.md#pzt
#1703	The doctor command is the cold-start gate before any boot: it reports a stray game Java process and never kills it, checks three ports are free, checks the fixture is present and build-matched, checks the workshop index is reachable and that the test runner is available, and exits 1 on a failure.	C	repo:testing/pzt/doctor.py:46 "def run(a):"; repo:testing/pzt/doctor.py:55 "busy, ignored = _ports_in_use([27261, 27262, 27015])"	none; the port check counts only listening and established local sockets, so a lingering closed connection does not false-fail it	settled		rule	docs/testing/README.md § pzt — the orchestrator	platform/harness.md#procedure
#1704	A scenario runs the Python evaluator before it restores the time multiplier, because the evaluator is scenario code that can raise and a raise must not skip the speed restore, which sits in a cleanup block so a world change cannot outlive the run; the artifact then carries the profile and the probe results on every run, null and empty when there was no profile.	C	repo:testing/pzt/scenario.py:218 "settimespeed is a WORLD change and must not outlive the run, whatever went wrong"	none; the order as coded	settled		order	docs/testing/README.md § pzt — the orchestrator	platform/harness.md#scenarios
#1705	Measured evidence a document cites is copied at slice close into a tracked per-run artifact folder as JSON only, kept byte-identical, while the full run directories with their logs stay local and untracked.	C	repo:testing/artifacts/README.md:3 "Tracked, immutable copies of the **measured evidence** that the docs cite as `M` rows."	none; a discipline as practised, not a property of the game	settled		rule	docs/testing/README.md § pzt — the orchestrator	platform/harness.md#artifacts-discipline
#1706	Every invocation writes its own run directory holding the server log, the server and per-client cachedirs and a report of timeline and events, where a timeline mark is a seconds-since-start stamp plus a phase, and a step that measured its own cost adds a separate duration field.	C	repo:testing/pzt/session.py:122 "mods_not_found` was intended (Task 2 review)."	none; artifacts committed before the slice-07 final fix wave carry that duration in the elapsed slot instead	settled		mechanism	docs/testing/README.md § pzt — the orchestrator	platform/harness.md#artifacts-discipline
#1707	Put every negative a run establishes into the artifact's own output: the driver that measured one held the not-found mod lists on its server and client objects and never wrote them to the file, so that artifact cannot say no mod failed to load.	C	repo:testing/pzt/client.py:65 "self.mods_not_found = []"; repo:testing/pzt/server.py:155 "self.mods_not_found = []"	none; a driver-review lesson recorded rather than applied, because a driver is frozen once its run is committed	settled		rule	docs/testing/README.md § pzt — the orchestrator	platform/harness.md#driver-rules
#1708	Record the measured window and not the requested sleep, and name a snapshot tag by its measured offset and not its intended one: one driver's window field read 10.0 seconds where the reads' own wall stamps give 12.54, and its tag named for three seconds after a transmit actually opened 7.58 seconds after it.	M	run:td3-20260911-001948 teardown-autocook.json phase2	n=1; one session, build 42.20.4, fixture default, one mod, one character, one machine; the driver's own window and tag keys are do-not-cite for exactly this reason	settled		rule	docs/testing/README.md § pzt — the orchestrator	platform/harness.md#driver-rules
#1709	Keep a dormant fallback's routing table as wide as the commands that can reach it: one driver's probe fallback mapped only the two witness commands onto a result-document name although the probe also carried three more, so a fire on one of those would block on the wrong document.	C	repo:testing/experiments/td3_autocook.py:226 "def probe(side, cmd, args, timeout=20):"	none; one driver, the branch never fired	settled		rule	docs/testing/README.md § pzt — the orchestrator	platform/harness.md#driver-rules
#1710	A driven client is a Java process started directly with no launcher executable and therefore no elevation prompt, run with no Steam, its own cachedir, no sound, no voice and a connect argument naming the server's address and port, with the debug flag added only for the admin account.	C	repo:testing/pzt/client.py:132 "args = ["	none; one machine, one build	settled		mechanism	docs/testing/README.md § How a driven client is controlled	platform/harness.md#driven-client
#1711	Never launch a client in safe mode: it turns a seventeen-second world load into about 120, roughly seven times slower.	C	repo:testing/pzt/client.py:136 "args.insert(2, "	none; one machine, one build	settled		rule	docs/testing/README.md § How a driven client is controlled	platform/harness.md#driven-client
#1712	The debug flag is session-ending for a driven client: on two independent boots the client reached the in-game state, printed one complete trace and then stopped — console dead at the last trace line, its ready line never printed, the bus never answering a command, and the process still alive.	M	run:x127-20260911-052049 platform-raise.json summary.client_bus_answered	n=2; two boots for the freeze and one session for the server readings, one build, one probe file, one raise family; every client-side reading of that session is unusable because the client froze before it answered anything	settled		mechanism	docs/testing/README.md § How a driven client is controlled	platform/harness.md#driven-client
#1713	The route into the modal break is the debug arm of the Kahlua failure helper, which prints its failure message and calls the interface breakpoint before the throw; the breakpoint returns at once on a server, so no server ever breaks, and otherwise enters the modal synchronisation pump.	C	jar:KahluaUtil.fail @95 L95; jar:UIManager.debugBreakpoint @0 L1183	C-only; the route is a jar read and only its two arms are measured	settled		mechanism	docs/testing/README.md § How a driven client is controlled	platform/harness.md#driven-client
#1714	Guarded harness code is safe on a debug client — an index-first call never raises and the argument-slot protected call never reaches the failure helper — while an unguarded raise, or a nested protected-call raise the mod catches, stalls the driven client; a release client is debug-gated and unmeasured.	M	run:x126-20260911-045205 platform-pcall.json summary.values	n=1; one session, two passes, one build, one probe shape for the surviving arm, against two boots for the freeze	settled		rule	docs/testing/README.md § How a driven client is controlled	platform/harness.md#driven-client
#1715	The harness mod has to be in the server's mod list, because the client reloads its Lua with the server's list on join; it then reads a join manifest from its own cachedir, presses connect and steps through the spawn, profession and appearance screens, while a restored fixture client skips creation entirely because the character persists server-side.	C	repo:testing/pzt/client.py:100 "pzt-join.txt"	none; one fixture shape, one machine	settled		mechanism	docs/testing/README.md § How a driven client is controlled	platform/harness.md#driven-client
#1716	A loaded client sits on a click-to-start screen until a mouse click arrives, so the orchestrator posts one to the client's own window, matched by process id and without changing focus, until the harness reports the player's position.	C	repo:testing/pzt/client.py:205 "post one to this client"	none; Windows only, one machine	settled		mechanism	docs/testing/README.md § How a driven client is controlled	platform/harness.md#driven-client
#1717	The command bus is a pair of files in each side's cachedir: the orchestrator writes a sequence number, a command and its arguments, the harness executes each sequence once and answers with an ok or error prefix plus a string or one line of JSON, and the last executed sequence is recovered from the acknowledgement file after a Lua reset. The same reader and writer pair carries it on both sides, the dedicated server polling from the tick event and the once-a-minute one.	C	repo:testing/PZTestKit/PZTestKit/42/media/lua/shared/PZTestKit_Core.lua:3 "Command bus: the orchestrator writes <cachedir>/Lua/pzt-cmd.txt {seq, cmd, args};"	none; one protocol, both sides	settled		mechanism	docs/testing/README.md § Command bus	platform/harness.md#bus
#1718	The translation read answers in four shapes: a hit, a miss that returns the key itself and is reported as a miss, a Java null return reported as a miss carrying a null flag and no text at all, and a usage string when no key is given.	C	repo:testing/PZTestKit/PZTestKit/42/media/lua/shared/PZTestKit_Core.lua:943 "@purpose Looks one translation key up through getText on the side answering; a miss returns the key itself and is reported as miss."	none; the null shape was added by the slice-12 guard, before which a null rendered as a string and read as a hit	settled		mechanism	docs/testing/README.md § Command bus	platform/harness.md#reading-a-reply
#1719	A dedicated server answers the translation command: the lookup exists there and the reply is an ordinary miss, neither a null nor an error — which says the route answers, not that the server's table is populated.	M	run:x124-20260911-035819 platform-order.json summary.O5_bare	n=1; one session, one build, three mod bodies, one item	settled		mechanism	docs/testing/README.md § Command bus	platform/harness.md#reading-a-reply
#1720	Gate a translation-only mod on an interface key and never on an item name: nine keys across two sessions missed on both sides, bare and prefixed forms alike, while the same run read the display name off the instance.	M	run:x124-20260911-035819 platform-order.json summary.O5_prefixed	n=2; two sessions, nine keys, all misses; the first session asked the prefixed form against a B42 table with no positive control	settled		rule	docs/testing/README.md § Command bus	platform/lessons.md#rules
#1721	The translation command's null guard has never fired in a committed run, zero replies carrying the null flag across both sessions that could have triggered it, so it is untriggered rather than confirmed.	M	run:x121-20260911-030023 platform-overrides.json phases.M4	n=2; two sessions, zero null replies; the branch has not executed, so nothing confirms its behaviour	settled		bound	docs/testing/README.md § Command bus	platform/harness.md#walls
#1722	The test layer answers three bus commands: a sorted list of registered names, a run command whose acknowledgement is one of started, unknown, already running with the running name, or a player-resolution error — and only started leads to a result document — and a status reply carrying the running flag, name, clock, due minute, side and sample count.	C	repo:testing/PZTestKit/PZTestKit/42/media/lua/shared/PZTestKit_Test.lua:264-281 "TK.register("	none; shape only	settled		mechanism	docs/testing/README.md § Command bus	platform/harness.md#bus
#1723	The harness's only string setter is the chef field on an item, and it is the only route from the bus into the cooking-experience branch of the food update, because an admin-command spawn leaves that field null; an empty value is refused rather than written, since an empty chef reads as no chef.	C	repo:testing/PZTestKit/PZTestKit/42/media/lua/server/PZTestKit_Server.lua:452 "TK.register("	none; one build; the branch itself is a jar read	settled		mechanism	docs/testing/README.md § Command bus	platform/harness.md#bus
#1724	One side answering a script read is not evidence about the other side, because script data loads per side and is never synced — but both sides run the same implementation and the reply names which side answered.	C	repo:testing/PZTestKit/PZTestKit/42/media/lua/server/PZTestKit_Server.lua:666 "TK.register("; repo:testing/PZTestKit/PZTestKit/42/media/lua/client/PZTestKit_Client.lua:277 "TK.register("	none; the reply carries its side on every script read	settled		rule	docs/testing/README.md § Command bus	platform/harness.md#reading-a-reply
#1725	A zero and an absent accessor are different findings, so a census reply names the members this build does not expose rather than leaving them silently absent: the fluid read lists all sixteen — the fourteen property getters plus the display name and the properties-set test — which is what keeps a false properties-set flag distinguishable from an unexposed member, and the item and recipe counts carry the same separate error key.	C	repo:testing/PZTestKit/PZTestKit/42/media/lua/server/PZTestKit_Server.lua:698 "TK.register("	none; one build, 61 fluid definitions of which ten read the flag false	settled		rule	docs/testing/README.md § Command bus	platform/harness.md#probes
#1726	The item census is the game's own loaded-item list bucketed by the raw item-type string, counted raw so a registry rename is visible rather than silently zeroed, and it is the live cross-check for the script-side food scanner.	C	repo:testing/PZTestKit/PZTestKit/42/media/lua/server/PZTestKit_Server.lua:623 "TK.register("	none; server only, because script data is loaded identically on both sides	settled		mechanism	docs/testing/README.md § Command bus	platform/harness.md#probes
#1727	The fluid string getter answers for only 34 of the 61 definitions, coming back empty for every fluid that also has a built-in enum constant, so the command falls back to stringifying the enum and reports which route named the fluid.	C	repo:testing/PZTestKit/PZTestKit/42/media/lua/server/PZTestKit_Server.lua:698 "TK.register("	none; one build, 61 definitions	settled		mechanism	docs/testing/README.md § Command bus	platform/harness.md#probes
#1728	Neither script-side command can return a per-item macro and no third one could: the food script object exposes no macro getter to Kahlua, so the live macro read-back has to go through a spawned instance instead; fluid containers have no live route at all, the script item exposing no component accessor, so only fluid definitions can be read back from the bus.	C	repo:testing/PZTestKit/PZTestKit/42/media/lua/server/PZTestKit_Server.lua:666 "TK.register("	none; measured on the client and shared with the server implementation	settled		bound	docs/testing/README.md § Command bus	platform/harness.md#walls
#1729	Every intake probe is server-side because a multiplayer client never calls the drink routine at all: the net timed action skips the Lua completion on a client, so a client-side probe would read the once-a-second mirror rather than the store.	C	repo:testing/PZTestKit/PZTestKit/42/media/lua/server/PZTestKit_Server.lua:875 "TK.register("	none; the reason every drink and eat command is server-only	settled		mechanism	docs/testing/README.md § Command bus	platform/harness.md#probes
#1730	The drink probe picks the fullest container instance, ties broken by the highest id, rather than the first match, because the first-match finder would re-select an already-drained can on a second probe of the same type; the candidate list and the pick travel in the reply and a finder field says which route answered.	C	repo:testing/PZTestKit/PZTestKit/42/media/lua/server/PZTestKit_Server.lua:875 "TK.register("	none; selection rule only	settled		mechanism	docs/testing/README.md § Command bus	platform/harness.md#probes
#1731	The drink probe is drift-free by construction: both snapshots are taken inside the one Lua call on either side of the single Java line, so they are the same game tick, and the world age before, after and its delta travel in the reply so that is checked rather than asserted — a bracket around the command is the independent outer reading and does carry the passive drain.	C	repo:testing/PZTestKit/PZTestKit/42/media/lua/server/PZTestKit_Server.lua:875 "TK.register("	none; one command, one build	settled		mechanism	docs/testing/README.md § Command bus	platform/harness.md#probes
#1732	A container's aggregate properties are read before the drink, because an emptied container recalculates to all zeroes.	C	repo:testing/PZTestKit/PZTestKit/42/media/lua/server/PZTestKit_Server.lua:875 "TK.register("	none; one build	settled		mechanism	docs/testing/README.md § Command bus	platform/harness.md#probes
#1733	The drink fraction is a share of the container's current contents and not of its capacity, so on a full can a fraction of one empties it and a half halves it, but a second half takes half of what is left.	C	jar:FluidContainer.removeFluid @0 L1003	C-only; a jar read on build 42.20.4	settled		mechanism	docs/testing/README.md § Command bus	facts/eating-pipeline.md#fluid-path
#1734	A bare recipe name and its module-qualified spelling both answer, craft and evolved alike, but only for a recipe declared in the base module: a recipe declared in another module answers to neither spelling, because both still land in the base module.	M	run:exp06-20260910-112726 recipes.json craft.MakeToast.reply.lookup	n=1; one session, fifteen probes, every one of them a base-module recipe, which is the whole caveat	settled		mechanism	docs/testing/README.md § Command bus	platform/harness.md#probes
#1735	The craft-recipe read carries a third lookup route, tried only after both spellings miss: a walk over every loaded craft recipe matching on the last dotted segment of the cached full type and falling back to the plain name, so a bare non-base name answers and the resolution rule stays measured rather than papered over.	C	repo:testing/PZTestKit/PZTestKit/42/media/lua/server/PZTestKit_Server_Recipes.lua:306 "TK.register("	none; the evolved half is untouched, and a caller who wants the rule exercised asks module-qualified	settled		mechanism	docs/testing/README.md § Command bus	platform/harness.md#probes
#1736	A getter has three outcomes and not two — the build does not expose it, it is there and the call raised, or it answered with nothing — three separate lists, because each getter runs under its own protected call so a dispatch to an arity nobody asked for costs that one key rather than the whole reply.	C	repo:testing/PZTestKit/PZTestKit/42/media/lua/server/PZTestKit_Server_Recipes.lua:306 "TK.register("	none; the middle bucket exists for one overloaded getter, and on this build the no-argument overload is taken and all three lists came back empty on all fifteen probes of one session	settled		mechanism	docs/testing/README.md § Command bus	platform/harness.md#reading-a-reply
#1737	The recipe input count is not the number of input lines: the loader attaches a dash-prefixed line inside an inputs block to the input above it and a plus-prefixed one likewise, neither goes into the inputs list, and the count is that list's size — so a recipe written with a fluid sub-line answers one less than its script has lines, and the dataset's own column takes the same number.	C	jar:CraftRecipe.LoadIO @218-@317 L589-L604; jar:CraftRecipe.getInputCount @0-@7 L257	C-only; a jar read on build 42.20.4, cross-checked against the scanner's own raw lines	settled		mechanism	docs/testing/README.md § Command bus; data/README.md § CSV columns	facts/cooking-and-recipes.md#uses
#1738	The item-use command consumes uses the way a craft input line without an item-count flag does and skips the bookkeeping that follows the reduction — a replace-on-use spawn, the client push when uses remain and the removal when they do not — so a fully consumed item stays in the inventory where the crafting code would have removed it, and the reply says which of the two happened rather than leaving it to be inferred.	C	repo:testing/PZTestKit/PZTestKit/42/media/lua/server/PZTestKit_Server.lua:1162 "TK.register("	none; one build	settled		mechanism	docs/testing/README.md § Command bus	platform/harness.md#probes
#1739	The item-use command refuses an instance already at zero uses and answers with the before snapshot unchanged, because a depleted food has no hunger change and the setter would compute a not-a-number factor and write it into every macro.	C	repo:testing/PZTestKit/PZTestKit/42/media/lua/server/PZTestKit_Server.lua:1162 "TK.register("	none; one build, the guard as coded	settled		mechanism	docs/testing/README.md § Command bus	platform/harness.md#probes
#1740	The static the crafting code itself calls is absent on this build — the exposer's class set does not contain it — so the harness reaches it by indexing the global and the member before the protected call, not because the raise escapes but because a caught nil call names nothing, and the route that actually runs is the current-uses setter.	C	jar:LuaManager$Exposer.shouldExpose @6-@14 L2833	C-only; a jar read on build 42.20.4; the exposure test is a strict membership test over the classes the exposer registers	settled		mechanism	docs/testing/README.md § Command bus	platform/lua-platform.md#java-members
#1741	Both reflective witness commands are registered in the shared harness file, so both sides answer them and every reply says which side did — one generic command instead of a getter-specific one per mod, so no new per-mod Lua is written before these two have been tried, and a name reported missing means the build does not expose the member, which a per-mod comparator would have died on.	C	repo:testing/PZTestKit/PZTestKit/42/media/lua/shared/PZTestKit_Core.lua:602 "-> { side, subject, id, resolved, fields = {<getter> = value}, missing = {...},"	none; shape only	settled		mechanism	docs/testing/README.md § Command bus; docs/testing/pipeline-design.md § Sync witness	platform/harness.md#witness
#1742	The field witness reads zero-argument getters only, because an arity mismatch is as fatal as a nil call — which is also why a two-call perk-experience read needs a command of its own.	C	repo:testing/PZTestKit/PZTestKit/42/media/lua/shared/PZTestKit_Core.lua:709 "@purpose Reads named zero-argument getters off a player or item by name on the side answering, sorting each name into fields, missing or nils."	none; one build	settled		rule	docs/testing/README.md § Command bus	platform/harness.md#witness
#1743	Each name a field witness is asked for lands in exactly one of three buckets, and the three-way sort is the point: missing means this build's object does not expose the member at all, nils means it is exposed and the call returned nil, which is a reading rather than an absence, and fields is everything else — so the mod did not set it and this build never had it are different answers.	C	repo:testing/PZTestKit/PZTestKit/42/media/lua/shared/PZTestKit_Core.lua:709 "sorting each name into fields, missing or nils"	none; the guard indexes before it calls, because a caught nil call names no member	settled		mechanism	docs/testing/README.md § Command bus	platform/harness.md#witness
#1744	The three buckets are not a partition of the reply's count: the count is names read while the fields bucket is a map keyed by getter name, so their sizes add up only when every name asked for was distinct — ask for one name twice and the count is two while the map holds one entry. Reconcile a reply against the names sent, never against the count alone.	C	repo:testing/PZTestKit/PZTestKit/42/media/lua/shared/PZTestKit_Core.lua:708 "fields, missing, nils, worldAge, count"	none; a shape property of the reply	settled		rule	docs/testing/README.md § Command bus	platform/harness.md#reading-a-reply
#1745	Every modData witness reply carries the census — every top-level key as a sorted name-and-type list — so a wildcard or no key at all is a valid call and is how a mod's modData shape is discovered before anyone knows a key to ask for; a dotted path walks nested tables and a path that does not resolve is reported missing exactly as an unset key is, while the read count and the census size stay separate numbers.	C	repo:testing/PZTestKit/PZTestKit/42/media/lua/shared/PZTestKit_Core.lua:747 "@purpose Censuses a player's, an item's or a global modData table and reads named keys from it (a dotted key walks nested tables) on the side answering."	none; shape only	settled		mechanism	docs/testing/README.md § Command bus	platform/harness.md#witness
#1746	The three scope words are reserved in the modData witness's first argument, the bare words and their trailing-colon forms alike, so a modData key literally named after a scope has to be asked for behind an explicit prefix where it is just a key; the gate is spelled as a lookup table because Lua patterns have no alternation.	C	repo:testing/PZTestKit/PZTestKit/42/media/lua/shared/PZTestKit_Core.lua:748 "TK.register("	none; a bare player word is consumed as the scope; artifacts written before the colon forms joined the gate exercised no such path	settled		mechanism	docs/testing/README.md § Command bus	platform/harness.md#witness
#1747	A witness call reads at most 32 names, both replies travelling as one bus acknowledgement line, and the cap is counted before the read — so the count is what was actually read and a truncation marker is the only signal that more were asked for.	C	repo:testing/PZTestKit/PZTestKit/42/media/lua/shared/PZTestKit_Core.lua:643 "TK.WITNESS_MAX = 32"	none; one bus line per reply	settled		mechanism	docs/testing/README.md § Command bus	platform/harness.md#witness
#1748	A subject that does not resolve is a result and not a usage error: both witness commands answer their usual envelope with a false resolved flag and an error. Only the first-argument gate answers a bare string, and a third gate inside the table branch answers a table whose error begins with the usage word — so a driver must check the error before trusting the fields, and a type check on the reply is necessary and not sufficient.	C	repo:testing/PZTestKit/PZTestKit/42/media/lua/shared/PZTestKit_Core.lua:615 "A subject that does not RESOLVE still answers a table: { side, subject, id, resolved ="	none; all three gates are recorded in the artifact	settled		rule	docs/testing/README.md § Command bus	platform/harness.md#reading-a-reply
#1749	The resolved field names the subject that answered and not the one that was asked for: for an item it is the owner, full type and id; on a client it always names the local player whatever user was sent, because that side has no one else; and the global scope sets it at all, having no subject to resolve.	C	repo:testing/PZTestKit/PZTestKit/42/media/lua/shared/PZTestKit_Core.lua:722 "resolved = label"	none; shape only	settled		rule	docs/testing/README.md § Command bus	platform/harness.md#reading-a-reply
#1750	A global-scope modData census proves less than it looks: the read goes through a get-or-create static that creates the table when it is absent, so it can never report no such table — an empty census says only that nothing stores anything under that name, and the probe has just made it.	C	repo:testing/PZTestKit/PZTestKit/42/media/lua/shared/PZTestKit_Core.lua:647 "function TK.callStatic(tbl, name, ...)"	none; a census of a table a mod owns is meaningful only with that mod loaded and run	settled		bound	docs/testing/README.md § Command bus	platform/harness.md#walls
#1751	An empty list arrives on the bus as an empty object and not an empty array, harness-wide, because the encoder encodes an empty Lua table as an object — so emptiness is tested with a falsiness check or with the reply's own counts, never against an empty array and never by indexing.	C	repo:testing/PZTestKit/PZTestKit/42/media/lua/shared/PZTestKit_Core.lua:57 "function TK.json(v, depth)"	none; a property of the encoder, not of any one command	settled		rule	docs/testing/README.md § Command bus	platform/harness.md#reading-a-reply
#1752	Both witness commands answered on both sides for a player and for an item in one session, with fifteen graded rows over seventeen probes — fourteen as expected, one finding and no misses — and no truncation anywhere, so the cap never bit.	M	run:exp08-20260910-152944 witness-probe.json summary.rows	n=1; one session, build 42.20.4, fixture default, one item and one player; the command shapes are structural but every item number and the modData asymmetry are each a single reading, and nothing there supports an always claim without a second run	settled		mechanism	docs/testing/README.md § Command bus	platform/harness.md#witness
#1753	The same item's modData differs across sides for a reason that is not mod data at all — the client's copy carries a custom-name key the deserialisation path writes into modData — which is why an item census excludes it.	M	run:exp08-20260910-152944 witness-probe.json item_sides_cross_check	n=1; one session, one item, one player; that run's own do-not-cite table has seven rows, among them its global census and its server-side item census	settled		mechanism	docs/testing/README.md § Command bus	platform/harness.md#probes
#1754	The bus number format changed from six fixed decimals to the tostring path, and it is a rendering change and not a measurement one: integers still take the integral branch with its own cut-off, no key changes name or type, and the new path round-trips a non-integral double exactly where the old one quantised every float to six decimals and made cross-side comparison at the last bit impossible.	C	repo:testing/PZTestKit/PZTestKit/42/media/lua/shared/PZTestKit_Core.lua:87 "return tostring(v)"	none; every artifact written before that commit stays as recorded and is read at six decimals	settled		mechanism	docs/testing/README.md § Command bus	platform/harness.md#artifacts-discipline
#1755	Two non-finite cases still answer null on the bus, because JSON has no literal for either and a bare one would lose the whole acknowledgement rather than one number.	C	repo:testing/PZTestKit/PZTestKit/42/media/lua/shared/PZTestKit_Core.lua:85 "if v == math.floor(v) and math.abs(v) < 1e15"	inference; a not-a-number did so before the change and still does, while the infinite case producing an unparseable acknowledgement is inferred from Kahlua's own formatter and never exercised	settled		mechanism	docs/testing/README.md § Command bus	platform/harness.md#reading-a-reply
#1756	The three weight-direction flags are read-only keys on the nutrition snapshot and appear in every nutrition and stats reply on both sides, so a build without them omits the keys rather than raising; they are not in the player-stats packet, which makes the pair of readings the only way to see whether a client recomputes them from its mirrored macros.	C	repo:testing/PZTestKit/PZTestKit/42/media/lua/shared/PZTestKit_Core.lua:138 "function TK.call(obj, name, ...)"	none; the guard is the harness's index-first call	settled		mechanism	docs/testing/README.md § Command bus	platform/harness.md#witness
#1757	The server-side player modData setter exists because the player census is four keys on the server against five on the client, a strict superset — so without a planted server-only key the difference set that would expose the receiving side's wipe-before-write is empty.	C	repo:testing/PZTestKit/PZTestKit/42/media/lua/server/PZTestKit_Server.lua:159 "TK.register("	none; the value is always a string, like the client's, and there is no delete	settled		mechanism	docs/testing/README.md § Command bus	platform/harness.md#probes
#1758	The global-walk command walks the Lua global table segment by segment and never calls what it finds: a function reports the string function, because reading its result would mean calling an unknown global at unknown arity — catchable, and still not worth making, since an unguarded one aborts the rest of the handler body and on a debug client parks the process.	C	repo:testing/PZTestKit/PZTestKit/42/media/lua/shared/PZTestKit_Core.lua:860 "@purpose Walks _G segment by segment and reports one Lua global's type and value -- never calling it -- on the side answering."	none; it adds no Java surface, the global table being Kahlua's own	settled		mechanism	docs/testing/README.md § Command bus	platform/harness.md#probes
#1759	Three rules follow from how the global walk is written: a hop is taken only when the node is a table, so a non-table node ends the walk and the reply names the segment that could not be entered and the type that stopped it; the key count is gated on the same test because iterating a Java-backed object raises; and presence is a nil test rather than a falsiness test, so a global whose value is false or minus one reads as present.	C	repo:testing/PZTestKit/PZTestKit/42/media/lua/shared/PZTestKit_Core.lua:861 "TK.register("	none; a fourth reply shape on a build with no global table carries no failed segment, so a reader keying on it must treat its absence as that case	settled		rule	docs/testing/README.md § Command bus	platform/harness.md#reading-a-reply
#1760	A false resolved flag from the global walk means this path and not this mod: the two are the same claim only when the name is known to exist in one copy of a file and not another, which is why the harness's own version global is sent first as the control that says the walk works.	C	repo:testing/PZTestKit/PZTestKit/42/media/lua/shared/PZTestKit_Core.lua:861 "TK.register("	none; the control must answer on both sides	settled		rule	docs/testing/README.md § Command bus	platform/harness.md#reading-a-reply
#1761	A result is written as one complete JSON object and that completeness is the ready signal, because the file writer's extension allowlist rules out marker files; the orchestrator collects them into the run report and a bus helper blocks on one.	C	repo:testing/PZTestKit/PZTestKit/42/media/lua/shared/PZTestKit_Core.lua:109 "function TK.result(name, tbl)"; repo:testing/pzt/bus.py:119 "def wait_result(self, name, timeout=30, after=0.0):"	none; a partial write never parses	settled		mechanism	docs/testing/README.md § Results	platform/harness.md#bus
#1762	A client-side log grep must expect twice the predicted count: the client runs two Lua states in one process, the main-menu one and the in-session one, and engine load output is printed once per state — one mod's five-line override block appeared at client console lines 85 to 89 and again at 168 to 172, identical tails in identical order, each preceded by its own loading line, while the server printed the block once.	M	run:td3-20260911-001948 teardown-autocook.json summary.M1_tails	n=1; one session, build 42.20.4, fixture default, one mod, one character, one machine; every predicted branch landed, so no falsifier was approached	settled		mechanism	docs/testing/README.md § Observation	platform/overview.md#two-lua-states
#1763	A grep limit is a break and not a window, on the server log as much as the client's: the reader stops at the limit, so a result of exactly the limit means saturation and never exhaustion — size it above the expected count and never report a saturated read as a census.	C	repo:testing/pzt/session.py:51 "def grep_file(path, rx, limit=10):"	none; the rule was learned from a limit of five that reported four override lines where the log held thirteen	settled		rule	docs/testing/README.md § Observation	platform/lessons.md#testing-discipline
#1764	The server error count is a classifier's output and not a fault count: the pattern is applied to every non-indented server line that no baseline-noise pattern whitelists, so the rule is to read the error list itself rather than quote the number.	C	repo:testing/pzt/server.py:253 "head_is_error = bool(ERROR_RX.search(line))"	none; it over-counts in two independent ways	settled		rule	docs/testing/README.md § Observation	platform/harness.md#reading-a-reply
#1765	The first over-count is harness echo: no echo pattern is whitelisted, so a bus reply that merely carries exception text is filed as a fault — a session reporting four server errors was four verbatim echoes of the driver's own reading and zero engine faults, and any session whose readings quote an exception string inflates it the same way.	M	run:x126-20260911-045205 platform-pcall.json summary.grep_counts	n=1; one session, two passes, one build, one probe shape	settled		mechanism	docs/testing/README.md § Observation	platform/harness.md#reading-a-reply
#1766	The second over-count is genuine engine output counted per line: a single Lua error contributes ten entries — four error-message heads, four bare stack-trace lines the pattern also matches, and two exception lines — so a session reporting 892 error lines is about 89 fires and not 892 events.	M	run:x127-20260911-052049 platform-raise.json phases.classification	n=1; one session for the server readings, two passes, one build, one probe file, one raise family; no code change was made, the rule is to read the error list	settled		mechanism	docs/testing/README.md § Observation	platform/harness.md#reading-a-reply
#1767	A probe that deliberately raises always makes a run report failure, because the exit code needs zero non-baseline server errors — that is the harness working and not the probe failing, so the run is kept and the grading comes off the artifact.	M	run:x127-20260911-052049 platform-raise.json acceptance_result	n=1; one session, one raise family; every client-side reading of that session is unusable	settled		rule	docs/testing/README.md § Observation	platform/harness.md#driver-rules
#1768	Cap the client wait in the profile when a probe can hang the client: the readiness wait is capped from the profile's client timeout, whose default is 300 seconds, and a profile that left the default sat out the full wait plus teardown — 384 seconds for a five-second hold — on a client that was never going to answer. That is a profile fix and not a harness request.	C	repo:testing/pzt/client.py:211 "def wait_ready(self, timeout=300):"; repo:testing/profiles/x12-raise.toml:1 "slice 12 session 7"	none; one profile, one session	settled		rule	docs/testing/README.md § Observation	platform/harness.md#profiles
#1769	A client-side verification probe never runs when the client hangs: verification is asked after the client is ready, so a probe that can stall the client must be gated on the server side — the stalled session's single client row never ran and the run recorded a verification error instead of a pass or a fail.	M	run:x127-20260911-052049 platform-raise.json timeline	n=1; one session, one client row; the gate never ran, so nothing about its verdict can be read from that run	settled		rule	docs/testing/README.md § Observation	platform/harness.md#profiles
#1770	The harness mod ships two identical mod-info files, one at the mod root and one in the version folder, and which copy this build reads first when two exist is recorded as open by the harness's own layout note.	C	repo:testing/PZTestKit/PZTestKit/mod.info:1 "name="	C-only; a layout statement about the harness mod, not a boot	open		open	docs/testing/README.md § Harness layout	platform/harness.md#open
#1771	The harness Lua is six files split by load order and by which slice owns them: the shared core loads first and carries the global table, the key-value files, the encoder, the bus, results and the witness; the shared test layer sorts after it by name; the server file polls the bus and answers witness commands; a separate server recipes file sorts after the server file because a dot sorts below an underscore; and two client files register into the same table so two slices' edits cannot collide.	C	repo:testing/PZTestKit/PZTestKit/42/media/lua/shared/PZTestKit_Core.lua:1 "PZTestKit"	none; Lua files in one folder load alphabetically, and the scenario loader walks its folder recursively	settled		table	docs/testing/README.md § Harness layout	platform/harness.md#bus
#1772	A scenario is a Lua test that runs on the world's own clock — days of game time in minutes of wall time — and hands its samples to a Python evaluator.	C	repo:testing/PZTestKit/PZTestKit/42/media/lua/shared/PZTestKit_Test.lua:12 "minutes and driven by Events.EveryOneMinute -- which fires on the dedicated server too"	none; definitional	settled		mechanism	docs/testing/README.md § Scenarios and the test layer	platform/harness.md#scenarios
#1773	A registered test carries a backstop in game minutes, a subject username, a needs-player flag and a run function, and clearing the needs-player flag is the only way to register a test that runs without a subject.	C	repo:testing/PZTestKit/PZTestKit/42/media/lua/shared/PZTestKit_Test.lua:196 "function TK.test(name, spec)"	none; shape only	settled		mechanism	docs/testing/README.md § Scenarios and the test layer	platform/harness.md#scenarios
#1774	Leave the backstop a clear margin above the finisher: it is armed first, so it holds the lowest sequence number and wins a same-minute tie, and a test that finishes at exactly the backstop minute is timed out instead and reports an anonymous detail. The shipped nutrition scenarios finish one minute past their run length and set the backstop 29 minutes above that.	C	repo:testing/PZTestKit/PZTestKit/42/media/lua/server/scenarios/PZTestKit_Scenario_Nutrition.lua:163 "timeoutMin is the test layer's own backstop: RUN_MIN + 1 is when the finisher runs, so"	none; the smoke test finishes at twenty with a backstop of thirty	settled		rule	docs/testing/README.md § Scenarios and the test layer	platform/harness.md#scenarios
#1775	The scheduler's clock is game minutes and not wall seconds: the game's once-a-minute event advances it and dispatches every callback whose minute has come, sorted by scheduled minute and then by insertion order, the layer carrying its own sequence because the sort is not stable. It hooks once, because a reload re-runs the file and a second registration would advance the clock twice a game minute and halve every rate fitted against it.	C	repo:testing/PZTestKit/PZTestKit/42/media/lua/shared/PZTestKit_Test.lua:255 "if not T.hooked and Events.EveryOneMinute then"	none; the double-registration hazard is a property of any file that adds a handler on load	settled		mechanism	docs/testing/README.md § Scenarios and the test layer	platform/harness.md#cadence
#1776	The once-a-minute event fired at exactly one tick per game minute on the dedicated server at a time multiplier of thirty, on all three of one slice's runs, at the fixture's four-unit day length — which is what makes it eight game-minutes of world clock per wall second.	M	run:scenario-20260910-054012 scenario-nutrition_3day_gain.json cadence.ticks_per_world_min	n=3; three runs, one fixture, one build, one day-length setting; the ratio is not a property of the speed flag alone	settled		mechanism	docs/testing/README.md § Scenarios and the test layer	platform/harness.md#cadence
#1777	The test context offers a schedule-once call, a repeating call re-armed before the callback runs so one raising callback cannot silently stop a multi-day sampler, a predicate poller under its own protected call that ends the test with a labelled timeout when its budget runs out, two assertion helpers, a sample appender and a finisher whose pass flag is combined with whether any failure was recorded.	C	repo:testing/PZTestKit/PZTestKit/42/media/lua/shared/PZTestKit_Test.lua:33 "three call sites run inside the EveryOneMinute handler, so"	none; the predicate's protected call catches ordinary Lua errors and not a call to a Java member the build lacks	settled		mechanism	docs/testing/README.md § Scenarios and the test layer	platform/harness.md#scenarios
#1778	Every sample is stamped with the game minute, the world age and the wall clock, and the world-age-and-wall pair is what the Python side fits rates against — which makes the harness's own cadence measurable without a second bus round trip; the world-age read goes through the guarded call, so on a build that does not expose it the key is simply absent from the sample instead of the scheduler dying.	C	repo:testing/PZTestKit/PZTestKit/42/media/lua/shared/PZTestKit_Test.lua:80 "harness's own cadence measurable -- how many EveryOneMinute ticks land per wall second at a"	none; shape only	settled		mechanism	docs/testing/README.md § Scenarios and the test layer	platform/harness.md#witness
#1779	The scenario subject is resolved by username out of the online-player list, because there is no single-player getter on a dedicated server — so the client must be attached even for a server-side test.	C	repo:testing/PZTestKit/PZTestKit/42/media/lua/shared/PZTestKit_Test.lua:54 "if getOnlinePlayers == nil then return nil"	none; the fallback order is the run argument, then the test's own player, then the admin account	settled		mechanism	docs/testing/README.md § Scenarios and the test layer	platform/harness.md#scenarios
#1780	Every result document in the harness carries the same envelope beside its own keys: the document's own name, the side, a wall-clock timestamp at write and a completion flag; the timestamp is load-bearing rather than decorative, because with the start stamp it is the pair the cadence fit uses, so a side with no millisecond clock produces no cadence block at all.	C	repo:testing/PZTestKit/PZTestKit/42/media/lua/shared/PZTestKit_Core.lua:109 "function TK.result(name, tbl)"	none; shape only	settled		mechanism	docs/testing/README.md § Scenarios and the test layer	platform/harness.md#artifacts-discipline
#1781	Every Java member in the test layer goes through the guarded call, because an unguarded nil call aborts the rest of the once-a-minute body it fires in — the handlers behind it still run, and a protected call does catch it, but it names nothing.	C	repo:testing/PZTestKit/PZTestKit/42/media/lua/shared/PZTestKit_Test.lua:33 "three call sites run inside the EveryOneMinute handler, so"	none; the same Kahlua rules apply, no goto and never an integer conversion on a Lua number	settled		rule	docs/testing/README.md § Scenarios and the test layer	platform/harness.md#scenarios
#1782	Three scenarios ship, all server-side because the server owns nutrition: a scheduler self-test of about twenty game minutes that asserts only that the clock ran, that samples landed and that one predicate poll reached a hit, and two three-game-day nutrition runs, one at four thousand calories a game day fed as two doses twelve game-hours apart under the calorie clamp and one at no intake, both sampled hourly with hunger and thirst pinned to zero after every sample.	C	repo:testing/PZTestKit/PZTestKit/42/media/lua/server/scenarios/PZTestKit_Scenario_Nutrition.lua:162 "local function register(name, dose)"	none; the inventory as shipped	settled		table	docs/testing/README.md § Scenarios and the test layer	platform/harness.md#scenarios
#1783	The scenario runner refuses a name the chosen side does not report and any run acknowledgement other than started, rather than paying the full result timeout for it, and a refused time-speed command ends the run there too with that reason, because the world would still be at real time and a three-game-day test could not finish inside any timeout worth waiting for.	C	repo:testing/pzt/scenario.py:165 "ok, rep = server.rcon(f"	none; an interrupt is caught rather than propagated, tearing down as usual and still writing the report and artifact	settled		mechanism	docs/testing/README.md § Scenarios and the test layer	platform/harness.md#scenarios
#1784	The client side of the scenario runner is wired end to end and has nothing to run: the test layer is shared and both bus commands answer on the client, but every registered scenario lives under the server folder because the server owns nutrition. It exists for the convergence readings, where the mirror is the subject.	C	repo:testing/pzt/scenario.py:118 "def run(a):"	none; a wiring statement, not a measurement	settled		bound	docs/testing/README.md § Scenarios and the test layer	platform/harness.md#walls
#1785	A scenario verdict is the test and the evaluator and a clean session: exit code 0 needs the harness test's own pass, the evaluator's agreement and no environment fault, each of which turns the result into a failure naming its count, marks the timeline and lands in the faults block of both the report and the committed artifact. It matters more there than on a plain run, because a scenario writes committed evidence and a test whose Lua died somewhere the scheduler swallowed can still write a passing flag.	C	repo:testing/pzt/session.py:260 "a test whose Lua raised somewhere"	none; the same check the run command applies, from the same place	settled		rule	docs/testing/README.md § Scenarios and the test layer	platform/harness.md#driver-rules
#1786	A scenario evaluator is a Python function keyed by scenario name, registered by importing its module, and a name with no evaluator passes on the harness verdict alone; the nutrition evaluator integrates the documented weight model over the run's own calorie trace against a tolerance of the greater of fifteen per cent of the predicted delta and 0.05 kilograms, and fails the run outright if any sample is dead.	C	repo:testing/pzt/scenario.py:46 "EVALUATORS = {}"	none; one evaluator module for two scenarios	settled		mechanism	docs/testing/README.md § Scenarios and the test layer	platform/harness.md#scenarios
#1787	Every run fits the harness clock against the world clock and the wall clock, and a tick rate outside 0.95 to 1.05 per game minute sets a suspect flag and prints a warning: the run still reports, but everything it scheduled in game minutes and every rate it fitted per game-hour was read off a clock that was not keeping time.	C	repo:testing/pzt/scenario.py:60 "def cadence(doc):"	none; the usual cause is the combination of the fixture's day length and the speed flag, not the speed flag alone	settled		rule	docs/testing/README.md § Scenarios and the test layer	platform/harness.md#cadence
#1788	The server side seeds its own configuration file with the ports, the remote-console settings, the mod list, an open flag and universal plug-and-play turned off, installs mods into the cachedir's mods folder, starts the dedicated server without Steam and with an admin password, waits for the server-started banner, classifies error-shaped log lines against the vanilla-noise baseline with stack frames attached to their head line, and stops with a quit on standard input, falling back to the remote console.	C	repo:testing/pzt/server.py:181 "def seed(self, sandbox=None):"	none; one machine, one build	settled		mechanism	docs/testing/README.md § Server side	platform/overview.md#process-model
#1789	A profile is one file per named combination under test: which golden fixture to restore, which mods go into the server's mod list and where each is copied from, which sandbox options to override, which client accounts to attach, and which bus probes have to answer before the session counts as the session that was asked for.	C	repo:testing/profiles/README.md:3 "One TOML file per *named combination under test*: which golden fixture to restore, which mods"	none; the implementation authority is the profile module	settled		mechanism	docs/testing/profiles.md § Summary	platform/harness.md#profiles
#1790	One declarative file replaces every hand-edit, and everything it asks for is resolved and validated before a single process starts — so a bad mod id or a misspelt sandbox key costs a second instead of a boot, and any key outside the known set is a pre-boot error naming that set, so a profile cannot typo its way into a silent no-op.	C	repo:testing/pzt/profile.py:94 "def _check_keys(what, table, known):"	none; resolution errors are raised pre-boot	settled		mechanism	docs/testing/profiles.md § Summary	platform/harness.md#profiles
#1791	Placement is a copy because a no-Steam client searches nothing else: every mod a profile names is copied into the per-run cache on both sides from one source map, the workshop-items line is written empty and the numeric workshop id survives only as provenance.	C	repo:testing/pzt/harness.py:14 "def install(mods_dir, mod_ids, workshop=True, sources=None, skip=()):"	none; the workshop tree is never written to	settled		mechanism	docs/testing/profiles.md § Summary	platform/harness.md#profiles
#1792	A profile never mutates the fixture: mods overlay a restored per-run copy and the sandbox block is merged into that copy's own options file rather than replacing it, the fixture excluding the mods folder from its snapshot so the overlay is rebuilt every run.	C	repo:testing/pzt/fixture.py:13 "Top-level entries not worth freezing. mods/ is re-installed at boot/attach so the"	none; the fixture blob and the workshop tree were checked byte-identical before and after three acceptance runs as an unrepeatable working observation, both trees being untracked or read-only	settled		mechanism	docs/testing/profiles.md § Summary	platform/harness.md#profiles
#1793	A green run is not evidence that a mod loaded: the game's reaction to a mod it cannot find is a warning and a clean boot, so the run fails fast at the server-started mark with no client ever launched, and the bus probes are what prove effect.	C	repo:testing/pzt/session.py:180 "def check_mods_loaded(tl, server):"	none; the missing-mod path costs 23 seconds against the two-mod run's 93	settled		rule	docs/testing/profiles.md § Summary	platform/harness.md#profiles
#1794	The truncated timeline mark is a trap in the committed artifacts: a mark's observed value is truncated at 100 characters, which on the acceptance run stops immediately before the value every took-effect claim rests on — quote the parsed verification block, never the mark.	M	run:run-20260910-133657 report.json verify	n=1; one run, two probes; a property of the report's shape and not of the numbers	settled		rule	docs/testing/profiles.md § Reading the committed artifacts	platform/harness.md#artifacts-discipline
#1795	The elapsed field on the server-started and client-ready marks is that step's own duration and not elapsed time, in every artifact committed before the slice-07 final fix wave, because those two sites passed the duration in the elapsed slot — so a client ready at 37.3 seconds is a 37.3-second client boot on a run that reached in-world at about 74.	M	run:run-20260910-133657 report.json timeline	n=1; one run; runs at head pass the duration separately and leave the elapsed field elapsed on every mark	settled		rule	docs/testing/profiles.md § Reading the committed artifacts	platform/harness.md#artifacts-discipline
#1796	The profile schema is fifteen keys over seven tables — the fixture, a description, four per-mod keys, a sandbox table, the two timeouts, the client users, the safe-mode and launcher keys, the hold, and the verification rows — every key optional with the command line's own defaults, so a profile only says what differs.	C	repo:testing/pzt/profile.py:54 "DEFAULTS = {"	none; bare keys must precede the first table header, which is why two are written as inline tables	settled		table	docs/testing/profiles.md § The TOML schema	platform/harness.md#profiles
#1797	The profile's own fixture wins over a typed fixture flag, and the conflict is printed rather than swallowed, because it is the fixture the sandbox keys were validated against; every other typed flag beats the profile, which beats the module defaults, and because the argument parser cannot report whether a flag was typed, the two entry points clear five flags' defaults to a null and that null is what not given means.	C	repo:testing/pzt/session.py:69 "value, then `profile.DEFAULTS`."; repo:testing/pzt/cli.py:237 "p.set_defaults(**{k: None for k in PROFILE_DEFAULTS})"	none; it removes the old coupling that required the module defaults to equal the parser defaults	settled		mechanism	docs/testing/profiles.md § The TOML schema	platform/harness.md#profiles
#1798	A mod entry with copying turned off is named in the mod list and placed nowhere, which is the missing-mod path reproducible with nothing installed; it needs an explicit id, since there is no mod-info file to read the name from, and the harness id is refused because without the harness there is no bus, no ready marker and no probes.	C	repo:testing/pzt/profile.py:132 "def resolve_mod(entry, index):"	none; resolution as coded	settled		mechanism	docs/testing/profiles.md § How a mods entry becomes a folder	platform/harness.md#profiles
#1799	A mod entry resolves through six branches in a fixed order — copying off, an explicit folder, a workshop id, a harness id, a bare id, then a failure naming the three keys — and every miss raises before a process starts, naming the paths it looked at; for the folder and workshop branches the id comes from the folder's own mod-info file, with no id pointing the reader at the layout lint and a disagreeing id quoted both ways rather than picked between.	C	repo:testing/pzt/profile.py:132 "def resolve_mod(entry, index):"	none; the branch order is what makes an explicit folder beside a workshop id an error rather than a silent drop, and duplicate ids across two entries collapse to one name in the mod list	settled		table	docs/testing/profiles.md § How a mods entry becomes a folder	platform/harness.md#profiles
#1800	The harness mod is prepended when a profile does not list it, because without it there is no command bus, no ready marker and no probes.	C	repo:testing/pzt/profile.py:132 "def resolve_mod(entry, index):"	none; as coded in the profile loader	settled		mechanism	docs/testing/profiles.md § How a mods entry becomes a folder	platform/harness.md#profiles
#1801	The profile mark is the run's first timeline entry, before anything is launched, and it is the only place the log says that a later not-found mod was intended; the report then grows a profile block carrying what was asked for and what it resolved to, and a verification block, while a profile-less run's report keeps exactly its old keys.	M	run:run-20260910-133657 report.json profile	n=1; one run, two mods	settled		mechanism	docs/testing/profiles.md § What a profiled run prints first	platform/harness.md#profiles
#1802	Under a no-Steam launch exactly one mod root is searched, the cachedir's own mods folder, because the other two roots are resolved through calls gated on Steam mode; there is no server mod-folders argument, the string existing only in the main-menu state, and the workshop-items line needs Steam too.	C	jar:ZomboidFileSystem.getAllModFolders @0 L0	C-only; a jar read on build 42.20.4, corroborated by the mods spike's two variants	settled		mechanism	docs/testing/profiles.md § How -nosteam mod loading works	platform/mod-anatomy.md#mod-discovery
#1803	Copying is the only mechanism: the installer copies each source folder into the cachedir's mods folder, harness mods from the repository and everything else from the profile's source map, which wins over both the harness map and the workshop index.	C	repo:testing/pzt/harness.py:14 "def install(mods_dir, mod_ids, workshop=True, sources=None, skip=()):"	none; one machine; the acceptance runs left the subject item's modification time untouched	settled		mechanism	docs/testing/profiles.md § How -nosteam mod loading works	platform/harness.md#profiles
#1804	Every profile mod takes the rename to its declared id whichever way it is named, because both profile branches return a non-empty source and the installer copies anything with a source to a folder named for the mod id — so no profile mod entry can reach the name-keeping fallback at all, which belongs to the plain non-profile path.	C	repo:testing/pzt/mods.py:71 "def install(mods_dir, mod_id):"	none; the fallback is reachable only where the source map is absent	settled		mechanism	docs/testing/profiles.md § How -nosteam mod loading works	platform/harness.md#profiles
#1805	The workshop-items line stays empty: the seeding code writes it from a list no profile fills, and the numeric id survives in the report as provenance only — what makes a run re-subscribable, not what makes it load; clients log a missing-setting warning for the empty value and it is baselined noise.	C	repo:testing/pzt/server.py:151 "self.workshop_items = list(workshop_items)"	C-only; the run's own configuration file is under the untracked run directory, so the committed evidence is the report's provenance block	settled		mechanism	docs/testing/profiles.md § How -nosteam mod loading works	platform/harness.md#profiles
#1806	The sandbox block merges and does not replace: writing a partial options table on a restored fixture would silently reset every option the world was provisioned with, so the merge rewrites only the named four-space keys in place, keeping the server's comments, the five nested tables and the file's line endings, and the seeding code picks it whenever the restored cache already has the file.	C	repo:testing/pzt/server.py:108 "def merge_sandbox_vars(path, overrides):"	none; the server rewrites the whole options file on boot, which is what the merge has to survive	settled		mechanism	docs/testing/profiles.md § What a profile changes	platform/harness.md#sandbox
#1807	A profile's sandbox value survives the server's own boot-time rewrite beside the fixture's: after the rewrite the run's copy read the profile's day length of one and the fixture's zombie setting of six, at 189 four-space assignments and 184 settable options, 45 533 bytes and 1 020 line endings, with a single one-line difference against the fixture.	M	run:run-20260910-133657 pzt_SandboxVars.lua	n=1; one run, one fixture, one option seeded; the numbers are read off the committed options file and are not in the run report at all	settled		table	docs/testing/profiles.md § What a profile changes	platform/harness.md#sandbox
#1808	Of the 189 four-space assignment lines five are nested-table openers, which is why the settable-option list a profile is validated against returns 184, and both counts are stable across the merge; a profile naming a nested option or a table opener is rejected rather than silently doing nothing.	M	run:run-20260910-133657 pzt_SandboxVars.lua	n=1; one fixture's file; 184 plus five is 189, with 86 further nested options at eight spaces, which are out of scope	settled		count	docs/testing/profiles.md § What a profile changes	platform/harness.md#sandbox
#1809	Five sandbox options carry the nutrition work — the nutrition gate, the rot-speed enum, the fridge-factor enum, the hunger and thirst decrease enum and the day length — with the fixture's value and what each does; all five are settable from a profile and only the day length has been exercised by one.	C	repo:testing/fixtures/default/fixture.json:3 "build"	C-only; the line numbers are in a per-machine untracked fixture blob, of which the tracked fixture record is the receipt	settled		table	docs/testing/profiles.md § What a profile changes	platform/harness.md#sandbox
#1810	A sandbox key that is not a settable option of the restored fixture's own file is a hard error before boot with the three closest names — except on a machine with no fixture cache, where the validation finds no file, checks nothing and a typo survives to a run that cannot start anyway.	C	repo:testing/pzt/server.py:96 "def sandbox_keys(path):"	none; the caches are per-machine untracked blobs	settled		mechanism	docs/testing/profiles.md § The TOML schema	platform/harness.md#sandbox
#1811	An option the world generator consumed once is not retroactive: the distributed zombie population, the spawn regions and the start date belong to the world and not to the boot that loads it, so a world-generation option has to be changed by re-provisioning a fresh fixture.	C	repo:testing/pzt/fixture.py:45 "def snapshot(name, server_cache, client_caches, record):"	inference; only the day length has been measured on a restored world, so the other four are unproven rather than shown non-retroactive	settled		bound	docs/testing/profiles.md § What a profile changes	platform/harness.md#walls
#1812	A profile cannot be attached to a running session: the attach command builds a server stub and never installs mods, so the flag is rejected by the argument parser rather than accepted and ignored.	C	repo:testing/pzt/cli.py:257 "p = sub.add_parser("	none; as coded	settled		mechanism	docs/testing/profiles.md § What a profile changes	platform/harness.md#profiles
#1813	A fifteen-minute day at a time multiplier of thirty overruns the game-minute scheduler: the run recorded 0.22 ticks per game minute with the suspect flag set, the once-a-minute event firing twenty times while the world advanced 91.05 game minutes.	M	run:scenario-20260910-134012 scenario-smoke_clock.json cadence.ticks_per_world_min	n=1; one run, one fixture, one speed; the scheduler self-test still passed because every assertion it makes is counted in ticks, so nothing fitted against the game clock on that run may be cited	settled		mechanism	docs/testing/profiles.md § The cadence ceiling	platform/harness.md#cadence
#1814	The cadence ceiling is a rule of thumb: keep twenty-four times the speed divided by the day's real minutes at or below about eight game-minutes per wall second. At the fixture's ninety-minute day and a multiplier of thirty that is exactly eight, and three runs recorded 7.99, 7.99 and 8.00 world-minutes per wall second with exactly one tick per game minute.	M	run:scenario-20260910-055029 scenario-nutrition_3day_fast.json cadence.world_min_per_wall_s	n=3; three runs at one speed on one fixture; eight is the highest demand known to be sustainable, not a measured ceiling	settled		rule	docs/testing/profiles.md § The cadence ceiling	platform/harness.md#cadence
#1815	The one measurement of the event's own ceiling is 10.08 ticks per wall second, on the run that overran, and where the true ceiling sits between eight and 10.08 is unmeasured.	M	run:scenario-20260910-134012 scenario-smoke_clock.json cadence.ticks_per_wall_s	n=1; one run, one fixture; the number comes from the run that failed its cadence check	open		bound	docs/testing/profiles.md § The cadence ceiling	platform/harness.md#walls
#1816	The ceiling holds on the fifteen-minute day as it did on the ninety-minute one: at a multiplier of five on a fifteen-minute day, the same arithmetic value of eight, the run recorded 7.57 world-minutes per wall second and 1.018 ticks per game minute with no suspect flag.	M	run:scenario-20260910-151753 scenario-smoke_clock.json cadence.ticks_per_world_min	n=1; one run, one fixture, one day length	settled		mechanism	docs/testing/profiles.md § The cadence ceiling	platform/harness.md#cadence
#1817	The game does not fail on a mod it cannot find: the server logs a required-mod-not-found warning and boots normally with zero errors, and the client joins and spawns normally with the same warning and the mod simply inactive — which is what makes a mod-testing pipeline dangerous by default, since a profile whose mod never arrived produces a session where every probe answers and the run is green.	M	run:run-20260910-133916 report.json timeline	n=1; measured in both directions by the mods spike and reproduced by the missing-mod profile on one build and one machine	settled		mechanism	docs/testing/profiles.md § The missing-mod failure mode	platform/mod-anatomy.md#missing-mod
#1818	Four things close the missing-mod hole, in cost order: pre-boot resolution, which turns almost every way to get it wrong into an error before a process starts; the fail-fast immediately after the server-started mark and before any client is launched, which marks the missing mods, copies up to five of the server's own warning lines into the timeline and raises; the verification probes, the only one of the four that proves effect rather than arrival; and the end-of-run net taken after teardown.	C	repo:testing/pzt/session.py:180 "def check_mods_loaded(tl, server):"	none; the fail-fast runs on the plain path too, because a fixture's own recorded mod list can stop resolving just as a profile's can	settled		table	docs/testing/profiles.md § The missing-mod failure mode	platform/harness.md#profiles
#1819	The end-of-run net is the only one of the four that catches a client-side missing mod, because it unions the server's not-found list with every client's where the fail-fast reads the server's alone; it cannot save the cost, only the verdict.	C	repo:testing/pzt/session.py:268 "not_found = sorted(set(server.mods_not_found + [m for c in clients for m in c.mods_not_found]))"	none; by the time it runs the session has been paid for	settled		mechanism	docs/testing/profiles.md § The missing-mod failure mode	platform/harness.md#profiles
#1820	The missing-mod run cost 23 seconds wall and exited 1 against the two-mod run's 93 seconds, its timeline running from the profile mark through server launch, server started, mods not found, the copied warning line, an error mark, the server stop and the faults mark — with no client launch phase at all and no clients directory in the run folder.	M	run:run-20260910-133916 report.json timeline	n=1; one run, one profile, one machine; the client boot and the hold were never paid for	settled		mechanism	docs/testing/profiles.md § The missing-mod failure mode	platform/harness.md#profiles
#1821	The missing-mod run reported zero server errors and that is not a contradiction: to this game a missing mod is a warning and a clean boot, so a zero error count must never be read as the mod loaded.	M	run:run-20260910-133916 report.json server_errors	n=1; one run; the copied line carries the server's own words verbatim	settled		rule	docs/testing/profiles.md § The missing-mod failure mode	platform/lessons.md#testing-discipline
#1822	Turning copying off is what makes the missing-mod path reproducible on any machine — the mod is named in the mod list and placed nowhere, so nothing has to be installed or uninstalled — and the client side is not spared it either, the enabling step still naming a skipped id in the client's own mod file so both sides walk the same road.	C	repo:testing/pzt/harness.py:38 "def enable_client_mods(mods_dir, mod_ids):"	none; as coded	settled		mechanism	docs/testing/profiles.md § The missing-mod failure mode	platform/harness.md#profiles
#1823	Both sides are seeded from one source map, the client defaulting its mod sources and skip list to the server's so the two cannot drift, and after the acceptance run both the server's and the client's mods directories held exactly the two mods with the client's own enabled-mods file naming both in the same order.	M	run:run-20260910-133657 report.json profile.sources	n=1; one run, two mods, one machine	settled		mechanism	docs/testing/profiles.md § MP behaviour	platform/harness.md#profiles
#1824	The server's mod list is authoritative and the client inherits it: the client reloads its Lua with the server's list on join, so its own enabled list matters only until the first join, and a client-side mod the server does not name is not in the session.	C	repo:testing/pzt/harness.py:38 "def enable_client_mods(mods_dir, mod_ids):"	none; a profile is a server-side decision	settled		rule	docs/testing/profiles.md § MP behaviour	platform/overview.md#process-model
#1825	A probe is worth running on both sides: the acceptance profile asked the same trait check of the server and of the client and both returned the mod's effect, so the mod was present in both Lua states and not merely in the server's.	M	run:run-20260910-133657 report.json verify	n=1; one run, one mod; the three keys are two independent readings, because one of them is defined as the negation of another	settled		rule	docs/testing/profiles.md § MP behaviour	platform/harness.md#probes
#1826	For anything the server owns — nutrition, hunger and thirst, item aging, perks — the server's reading is the measurement and the client's is a once-a-second mirror.	C	repo:testing/pzt/scenarios_nutrition.py:1 "nutrition"	none; the rule every cross-side grading follows	settled		rule	docs/testing/profiles.md § MP behaviour	platform/harness.md#probes
#1827	Every copied mod adds baselined noise: each one logs a missing-file exception for the optional animation folders it does not ship, and the acceptance runs recorded zero server errors with those lines present.	M	run:run-20260910-133657 report.json server_errors	n=1; one run, two mods	settled		mechanism	docs/testing/profiles.md § MP behaviour	platform/harness.md#driven-client
#1828	A verification expectation is matched as a substring of the dumped JSON acknowledgement, which is deliberately forgiving because it matches at any nesting and therefore cannot express not present or a numeric comparison; a probe that needs either belongs in a scenario with a Python evaluator.	C	repo:testing/pzt/session.py:202 "def verify(prof, server, clients, tl):"	none; a number is coerced and a boolean is rejected pre-boot, because a Python boolean could never match the JSON spelling	settled		mechanism	docs/testing/profiles.md § Open questions	platform/harness.md#profiles
#1829	A failed verification probe makes the result a named failure, and on a plain run it also skips the hold, because the test slot must not open on a session that is not the session that was asked for; on a scenario the probes run once the client is ready and a failure folds into the result after the test has run, because the time is already spent and the evidence is worth writing either way.	C	repo:testing/pzt/cli.py:162 "which is why a failed probe"	none; the scenario path has neither of the plain run's two marks	settled		mechanism	docs/testing/profiles.md § Open questions	platform/harness.md#profiles
#1830	Which sandbox options survive a restore is open: only the day length has been set by a profile on a restored world and measured to apply, and the other four keys the mod work cares about are unexercised.	C	repo:testing/profiles/mod-under-test.toml:19 "DayLength = 1"	C-only; world-generation options are assumed non-retroactive rather than measured	open		open	docs/testing/profiles.md § Open questions	platform/harness.md#open
#1831	Nested sandbox options are out of scope: a profile naming one fails validation, and the answer today is a re-provisioned fixture rather than a wider merge.	C	repo:testing/pzt/server.py:96 "def sandbox_keys(path):"	none; a scoping decision, not a measurement	settled		bound	docs/testing/profiles.md § Open questions	platform/harness.md#walls
#1832	The folder rename is a convenience and not a requirement: a probe folder installed under a name matching neither of the two ids it declares loaded normally when the mod list named the version directory's id, with both tree markers resolved and both media roots walked under the renamed folder.	M	run:x123-20260911-034426 platform-folder.json summary.TKX_LoaderWhich	n=1; one probe per boot, one build, the dedicated-server path only; the client's own mod-list call site was never exercised	settled		mechanism	docs/testing/profiles.md § Open questions	platform/mod-anatomy.md#folder-name
#1833	The measured placement half is that a profile source lands under its declared id: the teardown run's own mods listing held the id, the source folder name was absent anywhere, the mod-info file was found under the id folder and the configuration file's mod line named the id — and the mod demonstrably loaded.	M	run:td1-20260910-192457 teardown-longtermpreservation4220.json folder_check.listing	n=1; one session, build 42.20.4, fixture default, one mod, one item, one player, one cook transition	settled		mechanism	docs/testing/profiles.md § Open questions	platform/harness.md#profiles
#1834	A case-only folder subject can never answer the rename question: the filesystem is case-preserving so the listing shows which spelling was written, but path lookup is case-insensitive, so such a mod loads whichever name is used — the regression subject has to differ from its id by more than case.	C	repo:testing/pzt/harness.py:14 "def install(mods_dir, mod_ids, workshop=True, sources=None, skip=()):"	none; a property of the filesystem, not of the game	settled		bound	docs/testing/profiles.md § Open questions	platform/harness.md#walls
#1835	The counterfactual is out of reach from a profile rather than merely un-run: both profile branches return a non-empty source, so producing a mod left under its folder name in the run's mods directory would need it in the golden fixture's own mod list — a fixture re-provision and shared state.	C	repo:testing/pzt/session.py:104 "mod_sources"	none; recorded as out of reach, not as unrun	settled		bound	docs/testing/profiles.md § Open questions	platform/harness.md#walls
#1836	The layout lint runs nine static rules over a mod folder — five errors, three warnings and one informational — exits 1 only when an error fired, resolves the mod-info file newest version folder first then older ones then the common folder then the mod root, and is deliberately standalone so the tools directory stays runnable without the game.	C	repo:tools/mod_lint.py:2 "Static layout lint (L0) for B42 mod folders"	none; the rule list as coded	settled		table	docs/testing/profiles.md § L0	reference/tools.md#mod-lint
#1837	The lint's version folders sort by parsed tuple and not by string, and the orchestrator's own resolver sorts the same way, with a test holding the two together on every layout the corpus ships; until the slice-07 final fix wave the resolver string-sorted its glob and read a different file on six installed mods, all six declaring the same id in both, which is what the agreement rule exists to stop being luck.	C	repo:testing/pzt/mods.py:37 "def mod_id_of(mod_dir):"; repo:testing/tests/test_mods_resolution.py:1 "a mod folder resolves to"	none; six mods, one corpus, one build	settled		tool	docs/testing/profiles.md § L0	reference/tools.md#mod-lint
#1838	The 230-folder installed corpus scored 84 findings — three errors, thirty warnings and 51 informational — in about thirteen seconds cold and 1.3 warm, and the acceptance subject scored none.	C	data:data/mod-inventory.json 2026-09-10 13:47	snapshot 2026-09-10 13:47; the tree is live and the sweep must be quoted with its date	settled		count	docs/testing/profiles.md § The installed corpus, swept	reference/tools.md#mod-lint
#1839	The corpus sweep's findings by rule are: no version-directory findings over 230 folders, two errors on the one mod with no mod-info file anywhere, one agreement error on a mod declaring two different ids across three files all in the resolution chain, no drift findings, six placement warnings, 24 media warnings on mods shipping their content only in the common folder, no dynamic-compiler findings, and 51 informational folder-name findings.	C	data:data/mod-inventory.json 2026-09-10 13:47	snapshot 2026-09-10 13:47; one corpus, one build	settled		table	docs/testing/profiles.md § The installed corpus, swept	reference/tools.md#mod-lint
#1840	The corpus holds 229 distinct ids over 230 folders with no duplicates, the one gap being the mod with no mod-info file, so the index's 229 entries are a missing mod and not a collision; if a duplicate ever appears the index keeps whichever it globs first, so that mod must be resolved by workshop id and never by bare id.	C	data:data/mod-inventory.json 2026-09-10 17:47	snapshot 2026-09-10 17:47; one corpus, one build	settled		count	docs/testing/profiles.md § The installed corpus, swept	reference/datasets.md#mod-inventory
#1841	The corpus moved during one slice: a sweep at about thirteen hundred reported 85 findings, the re-run at 13:47 reported 84 and a third at 14:40 reproduced 84, the single difference being one item whose media folder moved out of the common folder into its version folder; that item's two mod folders carry different modification times, so what Steam rewrote is the subtree and not every folder node.	C	data:data/mod-inventory.json 2026-09-10 17:47	snapshot 2026-09-10; three sweeps in one afternoon on one machine; every path treats the workshop tree as read-only, so the change was Steam's	settled		mechanism	docs/testing/profiles.md § The installed corpus, swept	platform/lessons.md#corpus-drift
#1842	The five layers are a static layer of lint and parse checks running in seconds, a boot layer requiring a clean console and a clean shutdown, a server-simulation layer of harness Lua scenarios at accelerated time asserting through a result spool, an end-to-end layer with real clients executing scripted player actions against authoritative server state, and a sync layer in which a client reports its view and the server diffs against authority. Every layer's failure is a hard fail of the run.	C	repo:testing/pzt/cli.py:265 "p = sub.add_parser("	none; the design as written, with the top two layers local rather than continuous-integration	settled		table	docs/testing/pipeline-design.md § Layers	platform/harness.md#procedure
#1843	Eleven facts about the game's own launch surface are what the pipeline design stands on: a client auto-connects from launch arguments with no server browser, Lua can join directly through exposed connect calls, several client instances need a cachedir each plus no Steam and never safe mode, the dedicated server is a named Java class with a fixed argument set, remote console exists with its port and password in the server options, admin commands are classes including the two Lua reloads, a time multiplier setter exists so nutrition ticks scale with game-world seconds, structured output from Lua is possible through the file writers, multiplayer character creation is Lua interface with characters persisting per account server-side, the server world lives in three named places, and the dynamic compiler is gone.	C	repo:testing/pzt/client.py:132 "args = ["	none; wiki and jar readings recorded before the spikes, one build	settled		table	docs/testing/pipeline-design.md § Confirmed facts	platform/overview.md#process-model
#1844	The fragility budget names seven risks and what is done about each: client windows on a desktop with no true headless mode, first-join interface screens, timing races, game and mod updates, port and cachedir collisions, the no-Steam workshop gap, and time-acceleration side effects in multiplayer.	C	repo:testing/pzt/client.py:49 "safemode=False, launcher="	none; the design's own risk register	settled		table	docs/testing/pipeline-design.md § Fragility budget	platform/harness.md#walls
#1845	Every timing step is a predicate with a budget and never a sleep, and the world-ready barrier is a harness handshake rather than a timer.	C	repo:testing/PZTestKit/PZTestKit/42/media/lua/shared/PZTestKit_Test.lua:33 "three call sites run inside the EveryOneMinute handler, so"	none; a design rule the test layer implements	settled		rule	docs/testing/pipeline-design.md § Fragility budget	platform/harness.md#driver-rules
#1846	The first boot of a session costs measurably more than the ones after it — 36.6 seconds against 13.7 and 14.0 on the same session — and the gap is measured while its cause is not: the first boot of the session is the suspected reason and no spike measured it.	M	run:run-20260910-133657 report.json timeline	n=1; three boots in one session on one machine; the warm figure for a restored fixture is 13.4 seconds, which the two later boots reproduce, and the spike's 57.2 seconds is a first-ever cold start including world and database creation	settled		mechanism	docs/testing/pipeline-design.md § Roadmap	platform/harness.md#time
#1847	A cold first-ever server start reached the server-started banner in 57.2 seconds over 1 856 log lines including first-run world and database creation, remote console was honoured from a pre-seeded configuration file and survived the server's rewrite, a quit on standard input shut down gracefully with exit code 0 in eight seconds, a clean vanilla boot produced 57 error-shaped lines in three signatures and the whole cache footprint after one boot was fifteen megabytes.	M	run:s1-20260909-122037 report.json measures	uncommitted: s1-20260909-122037; n=1, one spike run on one machine and one build, no artifact folder was committed for it	unverified		table	docs/testing/spikes.md § S1	platform/harness.md#time
#1848	Four boot-spike facts changed the design: the server's own log file in the cachedir is not the client's console file name, the admin-password argument bootstraps the admin account non-interactively, router detection runs unless universal plug-and-play is seeded off, and a whole server fixture is about fifteen megabytes so a golden-world snapshot and restore per run is trivially cheap.	C	repo:testing/pzt/server.py:181 "def seed(self, sandbox=None):"	none; one spike, one machine	settled		table	docs/testing/spikes.md § S1	platform/overview.md#process-model
#1849	A hardened repeat on a fresh cachedir started in 13.6 seconds, the twelve-second difference being a router-detection wait removed by turning plug-and-play off and the rest operating-system and compiler cache warmth — so the realistic per-run boot cost is about fifteen seconds and not a minute.	M	run:s1-20260909-122330 report.json measures	uncommitted: s1-20260909-122330; n=1, one repeat run on one machine and one build, no artifact folder was committed for it	unverified		mechanism	docs/testing/spikes.md § S1	platform/harness.md#time
#1850	Seven vanilla noise signatures are allowlisted, four of them surfacing only once the big three were filtered, and with all of them in place a clean vanilla boot scores zero — so any nonzero count is a real finding.	C	repo:testing/pzt/server.py:23 "BASELINE_NOISE = [re.compile(p) for p in ("	none; the baseline is a machine-local allowlist over one build	settled		rule	docs/testing/spikes.md § S1	platform/harness.md#reading-a-reply
#1851	A warm start from a restored fixture world takes 13.4 seconds, no slower than a fresh world, and loading its map metadata echoes the vanilla duplicate-room defect as four invalid-room lines, which are baselined.	M	run:run-20260909-140444 report.json measures	uncommitted: run-20260909-140444; n=1, one restore on one fixture and one machine, no artifact folder was committed for it	unverified		mechanism	docs/testing/spikes.md § S1	platform/harness.md#time
#1852	Fifteen facts about the client's launch and join surface were established by the join spike: the connect argument lands on the connect popup with no server browser, no username launch argument exists, the connect button's exact call is a named Lua route into the engine connect function, the terms screen is a version line in the client's options file that survives the game rewriting it, the console logs state transitions, the enabled-mods file is a script-parser block, saved servers and accounts live in a local database the popup prefills from, character creation is Lua, auto-connect never presses connect, the launcher executable is what raises the elevation prompt, and account creation is implicit on an open no-Steam server.	C	repo:testing/pzt/client.py:83 "def seed(self):"	none; one spike, eight attempts, one machine, one build	settled		table	docs/testing/spikes.md § S2	platform/overview.md#process-model
#1853	On first launch the game writes a per-major-release marker file and wipes the enabled-mods list if the marker is missing, which silently disabled the harness on the first automated attempt — so the marker is seeded alongside the list.	C	repo:testing/pzt/harness.py:9 "writes it AND wipes mods/default.txt on first launch (spike S2). Per major release."	none; one spike, one build; the marker's content is fixed	settled		mechanism	docs/testing/spikes.md § S2	platform/mod-anatomy.md#join
#1854	The logo state is added unless the debug flag and a named debug option are both set, the option living in a key-value debug file in the cachedir — so the roughly twenty-second logo is skippable only for debug clients, which servers accept only for admin accounts, and no non-debug launch argument exists for it.	C	repo:testing/pzt/client.py:105 "GameWindow.initShared skips TISLogoState only for -debug clients with this set."; repo:testing/pzt/client.py:138 "Servers refuse -debug for non-admin accounts."	none; one spike, one build	settled		mechanism	docs/testing/spikes.md § S2	platform/overview.md#process-model
#1855	Multiplayer character creation is three screens and not the cooperative ones, each advanced by the same option handler: the spawn screen needs a valid list selection, the profession screen has no checks, and the appearance screen initialises the player, saves the account's names and enters the world.	C	repo:testing/pzt/client.py:100 "pzt-join.txt"	C-only; a Lua read on build 42.20.4, driven once by the join spike	settled		mechanism	docs/testing/spikes.md § S2	platform/overview.md#process-model
#1856	The client resets its Lua with the server's mod list on connect, dropping locally enabled mods — which is why the harness must be in the server's list, and why client-side state has to survive a mid-flow Lua reset, its stages keyed on screen visibility and idempotent step flags with the manifest re-read from disk.	M	run:s2-20260909-132605 report.json timeline	uncommitted: s2-20260909-132605; n=1, one spike over eight attempts on one machine and one build, no artifact folder was committed for it	unverified		mechanism	docs/testing/spikes.md § S2	platform/overview.md#two-lua-states
#1857	A golden client cachedir is about one megabyte and holds the options file with the terms flag, the mods folder with the harness, the enabled list and the reset marker, the saved-server database and the join manifest; second joins skip character creation entirely because the account and character persist server-side.	C	repo:testing/pzt/fixture.py:17 "CLIENT_SKIP = {"	none; one fixture, one machine	settled		mechanism	docs/testing/spikes.md § S2	platform/harness.md#driven-client
#1858	Safe mode was the root cause of the eighty-second join stall: animal definition loading is Lua-table parsing plus a model load for each animal type's five body models, and under safe mode those model loads stall — dropping the phase from 81 seconds to under a second once the flag was removed, and the whole launch-to-world time from about 148 seconds to 32.	M	run:s2-20260909-134516 report.json timeline	uncommitted: s2-20260909-134516; n=1, one spike on one machine and one build, no artifact folder was committed for it	unverified		mechanism	docs/testing/spikes.md § S2	platform/harness.md#driven-client
#1859	Every in-world figure in the join spike really means world loaded and sitting on the click-to-start screen, because the loading state polls for mouse or key input before entering the in-game state and nothing in the client console or the harness fires until then — a posted click is delivered like real input, taking a loaded client to a ready player in about two seconds.	C	repo:testing/pzt/client.py:205 "post one to this client"	none; one spike, one machine	settled		bound	docs/testing/spikes.md § S2	platform/harness.md#driven-client
#1860	A fresh server started in 13.9 seconds with a partial sandbox options file holding two keys: the server fills the rest with defaults and rewrites the full file, so overrides need no template.	M	run:prov-20260909-140115 report.json measures	uncommitted: prov-20260909-140115; n=1, one provision on one machine and one build, no artifact folder was committed for it	unverified		mechanism	docs/testing/spikes.md § T0	platform/harness.md#sandbox
#1861	The fixture snapshot takes the server's configuration, database, saves and options and the client's options, saved-server database, Lua folder, saves and debug options, and deliberately excludes the mods folder, which is re-installed at boot and attach so a fixture never pins a stale harness.	C	repo:testing/pzt/fixture.py:15 "SERVER_SKIP = {"	none; one fixture shape	settled		mechanism	docs/testing/spikes.md § T0	platform/harness.md#profiles
#1862	A restored-fixture run reaches a ready player in 34.3 seconds and a total of 68.6 including a ten-second hold, with the server started at 13.4, the harness loaded 8.6 seconds after client launch, the Lua reload at 15.2, the world loaded at 32.3 and a bus round trip of 0.3 seconds.	M	run:run-20260909-140444 report.json phases	uncommitted: run-20260909-140444; n=1, one run on one machine and one build, no artifact folder was committed for it	unverified		table	docs/testing/spikes.md § T0	platform/harness.md#time
#1863	A client's window is owned by the Java process the orchestrator spawns, so matching by process id works, posted clicks need no focus, the harness survives the join-time Lua reset because the last executed sequence is recovered from the acknowledgement file, and the client's chunk cache is keyed by address and port, so booting a fixture on its recorded port keeps it warm.	C	repo:testing/PZTestKit/PZTestKit/42/media/lua/shared/PZTestKit_Core.lua:537 "local ack = TK.readKV("	none; one machine, one build	settled		mechanism	docs/testing/spikes.md § T0	platform/harness.md#driven-client
#1864	A mod present only in the Steam workshop folder is not found under a no-Steam launch: the server logs the required-mod warning and boots normally with zero errors, the client joins and spawns normally with the same warning at 34.8 seconds and the mod inactive — while the same mod copied into both cachedirs logs its loading line and is active on both sides, the client loading it at the menu and again after the join reload.	M	run:s3-20260909-143715 findings.json variants	uncommitted: s3-20260909-143715; n=1, one mod in two variants on one machine and one build, no artifact folder was committed for it	unverified		mechanism	docs/testing/spikes.md § S3	platform/mod-anatomy.md#mod-discovery
#1865	The copy strategy is the seed of the profile builder: the orchestrator indexes the workshop tree by the id declared in each mod's version-folder mod-info file and copies by folder name, while the installer places harness mods from the repository and everything else from that index.	C	repo:testing/pzt/mods.py:54 "def workshop_index():"	none; the plain non-profile path	settled		mechanism	docs/testing/spikes.md § S3	platform/harness.md#profiles
#1866	The Lua file writer is rooted at the cachedir's Lua folder, rejects relative-path escapes, accepts and creates subfolders, and checks the extension against a five-entry allowlist — so marker files are not possible and not needed, a file that parses as a complete JSON object being the ready signal; the mod file writer writes into the mod's own folder instead, which is not what run artefacts want.	C	jar:LuaManager$GlobalObject.getFileWriter @0 L0	C-only; a jar read on build 42.20.4; client latency 0.27 seconds and server 1.5, the server bus polling every twenty ticks	settled		mechanism	docs/testing/spikes.md § S4	platform/lua-platform.md#file-io
#1867	Kahlua has no JSON library, so the harness ships a forty-line encoder and Java objects fall back to their string form.	C	repo:testing/PZTestKit/PZTestKit/42/media/lua/shared/PZTestKit_Core.lua:106 "Java objects: their toString()"	none; one build	settled		mechanism	docs/testing/spikes.md § S4	platform/lua-platform.md#kahlua-limits
#1868	The time-speed admin command sets the server's multiplier and broadcasts a multiplier packet to every client, works over the remote console and needs no debug flag; at a multiplier of thirty both sides ran at about thirty-two times real time and calorie burn scaled with it.	M	run:spike-20260909-143930 findings.json s5	uncommitted: spike-20260909-143930; n=2, two spike runs on one machine and one build, no artifact folder was committed for it	unverified		mechanism	docs/testing/spikes.md § S5	platform/overview.md#process-model
#1869	The multiplier getter is scaled rather than the argument that was passed, so the two sides' raw getter values are never comparable and only ratios are.	M	run:spike-20260909-144417 findings.json s5	uncommitted: spike-20260909-144417; n=2, two runs; the server ratio was 29.9 against the client's 143.8, no artifact folder was committed for it	unverified		rule	docs/testing/spikes.md § S5	platform/harness.md#time
#1870	Always change speed through the broadcast admin command: restoring with a server-only Lua call left the client at thirty times and the two clocks drifted 3.4 game-hours apart within a minute with no correction.	M	run:spike-20260909-143930 findings.json s5	uncommitted: spike-20260909-143930; n=1, one run, no artifact folder was committed for it	unverified		rule	docs/testing/spikes.md § S5	platform/harness.md#time
#1871	A multiplier change re-syncs the client clock while steady state does not: after a restore the client's clock ran backwards for the next window at minus 5.6 game-minutes per wall second, snapping back onto the server's clock it had overtaken, and ended 0.13 game-hours apart.	M	run:spike-20260909-144417 findings.json s5	uncommitted: spike-20260909-144417; n=1, one re-run; replies to the speed command are sometimes empty, so the change is verified from the snapshot	unverified		mechanism	docs/testing/spikes.md § S5	platform/harness.md#time
#1872	The remote console's help command throws a format exception inside the server's translator and logs two error lines, so it is never called.	C	repo:testing/pzt/rcon.py:1 "Minimal Source-RCON client"	none; one build	settled		rule	docs/testing/spikes.md § S5	platform/overview.md#process-model
#1873	The round-trip witness is about one second: a client witness command sends to the server, the server's client-command handler answers with its own view, and the client compares, logs a match line and writes a result file.	M	run:spike-20260909-143930 findings.json s6	uncommitted: spike-20260909-143930; n=2, two spike runs on one build, no artifact folder was committed for it	unverified		mechanism	docs/testing/spikes.md § S6	platform/harness.md#witness
#1874	The round-trip witness's modData command was renamed when the shared reflective command took its name, while the kind on the wire, the comparison and the result file name are unchanged, and the nutrition and item witnesses are untouched.	C	repo:testing/PZTestKit/PZTestKit/42/media/lua/client/PZTestKit_Client.lua:95 "TK.register("	none; a naming change, not a behaviour change	settled		mechanism	docs/testing/spikes.md § S6	platform/harness.md#witness
#1875	The witness spike's nutrition reading stands while its interpretation was corrected: the 0.2-calorie agreement is the sampling skew of a once-a-second mirror against a drain of about a quarter calorie a second, not evidence that the client computes and the server mirrors.	C	repo:testing/pzt/scenarios_nutrition.py:1 "nutrition"	C-only; the correction rests on a later slice's paired writes, and the spike run itself left no committed artifact	settled		bound	docs/testing/spikes.md § S6	platform/harness.md#walls
#1876	The server-side single-file Lua reload re-runs one file with globals intact: the harness version constant moved while its tick counter continued and the command bus kept its sequence, because the harness table is created only if absent. It is server-local with no packet to clients, the client's copy staying untouched.	M	run:spike-20260909-143930 findings.json s7	uncommitted: spike-20260909-143930; n=1, one spike, one file, one build, no artifact folder was committed for it	unverified		mechanism	docs/testing/spikes.md § S7	platform/lua-platform.md#dev-loop
#1877	The client-side reload global needs an absolute path: a bare file name returned nothing and had no effect, while the client's own copy's full path reloaded the file.	M	run:spike-20260909-143930 findings.json s7	uncommitted: spike-20260909-143930; n=1, one spike, one file, no artifact folder was committed for it	unverified		mechanism	docs/testing/spikes.md § S7	platform/lua-platform.md#dev-loop
#1878	Reloading every Lua file on a dedicated server is not usable: the server stays up and its state survives, but re-running every file throws about thirty-one Lua errors, interface files executed server-side.	M	run:spike-20260909-143930 findings.json s7	uncommitted: spike-20260909-143930; n=1, one spike, one build, no artifact folder was committed for it	unverified		mechanism	docs/testing/spikes.md § S7	platform/lua-platform.md#dev-loop
#1879	The fast authoring loop is a single-file reload on the server plus an absolute-path reload through the client command bus, one file at a time.	C	repo:testing/PZTestKit/PZTestKit/42/media/lua/shared/PZTestKit_Core.lua:565 "@purpose Re-runs one Lua file through reloadLuaFile on the side answering and reports what the call returned."	none; one machine, one build	settled		rule	docs/testing/spikes.md § S7	platform/lua-platform.md#dev-loop
#1880	The reload command matches its argument with a suffix test against the loaded-file list and runs that file and nothing else: no events are re-registered, so a file that adds a handler on load will add a second one, and any file meant to be reloaded must guard against double registration.	C	jar:ReloadLuaCommand.Command @0 L0	C-only; a jar read on build 42.20.4	settled		mechanism	docs/testing/spikes.md § S7	platform/lua-platform.md#dev-loop
#1881	Read the nutrition basis before reading a nutrition column: an item's food keys are per item while a fluid's properties are per litre, a drink row's nutrition is joined from a fluid, every row says which unit it is in, and summing a nutrition column across kinds without looking at the basis is wrong by the capacity factor.	C	repo:data/README.md:22 "Read `nutrition_basis` before you read a nutrition column"	none; the column authority for the food dataset	settled		rule	data/README.md § food-items	reference/datasets.md#columns
#1882	The food dataset's selection rule is four buckets with first match winning: every base-food item, every base-drainable item, every item owning a fluid-container component, and every fluid definition. The three item rules are disjoint on this build, so the flat file has 1 005 rows; fluids are joined into those rows and kept whole in the JSON, never rows of their own.	C	data:data/food-items.json 2026-09-10	snapshot 2026-09-10; build 42.20.4; the ordering is a guard against a mod rather than a live tie-break	settled		table	data/README.md § food-items	reference/datasets.md#kinds
#1883	An absent script key is the empty string in the flat file and a null in the JSON, never a zero, and a script that really writes zero still prints zero.	C	repo:data/README.md:48 "An absent key is the empty string, never `0`"	none; absence is load-bearing, because the engine's own defaults are not zero for every key	settled		rule	data/README.md § food-items	reference/datasets.md#columns
#1884	The nutrition-source column is derived and says where a row's nutrition came from — the item's own food keys, a named fluid, or nothing at all — and the basis column says which unit the fourteen nutrition columns are in: per item, per litre, or empty for the 280 rows that name no source. Carrying no nutrition value is a wider set of 290 rows, the extra ten being fluid-sourced rows joined to a fluid with no properties block or with only an alcohol line.	C	data:data/food-items.json 2026-09-10	snapshot 2026-09-10; build 42.20.4	settled		mechanism	data/README.md § CSV columns	reference/datasets.md#columns
#1885	The food dataset's flat file is 61 columns — 59 declared plus the source file and line — with booleans printed as words and list columns joined by semicolons, and every record naming the file and line it came from.	C	data:data/food-items.csv 2026-09-10	snapshot 2026-09-10; build 42.20.4	settled		table	data/README.md § CSV columns	reference/datasets.md#schemas
#1886	The fluid join takes the first fluid a container lists: the source becomes that fluid, the basis becomes per litre, and the fourteen nutrition columns come from that fluid's properties block instead of the item's own keys. On this build no fluid-container item writes a nutrition key of its own, so nothing is overwritten, and ten of the 61 fluids have no properties block at all — so a fluid-sourced row with empty nutrition is a correct row and not a gap.	C	repo:data/README.md:126 "The fluid join"	snapshot 2026-09-10; build 42.20.4; three fluid properties have no column and stay in the raw properties block	settled		mechanism	data/README.md § CSV columns	reference/datasets.md#columns
#1887	Three fill columns are derived: the share is the first fluid line's second field or one when the line writes only an id, and the fill in litres is the capacity times that share clamped to the capacity, which equals the capacity on all 72 filled rows on this build.	C	data:data/food-items.json 2026-09-10	snapshot 2026-09-10; build 42.20.4; every share on this build is one except a single debug bucket's ten	settled		mechanism	data/README.md § CSV columns	reference/datasets.md#columns
#1888	The six per-container columns are the per-litre value multiplied by the full container's litres, so they are the nutrition of a full container and not of a spawned one; they are empty on every row that is not a container and on a container whose fluid writes no such key, because multiplying a key that was never written is still nothing and not zero.	C	repo:data/README.md:117 "are empty on every row that is not a"	arith.; a derivation stated with its arithmetic	settled		mechanism	data/README.md § CSV columns	reference/datasets.md#columns
#1889	The drinkable column is derived from a capacity threshold of three litres, which is the gate the inventory context menu puts on the drink option, and sixteen of the 133 containers fail it and can only be poured or emptied.	C	data:data/food-items.json 2026-09-10	snapshot 2026-09-10; build 42.20.4	settled		mechanism	data/README.md § CSV columns	reference/datasets.md#columns
#1890	Types follow the loader: only the literal true is true, and an integer-typed key holding an integral float literal comes back as an integer.	C	repo:data/README.md:122 "Types follow the loader"	none; the fluid files put float literals on 141 integer-typed values and every one is integral	settled		mechanism	data/README.md § CSV columns	reference/datasets.md#schemas
#1891	A fluid's properties are the effect of one litre, so the joined columns on a container row are in a different unit from the same columns on a food row: the loader stores the script value as written, the container multiplies by its litres so the container's aggregate is already litres-weighted, drinking spends that aggregate scaled by the share drunk, and the litres are the full container's.	C	jar:FluidDefinitionScript.LoadProperties @0-@453 L367-L410; jar:FluidContainer.recalculateCaches @222-@250 L631-L632; jar:IsoGameCharacter.DrinkFluid @23-@100 L5878-L5881	C-only; a jar read on build 42.20.4, whose arithmetic the drink probe measured	settled		order	data/README.md § Per litre, not per item	reference/datasets.md#columns
#1892	Per-litre times fill-litres times the fraction drunk is measured and no longer a code reading: a full 0.3-litre can wrote 120.000031 calories, 31.200001 grams of carbohydrate, minus 0.036 hunger and minus 0.090 thirst — the per-container columns exactly, with the hundredfold division applied to the two stat columns on the way to the stats object; the same can at half wrote 60.0 and 15.6 and was left holding 0.15 litres, and a 0.2-litre carton wrote 80.0 and 23.999996.	M	run:exp05b-20260910-093307 drink-probe.json drinks	n=1; one session, two fluids, two capacities and two fractions; that run's aggregate match flags are do-not-cite	settled		mechanism	data/README.md § Per litre, not per item	facts/eating-pipeline.md#fluid-path
#1893	Units are script units on both sides, so an item's and a fluid's hunger and thirst numbers are directly comparable and both become stat-bar units by dividing by one hundred: the hundredfold division is not applied in the dataset for a fluid or for an item, and the unhappiness, food-sickness, alcohol, flu-reduction and pain-reduction values are unscaled on both sides as well.	C	repo:data/README.md:172 "Units are script units on both sides, so the two are comparable"	none; one build	settled		mechanism	data/README.md § Per litre, not per item	reference/datasets.md#columns
#1894	The endurance change is divided by one hundred for an item and not for a fluid, and no shipped fluid writes a non-zero one — so the asymmetry is latent, but a modded fluid would be off by a factor of one hundred.	C	jar:FluidDefinitionScript.getEnduranceChange @0-@7 L230	C-only; a jar read on build 42.20.4, latent on this build	settled		bound	data/README.md § Per litre, not per item	reference/datasets.md#columns
#1895	A fluid row's unhappiness change is applied twice when drunk, once to boredom and once to unhappiness, so a mood delta off this dataset is twice the column times the fill litres.	C	jar:IsoGameCharacter.DrinkFluid @222-@237 L5893	C-only; a jar read on build 42.20.4	settled		mechanism	data/README.md § Per litre, not per item	reference/datasets.md#columns
#1896	An absent properties key means the engine uses zero and not unknown, because the fluid definition registers all fifteen properties at zero on construction — but the dataset still reports it empty, because no line in the file wrote it; a fluid with no properties block at all gets a null properties object and contributes nothing to anything.	C	jar:FluidDefinitionScript.<init> @80-@229 L101-L116	C-only; a jar read on build 42.20.4	settled		mechanism	data/README.md § Per litre, not per item	reference/datasets.md#columns
#1897	The fill-litres column is a full container and fourteen containers spawn part-filled: two initial-percent keys are read into an amount range and the initial amount returns the minimum when the two are equal and a uniform draw otherwise, rolled once per container before the share multiply and the capacity clamp. The value is litres and not a percentage despite the key name, since nothing multiplies it by the capacity.	C	jar:FluidContainerScript.getInitialAmount @12-@40 L390-L393	C-only; a jar read on build 42.20.4; the scanner does not model the draw, so on those rows the fill and the six per-container columns are the full-container figures	settled		mechanism	data/README.md § Per litre, not per item	reference/datasets.md#columns
#1898	A pick-random container's nutrition is one of several fills and not the whole truth: the component draws one of the listed fluids when the random flag is set and fills with every listed fluid when it is not, nine containers set it, five of those list several different fluids, and the row carries only the first one's nutrition — so anything that averages or worst-cases a spawn must do it from the whole fluid set the row keeps, not from the row.	C	jar:FluidContainer.readFromScript @142-@183 L112-L115	C-only; a jar read on build 42.20.4; the other four multi-line containers repeat a single id and so have nothing to pick between	settled		mechanism	data/README.md § Per litre, not per item	reference/datasets.md#columns
#1899	The food dataset's JSON is a metadata block, an item array and a fluid array, both sorted by id, where an item record carries every column plus the item block's own key-and-value lines verbatim, untyped and unsplit, with a key written twice becoming a list, and nested blocks are not flattened into it; a fluid record has no basis and no per-container fields, having no capacity of its own to multiply by.	C	data:data/food-items.json 2026-09-10	snapshot 2026-09-10; build 42.20.4	settled		mechanism	data/README.md § JSON	reference/datasets.md#schemas
#1900	The food dataset's metadata carries the build, the disassembled jar hash the key table was checked against, the generation date, the tool, the eighteen script paths read, a counts block, the unknown keys kept raw, the unresolved replacement links, the ids with no English name and the unresolved fluid references — so every join miss is recorded rather than papered over.	C	data:data/food-items.json 2026-09-10	snapshot 2026-09-10; build 42.20.4	settled		table	data/README.md § JSON	reference/datasets.md#schemas
#1901	An input amount is a count of uses and not of items unless the line carries an item-count flag, and for a food one use is one raw hunger-change point — so a forty-use line on one food is one whole tub and a ten-use line on another is a third of one.	C	repo:data/README.md:299 "An input amount is a count of *uses*, not of items, unless the line carries"	none; the rule's measured half is the use probe	settled		rule	data/README.md § recipes	reference/datasets.md#columns
#1902	A delta term is only ever taken from a per-item row: a drink and a row with no nutrition key are refused by name in the reason column and never converted, so the two units are never added together.	C	repo:data/README.md:303 "A delta term is only ever taken from a `nutrition_basis ="	none; the refusal is recorded per recipe with the blocker that fired	settled		rule	data/README.md § recipes	reference/datasets.md#columns
#1903	The recipe dataset is one row per craft-recipe block, 969 of them over 74 files, with 37 flat columns; every value read off a script line names its own source file and line, and the delta block is arithmetic on those lines and on the food dataset.	C	data:data/recipes.json 2026-09-10	snapshot 2026-09-10; build 42.20.4	settled		table	data/README.md § recipes	reference/datasets.md#counts
#1904	The delta columns are empty and never zero when the reason column says why, and a separate column names every term that summed as zero because that block writes no such line — so the null-for-zero substitution is never silent.	C	repo:data/README.md:341 "deltaCalories"	arith.; nine named blockers over 969 recipes	settled		rule	data/README.md § CSV columns	reference/datasets.md#columns
#1905	The recipe JSON is byte-stable across runs within one UTC day, because the generation stamp is today's UTC date and is the one line a rebuild after midnight changes.	C	data:data/recipes.json 2026-09-10	snapshot 2026-09-10; build 42.20.4	settled		mechanism	data/README.md § JSON	reference/datasets.md#schemas
#1906	A parsed recipe input or output line carries all seventeen fields whether or not it writes them, with a null block when the block is absent and an empty one when it is present and empty — eleven and 26 recipes respectively.	C	data:data/recipes.json 2026-09-10	snapshot 2026-09-10; build 42.20.4	settled		mechanism	data/README.md § JSON	reference/datasets.md#schemas
#1907	An item-mapper contract dictionary keeps only the last source of a repeated result, so the dataset carries the ordered pair list beside it — 56 mappers name one result twice, and the dictionary alone would lose a pair.	C	data:data/recipes.json 2026-09-10	snapshot 2026-09-10; build 42.20.4; 225 mappers, 134 of which write a default	settled		mechanism	data/README.md § JSON	reference/datasets.md#schemas
#1908	The destroyed-waste block is null unless one of its six macros is non-zero, and no recipe on this build publishes one: the single round-up row wastes a drainable that writes no macro key at all, so six zeroes would read as a measured zero destroyed.	C	data:data/recipes.json 2026-09-10	snapshot 2026-09-10; build 42.20.4	settled		mechanism	data/README.md § JSON	reference/datasets.md#columns
#1909	The replacements array is 163 links a food row declares — three on cooking, eight on rotting, 110 on use and 42 on depletion — of which twelve carry a delta and 151 are refused by name, 114 for no nutrition and 37 for not being in the dataset; each link's source line is the item block's header line, the way every other record anchors, and not the line of the replacement key.	C	data:data/recipes.json 2026-09-10	snapshot 2026-09-10; build 42.20.4	settled		count	data/README.md § JSON	reference/datasets.md#counts
#1910	The evolved-recipe join is the game's and not a name match: an item's evolved-recipe key reaches a recipe through an exact-name lookup and through every recipe whose template matches case-insensitively, with five parse-time aliases applied first — 374 carriers across 63 recipes yielding 6 902 joins that collapse to 6 881 rows, 21 landing on the same pair twice, with none unmatched.	C	data:data/evolved-recipes.json 2026-09-10	snapshot 2026-09-10; build 42.20.4; it is not a product, since a carrier writes as many key parts as it writes and each part reaches however many recipes match it	settled		mechanism	data/README.md § evolved-recipes	reference/datasets.md#counts
#1911	On all 6 881 evolved-recipe ingredient rows the consumption share at cooking level ten is exactly seven tenths of the level-zero share, with no exceptions including the 59 clamped rows — the clamp is what makes the relation hold, because it caps the hunger asked for at the ingredient's own hunger change before the skill reduction.	C	data:data/evolved-recipes.csv 2026-09-10	arith.; snapshot 2026-09-10, build 42.20.4, arithmetic over script values cited from the food-item model rather than re-derived	settled		mechanism	data/README.md § CSV columns	reference/datasets.md#columns
#1912	A spice ingredient row is a measured zero in hunger, share and every macro, the branch being modelled, where a null in these datasets means the source writes nothing; the one summation branch not modelled per row is the rotten ingredient at cooking seven and above, which needs an instance's state rather than script data.	C	data:data/evolved-recipes.json 2026-09-10	snapshot 2026-09-10; build 42.20.4	settled		mechanism	data/README.md § JSON	reference/datasets.md#columns
#1913	The cookable flag in the evolved-recipe dataset is the script value while the game's own test answers on the presence of the key, so one of the 63 recipes writes false here and the engine says true — the only one where the two differ.	C	data:data/evolved-recipes.json 2026-09-10	snapshot 2026-09-10; build 42.20.4	settled		mechanism	data/README.md § JSON	reference/datasets.md#columns
#1914	The mod inventory is one record per mod folder — 230 records across 179 workshop items — read off shipped files only, so nothing in it is measured in a running game and a signal count is a count of pattern hits and not of behaviour.	C	data:data/mod-inventory.json 2026-09-10 17:47	snapshot 2026-09-10 17:47; a live tree Steam rewrites underneath, so every count carries the sweep stamp	settled		table	data/README.md § mod-inventory	reference/datasets.md#mod-inventory
#1915	The mod inventory carries no metadata block and no build stamp, unlike the four generated datasets, because it describes a live tree; the sweep date in its documentation is the stamp, and a count quoted from it must carry that stamp and never today's date.	C	repo:data/README.md:517 "No `meta` block, and no build stamp"	snapshot 2026-09-10 17:47; regenerating is about two seconds and byte-stable, the same tree in giving the same bytes out	settled		rule	data/README.md § mod-inventory	reference/datasets.md#mod-inventory
#1916	Seven rows' file counts moved between two sweeps a day apart for two different reasons: two because a resolution fix reads a newer version folder where the old rule fell back to an older one, and five because Steam rewrote those items' files between the sweeps.	C	data:data/mod-inventory.json 2026-09-10 17:47	snapshot 2026-09-10 17:47; two sweeps, one corpus	settled		mechanism	data/README.md § mod-inventory	reference/datasets.md#mod-inventory
#1917	The resolved id is the id the game resolves and may be the empty string: the record no longer falls back to the folder name, and resolution delegates to the layout lint's own chain rather than being the inventory's opinion — the earlier weaker rule put a folder name in place of the declared id on twenty of the 230 rows, so a profile's mod id must read the resolved id and never the folder.	C	repo:data/README.md:543 "is the id the game resolves, and it may be"	snapshot 2026-09-10 17:47; one row has no mod-info file anywhere and is invisible to the workshop index	settled		rule	data/README.md § mod-inventory	reference/datasets.md#mod-inventory
#1918	Everything except the on-disk byte count describes the newest version folder only, which is a de-duplication rule and not a claim about what the game loads: a mod shipping the same scripts in three folders must not have them counted three times, so one folder is chosen and it is the one the build runs.	C	repo:data/README.md:571 "Everything except `bytes` describes the newest version folder only"	none; the rule a per-mod record needs	settled		mechanism	data/README.md § mod-inventory	reference/datasets.md#mod-inventory
#1919	An older version folder or a B41-layout root media folder is genuinely ignored by the running build, but a common media folder is not — it is a shipped layout the build also loads, and its content is simply not counted here.	C	repo:data/README.md:579 "is genuinely ignored by the"	none; one corpus, one build	settled		mechanism	data/README.md § mod-inventory	reference/datasets.md#mod-inventory
#1920	The media-roots list is the guard on a zero: 177 of the 230 rows list a common media folder this scan did not read, so a zero in the file counts or the signal counts is only trustworthy where that root is absent from the list.	C	data:data/mod-inventory.json 2026-09-10 17:47	snapshot 2026-09-10 17:47; for one mod the uncounted content is seven of ten Lua files, 1 238 of 2 155 lines, its only event registration, its only vanilla patch and its whole translation set	settled		rule	data/README.md § mod-inventory	reference/datasets.md#mod-inventory
#1921	A true live-media flag does not mean the record is complete: on 111 of the 153 rows that have both a live media folder and a common one, a file-count bucket reads zero while the common folder holds exactly that kind of file — 2 527 models, 120 sounds, fifteen tile packs, 92 Lua files and three script files reported as zero on those rows alone, and the true uncounted total is larger.	C	data:data/mod-inventory.json 2026-09-10 17:47	snapshot 2026-09-10 17:47; a row whose bucket is non-zero can have more of the same kind in the common folder as well	settled		bound	data/README.md § mod-inventory	reference/datasets.md#mod-inventory
#1922	The false live-media flag marks something narrower: the 24 rows with no live media folder at all, whose whole record is therefore blank.	C	data:data/mod-inventory.json 2026-09-10 17:47	snapshot 2026-09-10 17:47	settled		count	data/README.md § mod-inventory	reference/datasets.md#mod-inventory
#1923	The measured impact of the common-media gap on the nutrition question is none: every common media folder in the corpus was swept twice for the ten script nutrition keys and not one carries a single key, so no nutrition candidate is hidden by the scan's scope — for any other question, check the media-roots list before believing a zero.	C	data:data/mod-inventory.json 2026-09-10	snapshot 2026-09-10; two sweep rounds, one corpus, one build	settled		mechanism	data/README.md § mod-inventory	reference/datasets.md#mod-inventory
#1924	The workshop item modification time is a download stamp and not an update stamp: Steam rewrites the mod folder inside an item without touching the item folder, so one item still reads a date a month old while its inner mod folder was rewritten mid-slice. For a real last-updated date, use the Workshop page.	C	repo:data/README.md:646 "is a download stamp, not an update stamp"	snapshot 2026-09-10 17:47; the corpus range is a three-week window	settled		rule	data/README.md § mod-inventory	reference/datasets.md#mod-inventory
#1925	The inventory's record is twenty fields: the resolved id and the folder-name fallback, the name, author and requirements, the layout, the version-folder list, which mod-info file the id came from, the two media flags and the media-roots list, the file counts, the pattern-hit signals and their per-key breakdown, the item-definition count, the declared modules, the top events, the Lua size, the on-disk bytes, the item modification time, the sandbox-options flag read from all three roots a build could load it from, and the two identity keys.	C	data:data/mod-inventory.json 2026-09-10 17:47	snapshot 2026-09-10 17:47	settled		table	data/README.md § mod-inventory	reference/datasets.md#schemas
#1926	The two nutrition signals are counted from different files and neither alone is the catalog: the runtime signal greps Lua for the nutrition getter, the four macro setters or a hunger-change line and hits eleven mods, while the script signal greps the live script text for ten item-definition keys and hits nine mods, with exactly one mod showing both and nineteen showing at least one.	C	data:data/mod-inventory.json 2026-09-10 17:47	snapshot 2026-09-10 17:47; both script-side counts read the file comment-stripped	settled		count	data/README.md § The two nutrition signals	reference/datasets.md#mod-inventory
#1927	The declared-modules field is the override question: a mod writing the base module overrides vanilla items while a mod's own module only adds new ones, and the value is the raw token after the module keyword, so a module written with the opening brace on the same line is recorded with the brace attached.	C	data:data/mod-inventory.json 2026-09-10 17:47	snapshot 2026-09-10 17:47	settled		mechanism	data/README.md § The two nutrition signals	reference/datasets.md#mod-inventory
#1928	The item-definition count is exact and not a bound — an item keyword and a name alone on a line, brace optional, over every script file under the live media folder with comments stripped — 6 630 over the corpus, and it counts every item definition including clothing and vehicles, so food has to be counted by hand off the food-type blocks.	C	data:data/mod-inventory.json 2026-09-10 17:47	snapshot 2026-09-10 17:47; anchoring the name to the end of the line is what separates a definition from a recipe's inputs and outputs	settled		count	data/README.md § The two nutrition signals	reference/datasets.md#mod-inventory
#1929	Three successive cuts fixed the item-definition count: the first regular expression could not tell a definition from a recipe input and inflated 113 of the 230 rows, 22 231 lines down to 6 157 definitions; the second widened the name class to keep hyphenated ids, recovering 491 definitions on one mod and changing no other row; the third stripped comments as the engine's parser does, moving exactly two rows and no more.	C	data:data/mod-inventory.json 2026-09-10 17:47	snapshot 2026-09-10 17:47; on vanilla's own scripts both name regular expressions read the same 5 105 definitions, so the widening adds no false positive on either corpus	settled		mechanism	data/README.md § The two nutrition signals	reference/datasets.md#mod-inventory
#1930	171 of the corpus's 2 401 live script files carry a block comment, and stripping them moved two rows only: one mod from seventeen definitions to fifteen and another from 102 to 86, each of whose affected files is commented out whole in one block.	C	data:data/mod-inventory.json 2026-09-10 17:47	snapshot 2026-09-10 17:47; the line-comment token is stripped for the same reason and changes nothing here	settled		count	data/README.md § The two nutrition signals	reference/datasets.md#mod-inventory
#1931	The nine script-signal mods define 881 items between them, and that figure must be quoted as items defined rather than food items, because it counts definitions in every script file.	C	data:data/mod-inventory.json 2026-09-10 17:47	snapshot 2026-09-10 17:47; 899 before the comment fix, and unchanged by the hyphen fix	settled		count	data/README.md § The two nutrition signals	reference/datasets.md#mod-inventory
#1932	The workshop search is eight terms against the build-tagged ready-to-use browse section, one page per term with no pagination, joined to the inventory on the workshop id: 212 results over eight terms collapsing to 180 distinct items because 29 ids appear under more than one term, three of them installed, with no term failures.	W	web:data/workshop-search.json 2026-09-10 16:26	snapshot 2026-09-10 16:26; Steam is live and the trend sort reorders hourly, so no count is quotable without the fetch stamp, and two browse passes 34 minutes apart returned the same totals and the same three installed ids, which says the answer held for half an hour and not that it is stable	settled		count	data/README.md § workshop-search	reference/datasets.md#workshop-rows
#1933	Nothing in the workshop sweep was subscribed, downloaded or written under the workshop root: pages were read once and never faster than one request a second, and only the extracted facts are recorded — no page is mirrored.	C	repo:tools/workshop_search.py:2 "Sweep the public Steam Workshop for nutrition-relevant B42 mods and join to the corpus."	none; a method rule, not a measurement	settled		rule	data/README.md § workshop-search	reference/tools.md#workshop-search
#1934	A workshop row that is not installed cannot be linted, profiled, booted or measured from this repository, so 177 of the 180 rows are graded as a page reading — a title, a size and a date — and each carries the exact unblocking action; the three installed rows are graded as code readings only because they join to an inventory record read off shipped files, and the grade belongs to the inventory and never to the page.	W	web:data/workshop-search.json 2026-09-10 16:26	snapshot 2026-09-10 16:26; teardown picks come only from the installed corpus, however relevant a page row looks	settled		rule	data/README.md § The hard constraint	reference/datasets.md#workshop-rows
#1935	The sweep is a trend-sorted top-thirty-per-term slice of the Workshop and neither a census of it nor a second inventory: 176 of the 179 installed workshop items are returned by none of the eight terms, and none of the three installed hits is a nutrition mod — a car, a bottle-capacity tweak and a skill-cap mod matched the search text.	W	web:data/workshop-search.json 2026-09-10 16:26	snapshot 2026-09-10 16:26; the join read the inventory as it stood at 16:20 that day	settled		bound	data/README.md § The three installed hits	reference/datasets.md#workshop-rows
#1936	The installed mod that writes both nutrition signals is in none of the eight pages while a third-party patch to it is, so absence from this dataset is not evidence about a mod and a missing id must never be read as no such mod.	W	web:data/workshop-search.json 2026-09-10 16:26	snapshot 2026-09-10 16:26	settled		rule	data/README.md § The three installed hits	reference/datasets.md#workshop-rows
#1937	Six not-installed items are load-bearing for this library — a nutrition-sync fix for the very problem this library exists to characterise, a patch claiming to launder the top teardown pick's nutrition, the largest nutrition overhaul with its add-on, a small recent take, a third same-month overhaul and the B41-era ancestor — each recorded with its id, title, size and two dates and nothing more.	W	web:data/workshop-search.json 2026-09-10 16:26	snapshot 2026-09-10 16:26; every row is a page reading, and until one is subscribed nothing below the title is known	settled		table	data/README.md § The load-bearing not-installed items	reference/datasets.md#workshop-rows
#1938	A workshop row says which of three things happened to it, and that field must be read before the three statistic columns: fetched means an item page was read, not-requested means no page was asked for and nothing about the item is claimed, and failed means a page was asked for and could not be read with the error saying why. The error field is therefore a fetch failure and nothing else.	C	repo:tools/workshop_search.py:71 "Three row states, one field."	snapshot 2026-09-10 16:56; fifteen fetched, 165 not requested and none failed in the committed file	settled		rule	data/README.md § Why 165 rows have no size	reference/datasets.md#workshop-rows
#1939	On a fetched row a null update date means the item has never been updated since posting, because the page then renders only two statistics; on any other row it means nothing at all. Three of the fifteen fetched rows are genuinely never-updated.	W	web:data/workshop-search.json 2026-09-10 16:56	snapshot 2026-09-10 16:56; fifteen fetched rows	settled		rule	data/README.md § Why 165 rows have no size	reference/datasets.md#workshop-rows
#1940	The failure state exists for a real mode that answers with a success code: an item-page read can come back as the generic Workshop landing page with neither of the markers the parser needs, so a naive parser records an item that ships no statistics — the first run of the tool recorded 177 rows of silent nulls, which is why that output was discarded and never committed.	C	repo:tools/workshop_search.py:46 "and then recorded as"	snapshot 2026-09-10 15:52; one discarded run; the completeness counter is the guard that would have caught it and must stay at zero	settled		mechanism	data/README.md § Why 165 rows have no size	reference/tools.md#workshop-search
#1941	How many item pages a session may read is not modelled and no figure should be quoted for it: what is recorded is four dated observations and no rule fitted to them — a run that reached the alternate template after three item pages, a run that met it from the first request, the committed sweep that read all nine pages it asked for unthrottled, and a top-up pass thirty minutes later that read six more in 24 seconds unthrottled.	C	repo:tools/workshop_search.py:53 "6 more item pages read"	snapshot 2026-09-10; four observations on one afternoon from one machine	settled		bound	data/README.md § Why 165 rows have no size	reference/datasets.md#open
#1942	The details pass asks only for a declared subset because a read may not land, and a later top-up pass fills not-requested rows without re-sweeping — a re-sweep would change the trend-sorted row set and the fetch stamp with it.	C	repo:tools/workshop_search.py:61 "it tops up rows"	snapshot 2026-09-10 16:56; the committed file has one top-up entry, so nine of its fifteen fetched rows were read at the sweep and six half an hour later	settled		mechanism	data/README.md § Why 165 rows have no size	reference/tools.md#workshop-search
#1943	The catalog pass is a third route and neither of the other two: item pages for ids named from outside, no browse pass, no join, its own file and a per-row fetch stamp because there is no browse stamp to inherit. It exists because eight of the nine catalogued mods are returned by none of the eight terms, so the declared subset rejects them by name and the top-up has no row to fill.	C	repo:tools/workshop_search.py:64 "is neither"	snapshot 2026-09-10 17:46; one pass, nine requested, nine fetched, none failed	settled		mechanism	data/README.md § workshop-catalog-details	reference/tools.md#workshop-search
#1944	A workshop page's title and size are the item's and not a mod's, two of the nine catalogued items shipping several mods each, and the size matched the sum of the item's mod folders exactly on all nine — a genuine cross-check of two independent readings, which says the local tree is the size of what the Workshop serves today.	W	web:data/workshop-catalog-details.json 2026-09-10 17:46	snapshot 2026-09-10 17:46; nine items; Steam divides by a thousand and truncates at three decimals	settled		mechanism	data/README.md § workshop-catalog-details	reference/datasets.md#workshop-rows
#1945	The catalog pass answers the one question the download stamp cannot — when the author last uploaded — and the two disagree in both directions without either being wrong: one item has never been updated since posting yet its folder was written a month later, and another was updated on the page hours before the read while its item folder still reads a month earlier. A page date says nothing about what the mod does.	W	web:data/workshop-catalog-details.json 2026-09-10 17:46	snapshot 2026-09-10 17:46; nine items; one of them was read twice by two routes at different hours and both reads agreed on its size and update date	settled		rule	data/README.md § workshop-catalog-details	reference/datasets.md#workshop-rows
#1946	The mirror tool fetches each wiki page as raw wikitext with a browser user agent, because a plain fetcher is refused, and writes a mirror carrying a four-key provenance header — source, fetch date, the wiki's own page version or an unstamped marker, and the licence — then a digest stub and the raw text in a fence; the placeholder rule keeps an un-digested mirror visible until it is digested by hand.	C	repo:tools/README.md:9 "wiki_mirror.py"	none; the method rule is mirror first, then digest	settled		tool	tools/README.md § Intake pipeline	reference/tools.md#wiki-mirror
#1947	The documentation lint has five rules — a build stamp in four named directories, a placeholder ban, a non-empty sources section in those same directories, a standalone evidence grade in every body row of a table with an evidence column, and the four mirror header keys — printing one finding per line and exiting 1 if any fired; it skips the plan and scratch trees, the board and every README.	C	repo:tools/README.md:17 "doc_lint.py"	none; the rule set as coded	settled		tool	tools/README.md § Intake pipeline	reference/tools.md#doc-lint
#1948	The lint's rule scoping and reported paths are relative to the repository root and not to the target, so narrowing the target can never silently switch a rule off.	C	repo:tools/README.md:29 "Rule scoping and reported paths are relative to the **repo root**"	none; a root override exists for tests	settled		tool	tools/README.md § Intake pipeline	reference/tools.md#doc-lint
#1949	The lint's table splitter strips and splits a row on the pipe character with no escape handling, so an escaped pipe inside a cell still splits the row and shifts every later cell one place — which in a table with an evidence column either fails a correctly graded row or grades the wrong cell. Rewrite the cell rather than escaping the pipe; the splitter is deliberately simple.	C	repo:tools/README.md:35 "Table trap (2026-09-11, slice 10)"	none; one build of the tool	settled		tool	tools/README.md § Intake pipeline	reference/tools.md#doc-lint
#1950	The inventory tool sweeps the same workshop root as the layout lint and writes the inventory file in about two seconds, byte-stable on every platform, then prints the class histogram, the dynamic-compiler and flat-layout lists, the top twenty by Lua size, the two nutrition signals side by side and a folder-name-against-id block.	C	repo:tools/README.md:66 "mod_inventory.py"	snapshot 2026-09-10 17:47; 230 records across 179 items	settled		tool	tools/README.md § Intake pipeline	reference/tools.md#mod-inventory-tool
#1951	Identity is the layout lint's answer and not a second opinion: the inventory imports the lint's version-folder, chain, read and media-root functions, so the resolved id is the id the running build resolves and is empty when no mod-info file exists anywhere, never the folder name, which is kept beside it.	C	repo:tools/README.md:74 "Identity is `mod_lint`'s answer, not a second opinion"	none; one delegation, one corpus	settled		tool	tools/README.md § Intake pipeline	reference/tools.md#mod-inventory-tool
#1952	All three of the inventory's script regular expressions read the file comment-stripped, because the engine's parser and the food scanner both ignore block and line comments and a definition inside a comment is not a definition — and the inventory imports the scanner's own stripper rather than keeping a second opinion about what the engine skips.	C	repo:tools/README.md:87 "All three script regexes read the file comment-stripped"	none; the same delegation the identity resolution makes	settled		tool	tools/README.md § Intake pipeline	reference/tools.md#mod-inventory-tool
#1953	The compressed flag is mandatory on every fetch — without it the transfer hands back compressed bytes and every pattern misses, 5 876 unreadable bytes against about 686 000 readable — and the browse page is rendered client-side with per-deploy obfuscated class names, so the only things read off it are the item link and the thumbnail's alternative text, while the item page is the older server-rendered template whose two-or-three statistic divisions are what make a never-updated item a fact rather than a gap.	C	repo:tools/README.md:140 "`--compressed` is mandatory"	none; one tool, one machine, one fetch date	settled		tool	tools/README.md § Intake pipeline	reference/tools.md#workshop-search
#1954	The join key is the workshop id and never the mod id, because a Workshop page has no idea what id a mod declares.	C	repo:tools/README.md:147 "The join key is `workshop_id`, never `mod_id`"	none; twenty corpus ids moved in one slice	settled		rule	tools/README.md § Intake pipeline	reference/tools.md#workshop-search
#1955	Flag combinations that cannot mean what they say are usage errors and not quiet no-ops — five of them are named — because each parsed cleanly and did nothing before, which on a read that may not land costs a whole pass.	C	repo:tools/README.md:187 "Flag combinations that cannot mean what they say are usage errors"	none; five named combinations	settled		tool	tools/README.md § Intake pipeline	reference/tools.md#workshop-search
#1956	The retry budget is per failure mode and not per URL: one retry after five seconds on a transport error or an empty body, and one more after five seconds when the body came back as a template the parser cannot read — so a URL that fails both ways costs up to three fetches and ten seconds of sleeping. Nothing retries a third time and no failure raises; it is recorded on the row.	C	repo:tools/README.md:193 "The retry budget is per failure mode, not per URL"	none; as coded	settled		tool	tools/README.md § Intake pipeline	reference/tools.md#workshop-search
#1957	The food scanner parses the generated scripts and writes the food dataset pair, printing its four bucket counts; display names come from the two English translation files, every join miss is recorded in the metadata rather than papered over, and an absent script key is empty in the flat file and null in the JSON, never zero.	C	repo:tools/README.md:206 "food_scan.py"	snapshot 2026-09-10; build 42.20.4	settled		tool	tools/README.md § Intake pipeline	reference/tools.md#food-scan
#1958	The food scanner holds the shared script parser and it is nesting-aware, so a component's keys never flatten onto the item that owns it; its interface is a parse call, a block iterator, a parent-aware walk, a named-child lookup, a raw-values accessor matched the loader's case-insensitive way, two coercion helpers, a key canonicaliser, a known-key test, the 114-key type table and a translation loader.	C	repo:tools/README.md:222 "It also holds the **shared script-DSL parser**"	none; a block carries every key-and-value line beside a last-write-wins mapping, so a repeated key survives	settled		tool	tools/README.md § Intake pipeline	reference/tools.md#food-scan
#1959	The recipe scanner imports the food scanner's parser and never walks the script grammar itself, and it reads the food dataset for nutrition through a field map so that script-case names and the dataset's lower-case columns both resolve; both of its output pairs are byte-stable across runs.	C	repo:tools/README.md:249 "It **imports `food_scan`'s parser**"	none; one build	settled		tool	tools/README.md § Intake pipeline	reference/tools.md#recipe-scan
#1960	The Lua balance tool strips comments and strings and then prints the bracket deltas, the block-end depth and the count of lines where the depth went negative, exiting 1 unless every file balances; it is run on every Lua file a harness commit touches, on the committed copy first and then the working tree.	C	repo:tools/luabalance.py:2 "Bracket / block-"	none; a static read-through, not a parser	settled		tool	tools/README.md § Reference tooling	reference/tools.md#claims-tools
#1961	The bus inventory generator renders the harness command reference from a three-part comment block above each registration site, one row per site and side, and a site missing any of the three fails the run and is listed on standard error; a check mode exits 1 when the file on disk is not a fresh render, and a harness commit that adds or changes a command edits the block and regenerates in the same commit.	C	repo:tools/bus_inventory.py:2 "Generate docs/reference/harness-commands.md from every"	none; enforced by the register checker's generator rule	settled		tool	tools/README.md § Reference tooling	reference/tools.md#claims-tools
#1962	Every tool here is standard-library-only Python in the same parser style as the jar toolchain's own scanners, which were proven against the generated-script grammar including capitalised script directories and version-folder resolution.	C	repo:tools/README.md:321 "Conventions: stdlib-only python"	none; a convention, not a measurement	settled		tool	tools/README.md § Conventions	reference/tools.md#conventions
#1963	The debug client parks on the first unguarded mod Lua error, so a raising probe must be gated on the server side and its profile's client timeout set low.	M	run:x127-20260911-052049 platform-raise.json summary.client_seen	n=2; two boots, one build, one raise family; a release client is unmeasured	settled		rule	CLAUDE.md § 8 Environment gotchas	platform/lessons.md#rules
#1964	The workshop corpus drifts under a running slice — Steam rewrote a mod-info file mid-slice — so the inventory is a dated snapshot and every count taken from the live tree must be dated.	C	data:data/mod-inventory.json 2026-09-10 17:47	snapshot 2026-09-10 17:47; one observed change in one slice is the evidence for the rule	settled		rule	CLAUDE.md § 8 Environment gotchas; docs/testing/profiles.md § The installed corpus, swept	platform/lessons.md#corpus-drift
#1965	No bit-level claim may rest on an artifact written before the number-format change: the encoder rendered every non-integral number at six decimals, so a cross-side comparison from such a run is equal at the bus's resolution and never bit-equal, and the one-in-a-million tolerance the graded rows used is exactly the encoder's own resolution.	C	repo:testing/PZTestKit/PZTestKit/42/media/lua/shared/PZTestKit_Core.lua:63 "Slice 10 widened the non-integral branch"	none; every desync graded under the old format is whole-value, far above the floor	settled		bound	docs/decisions.md 2026-09-10 slice 09	platform/harness.md#artifacts-discipline
#1966	A modData census's exclusion set is chosen per scope and not once for every scope: an item census excludes the custom name and the tooltip, both of which vanilla writes into item modData itself, while a player census excludes the four vanilla fitness keys and the hotbar — and only late in a session, because the server's copy of a player's modData is empty at join and holds four keys only about half a minute in.	M	run:td3-20260911-001948 teardown-autocook.json vanilla_item_keys	n=1; one session, build 42.20.4, fixture default, one mod, one character, one machine; the player-scope half is corrected from a later teardown and the one-set version reported all four vanilla keys as findings	settled		bound	docs/decisions.md 2026-09-10 slice 09	platform/harness.md#probes
#1967	The flat half of a generated dataset pair carries no build stamp: any line above the header breaks every reader, so the pair's JSON metadata and the dataset documentation are what date it, which is read as one stamp per pair rather than one per file.	C	repo:data/README.md:5 "the **CSV deliberately"	none; the JSON twin is written in the same run from the same metadata, so the provenance cannot disagree	settled		bound	docs/decisions.md 2026-09-10 slice 05	reference/datasets.md#schemas
#1968	The disassembler's grep is a byte scan over the raw bytes of every class entry in the jar, about 23.7 thousand of them, so it hits method names, field names, class names, descriptors and string literals alike — which makes a no-class-contains-that-literal answer a jar-wide absence of the identifier in any form, the strongest absence this toolchain can prove.	C	tool:pz-b42/tools/pzdis.py:144	none; one jar, build 42.20.4	settled		tool	docs/reference/jar-method-notes.md § Tool note	platform/jar-research.md#method
#1969	The grep result cap defaults to sixty and no reading in the jar notes hit it.	C	tool:pz-b42/tools/pzdis.py:140	none; one jar, build 42.20.4	settled		tool	docs/reference/jar-method-notes.md § Tool note	platform/jar-research.md#method
#1970	The methods subcommand lists every declared method regardless of access, discarding the access flags as it walks the method table — so the access flags in these notes were read with a scratch parser over the same constant-pool module, because private is the difference between a wall and a door for Lua.	C	tool:pz-b42/tools/pzdis.py:149; tool:pz-b42/tools/cp.py:34-36	none; the scratch parser is session-scoped and is rewritten from the toolchain's own modules when a later task needs it	settled		tool	docs/reference/jar-method-notes.md § Tool note	platform/jar-research.md#method
#1971	The refs subcommand is not a reverse-caller query: it takes a class and a method and lists the constant-pool references inside that method, so callers are found by grepping for the method name to narrow to the classes that hold the literal and then scanning each of those classes' methods for the call.	C	tool:pz-b42/tools/pzdis.py:150-153	none; one jar, build 42.20.4	settled		tool	docs/reference/jar-method-notes.md § Tool note	platform/jar-research.md#method
#1972	An inner class needs its dollar sign escaped because the wrapper passes the argument through the shell, and a class is not always at the bare name a traceback prints — the packet class a traceback named sits several packages deeper.	C	tool:pz-b42/pz.sh:5	none; one wrapper, one shell	settled		tool	docs/reference/jar-method-notes.md § A worked query	platform/jar-research.md#method
#1973	The remaining experiment programme is a ceiling and not a commitment: about 42 hours is what the named experiments would cost if every one of them were run, and every corpus count inside it is a dated snapshot.	C	repo:docs/reference/experiments.md:1 "experiments"	none; a cost estimate over the named experiments, not a plan	settled		bound	.superpowers/sdd/14-feasibility-notes/slice-13-bounds.md	platform/harness.md#experiment-contract
