recipe,resultItem,item,use,requiresCooked,spice,share0,kcal0,carbs0,lipids0,proteins0,share10,kcal10
AddBaitToChum,Base.Chum,Base.AmericanLadyCaterpillar,1,false,false,1.0,27.0,3.0,20.24,27.55,0.7,31.5
AddBaitToChum,Base.Chum,Base.Baguette,10,false,false,0.434783,231.304348,43.043478,2.895652,7.695652,0.304348,269.855072
AddBaitToChum,Base.Chum,Base.BaguetteDough,10,false,false,0.666667,354.666667,66.0,4.44,11.8,0.466667,413.777778
AddBaitToChum,Base.Chum,Base.BaitFish,5,false,false,1.0,30.0,0.0,1.5,8.52,0.7,35.0
AddBaitToChum,Base.Chum,Base.BandedWoolyBearCaterpillar,1,false,false,1.0,27.0,3.0,20.24,27.55,0.7,31.5
AddBaitToChum,Base.Chum,Base.Beef,20,false,false,0.25,110.0,0.0,4.675,15.655,0.175,128.333333
AddBaitToChum,Base.Chum,Base.Bread,10,false,false,0.333333,177.333333,33.0,2.22,5.9,0.233333,206.888889
AddBaitToChum,Base.Chum,Base.BreadDough,10,false,false,0.416667,221.666667,41.25,2.775,7.375,0.291667,258.611111
AddBaitToChum,Base.Chum,Base.CannedCornOpen,10,false,false,0.625,196.875,43.75,1.09375,4.375,0.4375,229.6875
AddBaitToChum,Base.Chum,Base.Centipede,1,false,false,1.0,60.0,3.5,6.5,15.21,0.7,70.0
AddBaitToChum,Base.Chum,Base.Centipede2,1,false,false,1.0,60.0,3.5,6.5,15.21,0.7,70.0
AddBaitToChum,Base.Chum,Base.Cheese,10,false,false,0.666667,75.333333,0.58,6.22,4.266667,0.466667,87.888889
AddBaitToChum,Base.Chum,Base.Cockroach,1,false,false,1.0,30.0,1.27,3.9,7.41,0.7,35.0
AddBaitToChum,Base.Chum,Base.Crayfish,10,false,false,1.0,40.0,0.0,2.0,8.0,0.7,46.666667
AddBaitToChum,Base.Chum,Base.Cricket,1,false,false,1.0,20.0,1.34,1.32,3.6,0.7,23.333333
AddBaitToChum,Base.Chum,Base.DogfoodOpen,30,false,false,1.0,498.0,77.56,12.58,16.04,0.7,581.0
AddBaitToChum,Base.Chum,Base.Dough,10,false,false,0.666667,354.666667,66.0,4.44,11.8,0.466667,413.777778
AddBaitToChum,Base.Chum,Base.FishFillet,25,false,false,1.0,205.0,1.0,12.0,28.52,0.7,239.166667
AddBaitToChum,Base.Chum,Base.FishGuts,5,false,false,1.0,0.0,0.0,0.0,0.0,0.7,0.0
AddBaitToChum,Base.Chum,Base.FrogMeat,8,false,false,0.8,52.8,0.0,0.224,11.68,0.56,61.6
AddBaitToChum,Base.Chum,Base.Grasshopper,1,false,false,1.0,25.0,3.0,0.24,5.55,0.7,29.166667
AddBaitToChum,Base.Chum,Base.Leech,2,false,false,1.0,90.0,2.11,1.9,17.41,0.7,105.0
AddBaitToChum,Base.Chum,Base.Maggots,1,false,false,1.0,1.5,0.0,0.05,0.25,0.7,1.75
AddBaitToChum,Base.Chum,Base.MeatPatty,30,false,false,0.75,459.0,0.0,22.5,34.5,0.525,535.5
AddBaitToChum,Base.Chum,Base.Millipede,1,false,false,1.0,60.0,3.5,6.5,15.21,0.7,70.0
AddBaitToChum,Base.Chum,Base.Millipede2,1,false,false,1.0,60.0,3.5,6.5,15.21,0.7,70.0
AddBaitToChum,Base.Chum,Base.MonarchCaterpillar,1,false,false,1.0,27.0,3.0,20.24,27.55,0.7,31.5
AddBaitToChum,Base.Chum,Base.Pillbug,1,false,false,1.0,1.5,0.0,0.05,0.25,0.7,1.75
AddBaitToChum,Base.Chum,Base.SawflyLarva,1,false,false,1.0,27.0,3.0,20.24,27.55,0.7,31.5
AddBaitToChum,Base.Chum,Base.Shrimp,10,false,false,1.0,80.0,0.0,7.0,10.0,0.7,93.333333
AddBaitToChum,Base.Chum,Base.SilkMothCaterpillar,1,false,false,1.0,27.0,3.0,20.24,27.55,0.7,31.5
AddBaitToChum,Base.Chum,Base.Slug,1,false,false,1.0,90.0,2.11,1.9,17.41,0.7,105.0
AddBaitToChum,Base.Chum,Base.Slug2,1,false,false,1.0,90.0,2.11,1.9,17.41,0.7,105.0
AddBaitToChum,Base.Chum,Base.Smallanimalmeat,15,false,false,1.0,201.0,5.0,7.25,45.0,0.7,234.5
AddBaitToChum,Base.Chum,Base.Smallbirdmeat,15,false,false,1.0,261.0,5.0,8.25,90.0,0.7,304.5
AddBaitToChum,Base.Chum,Base.Snail,1,false,false,1.0,90.0,2.11,1.9,17.41,0.7,105.0
AddBaitToChum,Base.Chum,Base.Steak,20,false,false,0.5,110.0,0.0,4.675,15.81,0.35,128.333333
AddBaitToChum,Base.Chum,Base.SwallowtailCaterpillar,1,false,false,1.0,27.0,3.0,20.24,27.55,0.7,31.5
AddBaitToChum,Base.Chum,Base.Tadpole,2,false,false,1.0,90.0,2.11,1.9,17.41,0.7,105.0
AddBaitToChum,Base.Chum,Base.Termites,1,false,false,1.0,2.5,0.0,0.5,0.5,0.7,2.916667
AddBaitToChum,Base.Chum,Base.Venison,20,false,false,0.25,110.0,0.0,4.675,15.655,0.175,128.333333
AddBaitToChum,Base.Chum,Base.Worm,1,false,false,1.0,3.0,0.0,0.1,0.5,0.7,3.5
BagelPlain,Base.BagelPlain,Base.Avocado,8,false,false,0.5,113.5,5.875,10.48,1.335,0.35,132.416667
BagelPlain,Base.BagelPlain,Base.Bacon,4,true,false,0.333333,53.333333,0.0,4.666667,3.333333,0.233333,62.222222
BagelPlain,Base.BagelPlain,Base.BaconBits,1,true,true,0.0,0.0,0.0,0.0,0.0,0.0,0.0
BagelPlain,Base.BagelPlain,Base.BaconRashers,4,true,false,1.0,40.0,0.0,3.5,2.5,0.7,46.666667
BagelPlain,Base.BagelPlain,Base.BeanBowl,8,false,false,0.333333,56.666667,11.0,0.333333,2.333333,0.233333,66.111111
BagelPlain,Base.BagelPlain,Base.Butter,4,false,true,0.0,0.0,0.0,0.0,0.0,0.0,0.0
BagelPlain,Base.BagelPlain,Base.CannedRoe_Open,2,false,false,0.2,30.0,0.0,2.2,2.8,0.14,35.0
BagelPlain,Base.BagelPlain,Base.CannedSardinesOpen,7,false,false,0.5,75.0,0.0,5.5,7.0,0.35,87.5
BagelPlain,Base.BagelPlain,Base.Caviar,2,false,false,0.2,30.0,0.0,2.2,2.8,0.14,35.0
BagelPlain,Base.BagelPlain,Base.Cheese,5,false,false,0.333333,37.666667,0.29,3.11,2.133333,0.233333,43.944444
BagelPlain,Base.BagelPlain,Base.Chives,1,false,true,0.0,0.0,0.0,0.0,0.0,0.0,0.0
BagelPlain,Base.BagelPlain,Base.ChivesDried,1,false,true,0.0,0.0,0.0,0.0,0.0,0.0,0.0
BagelPlain,Base.BagelPlain,Base.Chocolate,5,false,false,0.25,212.5,27.5,16.5,2.5,0.175,247.916667
BagelPlain,Base.BagelPlain,Base.Chocolate_Butterchunkers,5,false,false,0.25,57.5,7.25,3.0,0.5,0.175,67.083333
BagelPlain,Base.BagelPlain,Base.Chocolate_Crackle,5,false,false,0.25,57.5,7.25,3.0,0.5,0.175,67.083333
BagelPlain,Base.BagelPlain,Base.Chocolate_Deux,5,false,false,0.25,62.5,8.5,3.0,0.5,0.175,72.916667
BagelPlain,Base.BagelPlain,Base.Chocolate_GalacticDairy,5,false,false,0.25,47.5,7.5,2.0,0.5,0.175,55.416667
BagelPlain,Base.BagelPlain,Base.Chocolate_HeartBox,5,false,false,0.125,212.5,27.5,16.25,2.5,0.0875,247.916667
BagelPlain,Base.BagelPlain,Base.Chocolate_RoysPBPucks,5,false,false,0.25,57.5,6.5,3.25,1.25,0.175,67.083333
BagelPlain,Base.BagelPlain,Base.Chocolate_Smirkers,5,false,false,0.25,70.0,8.75,3.5,1.0,0.175,81.666667
BagelPlain,Base.BagelPlain,Base.Chocolate_SnikSnak,5,false,false,0.25,57.5,7.25,3.0,0.75,0.175,67.083333
BagelPlain,Base.BagelPlain,Base.Cinnamon,1,false,true,0.0,0.0,0.0,0.0,0.0,0.0,0.0
BagelPlain,Base.BagelPlain,Base.FishRoe,2,false,true,0.0,0.0,0.0,0.0,0.0,0.0,0.0
BagelPlain,Base.BagelPlain,Base.Garlic,1,false,true,0.0,0.0,0.0,0.0,0.0,0.0,0.0
BagelPlain,Base.BagelPlain,Base.GreenOnions,1,false,true,0.0,0.0,0.0,0.0,0.0,0.0,0.0
BagelPlain,Base.BagelPlain,Base.Honey,2,false,true,0.0,0.0,0.0,0.0,0.0,0.0,0.0
BagelPlain,Base.BagelPlain,Base.Icing,5,false,false,0.5,55.0,40.0,22.0,8.0,0.35,64.166667
BagelPlain,Base.BagelPlain,Base.JamFruit,3,false,false,0.1,55.0,13.0,0.0,0.1,0.07,64.166667
BagelPlain,Base.BagelPlain,Base.JamMarmalade,3,false,false,0.1,55.0,13.0,0.0,0.1,0.07,64.166667
BagelPlain,Base.BagelPlain,Base.Lard,2,false,true,0.0,0.0,0.0,0.0,0.0,0.0,0.0
BagelPlain,Base.BagelPlain,Base.Margarine,4,false,true,0.0,0.0,0.0,0.0,0.0,0.0,0.0
BagelPlain,Base.BagelPlain,Base.OpenBeans,8,false,false,0.333333,56.666667,11.0,0.333333,2.333333,0.233333,66.111111
BagelPlain,Base.BagelPlain,Base.Oregano,1,false,true,0.0,0.0,0.0,0.0,0.0,0.0,0.0
BagelPlain,Base.BagelPlain,Base.OreganoDried,1,false,true,0.0,0.0,0.0,0.0,0.0,0.0,0.0
BagelPlain,Base.BagelPlain,Base.Parsley,1,false,true,0.0,0.0,0.0,0.0,0.0,0.0,0.0
BagelPlain,Base.BagelPlain,Base.ParsleyDried,1,false,true,0.0,0.0,0.0,0.0,0.0,0.0,0.0
BagelPlain,Base.BagelPlain,Base.PeanutButter,5,false,false,0.2,532.0,25.6,44.8,16.8,0.14,620.666667
BagelPlain,Base.BagelPlain,Base.Processedcheese,5,false,false,1.0,70.0,0.0,6.0,4.0,0.7,81.666667
BagelPlain,Base.BagelPlain,Base.Rosemary,1,false,true,0.0,0.0,0.0,0.0,0.0,0.0,0.0
BagelPlain,Base.BagelPlain,Base.RosemaryDried,1,false,true,0.0,0.0,0.0,0.0,0.0,0.0,0.0
BagelPlain,Base.BagelPlain,Base.Sage,1,false,true,0.0,0.0,0.0,0.0,0.0,0.0,0.0
BagelPlain,Base.BagelPlain,Base.SageDried,1,false,true,0.0,0.0,0.0,0.0,0.0,0.0,0.0
BagelPlain,Base.BagelPlain,Base.Seasoning_Chives,1,false,true,0.0,0.0,0.0,0.0,0.0,0.0,0.0
BagelPlain,Base.BagelPlain,Base.Seasoning_Oregano,1,false,true,0.0,0.0,0.0,0.0,0.0,0.0,0.0
BagelPlain,Base.BagelPlain,Base.Seasoning_Parsley,1,false,true,0.0,0.0,0.0,0.0,0.0,0.0,0.0
BagelPlain,Base.BagelPlain,Base.Seasoning_Rosemary,1,false,true,0.0,0.0,0.0,0.0,0.0,0.0,0.0
BagelPlain,Base.BagelPlain,Base.Seasoning_Sage,1,false,true,0.0,0.0,0.0,0.0,0.0,0.0,0.0
BagelPlain,Base.BagelPlain,Base.Seasoning_Thyme,1,false,true,0.0,0.0,0.0,0.0,0.0,0.0,0.0
BagelPlain,Base.BagelPlain,Base.Sugar,1,false,true,0.0,0.0,0.0,0.0,0.0,0.0,0.0
BagelPlain,Base.BagelPlain,Base.SugarBrown,1,false,true,0.0,0.0,0.0,0.0,0.0,0.0,0.0
BagelPlain,Base.BagelPlain,Base.SugarCubes,1,false,true,0.0,0.0,0.0,0.0,0.0,0.0,0.0
BagelPlain,Base.BagelPlain,Base.SugarPacket,1,false,true,0.0,0.0,0.0,0.0,0.0,0.0,0.0
BagelPlain,Base.BagelPlain,Base.Thyme,1,false,true,0.0,0.0,0.0,0.0,0.0,0.0,0.0
BagelPlain,Base.BagelPlain,Base.ThymeDried,1,false,true,0.0,0.0,0.0,0.0,0.0,0.0,0.0
BagelPlain,Base.BagelPlain,Base.WildGarlic2,1,false,true,0.0,0.0,0.0,0.0,0.0,0.0,0.0
BagelPlain,Base.BagelPlain,Base.WildGarlicDried,1,false,true,0.0,0.0,0.0,0.0,0.0,0.0,0.0
BagelPoppy,Base.BagelPoppy,Base.Avocado,8,false,false,0.5,113.5,5.875,10.48,1.335,0.35,132.416667
BagelPoppy,Base.BagelPoppy,Base.Bacon,4,true,false,0.333333,53.333333,0.0,4.666667,3.333333,0.233333,62.222222
BagelPoppy,Base.BagelPoppy,Base.BaconBits,1,true,true,0.0,0.0,0.0,0.0,0.0,0.0,0.0
BagelPoppy,Base.BagelPoppy,Base.BaconRashers,4,true,false,1.0,40.0,0.0,3.5,2.5,0.7,46.666667
BagelPoppy,Base.BagelPoppy,Base.BeanBowl,8,false,false,0.333333,56.666667,11.0,0.333333,2.333333,0.233333,66.111111
BagelPoppy,Base.BagelPoppy,Base.Butter,4,false,true,0.0,0.0,0.0,0.0,0.0,0.0,0.0
BagelPoppy,Base.BagelPoppy,Base.CannedRoe_Open,2,false,false,0.2,30.0,0.0,2.2,2.8,0.14,35.0
BagelPoppy,Base.BagelPoppy,Base.CannedSardinesOpen,7,false,false,0.5,75.0,0.0,5.5,7.0,0.35,87.5
BagelPoppy,Base.BagelPoppy,Base.Caviar,2,false,false,0.2,30.0,0.0,2.2,2.8,0.14,35.0
BagelPoppy,Base.BagelPoppy,Base.Cheese,5,false,false,0.333333,37.666667,0.29,3.11,2.133333,0.233333,43.944444
BagelPoppy,Base.BagelPoppy,Base.Chives,1,false,true,0.0,0.0,0.0,0.0,0.0,0.0,0.0
BagelPoppy,Base.BagelPoppy,Base.ChivesDried,1,false,true,0.0,0.0,0.0,0.0,0.0,0.0,0.0
BagelPoppy,Base.BagelPoppy,Base.Chocolate,5,false,false,0.25,212.5,27.5,16.5,2.5,0.175,247.916667
BagelPoppy,Base.BagelPoppy,Base.Chocolate_Butterchunkers,5,false,false,0.25,57.5,7.25,3.0,0.5,0.175,67.083333
BagelPoppy,Base.BagelPoppy,Base.Chocolate_Crackle,5,false,false,0.25,57.5,7.25,3.0,0.5,0.175,67.083333
BagelPoppy,Base.BagelPoppy,Base.Chocolate_Deux,5,false,false,0.25,62.5,8.5,3.0,0.5,0.175,72.916667
BagelPoppy,Base.BagelPoppy,Base.Chocolate_GalacticDairy,5,false,false,0.25,47.5,7.5,2.0,0.5,0.175,55.416667
BagelPoppy,Base.BagelPoppy,Base.Chocolate_HeartBox,5,false,false,0.125,212.5,27.5,16.25,2.5,0.0875,247.916667
BagelPoppy,Base.BagelPoppy,Base.Chocolate_RoysPBPucks,5,false,false,0.25,57.5,6.5,3.25,1.25,0.175,67.083333
BagelPoppy,Base.BagelPoppy,Base.Chocolate_Smirkers,5,false,false,0.25,70.0,8.75,3.5,1.0,0.175,81.666667
BagelPoppy,Base.BagelPoppy,Base.Chocolate_SnikSnak,5,false,false,0.25,57.5,7.25,3.0,0.75,0.175,67.083333
BagelPoppy,Base.BagelPoppy,Base.Cinnamon,1,false,true,0.0,0.0,0.0,0.0,0.0,0.0,0.0
BagelPoppy,Base.BagelPoppy,Base.FishRoe,2,false,true,0.0,0.0,0.0,0.0,0.0,0.0,0.0
BagelPoppy,Base.BagelPoppy,Base.Garlic,1,false,true,0.0,0.0,0.0,0.0,0.0,0.0,0.0
BagelPoppy,Base.BagelPoppy,Base.GreenOnions,1,false,true,0.0,0.0,0.0,0.0,0.0,0.0,0.0
BagelPoppy,Base.BagelPoppy,Base.Honey,2,false,true,0.0,0.0,0.0,0.0,0.0,0.0,0.0
BagelPoppy,Base.BagelPoppy,Base.Icing,5,false,false,0.5,55.0,40.0,22.0,8.0,0.35,64.166667
BagelPoppy,Base.BagelPoppy,Base.JamFruit,3,false,false,0.1,55.0,13.0,0.0,0.1,0.07,64.166667
BagelPoppy,Base.BagelPoppy,Base.JamMarmalade,3,false,false,0.1,55.0,13.0,0.0,0.1,0.07,64.166667
BagelPoppy,Base.BagelPoppy,Base.Lard,2,false,true,0.0,0.0,0.0,0.0,0.0,0.0,0.0
BagelPoppy,Base.BagelPoppy,Base.Margarine,4,false,true,0.0,0.0,0.0,0.0,0.0,0.0,0.0
BagelPoppy,Base.BagelPoppy,Base.OpenBeans,8,false,false,0.333333,56.666667,11.0,0.333333,2.333333,0.233333,66.111111
BagelPoppy,Base.BagelPoppy,Base.Oregano,1,false,true,0.0,0.0,0.0,0.0,0.0,0.0,0.0
BagelPoppy,Base.BagelPoppy,Base.OreganoDried,1,false,true,0.0,0.0,0.0,0.0,0.0,0.0,0.0
BagelPoppy,Base.BagelPoppy,Base.Parsley,1,false,true,0.0,0.0,0.0,0.0,0.0,0.0,0.0
BagelPoppy,Base.BagelPoppy,Base.ParsleyDried,1,false,true,0.0,0.0,0.0,0.0,0.0,0.0,0.0
BagelPoppy,Base.BagelPoppy,Base.PeanutButter,5,false,false,0.2,532.0,25.6,44.8,16.8,0.14,620.666667
BagelPoppy,Base.BagelPoppy,Base.Processedcheese,5,false,false,1.0,70.0,0.0,6.0,4.0,0.7,81.666667
BagelPoppy,Base.BagelPoppy,Base.Rosemary,1,false,true,0.0,0.0,0.0,0.0,0.0,0.0,0.0
BagelPoppy,Base.BagelPoppy,Base.RosemaryDried,1,false,true,0.0,0.0,0.0,0.0,0.0,0.0,0.0
BagelPoppy,Base.BagelPoppy,Base.Sage,1,false,true,0.0,0.0,0.0,0.0,0.0,0.0,0.0
BagelPoppy,Base.BagelPoppy,Base.SageDried,1,false,true,0.0,0.0,0.0,0.0,0.0,0.0,0.0
BagelPoppy,Base.BagelPoppy,Base.Seasoning_Chives,1,false,true,0.0,0.0,0.0,0.0,0.0,0.0,0.0
BagelPoppy,Base.BagelPoppy,Base.Seasoning_Oregano,1,false,true,0.0,0.0,0.0,0.0,0.0,0.0,0.0
BagelPoppy,Base.BagelPoppy,Base.Seasoning_Parsley,1,false,true,0.0,0.0,0.0,0.0,0.0,0.0,0.0
BagelPoppy,Base.BagelPoppy,Base.Seasoning_Rosemary,1,false,true,0.0,0.0,0.0,0.0,0.0,0.0,0.0
BagelPoppy,Base.BagelPoppy,Base.Seasoning_Sage,1,false,true,0.0,0.0,0.0,0.0,0.0,0.0,0.0
BagelPoppy,Base.BagelPoppy,Base.Seasoning_Thyme,1,false,true,0.0,0.0,0.0,0.0,0.0,0.0,0.0
BagelPoppy,Base.BagelPoppy,Base.Sugar,1,false,true,0.0,0.0,0.0,0.0,0.0,0.0,0.0
BagelPoppy,Base.BagelPoppy,Base.SugarBrown,1,false,true,0.0,0.0,0.0,0.0,0.0,0.0,0.0
BagelPoppy,Base.BagelPoppy,Base.SugarCubes,1,false,true,0.0,0.0,0.0,0.0,0.0,0.0,0.0
BagelPoppy,Base.BagelPoppy,Base.SugarPacket,1,false,true,0.0,0.0,0.0,0.0,0.0,0.0,0.0
BagelPoppy,Base.BagelPoppy,Base.Thyme,1,false,true,0.0,0.0,0.0,0.0,0.0,0.0,0.0
BagelPoppy,Base.BagelPoppy,Base.ThymeDried,1,false,true,0.0,0.0,0.0,0.0,0.0,0.0,0.0
BagelPoppy,Base.BagelPoppy,Base.WildGarlic2,1,false,true,0.0,0.0,0.0,0.0,0.0,0.0,0.0
BagelPoppy,Base.BagelPoppy,Base.WildGarlicDried,1,false,true,0.0,0.0,0.0,0.0,0.0,0.0,0.0
BagelSesame,Base.BagelSesame,Base.Avocado,8,false,false,0.5,113.5,5.875,10.48,1.335,0.35,132.416667
BagelSesame,Base.BagelSesame,Base.Bacon,4,true,false,0.333333,53.333333,0.0,4.666667,3.333333,0.233333,62.222222
BagelSesame,Base.BagelSesame,Base.BaconBits,1,true,true,0.0,0.0,0.0,0.0,0.0,0.0,0.0
BagelSesame,Base.BagelSesame,Base.BaconRashers,4,true,false,1.0,40.0,0.0,3.5,2.5,0.7,46.666667
BagelSesame,Base.BagelSesame,Base.BeanBowl,8,false,false,0.333333,56.666667,11.0,0.333333,2.333333,0.233333,66.111111
BagelSesame,Base.BagelSesame,Base.Butter,4,false,true,0.0,0.0,0.0,0.0,0.0,0.0,0.0
BagelSesame,Base.BagelSesame,Base.CannedRoe_Open,2,false,false,0.2,30.0,0.0,2.2,2.8,0.14,35.0
BagelSesame,Base.BagelSesame,Base.CannedSardinesOpen,7,false,false,0.5,75.0,0.0,5.5,7.0,0.35,87.5
BagelSesame,Base.BagelSesame,Base.Caviar,2,false,false,0.2,30.0,0.0,2.2,2.8,0.14,35.0
BagelSesame,Base.BagelSesame,Base.Cheese,5,false,false,0.333333,37.666667,0.29,3.11,2.133333,0.233333,43.944444
BagelSesame,Base.BagelSesame,Base.Chives,1,false,true,0.0,0.0,0.0,0.0,0.0,0.0,0.0
BagelSesame,Base.BagelSesame,Base.ChivesDried,1,false,true,0.0,0.0,0.0,0.0,0.0,0.0,0.0
BagelSesame,Base.BagelSesame,Base.Chocolate,5,false,false,0.25,212.5,27.5,16.5,2.5,0.175,247.916667
BagelSesame,Base.BagelSesame,Base.Chocolate_Butterchunkers,5,false,false,0.25,57.5,7.25,3.0,0.5,0.175,67.083333
BagelSesame,Base.BagelSesame,Base.Chocolate_Crackle,5,false,false,0.25,57.5,7.25,3.0,0.5,0.175,67.083333
BagelSesame,Base.BagelSesame,Base.Chocolate_Deux,5,false,false,0.25,62.5,8.5,3.0,0.5,0.175,72.916667
BagelSesame,Base.BagelSesame,Base.Chocolate_GalacticDairy,5,false,false,0.25,47.5,7.5,2.0,0.5,0.175,55.416667
BagelSesame,Base.BagelSesame,Base.Chocolate_HeartBox,5,false,false,0.125,212.5,27.5,16.25,2.5,0.0875,247.916667
BagelSesame,Base.BagelSesame,Base.Chocolate_RoysPBPucks,5,false,false,0.25,57.5,6.5,3.25,1.25,0.175,67.083333
BagelSesame,Base.BagelSesame,Base.Chocolate_Smirkers,5,false,false,0.25,70.0,8.75,3.5,1.0,0.175,81.666667
BagelSesame,Base.BagelSesame,Base.Chocolate_SnikSnak,5,false,false,0.25,57.5,7.25,3.0,0.75,0.175,67.083333
BagelSesame,Base.BagelSesame,Base.Cinnamon,1,false,true,0.0,0.0,0.0,0.0,0.0,0.0,0.0
BagelSesame,Base.BagelSesame,Base.FishRoe,2,false,true,0.0,0.0,0.0,0.0,0.0,0.0,0.0
BagelSesame,Base.BagelSesame,Base.Garlic,1,false,true,0.0,0.0,0.0,0.0,0.0,0.0,0.0
BagelSesame,Base.BagelSesame,Base.GreenOnions,1,false,true,0.0,0.0,0.0,0.0,0.0,0.0,0.0
BagelSesame,Base.BagelSesame,Base.Honey,2,false,true,0.0,0.0,0.0,0.0,0.0,0.0,0.0
BagelSesame,Base.BagelSesame,Base.Icing,5,false,false,0.5,55.0,40.0,22.0,8.0,0.35,64.166667
BagelSesame,Base.BagelSesame,Base.JamFruit,3,false,false,0.1,55.0,13.0,0.0,0.1,0.07,64.166667
BagelSesame,Base.BagelSesame,Base.JamMarmalade,3,false,false,0.1,55.0,13.0,0.0,0.1,0.07,64.166667
BagelSesame,Base.BagelSesame,Base.Lard,2,false,true,0.0,0.0,0.0,0.0,0.0,0.0,0.0
BagelSesame,Base.BagelSesame,Base.Margarine,4,false,true,0.0,0.0,0.0,0.0,0.0,0.0,0.0
BagelSesame,Base.BagelSesame,Base.OpenBeans,8,false,false,0.333333,56.666667,11.0,0.333333,2.333333,0.233333,66.111111
BagelSesame,Base.BagelSesame,Base.Oregano,1,false,true,0.0,0.0,0.0,0.0,0.0,0.0,0.0
BagelSesame,Base.BagelSesame,Base.OreganoDried,1,false,true,0.0,0.0,0.0,0.0,0.0,0.0,0.0
BagelSesame,Base.BagelSesame,Base.Parsley,1,false,true,0.0,0.0,0.0,0.0,0.0,0.0,0.0
BagelSesame,Base.BagelSesame,Base.ParsleyDried,1,false,true,0.0,0.0,0.0,0.0,0.0,0.0,0.0
BagelSesame,Base.BagelSesame,Base.PeanutButter,5,false,false,0.2,532.0,25.6,44.8,16.8,0.14,620.666667
BagelSesame,Base.BagelSesame,Base.Processedcheese,5,false,false,1.0,70.0,0.0,6.0,4.0,0.7,81.666667
BagelSesame,Base.BagelSesame,Base.Rosemary,1,false,true,0.0,0.0,0.0,0.0,0.0,0.0,0.0
BagelSesame,Base.BagelSesame,Base.RosemaryDried,1,false,true,0.0,0.0,0.0,0.0,0.0,0.0,0.0
BagelSesame,Base.BagelSesame,Base.Sage,1,false,true,0.0,0.0,0.0,0.0,0.0,0.0,0.0
BagelSesame,Base.BagelSesame,Base.SageDried,1,false,true,0.0,0.0,0.0,0.0,0.0,0.0,0.0
BagelSesame,Base.BagelSesame,Base.Seasoning_Chives,1,false,true,0.0,0.0,0.0,0.0,0.0,0.0,0.0
BagelSesame,Base.BagelSesame,Base.Seasoning_Oregano,1,false,true,0.0,0.0,0.0,0.0,0.0,0.0,0.0
BagelSesame,Base.BagelSesame,Base.Seasoning_Parsley,1,false,true,0.0,0.0,0.0,0.0,0.0,0.0,0.0
BagelSesame,Base.BagelSesame,Base.Seasoning_Rosemary,1,false,true,0.0,0.0,0.0,0.0,0.0,0.0,0.0
BagelSesame,Base.BagelSesame,Base.Seasoning_Sage,1,false,true,0.0,0.0,0.0,0.0,0.0,0.0,0.0
BagelSesame,Base.BagelSesame,Base.Seasoning_Thyme,1,false,true,0.0,0.0,0.0,0.0,0.0,0.0,0.0
BagelSesame,Base.BagelSesame,Base.Sugar,1,false,true,0.0,0.0,0.0,0.0,0.0,0.0,0.0
BagelSesame,Base.BagelSesame,Base.SugarBrown,1,false,true,0.0,0.0,0.0,0.0,0.0,0.0,0.0
BagelSesame,Base.BagelSesame,Base.SugarCubes,1,false,true,0.0,0.0,0.0,0.0,0.0,0.0,0.0
BagelSesame,Base.BagelSesame,Base.SugarPacket,1,false,true,0.0,0.0,0.0,0.0,0.0,0.0,0.0
BagelSesame,Base.BagelSesame,Base.Thyme,1,false,true,0.0,0.0,0.0,0.0,0.0,0.0,0.0
BagelSesame,Base.BagelSesame,Base.ThymeDried,1,false,true,0.0,0.0,0.0,0.0,0.0,0.0,0.0
BagelSesame,Base.BagelSesame,Base.WildGarlic2,1,false,true,0.0,0.0,0.0,0.0,0.0,0.0,0.0
BagelSesame,Base.BagelSesame,Base.WildGarlicDried,1,false,true,0.0,0.0,0.0,0.0,0.0,0.0,0.0
Bread,Base.BreadDough,Base.Acorn,10,false,false,1.0,55.0,12.0,24.0,6.0,0.7,64.166667
Bread,Base.BreadDough,Base.Banana,16,false,false,1.0,105.0,26.95,0.39,1.29,0.7,122.5
Bread,Base.BreadDough,Base.Basil,1,false,true,0.0,0.0,0.0,0.0,0.0,0.0,0.0
Bread,Base.BreadDough,Base.BasilDried,1,false,true,0.0,0.0,0.0,0.0,0.0,0.0,0.0
Bread,Base.BreadDough,Base.Cheese,5,false,false,0.333333,37.666667,0.29,3.11,2.133333,0.233333,43.944444
Bread,Base.BreadDough,Base.Chives,1,false,true,0.0,0.0,0.0,0.0,0.0,0.0,0.0
Bread,Base.BreadDough,Base.ChivesDried,1,false,true,0.0,0.0,0.0,0.0,0.0,0.0,0.0
Bread,Base.BreadDough,Base.Chocolate,10,false,false,0.5,425.0,55.0,33.0,5.0,0.35,495.833333
Bread,Base.BreadDough,Base.ChocolateChips,6,false,false,1.0,50.0,17.0,8.0,1.0,0.7,58.333333
Bread,Base.BreadDough,Base.Chocolate_Butterchunkers,10,false,false,0.5,115.0,14.5,6.0,1.0,0.35,134.166667
Bread,Base.BreadDough,Base.Chocolate_Crackle,10,false,false,0.5,115.0,14.5,6.0,1.0,0.35,134.166667
Bread,Base.BreadDough,Base.Chocolate_Deux,10,false,false,0.5,125.0,17.0,6.0,1.0,0.35,145.833333
Bread,Base.BreadDough,Base.Chocolate_GalacticDairy,10,false,false,0.5,95.0,15.0,4.0,1.0,0.35,110.833333
Bread,Base.BreadDough,Base.Chocolate_HeartBox,10,false,false,0.25,425.0,55.0,32.5,5.0,0.175,495.833333
Bread,Base.BreadDough,Base.Chocolate_RoysPBPucks,10,false,false,0.5,115.0,13.0,6.5,2.5,0.35,134.166667
Bread,Base.BreadDough,Base.Chocolate_Smirkers,10,false,false,0.5,140.0,17.5,7.0,2.0,0.35,163.333333
Bread,Base.BreadDough,Base.Chocolate_SnikSnak,10,false,false,0.5,115.0,14.5,6.0,1.5,0.35,134.166667
Bread,Base.BreadDough,Base.FlaxSeed,1,false,true,0.0,0.0,0.0,0.0,0.0,0.0,0.0
Bread,Base.BreadDough,Base.Garlic,1,false,true,0.0,0.0,0.0,0.0,0.0,0.0,0.0
Bread,Base.BreadDough,Base.GreenOnions,1,false,true,0.0,0.0,0.0,0.0,0.0,0.0,0.0
Bread,Base.BreadDough,Base.Icing,10,false,false,1.0,110.0,80.0,44.0,16.0,0.7,128.333333
Bread,Base.BreadDough,Base.JamFruit,15,false,false,0.5,275.0,65.0,0.0,0.5,0.35,320.833333
Bread,Base.BreadDough,Base.JamMarmalade,15,false,false,0.5,275.0,65.0,0.0,0.5,0.35,320.833333
Bread,Base.BreadDough,Base.Oregano,1,false,true,0.0,0.0,0.0,0.0,0.0,0.0,0.0
Bread,Base.BreadDough,Base.OreganoDried,1,false,true,0.0,0.0,0.0,0.0,0.0,0.0,0.0
Bread,Base.BreadDough,Base.Parsley,1,false,true,0.0,0.0,0.0,0.0,0.0,0.0,0.0
Bread,Base.BreadDough,Base.ParsleyDried,1,false,true,0.0,0.0,0.0,0.0,0.0,0.0,0.0
Bread,Base.BreadDough,Base.PoppySeed,1,false,true,0.0,0.0,0.0,0.0,0.0,0.0,0.0
Bread,Base.BreadDough,Base.Processedcheese,5,false,false,1.0,70.0,0.0,6.0,4.0,0.7,81.666667
Bread,Base.BreadDough,Base.PumpkinSeed,5,false,true,0.0,0.0,0.0,0.0,0.0,0.0,0.0
Bread,Base.BreadDough,Base.Rosehips,6,false,true,0.0,0.0,0.0,0.0,0.0,0.0,0.0
Bread,Base.BreadDough,Base.Rosemary,1,false,true,0.0,0.0,0.0,0.0,0.0,0.0,0.0
Bread,Base.BreadDough,Base.RosemaryDried,1,false,true,0.0,0.0,0.0,0.0,0.0,0.0,0.0
Bread,Base.BreadDough,Base.Sage,1,false,true,0.0,0.0,0.0,0.0,0.0,0.0,0.0
Bread,Base.BreadDough,Base.SageDried,1,false,true,0.0,0.0,0.0,0.0,0.0,0.0,0.0
Bread,Base.BreadDough,Base.Seasoning_Basil,1,false,true,0.0,0.0,0.0,0.0,0.0,0.0,0.0
Bread,Base.BreadDough,Base.Seasoning_Chives,1,false,true,0.0,0.0,0.0,0.0,0.0,0.0,0.0
Bread,Base.BreadDough,Base.Seasoning_Oregano,1,false,true,0.0,0.0,0.0,0.0,0.0,0.0,0.0
Bread,Base.BreadDough,Base.Seasoning_Parsley,1,false,true,0.0,0.0,0.0,0.0,0.0,0.0,0.0
Bread,Base.BreadDough,Base.Seasoning_Rosemary,1,false,true,0.0,0.0,0.0,0.0,0.0,0.0,0.0
Bread,Base.BreadDough,Base.Seasoning_Sage,1,false,true,0.0,0.0,0.0,0.0,0.0,0.0,0.0
Bread,Base.BreadDough,Base.Seasoning_Thyme,1,false,true,0.0,0.0,0.0,0.0,0.0,0.0,0.0
Bread,Base.BreadDough,Base.SunflowerSeeds,5,false,true,0.0,0.0,0.0,0.0,0.0,0.0,0.0
Bread,Base.BreadDough,Base.Thyme,1,false,true,0.0,0.0,0.0,0.0,0.0,0.0,0.0
Bread,Base.BreadDough,Base.ThymeDried,1,false,true,0.0,0.0,0.0,0.0,0.0,0.0,0.0
Burger,Base.BurgerRecipe,Base.BBQSauce,2,false,true,0.0,0.0,0.0,0.0,0.0,0.0,0.0
Burger,Base.BurgerRecipe,Base.Bacon,4,true,false,0.333333,53.333333,0.0,4.666667,3.333333,0.233333,62.222222
Burger,Base.BurgerRecipe,Base.BaconBits,1,true,true,0.0,0.0,0.0,0.0,0.0,0.0,0.0
Burger,Base.BurgerRecipe,Base.BaconRashers,4,true,false,1.0,40.0,0.0,3.5,2.5,0.7,46.666667
Burger,Base.BurgerRecipe,Base.BaloneySlice,5,false,false,1.0,33.0,0.33,1.06,3.78,0.7,38.5
Burger,Base.BurgerRecipe,Base.BalsamicVinegar,2,false,true,0.0,0.0,0.0,0.0,0.0,0.0,0.0
Burger,Base.BurgerRecipe,Base.Basil,1,false,true,0.0,0.0,0.0,0.0,0.0,0.0,0.0
Burger,Base.BurgerRecipe,Base.BasilDried,1,false,true,0.0,0.0,0.0,0.0,0.0,0.0,0.0
Burger,Base.BurgerRecipe,Base.BellPepper,2,false,false,0.25,7.5,1.75,0.0,0.25,0.175,8.75
Burger,Base.BurgerRecipe,Base.Cabbage,6,false,false,0.25,45.0,10.25,0.175,2.25,0.175,52.5
Burger,Base.BurgerRecipe,Base.CannedBellPepper_Open,2,false,false,0.041667,7.5,1.75,0.0,0.25,0.029167,8.75
Burger,Base.BurgerRecipe,Base.CannedBologneseOpen,12,false,false,0.5,270.0,34.0,11.0,9.0,0.35,315.0
Burger,Base.BurgerRecipe,Base.CannedCabbage_Open,6,false,false,0.125,45.0,10.25,0.175,2.25,0.0875,52.5
Burger,Base.BurgerRecipe,Base.CannedChiliOpen,8,false,false,0.5,130.0,16.5,3.5,8.0,0.35,151.666667
Burger,Base.BurgerRecipe,Base.CannedCornOpen,8,false,false,0.5,157.5,35.0,0.875,3.5,0.35,183.75
Burger,Base.BurgerRecipe,Base.CannedCornedBeefOpen,12,false,false,0.5,360.0,0.0,24.0,39.0,0.35,420.0
Burger,Base.BurgerRecipe,Base.CannedEggplant_Open,8,false,false,0.166667,57.0,13.5,0.4,2.25,0.116667,66.5
Burger,Base.BurgerRecipe,Base.CannedMushroomSoupOpen,5,false,false,0.5,80.0,9.5,4.0,1.5,0.35,93.333333
Burger,Base.BurgerRecipe,Base.CannedRedRadish_Open,3,false,false,0.066667,1.0,0.15,0.0,0.0,0.046667,1.166667
Burger,Base.BurgerRecipe,Base.CannedTomatoOpen,6,false,false,0.5,45.0,9.0,0.0,1.5,0.35,52.5
Burger,Base.BurgerRecipe,Base.CannedTomato_Open,6,false,false,0.125,7.0,1.75,0.1,0.65,0.0875,8.166667
Burger,Base.BurgerRecipe,Base.Cheese,5,false,false,0.333333,37.666667,0.29,3.11,2.133333,0.233333,43.944444
Burger,Base.BurgerRecipe,Base.Chicken,10,true,false,0.30303,69.69697,0.0,2.727273,11.515152,0.212121,81.313131
Burger,Base.BurgerRecipe,Base.ChickenFillet,12,true,false,0.4,92.0,0.0,3.6,15.2,0.28,107.333333
Burger,Base.BurgerRecipe,Base.ChickenFried,15,false,false,1.0,260.0,17.0,14.0,16.0,0.7,303.333333
Burger,Base.BurgerRecipe,Base.ChickenNuggets,10,false,false,1.0,230.0,10.2,8.1,26.441,0.7,268.333333
Burger,Base.BurgerRecipe,Base.ChickenWings,15,true,false,0.789474,150.0,0.0,4.736842,17.368421,0.552632,175.0
Burger,Base.BurgerRecipe,Base.Chives,1,false,true,0.0,0.0,0.0,0.0,0.0,0.0,0.0
Burger,Base.BurgerRecipe,Base.ChivesDried,1,false,true,0.0,0.0,0.0,0.0,0.0,0.0,0.0
Burger,Base.BurgerRecipe,Base.Cilantro,1,false,true,0.0,0.0,0.0,0.0,0.0,0.0,0.0
Burger,Base.BurgerRecipe,Base.CilantroDried,1,false,true,0.0,0.0,0.0,0.0,0.0,0.0,0.0
Burger,Base.BurgerRecipe,Base.CilantroSeed,1,false,true,0.0,0.0,0.0,0.0,0.0,0.0,0.0
Burger,Base.BurgerRecipe,Base.Corn,7,false,false,0.5,44.0,13.37,0.965,2.34,0.35,51.333333
Burger,Base.BurgerRecipe,Base.Crayfish,10,true,false,1.0,40.0,0.0,2.0,8.0,0.7,46.666667
Burger,Base.BurgerRecipe,Base.Dandelions,5,false,false,1.0,25.0,5.0,0.5,1.5,0.7,29.166667
Burger,Base.BurgerRecipe,Base.DeadBird,10,true,false,0.666667,107.333333,0.333333,1.333333,14.666667,0.466667,125.222222
Burger,Base.BurgerRecipe,Base.DeadMouse,10,true,false,1.0,220.0,0.7,3.15,9.5,0.7,256.666667
Burger,Base.BurgerRecipe,Base.DeadMousePups,5,true,false,1.0,110.0,0.35,1.58,4.2,0.7,128.333333
Burger,Base.BurgerRecipe,Base.DeadMousePupsSkinned,5,true,false,1.0,110.0,0.35,1.58,4.2,0.7,128.333333
Burger,Base.BurgerRecipe,Base.DeadMouseSkinned,10,true,false,1.0,220.0,0.7,3.15,9.5,0.7,256.666667
Burger,Base.BurgerRecipe,Base.DeadRat,10,true,false,0.454545,147.272727,0.0,7.272727,18.181818,0.318182,171.818182
Burger,Base.BurgerRecipe,Base.DeadRatBaby,10,true,false,0.833333,145.5,0.0,7.166667,18.0,0.583333,169.75
Burger,Base.BurgerRecipe,Base.DeadRatBabySkinned,10,true,false,0.833333,145.5,0.0,7.166667,18.0,0.583333,169.75
Burger,Base.BurgerRecipe,Base.DeadRatSkinned,10,true,false,0.454545,147.272727,0.0,7.272727,18.181818,0.318182,171.818182
Burger,Base.BurgerRecipe,Base.DeadSquirrel,10,true,false,0.3125,150.0,0.0,4.6875,26.5,0.21875,175.0
Burger,Base.BurgerRecipe,Base.Dip_NachoCheese,2,false,true,0.0,0.0,0.0,0.0,0.0,0.0,0.0
Burger,Base.BurgerRecipe,Base.Dip_Ranch,2,false,true,0.0,0.0,0.0,0.0,0.0,0.0,0.0
Burger,Base.BurgerRecipe,Base.Dip_Salsa,2,false,true,0.0,0.0,0.0,0.0,0.0,0.0,0.0
Burger,Base.BurgerRecipe,Base.DogfoodOpen,10,true,false,0.333333,166.0,25.853333,4.193333,5.346667,0.233333,193.666667
Burger,Base.BurgerRecipe,Base.Egg,7,true,false,1.0,63.0,0.32,4.18,5.55,0.7,73.5
Burger,Base.BurgerRecipe,Base.EggBoiled,10,false,false,1.0,63.0,0.32,4.18,5.55,0.7,73.5
Burger,Base.BurgerRecipe,Base.EggOmelette,20,false,false,1.0,120.0,0.52,6.18,10.55,0.7,140.0
Burger,Base.BurgerRecipe,Base.EggPoached,10,false,false,1.0,63.0,0.32,4.18,5.55,0.7,73.5
Burger,Base.BurgerRecipe,Base.EggScrambled,20,false,false,1.0,120.0,0.52,6.18,10.55,0.7,140.0
Burger,Base.BurgerRecipe,Base.Eggplant,8,true,false,0.5,57.0,13.5,0.4,2.25,0.35,66.5
Burger,Base.BurgerRecipe,Base.FishFillet,10,true,false,0.4,82.0,0.4,4.8,11.408,0.28,95.666667
Burger,Base.BurgerRecipe,Base.FishFingers,10,false,false,1.0,230.0,10.2,8.1,26.441,0.7,268.333333
Burger,Base.BurgerRecipe,Base.FishFried,10,false,false,0.333333,70.0,2.333333,4.0,5.333333,0.233333,81.666667
Burger,Base.BurgerRecipe,Base.FrenchFries,10,false,false,1.0,203.0,35.97,5.19,3.35,0.7,236.833333
Burger,Base.BurgerRecipe,Base.FriedOnionRings,5,false,false,0.5,100.0,11.0,6.0,1.0,0.35,116.666667
Burger,Base.BurgerRecipe,Base.FriedOnionRingsCraft,5,true,false,0.5,100.0,11.0,6.0,1.0,0.35,116.666667
Burger,Base.BurgerRecipe,Base.Garlic,1,false,true,0.0,0.0,0.0,0.0,0.0,0.0,0.0
Burger,Base.BurgerRecipe,Base.Gravy,1,false,true,0.0,0.0,0.0,0.0,0.0,0.0,0.0
Burger,Base.BurgerRecipe,Base.GreenOnions,1,false,true,0.0,0.0,0.0,0.0,0.0,0.0,0.0
Burger,Base.BurgerRecipe,Base.Guacamole,2,false,true,0.0,0.0,0.0,0.0,0.0,0.0,0.0
Burger,Base.BurgerRecipe,Base.HamSlice,10,false,false,1.0,260.0,15.16,13.0,19.5,0.7,303.333333
Burger,Base.BurgerRecipe,Base.Hotsauce,2,false,true,0.0,0.0,0.0,0.0,0.0,0.0,0.0
Burger,Base.BurgerRecipe,Base.Kale,8,false,false,0.5,89.0,20.705,0.355,4.57,0.35,103.833333
Burger,Base.BurgerRecipe,Base.Ketchup,2,false,true,0.0,0.0,0.0,0.0,0.0,0.0,0.0
Burger,Base.BurgerRecipe,Base.Lettuce,3,false,false,0.2,10.8,2.066,0.108,0.98,0.14,12.6
Burger,Base.BurgerRecipe,Base.Lobster,10,true,false,0.25,30.0,0.0,1.75,7.0,0.175,35.0
Burger,Base.BurgerRecipe,Base.Marinara,2,false,true,0.0,0.0,0.0,0.0,0.0,0.0,0.0
Burger,Base.BurgerRecipe,Base.MayonnaiseFull,2,false,true,0.0,0.0,0.0,0.0,0.0,0.0,0.0
Burger,Base.BurgerRecipe,Base.MeatPatty,10,true,false,0.25,153.0,0.0,7.5,11.5,0.175,178.5
Burger,Base.BurgerRecipe,Base.MincedMeat,10,true,false,0.25,75.0,0.0,7.5,11.5,0.175,87.5
Burger,Base.BurgerRecipe,Base.MushroomGeneric1,13,false,false,1.0,30.0,2.12,0.24,2.04,0.7,35.0
Burger,Base.BurgerRecipe,Base.MushroomGeneric2,13,false,false,1.0,30.0,2.12,0.24,2.04,0.7,35.0
Burger,Base.BurgerRecipe,Base.MushroomGeneric3,15,false,false,1.0,32.0,2.56,0.32,2.36,0.7,37.333333
Burger,Base.BurgerRecipe,Base.MushroomGeneric4,13,false,false,1.0,30.0,2.12,0.24,2.04,0.7,35.0
Burger,Base.BurgerRecipe,Base.MushroomGeneric5,15,false,false,1.0,32.0,2.56,0.32,2.36,0.7,37.333333
Burger,Base.BurgerRecipe,Base.MushroomGeneric6,13,false,false,1.0,30.0,2.12,0.24,2.04,0.7,35.0
Burger,Base.BurgerRecipe,Base.MushroomGeneric7,13,false,false,1.0,32.0,2.12,0.24,2.04,0.7,37.333333
Burger,Base.BurgerRecipe,Base.MushroomsButton,4,false,false,0.571429,8.571429,0.605714,0.068571,0.582857,0.4,10.0
Burger,Base.BurgerRecipe,Base.Mustard,2,false,true,0.0,0.0,0.0,0.0,0.0,0.0,0.0
Burger,Base.BurgerRecipe,Base.MuttonChop,10,true,false,0.333333,78.0,0.026667,3.666667,11.0,0.233333,91.0
Burger,Base.BurgerRecipe,Base.OilOlive,2,false,true,0.0,0.0,0.0,0.0,0.0,0.0,0.0
Burger,Base.BurgerRecipe,Base.OilVegetable,2,false,true,0.0,0.0,0.0,0.0,0.0,0.0,0.0
Burger,Base.BurgerRecipe,Base.OmeletteRecipe,14,true,false,1.0,123.0,2.0,8.33,11.0,0.7,143.5
Burger,Base.BurgerRecipe,Base.OmeletteRecipeForged,14,true,false,1.0,123.0,2.0,8.33,11.0,0.7,143.5
Burger,Base.BurgerRecipe,Base.Onion,2,false,false,0.2,5.6,1.308,0.014,0.154,0.14,6.533333
Burger,Base.BurgerRecipe,Base.Oregano,1,false,true,0.0,0.0,0.0,0.0,0.0,0.0,0.0
Burger,Base.BurgerRecipe,Base.OreganoDried,1,false,true,0.0,0.0,0.0,0.0,0.0,0.0,0.0
Burger,Base.BurgerRecipe,Base.Oysters,5,true,false,1.0,15.0,10.0,4.0,22.0,0.7,17.5
Burger,Base.BurgerRecipe,Base.OystersFried,6,true,false,1.0,25.0,11.0,4.0,20.0,0.7,29.166667
Burger,Base.BurgerRecipe,Base.Parsley,1,false,true,0.0,0.0,0.0,0.0,0.0,0.0,0.0
Burger,Base.BurgerRecipe,Base.ParsleyDried,1,false,true,0.0,0.0,0.0,0.0,0.0,0.0,0.0
Burger,Base.BurgerRecipe,Base.Pepper,1,false,true,0.0,0.0,0.0,0.0,0.0,0.0,0.0
Burger,Base.BurgerRecipe,Base.PepperHabanero,1,false,true,0.0,0.0,0.0,0.0,0.0,0.0,0.0
Burger,Base.BurgerRecipe,Base.PepperHabaneroDried,1,false,true,0.0,0.0,0.0,0.0,0.0,0.0,0.0
Burger,Base.BurgerRecipe,Base.PepperJalapeno,1,false,true,0.0,0.0,0.0,0.0,0.0,0.0,0.0
Burger,Base.BurgerRecipe,Base.PepperJalapenoDried,1,false,true,0.0,0.0,0.0,0.0,0.0,0.0,0.0
Burger,Base.BurgerRecipe,Base.Pickles,2,false,true,0.0,0.0,0.0,0.0,0.0,0.0,0.0
Burger,Base.BurgerRecipe,Base.Pork,10,true,false,0.166667,50.0,0.0,2.0,8.333333,0.116667,58.333333
Burger,Base.BurgerRecipe,Base.PorkChop,10,true,false,0.333333,50.0,0.0,2.0,8.333333,0.233333,58.333333
Burger,Base.BurgerRecipe,Base.PowderedGarlic,1,false,true,0.0,0.0,0.0,0.0,0.0,0.0,0.0
Burger,Base.BurgerRecipe,Base.PowderedOnion,1,false,true,0.0,0.0,0.0,0.0,0.0,0.0,0.0
Burger,Base.BurgerRecipe,Base.Processedcheese,5,false,false,1.0,70.0,0.0,6.0,4.0,0.7,81.666667
Burger,Base.BurgerRecipe,Base.Rabbitmeat,10,true,false,0.333333,323.0,6.666667,6.666667,61.666667,0.233333,376.833333
Burger,Base.BurgerRecipe,Base.RedRadish,3,false,false,1.0,1.0,0.15,0.0,0.0,0.7,1.166667
Burger,Base.BurgerRecipe,Base.RefriedBeans,5,false,false,0.5,35.0,12.5,0.75,5.0,0.35,40.833333
Burger,Base.BurgerRecipe,Base.RemouladeFull,2,false,true,0.0,0.0,0.0,0.0,0.0,0.0,0.0
Burger,Base.BurgerRecipe,Base.RiceVinegar,2,false,true,0.0,0.0,0.0,0.0,0.0,0.0,0.0
Burger,Base.BurgerRecipe,Base.Rosemary,1,false,true,0.0,0.0,0.0,0.0,0.0,0.0,0.0
Burger,Base.BurgerRecipe,Base.RosemaryDried,1,false,true,0.0,0.0,0.0,0.0,0.0,0.0,0.0
Burger,Base.BurgerRecipe,Base.Sage,1,false,true,0.0,0.0,0.0,0.0,0.0,0.0,0.0
Burger,Base.BurgerRecipe,Base.SageDried,1,false,true,0.0,0.0,0.0,0.0,0.0,0.0,0.0
Burger,Base.BurgerRecipe,Base.SalamiSlice,4,false,false,1.0,66.0,0.4,5.2,4.4,0.7,77.0
Burger,Base.BurgerRecipe,Base.Salt,1,false,true,0.0,0.0,0.0,0.0,0.0,0.0,0.0
Burger,Base.BurgerRecipe,Base.Sausage,10,true,false,0.5,90.0,0.0,2.175,7.81,0.35,105.0
Burger,Base.BurgerRecipe,Base.SeasoningSalt,1,false,true,0.0,0.0,0.0,0.0,0.0,0.0,0.0
Burger,Base.BurgerRecipe,Base.Seasoning_Basil,1,false,true,0.0,0.0,0.0,0.0,0.0,0.0,0.0
Burger,Base.BurgerRecipe,Base.Seasoning_Chives,1,false,true,0.0,0.0,0.0,0.0,0.0,0.0,0.0
Burger,Base.BurgerRecipe,Base.Seasoning_Cilantro,1,false,true,0.0,0.0,0.0,0.0,0.0,0.0,0.0
Burger,Base.BurgerRecipe,Base.Seasoning_Oregano,1,false,true,0.0,0.0,0.0,0.0,0.0,0.0,0.0
Burger,Base.BurgerRecipe,Base.Seasoning_Parsley,1,false,true,0.0,0.0,0.0,0.0,0.0,0.0,0.0
Burger,Base.BurgerRecipe,Base.Seasoning_Rosemary,1,false,true,0.0,0.0,0.0,0.0,0.0,0.0,0.0
Burger,Base.BurgerRecipe,Base.Seasoning_Sage,1,false,true,0.0,0.0,0.0,0.0,0.0,0.0,0.0
Burger,Base.BurgerRecipe,Base.Seasoning_Thyme,1,false,true,0.0,0.0,0.0,0.0,0.0,0.0,0.0
Burger,Base.BurgerRecipe,Base.SesameOil,2,false,true,0.0,0.0,0.0,0.0,0.0,0.0,0.0
Burger,Base.BurgerRecipe,Base.Shrimp,10,true,false,1.0,80.0,0.0,7.0,10.0,0.7,93.333333
Burger,Base.BurgerRecipe,Base.Smallanimalmeat,10,true,false,0.666667,134.0,3.333333,4.833333,30.0,0.466667,156.333333
Burger,Base.BurgerRecipe,Base.Smallbirdmeat,10,true,false,0.666667,174.0,3.333333,5.5,60.0,0.466667,203.0
Burger,Base.BurgerRecipe,Base.SourCream,2,false,true,0.0,0.0,0.0,0.0,0.0,0.0,0.0
Burger,Base.BurgerRecipe,Base.Soysauce,2,false,true,0.0,0.0,0.0,0.0,0.0,0.0,0.0
Burger,Base.BurgerRecipe,Base.Squid,10,true,false,0.333333,68.333333,0.333333,4.333333,10.84,0.233333,79.722222
Burger,Base.BurgerRecipe,Base.SquidCalamari,10,true,false,1.0,105.0,3.0,0.0,18.0,0.7,122.5
Burger,Base.BurgerRecipe,Base.TatoDots,10,false,false,1.0,203.0,35.97,5.19,3.35,0.7,236.833333
Burger,Base.BurgerRecipe,Base.Thyme,1,false,true,0.0,0.0,0.0,0.0,0.0,0.0,0.0
Burger,Base.BurgerRecipe,Base.ThymeDried,1,false,true,0.0,0.0,0.0,0.0,0.0,0.0,0.0
Burger,Base.BurgerRecipe,Base.Tofu,10,false,false,1.0,30.0,1.0,1.0,5.0,0.7,35.0
Burger,Base.BurgerRecipe,Base.TofuFried,15,false,false,1.0,35.0,3.0,1.0,5.0,0.7,40.833333
Burger,Base.BurgerRecipe,Base.Tomato,6,false,false,0.5,7.0,1.75,0.1,0.65,0.35,8.166667
Burger,Base.BurgerRecipe,Base.TurkeyEgg,10,true,false,1.0,71.0,0.37,4.54,5.78,0.7,82.833333
Burger,Base.BurgerRecipe,Base.TurkeyFillet,20,true,false,0.4,92.0,0.0,4.0,12.8,0.28,107.333333
Burger,Base.BurgerRecipe,Base.TurkeyLegs,10,true,false,0.238095,54.761905,0.0,2.142857,9.047619,0.166667,63.888889
Burger,Base.BurgerRecipe,Base.TurkeyWings,25,true,false,0.833333,166.666667,0.0,8.333333,26.666667,0.583333,194.444444
Burger,Base.BurgerRecipe,Base.Vinegar2,1,false,true,0.0,0.0,0.0,0.0,0.0,0.0,0.0
Burger,Base.BurgerRecipe,Base.Vinegar_Jug,1,false,true,0.0,0.0,0.0,0.0,0.0,0.0,0.0
Burger,Base.BurgerRecipe,Base.Wasabi,1,false,true,0.0,0.0,0.0,0.0,0.0,0.0,0.0
Burger,Base.BurgerRecipe,Base.WildEggs,7,true,false,1.0,63.0,0.32,4.18,5.55,0.7,73.5
Burger,Base.BurgerRecipe,Base.WildGarlic2,1,false,true,0.0,0.0,0.0,0.0,0.0,0.0,0.0
Burger,Base.BurgerRecipe,Base.WildGarlicDried,1,false,true,0.0,0.0,0.0,0.0,0.0,0.0,0.0
Burger2,Base.Burger,Base.BBQSauce,2,false,true,0.0,0.0,0.0,0.0,0.0,0.0,0.0
Burger2,Base.Burger,Base.Bacon,4,true,false,0.333333,53.333333,0.0,4.666667,3.333333,0.233333,62.222222
Burger2,Base.Burger,Base.BaconBits,1,true,true,0.0,0.0,0.0,0.0,0.0,0.0,0.0
Burger2,Base.Burger,Base.BaconRashers,4,true,false,1.0,40.0,0.0,3.5,2.5,0.7,46.666667
Burger2,Base.Burger,Base.BaloneySlice,5,false,false,1.0,33.0,0.33,1.06,3.78,0.7,38.5
Burger2,Base.Burger,Base.BalsamicVinegar,2,false,true,0.0,0.0,0.0,0.0,0.0,0.0,0.0
Burger2,Base.Burger,Base.Basil,1,false,true,0.0,0.0,0.0,0.0,0.0,0.0,0.0
Burger2,Base.Burger,Base.BasilDried,1,false,true,0.0,0.0,0.0,0.0,0.0,0.0,0.0
Burger2,Base.Burger,Base.BellPepper,2,false,false,0.25,7.5,1.75,0.0,0.25,0.175,8.75
Burger2,Base.Burger,Base.Cabbage,6,false,false,0.25,45.0,10.25,0.175,2.25,0.175,52.5
Burger2,Base.Burger,Base.CannedBellPepper_Open,2,false,false,0.041667,7.5,1.75,0.0,0.25,0.029167,8.75
Burger2,Base.Burger,Base.CannedBologneseOpen,12,false,false,0.5,270.0,34.0,11.0,9.0,0.35,315.0
Burger2,Base.Burger,Base.CannedCabbage_Open,6,false,false,0.125,45.0,10.25,0.175,2.25,0.0875,52.5
Burger2,Base.Burger,Base.CannedChiliOpen,8,false,false,0.5,130.0,16.5,3.5,8.0,0.35,151.666667
Burger2,Base.Burger,Base.CannedCornOpen,8,false,false,0.5,157.5,35.0,0.875,3.5,0.35,183.75
Burger2,Base.Burger,Base.CannedCornedBeefOpen,12,false,false,0.5,360.0,0.0,24.0,39.0,0.35,420.0
Burger2,Base.Burger,Base.CannedEggplant_Open,8,false,false,0.166667,57.0,13.5,0.4,2.25,0.116667,66.5
Burger2,Base.Burger,Base.CannedMushroomSoupOpen,5,false,false,0.5,80.0,9.5,4.0,1.5,0.35,93.333333
Burger2,Base.Burger,Base.CannedRedRadish_Open,3,false,false,0.066667,1.0,0.15,0.0,0.0,0.046667,1.166667
Burger2,Base.Burger,Base.CannedTomatoOpen,6,false,false,0.5,45.0,9.0,0.0,1.5,0.35,52.5
Burger2,Base.Burger,Base.CannedTomato_Open,6,false,false,0.125,7.0,1.75,0.1,0.65,0.0875,8.166667
Burger2,Base.Burger,Base.Cheese,5,false,false,0.333333,37.666667,0.29,3.11,2.133333,0.233333,43.944444
Burger2,Base.Burger,Base.Chicken,10,true,false,0.30303,69.69697,0.0,2.727273,11.515152,0.212121,81.313131
Burger2,Base.Burger,Base.ChickenFillet,12,true,false,0.4,92.0,0.0,3.6,15.2,0.28,107.333333
Burger2,Base.Burger,Base.ChickenFried,15,false,false,1.0,260.0,17.0,14.0,16.0,0.7,303.333333
Burger2,Base.Burger,Base.ChickenNuggets,10,false,false,1.0,230.0,10.2,8.1,26.441,0.7,268.333333
Burger2,Base.Burger,Base.ChickenWings,15,true,false,0.789474,150.0,0.0,4.736842,17.368421,0.552632,175.0
Burger2,Base.Burger,Base.Chives,1,false,true,0.0,0.0,0.0,0.0,0.0,0.0,0.0
Burger2,Base.Burger,Base.ChivesDried,1,false,true,0.0,0.0,0.0,0.0,0.0,0.0,0.0
Burger2,Base.Burger,Base.Cilantro,1,false,true,0.0,0.0,0.0,0.0,0.0,0.0,0.0
Burger2,Base.Burger,Base.CilantroDried,1,false,true,0.0,0.0,0.0,0.0,0.0,0.0,0.0
Burger2,Base.Burger,Base.CilantroSeed,1,false,true,0.0,0.0,0.0,0.0,0.0,0.0,0.0
Burger2,Base.Burger,Base.Corn,7,false,false,0.5,44.0,13.37,0.965,2.34,0.35,51.333333
Burger2,Base.Burger,Base.Crayfish,10,true,false,1.0,40.0,0.0,2.0,8.0,0.7,46.666667
Burger2,Base.Burger,Base.Dandelions,5,false,false,1.0,25.0,5.0,0.5,1.5,0.7,29.166667
Burger2,Base.Burger,Base.DeadBird,10,true,false,0.666667,107.333333,0.333333,1.333333,14.666667,0.466667,125.222222
Burger2,Base.Burger,Base.DeadMouse,10,true,false,1.0,220.0,0.7,3.15,9.5,0.7,256.666667
Burger2,Base.Burger,Base.DeadMousePups,5,true,false,1.0,110.0,0.35,1.58,4.2,0.7,128.333333
Burger2,Base.Burger,Base.DeadMousePupsSkinned,5,true,false,1.0,110.0,0.35,1.58,4.2,0.7,128.333333
Burger2,Base.Burger,Base.DeadMouseSkinned,10,true,false,1.0,220.0,0.7,3.15,9.5,0.7,256.666667
Burger2,Base.Burger,Base.DeadRat,10,true,false,0.454545,147.272727,0.0,7.272727,18.181818,0.318182,171.818182
Burger2,Base.Burger,Base.DeadRatBaby,10,true,false,0.833333,145.5,0.0,7.166667,18.0,0.583333,169.75
Burger2,Base.Burger,Base.DeadRatBabySkinned,10,true,false,0.833333,145.5,0.0,7.166667,18.0,0.583333,169.75
Burger2,Base.Burger,Base.DeadRatSkinned,10,true,false,0.454545,147.272727,0.0,7.272727,18.181818,0.318182,171.818182
Burger2,Base.Burger,Base.DeadSquirrel,10,true,false,0.3125,150.0,0.0,4.6875,26.5,0.21875,175.0
Burger2,Base.Burger,Base.Dip_NachoCheese,2,false,true,0.0,0.0,0.0,0.0,0.0,0.0,0.0
Burger2,Base.Burger,Base.Dip_Ranch,2,false,true,0.0,0.0,0.0,0.0,0.0,0.0,0.0
Burger2,Base.Burger,Base.Dip_Salsa,2,false,true,0.0,0.0,0.0,0.0,0.0,0.0,0.0
Burger2,Base.Burger,Base.DogfoodOpen,10,true,false,0.333333,166.0,25.853333,4.193333,5.346667,0.233333,193.666667
Burger2,Base.Burger,Base.Egg,7,true,false,1.0,63.0,0.32,4.18,5.55,0.7,73.5
Burger2,Base.Burger,Base.EggBoiled,10,false,false,1.0,63.0,0.32,4.18,5.55,0.7,73.5
Burger2,Base.Burger,Base.EggOmelette,20,false,false,1.0,120.0,0.52,6.18,10.55,0.7,140.0
Burger2,Base.Burger,Base.EggPoached,10,false,false,1.0,63.0,0.32,4.18,5.55,0.7,73.5
Burger2,Base.Burger,Base.EggScrambled,20,false,false,1.0,120.0,0.52,6.18,10.55,0.7,140.0
Burger2,Base.Burger,Base.Eggplant,8,true,false,0.5,57.0,13.5,0.4,2.25,0.35,66.5
Burger2,Base.Burger,Base.FishFillet,10,true,false,0.4,82.0,0.4,4.8,11.408,0.28,95.666667
Burger2,Base.Burger,Base.FishFingers,10,false,false,1.0,230.0,10.2,8.1,26.441,0.7,268.333333
Burger2,Base.Burger,Base.FishFried,10,false,false,0.333333,70.0,2.333333,4.0,5.333333,0.233333,81.666667
Burger2,Base.Burger,Base.FrenchFries,10,false,false,1.0,203.0,35.97,5.19,3.35,0.7,236.833333
Burger2,Base.Burger,Base.FriedOnionRings,5,false,false,0.5,100.0,11.0,6.0,1.0,0.35,116.666667
Burger2,Base.Burger,Base.FriedOnionRingsCraft,5,true,false,0.5,100.0,11.0,6.0,1.0,0.35,116.666667
Burger2,Base.Burger,Base.Garlic,1,false,true,0.0,0.0,0.0,0.0,0.0,0.0,0.0
Burger2,Base.Burger,Base.Gravy,1,false,true,0.0,0.0,0.0,0.0,0.0,0.0,0.0
Burger2,Base.Burger,Base.GreenOnions,1,false,true,0.0,0.0,0.0,0.0,0.0,0.0,0.0
Burger2,Base.Burger,Base.Guacamole,2,false,true,0.0,0.0,0.0,0.0,0.0,0.0,0.0
Burger2,Base.Burger,Base.HamSlice,10,false,false,1.0,260.0,15.16,13.0,19.5,0.7,303.333333
Burger2,Base.Burger,Base.Hotsauce,2,false,true,0.0,0.0,0.0,0.0,0.0,0.0,0.0
Burger2,Base.Burger,Base.Kale,8,false,false,0.5,89.0,20.705,0.355,4.57,0.35,103.833333
Burger2,Base.Burger,Base.Ketchup,2,false,true,0.0,0.0,0.0,0.0,0.0,0.0,0.0
Burger2,Base.Burger,Base.Lettuce,3,false,false,0.2,10.8,2.066,0.108,0.98,0.14,12.6
Burger2,Base.Burger,Base.Lobster,10,true,false,0.25,30.0,0.0,1.75,7.0,0.175,35.0
Burger2,Base.Burger,Base.Marinara,2,false,true,0.0,0.0,0.0,0.0,0.0,0.0,0.0
Burger2,Base.Burger,Base.MayonnaiseFull,2,false,true,0.0,0.0,0.0,0.0,0.0,0.0,0.0
Burger2,Base.Burger,Base.MeatPatty,10,true,false,0.25,153.0,0.0,7.5,11.5,0.175,178.5
Burger2,Base.Burger,Base.MincedMeat,10,true,false,0.25,75.0,0.0,7.5,11.5,0.175,87.5
Burger2,Base.Burger,Base.MushroomGeneric1,13,false,false,1.0,30.0,2.12,0.24,2.04,0.7,35.0
Burger2,Base.Burger,Base.MushroomGeneric2,13,false,false,1.0,30.0,2.12,0.24,2.04,0.7,35.0
Burger2,Base.Burger,Base.MushroomGeneric3,15,false,false,1.0,32.0,2.56,0.32,2.36,0.7,37.333333
Burger2,Base.Burger,Base.MushroomGeneric4,13,false,false,1.0,30.0,2.12,0.24,2.04,0.7,35.0
Burger2,Base.Burger,Base.MushroomGeneric5,15,false,false,1.0,32.0,2.56,0.32,2.36,0.7,37.333333
Burger2,Base.Burger,Base.MushroomGeneric6,13,false,false,1.0,30.0,2.12,0.24,2.04,0.7,35.0
Burger2,Base.Burger,Base.MushroomGeneric7,13,false,false,1.0,32.0,2.12,0.24,2.04,0.7,37.333333
Burger2,Base.Burger,Base.MushroomsButton,4,false,false,0.571429,8.571429,0.605714,0.068571,0.582857,0.4,10.0
Burger2,Base.Burger,Base.Mustard,2,false,true,0.0,0.0,0.0,0.0,0.0,0.0,0.0
Burger2,Base.Burger,Base.MuttonChop,10,true,false,0.333333,78.0,0.026667,3.666667,11.0,0.233333,91.0
Burger2,Base.Burger,Base.OilOlive,2,false,true,0.0,0.0,0.0,0.0,0.0,0.0,0.0
Burger2,Base.Burger,Base.OilVegetable,2,false,true,0.0,0.0,0.0,0.0,0.0,0.0,0.0
Burger2,Base.Burger,Base.OmeletteRecipe,14,true,false,1.0,123.0,2.0,8.33,11.0,0.7,143.5
Burger2,Base.Burger,Base.OmeletteRecipeForged,14,true,false,1.0,123.0,2.0,8.33,11.0,0.7,143.5
Burger2,Base.Burger,Base.Onion,2,false,false,0.2,5.6,1.308,0.014,0.154,0.14,6.533333
Burger2,Base.Burger,Base.Oregano,1,false,true,0.0,0.0,0.0,0.0,0.0,0.0,0.0
Burger2,Base.Burger,Base.OreganoDried,1,false,true,0.0,0.0,0.0,0.0,0.0,0.0,0.0
Burger2,Base.Burger,Base.Oysters,5,true,false,1.0,15.0,10.0,4.0,22.0,0.7,17.5
Burger2,Base.Burger,Base.OystersFried,6,true,false,1.0,25.0,11.0,4.0,20.0,0.7,29.166667
Burger2,Base.Burger,Base.Parsley,1,false,true,0.0,0.0,0.0,0.0,0.0,0.0,0.0
Burger2,Base.Burger,Base.ParsleyDried,1,false,true,0.0,0.0,0.0,0.0,0.0,0.0,0.0
Burger2,Base.Burger,Base.Pepper,1,false,true,0.0,0.0,0.0,0.0,0.0,0.0,0.0
Burger2,Base.Burger,Base.PepperHabanero,1,false,true,0.0,0.0,0.0,0.0,0.0,0.0,0.0
Burger2,Base.Burger,Base.PepperHabaneroDried,1,false,true,0.0,0.0,0.0,0.0,0.0,0.0,0.0
Burger2,Base.Burger,Base.PepperJalapeno,1,false,true,0.0,0.0,0.0,0.0,0.0,0.0,0.0
Burger2,Base.Burger,Base.PepperJalapenoDried,1,false,true,0.0,0.0,0.0,0.0,0.0,0.0,0.0
Burger2,Base.Burger,Base.Pickles,2,false,true,0.0,0.0,0.0,0.0,0.0,0.0,0.0
Burger2,Base.Burger,Base.Pork,10,true,false,0.166667,50.0,0.0,2.0,8.333333,0.116667,58.333333
Burger2,Base.Burger,Base.PorkChop,10,true,false,0.333333,50.0,0.0,2.0,8.333333,0.233333,58.333333
Burger2,Base.Burger,Base.PowderedGarlic,1,false,true,0.0,0.0,0.0,0.0,0.0,0.0,0.0
Burger2,Base.Burger,Base.PowderedOnion,1,false,true,0.0,0.0,0.0,0.0,0.0,0.0,0.0
Burger2,Base.Burger,Base.Processedcheese,5,false,false,1.0,70.0,0.0,6.0,4.0,0.7,81.666667
Burger2,Base.Burger,Base.Rabbitmeat,10,true,false,0.333333,323.0,6.666667,6.666667,61.666667,0.233333,376.833333
Burger2,Base.Burger,Base.RedRadish,3,false,false,1.0,1.0,0.15,0.0,0.0,0.7,1.166667
Burger2,Base.Burger,Base.RefriedBeans,5,false,false,0.5,35.0,12.5,0.75,5.0,0.35,40.833333
Burger2,Base.Burger,Base.RemouladeFull,2,false,true,0.0,0.0,0.0,0.0,0.0,0.0,0.0
Burger2,Base.Burger,Base.RiceVinegar,2,false,true,0.0,0.0,0.0,0.0,0.0,0.0,0.0
Burger2,Base.Burger,Base.Rosemary,1,false,true,0.0,0.0,0.0,0.0,0.0,0.0,0.0
Burger2,Base.Burger,Base.RosemaryDried,1,false,true,0.0,0.0,0.0,0.0,0.0,0.0,0.0
Burger2,Base.Burger,Base.Sage,1,false,true,0.0,0.0,0.0,0.0,0.0,0.0,0.0
Burger2,Base.Burger,Base.SageDried,1,false,true,0.0,0.0,0.0,0.0,0.0,0.0,0.0
Burger2,Base.Burger,Base.SalamiSlice,4,false,false,1.0,66.0,0.4,5.2,4.4,0.7,77.0
Burger2,Base.Burger,Base.Salt,1,false,true,0.0,0.0,0.0,0.0,0.0,0.0,0.0
Burger2,Base.Burger,Base.Sausage,10,true,false,0.5,90.0,0.0,2.175,7.81,0.35,105.0
Burger2,Base.Burger,Base.SeasoningSalt,1,false,true,0.0,0.0,0.0,0.0,0.0,0.0,0.0
Burger2,Base.Burger,Base.Seasoning_Basil,1,false,true,0.0,0.0,0.0,0.0,0.0,0.0,0.0
Burger2,Base.Burger,Base.Seasoning_Chives,1,false,true,0.0,0.0,0.0,0.0,0.0,0.0,0.0
Burger2,Base.Burger,Base.Seasoning_Cilantro,1,false,true,0.0,0.0,0.0,0.0,0.0,0.0,0.0
Burger2,Base.Burger,Base.Seasoning_Oregano,1,false,true,0.0,0.0,0.0,0.0,0.0,0.0,0.0
Burger2,Base.Burger,Base.Seasoning_Parsley,1,false,true,0.0,0.0,0.0,0.0,0.0,0.0,0.0
Burger2,Base.Burger,Base.Seasoning_Rosemary,1,false,true,0.0,0.0,0.0,0.0,0.0,0.0,0.0
Burger2,Base.Burger,Base.Seasoning_Sage,1,false,true,0.0,0.0,0.0,0.0,0.0,0.0,0.0
Burger2,Base.Burger,Base.Seasoning_Thyme,1,false,true,0.0,0.0,0.0,0.0,0.0,0.0,0.0
Burger2,Base.Burger,Base.SesameOil,2,false,true,0.0,0.0,0.0,0.0,0.0,0.0,0.0
Burger2,Base.Burger,Base.Shrimp,10,true,false,1.0,80.0,0.0,7.0,10.0,0.7,93.333333
Burger2,Base.Burger,Base.Smallanimalmeat,10,true,false,0.666667,134.0,3.333333,4.833333,30.0,0.466667,156.333333
Burger2,Base.Burger,Base.Smallbirdmeat,10,true,false,0.666667,174.0,3.333333,5.5,60.0,0.466667,203.0
Burger2,Base.Burger,Base.SourCream,2,false,true,0.0,0.0,0.0,0.0,0.0,0.0,0.0
Burger2,Base.Burger,Base.Soysauce,2,false,true,0.0,0.0,0.0,0.0,0.0,0.0,0.0
Burger2,Base.Burger,Base.Squid,10,true,false,0.333333,68.333333,0.333333,4.333333,10.84,0.233333,79.722222
Burger2,Base.Burger,Base.SquidCalamari,10,true,false,1.0,105.0,3.0,0.0,18.0,0.7,122.5
Burger2,Base.Burger,Base.TatoDots,10,false,false,1.0,203.0,35.97,5.19,3.35,0.7,236.833333
Burger2,Base.Burger,Base.Thyme,1,false,true,0.0,0.0,0.0,0.0,0.0,0.0,0.0
Burger2,Base.Burger,Base.ThymeDried,1,false,true,0.0,0.0,0.0,0.0,0.0,0.0,0.0
Burger2,Base.Burger,Base.Tofu,10,false,false,1.0,30.0,1.0,1.0,5.0,0.7,35.0
Burger2,Base.Burger,Base.TofuFried,15,false,false,1.0,35.0,3.0,1.0,5.0,0.7,40.833333
Burger2,Base.Burger,Base.Tomato,6,false,false,0.5,7.0,1.75,0.1,0.65,0.35,8.166667
Burger2,Base.Burger,Base.TurkeyEgg,10,true,false,1.0,71.0,0.37,4.54,5.78,0.7,82.833333
Burger2,Base.Burger,Base.TurkeyFillet,20,true,false,0.4,92.0,0.0,4.0,12.8,0.28,107.333333
Burger2,Base.Burger,Base.TurkeyLegs,10,true,false,0.238095,54.761905,0.0,2.142857,9.047619,0.166667,63.888889
Burger2,Base.Burger,Base.TurkeyWings,25,true,false,0.833333,166.666667,0.0,8.333333,26.666667,0.583333,194.444444
Burger2,Base.Burger,Base.Vinegar2,1,false,true,0.0,0.0,0.0,0.0,0.0,0.0,0.0
Burger2,Base.Burger,Base.Vinegar_Jug,1,false,true,0.0,0.0,0.0,0.0,0.0,0.0,0.0
Burger2,Base.Burger,Base.Wasabi,1,false,true,0.0,0.0,0.0,0.0,0.0,0.0,0.0
Burger2,Base.Burger,Base.WildEggs,7,true,false,1.0,63.0,0.32,4.18,5.55,0.7,73.5
Burger2,Base.Burger,Base.WildGarlic2,1,false,true,0.0,0.0,0.0,0.0,0.0,0.0,0.0
Burger2,Base.Burger,Base.WildGarlicDried,1,false,true,0.0,0.0,0.0,0.0,0.0,0.0,0.0
Burrito,Base.BurritoRecipe,Base.Avocado,8,false,false,0.5,113.5,5.875,10.48,1.335,0.35,132.416667
Burrito,Base.BurritoRecipe,Base.BBQSauce,2,false,true,0.0,0.0,0.0,0.0,0.0,0.0,0.0
Burrito,Base.BurritoRecipe,Base.Bacon,4,true,false,0.333333,53.333333,0.0,4.666667,3.333333,0.233333,62.222222
Burrito,Base.BurritoRecipe,Base.BaconBits,1,true,true,0.0,0.0,0.0,0.0,0.0,0.0,0.0
Burrito,Base.BurritoRecipe,Base.BaconRashers,4,true,false,1.0,40.0,0.0,3.5,2.5,0.7,46.666667
Burrito,Base.BurritoRecipe,Base.BalsamicVinegar,2,false,true,0.0,0.0,0.0,0.0,0.0,0.0,0.0
Burrito,Base.BurritoRecipe,Base.Beef,10,true,false,0.125,55.0,0.0,2.3375,7.8275,0.0875,64.166667
Burrito,Base.BurritoRecipe,Base.BellPepper,4,false,false,0.5,15.0,3.5,0.0,0.5,0.35,17.5
Burrito,Base.BurritoRecipe,Base.Blackbeans,10,false,false,1.0,45.0,10.45,0.45,3.95,0.7,52.5
Burrito,Base.BurritoRecipe,Base.Butter,4,false,true,0.0,0.0,0.0,0.0,0.0,0.0,0.0
Burrito,Base.BurritoRecipe,Base.Cabbage,6,false,false,0.25,45.0,10.25,0.175,2.25,0.175,52.5
Burrito,Base.BurritoRecipe,Base.CannedBellPepper_Open,4,false,false,0.083333,15.0,3.5,0.0,0.5,0.058333,17.5
Burrito,Base.BurritoRecipe,Base.CannedCabbage_Open,6,false,false,0.125,45.0,10.25,0.175,2.25,0.0875,52.5
Burrito,Base.BurritoRecipe,Base.CannedChiliOpen,8,false,false,0.5,130.0,16.5,3.5,8.0,0.35,151.666667
Burrito,Base.BurritoRecipe,Base.CannedCornOpen,8,false,false,0.5,157.5,35.0,0.875,3.5,0.35,183.75
Burrito,Base.BurritoRecipe,Base.CannedTomato_Open,6,false,false,0.125,7.0,1.75,0.1,0.65,0.0875,8.166667
Burrito,Base.BurritoRecipe,Base.Cheese,5,false,false,0.333333,37.666667,0.29,3.11,2.133333,0.233333,43.944444
Burrito,Base.BurritoRecipe,Base.Chicken,10,true,false,0.30303,69.69697,0.0,2.727273,11.515152,0.212121,81.313131
Burrito,Base.BurritoRecipe,Base.ChickenFillet,12,true,false,0.4,92.0,0.0,3.6,15.2,0.28,107.333333
Burrito,Base.BurritoRecipe,Base.ChickenFried,15,false,false,1.0,260.0,17.0,14.0,16.0,0.7,303.333333
Burrito,Base.BurritoRecipe,Base.ChickenNuggets,10,false,false,1.0,230.0,10.2,8.1,26.441,0.7,268.333333
Burrito,Base.BurritoRecipe,Base.ChickenWings,15,true,false,0.789474,150.0,0.0,4.736842,17.368421,0.552632,175.0
Burrito,Base.BurritoRecipe,Base.Cilantro,1,false,true,0.0,0.0,0.0,0.0,0.0,0.0,0.0
Burrito,Base.BurritoRecipe,Base.CilantroDried,1,false,true,0.0,0.0,0.0,0.0,0.0,0.0,0.0
Burrito,Base.BurritoRecipe,Base.CilantroSeed,1,false,true,0.0,0.0,0.0,0.0,0.0,0.0,0.0
Burrito,Base.BurritoRecipe,Base.Corn,7,true,false,0.5,44.0,13.37,0.965,2.34,0.35,51.333333
Burrito,Base.BurritoRecipe,Base.CornFrozen,5,false,false,0.25,99.0,23.5,1.25,3.75,0.175,115.5
Burrito,Base.BurritoRecipe,Base.Crayfish,10,true,false,1.0,40.0,0.0,2.0,8.0,0.7,46.666667
Burrito,Base.BurritoRecipe,Base.Dip_NachoCheese,2,false,true,0.0,0.0,0.0,0.0,0.0,0.0,0.0
Burrito,Base.BurritoRecipe,Base.Dip_Ranch,2,false,true,0.0,0.0,0.0,0.0,0.0,0.0,0.0
Burrito,Base.BurritoRecipe,Base.Dip_Salsa,2,false,true,0.0,0.0,0.0,0.0,0.0,0.0,0.0
Burrito,Base.BurritoRecipe,Base.DogfoodOpen,10,true,false,0.333333,166.0,25.853333,4.193333,5.346667,0.233333,193.666667
Burrito,Base.BurritoRecipe,Base.Egg,7,true,false,1.0,63.0,0.32,4.18,5.55,0.7,73.5
Burrito,Base.BurritoRecipe,Base.EggBoiled,10,false,false,1.0,63.0,0.32,4.18,5.55,0.7,73.5
Burrito,Base.BurritoRecipe,Base.EggOmelette,20,false,false,1.0,120.0,0.52,6.18,10.55,0.7,140.0
Burrito,Base.BurritoRecipe,Base.EggPoached,10,false,false,1.0,63.0,0.32,4.18,5.55,0.7,73.5
Burrito,Base.BurritoRecipe,Base.EggScrambled,20,false,false,1.0,120.0,0.52,6.18,10.55,0.7,140.0
Burrito,Base.BurritoRecipe,Base.FishFillet,15,true,false,0.6,123.0,0.6,7.2,17.112,0.42,143.5
Burrito,Base.BurritoRecipe,Base.FishFingers,10,false,false,1.0,230.0,10.2,8.1,26.441,0.7,268.333333
Burrito,Base.BurritoRecipe,Base.FishFried,10,false,false,0.333333,70.0,2.333333,4.0,5.333333,0.233333,81.666667
Burrito,Base.BurritoRecipe,Base.Garlic,1,false,true,0.0,0.0,0.0,0.0,0.0,0.0,0.0
Burrito,Base.BurritoRecipe,Base.Guacamole,2,false,true,0.0,0.0,0.0,0.0,0.0,0.0,0.0
Burrito,Base.BurritoRecipe,Base.Hotsauce,2,false,true,0.0,0.0,0.0,0.0,0.0,0.0,0.0
Burrito,Base.BurritoRecipe,Base.Ketchup,2,false,true,0.0,0.0,0.0,0.0,0.0,0.0,0.0
Burrito,Base.BurritoRecipe,Base.Lard,2,false,true,0.0,0.0,0.0,0.0,0.0,0.0,0.0
Burrito,Base.BurritoRecipe,Base.Lemon,2,false,true,0.0,0.0,0.0,0.0,0.0,0.0,0.0
Burrito,Base.BurritoRecipe,Base.Lettuce,3,false,false,0.2,10.8,2.066,0.108,0.98,0.14,12.6
Burrito,Base.BurritoRecipe,Base.Lime,2,false,true,0.0,0.0,0.0,0.0,0.0,0.0,0.0
Burrito,Base.BurritoRecipe,Base.Lobster,10,true,false,0.25,30.0,0.0,1.75,7.0,0.175,35.0
Burrito,Base.BurritoRecipe,Base.Margarine,4,false,true,0.0,0.0,0.0,0.0,0.0,0.0,0.0
Burrito,Base.BurritoRecipe,Base.MayonnaiseFull,2,false,true,0.0,0.0,0.0,0.0,0.0,0.0,0.0
Burrito,Base.BurritoRecipe,Base.MeatPatty,10,true,false,0.25,153.0,0.0,7.5,11.5,0.175,178.5
Burrito,Base.BurritoRecipe,Base.MincedMeat,10,true,false,0.25,75.0,0.0,7.5,11.5,0.175,87.5
Burrito,Base.BurritoRecipe,Base.OilOlive,2,false,true,0.0,0.0,0.0,0.0,0.0,0.0,0.0
Burrito,Base.BurritoRecipe,Base.OilVegetable,2,false,true,0.0,0.0,0.0,0.0,0.0,0.0,0.0
Burrito,Base.BurritoRecipe,Base.OmeletteRecipe,14,true,false,1.0,123.0,2.0,8.33,11.0,0.7,143.5
Burrito,Base.BurritoRecipe,Base.OmeletteRecipeForged,14,true,false,1.0,123.0,2.0,8.33,11.0,0.7,143.5
Burrito,Base.BurritoRecipe,Base.Onion,2,false,false,0.2,5.6,1.308,0.014,0.154,0.14,6.533333
Burrito,Base.BurritoRecipe,Base.Oregano,1,false,true,0.0,0.0,0.0,0.0,0.0,0.0,0.0
Burrito,Base.BurritoRecipe,Base.OreganoDried,1,false,true,0.0,0.0,0.0,0.0,0.0,0.0,0.0
Burrito,Base.BurritoRecipe,Base.Parsley,1,false,true,0.0,0.0,0.0,0.0,0.0,0.0,0.0
Burrito,Base.BurritoRecipe,Base.ParsleyDried,1,false,true,0.0,0.0,0.0,0.0,0.0,0.0,0.0
Burrito,Base.BurritoRecipe,Base.Pepper,1,false,true,0.0,0.0,0.0,0.0,0.0,0.0,0.0
Burrito,Base.BurritoRecipe,Base.PepperHabanero,1,false,true,0.0,0.0,0.0,0.0,0.0,0.0,0.0
Burrito,Base.BurritoRecipe,Base.PepperHabaneroDried,1,false,true,0.0,0.0,0.0,0.0,0.0,0.0,0.0
Burrito,Base.BurritoRecipe,Base.PepperJalapeno,1,false,true,0.0,0.0,0.0,0.0,0.0,0.0,0.0
Burrito,Base.BurritoRecipe,Base.PepperJalapenoDried,1,false,true,0.0,0.0,0.0,0.0,0.0,0.0,0.0
Burrito,Base.BurritoRecipe,Base.PowderedGarlic,1,false,true,0.0,0.0,0.0,0.0,0.0,0.0,0.0
Burrito,Base.BurritoRecipe,Base.PowderedOnion,1,false,true,0.0,0.0,0.0,0.0,0.0,0.0,0.0
Burrito,Base.BurritoRecipe,Base.RefriedBeans,10,false,false,1.0,70.0,25.0,1.5,10.0,0.7,81.666667
Burrito,Base.BurritoRecipe,Base.RiceVinegar,2,false,true,0.0,0.0,0.0,0.0,0.0,0.0,0.0
Burrito,Base.BurritoRecipe,Base.Salmon,10,true,false,0.333333,90.0,0.0,3.516667,11.426667,0.233333,105.0
Burrito,Base.BurritoRecipe,Base.Salt,1,false,true,0.0,0.0,0.0,0.0,0.0,0.0,0.0
Burrito,Base.BurritoRecipe,Base.Sausage,10,true,false,0.5,90.0,0.0,2.175,7.81,0.35,105.0
Burrito,Base.BurritoRecipe,Base.SeasoningSalt,1,false,true,0.0,0.0,0.0,0.0,0.0,0.0,0.0
Burrito,Base.BurritoRecipe,Base.Seasoning_Cilantro,1,false,true,0.0,0.0,0.0,0.0,0.0,0.0,0.0
Burrito,Base.BurritoRecipe,Base.Seasoning_Oregano,1,false,true,0.0,0.0,0.0,0.0,0.0,0.0,0.0
Burrito,Base.BurritoRecipe,Base.Seasoning_Parsley,1,false,true,0.0,0.0,0.0,0.0,0.0,0.0,0.0
Burrito,Base.BurritoRecipe,Base.Shrimp,10,true,false,1.0,80.0,0.0,7.0,10.0,0.7,93.333333
Burrito,Base.BurritoRecipe,Base.ShrimpFried,15,false,false,1.0,160.0,17.0,14.0,16.0,0.7,186.666667
Burrito,Base.BurritoRecipe,Base.ShrimpFriedCraft,15,true,false,1.0,160.0,17.0,14.0,16.0,0.7,186.666667
Burrito,Base.BurritoRecipe,Base.SourCream,2,false,true,0.0,0.0,0.0,0.0,0.0,0.0,0.0
Burrito,Base.BurritoRecipe,Base.Squid,10,true,false,0.333333,68.333333,0.333333,4.333333,10.84,0.233333,79.722222
Burrito,Base.BurritoRecipe,Base.SquidCalamari,10,true,false,1.0,105.0,3.0,0.0,18.0,0.7,122.5
Burrito,Base.BurritoRecipe,Base.Steak,10,true,false,0.25,55.0,0.0,2.3375,7.905,0.175,64.166667
Burrito,Base.BurritoRecipe,Base.Tofu,10,false,false,1.0,30.0,1.0,1.0,5.0,0.7,35.0
Burrito,Base.BurritoRecipe,Base.TofuFried,15,false,false,1.0,35.0,3.0,1.0,5.0,0.7,40.833333
Burrito,Base.BurritoRecipe,Base.Tomato,6,false,false,0.5,7.0,1.75,0.1,0.65,0.35,8.166667
Burrito,Base.BurritoRecipe,Base.TunaTinOpen,18,false,false,1.0,370.0,0.0,34.0,15.0,0.7,431.666667
Burrito,Base.BurritoRecipe,Base.TurkeyEgg,10,true,false,1.0,71.0,0.37,4.54,5.78,0.7,82.833333
Burrito,Base.BurritoRecipe,Base.TurkeyFillet,10,true,false,0.2,46.0,0.0,2.0,6.4,0.14,53.666667
Burrito,Base.BurritoRecipe,Base.TurkeyLegs,10,true,false,0.238095,54.761905,0.0,2.142857,9.047619,0.166667,63.888889
Burrito,Base.BurritoRecipe,Base.TurkeyWings,12,true,false,0.4,80.0,0.0,4.0,12.8,0.28,93.333333
Burrito,Base.BurritoRecipe,Base.Venison,10,true,false,0.125,55.0,0.0,2.3375,7.8275,0.0875,64.166667
Burrito,Base.BurritoRecipe,Base.Vinegar2,1,false,true,0.0,0.0,0.0,0.0,0.0,0.0,0.0
Burrito,Base.BurritoRecipe,Base.Vinegar_Jug,1,false,true,0.0,0.0,0.0,0.0,0.0,0.0,0.0
Burrito,Base.BurritoRecipe,Base.WaterPotForgedRice,10,true,false,1.0,480.0,108.0,0.0,12.0,0.7,560.0
Burrito,Base.BurritoRecipe,Base.WaterPotRice,10,true,false,1.0,480.0,108.0,0.0,12.0,0.7,560.0
Burrito,Base.BurritoRecipe,Base.WaterSaucepanRice,10,true,false,1.0,480.0,108.0,0.0,12.0,0.7,560.0
Burrito,Base.BurritoRecipe,Base.WaterSaucepanRiceCopper,10,true,false,1.0,480.0,108.0,0.0,12.0,0.7,560.0
Burrito,Base.BurritoRecipe,Base.WildEggs,7,true,false,1.0,63.0,0.32,4.18,5.55,0.7,73.5
Burrito,Base.BurritoRecipe,Base.WildGarlic2,1,false,true,0.0,0.0,0.0,0.0,0.0,0.0,0.0
Burrito,Base.BurritoRecipe,Base.WildGarlicDried,1,false,true,0.0,0.0,0.0,0.0,0.0,0.0,0.0
Burrito2,Base.Burrito,Base.Avocado,8,false,false,0.5,113.5,5.875,10.48,1.335,0.35,132.416667
Burrito2,Base.Burrito,Base.BBQSauce,2,false,true,0.0,0.0,0.0,0.0,0.0,0.0,0.0
Burrito2,Base.Burrito,Base.Bacon,4,true,false,0.333333,53.333333,0.0,4.666667,3.333333,0.233333,62.222222
Burrito2,Base.Burrito,Base.BaconBits,1,true,true,0.0,0.0,0.0,0.0,0.0,0.0,0.0
Burrito2,Base.Burrito,Base.BaconRashers,4,true,false,1.0,40.0,0.0,3.5,2.5,0.7,46.666667
Burrito2,Base.Burrito,Base.BalsamicVinegar,2,false,true,0.0,0.0,0.0,0.0,0.0,0.0,0.0
Burrito2,Base.Burrito,Base.Beef,10,true,false,0.125,55.0,0.0,2.3375,7.8275,0.0875,64.166667
Burrito2,Base.Burrito,Base.BellPepper,4,false,false,0.5,15.0,3.5,0.0,0.5,0.35,17.5
Burrito2,Base.Burrito,Base.Blackbeans,10,false,false,1.0,45.0,10.45,0.45,3.95,0.7,52.5
Burrito2,Base.Burrito,Base.Butter,4,false,true,0.0,0.0,0.0,0.0,0.0,0.0,0.0
Burrito2,Base.Burrito,Base.Cabbage,6,false,false,0.25,45.0,10.25,0.175,2.25,0.175,52.5
Burrito2,Base.Burrito,Base.CannedBellPepper_Open,4,false,false,0.083333,15.0,3.5,0.0,0.5,0.058333,17.5
Burrito2,Base.Burrito,Base.CannedCabbage_Open,6,false,false,0.125,45.0,10.25,0.175,2.25,0.0875,52.5
Burrito2,Base.Burrito,Base.CannedChiliOpen,8,false,false,0.5,130.0,16.5,3.5,8.0,0.35,151.666667
Burrito2,Base.Burrito,Base.CannedCornOpen,8,false,false,0.5,157.5,35.0,0.875,3.5,0.35,183.75
Burrito2,Base.Burrito,Base.CannedTomato_Open,6,false,false,0.125,7.0,1.75,0.1,0.65,0.0875,8.166667
Burrito2,Base.Burrito,Base.Cheese,5,false,false,0.333333,37.666667,0.29,3.11,2.133333,0.233333,43.944444
Burrito2,Base.Burrito,Base.Chicken,10,true,false,0.30303,69.69697,0.0,2.727273,11.515152,0.212121,81.313131
Burrito2,Base.Burrito,Base.ChickenFillet,12,true,false,0.4,92.0,0.0,3.6,15.2,0.28,107.333333
Burrito2,Base.Burrito,Base.ChickenFried,15,false,false,1.0,260.0,17.0,14.0,16.0,0.7,303.333333
Burrito2,Base.Burrito,Base.ChickenNuggets,10,false,false,1.0,230.0,10.2,8.1,26.441,0.7,268.333333
Burrito2,Base.Burrito,Base.ChickenWings,15,true,false,0.789474,150.0,0.0,4.736842,17.368421,0.552632,175.0
Burrito2,Base.Burrito,Base.Cilantro,1,false,true,0.0,0.0,0.0,0.0,0.0,0.0,0.0
Burrito2,Base.Burrito,Base.CilantroDried,1,false,true,0.0,0.0,0.0,0.0,0.0,0.0,0.0
Burrito2,Base.Burrito,Base.CilantroSeed,1,false,true,0.0,0.0,0.0,0.0,0.0,0.0,0.0
Burrito2,Base.Burrito,Base.Corn,7,true,false,0.5,44.0,13.37,0.965,2.34,0.35,51.333333
Burrito2,Base.Burrito,Base.CornFrozen,5,false,false,0.25,99.0,23.5,1.25,3.75,0.175,115.5
Burrito2,Base.Burrito,Base.Crayfish,10,true,false,1.0,40.0,0.0,2.0,8.0,0.7,46.666667
Burrito2,Base.Burrito,Base.Dip_NachoCheese,2,false,true,0.0,0.0,0.0,0.0,0.0,0.0,0.0
Burrito2,Base.Burrito,Base.Dip_Ranch,2,false,true,0.0,0.0,0.0,0.0,0.0,0.0,0.0
Burrito2,Base.Burrito,Base.Dip_Salsa,2,false,true,0.0,0.0,0.0,0.0,0.0,0.0,0.0
Burrito2,Base.Burrito,Base.DogfoodOpen,10,true,false,0.333333,166.0,25.853333,4.193333,5.346667,0.233333,193.666667
Burrito2,Base.Burrito,Base.Egg,7,true,false,1.0,63.0,0.32,4.18,5.55,0.7,73.5
Burrito2,Base.Burrito,Base.EggBoiled,10,false,false,1.0,63.0,0.32,4.18,5.55,0.7,73.5
Burrito2,Base.Burrito,Base.EggOmelette,20,false,false,1.0,120.0,0.52,6.18,10.55,0.7,140.0
Burrito2,Base.Burrito,Base.EggPoached,10,false,false,1.0,63.0,0.32,4.18,5.55,0.7,73.5
Burrito2,Base.Burrito,Base.EggScrambled,20,false,false,1.0,120.0,0.52,6.18,10.55,0.7,140.0
Burrito2,Base.Burrito,Base.FishFillet,15,true,false,0.6,123.0,0.6,7.2,17.112,0.42,143.5
Burrito2,Base.Burrito,Base.FishFingers,10,false,false,1.0,230.0,10.2,8.1,26.441,0.7,268.333333
Burrito2,Base.Burrito,Base.FishFried,10,false,false,0.333333,70.0,2.333333,4.0,5.333333,0.233333,81.666667
Burrito2,Base.Burrito,Base.Garlic,1,false,true,0.0,0.0,0.0,0.0,0.0,0.0,0.0
Burrito2,Base.Burrito,Base.Guacamole,2,false,true,0.0,0.0,0.0,0.0,0.0,0.0,0.0
Burrito2,Base.Burrito,Base.Hotsauce,2,false,true,0.0,0.0,0.0,0.0,0.0,0.0,0.0
Burrito2,Base.Burrito,Base.Ketchup,2,false,true,0.0,0.0,0.0,0.0,0.0,0.0,0.0
Burrito2,Base.Burrito,Base.Lard,2,false,true,0.0,0.0,0.0,0.0,0.0,0.0,0.0
Burrito2,Base.Burrito,Base.Lemon,2,false,true,0.0,0.0,0.0,0.0,0.0,0.0,0.0
Burrito2,Base.Burrito,Base.Lettuce,3,false,false,0.2,10.8,2.066,0.108,0.98,0.14,12.6
Burrito2,Base.Burrito,Base.Lime,2,false,true,0.0,0.0,0.0,0.0,0.0,0.0,0.0
Burrito2,Base.Burrito,Base.Lobster,10,true,false,0.25,30.0,0.0,1.75,7.0,0.175,35.0
Burrito2,Base.Burrito,Base.Margarine,4,false,true,0.0,0.0,0.0,0.0,0.0,0.0,0.0
Burrito2,Base.Burrito,Base.MayonnaiseFull,2,false,true,0.0,0.0,0.0,0.0,0.0,0.0,0.0
Burrito2,Base.Burrito,Base.MeatPatty,10,true,false,0.25,153.0,0.0,7.5,11.5,0.175,178.5
Burrito2,Base.Burrito,Base.MincedMeat,10,true,false,0.25,75.0,0.0,7.5,11.5,0.175,87.5
Burrito2,Base.Burrito,Base.OilOlive,2,false,true,0.0,0.0,0.0,0.0,0.0,0.0,0.0
Burrito2,Base.Burrito,Base.OilVegetable,2,false,true,0.0,0.0,0.0,0.0,0.0,0.0,0.0
Burrito2,Base.Burrito,Base.OmeletteRecipe,14,true,false,1.0,123.0,2.0,8.33,11.0,0.7,143.5
Burrito2,Base.Burrito,Base.OmeletteRecipeForged,14,true,false,1.0,123.0,2.0,8.33,11.0,0.7,143.5
Burrito2,Base.Burrito,Base.Onion,2,false,false,0.2,5.6,1.308,0.014,0.154,0.14,6.533333
Burrito2,Base.Burrito,Base.Oregano,1,false,true,0.0,0.0,0.0,0.0,0.0,0.0,0.0
Burrito2,Base.Burrito,Base.OreganoDried,1,false,true,0.0,0.0,0.0,0.0,0.0,0.0,0.0
Burrito2,Base.Burrito,Base.Parsley,1,false,true,0.0,0.0,0.0,0.0,0.0,0.0,0.0
Burrito2,Base.Burrito,Base.ParsleyDried,1,false,true,0.0,0.0,0.0,0.0,0.0,0.0,0.0
Burrito2,Base.Burrito,Base.Pepper,1,false,true,0.0,0.0,0.0,0.0,0.0,0.0,0.0
Burrito2,Base.Burrito,Base.PepperHabanero,1,false,true,0.0,0.0,0.0,0.0,0.0,0.0,0.0
Burrito2,Base.Burrito,Base.PepperHabaneroDried,1,false,true,0.0,0.0,0.0,0.0,0.0,0.0,0.0
Burrito2,Base.Burrito,Base.PepperJalapeno,1,false,true,0.0,0.0,0.0,0.0,0.0,0.0,0.0
Burrito2,Base.Burrito,Base.PepperJalapenoDried,1,false,true,0.0,0.0,0.0,0.0,0.0,0.0,0.0
Burrito2,Base.Burrito,Base.PowderedGarlic,1,false,true,0.0,0.0,0.0,0.0,0.0,0.0,0.0
Burrito2,Base.Burrito,Base.PowderedOnion,1,false,true,0.0,0.0,0.0,0.0,0.0,0.0,0.0
Burrito2,Base.Burrito,Base.RefriedBeans,10,false,false,1.0,70.0,25.0,1.5,10.0,0.7,81.666667
Burrito2,Base.Burrito,Base.RiceVinegar,2,false,true,0.0,0.0,0.0,0.0,0.0,0.0,0.0
Burrito2,Base.Burrito,Base.Salmon,10,true,false,0.333333,90.0,0.0,3.516667,11.426667,0.233333,105.0
Burrito2,Base.Burrito,Base.Salt,1,false,true,0.0,0.0,0.0,0.0,0.0,0.0,0.0
Burrito2,Base.Burrito,Base.Sausage,10,true,false,0.5,90.0,0.0,2.175,7.81,0.35,105.0
Burrito2,Base.Burrito,Base.SeasoningSalt,1,false,true,0.0,0.0,0.0,0.0,0.0,0.0,0.0
Burrito2,Base.Burrito,Base.Seasoning_Cilantro,1,false,true,0.0,0.0,0.0,0.0,0.0,0.0,0.0
Burrito2,Base.Burrito,Base.Seasoning_Oregano,1,false,true,0.0,0.0,0.0,0.0,0.0,0.0,0.0
Burrito2,Base.Burrito,Base.Seasoning_Parsley,1,false,true,0.0,0.0,0.0,0.0,0.0,0.0,0.0
Burrito2,Base.Burrito,Base.Shrimp,10,true,false,1.0,80.0,0.0,7.0,10.0,0.7,93.333333
Burrito2,Base.Burrito,Base.ShrimpFried,15,false,false,1.0,160.0,17.0,14.0,16.0,0.7,186.666667
Burrito2,Base.Burrito,Base.ShrimpFriedCraft,15,true,false,1.0,160.0,17.0,14.0,16.0,0.7,186.666667
Burrito2,Base.Burrito,Base.SourCream,2,false,true,0.0,0.0,0.0,0.0,0.0,0.0,0.0
Burrito2,Base.Burrito,Base.Squid,10,true,false,0.333333,68.333333,0.333333,4.333333,10.84,0.233333,79.722222
Burrito2,Base.Burrito,Base.SquidCalamari,10,true,false,1.0,105.0,3.0,0.0,18.0,0.7,122.5
Burrito2,Base.Burrito,Base.Steak,10,true,false,0.25,55.0,0.0,2.3375,7.905,0.175,64.166667
Burrito2,Base.Burrito,Base.Tofu,10,false,false,1.0,30.0,1.0,1.0,5.0,0.7,35.0
Burrito2,Base.Burrito,Base.TofuFried,15,false,false,1.0,35.0,3.0,1.0,5.0,0.7,40.833333
Burrito2,Base.Burrito,Base.Tomato,6,false,false,0.5,7.0,1.75,0.1,0.65,0.35,8.166667
Burrito2,Base.Burrito,Base.TunaTinOpen,18,false,false,1.0,370.0,0.0,34.0,15.0,0.7,431.666667
Burrito2,Base.Burrito,Base.TurkeyEgg,10,true,false,1.0,71.0,0.37,4.54,5.78,0.7,82.833333
Burrito2,Base.Burrito,Base.TurkeyFillet,10,true,false,0.2,46.0,0.0,2.0,6.4,0.14,53.666667
Burrito2,Base.Burrito,Base.TurkeyLegs,10,true,false,0.238095,54.761905,0.0,2.142857,9.047619,0.166667,63.888889
Burrito2,Base.Burrito,Base.TurkeyWings,12,true,false,0.4,80.0,0.0,4.0,12.8,0.28,93.333333
Burrito2,Base.Burrito,Base.Venison,10,true,false,0.125,55.0,0.0,2.3375,7.8275,0.0875,64.166667
Burrito2,Base.Burrito,Base.Vinegar2,1,false,true,0.0,0.0,0.0,0.0,0.0,0.0,0.0
Burrito2,Base.Burrito,Base.Vinegar_Jug,1,false,true,0.0,0.0,0.0,0.0,0.0,0.0,0.0
Burrito2,Base.Burrito,Base.WaterPotForgedRice,10,true,false,1.0,480.0,108.0,0.0,12.0,0.7,560.0
Burrito2,Base.Burrito,Base.WaterPotRice,10,true,false,1.0,480.0,108.0,0.0,12.0,0.7,560.0
Burrito2,Base.Burrito,Base.WaterSaucepanRice,10,true,false,1.0,480.0,108.0,0.0,12.0,0.7,560.0
Burrito2,Base.Burrito,Base.WaterSaucepanRiceCopper,10,true,false,1.0,480.0,108.0,0.0,12.0,0.7,560.0
Burrito2,Base.Burrito,Base.WildEggs,7,true,false,1.0,63.0,0.32,4.18,5.55,0.7,73.5
Burrito2,Base.Burrito,Base.WildGarlic2,1,false,true,0.0,0.0,0.0,0.0,0.0,0.0,0.0
Burrito2,Base.Burrito,Base.WildGarlicDried,1,false,true,0.0,0.0,0.0,0.0,0.0,0.0,0.0
Cake,Base.CakeRaw,Base.Apple,16,false,false,1.0,95.0,25.13,0.31,0.47,0.7,110.833333
Cake,Base.CakeRaw,Base.Banana,16,false,false,1.0,105.0,26.95,0.39,1.29,0.7,122.5
Cake,Base.CakeRaw,Base.BeautyBerry,10,false,false,1.0,23.0,5.0,0.0,4.0,0.7,26.833333
Cake,Base.CakeRaw,Base.BerryBlack,10,false,false,1.0,23.0,5.0,0.0,4.0,0.7,26.833333
Cake,Base.CakeRaw,Base.BerryBlue,10,false,false,1.0,23.0,5.0,0.0,4.0,0.7,26.833333
Cake,Base.CakeRaw,Base.BerryGeneric1,5,false,false,1.0,12.0,3.0,0.0,2.0,0.7,14.0
Cake,Base.CakeRaw,Base.BerryGeneric2,10,false,false,1.0,23.0,5.0,0.0,4.0,0.7,26.833333
Cake,Base.CakeRaw,Base.BerryGeneric3,5,false,false,1.0,8.0,3.0,0.0,2.0,0.7,9.333333
Cake,Base.CakeRaw,Base.BerryGeneric4,10,false,false,1.0,23.0,5.0,0.0,4.0,0.7,26.833333
Cake,Base.CakeRaw,Base.BerryGeneric5,10,false,false,1.0,23.0,5.0,0.0,4.0,0.7,26.833333
Cake,Base.CakeRaw,Base.BerryPoisonIvy,5,false,false,1.0,23.0,5.0,0.0,4.0,0.7,26.833333
Cake,Base.CakeRaw,Base.CandyCaramels,5,false,false,1.0,170.0,28.0,5.0,1.0,0.7,198.333333
Cake,Base.CakeRaw,Base.CandyFruitSlices,5,false,false,1.0,40.0,10.0,0.5,0.0,0.7,46.666667
Cake,Base.CakeRaw,Base.CandyGummyfish,5,false,false,1.0,110.0,27.0,0.0,0.0,0.7,128.333333
Cake,Base.CakeRaw,Base.CandyMolasses,5,false,false,1.0,160.0,33.0,3.5,0.1,0.7,186.666667
Cake,Base.CakeRaw,Base.CandyNovapops,5,false,false,1.0,120.0,24.0,2.5,0.0,0.7,140.0
Cake,Base.CakeRaw,Base.Candycane,10,false,true,0.0,0.0,0.0,0.0,0.0,0.0,0.0
Cake,Base.CakeRaw,Base.CannedFruitBeverageOpen,15,false,false,1.0,250.0,0.0,24.0,10.0,0.7,291.666667
Cake,Base.CakeRaw,Base.CannedFruitCocktailOpen,15,false,false,1.0,250.0,0.0,24.0,10.0,0.7,291.666667
Cake,Base.CakeRaw,Base.CannedMilkOpen,5,false,false,0.5,236.0,11.8,11.8,11.8,0.35,275.333333
Cake,Base.CakeRaw,Base.CannedPeachesOpen,15,false,false,1.0,250.0,0.0,24.0,10.0,0.7,291.666667
Cake,Base.CakeRaw,Base.CannedPineappleOpen,15,false,false,1.0,250.0,0.0,24.0,10.0,0.7,291.666667
Cake,Base.CakeRaw,Base.Cherry,3,false,false,1.0,5.0,1.31,0.0,0.09,0.7,5.833333
Cake,Base.CakeRaw,Base.Chocolate,20,false,false,1.0,850.0,110.0,66.0,10.0,0.7,991.666667
Cake,Base.CakeRaw,Base.ChocolateChips,6,false,false,1.0,50.0,17.0,8.0,1.0,0.7,58.333333
Cake,Base.CakeRaw,Base.ChocolateCoveredCoffeeBeans,5,false,false,1.0,40.0,10.0,0.5,0.0,0.7,46.666667
Cake,Base.CakeRaw,Base.Chocolate_Butterchunkers,20,false,false,1.0,230.0,29.0,12.0,2.0,0.7,268.333333
Cake,Base.CakeRaw,Base.Chocolate_Candy,5,false,false,1.0,110.0,27.0,0.0,0.0,0.7,128.333333
Cake,Base.CakeRaw,Base.Chocolate_Crackle,20,false,false,1.0,230.0,29.0,12.0,2.0,0.7,268.333333
Cake,Base.CakeRaw,Base.Chocolate_Deux,20,false,false,1.0,250.0,34.0,12.0,2.0,0.7,291.666667
Cake,Base.CakeRaw,Base.Chocolate_GalacticDairy,20,false,false,1.0,190.0,30.0,8.0,2.0,0.7,221.666667
Cake,Base.CakeRaw,Base.Chocolate_HeartBox,25,false,false,0.625,1062.5,137.5,81.25,12.5,0.4375,1239.583333
Cake,Base.CakeRaw,Base.Chocolate_RoysPBPucks,20,false,false,1.0,230.0,26.0,13.0,5.0,0.7,268.333333
Cake,Base.CakeRaw,Base.Chocolate_Smirkers,20,false,false,1.0,280.0,35.0,14.0,4.0,0.7,326.666667
Cake,Base.CakeRaw,Base.Chocolate_SnikSnak,20,false,false,1.0,230.0,29.0,12.0,3.0,0.7,268.333333
Cake,Base.CakeRaw,Base.Cinnamon,1,false,true,0.0,0.0,0.0,0.0,0.0,0.0,0.0
Cake,Base.CakeRaw,Base.DriedApricots,16,false,false,1.0,241.0,62.6,0.5,3.4,0.7,281.166667
Cake,Base.CakeRaw,Base.Grapes,15,false,false,1.0,62.0,15.78,0.32,0.58,0.7,72.333333
Cake,Base.CakeRaw,Base.GummyBears,5,false,false,1.0,40.0,10.0,0.5,0.0,0.7,46.666667
Cake,Base.CakeRaw,Base.GummyWorms,5,false,false,1.0,40.0,10.0,0.5,0.0,0.7,46.666667
Cake,Base.CakeRaw,Base.HardCandies,5,false,false,1.0,40.0,10.0,0.5,0.0,0.7,46.666667
Cake,Base.CakeRaw,Base.HollyBerry,10,false,false,1.0,23.0,5.0,0.0,4.0,0.7,26.833333
Cake,Base.CakeRaw,Base.Honey,5,false,true,0.0,0.0,0.0,0.0,0.0,0.0,0.0
Cake,Base.CakeRaw,Base.Icing,10,false,false,1.0,110.0,80.0,44.0,16.0,0.7,128.333333
Cake,Base.CakeRaw,Base.JamFruit,15,false,false,0.5,275.0,65.0,0.0,0.5,0.35,320.833333
Cake,Base.CakeRaw,Base.JamMarmalade,15,false,false,0.5,275.0,65.0,0.0,0.5,0.35,320.833333
Cake,Base.CakeRaw,Base.JellyBeans,5,false,false,1.0,40.0,10.0,0.5,0.0,0.7,46.666667
Cake,Base.CakeRaw,Base.Jujubes,5,false,false,1.0,40.0,10.0,0.5,0.0,0.7,46.666667
Cake,Base.CakeRaw,Base.Lemon,5,false,true,0.0,0.0,0.0,0.0,0.0,0.0,0.0
Cake,Base.CakeRaw,Base.Lime,5,false,true,0.0,0.0,0.0,0.0,0.0,0.0,0.0
Cake,Base.CakeRaw,Base.Mango,10,false,false,0.5,126.0,39.35,0.545,1.945,0.35,147.0
Cake,Base.CakeRaw,Base.Marshmallows,5,false,false,1.0,30.0,8.0,0.0,0.5,0.7,35.0
Cake,Base.CakeRaw,Base.Orange,12,false,false,1.0,65.0,16.27,0.3,1.0,0.7,75.833333
Cake,Base.CakeRaw,Base.Peach,12,false,false,1.0,58.0,14.31,0.38,1.36,0.7,67.666667
Cake,Base.CakeRaw,Base.Pear,8,false,false,0.5,37.5,10.065,0.105,0.135,0.35,43.75
Cake,Base.CakeRaw,Base.Pineapple,12,false,false,0.5,226.0,59.35,0.545,2.445,0.35,263.666667
Cake,Base.CakeRaw,Base.RockCandy,5,false,false,1.0,40.0,60.0,0.0,0.0,0.7,46.666667
Cake,Base.CakeRaw,Base.Strewberrie,5,false,false,1.0,4.0,0.92,0.04,0.08,0.7,4.666667
Cake,Base.CakeRaw,Base.WinterBerry,10,false,false,1.0,23.0,5.0,0.0,4.0,0.7,26.833333
ConeIcecream,Base.ConeIcecreamToppings,Base.Allsorts,5,false,false,0.5,8.3,2.165,0.0,0.0,0.35,9.683333
ConeIcecream,Base.ConeIcecreamToppings,Base.Banana,4,false,false,0.25,26.25,6.7375,0.0975,0.3225,0.175,30.625
ConeIcecream,Base.ConeIcecreamToppings,Base.BeautyBerry,5,false,false,0.5,11.5,2.5,0.0,2.0,0.35,13.416667
ConeIcecream,Base.ConeIcecreamToppings,Base.BerryBlack,5,false,false,0.5,11.5,2.5,0.0,2.0,0.35,13.416667
ConeIcecream,Base.ConeIcecreamToppings,Base.BerryBlue,5,false,false,0.5,11.5,2.5,0.0,2.0,0.35,13.416667
ConeIcecream,Base.ConeIcecreamToppings,Base.BerryGeneric1,5,false,false,1.0,12.0,3.0,0.0,2.0,0.7,14.0
ConeIcecream,Base.ConeIcecreamToppings,Base.BerryGeneric2,5,false,false,0.5,11.5,2.5,0.0,2.0,0.35,13.416667
ConeIcecream,Base.ConeIcecreamToppings,Base.BerryGeneric3,5,false,false,1.0,8.0,3.0,0.0,2.0,0.7,9.333333
ConeIcecream,Base.ConeIcecreamToppings,Base.BerryGeneric4,5,false,false,0.5,11.5,2.5,0.0,2.0,0.35,13.416667
ConeIcecream,Base.ConeIcecreamToppings,Base.BerryGeneric5,5,false,false,0.5,11.5,2.5,0.0,2.0,0.35,13.416667
ConeIcecream,Base.ConeIcecreamToppings,Base.BerryPoisonIvy,5,false,false,1.0,23.0,5.0,0.0,4.0,0.7,26.833333
ConeIcecream,Base.ConeIcecreamToppings,Base.CandyCaramels,5,false,false,1.0,170.0,28.0,5.0,1.0,0.7,198.333333
ConeIcecream,Base.ConeIcecreamToppings,Base.CandyCorn,5,false,false,0.5,16.0,7.0,0.0,0.0,0.35,18.666667
ConeIcecream,Base.ConeIcecreamToppings,Base.CandyFruitSlices,5,false,false,1.0,40.0,10.0,0.5,0.0,0.7,46.666667
ConeIcecream,Base.ConeIcecreamToppings,Base.CandyGummyfish,5,false,false,1.0,110.0,27.0,0.0,0.0,0.7,128.333333
ConeIcecream,Base.ConeIcecreamToppings,Base.CandyMolasses,5,false,false,1.0,160.0,33.0,3.5,0.1,0.7,186.666667
ConeIcecream,Base.ConeIcecreamToppings,Base.CandyNovapops,5,false,false,1.0,120.0,24.0,2.5,0.0,0.7,140.0
ConeIcecream,Base.ConeIcecreamToppings,Base.Candycane,10,false,true,0.0,0.0,0.0,0.0,0.0,0.0,0.0
ConeIcecream,Base.ConeIcecreamToppings,Base.CannedFruitCocktailOpen,5,false,false,0.333333,83.333333,0.0,8.0,3.333333,0.233333,97.222222
ConeIcecream,Base.ConeIcecreamToppings,Base.CannedPineappleOpen,5,false,false,0.333333,83.333333,0.0,8.0,3.333333,0.233333,97.222222
ConeIcecream,Base.ConeIcecreamToppings,Base.Cherry,3,false,false,1.0,5.0,1.31,0.0,0.09,0.7,5.833333
ConeIcecream,Base.ConeIcecreamToppings,Base.Chocolate,5,false,false,0.25,212.5,27.5,16.5,2.5,0.175,247.916667
ConeIcecream,Base.ConeIcecreamToppings,Base.ChocolateChips,3,false,false,0.5,25.0,8.5,4.0,0.5,0.35,29.166667
ConeIcecream,Base.ConeIcecreamToppings,Base.ChocolateCoveredCoffeeBeans,5,false,false,1.0,40.0,10.0,0.5,0.0,0.7,46.666667
ConeIcecream,Base.ConeIcecreamToppings,Base.Chocolate_Butterchunkers,5,false,false,0.25,57.5,7.25,3.0,0.5,0.175,67.083333
ConeIcecream,Base.ConeIcecreamToppings,Base.Chocolate_Candy,5,false,false,1.0,110.0,27.0,0.0,0.0,0.7,128.333333
ConeIcecream,Base.ConeIcecreamToppings,Base.Chocolate_Crackle,5,false,false,0.25,57.5,7.25,3.0,0.5,0.175,67.083333
ConeIcecream,Base.ConeIcecreamToppings,Base.Chocolate_Deux,5,false,false,0.25,62.5,8.5,3.0,0.5,0.175,72.916667
ConeIcecream,Base.ConeIcecreamToppings,Base.Chocolate_GalacticDairy,5,false,false,0.25,47.5,7.5,2.0,0.5,0.175,55.416667
ConeIcecream,Base.ConeIcecreamToppings,Base.Chocolate_HeartBox,5,false,false,0.125,212.5,27.5,16.25,2.5,0.0875,247.916667
ConeIcecream,Base.ConeIcecreamToppings,Base.Chocolate_RoysPBPucks,5,false,false,0.25,57.5,6.5,3.25,1.25,0.175,67.083333
ConeIcecream,Base.ConeIcecreamToppings,Base.Chocolate_Smirkers,5,false,false,0.25,70.0,8.75,3.5,1.0,0.175,81.666667
ConeIcecream,Base.ConeIcecreamToppings,Base.Chocolate_SnikSnak,5,false,false,0.25,57.5,7.25,3.0,0.75,0.175,67.083333
ConeIcecream,Base.ConeIcecreamToppings,Base.Cinnamon,1,false,true,0.0,0.0,0.0,0.0,0.0,0.0,0.0
ConeIcecream,Base.ConeIcecreamToppings,Base.CocoaPowder,5,false,false,0.166667,10.0,1.333333,0.833333,0.333333,0.116667,11.666667
ConeIcecream,Base.ConeIcecreamToppings,Base.GummyBears,5,false,false,1.0,40.0,10.0,0.5,0.0,0.7,46.666667
ConeIcecream,Base.ConeIcecreamToppings,Base.GummyWorms,5,false,false,1.0,40.0,10.0,0.5,0.0,0.7,46.666667
ConeIcecream,Base.ConeIcecreamToppings,Base.HardCandies,5,false,false,1.0,40.0,10.0,0.5,0.0,0.7,46.666667
ConeIcecream,Base.ConeIcecreamToppings,Base.HollyBerry,5,false,false,0.5,11.5,2.5,0.0,2.0,0.35,13.416667
ConeIcecream,Base.ConeIcecreamToppings,Base.Honey,2,false,true,0.0,0.0,0.0,0.0,0.0,0.0,0.0
ConeIcecream,Base.ConeIcecreamToppings,Base.Icing,5,false,false,0.5,55.0,40.0,22.0,8.0,0.35,64.166667
ConeIcecream,Base.ConeIcecreamToppings,Base.JamFruit,5,false,false,0.166667,91.666667,21.666667,0.0,0.166667,0.116667,106.944444
ConeIcecream,Base.ConeIcecreamToppings,Base.JamMarmalade,5,false,false,0.166667,91.666667,21.666667,0.0,0.166667,0.116667,106.944444
ConeIcecream,Base.ConeIcecreamToppings,Base.JellyBeans,5,false,false,1.0,40.0,10.0,0.5,0.0,0.7,46.666667
ConeIcecream,Base.ConeIcecreamToppings,Base.Jujubes,5,false,false,1.0,40.0,10.0,0.5,0.0,0.7,46.666667
ConeIcecream,Base.ConeIcecreamToppings,Base.LicoriceBlack,2,false,false,1.0,22.0,7.0,0.0,0.0,0.7,25.666667
ConeIcecream,Base.ConeIcecreamToppings,Base.LicoriceRed,2,false,false,1.0,22.0,7.0,0.0,0.0,0.7,25.666667
ConeIcecream,Base.ConeIcecreamToppings,Base.MapleSyrup,3,false,true,0.0,0.0,0.0,0.0,0.0,0.0,0.0
ConeIcecream,Base.ConeIcecreamToppings,Base.Marshmallows,5,false,false,1.0,30.0,8.0,0.0,0.5,0.7,35.0
ConeIcecream,Base.ConeIcecreamToppings,Base.PeanutButter,5,false,false,0.2,532.0,25.6,44.8,16.8,0.14,620.666667
ConeIcecream,Base.ConeIcecreamToppings,Base.Peanuts,4,false,false,0.5,80.5,2.285,6.98,3.655,0.35,93.916667
ConeIcecream,Base.ConeIcecreamToppings,Base.Pickles,2,false,true,0.0,0.0,0.0,0.0,0.0,0.0,0.0
ConeIcecream,Base.ConeIcecreamToppings,Base.Pineapple,4,false,false,0.166667,75.333333,19.783333,0.181667,0.815,0.116667,87.888889
ConeIcecream,Base.ConeIcecreamToppings,Base.RockCandy,5,false,false,1.0,40.0,60.0,0.0,0.0,0.7,46.666667
ConeIcecream,Base.ConeIcecreamToppings,Base.Strewberrie,5,false,false,1.0,4.0,0.92,0.04,0.08,0.7,4.666667
ConeIcecream,Base.ConeIcecreamToppings,Base.WinterBerry,5,false,false,0.5,11.5,2.5,0.0,2.0,0.35,13.416667
FruitSalad,Base.FruitSalad,Base.Apple,8,false,false,0.5,47.5,12.565,0.155,0.235,0.35,55.416667
FruitSalad,Base.FruitSalad,Base.Banana,8,false,false,0.5,52.5,13.475,0.195,0.645,0.35,61.25
FruitSalad,Base.FruitSalad,Base.BeautyBerry,10,false,false,1.0,23.0,5.0,0.0,4.0,0.7,26.833333
FruitSalad,Base.FruitSalad,Base.BerryBlack,10,false,false,1.0,23.0,5.0,0.0,4.0,0.7,26.833333
FruitSalad,Base.FruitSalad,Base.BerryBlue,10,false,false,1.0,23.0,5.0,0.0,4.0,0.7,26.833333
FruitSalad,Base.FruitSalad,Base.BerryGeneric1,5,false,false,1.0,12.0,3.0,0.0,2.0,0.7,14.0
FruitSalad,Base.FruitSalad,Base.BerryGeneric2,10,false,false,1.0,23.0,5.0,0.0,4.0,0.7,26.833333
FruitSalad,Base.FruitSalad,Base.BerryGeneric3,5,false,false,1.0,8.0,3.0,0.0,2.0,0.7,9.333333
FruitSalad,Base.FruitSalad,Base.BerryGeneric4,10,false,false,1.0,23.0,5.0,0.0,4.0,0.7,26.833333
FruitSalad,Base.FruitSalad,Base.BerryGeneric5,10,false,false,1.0,23.0,5.0,0.0,4.0,0.7,26.833333
FruitSalad,Base.FruitSalad,Base.BerryPoisonIvy,5,false,false,1.0,23.0,5.0,0.0,4.0,0.7,26.833333
FruitSalad,Base.FruitSalad,Base.CannedFruitBeverageOpen,15,false,false,1.0,250.0,0.0,24.0,10.0,0.7,291.666667
FruitSalad,Base.FruitSalad,Base.CannedFruitCocktailOpen,15,false,false,1.0,250.0,0.0,24.0,10.0,0.7,291.666667
FruitSalad,Base.FruitSalad,Base.CannedMilkOpen,2,false,false,0.2,94.4,4.72,4.72,4.72,0.14,110.133333
FruitSalad,Base.FruitSalad,Base.CannedPeachesOpen,15,false,false,1.0,250.0,0.0,24.0,10.0,0.7,291.666667
FruitSalad,Base.FruitSalad,Base.CannedPineappleOpen,15,false,false,1.0,250.0,0.0,24.0,10.0,0.7,291.666667
FruitSalad,Base.FruitSalad,Base.Cherry,3,false,false,1.0,5.0,1.31,0.0,0.09,0.7,5.833333
FruitSalad,Base.FruitSalad,Base.DriedApricots,8,false,false,0.5,120.5,31.3,0.25,1.7,0.35,140.583333
FruitSalad,Base.FruitSalad,Base.Grapefruit,10,false,false,0.5,7.5,50.555,1.89,8.78,0.35,8.75
FruitSalad,Base.FruitSalad,Base.Grapes,15,false,false,1.0,62.0,15.78,0.32,0.58,0.7,72.333333
FruitSalad,Base.FruitSalad,Base.HollyBerry,10,false,false,1.0,23.0,5.0,0.0,4.0,0.7,26.833333
FruitSalad,Base.FruitSalad,Base.Honey,2,false,true,0.0,0.0,0.0,0.0,0.0,0.0,0.0
FruitSalad,Base.FruitSalad,Base.Lemon,5,false,true,0.0,0.0,0.0,0.0,0.0,0.0,0.0
FruitSalad,Base.FruitSalad,Base.Lime,2,false,true,0.0,0.0,0.0,0.0,0.0,0.0,0.0
FruitSalad,Base.FruitSalad,Base.Mango,10,false,false,0.5,126.0,39.35,0.545,1.945,0.35,147.0
FruitSalad,Base.FruitSalad,Base.Orange,6,false,false,0.5,32.5,8.135,0.15,0.5,0.35,37.916667
FruitSalad,Base.FruitSalad,Base.Peach,6,false,false,0.5,29.0,7.155,0.19,0.68,0.35,33.833333
FruitSalad,Base.FruitSalad,Base.Pear,8,false,false,0.5,37.5,10.065,0.105,0.135,0.35,43.75
FruitSalad,Base.FruitSalad,Base.Pineapple,8,false,false,0.333333,150.666667,39.566667,0.363333,1.63,0.233333,175.777778
FruitSalad,Base.FruitSalad,Base.Rosehips,3,false,true,0.0,0.0,0.0,0.0,0.0,0.0,0.0
FruitSalad,Base.FruitSalad,Base.Strewberrie,5,false,false,1.0,4.0,0.92,0.04,0.08,0.7,4.666667
FruitSalad,Base.FruitSalad,Base.WatermelonSliced,6,false,false,1.0,135.5,34.11,0.67,2.75,0.7,158.083333
FruitSalad,Base.FruitSalad,Base.WatermelonSmashed,12,false,false,1.0,271.0,68.2,1.35,5.51,0.7,316.166667
FruitSalad,Base.FruitSalad,Base.WinterBerry,10,false,false,1.0,23.0,5.0,0.0,4.0,0.7,26.833333
FruitSaladClay,Base.FruitSaladClay,Base.Apple,8,false,false,0.5,47.5,12.565,0.155,0.235,0.35,55.416667
FruitSaladClay,Base.FruitSaladClay,Base.Banana,8,false,false,0.5,52.5,13.475,0.195,0.645,0.35,61.25
FruitSaladClay,Base.FruitSaladClay,Base.BeautyBerry,10,false,false,1.0,23.0,5.0,0.0,4.0,0.7,26.833333
FruitSaladClay,Base.FruitSaladClay,Base.BerryBlack,10,false,false,1.0,23.0,5.0,0.0,4.0,0.7,26.833333
FruitSaladClay,Base.FruitSaladClay,Base.BerryBlue,10,false,false,1.0,23.0,5.0,0.0,4.0,0.7,26.833333
FruitSaladClay,Base.FruitSaladClay,Base.BerryGeneric1,5,false,false,1.0,12.0,3.0,0.0,2.0,0.7,14.0
FruitSaladClay,Base.FruitSaladClay,Base.BerryGeneric2,10,false,false,1.0,23.0,5.0,0.0,4.0,0.7,26.833333
FruitSaladClay,Base.FruitSaladClay,Base.BerryGeneric3,5,false,false,1.0,8.0,3.0,0.0,2.0,0.7,9.333333
FruitSaladClay,Base.FruitSaladClay,Base.BerryGeneric4,10,false,false,1.0,23.0,5.0,0.0,4.0,0.7,26.833333
FruitSaladClay,Base.FruitSaladClay,Base.BerryGeneric5,10,false,false,1.0,23.0,5.0,0.0,4.0,0.7,26.833333
FruitSaladClay,Base.FruitSaladClay,Base.BerryPoisonIvy,5,false,false,1.0,23.0,5.0,0.0,4.0,0.7,26.833333
FruitSaladClay,Base.FruitSaladClay,Base.CannedFruitBeverageOpen,15,false,false,1.0,250.0,0.0,24.0,10.0,0.7,291.666667
FruitSaladClay,Base.FruitSaladClay,Base.CannedFruitCocktailOpen,15,false,false,1.0,250.0,0.0,24.0,10.0,0.7,291.666667
FruitSaladClay,Base.FruitSaladClay,Base.CannedMilkOpen,2,false,false,0.2,94.4,4.72,4.72,4.72,0.14,110.133333
FruitSaladClay,Base.FruitSaladClay,Base.CannedPeachesOpen,15,false,false,1.0,250.0,0.0,24.0,10.0,0.7,291.666667
FruitSaladClay,Base.FruitSaladClay,Base.CannedPineappleOpen,15,false,false,1.0,250.0,0.0,24.0,10.0,0.7,291.666667
FruitSaladClay,Base.FruitSaladClay,Base.Cherry,3,false,false,1.0,5.0,1.31,0.0,0.09,0.7,5.833333
FruitSaladClay,Base.FruitSaladClay,Base.DriedApricots,8,false,false,0.5,120.5,31.3,0.25,1.7,0.35,140.583333
FruitSaladClay,Base.FruitSaladClay,Base.Grapefruit,10,false,false,0.5,7.5,50.555,1.89,8.78,0.35,8.75
FruitSaladClay,Base.FruitSaladClay,Base.Grapes,15,false,false,1.0,62.0,15.78,0.32,0.58,0.7,72.333333
FruitSaladClay,Base.FruitSaladClay,Base.HollyBerry,10,false,false,1.0,23.0,5.0,0.0,4.0,0.7,26.833333
FruitSaladClay,Base.FruitSaladClay,Base.Honey,2,false,true,0.0,0.0,0.0,0.0,0.0,0.0,0.0
FruitSaladClay,Base.FruitSaladClay,Base.Lemon,5,false,true,0.0,0.0,0.0,0.0,0.0,0.0,0.0
FruitSaladClay,Base.FruitSaladClay,Base.Lime,2,false,true,0.0,0.0,0.0,0.0,0.0,0.0,0.0
FruitSaladClay,Base.FruitSaladClay,Base.Mango,10,false,false,0.5,126.0,39.35,0.545,1.945,0.35,147.0
FruitSaladClay,Base.FruitSaladClay,Base.Orange,6,false,false,0.5,32.5,8.135,0.15,0.5,0.35,37.916667
FruitSaladClay,Base.FruitSaladClay,Base.Peach,6,false,false,0.5,29.0,7.155,0.19,0.68,0.35,33.833333
FruitSaladClay,Base.FruitSaladClay,Base.Pear,8,false,false,0.5,37.5,10.065,0.105,0.135,0.35,43.75
FruitSaladClay,Base.FruitSaladClay,Base.Pineapple,8,false,false,0.333333,150.666667,39.566667,0.363333,1.63,0.233333,175.777778
FruitSaladClay,Base.FruitSaladClay,Base.Rosehips,3,false,true,0.0,0.0,0.0,0.0,0.0,0.0,0.0
FruitSaladClay,Base.FruitSaladClay,Base.Strewberrie,5,false,false,1.0,4.0,0.92,0.04,0.08,0.7,4.666667
FruitSaladClay,Base.FruitSaladClay,Base.WatermelonSliced,6,false,false,1.0,135.5,34.11,0.67,2.75,0.7,158.083333
FruitSaladClay,Base.FruitSaladClay,Base.WatermelonSmashed,12,false,false,1.0,271.0,68.2,1.35,5.51,0.7,316.166667
FruitSaladClay,Base.FruitSaladClay,Base.WinterBerry,10,false,false,1.0,23.0,5.0,0.0,4.0,0.7,26.833333
HotDrink,Base.HotDrink,Base.BlackSage,1,false,true,0.0,0.0,0.0,0.0,0.0,0.0,0.0
HotDrink,Base.HotDrink,Base.BlackSageDried,1,false,true,0.0,0.0,0.0,0.0,0.0,0.0,0.0
HotDrink,Base.HotDrink,Base.BouillonCube,1,false,true,0.0,0.0,0.0,0.0,0.0,0.0,0.0
HotDrink,Base.HotDrink,Base.Candycane,10,false,true,0.0,0.0,0.0,0.0,0.0,0.0,0.0
HotDrink,Base.HotDrink,Base.CannedMilkOpen,2,false,false,0.2,94.4,4.72,4.72,4.72,0.14,110.133333
HotDrink,Base.HotDrink,Base.Chamomile,1,false,true,0.0,0.0,0.0,0.0,0.0,0.0,0.0
HotDrink,Base.HotDrink,Base.ChamomileDried,1,false,true,0.0,0.0,0.0,0.0,0.0,0.0,0.0
HotDrink,Base.HotDrink,Base.Cinnamon,1,false,true,0.0,0.0,0.0,0.0,0.0,0.0,0.0
HotDrink,Base.HotDrink,Base.CocoaPowder,5,false,false,0.166667,10.0,1.333333,0.833333,0.333333,0.116667,11.666667
HotDrink,Base.HotDrink,Base.Coffee2,5,false,false,0.166667,0.333333,0.0,0.0,0.166667,0.116667,0.388889
HotDrink,Base.HotDrink,Base.CommonMallow,1,false,true,0.0,0.0,0.0,0.0,0.0,0.0,0.0
HotDrink,Base.HotDrink,Base.CommonMallowDried,1,false,true,0.0,0.0,0.0,0.0,0.0,0.0,0.0
HotDrink,Base.HotDrink,Base.Dandelions,2,false,false,0.4,10.0,2.0,0.2,0.6,0.28,11.666667
HotDrink,Base.HotDrink,Base.FourLeafClover,1,false,true,0.0,0.0,0.0,0.0,0.0,0.0,0.0
HotDrink,Base.HotDrink,Base.GingerRoot,1,false,true,0.0,0.0,0.0,0.0,0.0,0.0,0.0
HotDrink,Base.HotDrink,Base.Ginseng,1,false,true,0.0,0.0,0.0,0.0,0.0,0.0,0.0
HotDrink,Base.HotDrink,Base.Honey,2,false,true,0.0,0.0,0.0,0.0,0.0,0.0,0.0
HotDrink,Base.HotDrink,Base.Lavender,1,false,true,0.0,0.0,0.0,0.0,0.0,0.0,0.0
HotDrink,Base.HotDrink,Base.LavenderPetalsDried,1,false,true,0.0,0.0,0.0,0.0,0.0,0.0,0.0
HotDrink,Base.HotDrink,Base.Lemon,2,false,true,0.0,0.0,0.0,0.0,0.0,0.0,0.0
HotDrink,Base.HotDrink,Base.LemonGrass,1,false,true,0.0,0.0,0.0,0.0,0.0,0.0,0.0
HotDrink,Base.HotDrink,Base.Lime,2,false,true,0.0,0.0,0.0,0.0,0.0,0.0,0.0
HotDrink,Base.HotDrink,Base.Marigold,1,false,true,0.0,0.0,0.0,0.0,0.0,0.0,0.0
HotDrink,Base.HotDrink,Base.MarigoldDried,1,false,true,0.0,0.0,0.0,0.0,0.0,0.0,0.0
HotDrink,Base.HotDrink,Base.MintHerb,1,false,true,0.0,0.0,0.0,0.0,0.0,0.0,0.0
HotDrink,Base.HotDrink,Base.MintHerbDried,1,false,true,0.0,0.0,0.0,0.0,0.0,0.0,0.0
HotDrink,Base.HotDrink,Base.MushroomGeneric1,6,false,false,0.461538,13.846154,0.978462,0.110769,0.941538,0.323077,16.153846
HotDrink,Base.HotDrink,Base.MushroomGeneric2,6,false,false,0.461538,13.846154,0.978462,0.110769,0.941538,0.323077,16.153846
HotDrink,Base.HotDrink,Base.MushroomGeneric3,5,false,false,0.333333,10.666667,0.853333,0.106667,0.786667,0.233333,12.444444
HotDrink,Base.HotDrink,Base.MushroomGeneric4,5,false,false,0.384615,11.538462,0.815385,0.092308,0.784615,0.269231,13.461538
HotDrink,Base.HotDrink,Base.MushroomGeneric5,5,false,false,0.333333,10.666667,0.853333,0.106667,0.786667,0.233333,12.444444
HotDrink,Base.HotDrink,Base.MushroomGeneric6,6,false,false,0.461538,13.846154,0.978462,0.110769,0.941538,0.323077,16.153846
HotDrink,Base.HotDrink,Base.MushroomGeneric7,6,false,false,0.461538,14.769231,0.978462,0.110769,0.941538,0.323077,17.230769
HotDrink,Base.HotDrink,Base.Nettles,2,false,true,0.0,0.0,0.0,0.0,0.0,0.0,0.0
HotDrink,Base.HotDrink,Base.RosePetalsDried,1,false,true,0.0,0.0,0.0,0.0,0.0,0.0,0.0
HotDrink,Base.HotDrink,Base.Rosehips,2,false,true,0.0,0.0,0.0,0.0,0.0,0.0,0.0
HotDrink,Base.HotDrink,Base.Roses,1,false,true,0.0,0.0,0.0,0.0,0.0,0.0,0.0
HotDrink,Base.HotDrink,Base.Strewberrie,5,false,false,1.0,4.0,0.92,0.04,0.08,0.7,4.666667
HotDrink,Base.HotDrink,Base.Sugar,1,false,true,0.0,0.0,0.0,0.0,0.0,0.0,0.0
HotDrink,Base.HotDrink,Base.SugarBrown,1,false,true,0.0,0.0,0.0,0.0,0.0,0.0,0.0
HotDrink,Base.HotDrink,Base.SugarCubes,1,false,true,0.0,0.0,0.0,0.0,0.0,0.0,0.0
HotDrink,Base.HotDrink,Base.SugarPacket,1,false,true,0.0,0.0,0.0,0.0,0.0,0.0,0.0
HotDrink,Base.HotDrink,Base.Teabag2,5,false,false,1.0,0.0,0.0,0.0,0.0,0.7,0.0
HotDrink,Base.HotDrink,Base.Thistle,2,false,true,0.0,0.0,0.0,0.0,0.0,0.0,0.0
HotDrink,Base.HotDrink,Base.Violets,2,false,true,0.0,0.0,0.0,0.0,0.0,0.0,0.0
HotDrinkClay,Base.HotDrinkClay,Base.BlackSage,1,false,true,0.0,0.0,0.0,0.0,0.0,0.0,0.0
HotDrinkClay,Base.HotDrinkClay,Base.BlackSageDried,1,false,true,0.0,0.0,0.0,0.0,0.0,0.0,0.0
HotDrinkClay,Base.HotDrinkClay,Base.BouillonCube,1,false,true,0.0,0.0,0.0,0.0,0.0,0.0,0.0
HotDrinkClay,Base.HotDrinkClay,Base.Candycane,10,false,true,0.0,0.0,0.0,0.0,0.0,0.0,0.0
HotDrinkClay,Base.HotDrinkClay,Base.CannedMilkOpen,2,false,false,0.2,94.4,4.72,4.72,4.72,0.14,110.133333
HotDrinkClay,Base.HotDrinkClay,Base.Chamomile,1,false,true,0.0,0.0,0.0,0.0,0.0,0.0,0.0
HotDrinkClay,Base.HotDrinkClay,Base.ChamomileDried,1,false,true,0.0,0.0,0.0,0.0,0.0,0.0,0.0
HotDrinkClay,Base.HotDrinkClay,Base.Cinnamon,1,false,true,0.0,0.0,0.0,0.0,0.0,0.0,0.0
HotDrinkClay,Base.HotDrinkClay,Base.CocoaPowder,5,false,false,0.166667,10.0,1.333333,0.833333,0.333333,0.116667,11.666667
HotDrinkClay,Base.HotDrinkClay,Base.Coffee2,5,false,false,0.166667,0.333333,0.0,0.0,0.166667,0.116667,0.388889
HotDrinkClay,Base.HotDrinkClay,Base.CommonMallow,1,false,true,0.0,0.0,0.0,0.0,0.0,0.0,0.0
HotDrinkClay,Base.HotDrinkClay,Base.CommonMallowDried,1,false,true,0.0,0.0,0.0,0.0,0.0,0.0,0.0
HotDrinkClay,Base.HotDrinkClay,Base.Dandelions,2,false,false,0.4,10.0,2.0,0.2,0.6,0.28,11.666667
HotDrinkClay,Base.HotDrinkClay,Base.FourLeafClover,1,false,true,0.0,0.0,0.0,0.0,0.0,0.0,0.0
HotDrinkClay,Base.HotDrinkClay,Base.GingerRoot,1,false,true,0.0,0.0,0.0,0.0,0.0,0.0,0.0
HotDrinkClay,Base.HotDrinkClay,Base.Ginseng,1,false,true,0.0,0.0,0.0,0.0,0.0,0.0,0.0
HotDrinkClay,Base.HotDrinkClay,Base.Honey,2,false,true,0.0,0.0,0.0,0.0,0.0,0.0,0.0
HotDrinkClay,Base.HotDrinkClay,Base.Lavender,1,false,true,0.0,0.0,0.0,0.0,0.0,0.0,0.0
HotDrinkClay,Base.HotDrinkClay,Base.LavenderPetalsDried,1,false,true,0.0,0.0,0.0,0.0,0.0,0.0,0.0
HotDrinkClay,Base.HotDrinkClay,Base.Lemon,2,false,true,0.0,0.0,0.0,0.0,0.0,0.0,0.0
HotDrinkClay,Base.HotDrinkClay,Base.LemonGrass,1,false,true,0.0,0.0,0.0,0.0,0.0,0.0,0.0
HotDrinkClay,Base.HotDrinkClay,Base.Lime,2,false,true,0.0,0.0,0.0,0.0,0.0,0.0,0.0
HotDrinkClay,Base.HotDrinkClay,Base.Marigold,1,false,true,0.0,0.0,0.0,0.0,0.0,0.0,0.0
HotDrinkClay,Base.HotDrinkClay,Base.MarigoldDried,1,false,true,0.0,0.0,0.0,0.0,0.0,0.0,0.0
HotDrinkClay,Base.HotDrinkClay,Base.MintHerb,1,false,true,0.0,0.0,0.0,0.0,0.0,0.0,0.0
HotDrinkClay,Base.HotDrinkClay,Base.MintHerbDried,1,false,true,0.0,0.0,0.0,0.0,0.0,0.0,0.0
HotDrinkClay,Base.HotDrinkClay,Base.MushroomGeneric1,6,false,false,0.461538,13.846154,0.978462,0.110769,0.941538,0.323077,16.153846
HotDrinkClay,Base.HotDrinkClay,Base.MushroomGeneric2,6,false,false,0.461538,13.846154,0.978462,0.110769,0.941538,0.323077,16.153846
HotDrinkClay,Base.HotDrinkClay,Base.MushroomGeneric3,5,false,false,0.333333,10.666667,0.853333,0.106667,0.786667,0.233333,12.444444
HotDrinkClay,Base.HotDrinkClay,Base.MushroomGeneric4,5,false,false,0.384615,11.538462,0.815385,0.092308,0.784615,0.269231,13.461538
HotDrinkClay,Base.HotDrinkClay,Base.MushroomGeneric5,5,false,false,0.333333,10.666667,0.853333,0.106667,0.786667,0.233333,12.444444
HotDrinkClay,Base.HotDrinkClay,Base.MushroomGeneric6,6,false,false,0.461538,13.846154,0.978462,0.110769,0.941538,0.323077,16.153846
HotDrinkClay,Base.HotDrinkClay,Base.MushroomGeneric7,6,false,false,0.461538,14.769231,0.978462,0.110769,0.941538,0.323077,17.230769
HotDrinkClay,Base.HotDrinkClay,Base.Nettles,2,false,true,0.0,0.0,0.0,0.0,0.0,0.0,0.0
HotDrinkClay,Base.HotDrinkClay,Base.RosePetalsDried,1,false,true,0.0,0.0,0.0,0.0,0.0,0.0,0.0
HotDrinkClay,Base.HotDrinkClay,Base.Rosehips,2,false,true,0.0,0.0,0.0,0.0,0.0,0.0,0.0
HotDrinkClay,Base.HotDrinkClay,Base.Roses,1,false,true,0.0,0.0,0.0,0.0,0.0,0.0,0.0
HotDrinkClay,Base.HotDrinkClay,Base.Strewberrie,5,false,false,1.0,4.0,0.92,0.04,0.08,0.7,4.666667
HotDrinkClay,Base.HotDrinkClay,Base.Sugar,1,false,true,0.0,0.0,0.0,0.0,0.0,0.0,0.0
HotDrinkClay,Base.HotDrinkClay,Base.SugarBrown,1,false,true,0.0,0.0,0.0,0.0,0.0,0.0,0.0
HotDrinkClay,Base.HotDrinkClay,Base.SugarCubes,1,false,true,0.0,0.0,0.0,0.0,0.0,0.0,0.0
HotDrinkClay,Base.HotDrinkClay,Base.SugarPacket,1,false,true,0.0,0.0,0.0,0.0,0.0,0.0,0.0
HotDrinkClay,Base.HotDrinkClay,Base.Teabag2,5,false,false,1.0,0.0,0.0,0.0,0.0,0.7,0.0
HotDrinkClay,Base.HotDrinkClay,Base.Thistle,2,false,true,0.0,0.0,0.0,0.0,0.0,0.0,0.0
HotDrinkClay,Base.HotDrinkClay,Base.Violets,2,false,true,0.0,0.0,0.0,0.0,0.0,0.0,0.0
HotDrinkCopper,Base.HotDrinkCopper,Base.BlackSage,1,false,true,0.0,0.0,0.0,0.0,0.0,0.0,0.0
HotDrinkCopper,Base.HotDrinkCopper,Base.BlackSageDried,1,false,true,0.0,0.0,0.0,0.0,0.0,0.0,0.0
HotDrinkCopper,Base.HotDrinkCopper,Base.BouillonCube,1,false,true,0.0,0.0,0.0,0.0,0.0,0.0,0.0
HotDrinkCopper,Base.HotDrinkCopper,Base.Candycane,10,false,true,0.0,0.0,0.0,0.0,0.0,0.0,0.0
HotDrinkCopper,Base.HotDrinkCopper,Base.CannedMilkOpen,2,false,false,0.2,94.4,4.72,4.72,4.72,0.14,110.133333
HotDrinkCopper,Base.HotDrinkCopper,Base.Chamomile,1,false,true,0.0,0.0,0.0,0.0,0.0,0.0,0.0
HotDrinkCopper,Base.HotDrinkCopper,Base.ChamomileDried,1,false,true,0.0,0.0,0.0,0.0,0.0,0.0,0.0
HotDrinkCopper,Base.HotDrinkCopper,Base.Cinnamon,1,false,true,0.0,0.0,0.0,0.0,0.0,0.0,0.0
HotDrinkCopper,Base.HotDrinkCopper,Base.CocoaPowder,5,false,false,0.166667,10.0,1.333333,0.833333,0.333333,0.116667,11.666667
HotDrinkCopper,Base.HotDrinkCopper,Base.Coffee2,5,false,false,0.166667,0.333333,0.0,0.0,0.166667,0.116667,0.388889
HotDrinkCopper,Base.HotDrinkCopper,Base.CommonMallow,1,false,true,0.0,0.0,0.0,0.0,0.0,0.0,0.0
HotDrinkCopper,Base.HotDrinkCopper,Base.CommonMallowDried,1,false,true,0.0,0.0,0.0,0.0,0.0,0.0,0.0
HotDrinkCopper,Base.HotDrinkCopper,Base.Dandelions,2,false,false,0.4,10.0,2.0,0.2,0.6,0.28,11.666667
HotDrinkCopper,Base.HotDrinkCopper,Base.FourLeafClover,1,false,true,0.0,0.0,0.0,0.0,0.0,0.0,0.0
HotDrinkCopper,Base.HotDrinkCopper,Base.GingerRoot,1,false,true,0.0,0.0,0.0,0.0,0.0,0.0,0.0
HotDrinkCopper,Base.HotDrinkCopper,Base.Ginseng,1,false,true,0.0,0.0,0.0,0.0,0.0,0.0,0.0
HotDrinkCopper,Base.HotDrinkCopper,Base.Honey,2,false,true,0.0,0.0,0.0,0.0,0.0,0.0,0.0
HotDrinkCopper,Base.HotDrinkCopper,Base.Lavender,1,false,true,0.0,0.0,0.0,0.0,0.0,0.0,0.0
HotDrinkCopper,Base.HotDrinkCopper,Base.LavenderPetalsDried,1,false,true,0.0,0.0,0.0,0.0,0.0,0.0,0.0
HotDrinkCopper,Base.HotDrinkCopper,Base.Lemon,2,false,true,0.0,0.0,0.0,0.0,0.0,0.0,0.0
HotDrinkCopper,Base.HotDrinkCopper,Base.LemonGrass,1,false,true,0.0,0.0,0.0,0.0,0.0,0.0,0.0
HotDrinkCopper,Base.HotDrinkCopper,Base.Lime,2,false,true,0.0,0.0,0.0,0.0,0.0,0.0,0.0
HotDrinkCopper,Base.HotDrinkCopper,Base.Marigold,1,false,true,0.0,0.0,0.0,0.0,0.0,0.0,0.0
HotDrinkCopper,Base.HotDrinkCopper,Base.MarigoldDried,1,false,true,0.0,0.0,0.0,0.0,0.0,0.0,0.0
HotDrinkCopper,Base.HotDrinkCopper,Base.MintHerb,1,false,true,0.0,0.0,0.0,0.0,0.0,0.0,0.0
HotDrinkCopper,Base.HotDrinkCopper,Base.MintHerbDried,1,false,true,0.0,0.0,0.0,0.0,0.0,0.0,0.0
HotDrinkCopper,Base.HotDrinkCopper,Base.MushroomGeneric1,6,false,false,0.461538,13.846154,0.978462,0.110769,0.941538,0.323077,16.153846
HotDrinkCopper,Base.HotDrinkCopper,Base.MushroomGeneric2,6,false,false,0.461538,13.846154,0.978462,0.110769,0.941538,0.323077,16.153846
HotDrinkCopper,Base.HotDrinkCopper,Base.MushroomGeneric3,5,false,false,0.333333,10.666667,0.853333,0.106667,0.786667,0.233333,12.444444
HotDrinkCopper,Base.HotDrinkCopper,Base.MushroomGeneric4,5,false,false,0.384615,11.538462,0.815385,0.092308,0.784615,0.269231,13.461538
HotDrinkCopper,Base.HotDrinkCopper,Base.MushroomGeneric5,5,false,false,0.333333,10.666667,0.853333,0.106667,0.786667,0.233333,12.444444
HotDrinkCopper,Base.HotDrinkCopper,Base.MushroomGeneric6,6,false,false,0.461538,13.846154,0.978462,0.110769,0.941538,0.323077,16.153846
HotDrinkCopper,Base.HotDrinkCopper,Base.MushroomGeneric7,6,false,false,0.461538,14.769231,0.978462,0.110769,0.941538,0.323077,17.230769
HotDrinkCopper,Base.HotDrinkCopper,Base.Nettles,2,false,true,0.0,0.0,0.0,0.0,0.0,0.0,0.0
HotDrinkCopper,Base.HotDrinkCopper,Base.RosePetalsDried,1,false,true,0.0,0.0,0.0,0.0,0.0,0.0,0.0
HotDrinkCopper,Base.HotDrinkCopper,Base.Rosehips,2,false,true,0.0,0.0,0.0,0.0,0.0,0.0,0.0
HotDrinkCopper,Base.HotDrinkCopper,Base.Roses,1,false,true,0.0,0.0,0.0,0.0,0.0,0.0,0.0
HotDrinkCopper,Base.HotDrinkCopper,Base.Strewberrie,5,false,false,1.0,4.0,0.92,0.04,0.08,0.7,4.666667
HotDrinkCopper,Base.HotDrinkCopper,Base.Sugar,1,false,true,0.0,0.0,0.0,0.0,0.0,0.0,0.0
HotDrinkCopper,Base.HotDrinkCopper,Base.SugarBrown,1,false,true,0.0,0.0,0.0,0.0,0.0,0.0,0.0
HotDrinkCopper,Base.HotDrinkCopper,Base.SugarCubes,1,false,true,0.0,0.0,0.0,0.0,0.0,0.0,0.0
HotDrinkCopper,Base.HotDrinkCopper,Base.SugarPacket,1,false,true,0.0,0.0,0.0,0.0,0.0,0.0,0.0
HotDrinkCopper,Base.HotDrinkCopper,Base.Teabag2,5,false,false,1.0,0.0,0.0,0.0,0.0,0.7,0.0
HotDrinkCopper,Base.HotDrinkCopper,Base.Thistle,2,false,true,0.0,0.0,0.0,0.0,0.0,0.0,0.0
HotDrinkCopper,Base.HotDrinkCopper,Base.Violets,2,false,true,0.0,0.0,0.0,0.0,0.0,0.0,0.0
HotDrinkGold,Base.HotDrinkGold,Base.BlackSage,1,false,true,0.0,0.0,0.0,0.0,0.0,0.0,0.0
HotDrinkGold,Base.HotDrinkGold,Base.BlackSageDried,1,false,true,0.0,0.0,0.0,0.0,0.0,0.0,0.0
HotDrinkGold,Base.HotDrinkGold,Base.BouillonCube,1,false,true,0.0,0.0,0.0,0.0,0.0,0.0,0.0
HotDrinkGold,Base.HotDrinkGold,Base.Candycane,10,false,true,0.0,0.0,0.0,0.0,0.0,0.0,0.0
HotDrinkGold,Base.HotDrinkGold,Base.CannedMilkOpen,2,false,false,0.2,94.4,4.72,4.72,4.72,0.14,110.133333
HotDrinkGold,Base.HotDrinkGold,Base.Chamomile,1,false,true,0.0,0.0,0.0,0.0,0.0,0.0,0.0
HotDrinkGold,Base.HotDrinkGold,Base.ChamomileDried,1,false,true,0.0,0.0,0.0,0.0,0.0,0.0,0.0
HotDrinkGold,Base.HotDrinkGold,Base.Cinnamon,1,false,true,0.0,0.0,0.0,0.0,0.0,0.0,0.0
HotDrinkGold,Base.HotDrinkGold,Base.CocoaPowder,5,false,false,0.166667,10.0,1.333333,0.833333,0.333333,0.116667,11.666667
HotDrinkGold,Base.HotDrinkGold,Base.Coffee2,5,false,false,0.166667,0.333333,0.0,0.0,0.166667,0.116667,0.388889
HotDrinkGold,Base.HotDrinkGold,Base.CommonMallow,1,false,true,0.0,0.0,0.0,0.0,0.0,0.0,0.0
HotDrinkGold,Base.HotDrinkGold,Base.CommonMallowDried,1,false,true,0.0,0.0,0.0,0.0,0.0,0.0,0.0
HotDrinkGold,Base.HotDrinkGold,Base.Dandelions,2,false,false,0.4,10.0,2.0,0.2,0.6,0.28,11.666667
HotDrinkGold,Base.HotDrinkGold,Base.FourLeafClover,1,false,true,0.0,0.0,0.0,0.0,0.0,0.0,0.0
HotDrinkGold,Base.HotDrinkGold,Base.GingerRoot,1,false,true,0.0,0.0,0.0,0.0,0.0,0.0,0.0
HotDrinkGold,Base.HotDrinkGold,Base.Ginseng,1,false,true,0.0,0.0,0.0,0.0,0.0,0.0,0.0
HotDrinkGold,Base.HotDrinkGold,Base.Honey,2,false,true,0.0,0.0,0.0,0.0,0.0,0.0,0.0
HotDrinkGold,Base.HotDrinkGold,Base.Lavender,1,false,true,0.0,0.0,0.0,0.0,0.0,0.0,0.0
HotDrinkGold,Base.HotDrinkGold,Base.LavenderPetalsDried,1,false,true,0.0,0.0,0.0,0.0,0.0,0.0,0.0
HotDrinkGold,Base.HotDrinkGold,Base.Lemon,2,false,true,0.0,0.0,0.0,0.0,0.0,0.0,0.0
HotDrinkGold,Base.HotDrinkGold,Base.LemonGrass,1,false,true,0.0,0.0,0.0,0.0,0.0,0.0,0.0
HotDrinkGold,Base.HotDrinkGold,Base.Lime,2,false,true,0.0,0.0,0.0,0.0,0.0,0.0,0.0
HotDrinkGold,Base.HotDrinkGold,Base.Marigold,1,false,true,0.0,0.0,0.0,0.0,0.0,0.0,0.0
HotDrinkGold,Base.HotDrinkGold,Base.MarigoldDried,1,false,true,0.0,0.0,0.0,0.0,0.0,0.0,0.0
HotDrinkGold,Base.HotDrinkGold,Base.MintHerb,1,false,true,0.0,0.0,0.0,0.0,0.0,0.0,0.0
HotDrinkGold,Base.HotDrinkGold,Base.MintHerbDried,1,false,true,0.0,0.0,0.0,0.0,0.0,0.0,0.0
HotDrinkGold,Base.HotDrinkGold,Base.MushroomGeneric1,6,false,false,0.461538,13.846154,0.978462,0.110769,0.941538,0.323077,16.153846
HotDrinkGold,Base.HotDrinkGold,Base.MushroomGeneric2,6,false,false,0.461538,13.846154,0.978462,0.110769,0.941538,0.323077,16.153846
HotDrinkGold,Base.HotDrinkGold,Base.MushroomGeneric3,5,false,false,0.333333,10.666667,0.853333,0.106667,0.786667,0.233333,12.444444
HotDrinkGold,Base.HotDrinkGold,Base.MushroomGeneric4,5,false,false,0.384615,11.538462,0.815385,0.092308,0.784615,0.269231,13.461538
HotDrinkGold,Base.HotDrinkGold,Base.MushroomGeneric5,5,false,false,0.333333,10.666667,0.853333,0.106667,0.786667,0.233333,12.444444
HotDrinkGold,Base.HotDrinkGold,Base.MushroomGeneric6,6,false,false,0.461538,13.846154,0.978462,0.110769,0.941538,0.323077,16.153846
HotDrinkGold,Base.HotDrinkGold,Base.MushroomGeneric7,6,false,false,0.461538,14.769231,0.978462,0.110769,0.941538,0.323077,17.230769
HotDrinkGold,Base.HotDrinkGold,Base.Nettles,2,false,true,0.0,0.0,0.0,0.0,0.0,0.0,0.0
HotDrinkGold,Base.HotDrinkGold,Base.RosePetalsDried,1,false,true,0.0,0.0,0.0,0.0,0.0,0.0,0.0
HotDrinkGold,Base.HotDrinkGold,Base.Rosehips,2,false,true,0.0,0.0,0.0,0.0,0.0,0.0,0.0
HotDrinkGold,Base.HotDrinkGold,Base.Roses,1,false,true,0.0,0.0,0.0,0.0,0.0,0.0,0.0
HotDrinkGold,Base.HotDrinkGold,Base.Strewberrie,5,false,false,1.0,4.0,0.92,0.04,0.08,0.7,4.666667
HotDrinkGold,Base.HotDrinkGold,Base.Sugar,1,false,true,0.0,0.0,0.0,0.0,0.0,0.0,0.0
HotDrinkGold,Base.HotDrinkGold,Base.SugarBrown,1,false,true,0.0,0.0,0.0,0.0,0.0,0.0,0.0
HotDrinkGold,Base.HotDrinkGold,Base.SugarCubes,1,false,true,0.0,0.0,0.0,0.0,0.0,0.0,0.0
HotDrinkGold,Base.HotDrinkGold,Base.SugarPacket,1,false,true,0.0,0.0,0.0,0.0,0.0,0.0,0.0
HotDrinkGold,Base.HotDrinkGold,Base.Teabag2,5,false,false,1.0,0.0,0.0,0.0,0.0,0.7,0.0
HotDrinkGold,Base.HotDrinkGold,Base.Thistle,2,false,true,0.0,0.0,0.0,0.0,0.0,0.0,0.0
HotDrinkGold,Base.HotDrinkGold,Base.Violets,2,false,true,0.0,0.0,0.0,0.0,0.0,0.0,0.0
HotDrinkMetal,Base.HotDrinkMetal,Base.BlackSage,1,false,true,0.0,0.0,0.0,0.0,0.0,0.0,0.0
HotDrinkMetal,Base.HotDrinkMetal,Base.BlackSageDried,1,false,true,0.0,0.0,0.0,0.0,0.0,0.0,0.0
HotDrinkMetal,Base.HotDrinkMetal,Base.BouillonCube,1,false,true,0.0,0.0,0.0,0.0,0.0,0.0,0.0
HotDrinkMetal,Base.HotDrinkMetal,Base.Candycane,10,false,true,0.0,0.0,0.0,0.0,0.0,0.0,0.0
HotDrinkMetal,Base.HotDrinkMetal,Base.CannedMilkOpen,2,false,false,0.2,94.4,4.72,4.72,4.72,0.14,110.133333
HotDrinkMetal,Base.HotDrinkMetal,Base.Chamomile,1,false,true,0.0,0.0,0.0,0.0,0.0,0.0,0.0
HotDrinkMetal,Base.HotDrinkMetal,Base.ChamomileDried,1,false,true,0.0,0.0,0.0,0.0,0.0,0.0,0.0
HotDrinkMetal,Base.HotDrinkMetal,Base.Cinnamon,1,false,true,0.0,0.0,0.0,0.0,0.0,0.0,0.0
HotDrinkMetal,Base.HotDrinkMetal,Base.CocoaPowder,5,false,false,0.166667,10.0,1.333333,0.833333,0.333333,0.116667,11.666667
HotDrinkMetal,Base.HotDrinkMetal,Base.Coffee2,5,false,false,0.166667,0.333333,0.0,0.0,0.166667,0.116667,0.388889
HotDrinkMetal,Base.HotDrinkMetal,Base.CommonMallow,1,false,true,0.0,0.0,0.0,0.0,0.0,0.0,0.0
HotDrinkMetal,Base.HotDrinkMetal,Base.CommonMallowDried,1,false,true,0.0,0.0,0.0,0.0,0.0,0.0,0.0
HotDrinkMetal,Base.HotDrinkMetal,Base.Dandelions,2,false,false,0.4,10.0,2.0,0.2,0.6,0.28,11.666667
HotDrinkMetal,Base.HotDrinkMetal,Base.FourLeafClover,1,false,true,0.0,0.0,0.0,0.0,0.0,0.0,0.0
HotDrinkMetal,Base.HotDrinkMetal,Base.GingerRoot,1,false,true,0.0,0.0,0.0,0.0,0.0,0.0,0.0
HotDrinkMetal,Base.HotDrinkMetal,Base.Ginseng,1,false,true,0.0,0.0,0.0,0.0,0.0,0.0,0.0
HotDrinkMetal,Base.HotDrinkMetal,Base.Honey,2,false,true,0.0,0.0,0.0,0.0,0.0,0.0,0.0
HotDrinkMetal,Base.HotDrinkMetal,Base.Lavender,1,false,true,0.0,0.0,0.0,0.0,0.0,0.0,0.0
HotDrinkMetal,Base.HotDrinkMetal,Base.LavenderPetalsDried,1,false,true,0.0,0.0,0.0,0.0,0.0,0.0,0.0
HotDrinkMetal,Base.HotDrinkMetal,Base.Lemon,2,false,true,0.0,0.0,0.0,0.0,0.0,0.0,0.0
HotDrinkMetal,Base.HotDrinkMetal,Base.LemonGrass,1,false,true,0.0,0.0,0.0,0.0,0.0,0.0,0.0
HotDrinkMetal,Base.HotDrinkMetal,Base.Lime,2,false,true,0.0,0.0,0.0,0.0,0.0,0.0,0.0
HotDrinkMetal,Base.HotDrinkMetal,Base.Marigold,1,false,true,0.0,0.0,0.0,0.0,0.0,0.0,0.0
HotDrinkMetal,Base.HotDrinkMetal,Base.MarigoldDried,1,false,true,0.0,0.0,0.0,0.0,0.0,0.0,0.0
HotDrinkMetal,Base.HotDrinkMetal,Base.MintHerb,1,false,true,0.0,0.0,0.0,0.0,0.0,0.0,0.0
HotDrinkMetal,Base.HotDrinkMetal,Base.MintHerbDried,1,false,true,0.0,0.0,0.0,0.0,0.0,0.0,0.0
HotDrinkMetal,Base.HotDrinkMetal,Base.MushroomGeneric1,6,false,false,0.461538,13.846154,0.978462,0.110769,0.941538,0.323077,16.153846
HotDrinkMetal,Base.HotDrinkMetal,Base.MushroomGeneric2,6,false,false,0.461538,13.846154,0.978462,0.110769,0.941538,0.323077,16.153846
HotDrinkMetal,Base.HotDrinkMetal,Base.MushroomGeneric3,5,false,false,0.333333,10.666667,0.853333,0.106667,0.786667,0.233333,12.444444
HotDrinkMetal,Base.HotDrinkMetal,Base.MushroomGeneric4,5,false,false,0.384615,11.538462,0.815385,0.092308,0.784615,0.269231,13.461538
HotDrinkMetal,Base.HotDrinkMetal,Base.MushroomGeneric5,5,false,false,0.333333,10.666667,0.853333,0.106667,0.786667,0.233333,12.444444
HotDrinkMetal,Base.HotDrinkMetal,Base.MushroomGeneric6,6,false,false,0.461538,13.846154,0.978462,0.110769,0.941538,0.323077,16.153846
HotDrinkMetal,Base.HotDrinkMetal,Base.MushroomGeneric7,6,false,false,0.461538,14.769231,0.978462,0.110769,0.941538,0.323077,17.230769
HotDrinkMetal,Base.HotDrinkMetal,Base.Nettles,2,false,true,0.0,0.0,0.0,0.0,0.0,0.0,0.0
HotDrinkMetal,Base.HotDrinkMetal,Base.RosePetalsDried,1,false,true,0.0,0.0,0.0,0.0,0.0,0.0,0.0
HotDrinkMetal,Base.HotDrinkMetal,Base.Rosehips,2,false,true,0.0,0.0,0.0,0.0,0.0,0.0,0.0
HotDrinkMetal,Base.HotDrinkMetal,Base.Roses,1,false,true,0.0,0.0,0.0,0.0,0.0,0.0,0.0
HotDrinkMetal,Base.HotDrinkMetal,Base.Strewberrie,5,false,false,1.0,4.0,0.92,0.04,0.08,0.7,4.666667
HotDrinkMetal,Base.HotDrinkMetal,Base.Sugar,1,false,true,0.0,0.0,0.0,0.0,0.0,0.0,0.0
HotDrinkMetal,Base.HotDrinkMetal,Base.SugarBrown,1,false,true,0.0,0.0,0.0,0.0,0.0,0.0,0.0
HotDrinkMetal,Base.HotDrinkMetal,Base.SugarCubes,1,false,true,0.0,0.0,0.0,0.0,0.0,0.0,0.0
HotDrinkMetal,Base.HotDrinkMetal,Base.SugarPacket,1,false,true,0.0,0.0,0.0,0.0,0.0,0.0,0.0
HotDrinkMetal,Base.HotDrinkMetal,Base.Teabag2,5,false,false,1.0,0.0,0.0,0.0,0.0,0.7,0.0
HotDrinkMetal,Base.HotDrinkMetal,Base.Thistle,2,false,true,0.0,0.0,0.0,0.0,0.0,0.0,0.0
HotDrinkMetal,Base.HotDrinkMetal,Base.Violets,2,false,true,0.0,0.0,0.0,0.0,0.0,0.0,0.0
HotDrinkSilver,Base.HotDrinkSilver,Base.BlackSage,1,false,true,0.0,0.0,0.0,0.0,0.0,0.0,0.0
HotDrinkSilver,Base.HotDrinkSilver,Base.BlackSageDried,1,false,true,0.0,0.0,0.0,0.0,0.0,0.0,0.0
HotDrinkSilver,Base.HotDrinkSilver,Base.BouillonCube,1,false,true,0.0,0.0,0.0,0.0,0.0,0.0,0.0
HotDrinkSilver,Base.HotDrinkSilver,Base.Candycane,10,false,true,0.0,0.0,0.0,0.0,0.0,0.0,0.0
HotDrinkSilver,Base.HotDrinkSilver,Base.CannedMilkOpen,2,false,false,0.2,94.4,4.72,4.72,4.72,0.14,110.133333
HotDrinkSilver,Base.HotDrinkSilver,Base.Chamomile,1,false,true,0.0,0.0,0.0,0.0,0.0,0.0,0.0
HotDrinkSilver,Base.HotDrinkSilver,Base.ChamomileDried,1,false,true,0.0,0.0,0.0,0.0,0.0,0.0,0.0
HotDrinkSilver,Base.HotDrinkSilver,Base.Cinnamon,1,false,true,0.0,0.0,0.0,0.0,0.0,0.0,0.0
HotDrinkSilver,Base.HotDrinkSilver,Base.CocoaPowder,5,false,false,0.166667,10.0,1.333333,0.833333,0.333333,0.116667,11.666667
HotDrinkSilver,Base.HotDrinkSilver,Base.Coffee2,5,false,false,0.166667,0.333333,0.0,0.0,0.166667,0.116667,0.388889
HotDrinkSilver,Base.HotDrinkSilver,Base.CommonMallow,1,false,true,0.0,0.0,0.0,0.0,0.0,0.0,0.0
HotDrinkSilver,Base.HotDrinkSilver,Base.CommonMallowDried,1,false,true,0.0,0.0,0.0,0.0,0.0,0.0,0.0
HotDrinkSilver,Base.HotDrinkSilver,Base.Dandelions,2,false,false,0.4,10.0,2.0,0.2,0.6,0.28,11.666667
HotDrinkSilver,Base.HotDrinkSilver,Base.FourLeafClover,1,false,true,0.0,0.0,0.0,0.0,0.0,0.0,0.0
HotDrinkSilver,Base.HotDrinkSilver,Base.GingerRoot,1,false,true,0.0,0.0,0.0,0.0,0.0,0.0,0.0
HotDrinkSilver,Base.HotDrinkSilver,Base.Ginseng,1,false,true,0.0,0.0,0.0,0.0,0.0,0.0,0.0
HotDrinkSilver,Base.HotDrinkSilver,Base.Honey,2,false,true,0.0,0.0,0.0,0.0,0.0,0.0,0.0
HotDrinkSilver,Base.HotDrinkSilver,Base.Lavender,1,false,true,0.0,0.0,0.0,0.0,0.0,0.0,0.0
HotDrinkSilver,Base.HotDrinkSilver,Base.LavenderPetalsDried,1,false,true,0.0,0.0,0.0,0.0,0.0,0.0,0.0
HotDrinkSilver,Base.HotDrinkSilver,Base.Lemon,2,false,true,0.0,0.0,0.0,0.0,0.0,0.0,0.0
HotDrinkSilver,Base.HotDrinkSilver,Base.LemonGrass,1,false,true,0.0,0.0,0.0,0.0,0.0,0.0,0.0
HotDrinkSilver,Base.HotDrinkSilver,Base.Lime,2,false,true,0.0,0.0,0.0,0.0,0.0,0.0,0.0
HotDrinkSilver,Base.HotDrinkSilver,Base.Marigold,1,false,true,0.0,0.0,0.0,0.0,0.0,0.0,0.0
HotDrinkSilver,Base.HotDrinkSilver,Base.MarigoldDried,1,false,true,0.0,0.0,0.0,0.0,0.0,0.0,0.0
HotDrinkSilver,Base.HotDrinkSilver,Base.MintHerb,1,false,true,0.0,0.0,0.0,0.0,0.0,0.0,0.0
HotDrinkSilver,Base.HotDrinkSilver,Base.MintHerbDried,1,false,true,0.0,0.0,0.0,0.0,0.0,0.0,0.0
HotDrinkSilver,Base.HotDrinkSilver,Base.MushroomGeneric1,6,false,false,0.461538,13.846154,0.978462,0.110769,0.941538,0.323077,16.153846
HotDrinkSilver,Base.HotDrinkSilver,Base.MushroomGeneric2,6,false,false,0.461538,13.846154,0.978462,0.110769,0.941538,0.323077,16.153846
HotDrinkSilver,Base.HotDrinkSilver,Base.MushroomGeneric3,5,false,false,0.333333,10.666667,0.853333,0.106667,0.786667,0.233333,12.444444
HotDrinkSilver,Base.HotDrinkSilver,Base.MushroomGeneric4,5,false,false,0.384615,11.538462,0.815385,0.092308,0.784615,0.269231,13.461538
HotDrinkSilver,Base.HotDrinkSilver,Base.MushroomGeneric5,5,false,false,0.333333,10.666667,0.853333,0.106667,0.786667,0.233333,12.444444
HotDrinkSilver,Base.HotDrinkSilver,Base.MushroomGeneric6,6,false,false,0.461538,13.846154,0.978462,0.110769,0.941538,0.323077,16.153846
HotDrinkSilver,Base.HotDrinkSilver,Base.MushroomGeneric7,6,false,false,0.461538,14.769231,0.978462,0.110769,0.941538,0.323077,17.230769
HotDrinkSilver,Base.HotDrinkSilver,Base.Nettles,2,false,true,0.0,0.0,0.0,0.0,0.0,0.0,0.0
HotDrinkSilver,Base.HotDrinkSilver,Base.RosePetalsDried,1,false,true,0.0,0.0,0.0,0.0,0.0,0.0,0.0
HotDrinkSilver,Base.HotDrinkSilver,Base.Rosehips,2,false,true,0.0,0.0,0.0,0.0,0.0,0.0,0.0
HotDrinkSilver,Base.HotDrinkSilver,Base.Roses,1,false,true,0.0,0.0,0.0,0.0,0.0,0.0,0.0
HotDrinkSilver,Base.HotDrinkSilver,Base.Strewberrie,5,false,false,1.0,4.0,0.92,0.04,0.08,0.7,4.666667
HotDrinkSilver,Base.HotDrinkSilver,Base.Sugar,1,false,true,0.0,0.0,0.0,0.0,0.0,0.0,0.0
HotDrinkSilver,Base.HotDrinkSilver,Base.SugarBrown,1,false,true,0.0,0.0,0.0,0.0,0.0,0.0,0.0
HotDrinkSilver,Base.HotDrinkSilver,Base.SugarCubes,1,false,true,0.0,0.0,0.0,0.0,0.0,0.0,0.0
HotDrinkSilver,Base.HotDrinkSilver,Base.SugarPacket,1,false,true,0.0,0.0,0.0,0.0,0.0,0.0,0.0
HotDrinkSilver,Base.HotDrinkSilver,Base.Teabag2,5,false,false,1.0,0.0,0.0,0.0,0.0,0.7,0.0
HotDrinkSilver,Base.HotDrinkSilver,Base.Thistle,2,false,true,0.0,0.0,0.0,0.0,0.0,0.0,0.0
HotDrinkSilver,Base.HotDrinkSilver,Base.Violets,2,false,true,0.0,0.0,0.0,0.0,0.0,0.0,0.0
HotDrinkSpiffo,Base.HotDrinkSpiffo,Base.BlackSage,1,false,true,0.0,0.0,0.0,0.0,0.0,0.0,0.0
HotDrinkSpiffo,Base.HotDrinkSpiffo,Base.BlackSageDried,1,false,true,0.0,0.0,0.0,0.0,0.0,0.0,0.0
HotDrinkSpiffo,Base.HotDrinkSpiffo,Base.BouillonCube,1,false,true,0.0,0.0,0.0,0.0,0.0,0.0,0.0
HotDrinkSpiffo,Base.HotDrinkSpiffo,Base.Candycane,10,false,true,0.0,0.0,0.0,0.0,0.0,0.0,0.0
HotDrinkSpiffo,Base.HotDrinkSpiffo,Base.CannedMilkOpen,2,false,false,0.2,94.4,4.72,4.72,4.72,0.14,110.133333
HotDrinkSpiffo,Base.HotDrinkSpiffo,Base.Chamomile,1,false,true,0.0,0.0,0.0,0.0,0.0,0.0,0.0
HotDrinkSpiffo,Base.HotDrinkSpiffo,Base.ChamomileDried,1,false,true,0.0,0.0,0.0,0.0,0.0,0.0,0.0
HotDrinkSpiffo,Base.HotDrinkSpiffo,Base.Cinnamon,1,false,true,0.0,0.0,0.0,0.0,0.0,0.0,0.0
HotDrinkSpiffo,Base.HotDrinkSpiffo,Base.CocoaPowder,5,false,false,0.166667,10.0,1.333333,0.833333,0.333333,0.116667,11.666667
HotDrinkSpiffo,Base.HotDrinkSpiffo,Base.Coffee2,5,false,false,0.166667,0.333333,0.0,0.0,0.166667,0.116667,0.388889
HotDrinkSpiffo,Base.HotDrinkSpiffo,Base.CommonMallow,1,false,true,0.0,0.0,0.0,0.0,0.0,0.0,0.0
HotDrinkSpiffo,Base.HotDrinkSpiffo,Base.CommonMallowDried,1,false,true,0.0,0.0,0.0,0.0,0.0,0.0,0.0
HotDrinkSpiffo,Base.HotDrinkSpiffo,Base.Dandelions,2,false,false,0.4,10.0,2.0,0.2,0.6,0.28,11.666667
HotDrinkSpiffo,Base.HotDrinkSpiffo,Base.FourLeafClover,1,false,true,0.0,0.0,0.0,0.0,0.0,0.0,0.0
HotDrinkSpiffo,Base.HotDrinkSpiffo,Base.GingerRoot,1,false,true,0.0,0.0,0.0,0.0,0.0,0.0,0.0
HotDrinkSpiffo,Base.HotDrinkSpiffo,Base.Ginseng,1,false,true,0.0,0.0,0.0,0.0,0.0,0.0,0.0
HotDrinkSpiffo,Base.HotDrinkSpiffo,Base.Honey,2,false,true,0.0,0.0,0.0,0.0,0.0,0.0,0.0
HotDrinkSpiffo,Base.HotDrinkSpiffo,Base.Lavender,1,false,true,0.0,0.0,0.0,0.0,0.0,0.0,0.0
HotDrinkSpiffo,Base.HotDrinkSpiffo,Base.LavenderPetalsDried,1,false,true,0.0,0.0,0.0,0.0,0.0,0.0,0.0
HotDrinkSpiffo,Base.HotDrinkSpiffo,Base.Lemon,2,false,true,0.0,0.0,0.0,0.0,0.0,0.0,0.0
HotDrinkSpiffo,Base.HotDrinkSpiffo,Base.LemonGrass,1,false,true,0.0,0.0,0.0,0.0,0.0,0.0,0.0
HotDrinkSpiffo,Base.HotDrinkSpiffo,Base.Lime,2,false,true,0.0,0.0,0.0,0.0,0.0,0.0,0.0
HotDrinkSpiffo,Base.HotDrinkSpiffo,Base.Marigold,1,false,true,0.0,0.0,0.0,0.0,0.0,0.0,0.0
HotDrinkSpiffo,Base.HotDrinkSpiffo,Base.MarigoldDried,1,false,true,0.0,0.0,0.0,0.0,0.0,0.0,0.0
HotDrinkSpiffo,Base.HotDrinkSpiffo,Base.MintHerb,1,false,true,0.0,0.0,0.0,0.0,0.0,0.0,0.0
HotDrinkSpiffo,Base.HotDrinkSpiffo,Base.MintHerbDried,1,false,true,0.0,0.0,0.0,0.0,0.0,0.0,0.0
HotDrinkSpiffo,Base.HotDrinkSpiffo,Base.MushroomGeneric1,6,false,false,0.461538,13.846154,0.978462,0.110769,0.941538,0.323077,16.153846
HotDrinkSpiffo,Base.HotDrinkSpiffo,Base.MushroomGeneric2,6,false,false,0.461538,13.846154,0.978462,0.110769,0.941538,0.323077,16.153846
HotDrinkSpiffo,Base.HotDrinkSpiffo,Base.MushroomGeneric3,5,false,false,0.333333,10.666667,0.853333,0.106667,0.786667,0.233333,12.444444
HotDrinkSpiffo,Base.HotDrinkSpiffo,Base.MushroomGeneric4,5,false,false,0.384615,11.538462,0.815385,0.092308,0.784615,0.269231,13.461538
HotDrinkSpiffo,Base.HotDrinkSpiffo,Base.MushroomGeneric5,5,false,false,0.333333,10.666667,0.853333,0.106667,0.786667,0.233333,12.444444
HotDrinkSpiffo,Base.HotDrinkSpiffo,Base.MushroomGeneric6,6,false,false,0.461538,13.846154,0.978462,0.110769,0.941538,0.323077,16.153846
HotDrinkSpiffo,Base.HotDrinkSpiffo,Base.MushroomGeneric7,6,false,false,0.461538,14.769231,0.978462,0.110769,0.941538,0.323077,17.230769
HotDrinkSpiffo,Base.HotDrinkSpiffo,Base.Nettles,2,false,true,0.0,0.0,0.0,0.0,0.0,0.0,0.0
HotDrinkSpiffo,Base.HotDrinkSpiffo,Base.RosePetalsDried,1,false,true,0.0,0.0,0.0,0.0,0.0,0.0,0.0
HotDrinkSpiffo,Base.HotDrinkSpiffo,Base.Rosehips,2,false,true,0.0,0.0,0.0,0.0,0.0,0.0,0.0
HotDrinkSpiffo,Base.HotDrinkSpiffo,Base.Roses,1,false,true,0.0,0.0,0.0,0.0,0.0,0.0,0.0
HotDrinkSpiffo,Base.HotDrinkSpiffo,Base.Strewberrie,5,false,false,1.0,4.0,0.92,0.04,0.08,0.7,4.666667
HotDrinkSpiffo,Base.HotDrinkSpiffo,Base.Sugar,1,false,true,0.0,0.0,0.0,0.0,0.0,0.0,0.0
HotDrinkSpiffo,Base.HotDrinkSpiffo,Base.SugarBrown,1,false,true,0.0,0.0,0.0,0.0,0.0,0.0,0.0
HotDrinkSpiffo,Base.HotDrinkSpiffo,Base.SugarCubes,1,false,true,0.0,0.0,0.0,0.0,0.0,0.0,0.0
HotDrinkSpiffo,Base.HotDrinkSpiffo,Base.SugarPacket,1,false,true,0.0,0.0,0.0,0.0,0.0,0.0,0.0
HotDrinkSpiffo,Base.HotDrinkSpiffo,Base.Teabag2,5,false,false,1.0,0.0,0.0,0.0,0.0,0.7,0.0
HotDrinkSpiffo,Base.HotDrinkSpiffo,Base.Thistle,2,false,true,0.0,0.0,0.0,0.0,0.0,0.0,0.0
HotDrinkSpiffo,Base.HotDrinkSpiffo,Base.Violets,2,false,true,0.0,0.0,0.0,0.0,0.0,0.0,0.0
HotDrinkTea,Base.HotDrinkTea,Base.BlackSage,1,false,true,0.0,0.0,0.0,0.0,0.0,0.0,0.0
HotDrinkTea,Base.HotDrinkTea,Base.BlackSageDried,1,false,true,0.0,0.0,0.0,0.0,0.0,0.0,0.0
HotDrinkTea,Base.HotDrinkTea,Base.BouillonCube,1,false,true,0.0,0.0,0.0,0.0,0.0,0.0,0.0
HotDrinkTea,Base.HotDrinkTea,Base.Candycane,10,false,true,0.0,0.0,0.0,0.0,0.0,0.0,0.0
HotDrinkTea,Base.HotDrinkTea,Base.CannedMilkOpen,2,false,false,0.2,94.4,4.72,4.72,4.72,0.14,110.133333
HotDrinkTea,Base.HotDrinkTea,Base.Chamomile,1,false,true,0.0,0.0,0.0,0.0,0.0,0.0,0.0
HotDrinkTea,Base.HotDrinkTea,Base.ChamomileDried,1,false,true,0.0,0.0,0.0,0.0,0.0,0.0,0.0
HotDrinkTea,Base.HotDrinkTea,Base.Cinnamon,1,false,true,0.0,0.0,0.0,0.0,0.0,0.0,0.0
HotDrinkTea,Base.HotDrinkTea,Base.CocoaPowder,5,false,false,0.166667,10.0,1.333333,0.833333,0.333333,0.116667,11.666667
HotDrinkTea,Base.HotDrinkTea,Base.Coffee2,5,false,false,0.166667,0.333333,0.0,0.0,0.166667,0.116667,0.388889
HotDrinkTea,Base.HotDrinkTea,Base.CommonMallow,1,false,true,0.0,0.0,0.0,0.0,0.0,0.0,0.0
HotDrinkTea,Base.HotDrinkTea,Base.CommonMallowDried,1,false,true,0.0,0.0,0.0,0.0,0.0,0.0,0.0
HotDrinkTea,Base.HotDrinkTea,Base.Dandelions,2,false,false,0.4,10.0,2.0,0.2,0.6,0.28,11.666667
HotDrinkTea,Base.HotDrinkTea,Base.FourLeafClover,1,false,true,0.0,0.0,0.0,0.0,0.0,0.0,0.0
HotDrinkTea,Base.HotDrinkTea,Base.GingerRoot,1,false,true,0.0,0.0,0.0,0.0,0.0,0.0,0.0
HotDrinkTea,Base.HotDrinkTea,Base.Ginseng,1,false,true,0.0,0.0,0.0,0.0,0.0,0.0,0.0
HotDrinkTea,Base.HotDrinkTea,Base.Honey,2,false,true,0.0,0.0,0.0,0.0,0.0,0.0,0.0
HotDrinkTea,Base.HotDrinkTea,Base.Lavender,1,false,true,0.0,0.0,0.0,0.0,0.0,0.0,0.0
HotDrinkTea,Base.HotDrinkTea,Base.LavenderPetalsDried,1,false,true,0.0,0.0,0.0,0.0,0.0,0.0,0.0
HotDrinkTea,Base.HotDrinkTea,Base.Lemon,2,false,true,0.0,0.0,0.0,0.0,0.0,0.0,0.0
HotDrinkTea,Base.HotDrinkTea,Base.LemonGrass,1,false,true,0.0,0.0,0.0,0.0,0.0,0.0,0.0
HotDrinkTea,Base.HotDrinkTea,Base.Lime,2,false,true,0.0,0.0,0.0,0.0,0.0,0.0,0.0
HotDrinkTea,Base.HotDrinkTea,Base.Marigold,1,false,true,0.0,0.0,0.0,0.0,0.0,0.0,0.0
HotDrinkTea,Base.HotDrinkTea,Base.MarigoldDried,1,false,true,0.0,0.0,0.0,0.0,0.0,0.0,0.0
HotDrinkTea,Base.HotDrinkTea,Base.MintHerb,1,false,true,0.0,0.0,0.0,0.0,0.0,0.0,0.0
HotDrinkTea,Base.HotDrinkTea,Base.MintHerbDried,1,false,true,0.0,0.0,0.0,0.0,0.0,0.0,0.0
HotDrinkTea,Base.HotDrinkTea,Base.MushroomGeneric1,6,false,false,0.461538,13.846154,0.978462,0.110769,0.941538,0.323077,16.153846
HotDrinkTea,Base.HotDrinkTea,Base.MushroomGeneric2,6,false,false,0.461538,13.846154,0.978462,0.110769,0.941538,0.323077,16.153846
HotDrinkTea,Base.HotDrinkTea,Base.MushroomGeneric3,5,false,false,0.333333,10.666667,0.853333,0.106667,0.786667,0.233333,12.444444
HotDrinkTea,Base.HotDrinkTea,Base.MushroomGeneric4,5,false,false,0.384615,11.538462,0.815385,0.092308,0.784615,0.269231,13.461538
HotDrinkTea,Base.HotDrinkTea,Base.MushroomGeneric5,5,false,false,0.333333,10.666667,0.853333,0.106667,0.786667,0.233333,12.444444
HotDrinkTea,Base.HotDrinkTea,Base.MushroomGeneric6,6,false,false,0.461538,13.846154,0.978462,0.110769,0.941538,0.323077,16.153846
HotDrinkTea,Base.HotDrinkTea,Base.MushroomGeneric7,6,false,false,0.461538,14.769231,0.978462,0.110769,0.941538,0.323077,17.230769
HotDrinkTea,Base.HotDrinkTea,Base.Nettles,2,false,true,0.0,0.0,0.0,0.0,0.0,0.0,0.0
HotDrinkTea,Base.HotDrinkTea,Base.RosePetalsDried,1,false,true,0.0,0.0,0.0,0.0,0.0,0.0,0.0
HotDrinkTea,Base.HotDrinkTea,Base.Rosehips,2,false,true,0.0,0.0,0.0,0.0,0.0,0.0,0.0
HotDrinkTea,Base.HotDrinkTea,Base.Roses,1,false,true,0.0,0.0,0.0,0.0,0.0,0.0,0.0
HotDrinkTea,Base.HotDrinkTea,Base.Strewberrie,5,false,false,1.0,4.0,0.92,0.04,0.08,0.7,4.666667
HotDrinkTea,Base.HotDrinkTea,Base.Sugar,1,false,true,0.0,0.0,0.0,0.0,0.0,0.0,0.0
HotDrinkTea,Base.HotDrinkTea,Base.SugarBrown,1,false,true,0.0,0.0,0.0,0.0,0.0,0.0,0.0
HotDrinkTea,Base.HotDrinkTea,Base.SugarCubes,1,false,true,0.0,0.0,0.0,0.0,0.0,0.0,0.0
HotDrinkTea,Base.HotDrinkTea,Base.SugarPacket,1,false,true,0.0,0.0,0.0,0.0,0.0,0.0,0.0
HotDrinkTea,Base.HotDrinkTea,Base.Teabag2,5,false,false,1.0,0.0,0.0,0.0,0.0,0.7,0.0
HotDrinkTea,Base.HotDrinkTea,Base.Thistle,2,false,true,0.0,0.0,0.0,0.0,0.0,0.0,0.0
HotDrinkTea,Base.HotDrinkTea,Base.Violets,2,false,true,0.0,0.0,0.0,0.0,0.0,0.0,0.0
HotDrinkTeaCeramic,Base.HotDrinkTeaCeramic,Base.BlackSage,1,false,true,0.0,0.0,0.0,0.0,0.0,0.0,0.0
HotDrinkTeaCeramic,Base.HotDrinkTeaCeramic,Base.BlackSageDried,1,false,true,0.0,0.0,0.0,0.0,0.0,0.0,0.0
HotDrinkTeaCeramic,Base.HotDrinkTeaCeramic,Base.BouillonCube,1,false,true,0.0,0.0,0.0,0.0,0.0,0.0,0.0
HotDrinkTeaCeramic,Base.HotDrinkTeaCeramic,Base.Candycane,10,false,true,0.0,0.0,0.0,0.0,0.0,0.0,0.0
HotDrinkTeaCeramic,Base.HotDrinkTeaCeramic,Base.CannedMilkOpen,2,false,false,0.2,94.4,4.72,4.72,4.72,0.14,110.133333
HotDrinkTeaCeramic,Base.HotDrinkTeaCeramic,Base.Chamomile,1,false,true,0.0,0.0,0.0,0.0,0.0,0.0,0.0
HotDrinkTeaCeramic,Base.HotDrinkTeaCeramic,Base.ChamomileDried,1,false,true,0.0,0.0,0.0,0.0,0.0,0.0,0.0
HotDrinkTeaCeramic,Base.HotDrinkTeaCeramic,Base.Cinnamon,1,false,true,0.0,0.0,0.0,0.0,0.0,0.0,0.0
HotDrinkTeaCeramic,Base.HotDrinkTeaCeramic,Base.CocoaPowder,5,false,false,0.166667,10.0,1.333333,0.833333,0.333333,0.116667,11.666667
HotDrinkTeaCeramic,Base.HotDrinkTeaCeramic,Base.Coffee2,5,false,false,0.166667,0.333333,0.0,0.0,0.166667,0.116667,0.388889
HotDrinkTeaCeramic,Base.HotDrinkTeaCeramic,Base.CommonMallow,1,false,true,0.0,0.0,0.0,0.0,0.0,0.0,0.0
HotDrinkTeaCeramic,Base.HotDrinkTeaCeramic,Base.CommonMallowDried,1,false,true,0.0,0.0,0.0,0.0,0.0,0.0,0.0
HotDrinkTeaCeramic,Base.HotDrinkTeaCeramic,Base.Dandelions,2,false,false,0.4,10.0,2.0,0.2,0.6,0.28,11.666667
HotDrinkTeaCeramic,Base.HotDrinkTeaCeramic,Base.FourLeafClover,1,false,true,0.0,0.0,0.0,0.0,0.0,0.0,0.0
HotDrinkTeaCeramic,Base.HotDrinkTeaCeramic,Base.GingerRoot,1,false,true,0.0,0.0,0.0,0.0,0.0,0.0,0.0
HotDrinkTeaCeramic,Base.HotDrinkTeaCeramic,Base.Ginseng,1,false,true,0.0,0.0,0.0,0.0,0.0,0.0,0.0
HotDrinkTeaCeramic,Base.HotDrinkTeaCeramic,Base.Honey,2,false,true,0.0,0.0,0.0,0.0,0.0,0.0,0.0
HotDrinkTeaCeramic,Base.HotDrinkTeaCeramic,Base.Lavender,1,false,true,0.0,0.0,0.0,0.0,0.0,0.0,0.0
HotDrinkTeaCeramic,Base.HotDrinkTeaCeramic,Base.LavenderPetalsDried,1,false,true,0.0,0.0,0.0,0.0,0.0,0.0,0.0
HotDrinkTeaCeramic,Base.HotDrinkTeaCeramic,Base.Lemon,2,false,true,0.0,0.0,0.0,0.0,0.0,0.0,0.0
HotDrinkTeaCeramic,Base.HotDrinkTeaCeramic,Base.LemonGrass,1,false,true,0.0,0.0,0.0,0.0,0.0,0.0,0.0
HotDrinkTeaCeramic,Base.HotDrinkTeaCeramic,Base.Lime,2,false,true,0.0,0.0,0.0,0.0,0.0,0.0,0.0
HotDrinkTeaCeramic,Base.HotDrinkTeaCeramic,Base.Marigold,1,false,true,0.0,0.0,0.0,0.0,0.0,0.0,0.0
HotDrinkTeaCeramic,Base.HotDrinkTeaCeramic,Base.MarigoldDried,1,false,true,0.0,0.0,0.0,0.0,0.0,0.0,0.0
HotDrinkTeaCeramic,Base.HotDrinkTeaCeramic,Base.MintHerb,1,false,true,0.0,0.0,0.0,0.0,0.0,0.0,0.0
HotDrinkTeaCeramic,Base.HotDrinkTeaCeramic,Base.MintHerbDried,1,false,true,0.0,0.0,0.0,0.0,0.0,0.0,0.0
HotDrinkTeaCeramic,Base.HotDrinkTeaCeramic,Base.MushroomGeneric1,6,false,false,0.461538,13.846154,0.978462,0.110769,0.941538,0.323077,16.153846
HotDrinkTeaCeramic,Base.HotDrinkTeaCeramic,Base.MushroomGeneric2,6,false,false,0.461538,13.846154,0.978462,0.110769,0.941538,0.323077,16.153846
HotDrinkTeaCeramic,Base.HotDrinkTeaCeramic,Base.MushroomGeneric3,5,false,false,0.333333,10.666667,0.853333,0.106667,0.786667,0.233333,12.444444
HotDrinkTeaCeramic,Base.HotDrinkTeaCeramic,Base.MushroomGeneric4,5,false,false,0.384615,11.538462,0.815385,0.092308,0.784615,0.269231,13.461538
HotDrinkTeaCeramic,Base.HotDrinkTeaCeramic,Base.MushroomGeneric5,5,false,false,0.333333,10.666667,0.853333,0.106667,0.786667,0.233333,12.444444
HotDrinkTeaCeramic,Base.HotDrinkTeaCeramic,Base.MushroomGeneric6,6,false,false,0.461538,13.846154,0.978462,0.110769,0.941538,0.323077,16.153846
HotDrinkTeaCeramic,Base.HotDrinkTeaCeramic,Base.MushroomGeneric7,6,false,false,0.461538,14.769231,0.978462,0.110769,0.941538,0.323077,17.230769
HotDrinkTeaCeramic,Base.HotDrinkTeaCeramic,Base.Nettles,2,false,true,0.0,0.0,0.0,0.0,0.0,0.0,0.0
HotDrinkTeaCeramic,Base.HotDrinkTeaCeramic,Base.RosePetalsDried,1,false,true,0.0,0.0,0.0,0.0,0.0,0.0,0.0
HotDrinkTeaCeramic,Base.HotDrinkTeaCeramic,Base.Rosehips,2,false,true,0.0,0.0,0.0,0.0,0.0,0.0,0.0
HotDrinkTeaCeramic,Base.HotDrinkTeaCeramic,Base.Roses,1,false,true,0.0,0.0,0.0,0.0,0.0,0.0,0.0
HotDrinkTeaCeramic,Base.HotDrinkTeaCeramic,Base.Strewberrie,5,false,false,1.0,4.0,0.92,0.04,0.08,0.7,4.666667
HotDrinkTeaCeramic,Base.HotDrinkTeaCeramic,Base.Sugar,1,false,true,0.0,0.0,0.0,0.0,0.0,0.0,0.0
HotDrinkTeaCeramic,Base.HotDrinkTeaCeramic,Base.SugarBrown,1,false,true,0.0,0.0,0.0,0.0,0.0,0.0,0.0
HotDrinkTeaCeramic,Base.HotDrinkTeaCeramic,Base.SugarCubes,1,false,true,0.0,0.0,0.0,0.0,0.0,0.0,0.0
HotDrinkTeaCeramic,Base.HotDrinkTeaCeramic,Base.SugarPacket,1,false,true,0.0,0.0,0.0,0.0,0.0,0.0,0.0
HotDrinkTeaCeramic,Base.HotDrinkTeaCeramic,Base.Teabag2,5,false,false,1.0,0.0,0.0,0.0,0.0,0.7,0.0
HotDrinkTeaCeramic,Base.HotDrinkTeaCeramic,Base.Thistle,2,false,true,0.0,0.0,0.0,0.0,0.0,0.0,0.0
HotDrinkTeaCeramic,Base.HotDrinkTeaCeramic,Base.Violets,2,false,true,0.0,0.0,0.0,0.0,0.0,0.0,0.0
HotDrinkTumbler,Base.HotDrinkTumbler,Base.BlackSage,1,false,true,0.0,0.0,0.0,0.0,0.0,0.0,0.0
HotDrinkTumbler,Base.HotDrinkTumbler,Base.BlackSageDried,1,false,true,0.0,0.0,0.0,0.0,0.0,0.0,0.0
HotDrinkTumbler,Base.HotDrinkTumbler,Base.BouillonCube,1,false,true,0.0,0.0,0.0,0.0,0.0,0.0,0.0
HotDrinkTumbler,Base.HotDrinkTumbler,Base.Candycane,10,false,true,0.0,0.0,0.0,0.0,0.0,0.0,0.0
HotDrinkTumbler,Base.HotDrinkTumbler,Base.CannedMilkOpen,2,false,false,0.2,94.4,4.72,4.72,4.72,0.14,110.133333
HotDrinkTumbler,Base.HotDrinkTumbler,Base.Chamomile,1,false,true,0.0,0.0,0.0,0.0,0.0,0.0,0.0
HotDrinkTumbler,Base.HotDrinkTumbler,Base.ChamomileDried,1,false,true,0.0,0.0,0.0,0.0,0.0,0.0,0.0
HotDrinkTumbler,Base.HotDrinkTumbler,Base.Cinnamon,1,false,true,0.0,0.0,0.0,0.0,0.0,0.0,0.0
HotDrinkTumbler,Base.HotDrinkTumbler,Base.CocoaPowder,5,false,false,0.166667,10.0,1.333333,0.833333,0.333333,0.116667,11.666667
HotDrinkTumbler,Base.HotDrinkTumbler,Base.Coffee2,5,false,false,0.166667,0.333333,0.0,0.0,0.166667,0.116667,0.388889
HotDrinkTumbler,Base.HotDrinkTumbler,Base.CommonMallow,1,false,true,0.0,0.0,0.0,0.0,0.0,0.0,0.0
HotDrinkTumbler,Base.HotDrinkTumbler,Base.CommonMallowDried,1,false,true,0.0,0.0,0.0,0.0,0.0,0.0,0.0
HotDrinkTumbler,Base.HotDrinkTumbler,Base.Dandelions,2,false,false,0.4,10.0,2.0,0.2,0.6,0.28,11.666667
HotDrinkTumbler,Base.HotDrinkTumbler,Base.FourLeafClover,1,false,true,0.0,0.0,0.0,0.0,0.0,0.0,0.0
HotDrinkTumbler,Base.HotDrinkTumbler,Base.GingerRoot,1,false,true,0.0,0.0,0.0,0.0,0.0,0.0,0.0
HotDrinkTumbler,Base.HotDrinkTumbler,Base.Ginseng,1,false,true,0.0,0.0,0.0,0.0,0.0,0.0,0.0
HotDrinkTumbler,Base.HotDrinkTumbler,Base.Honey,2,false,true,0.0,0.0,0.0,0.0,0.0,0.0,0.0
HotDrinkTumbler,Base.HotDrinkTumbler,Base.Lavender,1,false,true,0.0,0.0,0.0,0.0,0.0,0.0,0.0
HotDrinkTumbler,Base.HotDrinkTumbler,Base.LavenderPetalsDried,1,false,true,0.0,0.0,0.0,0.0,0.0,0.0,0.0
HotDrinkTumbler,Base.HotDrinkTumbler,Base.Lemon,2,false,true,0.0,0.0,0.0,0.0,0.0,0.0,0.0
HotDrinkTumbler,Base.HotDrinkTumbler,Base.LemonGrass,1,false,true,0.0,0.0,0.0,0.0,0.0,0.0,0.0
HotDrinkTumbler,Base.HotDrinkTumbler,Base.Lime,2,false,true,0.0,0.0,0.0,0.0,0.0,0.0,0.0
HotDrinkTumbler,Base.HotDrinkTumbler,Base.Marigold,1,false,true,0.0,0.0,0.0,0.0,0.0,0.0,0.0
HotDrinkTumbler,Base.HotDrinkTumbler,Base.MarigoldDried,1,false,true,0.0,0.0,0.0,0.0,0.0,0.0,0.0
HotDrinkTumbler,Base.HotDrinkTumbler,Base.MintHerb,1,false,true,0.0,0.0,0.0,0.0,0.0,0.0,0.0
HotDrinkTumbler,Base.HotDrinkTumbler,Base.MintHerbDried,1,false,true,0.0,0.0,0.0,0.0,0.0,0.0,0.0
HotDrinkTumbler,Base.HotDrinkTumbler,Base.MushroomGeneric1,6,false,false,0.461538,13.846154,0.978462,0.110769,0.941538,0.323077,16.153846
HotDrinkTumbler,Base.HotDrinkTumbler,Base.MushroomGeneric2,6,false,false,0.461538,13.846154,0.978462,0.110769,0.941538,0.323077,16.153846
HotDrinkTumbler,Base.HotDrinkTumbler,Base.MushroomGeneric3,5,false,false,0.333333,10.666667,0.853333,0.106667,0.786667,0.233333,12.444444
HotDrinkTumbler,Base.HotDrinkTumbler,Base.MushroomGeneric4,5,false,false,0.384615,11.538462,0.815385,0.092308,0.784615,0.269231,13.461538
HotDrinkTumbler,Base.HotDrinkTumbler,Base.MushroomGeneric5,5,false,false,0.333333,10.666667,0.853333,0.106667,0.786667,0.233333,12.444444
HotDrinkTumbler,Base.HotDrinkTumbler,Base.MushroomGeneric6,6,false,false,0.461538,13.846154,0.978462,0.110769,0.941538,0.323077,16.153846
HotDrinkTumbler,Base.HotDrinkTumbler,Base.MushroomGeneric7,6,false,false,0.461538,14.769231,0.978462,0.110769,0.941538,0.323077,17.230769
HotDrinkTumbler,Base.HotDrinkTumbler,Base.Nettles,2,false,true,0.0,0.0,0.0,0.0,0.0,0.0,0.0
HotDrinkTumbler,Base.HotDrinkTumbler,Base.RosePetalsDried,1,false,true,0.0,0.0,0.0,0.0,0.0,0.0,0.0
HotDrinkTumbler,Base.HotDrinkTumbler,Base.Rosehips,2,false,true,0.0,0.0,0.0,0.0,0.0,0.0,0.0
HotDrinkTumbler,Base.HotDrinkTumbler,Base.Roses,1,false,true,0.0,0.0,0.0,0.0,0.0,0.0,0.0
HotDrinkTumbler,Base.HotDrinkTumbler,Base.Strewberrie,5,false,false,1.0,4.0,0.92,0.04,0.08,0.7,4.666667
HotDrinkTumbler,Base.HotDrinkTumbler,Base.Sugar,1,false,true,0.0,0.0,0.0,0.0,0.0,0.0,0.0
HotDrinkTumbler,Base.HotDrinkTumbler,Base.SugarBrown,1,false,true,0.0,0.0,0.0,0.0,0.0,0.0,0.0
HotDrinkTumbler,Base.HotDrinkTumbler,Base.SugarCubes,1,false,true,0.0,0.0,0.0,0.0,0.0,0.0,0.0
HotDrinkTumbler,Base.HotDrinkTumbler,Base.SugarPacket,1,false,true,0.0,0.0,0.0,0.0,0.0,0.0,0.0
HotDrinkTumbler,Base.HotDrinkTumbler,Base.Teabag2,5,false,false,1.0,0.0,0.0,0.0,0.0,0.7,0.0
HotDrinkTumbler,Base.HotDrinkTumbler,Base.Thistle,2,false,true,0.0,0.0,0.0,0.0,0.0,0.0,0.0
HotDrinkTumbler,Base.HotDrinkTumbler,Base.Violets,2,false,true,0.0,0.0,0.0,0.0,0.0,0.0,0.0
HotDrinkWhite,Base.HotDrinkWhite,Base.BlackSage,1,false,true,0.0,0.0,0.0,0.0,0.0,0.0,0.0
HotDrinkWhite,Base.HotDrinkWhite,Base.BlackSageDried,1,false,true,0.0,0.0,0.0,0.0,0.0,0.0,0.0
HotDrinkWhite,Base.HotDrinkWhite,Base.BouillonCube,1,false,true,0.0,0.0,0.0,0.0,0.0,0.0,0.0
HotDrinkWhite,Base.HotDrinkWhite,Base.Candycane,10,false,true,0.0,0.0,0.0,0.0,0.0,0.0,0.0
HotDrinkWhite,Base.HotDrinkWhite,Base.CannedMilkOpen,2,false,false,0.2,94.4,4.72,4.72,4.72,0.14,110.133333
HotDrinkWhite,Base.HotDrinkWhite,Base.Chamomile,1,false,true,0.0,0.0,0.0,0.0,0.0,0.0,0.0
HotDrinkWhite,Base.HotDrinkWhite,Base.ChamomileDried,1,false,true,0.0,0.0,0.0,0.0,0.0,0.0,0.0
HotDrinkWhite,Base.HotDrinkWhite,Base.Cinnamon,1,false,true,0.0,0.0,0.0,0.0,0.0,0.0,0.0
HotDrinkWhite,Base.HotDrinkWhite,Base.CocoaPowder,5,false,false,0.166667,10.0,1.333333,0.833333,0.333333,0.116667,11.666667
HotDrinkWhite,Base.HotDrinkWhite,Base.Coffee2,5,false,false,0.166667,0.333333,0.0,0.0,0.166667,0.116667,0.388889
HotDrinkWhite,Base.HotDrinkWhite,Base.CommonMallow,1,false,true,0.0,0.0,0.0,0.0,0.0,0.0,0.0
HotDrinkWhite,Base.HotDrinkWhite,Base.CommonMallowDried,1,false,true,0.0,0.0,0.0,0.0,0.0,0.0,0.0
HotDrinkWhite,Base.HotDrinkWhite,Base.Dandelions,2,false,false,0.4,10.0,2.0,0.2,0.6,0.28,11.666667
HotDrinkWhite,Base.HotDrinkWhite,Base.FourLeafClover,1,false,true,0.0,0.0,0.0,0.0,0.0,0.0,0.0
HotDrinkWhite,Base.HotDrinkWhite,Base.GingerRoot,1,false,true,0.0,0.0,0.0,0.0,0.0,0.0,0.0
HotDrinkWhite,Base.HotDrinkWhite,Base.Ginseng,1,false,true,0.0,0.0,0.0,0.0,0.0,0.0,0.0
HotDrinkWhite,Base.HotDrinkWhite,Base.Honey,2,false,true,0.0,0.0,0.0,0.0,0.0,0.0,0.0
HotDrinkWhite,Base.HotDrinkWhite,Base.Lavender,1,false,true,0.0,0.0,0.0,0.0,0.0,0.0,0.0
HotDrinkWhite,Base.HotDrinkWhite,Base.LavenderPetalsDried,1,false,true,0.0,0.0,0.0,0.0,0.0,0.0,0.0
HotDrinkWhite,Base.HotDrinkWhite,Base.Lemon,2,false,true,0.0,0.0,0.0,0.0,0.0,0.0,0.0
HotDrinkWhite,Base.HotDrinkWhite,Base.LemonGrass,1,false,true,0.0,0.0,0.0,0.0,0.0,0.0,0.0
HotDrinkWhite,Base.HotDrinkWhite,Base.Lime,2,false,true,0.0,0.0,0.0,0.0,0.0,0.0,0.0
HotDrinkWhite,Base.HotDrinkWhite,Base.Marigold,1,false,true,0.0,0.0,0.0,0.0,0.0,0.0,0.0
HotDrinkWhite,Base.HotDrinkWhite,Base.MarigoldDried,1,false,true,0.0,0.0,0.0,0.0,0.0,0.0,0.0
HotDrinkWhite,Base.HotDrinkWhite,Base.MintHerb,1,false,true,0.0,0.0,0.0,0.0,0.0,0.0,0.0
HotDrinkWhite,Base.HotDrinkWhite,Base.MintHerbDried,1,false,true,0.0,0.0,0.0,0.0,0.0,0.0,0.0
HotDrinkWhite,Base.HotDrinkWhite,Base.MushroomGeneric1,6,false,false,0.461538,13.846154,0.978462,0.110769,0.941538,0.323077,16.153846
HotDrinkWhite,Base.HotDrinkWhite,Base.MushroomGeneric2,6,false,false,0.461538,13.846154,0.978462,0.110769,0.941538,0.323077,16.153846
HotDrinkWhite,Base.HotDrinkWhite,Base.MushroomGeneric3,5,false,false,0.333333,10.666667,0.853333,0.106667,0.786667,0.233333,12.444444
HotDrinkWhite,Base.HotDrinkWhite,Base.MushroomGeneric4,5,false,false,0.384615,11.538462,0.815385,0.092308,0.784615,0.269231,13.461538
HotDrinkWhite,Base.HotDrinkWhite,Base.MushroomGeneric5,5,false,false,0.333333,10.666667,0.853333,0.106667,0.786667,0.233333,12.444444
HotDrinkWhite,Base.HotDrinkWhite,Base.MushroomGeneric6,6,false,false,0.461538,13.846154,0.978462,0.110769,0.941538,0.323077,16.153846
HotDrinkWhite,Base.HotDrinkWhite,Base.MushroomGeneric7,6,false,false,0.461538,14.769231,0.978462,0.110769,0.941538,0.323077,17.230769
HotDrinkWhite,Base.HotDrinkWhite,Base.Nettles,2,false,true,0.0,0.0,0.0,0.0,0.0,0.0,0.0
HotDrinkWhite,Base.HotDrinkWhite,Base.RosePetalsDried,1,false,true,0.0,0.0,0.0,0.0,0.0,0.0,0.0
HotDrinkWhite,Base.HotDrinkWhite,Base.Rosehips,2,false,true,0.0,0.0,0.0,0.0,0.0,0.0,0.0
HotDrinkWhite,Base.HotDrinkWhite,Base.Roses,1,false,true,0.0,0.0,0.0,0.0,0.0,0.0,0.0
HotDrinkWhite,Base.HotDrinkWhite,Base.Strewberrie,5,false,false,1.0,4.0,0.92,0.04,0.08,0.7,4.666667
HotDrinkWhite,Base.HotDrinkWhite,Base.Sugar,1,false,true,0.0,0.0,0.0,0.0,0.0,0.0,0.0
HotDrinkWhite,Base.HotDrinkWhite,Base.SugarBrown,1,false,true,0.0,0.0,0.0,0.0,0.0,0.0,0.0
HotDrinkWhite,Base.HotDrinkWhite,Base.SugarCubes,1,false,true,0.0,0.0,0.0,0.0,0.0,0.0,0.0
HotDrinkWhite,Base.HotDrinkWhite,Base.SugarPacket,1,false,true,0.0,0.0,0.0,0.0,0.0,0.0,0.0
HotDrinkWhite,Base.HotDrinkWhite,Base.Teabag2,5,false,false,1.0,0.0,0.0,0.0,0.0,0.7,0.0
HotDrinkWhite,Base.HotDrinkWhite,Base.Thistle,2,false,true,0.0,0.0,0.0,0.0,0.0,0.0,0.0
HotDrinkWhite,Base.HotDrinkWhite,Base.Violets,2,false,true,0.0,0.0,0.0,0.0,0.0,0.0,0.0
Hotdog,Base.Hotdog,Base.Bacon,4,true,false,0.333333,53.333333,0.0,4.666667,3.333333,0.233333,62.222222
Hotdog,Base.Hotdog,Base.BaconBits,1,true,true,0.0,0.0,0.0,0.0,0.0,0.0,0.0
Hotdog,Base.Hotdog,Base.BaconRashers,4,true,false,1.0,40.0,0.0,3.5,2.5,0.7,46.666667
Hotdog,Base.Hotdog,Base.Basil,1,false,true,0.0,0.0,0.0,0.0,0.0,0.0,0.0
Hotdog,Base.Hotdog,Base.BellPepper,2,false,false,0.25,7.5,1.75,0.0,0.25,0.175,8.75
Hotdog,Base.Hotdog,Base.Cabbage,6,false,false,0.25,45.0,10.25,0.175,2.25,0.175,52.5
Hotdog,Base.Hotdog,Base.CannedChiliOpen,8,false,false,0.5,130.0,16.5,3.5,8.0,0.35,151.666667
Hotdog,Base.Hotdog,Base.CannedCornOpen,8,false,false,0.5,157.5,35.0,0.875,3.5,0.35,183.75
Hotdog,Base.Hotdog,Base.Cheese,5,false,false,0.333333,37.666667,0.29,3.11,2.133333,0.233333,43.944444
Hotdog,Base.Hotdog,Base.Chives,1,false,true,0.0,0.0,0.0,0.0,0.0,0.0,0.0
Hotdog,Base.Hotdog,Base.Cilantro,1,false,true,0.0,0.0,0.0,0.0,0.0,0.0,0.0
Hotdog,Base.Hotdog,Base.Corn,7,false,false,0.5,44.0,13.37,0.965,2.34,0.35,51.333333
Hotdog,Base.Hotdog,Base.FriedOnionRings,5,false,false,0.5,100.0,11.0,6.0,1.0,0.35,116.666667
Hotdog,Base.Hotdog,Base.FriedOnionRingsCraft,5,true,false,0.5,100.0,11.0,6.0,1.0,0.35,116.666667
Hotdog,Base.Hotdog,Base.Gravy,1,false,true,0.0,0.0,0.0,0.0,0.0,0.0,0.0
Hotdog,Base.Hotdog,Base.Guacamole,2,false,true,0.0,0.0,0.0,0.0,0.0,0.0,0.0
Hotdog,Base.Hotdog,Base.Hotsauce,2,false,true,0.0,0.0,0.0,0.0,0.0,0.0,0.0
Hotdog,Base.Hotdog,Base.Ketchup,2,false,true,0.0,0.0,0.0,0.0,0.0,0.0,0.0
Hotdog,Base.Hotdog,Base.Lettuce,3,false,false,0.2,10.8,2.066,0.108,0.98,0.14,12.6
Hotdog,Base.Hotdog,Base.Marinara,2,false,true,0.0,0.0,0.0,0.0,0.0,0.0,0.0
Hotdog,Base.Hotdog,Base.MayonnaiseFull,2,false,true,0.0,0.0,0.0,0.0,0.0,0.0,0.0
Hotdog,Base.Hotdog,Base.MincedMeat,10,true,false,0.25,75.0,0.0,7.5,11.5,0.175,87.5
Hotdog,Base.Hotdog,Base.MushroomGeneric1,13,false,false,1.0,30.0,2.12,0.24,2.04,0.7,35.0
Hotdog,Base.Hotdog,Base.MushroomGeneric2,13,false,false,1.0,30.0,2.12,0.24,2.04,0.7,35.0
Hotdog,Base.Hotdog,Base.MushroomGeneric3,15,false,false,1.0,32.0,2.56,0.32,2.36,0.7,37.333333
Hotdog,Base.Hotdog,Base.MushroomGeneric4,13,false,false,1.0,30.0,2.12,0.24,2.04,0.7,35.0
Hotdog,Base.Hotdog,Base.MushroomGeneric5,15,false,false,1.0,32.0,2.56,0.32,2.36,0.7,37.333333
Hotdog,Base.Hotdog,Base.MushroomGeneric6,13,false,false,1.0,30.0,2.12,0.24,2.04,0.7,35.0
Hotdog,Base.Hotdog,Base.MushroomGeneric7,13,false,false,1.0,32.0,2.12,0.24,2.04,0.7,37.333333
Hotdog,Base.Hotdog,Base.Mustard,2,false,true,0.0,0.0,0.0,0.0,0.0,0.0,0.0
Hotdog,Base.Hotdog,Base.Onion,2,false,false,0.2,5.6,1.308,0.014,0.154,0.14,6.533333
Hotdog,Base.Hotdog,Base.Oregano,1,false,true,0.0,0.0,0.0,0.0,0.0,0.0,0.0
Hotdog,Base.Hotdog,Base.Parsley,1,false,true,0.0,0.0,0.0,0.0,0.0,0.0,0.0
Hotdog,Base.Hotdog,Base.Pepper,1,false,true,0.0,0.0,0.0,0.0,0.0,0.0,0.0
Hotdog,Base.Hotdog,Base.PepperHabanero,1,false,true,0.0,0.0,0.0,0.0,0.0,0.0,0.0
Hotdog,Base.Hotdog,Base.PepperHabaneroDried,1,false,true,0.0,0.0,0.0,0.0,0.0,0.0,0.0
Hotdog,Base.Hotdog,Base.PepperJalapeno,1,false,true,0.0,0.0,0.0,0.0,0.0,0.0,0.0
Hotdog,Base.Hotdog,Base.PepperJalapenoDried,1,false,true,0.0,0.0,0.0,0.0,0.0,0.0,0.0
Hotdog,Base.Hotdog,Base.Pickles,2,false,true,0.0,0.0,0.0,0.0,0.0,0.0,0.0
Hotdog,Base.Hotdog,Base.Processedcheese,5,false,false,1.0,70.0,0.0,6.0,4.0,0.7,81.666667
Hotdog,Base.Hotdog,Base.RefriedBeans,5,false,false,0.5,35.0,12.5,0.75,5.0,0.35,40.833333
Hotdog,Base.Hotdog,Base.RemouladeFull,2,false,true,0.0,0.0,0.0,0.0,0.0,0.0,0.0
Hotdog,Base.Hotdog,Base.Rosemary,1,false,true,0.0,0.0,0.0,0.0,0.0,0.0,0.0
Hotdog,Base.Hotdog,Base.Sage,1,false,true,0.0,0.0,0.0,0.0,0.0,0.0,0.0
Hotdog,Base.Hotdog,Base.Salt,1,false,true,0.0,0.0,0.0,0.0,0.0,0.0,0.0
Hotdog,Base.Hotdog,Base.Thyme,1,false,true,0.0,0.0,0.0,0.0,0.0,0.0,0.0
Hotdog,Base.Hotdog,Base.Tomato,6,false,false,0.5,7.0,1.75,0.1,0.65,0.35,8.166667
Hotdog,Base.Hotdog,Base.WildGarlic2,1,false,true,0.0,0.0,0.0,0.0,0.0,0.0,0.0
Hotdog,Base.Hotdog,Base.WildGarlicDried,1,false,true,0.0,0.0,0.0,0.0,0.0,0.0,0.0
Muffin,Base.BakingTray_Muffin_Recipe,Base.Apple,8,false,false,0.5,47.5,12.565,0.155,0.235,0.35,55.416667
Muffin,Base.BakingTray_Muffin_Recipe,Base.Banana,8,false,false,0.5,52.5,13.475,0.195,0.645,0.35,61.25
Muffin,Base.BakingTray_Muffin_Recipe,Base.BeautyBerry,10,false,false,1.0,23.0,5.0,0.0,4.0,0.7,26.833333
Muffin,Base.BakingTray_Muffin_Recipe,Base.BerryBlack,10,false,false,1.0,23.0,5.0,0.0,4.0,0.7,26.833333
Muffin,Base.BakingTray_Muffin_Recipe,Base.BerryBlue,10,false,false,1.0,23.0,5.0,0.0,4.0,0.7,26.833333
Muffin,Base.BakingTray_Muffin_Recipe,Base.BerryGeneric1,5,false,false,1.0,12.0,3.0,0.0,2.0,0.7,14.0
Muffin,Base.BakingTray_Muffin_Recipe,Base.BerryGeneric2,10,false,false,1.0,23.0,5.0,0.0,4.0,0.7,26.833333
Muffin,Base.BakingTray_Muffin_Recipe,Base.BerryGeneric3,5,false,false,1.0,8.0,3.0,0.0,2.0,0.7,9.333333
Muffin,Base.BakingTray_Muffin_Recipe,Base.BerryGeneric4,10,false,false,1.0,23.0,5.0,0.0,4.0,0.7,26.833333
Muffin,Base.BakingTray_Muffin_Recipe,Base.BerryGeneric5,10,false,false,1.0,23.0,5.0,0.0,4.0,0.7,26.833333
Muffin,Base.BakingTray_Muffin_Recipe,Base.BerryPoisonIvy,5,false,false,1.0,23.0,5.0,0.0,4.0,0.7,26.833333
Muffin,Base.BakingTray_Muffin_Recipe,Base.Candycane,10,false,true,0.0,0.0,0.0,0.0,0.0,0.0,0.0
Muffin,Base.BakingTray_Muffin_Recipe,Base.CannedFruitBeverageOpen,15,false,false,1.0,250.0,0.0,24.0,10.0,0.7,291.666667
Muffin,Base.BakingTray_Muffin_Recipe,Base.CannedFruitCocktailOpen,15,false,false,1.0,250.0,0.0,24.0,10.0,0.7,291.666667
Muffin,Base.BakingTray_Muffin_Recipe,Base.CannedPeachesOpen,15,false,false,1.0,250.0,0.0,24.0,10.0,0.7,291.666667
Muffin,Base.BakingTray_Muffin_Recipe,Base.CannedPineappleOpen,15,false,false,1.0,250.0,0.0,24.0,10.0,0.7,291.666667
Muffin,Base.BakingTray_Muffin_Recipe,Base.Cherry,3,false,false,1.0,5.0,1.31,0.0,0.09,0.7,5.833333
Muffin,Base.BakingTray_Muffin_Recipe,Base.Chocolate,10,false,false,0.5,425.0,55.0,33.0,5.0,0.35,495.833333
Muffin,Base.BakingTray_Muffin_Recipe,Base.ChocolateChips,3,false,false,0.5,25.0,8.5,4.0,0.5,0.35,29.166667
Muffin,Base.BakingTray_Muffin_Recipe,Base.Chocolate_Butterchunkers,10,false,false,0.5,115.0,14.5,6.0,1.0,0.35,134.166667
Muffin,Base.BakingTray_Muffin_Recipe,Base.Chocolate_Crackle,10,false,false,0.5,115.0,14.5,6.0,1.0,0.35,134.166667
Muffin,Base.BakingTray_Muffin_Recipe,Base.Chocolate_Deux,10,false,false,0.5,125.0,17.0,6.0,1.0,0.35,145.833333
Muffin,Base.BakingTray_Muffin_Recipe,Base.Chocolate_GalacticDairy,10,false,false,0.5,95.0,15.0,4.0,1.0,0.35,110.833333
Muffin,Base.BakingTray_Muffin_Recipe,Base.Chocolate_HeartBox,10,false,false,0.25,425.0,55.0,32.5,5.0,0.175,495.833333
Muffin,Base.BakingTray_Muffin_Recipe,Base.Chocolate_RoysPBPucks,10,false,false,0.5,115.0,13.0,6.5,2.5,0.35,134.166667
Muffin,Base.BakingTray_Muffin_Recipe,Base.Chocolate_Smirkers,10,false,false,0.5,140.0,17.5,7.0,2.0,0.35,163.333333
Muffin,Base.BakingTray_Muffin_Recipe,Base.Chocolate_SnikSnak,10,false,false,0.5,115.0,14.5,6.0,1.5,0.35,134.166667
Muffin,Base.BakingTray_Muffin_Recipe,Base.Cinnamon,1,false,true,0.0,0.0,0.0,0.0,0.0,0.0,0.0
Muffin,Base.BakingTray_Muffin_Recipe,Base.DriedApricots,8,false,false,0.5,120.5,31.3,0.25,1.7,0.35,140.583333
Muffin,Base.BakingTray_Muffin_Recipe,Base.FlaxSeed,1,false,true,0.0,0.0,0.0,0.0,0.0,0.0,0.0
Muffin,Base.BakingTray_Muffin_Recipe,Base.Grapefruit,10,false,false,0.5,7.5,50.555,1.89,8.78,0.35,8.75
Muffin,Base.BakingTray_Muffin_Recipe,Base.Grapes,15,false,false,1.0,62.0,15.78,0.32,0.58,0.7,72.333333
Muffin,Base.BakingTray_Muffin_Recipe,Base.HollyBerry,10,false,false,1.0,23.0,5.0,0.0,4.0,0.7,26.833333
Muffin,Base.BakingTray_Muffin_Recipe,Base.Icing,10,false,false,1.0,110.0,80.0,44.0,16.0,0.7,128.333333
Muffin,Base.BakingTray_Muffin_Recipe,Base.Lemon,5,false,true,0.0,0.0,0.0,0.0,0.0,0.0,0.0
Muffin,Base.BakingTray_Muffin_Recipe,Base.Lime,5,false,true,0.0,0.0,0.0,0.0,0.0,0.0,0.0
Muffin,Base.BakingTray_Muffin_Recipe,Base.Mango,10,false,false,0.5,126.0,39.35,0.545,1.945,0.35,147.0
Muffin,Base.BakingTray_Muffin_Recipe,Base.Orange,6,false,false,0.5,32.5,8.135,0.15,0.5,0.35,37.916667
Muffin,Base.BakingTray_Muffin_Recipe,Base.Peach,6,false,false,0.5,29.0,7.155,0.19,0.68,0.35,33.833333
Muffin,Base.BakingTray_Muffin_Recipe,Base.Pear,8,false,false,0.5,37.5,10.065,0.105,0.135,0.35,43.75
Muffin,Base.BakingTray_Muffin_Recipe,Base.Pineapple,8,false,false,0.333333,150.666667,39.566667,0.363333,1.63,0.233333,175.777778
Muffin,Base.BakingTray_Muffin_Recipe,Base.PoppySeed,1,false,true,0.0,0.0,0.0,0.0,0.0,0.0,0.0
Muffin,Base.BakingTray_Muffin_Recipe,Base.PumpkinSeed,5,false,true,0.0,0.0,0.0,0.0,0.0,0.0,0.0
Muffin,Base.BakingTray_Muffin_Recipe,Base.SunflowerSeeds,5,false,true,0.0,0.0,0.0,0.0,0.0,0.0,0.0
Muffin,Base.BakingTray_Muffin_Recipe,Base.WatermelonSliced,6,false,false,1.0,135.5,34.11,0.67,2.75,0.7,158.083333
Muffin,Base.BakingTray_Muffin_Recipe,Base.WatermelonSmashed,12,false,false,1.0,271.0,68.2,1.35,5.51,0.7,316.166667
Muffin,Base.BakingTray_Muffin_Recipe,Base.WinterBerry,10,false,false,1.0,23.0,5.0,0.0,4.0,0.7,26.833333
Oatmeal,Base.Oatmeal,Base.Apple,4,false,false,0.25,23.75,6.2825,0.0775,0.1175,0.175,27.708333
Oatmeal,Base.Oatmeal,Base.Banana,4,false,false,0.25,26.25,6.7375,0.0975,0.3225,0.175,30.625
Oatmeal,Base.Oatmeal,Base.BeautyBerry,5,false,false,0.5,11.5,2.5,0.0,2.0,0.35,13.416667
Oatmeal,Base.Oatmeal,Base.BerryBlack,5,false,false,0.5,11.5,2.5,0.0,2.0,0.35,13.416667
Oatmeal,Base.Oatmeal,Base.BerryBlue,5,false,false,0.5,11.5,2.5,0.0,2.0,0.35,13.416667
Oatmeal,Base.Oatmeal,Base.BerryGeneric1,5,false,false,1.0,12.0,3.0,0.0,2.0,0.7,14.0
Oatmeal,Base.Oatmeal,Base.BerryGeneric2,5,false,false,0.5,11.5,2.5,0.0,2.0,0.35,13.416667
Oatmeal,Base.Oatmeal,Base.BerryGeneric3,5,false,false,1.0,8.0,3.0,0.0,2.0,0.7,9.333333
Oatmeal,Base.Oatmeal,Base.BerryGeneric4,5,false,false,0.5,11.5,2.5,0.0,2.0,0.35,13.416667
Oatmeal,Base.Oatmeal,Base.BerryGeneric5,5,false,false,0.5,11.5,2.5,0.0,2.0,0.35,13.416667
Oatmeal,Base.Oatmeal,Base.BerryPoisonIvy,5,false,false,1.0,23.0,5.0,0.0,4.0,0.7,26.833333
Oatmeal,Base.Oatmeal,Base.Butter,4,false,true,0.0,0.0,0.0,0.0,0.0,0.0,0.0
Oatmeal,Base.Oatmeal,Base.CannedFruitCocktailOpen,5,false,false,0.333333,83.333333,0.0,8.0,3.333333,0.233333,97.222222
Oatmeal,Base.Oatmeal,Base.CannedMilkOpen,2,false,false,0.2,94.4,4.72,4.72,4.72,0.14,110.133333
Oatmeal,Base.Oatmeal,Base.CannedPeachesOpen,5,false,false,0.333333,83.333333,0.0,8.0,3.333333,0.233333,97.222222
Oatmeal,Base.Oatmeal,Base.CannedPineappleOpen,5,false,false,0.333333,83.333333,0.0,8.0,3.333333,0.233333,97.222222
Oatmeal,Base.Oatmeal,Base.Cherry,5,false,false,1.0,5.0,1.31,0.0,0.09,0.7,5.833333
Oatmeal,Base.Oatmeal,Base.Cinnamon,1,false,true,0.0,0.0,0.0,0.0,0.0,0.0,0.0
Oatmeal,Base.Oatmeal,Base.DriedApricots,8,false,false,0.5,120.5,31.3,0.25,1.7,0.35,140.583333
Oatmeal,Base.Oatmeal,Base.HollyBerry,5,false,false,0.5,11.5,2.5,0.0,2.0,0.35,13.416667
Oatmeal,Base.Oatmeal,Base.Honey,2,false,true,0.0,0.0,0.0,0.0,0.0,0.0,0.0
Oatmeal,Base.Oatmeal,Base.JamFruit,3,false,false,0.1,55.0,13.0,0.0,0.1,0.07,64.166667
Oatmeal,Base.Oatmeal,Base.JamMarmalade,3,false,false,0.1,55.0,13.0,0.0,0.1,0.07,64.166667
Oatmeal,Base.Oatmeal,Base.Mango,5,false,false,0.25,63.0,19.675,0.2725,0.9725,0.175,73.5
Oatmeal,Base.Oatmeal,Base.MapleSyrup,3,false,true,0.0,0.0,0.0,0.0,0.0,0.0,0.0
Oatmeal,Base.Oatmeal,Base.Margarine,4,false,true,0.0,0.0,0.0,0.0,0.0,0.0,0.0
Oatmeal,Base.Oatmeal,Base.Peach,5,false,false,0.416667,24.166667,5.9625,0.158333,0.566667,0.291667,28.194444
Oatmeal,Base.Oatmeal,Base.Pear,4,false,false,0.25,18.75,5.0325,0.0525,0.0675,0.175,21.875
Oatmeal,Base.Oatmeal,Base.Pineapple,4,false,false,0.166667,75.333333,19.783333,0.181667,0.815,0.116667,87.888889
Oatmeal,Base.Oatmeal,Base.Strewberrie,5,false,false,1.0,4.0,0.92,0.04,0.08,0.7,4.666667
Oatmeal,Base.Oatmeal,Base.Sugar,1,false,true,0.0,0.0,0.0,0.0,0.0,0.0,0.0
Oatmeal,Base.Oatmeal,Base.SugarBrown,1,false,true,0.0,0.0,0.0,0.0,0.0,0.0,0.0
Oatmeal,Base.Oatmeal,Base.SugarCubes,1,false,true,0.0,0.0,0.0,0.0,0.0,0.0,0.0
Oatmeal,Base.Oatmeal,Base.SugarPacket,1,false,true,0.0,0.0,0.0,0.0,0.0,0.0,0.0
Oatmeal,Base.Oatmeal,Base.WinterBerry,5,false,false,0.5,11.5,2.5,0.0,2.0,0.35,13.416667
Oatmeal,Base.Oatmeal,Base.Yoghurt,5,false,false,0.5,15.0,0.5,0.5,2.5,0.35,17.5
Omelette,Base.OmeletteRecipe,Base.Avocado,8,false,false,0.5,113.5,5.875,10.48,1.335,0.35,132.416667
Omelette,Base.OmeletteRecipe,Base.BaconBits,1,false,true,0.0,0.0,0.0,0.0,0.0,0.0,0.0
Omelette,Base.OmeletteRecipe,Base.BaconRashers,4,false,false,1.0,40.0,0.0,3.5,2.5,0.7,46.666667
Omelette,Base.OmeletteRecipe,Base.Basil,1,false,true,0.0,0.0,0.0,0.0,0.0,0.0,0.0
Omelette,Base.OmeletteRecipe,Base.BasilDried,1,false,true,0.0,0.0,0.0,0.0,0.0,0.0,0.0
Omelette,Base.OmeletteRecipe,Base.BeanBowl,8,false,false,0.333333,56.666667,11.0,0.333333,2.333333,0.233333,66.111111
Omelette,Base.OmeletteRecipe,Base.BellPepper,4,false,false,0.5,15.0,3.5,0.0,0.5,0.35,17.5
Omelette,Base.OmeletteRecipe,Base.Broccoli,9,false,false,1.0,11.0,2.0,0.1,0.9,0.7,12.833333
Omelette,Base.OmeletteRecipe,Base.CannedBellPepper_Open,4,false,false,0.083333,15.0,3.5,0.0,0.5,0.058333,17.5
Omelette,Base.OmeletteRecipe,Base.CannedBologneseOpen,12,false,false,0.5,270.0,34.0,11.0,9.0,0.35,315.0
Omelette,Base.OmeletteRecipe,Base.CannedBroccoli_Open,9,false,false,0.2,11.0,2.0,0.1,0.9,0.14,12.833333
Omelette,Base.OmeletteRecipe,Base.CannedCarrotsOpen,6,false,false,0.5,5.25,14.0,0.0,0.0,0.35,6.125
Omelette,Base.OmeletteRecipe,Base.CannedChiliOpen,8,false,false,0.5,130.0,16.5,3.5,8.0,0.35,151.666667
Omelette,Base.OmeletteRecipe,Base.CannedCornOpen,8,false,false,0.5,157.5,35.0,0.875,3.5,0.35,183.75
Omelette,Base.OmeletteRecipe,Base.CannedCornedBeefOpen,8,false,false,0.333333,240.0,0.0,16.0,26.0,0.233333,280.0
Omelette,Base.OmeletteRecipe,Base.CannedEggplant_Open,8,false,false,0.166667,57.0,13.5,0.4,2.25,0.116667,66.5
Omelette,Base.OmeletteRecipe,Base.CannedLeek_Open,6,false,false,0.125,27.0,70.0,0.15,1.9,0.0875,31.5
Omelette,Base.OmeletteRecipe,Base.CannedMushroomSoupOpen,5,false,false,0.5,80.0,9.5,4.0,1.5,0.35,93.333333
Omelette,Base.OmeletteRecipe,Base.CannedPeasOpen,8,false,false,0.5,140.0,26.25,0.0,7.0,0.35,163.333333
Omelette,Base.OmeletteRecipe,Base.CannedPotatoOpen,9,false,false,0.5,87.5,17.5,0.0,1.25,0.35,102.083333
Omelette,Base.OmeletteRecipe,Base.CannedPotato_Open,9,false,false,0.1875,39.375,8.4375,0.084375,1.6875,0.13125,45.9375
Omelette,Base.OmeletteRecipe,Base.CannedSardinesOpen,7,false,false,0.5,75.0,0.0,5.5,7.0,0.35,87.5
Omelette,Base.OmeletteRecipe,Base.CannedTomatoOpen,12,false,false,1.0,90.0,18.0,0.0,3.0,0.7,105.0
Omelette,Base.OmeletteRecipe,Base.CannedTomato_Open,6,false,false,0.125,7.0,1.75,0.1,0.65,0.0875,8.166667
Omelette,Base.OmeletteRecipe,Base.Cauliflower,9,false,false,1.0,24.0,3.0,0.0,4.0,0.7,28.0
Omelette,Base.OmeletteRecipe,Base.Cheese,5,false,false,0.333333,37.666667,0.29,3.11,2.133333,0.233333,43.944444
Omelette,Base.OmeletteRecipe,Base.Chives,1,false,true,0.0,0.0,0.0,0.0,0.0,0.0,0.0
Omelette,Base.OmeletteRecipe,Base.ChivesDried,1,false,true,0.0,0.0,0.0,0.0,0.0,0.0,0.0
Omelette,Base.OmeletteRecipe,Base.Cilantro,1,false,true,0.0,0.0,0.0,0.0,0.0,0.0,0.0
Omelette,Base.OmeletteRecipe,Base.CilantroDried,1,false,true,0.0,0.0,0.0,0.0,0.0,0.0,0.0
Omelette,Base.OmeletteRecipe,Base.CilantroSeed,1,false,true,0.0,0.0,0.0,0.0,0.0,0.0,0.0
Omelette,Base.OmeletteRecipe,Base.CornFrozen,5,false,false,0.25,99.0,23.5,1.25,3.75,0.175,115.5
Omelette,Base.OmeletteRecipe,Base.Dandelions,5,false,false,1.0,25.0,5.0,0.5,1.5,0.7,29.166667
Omelette,Base.OmeletteRecipe,Base.Dip_NachoCheese,2,false,true,0.0,0.0,0.0,0.0,0.0,0.0,0.0
Omelette,Base.OmeletteRecipe,Base.Dip_Ranch,2,false,true,0.0,0.0,0.0,0.0,0.0,0.0,0.0
Omelette,Base.OmeletteRecipe,Base.Dip_Salsa,2,false,true,0.0,0.0,0.0,0.0,0.0,0.0,0.0
Omelette,Base.OmeletteRecipe,Base.Eggplant,8,false,false,0.5,57.0,13.5,0.4,2.25,0.35,66.5
Omelette,Base.OmeletteRecipe,Base.Garlic,1,false,true,0.0,0.0,0.0,0.0,0.0,0.0,0.0
Omelette,Base.OmeletteRecipe,Base.GreenOnions,1,false,true,0.0,0.0,0.0,0.0,0.0,0.0,0.0
Omelette,Base.OmeletteRecipe,Base.Greenpeas,4,false,false,1.0,70.0,13.125,0.0,3.5,0.7,81.666667
Omelette,Base.OmeletteRecipe,Base.Guacamole,2,false,true,0.0,0.0,0.0,0.0,0.0,0.0,0.0
Omelette,Base.OmeletteRecipe,Base.HamSlice,10,false,false,1.0,260.0,15.16,13.0,19.5,0.7,303.333333
Omelette,Base.OmeletteRecipe,Base.Hotsauce,2,false,true,0.0,0.0,0.0,0.0,0.0,0.0,0.0
Omelette,Base.OmeletteRecipe,Base.Kale,8,false,false,0.5,89.0,20.705,0.355,4.57,0.35,103.833333
Omelette,Base.OmeletteRecipe,Base.Leek,6,false,false,0.5,27.0,70.0,0.15,0.65,0.35,31.5
Omelette,Base.OmeletteRecipe,Base.MixedVegetables,5,false,false,0.25,67.75,9.25,0.0,2.25,0.175,79.041667
Omelette,Base.OmeletteRecipe,Base.MushroomGeneric1,13,false,false,1.0,30.0,2.12,0.24,2.04,0.7,35.0
Omelette,Base.OmeletteRecipe,Base.MushroomGeneric2,13,false,false,1.0,30.0,2.12,0.24,2.04,0.7,35.0
Omelette,Base.OmeletteRecipe,Base.MushroomGeneric3,15,false,false,1.0,32.0,2.56,0.32,2.36,0.7,37.333333
Omelette,Base.OmeletteRecipe,Base.MushroomGeneric4,13,false,false,1.0,30.0,2.12,0.24,2.04,0.7,35.0
Omelette,Base.OmeletteRecipe,Base.MushroomGeneric5,15,false,false,1.0,32.0,2.56,0.32,2.36,0.7,37.333333
Omelette,Base.OmeletteRecipe,Base.MushroomGeneric6,13,false,false,1.0,30.0,2.12,0.24,2.04,0.7,35.0
Omelette,Base.OmeletteRecipe,Base.MushroomGeneric7,13,false,false,1.0,32.0,2.12,0.24,2.04,0.7,37.333333
Omelette,Base.OmeletteRecipe,Base.MushroomsButton,7,false,false,1.0,15.0,1.06,0.12,1.02,0.7,17.5
Omelette,Base.OmeletteRecipe,Base.Onion,2,false,false,0.2,5.6,1.308,0.014,0.154,0.14,6.533333
Omelette,Base.OmeletteRecipe,Base.OpenBeans,8,false,false,0.333333,56.666667,11.0,0.333333,2.333333,0.233333,66.111111
Omelette,Base.OmeletteRecipe,Base.Oregano,1,false,true,0.0,0.0,0.0,0.0,0.0,0.0,0.0
Omelette,Base.OmeletteRecipe,Base.OreganoDried,1,false,true,0.0,0.0,0.0,0.0,0.0,0.0,0.0
Omelette,Base.OmeletteRecipe,Base.Parsley,1,false,true,0.0,0.0,0.0,0.0,0.0,0.0,0.0
Omelette,Base.OmeletteRecipe,Base.ParsleyDried,1,false,true,0.0,0.0,0.0,0.0,0.0,0.0,0.0
Omelette,Base.OmeletteRecipe,Base.Peas,5,false,false,0.25,29.75,5.1125,0.2125,1.9875,0.175,34.708333
Omelette,Base.OmeletteRecipe,Base.PepperHabanero,1,false,true,0.0,0.0,0.0,0.0,0.0,0.0,0.0
Omelette,Base.OmeletteRecipe,Base.PepperHabaneroDried,1,false,true,0.0,0.0,0.0,0.0,0.0,0.0,0.0
Omelette,Base.OmeletteRecipe,Base.PepperJalapeno,1,false,true,0.0,0.0,0.0,0.0,0.0,0.0,0.0
Omelette,Base.OmeletteRecipe,Base.PepperJalapenoDried,1,false,true,0.0,0.0,0.0,0.0,0.0,0.0,0.0
Omelette,Base.OmeletteRecipe,Base.Potato,9,false,false,0.5,35.0,7.5,0.075,1.5,0.35,40.833333
Omelette,Base.OmeletteRecipe,Base.Processedcheese,5,false,false,1.0,70.0,0.0,6.0,4.0,0.7,81.666667
Omelette,Base.OmeletteRecipe,Base.RefriedBeans,5,false,false,0.5,35.0,12.5,0.75,5.0,0.35,40.833333
Omelette,Base.OmeletteRecipe,Base.Rosemary,1,false,true,0.0,0.0,0.0,0.0,0.0,0.0,0.0
Omelette,Base.OmeletteRecipe,Base.RosemaryDried,1,false,true,0.0,0.0,0.0,0.0,0.0,0.0,0.0
Omelette,Base.OmeletteRecipe,Base.Sage,1,false,true,0.0,0.0,0.0,0.0,0.0,0.0,0.0
Omelette,Base.OmeletteRecipe,Base.SageDried,1,false,true,0.0,0.0,0.0,0.0,0.0,0.0,0.0
Omelette,Base.OmeletteRecipe,Base.Seasoning_Basil,1,false,true,0.0,0.0,0.0,0.0,0.0,0.0,0.0
Omelette,Base.OmeletteRecipe,Base.Seasoning_Chives,1,false,true,0.0,0.0,0.0,0.0,0.0,0.0,0.0
Omelette,Base.OmeletteRecipe,Base.Seasoning_Cilantro,1,false,true,0.0,0.0,0.0,0.0,0.0,0.0,0.0
Omelette,Base.OmeletteRecipe,Base.Seasoning_Oregano,1,false,true,0.0,0.0,0.0,0.0,0.0,0.0,0.0
Omelette,Base.OmeletteRecipe,Base.Seasoning_Parsley,1,false,true,0.0,0.0,0.0,0.0,0.0,0.0,0.0
Omelette,Base.OmeletteRecipe,Base.Seasoning_Rosemary,1,false,true,0.0,0.0,0.0,0.0,0.0,0.0,0.0
Omelette,Base.OmeletteRecipe,Base.Seasoning_Sage,1,false,true,0.0,0.0,0.0,0.0,0.0,0.0,0.0
Omelette,Base.OmeletteRecipe,Base.Seasoning_Thyme,1,false,true,0.0,0.0,0.0,0.0,0.0,0.0,0.0
Omelette,Base.OmeletteRecipe,Base.Thyme,1,false,true,0.0,0.0,0.0,0.0,0.0,0.0,0.0
Omelette,Base.OmeletteRecipe,Base.ThymeDried,1,false,true,0.0,0.0,0.0,0.0,0.0,0.0,0.0
Omelette,Base.OmeletteRecipe,Base.Tomato,6,false,false,0.5,7.0,1.75,0.1,0.65,0.35,8.166667
Omelette,Base.OmeletteRecipe,Base.TomatoPaste,3,false,true,0.0,0.0,0.0,0.0,0.0,0.0,0.0
Omelette,Base.OmeletteRecipe,Base.TunaTinOpen,9,false,false,0.5,185.0,0.0,17.0,7.5,0.35,215.833333
Omelette,Base.OmeletteRecipe,Base.WildGarlic2,1,false,true,0.0,0.0,0.0,0.0,0.0,0.0,0.0
Omelette,Base.OmeletteRecipe,Base.WildGarlicDried,1,false,true,0.0,0.0,0.0,0.0,0.0,0.0,0.0
Omelette,Base.OmeletteRecipe,Base.Zucchini,5,false,false,0.5,16.5,3.05,0.315,1.185,0.35,19.25
Omelette,Base.OmeletteRecipe,Base.cheese_powdered,14,false,false,1.0,130.0,20.7,9.7,21.0,0.7,151.666667
Omelette Forged,Base.OmeletteRecipeForged,Base.Avocado,8,false,false,0.5,113.5,5.875,10.48,1.335,0.35,132.416667
Omelette Forged,Base.OmeletteRecipeForged,Base.BaconBits,1,false,true,0.0,0.0,0.0,0.0,0.0,0.0,0.0
Omelette Forged,Base.OmeletteRecipeForged,Base.BaconRashers,4,false,false,1.0,40.0,0.0,3.5,2.5,0.7,46.666667
Omelette Forged,Base.OmeletteRecipeForged,Base.Basil,1,false,true,0.0,0.0,0.0,0.0,0.0,0.0,0.0
Omelette Forged,Base.OmeletteRecipeForged,Base.BasilDried,1,false,true,0.0,0.0,0.0,0.0,0.0,0.0,0.0
Omelette Forged,Base.OmeletteRecipeForged,Base.BeanBowl,8,false,false,0.333333,56.666667,11.0,0.333333,2.333333,0.233333,66.111111
Omelette Forged,Base.OmeletteRecipeForged,Base.BellPepper,4,false,false,0.5,15.0,3.5,0.0,0.5,0.35,17.5
Omelette Forged,Base.OmeletteRecipeForged,Base.Broccoli,9,false,false,1.0,11.0,2.0,0.1,0.9,0.7,12.833333
Omelette Forged,Base.OmeletteRecipeForged,Base.CannedBellPepper_Open,4,false,false,0.083333,15.0,3.5,0.0,0.5,0.058333,17.5
Omelette Forged,Base.OmeletteRecipeForged,Base.CannedBologneseOpen,12,false,false,0.5,270.0,34.0,11.0,9.0,0.35,315.0
Omelette Forged,Base.OmeletteRecipeForged,Base.CannedBroccoli_Open,9,false,false,0.2,11.0,2.0,0.1,0.9,0.14,12.833333
Omelette Forged,Base.OmeletteRecipeForged,Base.CannedCarrotsOpen,6,false,false,0.5,5.25,14.0,0.0,0.0,0.35,6.125
Omelette Forged,Base.OmeletteRecipeForged,Base.CannedChiliOpen,8,false,false,0.5,130.0,16.5,3.5,8.0,0.35,151.666667
Omelette Forged,Base.OmeletteRecipeForged,Base.CannedCornOpen,8,false,false,0.5,157.5,35.0,0.875,3.5,0.35,183.75
Omelette Forged,Base.OmeletteRecipeForged,Base.CannedCornedBeefOpen,8,false,false,0.333333,240.0,0.0,16.0,26.0,0.233333,280.0
Omelette Forged,Base.OmeletteRecipeForged,Base.CannedEggplant_Open,8,false,false,0.166667,57.0,13.5,0.4,2.25,0.116667,66.5
Omelette Forged,Base.OmeletteRecipeForged,Base.CannedLeek_Open,6,false,false,0.125,27.0,70.0,0.15,1.9,0.0875,31.5
Omelette Forged,Base.OmeletteRecipeForged,Base.CannedMushroomSoupOpen,5,false,false,0.5,80.0,9.5,4.0,1.5,0.35,93.333333
Omelette Forged,Base.OmeletteRecipeForged,Base.CannedPeasOpen,8,false,false,0.5,140.0,26.25,0.0,7.0,0.35,163.333333
Omelette Forged,Base.OmeletteRecipeForged,Base.CannedPotatoOpen,9,false,false,0.5,87.5,17.5,0.0,1.25,0.35,102.083333
Omelette Forged,Base.OmeletteRecipeForged,Base.CannedPotato_Open,9,false,false,0.1875,39.375,8.4375,0.084375,1.6875,0.13125,45.9375
Omelette Forged,Base.OmeletteRecipeForged,Base.CannedSardinesOpen,7,false,false,0.5,75.0,0.0,5.5,7.0,0.35,87.5
Omelette Forged,Base.OmeletteRecipeForged,Base.CannedTomatoOpen,12,false,false,1.0,90.0,18.0,0.0,3.0,0.7,105.0
Omelette Forged,Base.OmeletteRecipeForged,Base.CannedTomato_Open,6,false,false,0.125,7.0,1.75,0.1,0.65,0.0875,8.166667
Omelette Forged,Base.OmeletteRecipeForged,Base.Cauliflower,9,false,false,1.0,24.0,3.0,0.0,4.0,0.7,28.0
Omelette Forged,Base.OmeletteRecipeForged,Base.Cheese,5,false,false,0.333333,37.666667,0.29,3.11,2.133333,0.233333,43.944444
Omelette Forged,Base.OmeletteRecipeForged,Base.Chives,1,false,true,0.0,0.0,0.0,0.0,0.0,0.0,0.0
Omelette Forged,Base.OmeletteRecipeForged,Base.ChivesDried,1,false,true,0.0,0.0,0.0,0.0,0.0,0.0,0.0
Omelette Forged,Base.OmeletteRecipeForged,Base.Cilantro,1,false,true,0.0,0.0,0.0,0.0,0.0,0.0,0.0
Omelette Forged,Base.OmeletteRecipeForged,Base.CilantroDried,1,false,true,0.0,0.0,0.0,0.0,0.0,0.0,0.0
Omelette Forged,Base.OmeletteRecipeForged,Base.CilantroSeed,1,false,true,0.0,0.0,0.0,0.0,0.0,0.0,0.0
Omelette Forged,Base.OmeletteRecipeForged,Base.CornFrozen,5,false,false,0.25,99.0,23.5,1.25,3.75,0.175,115.5
Omelette Forged,Base.OmeletteRecipeForged,Base.Dandelions,5,false,false,1.0,25.0,5.0,0.5,1.5,0.7,29.166667
Omelette Forged,Base.OmeletteRecipeForged,Base.Dip_NachoCheese,2,false,true,0.0,0.0,0.0,0.0,0.0,0.0,0.0
Omelette Forged,Base.OmeletteRecipeForged,Base.Dip_Ranch,2,false,true,0.0,0.0,0.0,0.0,0.0,0.0,0.0
Omelette Forged,Base.OmeletteRecipeForged,Base.Dip_Salsa,2,false,true,0.0,0.0,0.0,0.0,0.0,0.0,0.0
Omelette Forged,Base.OmeletteRecipeForged,Base.Eggplant,8,false,false,0.5,57.0,13.5,0.4,2.25,0.35,66.5
Omelette Forged,Base.OmeletteRecipeForged,Base.Garlic,1,false,true,0.0,0.0,0.0,0.0,0.0,0.0,0.0
Omelette Forged,Base.OmeletteRecipeForged,Base.GreenOnions,1,false,true,0.0,0.0,0.0,0.0,0.0,0.0,0.0
Omelette Forged,Base.OmeletteRecipeForged,Base.Greenpeas,4,false,false,1.0,70.0,13.125,0.0,3.5,0.7,81.666667
Omelette Forged,Base.OmeletteRecipeForged,Base.Guacamole,2,false,true,0.0,0.0,0.0,0.0,0.0,0.0,0.0
Omelette Forged,Base.OmeletteRecipeForged,Base.HamSlice,10,false,false,1.0,260.0,15.16,13.0,19.5,0.7,303.333333
Omelette Forged,Base.OmeletteRecipeForged,Base.Hotsauce,2,false,true,0.0,0.0,0.0,0.0,0.0,0.0,0.0
Omelette Forged,Base.OmeletteRecipeForged,Base.Kale,8,false,false,0.5,89.0,20.705,0.355,4.57,0.35,103.833333
Omelette Forged,Base.OmeletteRecipeForged,Base.Leek,6,false,false,0.5,27.0,70.0,0.15,0.65,0.35,31.5
Omelette Forged,Base.OmeletteRecipeForged,Base.MixedVegetables,5,false,false,0.25,67.75,9.25,0.0,2.25,0.175,79.041667
Omelette Forged,Base.OmeletteRecipeForged,Base.MushroomGeneric1,13,false,false,1.0,30.0,2.12,0.24,2.04,0.7,35.0
Omelette Forged,Base.OmeletteRecipeForged,Base.MushroomGeneric2,13,false,false,1.0,30.0,2.12,0.24,2.04,0.7,35.0
Omelette Forged,Base.OmeletteRecipeForged,Base.MushroomGeneric3,15,false,false,1.0,32.0,2.56,0.32,2.36,0.7,37.333333
Omelette Forged,Base.OmeletteRecipeForged,Base.MushroomGeneric4,13,false,false,1.0,30.0,2.12,0.24,2.04,0.7,35.0
Omelette Forged,Base.OmeletteRecipeForged,Base.MushroomGeneric5,15,false,false,1.0,32.0,2.56,0.32,2.36,0.7,37.333333
Omelette Forged,Base.OmeletteRecipeForged,Base.MushroomGeneric6,13,false,false,1.0,30.0,2.12,0.24,2.04,0.7,35.0
Omelette Forged,Base.OmeletteRecipeForged,Base.MushroomGeneric7,13,false,false,1.0,32.0,2.12,0.24,2.04,0.7,37.333333
Omelette Forged,Base.OmeletteRecipeForged,Base.MushroomsButton,7,false,false,1.0,15.0,1.06,0.12,1.02,0.7,17.5
Omelette Forged,Base.OmeletteRecipeForged,Base.Onion,2,false,false,0.2,5.6,1.308,0.014,0.154,0.14,6.533333
Omelette Forged,Base.OmeletteRecipeForged,Base.OpenBeans,8,false,false,0.333333,56.666667,11.0,0.333333,2.333333,0.233333,66.111111
Omelette Forged,Base.OmeletteRecipeForged,Base.Oregano,1,false,true,0.0,0.0,0.0,0.0,0.0,0.0,0.0
Omelette Forged,Base.OmeletteRecipeForged,Base.OreganoDried,1,false,true,0.0,0.0,0.0,0.0,0.0,0.0,0.0
Omelette Forged,Base.OmeletteRecipeForged,Base.Parsley,1,false,true,0.0,0.0,0.0,0.0,0.0,0.0,0.0
Omelette Forged,Base.OmeletteRecipeForged,Base.ParsleyDried,1,false,true,0.0,0.0,0.0,0.0,0.0,0.0,0.0
Omelette Forged,Base.OmeletteRecipeForged,Base.Peas,5,false,false,0.25,29.75,5.1125,0.2125,1.9875,0.175,34.708333
Omelette Forged,Base.OmeletteRecipeForged,Base.PepperHabanero,1,false,true,0.0,0.0,0.0,0.0,0.0,0.0,0.0
Omelette Forged,Base.OmeletteRecipeForged,Base.PepperHabaneroDried,1,false,true,0.0,0.0,0.0,0.0,0.0,0.0,0.0
Omelette Forged,Base.OmeletteRecipeForged,Base.PepperJalapeno,1,false,true,0.0,0.0,0.0,0.0,0.0,0.0,0.0
Omelette Forged,Base.OmeletteRecipeForged,Base.PepperJalapenoDried,1,false,true,0.0,0.0,0.0,0.0,0.0,0.0,0.0
Omelette Forged,Base.OmeletteRecipeForged,Base.Potato,9,false,false,0.5,35.0,7.5,0.075,1.5,0.35,40.833333
Omelette Forged,Base.OmeletteRecipeForged,Base.Processedcheese,5,false,false,1.0,70.0,0.0,6.0,4.0,0.7,81.666667
Omelette Forged,Base.OmeletteRecipeForged,Base.RefriedBeans,5,false,false,0.5,35.0,12.5,0.75,5.0,0.35,40.833333
Omelette Forged,Base.OmeletteRecipeForged,Base.Rosemary,1,false,true,0.0,0.0,0.0,0.0,0.0,0.0,0.0
Omelette Forged,Base.OmeletteRecipeForged,Base.RosemaryDried,1,false,true,0.0,0.0,0.0,0.0,0.0,0.0,0.0
Omelette Forged,Base.OmeletteRecipeForged,Base.Sage,1,false,true,0.0,0.0,0.0,0.0,0.0,0.0,0.0
Omelette Forged,Base.OmeletteRecipeForged,Base.SageDried,1,false,true,0.0,0.0,0.0,0.0,0.0,0.0,0.0
Omelette Forged,Base.OmeletteRecipeForged,Base.Seasoning_Basil,1,false,true,0.0,0.0,0.0,0.0,0.0,0.0,0.0
Omelette Forged,Base.OmeletteRecipeForged,Base.Seasoning_Chives,1,false,true,0.0,0.0,0.0,0.0,0.0,0.0,0.0
Omelette Forged,Base.OmeletteRecipeForged,Base.Seasoning_Cilantro,1,false,true,0.0,0.0,0.0,0.0,0.0,0.0,0.0
Omelette Forged,Base.OmeletteRecipeForged,Base.Seasoning_Oregano,1,false,true,0.0,0.0,0.0,0.0,0.0,0.0,0.0
Omelette Forged,Base.OmeletteRecipeForged,Base.Seasoning_Parsley,1,false,true,0.0,0.0,0.0,0.0,0.0,0.0,0.0
Omelette Forged,Base.OmeletteRecipeForged,Base.Seasoning_Rosemary,1,false,true,0.0,0.0,0.0,0.0,0.0,0.0,0.0
Omelette Forged,Base.OmeletteRecipeForged,Base.Seasoning_Sage,1,false,true,0.0,0.0,0.0,0.0,0.0,0.0,0.0
Omelette Forged,Base.OmeletteRecipeForged,Base.Seasoning_Thyme,1,false,true,0.0,0.0,0.0,0.0,0.0,0.0,0.0
Omelette Forged,Base.OmeletteRecipeForged,Base.Thyme,1,false,true,0.0,0.0,0.0,0.0,0.0,0.0,0.0
Omelette Forged,Base.OmeletteRecipeForged,Base.ThymeDried,1,false,true,0.0,0.0,0.0,0.0,0.0,0.0,0.0
Omelette Forged,Base.OmeletteRecipeForged,Base.Tomato,6,false,false,0.5,7.0,1.75,0.1,0.65,0.35,8.166667
Omelette Forged,Base.OmeletteRecipeForged,Base.TomatoPaste,3,false,true,0.0,0.0,0.0,0.0,0.0,0.0,0.0
Omelette Forged,Base.OmeletteRecipeForged,Base.TunaTinOpen,9,false,false,0.5,185.0,0.0,17.0,7.5,0.35,215.833333
Omelette Forged,Base.OmeletteRecipeForged,Base.WildGarlic2,1,false,true,0.0,0.0,0.0,0.0,0.0,0.0,0.0
Omelette Forged,Base.OmeletteRecipeForged,Base.WildGarlicDried,1,false,true,0.0,0.0,0.0,0.0,0.0,0.0,0.0
Omelette Forged,Base.OmeletteRecipeForged,Base.Zucchini,5,false,false,0.5,16.5,3.05,0.315,1.185,0.35,19.25
Omelette Forged,Base.OmeletteRecipeForged,Base.cheese_powdered,14,false,false,1.0,130.0,20.7,9.7,21.0,0.7,151.666667
Pancakes,Base.PancakesRecipe,Base.Apple,8,false,false,0.5,47.5,12.565,0.155,0.235,0.35,55.416667
Pancakes,Base.PancakesRecipe,Base.Banana,8,false,false,0.5,52.5,13.475,0.195,0.645,0.35,61.25
Pancakes,Base.PancakesRecipe,Base.BeautyBerry,10,false,false,1.0,23.0,5.0,0.0,4.0,0.7,26.833333
Pancakes,Base.PancakesRecipe,Base.BerryBlack,10,false,false,1.0,23.0,5.0,0.0,4.0,0.7,26.833333
Pancakes,Base.PancakesRecipe,Base.BerryBlue,10,false,false,1.0,23.0,5.0,0.0,4.0,0.7,26.833333
Pancakes,Base.PancakesRecipe,Base.BerryGeneric1,5,false,false,1.0,12.0,3.0,0.0,2.0,0.7,14.0
Pancakes,Base.PancakesRecipe,Base.BerryGeneric2,10,false,false,1.0,23.0,5.0,0.0,4.0,0.7,26.833333
Pancakes,Base.PancakesRecipe,Base.BerryGeneric3,5,false,false,1.0,8.0,3.0,0.0,2.0,0.7,9.333333
Pancakes,Base.PancakesRecipe,Base.BerryGeneric4,10,false,false,1.0,23.0,5.0,0.0,4.0,0.7,26.833333
Pancakes,Base.PancakesRecipe,Base.BerryGeneric5,10,false,false,1.0,23.0,5.0,0.0,4.0,0.7,26.833333
Pancakes,Base.PancakesRecipe,Base.BerryPoisonIvy,5,false,false,1.0,23.0,5.0,0.0,4.0,0.7,26.833333
Pancakes,Base.PancakesRecipe,Base.Butter,4,false,true,0.0,0.0,0.0,0.0,0.0,0.0,0.0
Pancakes,Base.PancakesRecipe,Base.CannedFruitBeverageOpen,15,false,false,1.0,250.0,0.0,24.0,10.0,0.7,291.666667
Pancakes,Base.PancakesRecipe,Base.CannedFruitCocktailOpen,15,false,false,1.0,250.0,0.0,24.0,10.0,0.7,291.666667
Pancakes,Base.PancakesRecipe,Base.CannedMilkOpen,2,false,false,0.2,94.4,4.72,4.72,4.72,0.14,110.133333
Pancakes,Base.PancakesRecipe,Base.CannedPeachesOpen,15,false,false,1.0,250.0,0.0,24.0,10.0,0.7,291.666667
Pancakes,Base.PancakesRecipe,Base.CannedPineappleOpen,5,false,false,0.333333,83.333333,0.0,8.0,3.333333,0.233333,97.222222
Pancakes,Base.PancakesRecipe,Base.Cherry,3,false,false,1.0,5.0,1.31,0.0,0.09,0.7,5.833333
Pancakes,Base.PancakesRecipe,Base.Chocolate,10,false,false,0.5,425.0,55.0,33.0,5.0,0.35,495.833333
Pancakes,Base.PancakesRecipe,Base.ChocolateChips,3,false,false,0.5,25.0,8.5,4.0,0.5,0.35,29.166667
Pancakes,Base.PancakesRecipe,Base.Chocolate_Butterchunkers,10,false,false,0.5,115.0,14.5,6.0,1.0,0.35,134.166667
Pancakes,Base.PancakesRecipe,Base.Chocolate_Crackle,10,false,false,0.5,115.0,14.5,6.0,1.0,0.35,134.166667
Pancakes,Base.PancakesRecipe,Base.Chocolate_Deux,10,false,false,0.5,125.0,17.0,6.0,1.0,0.35,145.833333
Pancakes,Base.PancakesRecipe,Base.Chocolate_GalacticDairy,10,false,false,0.5,95.0,15.0,4.0,1.0,0.35,110.833333
Pancakes,Base.PancakesRecipe,Base.Chocolate_HeartBox,10,false,false,0.25,425.0,55.0,32.5,5.0,0.175,495.833333
Pancakes,Base.PancakesRecipe,Base.Chocolate_RoysPBPucks,10,false,false,0.5,115.0,13.0,6.5,2.5,0.35,134.166667
Pancakes,Base.PancakesRecipe,Base.Chocolate_Smirkers,10,false,false,0.5,140.0,17.5,7.0,2.0,0.35,163.333333
Pancakes,Base.PancakesRecipe,Base.Chocolate_SnikSnak,10,false,false,0.5,115.0,14.5,6.0,1.5,0.35,134.166667
Pancakes,Base.PancakesRecipe,Base.Cinnamon,1,false,true,0.0,0.0,0.0,0.0,0.0,0.0,0.0
Pancakes,Base.PancakesRecipe,Base.CocoaPowder,5,false,false,0.166667,10.0,1.333333,0.833333,0.333333,0.116667,11.666667
Pancakes,Base.PancakesRecipe,Base.DriedApricots,8,false,false,0.5,120.5,31.3,0.25,1.7,0.35,140.583333
Pancakes,Base.PancakesRecipe,Base.Grapefruit,10,false,false,0.5,7.5,50.555,1.89,8.78,0.35,8.75
Pancakes,Base.PancakesRecipe,Base.Grapes,15,false,false,1.0,62.0,15.78,0.32,0.58,0.7,72.333333
Pancakes,Base.PancakesRecipe,Base.HollyBerry,10,false,false,1.0,23.0,5.0,0.0,4.0,0.7,26.833333
Pancakes,Base.PancakesRecipe,Base.Honey,2,false,true,0.0,0.0,0.0,0.0,0.0,0.0,0.0
Pancakes,Base.PancakesRecipe,Base.Icing,5,false,false,0.5,55.0,40.0,22.0,8.0,0.35,64.166667
Pancakes,Base.PancakesRecipe,Base.JamFruit,5,false,false,0.166667,91.666667,21.666667,0.0,0.166667,0.116667,106.944444
Pancakes,Base.PancakesRecipe,Base.JamMarmalade,5,false,false,0.166667,91.666667,21.666667,0.0,0.166667,0.116667,106.944444
Pancakes,Base.PancakesRecipe,Base.Lemon,5,false,true,0.0,0.0,0.0,0.0,0.0,0.0,0.0
Pancakes,Base.PancakesRecipe,Base.Lime,2,false,true,0.0,0.0,0.0,0.0,0.0,0.0,0.0
Pancakes,Base.PancakesRecipe,Base.Mango,10,false,false,0.5,126.0,39.35,0.545,1.945,0.35,147.0
Pancakes,Base.PancakesRecipe,Base.MapleSyrup,3,false,true,0.0,0.0,0.0,0.0,0.0,0.0,0.0
Pancakes,Base.PancakesRecipe,Base.Margarine,4,false,true,0.0,0.0,0.0,0.0,0.0,0.0,0.0
Pancakes,Base.PancakesRecipe,Base.Marshmallows,5,false,false,1.0,30.0,8.0,0.0,0.5,0.7,35.0
Pancakes,Base.PancakesRecipe,Base.Orange,6,false,false,0.5,32.5,8.135,0.15,0.5,0.35,37.916667
Pancakes,Base.PancakesRecipe,Base.Peach,6,false,false,0.5,29.0,7.155,0.19,0.68,0.35,33.833333
Pancakes,Base.PancakesRecipe,Base.Pear,8,false,false,0.5,37.5,10.065,0.105,0.135,0.35,43.75
Pancakes,Base.PancakesRecipe,Base.Pineapple,8,false,false,0.333333,150.666667,39.566667,0.363333,1.63,0.233333,175.777778
Pancakes,Base.PancakesRecipe,Base.Strewberrie,5,false,false,1.0,4.0,0.92,0.04,0.08,0.7,4.666667
Pancakes,Base.PancakesRecipe,Base.WatermelonSliced,6,false,false,1.0,135.5,34.11,0.67,2.75,0.7,158.083333
Pancakes,Base.PancakesRecipe,Base.WatermelonSmashed,12,false,false,1.0,271.0,68.2,1.35,5.51,0.7,316.166667
Pancakes,Base.PancakesRecipe,Base.WinterBerry,10,false,false,1.0,23.0,5.0,0.0,4.0,0.7,26.833333
PastaPan,Base.PastaPan,Base.Avocado,16,false,false,1.0,227.0,11.75,20.96,2.67,0.7,264.833333
PastaPan,Base.PastaPan,Base.BBQSauce,2,false,true,0.0,0.0,0.0,0.0,0.0,0.0,0.0
PastaPan,Base.PastaPan,Base.Bacon,12,false,false,1.0,160.0,0.0,14.0,10.0,0.7,186.666667
PastaPan,Base.PastaPan,Base.BaconBits,1,false,true,0.0,0.0,0.0,0.0,0.0,0.0,0.0
PastaPan,Base.PastaPan,Base.BaloneySlice,5,false,false,1.0,33.0,0.33,1.06,3.78,0.7,38.5
PastaPan,Base.PastaPan,Base.BalsamicVinegar,2,false,true,0.0,0.0,0.0,0.0,0.0,0.0,0.0
PastaPan,Base.PastaPan,Base.Basil,1,false,true,0.0,0.0,0.0,0.0,0.0,0.0,0.0
PastaPan,Base.PastaPan,Base.BasilDried,1,false,true,0.0,0.0,0.0,0.0,0.0,0.0,0.0
PastaPan,Base.PastaPan,Base.Beef,20,false,false,0.25,110.0,0.0,4.675,15.655,0.175,128.333333
PastaPan,Base.PastaPan,Base.BeefJerky,10,false,false,0.5,205.0,5.5,13.0,16.5,0.35,239.166667
PastaPan,Base.PastaPan,Base.BellPepper,8,false,false,1.0,30.0,7.0,0.0,1.0,0.7,35.0
PastaPan,Base.PastaPan,Base.Broccoli,9,false,false,1.0,11.0,2.0,0.1,0.9,0.7,12.833333
PastaPan,Base.PastaPan,Base.Butter,4,false,true,0.0,0.0,0.0,0.0,0.0,0.0,0.0
PastaPan,Base.PastaPan,Base.CannedBellPepper_Open,8,false,false,0.166667,30.0,7.0,0.0,1.0,0.116667,35.0
PastaPan,Base.PastaPan,Base.CannedBologneseOpen,24,false,false,1.0,540.0,68.0,22.0,18.0,0.7,630.0
PastaPan,Base.PastaPan,Base.CannedBroccoli_Open,9,false,false,0.2,11.0,2.0,0.1,0.9,0.14,12.833333
PastaPan,Base.PastaPan,Base.CannedCarrotsOpen,12,false,false,1.0,10.5,28.0,0.0,0.0,0.7,12.25
PastaPan,Base.PastaPan,Base.CannedCarrots_Open,8,false,false,0.2,25.0,6.0,0.15,0.6,0.14,29.166667
PastaPan,Base.PastaPan,Base.CannedChiliOpen,8,false,false,0.5,130.0,16.5,3.5,8.0,0.35,151.666667
PastaPan,Base.PastaPan,Base.CannedCornOpen,16,false,false,1.0,315.0,70.0,1.75,7.0,0.7,367.5
PastaPan,Base.PastaPan,Base.CannedCornedBeefOpen,12,false,false,0.5,360.0,0.0,24.0,39.0,0.35,420.0
PastaPan,Base.PastaPan,Base.CannedEggplant_Open,16,false,false,0.333333,114.0,27.0,0.8,4.5,0.233333,133.0
PastaPan,Base.PastaPan,Base.CannedLeek_Open,12,false,false,0.25,54.0,140.0,0.3,3.8,0.175,63.0
PastaPan,Base.PastaPan,Base.CannedMushroomSoupOpen,10,false,false,1.0,160.0,19.0,8.0,3.0,0.7,186.666667
PastaPan,Base.PastaPan,Base.CannedTomatoOpen,12,false,false,1.0,90.0,18.0,0.0,3.0,0.7,105.0
PastaPan,Base.PastaPan,Base.CannedTomato_Open,12,false,false,0.25,14.0,3.5,0.2,1.3,0.175,16.333333
PastaPan,Base.PastaPan,Base.Capers,1,false,true,0.0,0.0,0.0,0.0,0.0,0.0,0.0
PastaPan,Base.PastaPan,Base.Carrots,8,false,false,1.0,25.0,6.0,0.15,0.6,0.7,29.166667
PastaPan,Base.PastaPan,Base.Cauliflower,9,false,false,1.0,24.0,3.0,0.0,4.0,0.7,28.0
PastaPan,Base.PastaPan,Base.Cheese,10,false,false,0.666667,75.333333,0.58,6.22,4.266667,0.466667,87.888889
PastaPan,Base.PastaPan,Base.Chicken,30,false,false,0.909091,209.090909,0.0,8.181818,34.545455,0.636364,243.939394
PastaPan,Base.PastaPan,Base.ChickenFillet,18,false,false,0.6,138.0,0.0,5.4,22.8,0.42,161.0
PastaPan,Base.PastaPan,Base.ChickenWings,15,false,false,0.789474,150.0,0.0,4.736842,17.368421,0.552632,175.0
PastaPan,Base.PastaPan,Base.Chives,1,false,true,0.0,0.0,0.0,0.0,0.0,0.0,0.0
PastaPan,Base.PastaPan,Base.ChivesDried,1,false,true,0.0,0.0,0.0,0.0,0.0,0.0,0.0
PastaPan,Base.PastaPan,Base.Corn,14,false,false,1.0,88.0,26.74,1.93,4.68,0.7,102.666667
PastaPan,Base.PastaPan,Base.CornSeed,1,false,false,0.25,6.2,1.9,0.14,0.33,0.175,7.233333
PastaPan,Base.PastaPan,Base.Crayfish,10,false,false,1.0,40.0,0.0,2.0,8.0,0.7,46.666667
PastaPan,Base.PastaPan,Base.Daikon,12,false,false,1.0,54.0,12.59,0.27,1.34,0.7,63.0
PastaPan,Base.PastaPan,Base.DeadBird,10,false,false,0.666667,107.333333,0.333333,1.333333,14.666667,0.466667,125.222222
PastaPan,Base.PastaPan,Base.DeadMouse,10,false,false,1.0,220.0,0.7,3.15,9.5,0.7,256.666667
PastaPan,Base.PastaPan,Base.DeadMousePups,5,false,false,1.0,110.0,0.35,1.58,4.2,0.7,128.333333
PastaPan,Base.PastaPan,Base.DeadMousePupsSkinned,5,false,false,1.0,110.0,0.35,1.58,4.2,0.7,128.333333
PastaPan,Base.PastaPan,Base.DeadMouseSkinned,10,false,false,1.0,220.0,0.7,3.15,9.5,0.7,256.666667
PastaPan,Base.PastaPan,Base.DeadRat,15,false,false,0.681818,220.909091,0.0,10.909091,27.272727,0.477273,257.727273
PastaPan,Base.PastaPan,Base.DeadRatBaby,10,false,false,0.833333,145.5,0.0,7.166667,18.0,0.583333,169.75
PastaPan,Base.PastaPan,Base.DeadRatBabySkinned,10,false,false,0.833333,145.5,0.0,7.166667,18.0,0.583333,169.75
PastaPan,Base.PastaPan,Base.DeadRatSkinned,15,false,false,0.681818,220.909091,0.0,10.909091,27.272727,0.477273,257.727273
PastaPan,Base.PastaPan,Base.DeadSquirrel,15,false,false,0.46875,225.0,0.0,7.03125,39.75,0.328125,262.5
PastaPan,Base.PastaPan,Base.Dip_NachoCheese,2,false,true,0.0,0.0,0.0,0.0,0.0,0.0,0.0
PastaPan,Base.PastaPan,Base.Dip_Ranch,2,false,true,0.0,0.0,0.0,0.0,0.0,0.0,0.0
PastaPan,Base.PastaPan,Base.Dip_Salsa,2,false,true,0.0,0.0,0.0,0.0,0.0,0.0,0.0
PastaPan,Base.PastaPan,Base.DriedBlackBeans,10,false,false,0.166667,514.0,96.666667,0.0,33.166667,0.116667,599.666667
PastaPan,Base.PastaPan,Base.DriedChickpeas,10,false,false,0.166667,475.166667,90.666667,0.0,30.166667,0.116667,554.361111
PastaPan,Base.PastaPan,Base.DriedKidneyBeans,10,false,false,0.166667,544.166667,84.666667,2.166667,45.333333,0.116667,634.861111
PastaPan,Base.PastaPan,Base.DriedLentils,10,false,false,0.166667,500.0,90.0,0.0,36.666667,0.116667,583.333333
PastaPan,Base.PastaPan,Base.DriedSplitPeas,10,false,false,0.166667,369.5,90.666667,0.0,36.833333,0.116667,431.083333
PastaPan,Base.PastaPan,Base.DriedWhiteBeans,10,false,false,0.166667,470.5,87.833333,1.666667,31.333333,0.116667,548.916667
PastaPan,Base.PastaPan,Base.Egg,7,false,false,1.0,63.0,0.32,4.18,5.55,0.7,73.5
PastaPan,Base.PastaPan,Base.Eggplant,16,false,false,1.0,114.0,27.0,0.8,4.5,0.7,133.0
PastaPan,Base.PastaPan,Base.FishFillet,15,false,false,0.6,123.0,0.6,7.2,17.112,0.42,143.5
PastaPan,Base.PastaPan,Base.FishFried,15,false,false,0.5,105.0,3.5,6.0,8.0,0.35,122.5
PastaPan,Base.PastaPan,Base.Garlic,1,false,true,0.0,0.0,0.0,0.0,0.0,0.0,0.0
PastaPan,Base.PastaPan,Base.GreenOnions,1,false,true,0.0,0.0,0.0,0.0,0.0,0.0,0.0
PastaPan,Base.PastaPan,Base.GreenpeasSeed,1,false,false,1.0,17.5,3.25,0.0,0.875,0.7,20.416667
PastaPan,Base.PastaPan,Base.HamSlice,10,false,false,1.0,260.0,15.16,13.0,19.5,0.7,303.333333
PastaPan,Base.PastaPan,Base.Hotdog_single,10,false,false,1.0,65.0,1.25,2.0,1.25,0.7,75.833333
PastaPan,Base.PastaPan,Base.Hotsauce,2,false,true,0.0,0.0,0.0,0.0,0.0,0.0,0.0
PastaPan,Base.PastaPan,Base.Kale,8,false,false,0.5,89.0,20.705,0.355,4.57,0.35,103.833333
PastaPan,Base.PastaPan,Base.Ketchup,2,false,true,0.0,0.0,0.0,0.0,0.0,0.0,0.0
PastaPan,Base.PastaPan,Base.Lard,4,false,true,0.0,0.0,0.0,0.0,0.0,0.0,0.0
PastaPan,Base.PastaPan,Base.Leek,12,false,false,1.0,54.0,140.0,0.3,1.3,0.7,63.0
PastaPan,Base.PastaPan,Base.Lobster,20,false,false,0.5,60.0,0.0,3.5,14.0,0.35,70.0
PastaPan,Base.PastaPan,Base.Margarine,4,false,true,0.0,0.0,0.0,0.0,0.0,0.0,0.0
PastaPan,Base.PastaPan,Base.Marinara,2,false,true,0.0,0.0,0.0,0.0,0.0,0.0,0.0
PastaPan,Base.PastaPan,Base.MayonnaiseFull,2,false,true,0.0,0.0,0.0,0.0,0.0,0.0,0.0
PastaPan,Base.PastaPan,Base.MincedMeat,20,false,false,0.5,150.0,0.0,15.0,23.0,0.35,175.0
PastaPan,Base.PastaPan,Base.MushroomGeneric1,13,false,false,1.0,30.0,2.12,0.24,2.04,0.7,35.0
PastaPan,Base.PastaPan,Base.MushroomGeneric2,13,false,false,1.0,30.0,2.12,0.24,2.04,0.7,35.0
PastaPan,Base.PastaPan,Base.MushroomGeneric3,15,false,false,1.0,32.0,2.56,0.32,2.36,0.7,37.333333
PastaPan,Base.PastaPan,Base.MushroomGeneric4,13,false,false,1.0,30.0,2.12,0.24,2.04,0.7,35.0
PastaPan,Base.PastaPan,Base.MushroomGeneric5,15,false,false,1.0,32.0,2.56,0.32,2.36,0.7,37.333333
PastaPan,Base.PastaPan,Base.MushroomGeneric6,13,false,false,1.0,30.0,2.12,0.24,2.04,0.7,35.0
PastaPan,Base.PastaPan,Base.MushroomGeneric7,13,false,false,1.0,32.0,2.12,0.24,2.04,0.7,37.333333
PastaPan,Base.PastaPan,Base.MushroomsButton,7,false,false,1.0,15.0,1.06,0.12,1.02,0.7,17.5
PastaPan,Base.PastaPan,Base.Mustard,2,false,true,0.0,0.0,0.0,0.0,0.0,0.0,0.0
PastaPan,Base.PastaPan,Base.MuttonChop,15,false,false,0.5,117.0,0.04,5.5,16.5,0.35,136.5
PastaPan,Base.PastaPan,Base.OilOlive,2,false,true,0.0,0.0,0.0,0.0,0.0,0.0,0.0
PastaPan,Base.PastaPan,Base.OilVegetable,2,false,true,0.0,0.0,0.0,0.0,0.0,0.0,0.0
PastaPan,Base.PastaPan,Base.Onion,5,false,false,0.5,14.0,3.27,0.035,0.385,0.35,16.333333
PastaPan,Base.PastaPan,Base.Oregano,1,false,true,0.0,0.0,0.0,0.0,0.0,0.0,0.0
PastaPan,Base.PastaPan,Base.OreganoDried,1,false,true,0.0,0.0,0.0,0.0,0.0,0.0,0.0
PastaPan,Base.PastaPan,Base.Oysters,5,false,false,1.0,15.0,10.0,4.0,22.0,0.7,17.5
PastaPan,Base.PastaPan,Base.OystersFried,6,false,false,1.0,25.0,11.0,4.0,20.0,0.7,29.166667
PastaPan,Base.PastaPan,Base.Parsley,1,false,true,0.0,0.0,0.0,0.0,0.0,0.0,0.0
PastaPan,Base.PastaPan,Base.ParsleyDried,1,false,true,0.0,0.0,0.0,0.0,0.0,0.0,0.0
PastaPan,Base.PastaPan,Base.Pepper,1,false,true,0.0,0.0,0.0,0.0,0.0,0.0,0.0
PastaPan,Base.PastaPan,Base.PepperHabanero,2,false,true,0.0,0.0,0.0,0.0,0.0,0.0,0.0
PastaPan,Base.PastaPan,Base.PepperHabaneroDried,2,false,true,0.0,0.0,0.0,0.0,0.0,0.0,0.0
PastaPan,Base.PastaPan,Base.PepperJalapeno,2,false,true,0.0,0.0,0.0,0.0,0.0,0.0,0.0
PastaPan,Base.PastaPan,Base.PepperJalapenoDried,2,false,true,0.0,0.0,0.0,0.0,0.0,0.0,0.0
PastaPan,Base.PastaPan,Base.Pepperoni,20,false,false,1.0,180.0,0.0,4.35,15.62,0.7,210.0
PastaPan,Base.PastaPan,Base.Pickles,2,false,true,0.0,0.0,0.0,0.0,0.0,0.0,0.0
PastaPan,Base.PastaPan,Base.Pork,15,false,false,0.25,75.0,0.0,3.0,12.5,0.175,87.5
PastaPan,Base.PastaPan,Base.PorkChop,15,false,false,0.5,75.0,0.0,3.0,12.5,0.35,87.5
PastaPan,Base.PastaPan,Base.PowderedGarlic,1,false,true,0.0,0.0,0.0,0.0,0.0,0.0,0.0
PastaPan,Base.PastaPan,Base.PowderedOnion,1,false,true,0.0,0.0,0.0,0.0,0.0,0.0,0.0
PastaPan,Base.PastaPan,Base.Processedcheese,5,false,false,1.0,70.0,0.0,6.0,4.0,0.7,81.666667
PastaPan,Base.PastaPan,Base.Rabbitmeat,15,false,false,0.5,484.5,10.0,10.0,92.5,0.35,565.25
PastaPan,Base.PastaPan,Base.RiceVinegar,2,false,true,0.0,0.0,0.0,0.0,0.0,0.0,0.0
PastaPan,Base.PastaPan,Base.Rosemary,1,false,true,0.0,0.0,0.0,0.0,0.0,0.0,0.0
PastaPan,Base.PastaPan,Base.RosemaryDried,1,false,true,0.0,0.0,0.0,0.0,0.0,0.0,0.0
PastaPan,Base.PastaPan,Base.Sage,1,false,true,0.0,0.0,0.0,0.0,0.0,0.0,0.0
PastaPan,Base.PastaPan,Base.SageDried,1,false,true,0.0,0.0,0.0,0.0,0.0,0.0,0.0
PastaPan,Base.PastaPan,Base.SalamiSlice,4,false,false,1.0,66.0,0.4,5.2,4.4,0.7,77.0
PastaPan,Base.PastaPan,Base.Salmon,15,false,false,0.5,135.0,0.0,5.275,17.14,0.35,157.5
PastaPan,Base.PastaPan,Base.Salt,1,false,true,0.0,0.0,0.0,0.0,0.0,0.0,0.0
PastaPan,Base.PastaPan,Base.Sausage,20,false,false,1.0,180.0,0.0,4.35,15.62,0.7,210.0
PastaPan,Base.PastaPan,Base.SeasoningSalt,1,false,true,0.0,0.0,0.0,0.0,0.0,0.0,0.0
PastaPan,Base.PastaPan,Base.Seasoning_Basil,1,false,true,0.0,0.0,0.0,0.0,0.0,0.0,0.0
PastaPan,Base.PastaPan,Base.Seasoning_Chives,1,false,true,0.0,0.0,0.0,0.0,0.0,0.0,0.0
PastaPan,Base.PastaPan,Base.Seasoning_Oregano,1,false,true,0.0,0.0,0.0,0.0,0.0,0.0,0.0
PastaPan,Base.PastaPan,Base.Seasoning_Parsley,1,false,true,0.0,0.0,0.0,0.0,0.0,0.0,0.0
PastaPan,Base.PastaPan,Base.Seasoning_Rosemary,1,false,true,0.0,0.0,0.0,0.0,0.0,0.0,0.0
PastaPan,Base.PastaPan,Base.Seasoning_Sage,1,false,true,0.0,0.0,0.0,0.0,0.0,0.0,0.0
PastaPan,Base.PastaPan,Base.Seasoning_Thyme,1,false,true,0.0,0.0,0.0,0.0,0.0,0.0,0.0
PastaPan,Base.PastaPan,Base.SesameOil,2,false,true,0.0,0.0,0.0,0.0,0.0,0.0,0.0
PastaPan,Base.PastaPan,Base.Shrimp,10,false,false,1.0,80.0,0.0,7.0,10.0,0.7,93.333333
PastaPan,Base.PastaPan,Base.ShrimpFried,15,false,false,1.0,160.0,17.0,14.0,16.0,0.7,186.666667
PastaPan,Base.PastaPan,Base.ShrimpFriedCraft,15,false,false,1.0,160.0,17.0,14.0,16.0,0.7,186.666667
PastaPan,Base.PastaPan,Base.Smallanimalmeat,15,false,false,1.0,201.0,5.0,7.25,45.0,0.7,234.5
PastaPan,Base.PastaPan,Base.Smallbirdmeat,15,false,false,1.0,261.0,5.0,8.25,90.0,0.7,304.5
PastaPan,Base.PastaPan,Base.SourCream,2,false,true,0.0,0.0,0.0,0.0,0.0,0.0,0.0
PastaPan,Base.PastaPan,Base.Soysauce,2,false,true,0.0,0.0,0.0,0.0,0.0,0.0,0.0
PastaPan,Base.PastaPan,Base.Squid,15,false,false,0.5,102.5,0.5,6.5,16.26,0.35,119.583333
PastaPan,Base.PastaPan,Base.SquidCalamari,10,false,false,1.0,105.0,3.0,0.0,18.0,0.7,122.5
PastaPan,Base.PastaPan,Base.Steak,20,false,false,0.5,110.0,0.0,4.675,15.81,0.35,128.333333
PastaPan,Base.PastaPan,Base.Thyme,1,false,true,0.0,0.0,0.0,0.0,0.0,0.0,0.0
PastaPan,Base.PastaPan,Base.ThymeDried,1,false,true,0.0,0.0,0.0,0.0,0.0,0.0,0.0
PastaPan,Base.PastaPan,Base.Tofu,10,false,false,1.0,30.0,1.0,1.0,5.0,0.7,35.0
PastaPan,Base.PastaPan,Base.TofuFried,15,false,false,1.0,35.0,3.0,1.0,5.0,0.7,40.833333
PastaPan,Base.PastaPan,Base.Tomato,12,false,false,1.0,14.0,3.5,0.2,1.3,0.7,16.333333
PastaPan,Base.PastaPan,Base.TomatoPaste,3,false,true,0.0,0.0,0.0,0.0,0.0,0.0,0.0
PastaPan,Base.PastaPan,Base.TurkeyEgg,10,false,false,1.0,71.0,0.37,4.54,5.78,0.7,82.833333
PastaPan,Base.PastaPan,Base.TurkeyFillet,20,false,false,0.4,92.0,0.0,4.0,12.8,0.28,107.333333
PastaPan,Base.PastaPan,Base.TurkeyLegs,31,false,false,0.738095,169.761905,0.0,6.642857,28.047619,0.516667,198.055556
PastaPan,Base.PastaPan,Base.TurkeyWings,25,false,false,0.833333,166.666667,0.0,8.333333,26.666667,0.583333,194.444444
PastaPan,Base.PastaPan,Base.Venison,20,false,false,0.25,110.0,0.0,4.675,15.655,0.175,128.333333
PastaPan,Base.PastaPan,Base.Vinegar2,1,false,true,0.0,0.0,0.0,0.0,0.0,0.0,0.0
PastaPan,Base.PastaPan,Base.Vinegar_Jug,1,false,true,0.0,0.0,0.0,0.0,0.0,0.0,0.0
PastaPan,Base.PastaPan,Base.Wasabi,1,false,true,0.0,0.0,0.0,0.0,0.0,0.0,0.0
PastaPan,Base.PastaPan,Base.WildEggs,7,false,false,1.0,63.0,0.32,4.18,5.55,0.7,73.5
PastaPan,Base.PastaPan,Base.WildGarlic2,1,false,true,0.0,0.0,0.0,0.0,0.0,0.0,0.0
PastaPan,Base.PastaPan,Base.WildGarlicDried,1,false,true,0.0,0.0,0.0,0.0,0.0,0.0,0.0
PastaPan,Base.PastaPan,Base.Zucchini,10,false,false,1.0,33.0,6.1,0.63,2.37,0.7,38.5
PastaPan,Base.PastaPan,Base.cheese_powdered,14,false,false,1.0,130.0,20.7,9.7,21.0,0.7,151.666667
PastaPanCopper,Base.PastaPanCopper,Base.Avocado,16,false,false,1.0,227.0,11.75,20.96,2.67,0.7,264.833333
PastaPanCopper,Base.PastaPanCopper,Base.BBQSauce,2,false,true,0.0,0.0,0.0,0.0,0.0,0.0,0.0
PastaPanCopper,Base.PastaPanCopper,Base.Bacon,12,false,false,1.0,160.0,0.0,14.0,10.0,0.7,186.666667
PastaPanCopper,Base.PastaPanCopper,Base.BaconBits,1,false,true,0.0,0.0,0.0,0.0,0.0,0.0,0.0
PastaPanCopper,Base.PastaPanCopper,Base.BaloneySlice,5,false,false,1.0,33.0,0.33,1.06,3.78,0.7,38.5
PastaPanCopper,Base.PastaPanCopper,Base.BalsamicVinegar,2,false,true,0.0,0.0,0.0,0.0,0.0,0.0,0.0
PastaPanCopper,Base.PastaPanCopper,Base.Basil,1,false,true,0.0,0.0,0.0,0.0,0.0,0.0,0.0
PastaPanCopper,Base.PastaPanCopper,Base.BasilDried,1,false,true,0.0,0.0,0.0,0.0,0.0,0.0,0.0
PastaPanCopper,Base.PastaPanCopper,Base.Beef,20,false,false,0.25,110.0,0.0,4.675,15.655,0.175,128.333333
PastaPanCopper,Base.PastaPanCopper,Base.BeefJerky,10,false,false,0.5,205.0,5.5,13.0,16.5,0.35,239.166667
PastaPanCopper,Base.PastaPanCopper,Base.BellPepper,8,false,false,1.0,30.0,7.0,0.0,1.0,0.7,35.0
PastaPanCopper,Base.PastaPanCopper,Base.Broccoli,9,false,false,1.0,11.0,2.0,0.1,0.9,0.7,12.833333
PastaPanCopper,Base.PastaPanCopper,Base.Butter,4,false,true,0.0,0.0,0.0,0.0,0.0,0.0,0.0
PastaPanCopper,Base.PastaPanCopper,Base.CannedBellPepper_Open,8,false,false,0.166667,30.0,7.0,0.0,1.0,0.116667,35.0
PastaPanCopper,Base.PastaPanCopper,Base.CannedBologneseOpen,24,false,false,1.0,540.0,68.0,22.0,18.0,0.7,630.0
PastaPanCopper,Base.PastaPanCopper,Base.CannedBroccoli_Open,9,false,false,0.2,11.0,2.0,0.1,0.9,0.14,12.833333
PastaPanCopper,Base.PastaPanCopper,Base.CannedCarrotsOpen,12,false,false,1.0,10.5,28.0,0.0,0.0,0.7,12.25
PastaPanCopper,Base.PastaPanCopper,Base.CannedCarrots_Open,8,false,false,0.2,25.0,6.0,0.15,0.6,0.14,29.166667
PastaPanCopper,Base.PastaPanCopper,Base.CannedChiliOpen,8,false,false,0.5,130.0,16.5,3.5,8.0,0.35,151.666667
PastaPanCopper,Base.PastaPanCopper,Base.CannedCornOpen,16,false,false,1.0,315.0,70.0,1.75,7.0,0.7,367.5
PastaPanCopper,Base.PastaPanCopper,Base.CannedCornedBeefOpen,12,false,false,0.5,360.0,0.0,24.0,39.0,0.35,420.0
PastaPanCopper,Base.PastaPanCopper,Base.CannedEggplant_Open,16,false,false,0.333333,114.0,27.0,0.8,4.5,0.233333,133.0
PastaPanCopper,Base.PastaPanCopper,Base.CannedLeek_Open,12,false,false,0.25,54.0,140.0,0.3,3.8,0.175,63.0
PastaPanCopper,Base.PastaPanCopper,Base.CannedMushroomSoupOpen,10,false,false,1.0,160.0,19.0,8.0,3.0,0.7,186.666667
PastaPanCopper,Base.PastaPanCopper,Base.CannedTomatoOpen,12,false,false,1.0,90.0,18.0,0.0,3.0,0.7,105.0
PastaPanCopper,Base.PastaPanCopper,Base.CannedTomato_Open,12,false,false,0.25,14.0,3.5,0.2,1.3,0.175,16.333333
PastaPanCopper,Base.PastaPanCopper,Base.Capers,1,false,true,0.0,0.0,0.0,0.0,0.0,0.0,0.0
PastaPanCopper,Base.PastaPanCopper,Base.Carrots,8,false,false,1.0,25.0,6.0,0.15,0.6,0.7,29.166667
PastaPanCopper,Base.PastaPanCopper,Base.Cauliflower,9,false,false,1.0,24.0,3.0,0.0,4.0,0.7,28.0
PastaPanCopper,Base.PastaPanCopper,Base.Cheese,10,false,false,0.666667,75.333333,0.58,6.22,4.266667,0.466667,87.888889
PastaPanCopper,Base.PastaPanCopper,Base.Chicken,30,false,false,0.909091,209.090909,0.0,8.181818,34.545455,0.636364,243.939394
PastaPanCopper,Base.PastaPanCopper,Base.ChickenFillet,18,false,false,0.6,138.0,0.0,5.4,22.8,0.42,161.0
PastaPanCopper,Base.PastaPanCopper,Base.ChickenWings,15,false,false,0.789474,150.0,0.0,4.736842,17.368421,0.552632,175.0
PastaPanCopper,Base.PastaPanCopper,Base.Chives,1,false,true,0.0,0.0,0.0,0.0,0.0,0.0,0.0
PastaPanCopper,Base.PastaPanCopper,Base.ChivesDried,1,false,true,0.0,0.0,0.0,0.0,0.0,0.0,0.0
PastaPanCopper,Base.PastaPanCopper,Base.Corn,14,false,false,1.0,88.0,26.74,1.93,4.68,0.7,102.666667
PastaPanCopper,Base.PastaPanCopper,Base.CornSeed,1,false,false,0.25,6.2,1.9,0.14,0.33,0.175,7.233333
PastaPanCopper,Base.PastaPanCopper,Base.Crayfish,10,false,false,1.0,40.0,0.0,2.0,8.0,0.7,46.666667
PastaPanCopper,Base.PastaPanCopper,Base.Daikon,12,false,false,1.0,54.0,12.59,0.27,1.34,0.7,63.0
PastaPanCopper,Base.PastaPanCopper,Base.DeadBird,10,false,false,0.666667,107.333333,0.333333,1.333333,14.666667,0.466667,125.222222
PastaPanCopper,Base.PastaPanCopper,Base.DeadMouse,10,false,false,1.0,220.0,0.7,3.15,9.5,0.7,256.666667
PastaPanCopper,Base.PastaPanCopper,Base.DeadMousePups,5,false,false,1.0,110.0,0.35,1.58,4.2,0.7,128.333333
PastaPanCopper,Base.PastaPanCopper,Base.DeadMousePupsSkinned,5,false,false,1.0,110.0,0.35,1.58,4.2,0.7,128.333333
PastaPanCopper,Base.PastaPanCopper,Base.DeadMouseSkinned,10,false,false,1.0,220.0,0.7,3.15,9.5,0.7,256.666667
PastaPanCopper,Base.PastaPanCopper,Base.DeadRat,15,false,false,0.681818,220.909091,0.0,10.909091,27.272727,0.477273,257.727273
PastaPanCopper,Base.PastaPanCopper,Base.DeadRatBaby,10,false,false,0.833333,145.5,0.0,7.166667,18.0,0.583333,169.75
PastaPanCopper,Base.PastaPanCopper,Base.DeadRatBabySkinned,10,false,false,0.833333,145.5,0.0,7.166667,18.0,0.583333,169.75
PastaPanCopper,Base.PastaPanCopper,Base.DeadRatSkinned,15,false,false,0.681818,220.909091,0.0,10.909091,27.272727,0.477273,257.727273
PastaPanCopper,Base.PastaPanCopper,Base.DeadSquirrel,15,false,false,0.46875,225.0,0.0,7.03125,39.75,0.328125,262.5
PastaPanCopper,Base.PastaPanCopper,Base.Dip_NachoCheese,2,false,true,0.0,0.0,0.0,0.0,0.0,0.0,0.0
PastaPanCopper,Base.PastaPanCopper,Base.Dip_Ranch,2,false,true,0.0,0.0,0.0,0.0,0.0,0.0,0.0
PastaPanCopper,Base.PastaPanCopper,Base.Dip_Salsa,2,false,true,0.0,0.0,0.0,0.0,0.0,0.0,0.0
PastaPanCopper,Base.PastaPanCopper,Base.DriedBlackBeans,10,false,false,0.166667,514.0,96.666667,0.0,33.166667,0.116667,599.666667
PastaPanCopper,Base.PastaPanCopper,Base.DriedChickpeas,10,false,false,0.166667,475.166667,90.666667,0.0,30.166667,0.116667,554.361111
PastaPanCopper,Base.PastaPanCopper,Base.DriedKidneyBeans,10,false,false,0.166667,544.166667,84.666667,2.166667,45.333333,0.116667,634.861111
PastaPanCopper,Base.PastaPanCopper,Base.DriedLentils,10,false,false,0.166667,500.0,90.0,0.0,36.666667,0.116667,583.333333
PastaPanCopper,Base.PastaPanCopper,Base.DriedSplitPeas,10,false,false,0.166667,369.5,90.666667,0.0,36.833333,0.116667,431.083333
PastaPanCopper,Base.PastaPanCopper,Base.DriedWhiteBeans,10,false,false,0.166667,470.5,87.833333,1.666667,31.333333,0.116667,548.916667
PastaPanCopper,Base.PastaPanCopper,Base.Egg,7,false,false,1.0,63.0,0.32,4.18,5.55,0.7,73.5
PastaPanCopper,Base.PastaPanCopper,Base.Eggplant,16,false,false,1.0,114.0,27.0,0.8,4.5,0.7,133.0
PastaPanCopper,Base.PastaPanCopper,Base.FishFillet,15,false,false,0.6,123.0,0.6,7.2,17.112,0.42,143.5
PastaPanCopper,Base.PastaPanCopper,Base.FishFried,15,false,false,0.5,105.0,3.5,6.0,8.0,0.35,122.5
PastaPanCopper,Base.PastaPanCopper,Base.Garlic,1,false,true,0.0,0.0,0.0,0.0,0.0,0.0,0.0
PastaPanCopper,Base.PastaPanCopper,Base.GreenOnions,1,false,true,0.0,0.0,0.0,0.0,0.0,0.0,0.0
PastaPanCopper,Base.PastaPanCopper,Base.GreenpeasSeed,1,false,false,1.0,17.5,3.25,0.0,0.875,0.7,20.416667
PastaPanCopper,Base.PastaPanCopper,Base.HamSlice,10,false,false,1.0,260.0,15.16,13.0,19.5,0.7,303.333333
PastaPanCopper,Base.PastaPanCopper,Base.Hotdog_single,10,false,false,1.0,65.0,1.25,2.0,1.25,0.7,75.833333
PastaPanCopper,Base.PastaPanCopper,Base.Hotsauce,2,false,true,0.0,0.0,0.0,0.0,0.0,0.0,0.0
PastaPanCopper,Base.PastaPanCopper,Base.Kale,8,false,false,0.5,89.0,20.705,0.355,4.57,0.35,103.833333
PastaPanCopper,Base.PastaPanCopper,Base.Ketchup,2,false,true,0.0,0.0,0.0,0.0,0.0,0.0,0.0
PastaPanCopper,Base.PastaPanCopper,Base.Lard,4,false,true,0.0,0.0,0.0,0.0,0.0,0.0,0.0
PastaPanCopper,Base.PastaPanCopper,Base.Leek,12,false,false,1.0,54.0,140.0,0.3,1.3,0.7,63.0
PastaPanCopper,Base.PastaPanCopper,Base.Lobster,20,false,false,0.5,60.0,0.0,3.5,14.0,0.35,70.0
PastaPanCopper,Base.PastaPanCopper,Base.Margarine,4,false,true,0.0,0.0,0.0,0.0,0.0,0.0,0.0
PastaPanCopper,Base.PastaPanCopper,Base.Marinara,2,false,true,0.0,0.0,0.0,0.0,0.0,0.0,0.0
PastaPanCopper,Base.PastaPanCopper,Base.MayonnaiseFull,2,false,true,0.0,0.0,0.0,0.0,0.0,0.0,0.0
PastaPanCopper,Base.PastaPanCopper,Base.MincedMeat,20,false,false,0.5,150.0,0.0,15.0,23.0,0.35,175.0
PastaPanCopper,Base.PastaPanCopper,Base.MushroomGeneric1,13,false,false,1.0,30.0,2.12,0.24,2.04,0.7,35.0
PastaPanCopper,Base.PastaPanCopper,Base.MushroomGeneric2,13,false,false,1.0,30.0,2.12,0.24,2.04,0.7,35.0
PastaPanCopper,Base.PastaPanCopper,Base.MushroomGeneric3,15,false,false,1.0,32.0,2.56,0.32,2.36,0.7,37.333333
PastaPanCopper,Base.PastaPanCopper,Base.MushroomGeneric4,13,false,false,1.0,30.0,2.12,0.24,2.04,0.7,35.0
PastaPanCopper,Base.PastaPanCopper,Base.MushroomGeneric5,15,false,false,1.0,32.0,2.56,0.32,2.36,0.7,37.333333
PastaPanCopper,Base.PastaPanCopper,Base.MushroomGeneric6,13,false,false,1.0,30.0,2.12,0.24,2.04,0.7,35.0
PastaPanCopper,Base.PastaPanCopper,Base.MushroomGeneric7,13,false,false,1.0,32.0,2.12,0.24,2.04,0.7,37.333333
PastaPanCopper,Base.PastaPanCopper,Base.MushroomsButton,7,false,false,1.0,15.0,1.06,0.12,1.02,0.7,17.5
PastaPanCopper,Base.PastaPanCopper,Base.Mustard,2,false,true,0.0,0.0,0.0,0.0,0.0,0.0,0.0
PastaPanCopper,Base.PastaPanCopper,Base.MuttonChop,15,false,false,0.5,117.0,0.04,5.5,16.5,0.35,136.5
PastaPanCopper,Base.PastaPanCopper,Base.OilOlive,2,false,true,0.0,0.0,0.0,0.0,0.0,0.0,0.0
PastaPanCopper,Base.PastaPanCopper,Base.OilVegetable,2,false,true,0.0,0.0,0.0,0.0,0.0,0.0,0.0
PastaPanCopper,Base.PastaPanCopper,Base.Onion,5,false,false,0.5,14.0,3.27,0.035,0.385,0.35,16.333333
PastaPanCopper,Base.PastaPanCopper,Base.Oregano,1,false,true,0.0,0.0,0.0,0.0,0.0,0.0,0.0
PastaPanCopper,Base.PastaPanCopper,Base.OreganoDried,1,false,true,0.0,0.0,0.0,0.0,0.0,0.0,0.0
PastaPanCopper,Base.PastaPanCopper,Base.Oysters,5,false,false,1.0,15.0,10.0,4.0,22.0,0.7,17.5
PastaPanCopper,Base.PastaPanCopper,Base.OystersFried,6,false,false,1.0,25.0,11.0,4.0,20.0,0.7,29.166667
PastaPanCopper,Base.PastaPanCopper,Base.Parsley,1,false,true,0.0,0.0,0.0,0.0,0.0,0.0,0.0
PastaPanCopper,Base.PastaPanCopper,Base.ParsleyDried,1,false,true,0.0,0.0,0.0,0.0,0.0,0.0,0.0
PastaPanCopper,Base.PastaPanCopper,Base.Pepper,1,false,true,0.0,0.0,0.0,0.0,0.0,0.0,0.0
PastaPanCopper,Base.PastaPanCopper,Base.PepperHabanero,2,false,true,0.0,0.0,0.0,0.0,0.0,0.0,0.0
PastaPanCopper,Base.PastaPanCopper,Base.PepperHabaneroDried,2,false,true,0.0,0.0,0.0,0.0,0.0,0.0,0.0
PastaPanCopper,Base.PastaPanCopper,Base.PepperJalapeno,2,false,true,0.0,0.0,0.0,0.0,0.0,0.0,0.0
PastaPanCopper,Base.PastaPanCopper,Base.PepperJalapenoDried,2,false,true,0.0,0.0,0.0,0.0,0.0,0.0,0.0
PastaPanCopper,Base.PastaPanCopper,Base.Pepperoni,20,false,false,1.0,180.0,0.0,4.35,15.62,0.7,210.0
PastaPanCopper,Base.PastaPanCopper,Base.Pickles,2,false,true,0.0,0.0,0.0,0.0,0.0,0.0,0.0
PastaPanCopper,Base.PastaPanCopper,Base.Pork,15,false,false,0.25,75.0,0.0,3.0,12.5,0.175,87.5
PastaPanCopper,Base.PastaPanCopper,Base.PorkChop,15,false,false,0.5,75.0,0.0,3.0,12.5,0.35,87.5
PastaPanCopper,Base.PastaPanCopper,Base.PowderedGarlic,1,false,true,0.0,0.0,0.0,0.0,0.0,0.0,0.0
PastaPanCopper,Base.PastaPanCopper,Base.PowderedOnion,1,false,true,0.0,0.0,0.0,0.0,0.0,0.0,0.0
PastaPanCopper,Base.PastaPanCopper,Base.Processedcheese,5,false,false,1.0,70.0,0.0,6.0,4.0,0.7,81.666667
PastaPanCopper,Base.PastaPanCopper,Base.Rabbitmeat,15,false,false,0.5,484.5,10.0,10.0,92.5,0.35,565.25
PastaPanCopper,Base.PastaPanCopper,Base.RiceVinegar,2,false,true,0.0,0.0,0.0,0.0,0.0,0.0,0.0
PastaPanCopper,Base.PastaPanCopper,Base.Rosemary,1,false,true,0.0,0.0,0.0,0.0,0.0,0.0,0.0
PastaPanCopper,Base.PastaPanCopper,Base.RosemaryDried,1,false,true,0.0,0.0,0.0,0.0,0.0,0.0,0.0
PastaPanCopper,Base.PastaPanCopper,Base.Sage,1,false,true,0.0,0.0,0.0,0.0,0.0,0.0,0.0
PastaPanCopper,Base.PastaPanCopper,Base.SageDried,1,false,true,0.0,0.0,0.0,0.0,0.0,0.0,0.0
PastaPanCopper,Base.PastaPanCopper,Base.SalamiSlice,4,false,false,1.0,66.0,0.4,5.2,4.4,0.7,77.0
PastaPanCopper,Base.PastaPanCopper,Base.Salmon,15,false,false,0.5,135.0,0.0,5.275,17.14,0.35,157.5
PastaPanCopper,Base.PastaPanCopper,Base.Salt,1,false,true,0.0,0.0,0.0,0.0,0.0,0.0,0.0
PastaPanCopper,Base.PastaPanCopper,Base.Sausage,20,false,false,1.0,180.0,0.0,4.35,15.62,0.7,210.0
PastaPanCopper,Base.PastaPanCopper,Base.SeasoningSalt,1,false,true,0.0,0.0,0.0,0.0,0.0,0.0,0.0
PastaPanCopper,Base.PastaPanCopper,Base.Seasoning_Basil,1,false,true,0.0,0.0,0.0,0.0,0.0,0.0,0.0
PastaPanCopper,Base.PastaPanCopper,Base.Seasoning_Chives,1,false,true,0.0,0.0,0.0,0.0,0.0,0.0,0.0
PastaPanCopper,Base.PastaPanCopper,Base.Seasoning_Oregano,1,false,true,0.0,0.0,0.0,0.0,0.0,0.0,0.0
PastaPanCopper,Base.PastaPanCopper,Base.Seasoning_Parsley,1,false,true,0.0,0.0,0.0,0.0,0.0,0.0,0.0
PastaPanCopper,Base.PastaPanCopper,Base.Seasoning_Rosemary,1,false,true,0.0,0.0,0.0,0.0,0.0,0.0,0.0
PastaPanCopper,Base.PastaPanCopper,Base.Seasoning_Sage,1,false,true,0.0,0.0,0.0,0.0,0.0,0.0,0.0
PastaPanCopper,Base.PastaPanCopper,Base.Seasoning_Thyme,1,false,true,0.0,0.0,0.0,0.0,0.0,0.0,0.0
PastaPanCopper,Base.PastaPanCopper,Base.SesameOil,2,false,true,0.0,0.0,0.0,0.0,0.0,0.0,0.0
PastaPanCopper,Base.PastaPanCopper,Base.Shrimp,10,false,false,1.0,80.0,0.0,7.0,10.0,0.7,93.333333
PastaPanCopper,Base.PastaPanCopper,Base.ShrimpFried,15,false,false,1.0,160.0,17.0,14.0,16.0,0.7,186.666667
PastaPanCopper,Base.PastaPanCopper,Base.ShrimpFriedCraft,15,false,false,1.0,160.0,17.0,14.0,16.0,0.7,186.666667
PastaPanCopper,Base.PastaPanCopper,Base.Smallanimalmeat,15,false,false,1.0,201.0,5.0,7.25,45.0,0.7,234.5
PastaPanCopper,Base.PastaPanCopper,Base.Smallbirdmeat,15,false,false,1.0,261.0,5.0,8.25,90.0,0.7,304.5
PastaPanCopper,Base.PastaPanCopper,Base.SourCream,2,false,true,0.0,0.0,0.0,0.0,0.0,0.0,0.0
PastaPanCopper,Base.PastaPanCopper,Base.Soysauce,2,false,true,0.0,0.0,0.0,0.0,0.0,0.0,0.0
PastaPanCopper,Base.PastaPanCopper,Base.Squid,15,false,false,0.5,102.5,0.5,6.5,16.26,0.35,119.583333
PastaPanCopper,Base.PastaPanCopper,Base.SquidCalamari,10,false,false,1.0,105.0,3.0,0.0,18.0,0.7,122.5
PastaPanCopper,Base.PastaPanCopper,Base.Steak,20,false,false,0.5,110.0,0.0,4.675,15.81,0.35,128.333333
PastaPanCopper,Base.PastaPanCopper,Base.Thyme,1,false,true,0.0,0.0,0.0,0.0,0.0,0.0,0.0
PastaPanCopper,Base.PastaPanCopper,Base.ThymeDried,1,false,true,0.0,0.0,0.0,0.0,0.0,0.0,0.0
PastaPanCopper,Base.PastaPanCopper,Base.Tofu,10,false,false,1.0,30.0,1.0,1.0,5.0,0.7,35.0
PastaPanCopper,Base.PastaPanCopper,Base.TofuFried,15,false,false,1.0,35.0,3.0,1.0,5.0,0.7,40.833333
PastaPanCopper,Base.PastaPanCopper,Base.Tomato,12,false,false,1.0,14.0,3.5,0.2,1.3,0.7,16.333333
PastaPanCopper,Base.PastaPanCopper,Base.TomatoPaste,3,false,true,0.0,0.0,0.0,0.0,0.0,0.0,0.0
PastaPanCopper,Base.PastaPanCopper,Base.TurkeyEgg,10,false,false,1.0,71.0,0.37,4.54,5.78,0.7,82.833333
PastaPanCopper,Base.PastaPanCopper,Base.TurkeyFillet,20,false,false,0.4,92.0,0.0,4.0,12.8,0.28,107.333333
PastaPanCopper,Base.PastaPanCopper,Base.TurkeyLegs,31,false,false,0.738095,169.761905,0.0,6.642857,28.047619,0.516667,198.055556
PastaPanCopper,Base.PastaPanCopper,Base.TurkeyWings,25,false,false,0.833333,166.666667,0.0,8.333333,26.666667,0.583333,194.444444
PastaPanCopper,Base.PastaPanCopper,Base.Venison,20,false,false,0.25,110.0,0.0,4.675,15.655,0.175,128.333333
PastaPanCopper,Base.PastaPanCopper,Base.Vinegar2,1,false,true,0.0,0.0,0.0,0.0,0.0,0.0,0.0
PastaPanCopper,Base.PastaPanCopper,Base.Vinegar_Jug,1,false,true,0.0,0.0,0.0,0.0,0.0,0.0,0.0
PastaPanCopper,Base.PastaPanCopper,Base.Wasabi,1,false,true,0.0,0.0,0.0,0.0,0.0,0.0,0.0
PastaPanCopper,Base.PastaPanCopper,Base.WildEggs,7,false,false,1.0,63.0,0.32,4.18,5.55,0.7,73.5
PastaPanCopper,Base.PastaPanCopper,Base.WildGarlic2,1,false,true,0.0,0.0,0.0,0.0,0.0,0.0,0.0
PastaPanCopper,Base.PastaPanCopper,Base.WildGarlicDried,1,false,true,0.0,0.0,0.0,0.0,0.0,0.0,0.0
PastaPanCopper,Base.PastaPanCopper,Base.Zucchini,10,false,false,1.0,33.0,6.1,0.63,2.37,0.7,38.5
PastaPanCopper,Base.PastaPanCopper,Base.cheese_powdered,14,false,false,1.0,130.0,20.7,9.7,21.0,0.7,151.666667
PastaPot,Base.PastaPot,Base.Avocado,16,false,false,1.0,227.0,11.75,20.96,2.67,0.7,264.833333
PastaPot,Base.PastaPot,Base.BBQSauce,2,false,true,0.0,0.0,0.0,0.0,0.0,0.0,0.0
PastaPot,Base.PastaPot,Base.Bacon,12,false,false,1.0,160.0,0.0,14.0,10.0,0.7,186.666667
PastaPot,Base.PastaPot,Base.BaconBits,1,false,true,0.0,0.0,0.0,0.0,0.0,0.0,0.0
PastaPot,Base.PastaPot,Base.BaloneySlice,5,false,false,1.0,33.0,0.33,1.06,3.78,0.7,38.5
PastaPot,Base.PastaPot,Base.BalsamicVinegar,2,false,true,0.0,0.0,0.0,0.0,0.0,0.0,0.0
PastaPot,Base.PastaPot,Base.Basil,1,false,true,0.0,0.0,0.0,0.0,0.0,0.0,0.0
PastaPot,Base.PastaPot,Base.BasilDried,1,false,true,0.0,0.0,0.0,0.0,0.0,0.0,0.0
PastaPot,Base.PastaPot,Base.Beef,20,false,false,0.25,110.0,0.0,4.675,15.655,0.175,128.333333
PastaPot,Base.PastaPot,Base.BeefJerky,10,false,false,0.5,205.0,5.5,13.0,16.5,0.35,239.166667
PastaPot,Base.PastaPot,Base.BellPepper,8,false,false,1.0,30.0,7.0,0.0,1.0,0.7,35.0
PastaPot,Base.PastaPot,Base.Broccoli,9,false,false,1.0,11.0,2.0,0.1,0.9,0.7,12.833333
PastaPot,Base.PastaPot,Base.Butter,4,false,true,0.0,0.0,0.0,0.0,0.0,0.0,0.0
PastaPot,Base.PastaPot,Base.CannedBellPepper_Open,8,false,false,0.166667,30.0,7.0,0.0,1.0,0.116667,35.0
PastaPot,Base.PastaPot,Base.CannedBologneseOpen,24,false,false,1.0,540.0,68.0,22.0,18.0,0.7,630.0
PastaPot,Base.PastaPot,Base.CannedBroccoli_Open,9,false,false,0.2,11.0,2.0,0.1,0.9,0.14,12.833333
PastaPot,Base.PastaPot,Base.CannedCarrotsOpen,12,false,false,1.0,10.5,28.0,0.0,0.0,0.7,12.25
PastaPot,Base.PastaPot,Base.CannedCarrots_Open,8,false,false,0.2,25.0,6.0,0.15,0.6,0.14,29.166667
PastaPot,Base.PastaPot,Base.CannedChiliOpen,8,false,false,0.5,130.0,16.5,3.5,8.0,0.35,151.666667
PastaPot,Base.PastaPot,Base.CannedCornOpen,16,false,false,1.0,315.0,70.0,1.75,7.0,0.7,367.5
PastaPot,Base.PastaPot,Base.CannedCornedBeefOpen,12,false,false,0.5,360.0,0.0,24.0,39.0,0.35,420.0
PastaPot,Base.PastaPot,Base.CannedEggplant_Open,16,false,false,0.333333,114.0,27.0,0.8,4.5,0.233333,133.0
PastaPot,Base.PastaPot,Base.CannedLeek_Open,12,false,false,0.25,54.0,140.0,0.3,3.8,0.175,63.0
PastaPot,Base.PastaPot,Base.CannedMushroomSoupOpen,10,false,false,1.0,160.0,19.0,8.0,3.0,0.7,186.666667
PastaPot,Base.PastaPot,Base.CannedTomatoOpen,12,false,false,1.0,90.0,18.0,0.0,3.0,0.7,105.0
PastaPot,Base.PastaPot,Base.CannedTomato_Open,12,false,false,0.25,14.0,3.5,0.2,1.3,0.175,16.333333
PastaPot,Base.PastaPot,Base.Capers,1,false,true,0.0,0.0,0.0,0.0,0.0,0.0,0.0
PastaPot,Base.PastaPot,Base.Carrots,8,false,false,1.0,25.0,6.0,0.15,0.6,0.7,29.166667
PastaPot,Base.PastaPot,Base.Cauliflower,9,false,false,1.0,24.0,3.0,0.0,4.0,0.7,28.0
PastaPot,Base.PastaPot,Base.Cheese,10,false,false,0.666667,75.333333,0.58,6.22,4.266667,0.466667,87.888889
PastaPot,Base.PastaPot,Base.Chicken,30,false,false,0.909091,209.090909,0.0,8.181818,34.545455,0.636364,243.939394
PastaPot,Base.PastaPot,Base.ChickenFillet,18,false,false,0.6,138.0,0.0,5.4,22.8,0.42,161.0
PastaPot,Base.PastaPot,Base.ChickenWings,15,false,false,0.789474,150.0,0.0,4.736842,17.368421,0.552632,175.0
PastaPot,Base.PastaPot,Base.Chives,1,false,true,0.0,0.0,0.0,0.0,0.0,0.0,0.0
PastaPot,Base.PastaPot,Base.ChivesDried,1,false,true,0.0,0.0,0.0,0.0,0.0,0.0,0.0
PastaPot,Base.PastaPot,Base.Corn,14,false,false,1.0,88.0,26.74,1.93,4.68,0.7,102.666667
PastaPot,Base.PastaPot,Base.CornSeed,1,false,false,0.25,6.2,1.9,0.14,0.33,0.175,7.233333
PastaPot,Base.PastaPot,Base.Crayfish,10,false,false,1.0,40.0,0.0,2.0,8.0,0.7,46.666667
PastaPot,Base.PastaPot,Base.Daikon,12,false,false,1.0,54.0,12.59,0.27,1.34,0.7,63.0
PastaPot,Base.PastaPot,Base.DeadBird,10,false,false,0.666667,107.333333,0.333333,1.333333,14.666667,0.466667,125.222222
PastaPot,Base.PastaPot,Base.DeadMouse,10,false,false,1.0,220.0,0.7,3.15,9.5,0.7,256.666667
PastaPot,Base.PastaPot,Base.DeadMousePups,5,false,false,1.0,110.0,0.35,1.58,4.2,0.7,128.333333
PastaPot,Base.PastaPot,Base.DeadMousePupsSkinned,5,false,false,1.0,110.0,0.35,1.58,4.2,0.7,128.333333
PastaPot,Base.PastaPot,Base.DeadMouseSkinned,10,false,false,1.0,220.0,0.7,3.15,9.5,0.7,256.666667
PastaPot,Base.PastaPot,Base.DeadRat,15,false,false,0.681818,220.909091,0.0,10.909091,27.272727,0.477273,257.727273
PastaPot,Base.PastaPot,Base.DeadRatBaby,10,false,false,0.833333,145.5,0.0,7.166667,18.0,0.583333,169.75
PastaPot,Base.PastaPot,Base.DeadRatBabySkinned,10,false,false,0.833333,145.5,0.0,7.166667,18.0,0.583333,169.75
PastaPot,Base.PastaPot,Base.DeadRatSkinned,15,false,false,0.681818,220.909091,0.0,10.909091,27.272727,0.477273,257.727273
PastaPot,Base.PastaPot,Base.DeadSquirrel,15,false,false,0.46875,225.0,0.0,7.03125,39.75,0.328125,262.5
PastaPot,Base.PastaPot,Base.Dip_NachoCheese,2,false,true,0.0,0.0,0.0,0.0,0.0,0.0,0.0
PastaPot,Base.PastaPot,Base.Dip_Ranch,2,false,true,0.0,0.0,0.0,0.0,0.0,0.0,0.0
PastaPot,Base.PastaPot,Base.Dip_Salsa,2,false,true,0.0,0.0,0.0,0.0,0.0,0.0,0.0
PastaPot,Base.PastaPot,Base.DriedBlackBeans,10,false,false,0.166667,514.0,96.666667,0.0,33.166667,0.116667,599.666667
PastaPot,Base.PastaPot,Base.DriedChickpeas,10,false,false,0.166667,475.166667,90.666667,0.0,30.166667,0.116667,554.361111
PastaPot,Base.PastaPot,Base.DriedKidneyBeans,10,false,false,0.166667,544.166667,84.666667,2.166667,45.333333,0.116667,634.861111
PastaPot,Base.PastaPot,Base.DriedLentils,10,false,false,0.166667,500.0,90.0,0.0,36.666667,0.116667,583.333333
PastaPot,Base.PastaPot,Base.DriedSplitPeas,10,false,false,0.166667,369.5,90.666667,0.0,36.833333,0.116667,431.083333
PastaPot,Base.PastaPot,Base.DriedWhiteBeans,10,false,false,0.166667,470.5,87.833333,1.666667,31.333333,0.116667,548.916667
PastaPot,Base.PastaPot,Base.Egg,7,false,false,1.0,63.0,0.32,4.18,5.55,0.7,73.5
PastaPot,Base.PastaPot,Base.Eggplant,16,false,false,1.0,114.0,27.0,0.8,4.5,0.7,133.0
PastaPot,Base.PastaPot,Base.FishFillet,15,false,false,0.6,123.0,0.6,7.2,17.112,0.42,143.5
PastaPot,Base.PastaPot,Base.FishFried,15,false,false,0.5,105.0,3.5,6.0,8.0,0.35,122.5
PastaPot,Base.PastaPot,Base.Garlic,1,false,true,0.0,0.0,0.0,0.0,0.0,0.0,0.0
PastaPot,Base.PastaPot,Base.GreenOnions,1,false,true,0.0,0.0,0.0,0.0,0.0,0.0,0.0
PastaPot,Base.PastaPot,Base.GreenpeasSeed,1,false,false,1.0,17.5,3.25,0.0,0.875,0.7,20.416667
PastaPot,Base.PastaPot,Base.HamSlice,10,false,false,1.0,260.0,15.16,13.0,19.5,0.7,303.333333
PastaPot,Base.PastaPot,Base.Hotdog_single,10,false,false,1.0,65.0,1.25,2.0,1.25,0.7,75.833333
PastaPot,Base.PastaPot,Base.Hotsauce,2,false,true,0.0,0.0,0.0,0.0,0.0,0.0,0.0
PastaPot,Base.PastaPot,Base.Kale,8,false,false,0.5,89.0,20.705,0.355,4.57,0.35,103.833333
PastaPot,Base.PastaPot,Base.Ketchup,2,false,true,0.0,0.0,0.0,0.0,0.0,0.0,0.0
PastaPot,Base.PastaPot,Base.Lard,4,false,true,0.0,0.0,0.0,0.0,0.0,0.0,0.0
PastaPot,Base.PastaPot,Base.Leek,12,false,false,1.0,54.0,140.0,0.3,1.3,0.7,63.0
PastaPot,Base.PastaPot,Base.Lobster,20,false,false,0.5,60.0,0.0,3.5,14.0,0.35,70.0
PastaPot,Base.PastaPot,Base.Margarine,4,false,true,0.0,0.0,0.0,0.0,0.0,0.0,0.0
PastaPot,Base.PastaPot,Base.Marinara,2,false,true,0.0,0.0,0.0,0.0,0.0,0.0,0.0
PastaPot,Base.PastaPot,Base.MayonnaiseFull,2,false,true,0.0,0.0,0.0,0.0,0.0,0.0,0.0
PastaPot,Base.PastaPot,Base.MincedMeat,20,false,false,0.5,150.0,0.0,15.0,23.0,0.35,175.0
PastaPot,Base.PastaPot,Base.MushroomGeneric1,13,false,false,1.0,30.0,2.12,0.24,2.04,0.7,35.0
PastaPot,Base.PastaPot,Base.MushroomGeneric2,13,false,false,1.0,30.0,2.12,0.24,2.04,0.7,35.0
PastaPot,Base.PastaPot,Base.MushroomGeneric3,15,false,false,1.0,32.0,2.56,0.32,2.36,0.7,37.333333
PastaPot,Base.PastaPot,Base.MushroomGeneric4,13,false,false,1.0,30.0,2.12,0.24,2.04,0.7,35.0
PastaPot,Base.PastaPot,Base.MushroomGeneric5,15,false,false,1.0,32.0,2.56,0.32,2.36,0.7,37.333333
PastaPot,Base.PastaPot,Base.MushroomGeneric6,13,false,false,1.0,30.0,2.12,0.24,2.04,0.7,35.0
PastaPot,Base.PastaPot,Base.MushroomGeneric7,13,false,false,1.0,32.0,2.12,0.24,2.04,0.7,37.333333
PastaPot,Base.PastaPot,Base.MushroomsButton,7,false,false,1.0,15.0,1.06,0.12,1.02,0.7,17.5
PastaPot,Base.PastaPot,Base.Mustard,2,false,true,0.0,0.0,0.0,0.0,0.0,0.0,0.0
PastaPot,Base.PastaPot,Base.MuttonChop,15,false,false,0.5,117.0,0.04,5.5,16.5,0.35,136.5
PastaPot,Base.PastaPot,Base.OilOlive,2,false,true,0.0,0.0,0.0,0.0,0.0,0.0,0.0
PastaPot,Base.PastaPot,Base.OilVegetable,2,false,true,0.0,0.0,0.0,0.0,0.0,0.0,0.0
PastaPot,Base.PastaPot,Base.Onion,5,false,false,0.5,14.0,3.27,0.035,0.385,0.35,16.333333
PastaPot,Base.PastaPot,Base.Oregano,1,false,true,0.0,0.0,0.0,0.0,0.0,0.0,0.0
PastaPot,Base.PastaPot,Base.OreganoDried,1,false,true,0.0,0.0,0.0,0.0,0.0,0.0,0.0
PastaPot,Base.PastaPot,Base.Oysters,5,false,false,1.0,15.0,10.0,4.0,22.0,0.7,17.5
PastaPot,Base.PastaPot,Base.OystersFried,6,false,false,1.0,25.0,11.0,4.0,20.0,0.7,29.166667
PastaPot,Base.PastaPot,Base.Parsley,1,false,true,0.0,0.0,0.0,0.0,0.0,0.0,0.0
PastaPot,Base.PastaPot,Base.ParsleyDried,1,false,true,0.0,0.0,0.0,0.0,0.0,0.0,0.0
PastaPot,Base.PastaPot,Base.Pepper,1,false,true,0.0,0.0,0.0,0.0,0.0,0.0,0.0
PastaPot,Base.PastaPot,Base.PepperHabanero,2,false,true,0.0,0.0,0.0,0.0,0.0,0.0,0.0
PastaPot,Base.PastaPot,Base.PepperHabaneroDried,2,false,true,0.0,0.0,0.0,0.0,0.0,0.0,0.0
PastaPot,Base.PastaPot,Base.PepperJalapeno,2,false,true,0.0,0.0,0.0,0.0,0.0,0.0,0.0
PastaPot,Base.PastaPot,Base.PepperJalapenoDried,2,false,true,0.0,0.0,0.0,0.0,0.0,0.0,0.0
PastaPot,Base.PastaPot,Base.Pepperoni,20,false,false,1.0,180.0,0.0,4.35,15.62,0.7,210.0
PastaPot,Base.PastaPot,Base.Pickles,2,false,true,0.0,0.0,0.0,0.0,0.0,0.0,0.0
PastaPot,Base.PastaPot,Base.Pork,15,false,false,0.25,75.0,0.0,3.0,12.5,0.175,87.5
PastaPot,Base.PastaPot,Base.PorkChop,15,false,false,0.5,75.0,0.0,3.0,12.5,0.35,87.5
PastaPot,Base.PastaPot,Base.PowderedGarlic,1,false,true,0.0,0.0,0.0,0.0,0.0,0.0,0.0
PastaPot,Base.PastaPot,Base.PowderedOnion,1,false,true,0.0,0.0,0.0,0.0,0.0,0.0,0.0
PastaPot,Base.PastaPot,Base.Processedcheese,5,false,false,1.0,70.0,0.0,6.0,4.0,0.7,81.666667
PastaPot,Base.PastaPot,Base.Rabbitmeat,15,false,false,0.5,484.5,10.0,10.0,92.5,0.35,565.25
PastaPot,Base.PastaPot,Base.RiceVinegar,2,false,true,0.0,0.0,0.0,0.0,0.0,0.0,0.0
PastaPot,Base.PastaPot,Base.Rosemary,1,false,true,0.0,0.0,0.0,0.0,0.0,0.0,0.0
PastaPot,Base.PastaPot,Base.RosemaryDried,1,false,true,0.0,0.0,0.0,0.0,0.0,0.0,0.0
PastaPot,Base.PastaPot,Base.Sage,1,false,true,0.0,0.0,0.0,0.0,0.0,0.0,0.0
PastaPot,Base.PastaPot,Base.SageDried,1,false,true,0.0,0.0,0.0,0.0,0.0,0.0,0.0
PastaPot,Base.PastaPot,Base.SalamiSlice,4,false,false,1.0,66.0,0.4,5.2,4.4,0.7,77.0
PastaPot,Base.PastaPot,Base.Salmon,15,false,false,0.5,135.0,0.0,5.275,17.14,0.35,157.5
PastaPot,Base.PastaPot,Base.Salt,1,false,true,0.0,0.0,0.0,0.0,0.0,0.0,0.0
PastaPot,Base.PastaPot,Base.Sausage,20,false,false,1.0,180.0,0.0,4.35,15.62,0.7,210.0
PastaPot,Base.PastaPot,Base.SeasoningSalt,1,false,true,0.0,0.0,0.0,0.0,0.0,0.0,0.0
PastaPot,Base.PastaPot,Base.Seasoning_Basil,1,false,true,0.0,0.0,0.0,0.0,0.0,0.0,0.0
PastaPot,Base.PastaPot,Base.Seasoning_Chives,1,false,true,0.0,0.0,0.0,0.0,0.0,0.0,0.0
PastaPot,Base.PastaPot,Base.Seasoning_Oregano,1,false,true,0.0,0.0,0.0,0.0,0.0,0.0,0.0
PastaPot,Base.PastaPot,Base.Seasoning_Parsley,1,false,true,0.0,0.0,0.0,0.0,0.0,0.0,0.0
PastaPot,Base.PastaPot,Base.Seasoning_Rosemary,1,false,true,0.0,0.0,0.0,0.0,0.0,0.0,0.0
PastaPot,Base.PastaPot,Base.Seasoning_Sage,1,false,true,0.0,0.0,0.0,0.0,0.0,0.0,0.0
PastaPot,Base.PastaPot,Base.Seasoning_Thyme,1,false,true,0.0,0.0,0.0,0.0,0.0,0.0,0.0
PastaPot,Base.PastaPot,Base.SesameOil,2,false,true,0.0,0.0,0.0,0.0,0.0,0.0,0.0
PastaPot,Base.PastaPot,Base.Shrimp,10,false,false,1.0,80.0,0.0,7.0,10.0,0.7,93.333333
PastaPot,Base.PastaPot,Base.ShrimpFried,15,false,false,1.0,160.0,17.0,14.0,16.0,0.7,186.666667
PastaPot,Base.PastaPot,Base.ShrimpFriedCraft,15,false,false,1.0,160.0,17.0,14.0,16.0,0.7,186.666667
PastaPot,Base.PastaPot,Base.Smallanimalmeat,15,false,false,1.0,201.0,5.0,7.25,45.0,0.7,234.5
PastaPot,Base.PastaPot,Base.Smallbirdmeat,15,false,false,1.0,261.0,5.0,8.25,90.0,0.7,304.5
PastaPot,Base.PastaPot,Base.SourCream,2,false,true,0.0,0.0,0.0,0.0,0.0,0.0,0.0
PastaPot,Base.PastaPot,Base.Soysauce,2,false,true,0.0,0.0,0.0,0.0,0.0,0.0,0.0
PastaPot,Base.PastaPot,Base.Squid,15,false,false,0.5,102.5,0.5,6.5,16.26,0.35,119.583333
PastaPot,Base.PastaPot,Base.SquidCalamari,10,false,false,1.0,105.0,3.0,0.0,18.0,0.7,122.5
PastaPot,Base.PastaPot,Base.Steak,20,false,false,0.5,110.0,0.0,4.675,15.81,0.35,128.333333
PastaPot,Base.PastaPot,Base.Thyme,1,false,true,0.0,0.0,0.0,0.0,0.0,0.0,0.0
PastaPot,Base.PastaPot,Base.ThymeDried,1,false,true,0.0,0.0,0.0,0.0,0.0,0.0,0.0
PastaPot,Base.PastaPot,Base.Tofu,10,false,false,1.0,30.0,1.0,1.0,5.0,0.7,35.0
PastaPot,Base.PastaPot,Base.TofuFried,15,false,false,1.0,35.0,3.0,1.0,5.0,0.7,40.833333
PastaPot,Base.PastaPot,Base.Tomato,12,false,false,1.0,14.0,3.5,0.2,1.3,0.7,16.333333
PastaPot,Base.PastaPot,Base.TomatoPaste,3,false,true,0.0,0.0,0.0,0.0,0.0,0.0,0.0
PastaPot,Base.PastaPot,Base.TurkeyEgg,10,false,false,1.0,71.0,0.37,4.54,5.78,0.7,82.833333
PastaPot,Base.PastaPot,Base.TurkeyFillet,20,false,false,0.4,92.0,0.0,4.0,12.8,0.28,107.333333
PastaPot,Base.PastaPot,Base.TurkeyLegs,31,false,false,0.738095,169.761905,0.0,6.642857,28.047619,0.516667,198.055556
PastaPot,Base.PastaPot,Base.TurkeyWings,25,false,false,0.833333,166.666667,0.0,8.333333,26.666667,0.583333,194.444444
PastaPot,Base.PastaPot,Base.Venison,20,false,false,0.25,110.0,0.0,4.675,15.655,0.175,128.333333
PastaPot,Base.PastaPot,Base.Vinegar2,1,false,true,0.0,0.0,0.0,0.0,0.0,0.0,0.0
PastaPot,Base.PastaPot,Base.Vinegar_Jug,1,false,true,0.0,0.0,0.0,0.0,0.0,0.0,0.0
PastaPot,Base.PastaPot,Base.Wasabi,1,false,true,0.0,0.0,0.0,0.0,0.0,0.0,0.0
PastaPot,Base.PastaPot,Base.WildEggs,7,false,false,1.0,63.0,0.32,4.18,5.55,0.7,73.5
PastaPot,Base.PastaPot,Base.WildGarlic2,1,false,true,0.0,0.0,0.0,0.0,0.0,0.0,0.0
PastaPot,Base.PastaPot,Base.WildGarlicDried,1,false,true,0.0,0.0,0.0,0.0,0.0,0.0,0.0
PastaPot,Base.PastaPot,Base.Zucchini,10,false,false,1.0,33.0,6.1,0.63,2.37,0.7,38.5
PastaPot,Base.PastaPot,Base.cheese_powdered,14,false,false,1.0,130.0,20.7,9.7,21.0,0.7,151.666667
PastaPotForged,Base.PastaPotForged,Base.Avocado,16,false,false,1.0,227.0,11.75,20.96,2.67,0.7,264.833333
PastaPotForged,Base.PastaPotForged,Base.BBQSauce,2,false,true,0.0,0.0,0.0,0.0,0.0,0.0,0.0
PastaPotForged,Base.PastaPotForged,Base.Bacon,12,false,false,1.0,160.0,0.0,14.0,10.0,0.7,186.666667
PastaPotForged,Base.PastaPotForged,Base.BaconBits,1,false,true,0.0,0.0,0.0,0.0,0.0,0.0,0.0
PastaPotForged,Base.PastaPotForged,Base.BaloneySlice,5,false,false,1.0,33.0,0.33,1.06,3.78,0.7,38.5
PastaPotForged,Base.PastaPotForged,Base.BalsamicVinegar,2,false,true,0.0,0.0,0.0,0.0,0.0,0.0,0.0
PastaPotForged,Base.PastaPotForged,Base.Basil,1,false,true,0.0,0.0,0.0,0.0,0.0,0.0,0.0
PastaPotForged,Base.PastaPotForged,Base.BasilDried,1,false,true,0.0,0.0,0.0,0.0,0.0,0.0,0.0
PastaPotForged,Base.PastaPotForged,Base.Beef,20,false,false,0.25,110.0,0.0,4.675,15.655,0.175,128.333333
PastaPotForged,Base.PastaPotForged,Base.BeefJerky,10,false,false,0.5,205.0,5.5,13.0,16.5,0.35,239.166667
PastaPotForged,Base.PastaPotForged,Base.BellPepper,8,false,false,1.0,30.0,7.0,0.0,1.0,0.7,35.0
PastaPotForged,Base.PastaPotForged,Base.Broccoli,9,false,false,1.0,11.0,2.0,0.1,0.9,0.7,12.833333
PastaPotForged,Base.PastaPotForged,Base.Butter,4,false,true,0.0,0.0,0.0,0.0,0.0,0.0,0.0
PastaPotForged,Base.PastaPotForged,Base.CannedBellPepper_Open,8,false,false,0.166667,30.0,7.0,0.0,1.0,0.116667,35.0
PastaPotForged,Base.PastaPotForged,Base.CannedBologneseOpen,24,false,false,1.0,540.0,68.0,22.0,18.0,0.7,630.0
PastaPotForged,Base.PastaPotForged,Base.CannedBroccoli_Open,9,false,false,0.2,11.0,2.0,0.1,0.9,0.14,12.833333
PastaPotForged,Base.PastaPotForged,Base.CannedCarrotsOpen,12,false,false,1.0,10.5,28.0,0.0,0.0,0.7,12.25
PastaPotForged,Base.PastaPotForged,Base.CannedCarrots_Open,8,false,false,0.2,25.0,6.0,0.15,0.6,0.14,29.166667
PastaPotForged,Base.PastaPotForged,Base.CannedChiliOpen,8,false,false,0.5,130.0,16.5,3.5,8.0,0.35,151.666667
PastaPotForged,Base.PastaPotForged,Base.CannedCornOpen,16,false,false,1.0,315.0,70.0,1.75,7.0,0.7,367.5
PastaPotForged,Base.PastaPotForged,Base.CannedCornedBeefOpen,12,false,false,0.5,360.0,0.0,24.0,39.0,0.35,420.0
PastaPotForged,Base.PastaPotForged,Base.CannedEggplant_Open,16,false,false,0.333333,114.0,27.0,0.8,4.5,0.233333,133.0
PastaPotForged,Base.PastaPotForged,Base.CannedLeek_Open,12,false,false,0.25,54.0,140.0,0.3,3.8,0.175,63.0
PastaPotForged,Base.PastaPotForged,Base.CannedMushroomSoupOpen,10,false,false,1.0,160.0,19.0,8.0,3.0,0.7,186.666667
PastaPotForged,Base.PastaPotForged,Base.CannedTomatoOpen,12,false,false,1.0,90.0,18.0,0.0,3.0,0.7,105.0
PastaPotForged,Base.PastaPotForged,Base.CannedTomato_Open,12,false,false,0.25,14.0,3.5,0.2,1.3,0.175,16.333333
PastaPotForged,Base.PastaPotForged,Base.Capers,1,false,true,0.0,0.0,0.0,0.0,0.0,0.0,0.0
PastaPotForged,Base.PastaPotForged,Base.Carrots,8,false,false,1.0,25.0,6.0,0.15,0.6,0.7,29.166667
PastaPotForged,Base.PastaPotForged,Base.Cauliflower,9,false,false,1.0,24.0,3.0,0.0,4.0,0.7,28.0
PastaPotForged,Base.PastaPotForged,Base.Cheese,10,false,false,0.666667,75.333333,0.58,6.22,4.266667,0.466667,87.888889
PastaPotForged,Base.PastaPotForged,Base.Chicken,30,false,false,0.909091,209.090909,0.0,8.181818,34.545455,0.636364,243.939394
PastaPotForged,Base.PastaPotForged,Base.ChickenFillet,18,false,false,0.6,138.0,0.0,5.4,22.8,0.42,161.0
PastaPotForged,Base.PastaPotForged,Base.ChickenWings,15,false,false,0.789474,150.0,0.0,4.736842,17.368421,0.552632,175.0
PastaPotForged,Base.PastaPotForged,Base.Chives,1,false,true,0.0,0.0,0.0,0.0,0.0,0.0,0.0
PastaPotForged,Base.PastaPotForged,Base.ChivesDried,1,false,true,0.0,0.0,0.0,0.0,0.0,0.0,0.0
PastaPotForged,Base.PastaPotForged,Base.Corn,14,false,false,1.0,88.0,26.74,1.93,4.68,0.7,102.666667
PastaPotForged,Base.PastaPotForged,Base.CornSeed,1,false,false,0.25,6.2,1.9,0.14,0.33,0.175,7.233333
PastaPotForged,Base.PastaPotForged,Base.Crayfish,10,false,false,1.0,40.0,0.0,2.0,8.0,0.7,46.666667
PastaPotForged,Base.PastaPotForged,Base.Daikon,12,false,false,1.0,54.0,12.59,0.27,1.34,0.7,63.0
PastaPotForged,Base.PastaPotForged,Base.DeadBird,10,false,false,0.666667,107.333333,0.333333,1.333333,14.666667,0.466667,125.222222
PastaPotForged,Base.PastaPotForged,Base.DeadMouse,10,false,false,1.0,220.0,0.7,3.15,9.5,0.7,256.666667
PastaPotForged,Base.PastaPotForged,Base.DeadMousePups,5,false,false,1.0,110.0,0.35,1.58,4.2,0.7,128.333333
PastaPotForged,Base.PastaPotForged,Base.DeadMousePupsSkinned,5,false,false,1.0,110.0,0.35,1.58,4.2,0.7,128.333333
PastaPotForged,Base.PastaPotForged,Base.DeadMouseSkinned,10,false,false,1.0,220.0,0.7,3.15,9.5,0.7,256.666667
PastaPotForged,Base.PastaPotForged,Base.DeadRat,15,false,false,0.681818,220.909091,0.0,10.909091,27.272727,0.477273,257.727273
PastaPotForged,Base.PastaPotForged,Base.DeadRatBaby,10,false,false,0.833333,145.5,0.0,7.166667,18.0,0.583333,169.75
PastaPotForged,Base.PastaPotForged,Base.DeadRatBabySkinned,10,false,false,0.833333,145.5,0.0,7.166667,18.0,0.583333,169.75
PastaPotForged,Base.PastaPotForged,Base.DeadRatSkinned,15,false,false,0.681818,220.909091,0.0,10.909091,27.272727,0.477273,257.727273
PastaPotForged,Base.PastaPotForged,Base.DeadSquirrel,15,false,false,0.46875,225.0,0.0,7.03125,39.75,0.328125,262.5
PastaPotForged,Base.PastaPotForged,Base.Dip_NachoCheese,2,false,true,0.0,0.0,0.0,0.0,0.0,0.0,0.0
PastaPotForged,Base.PastaPotForged,Base.Dip_Ranch,2,false,true,0.0,0.0,0.0,0.0,0.0,0.0,0.0
PastaPotForged,Base.PastaPotForged,Base.Dip_Salsa,2,false,true,0.0,0.0,0.0,0.0,0.0,0.0,0.0
PastaPotForged,Base.PastaPotForged,Base.DriedBlackBeans,10,false,false,0.166667,514.0,96.666667,0.0,33.166667,0.116667,599.666667
PastaPotForged,Base.PastaPotForged,Base.DriedChickpeas,10,false,false,0.166667,475.166667,90.666667,0.0,30.166667,0.116667,554.361111
PastaPotForged,Base.PastaPotForged,Base.DriedKidneyBeans,10,false,false,0.166667,544.166667,84.666667,2.166667,45.333333,0.116667,634.861111
PastaPotForged,Base.PastaPotForged,Base.DriedLentils,10,false,false,0.166667,500.0,90.0,0.0,36.666667,0.116667,583.333333
PastaPotForged,Base.PastaPotForged,Base.DriedSplitPeas,10,false,false,0.166667,369.5,90.666667,0.0,36.833333,0.116667,431.083333
PastaPotForged,Base.PastaPotForged,Base.DriedWhiteBeans,10,false,false,0.166667,470.5,87.833333,1.666667,31.333333,0.116667,548.916667
PastaPotForged,Base.PastaPotForged,Base.Egg,7,false,false,1.0,63.0,0.32,4.18,5.55,0.7,73.5
PastaPotForged,Base.PastaPotForged,Base.Eggplant,16,false,false,1.0,114.0,27.0,0.8,4.5,0.7,133.0
PastaPotForged,Base.PastaPotForged,Base.FishFillet,15,false,false,0.6,123.0,0.6,7.2,17.112,0.42,143.5
PastaPotForged,Base.PastaPotForged,Base.FishFried,15,false,false,0.5,105.0,3.5,6.0,8.0,0.35,122.5
PastaPotForged,Base.PastaPotForged,Base.Garlic,1,false,true,0.0,0.0,0.0,0.0,0.0,0.0,0.0
PastaPotForged,Base.PastaPotForged,Base.GreenOnions,1,false,true,0.0,0.0,0.0,0.0,0.0,0.0,0.0
PastaPotForged,Base.PastaPotForged,Base.GreenpeasSeed,1,false,false,1.0,17.5,3.25,0.0,0.875,0.7,20.416667
PastaPotForged,Base.PastaPotForged,Base.HamSlice,10,false,false,1.0,260.0,15.16,13.0,19.5,0.7,303.333333
PastaPotForged,Base.PastaPotForged,Base.Hotdog_single,10,false,false,1.0,65.0,1.25,2.0,1.25,0.7,75.833333
PastaPotForged,Base.PastaPotForged,Base.Hotsauce,2,false,true,0.0,0.0,0.0,0.0,0.0,0.0,0.0
PastaPotForged,Base.PastaPotForged,Base.Kale,8,false,false,0.5,89.0,20.705,0.355,4.57,0.35,103.833333
PastaPotForged,Base.PastaPotForged,Base.Ketchup,2,false,true,0.0,0.0,0.0,0.0,0.0,0.0,0.0
PastaPotForged,Base.PastaPotForged,Base.Lard,4,false,true,0.0,0.0,0.0,0.0,0.0,0.0,0.0
PastaPotForged,Base.PastaPotForged,Base.Leek,12,false,false,1.0,54.0,140.0,0.3,1.3,0.7,63.0
PastaPotForged,Base.PastaPotForged,Base.Lobster,20,false,false,0.5,60.0,0.0,3.5,14.0,0.35,70.0
PastaPotForged,Base.PastaPotForged,Base.Margarine,4,false,true,0.0,0.0,0.0,0.0,0.0,0.0,0.0
PastaPotForged,Base.PastaPotForged,Base.Marinara,2,false,true,0.0,0.0,0.0,0.0,0.0,0.0,0.0
PastaPotForged,Base.PastaPotForged,Base.MayonnaiseFull,2,false,true,0.0,0.0,0.0,0.0,0.0,0.0,0.0
PastaPotForged,Base.PastaPotForged,Base.MincedMeat,20,false,false,0.5,150.0,0.0,15.0,23.0,0.35,175.0
PastaPotForged,Base.PastaPotForged,Base.MushroomGeneric1,13,false,false,1.0,30.0,2.12,0.24,2.04,0.7,35.0
PastaPotForged,Base.PastaPotForged,Base.MushroomGeneric2,13,false,false,1.0,30.0,2.12,0.24,2.04,0.7,35.0
PastaPotForged,Base.PastaPotForged,Base.MushroomGeneric3,15,false,false,1.0,32.0,2.56,0.32,2.36,0.7,37.333333
PastaPotForged,Base.PastaPotForged,Base.MushroomGeneric4,13,false,false,1.0,30.0,2.12,0.24,2.04,0.7,35.0
PastaPotForged,Base.PastaPotForged,Base.MushroomGeneric5,15,false,false,1.0,32.0,2.56,0.32,2.36,0.7,37.333333
PastaPotForged,Base.PastaPotForged,Base.MushroomGeneric6,13,false,false,1.0,30.0,2.12,0.24,2.04,0.7,35.0
PastaPotForged,Base.PastaPotForged,Base.MushroomGeneric7,13,false,false,1.0,32.0,2.12,0.24,2.04,0.7,37.333333
PastaPotForged,Base.PastaPotForged,Base.MushroomsButton,7,false,false,1.0,15.0,1.06,0.12,1.02,0.7,17.5
PastaPotForged,Base.PastaPotForged,Base.Mustard,2,false,true,0.0,0.0,0.0,0.0,0.0,0.0,0.0
PastaPotForged,Base.PastaPotForged,Base.MuttonChop,15,false,false,0.5,117.0,0.04,5.5,16.5,0.35,136.5
PastaPotForged,Base.PastaPotForged,Base.OilOlive,2,false,true,0.0,0.0,0.0,0.0,0.0,0.0,0.0
PastaPotForged,Base.PastaPotForged,Base.OilVegetable,2,false,true,0.0,0.0,0.0,0.0,0.0,0.0,0.0
PastaPotForged,Base.PastaPotForged,Base.Onion,5,false,false,0.5,14.0,3.27,0.035,0.385,0.35,16.333333
PastaPotForged,Base.PastaPotForged,Base.Oregano,1,false,true,0.0,0.0,0.0,0.0,0.0,0.0,0.0
PastaPotForged,Base.PastaPotForged,Base.OreganoDried,1,false,true,0.0,0.0,0.0,0.0,0.0,0.0,0.0
PastaPotForged,Base.PastaPotForged,Base.Oysters,5,false,false,1.0,15.0,10.0,4.0,22.0,0.7,17.5
PastaPotForged,Base.PastaPotForged,Base.OystersFried,6,false,false,1.0,25.0,11.0,4.0,20.0,0.7,29.166667
PastaPotForged,Base.PastaPotForged,Base.Parsley,1,false,true,0.0,0.0,0.0,0.0,0.0,0.0,0.0
PastaPotForged,Base.PastaPotForged,Base.ParsleyDried,1,false,true,0.0,0.0,0.0,0.0,0.0,0.0,0.0
PastaPotForged,Base.PastaPotForged,Base.Pepper,1,false,true,0.0,0.0,0.0,0.0,0.0,0.0,0.0
PastaPotForged,Base.PastaPotForged,Base.PepperHabanero,2,false,true,0.0,0.0,0.0,0.0,0.0,0.0,0.0
PastaPotForged,Base.PastaPotForged,Base.PepperHabaneroDried,2,false,true,0.0,0.0,0.0,0.0,0.0,0.0,0.0
PastaPotForged,Base.PastaPotForged,Base.PepperJalapeno,2,false,true,0.0,0.0,0.0,0.0,0.0,0.0,0.0
PastaPotForged,Base.PastaPotForged,Base.PepperJalapenoDried,2,false,true,0.0,0.0,0.0,0.0,0.0,0.0,0.0
PastaPotForged,Base.PastaPotForged,Base.Pepperoni,20,false,false,1.0,180.0,0.0,4.35,15.62,0.7,210.0
PastaPotForged,Base.PastaPotForged,Base.Pickles,2,false,true,0.0,0.0,0.0,0.0,0.0,0.0,0.0
PastaPotForged,Base.PastaPotForged,Base.Pork,15,false,false,0.25,75.0,0.0,3.0,12.5,0.175,87.5
PastaPotForged,Base.PastaPotForged,Base.PorkChop,15,false,false,0.5,75.0,0.0,3.0,12.5,0.35,87.5
PastaPotForged,Base.PastaPotForged,Base.PowderedGarlic,1,false,true,0.0,0.0,0.0,0.0,0.0,0.0,0.0
PastaPotForged,Base.PastaPotForged,Base.PowderedOnion,1,false,true,0.0,0.0,0.0,0.0,0.0,0.0,0.0
PastaPotForged,Base.PastaPotForged,Base.Processedcheese,5,false,false,1.0,70.0,0.0,6.0,4.0,0.7,81.666667
PastaPotForged,Base.PastaPotForged,Base.Rabbitmeat,15,false,false,0.5,484.5,10.0,10.0,92.5,0.35,565.25
PastaPotForged,Base.PastaPotForged,Base.RiceVinegar,2,false,true,0.0,0.0,0.0,0.0,0.0,0.0,0.0
PastaPotForged,Base.PastaPotForged,Base.Rosemary,1,false,true,0.0,0.0,0.0,0.0,0.0,0.0,0.0
PastaPotForged,Base.PastaPotForged,Base.RosemaryDried,1,false,true,0.0,0.0,0.0,0.0,0.0,0.0,0.0
PastaPotForged,Base.PastaPotForged,Base.Sage,1,false,true,0.0,0.0,0.0,0.0,0.0,0.0,0.0
PastaPotForged,Base.PastaPotForged,Base.SageDried,1,false,true,0.0,0.0,0.0,0.0,0.0,0.0,0.0
PastaPotForged,Base.PastaPotForged,Base.SalamiSlice,4,false,false,1.0,66.0,0.4,5.2,4.4,0.7,77.0
PastaPotForged,Base.PastaPotForged,Base.Salmon,15,false,false,0.5,135.0,0.0,5.275,17.14,0.35,157.5
PastaPotForged,Base.PastaPotForged,Base.Salt,1,false,true,0.0,0.0,0.0,0.0,0.0,0.0,0.0
PastaPotForged,Base.PastaPotForged,Base.Sausage,20,false,false,1.0,180.0,0.0,4.35,15.62,0.7,210.0
PastaPotForged,Base.PastaPotForged,Base.SeasoningSalt,1,false,true,0.0,0.0,0.0,0.0,0.0,0.0,0.0
PastaPotForged,Base.PastaPotForged,Base.Seasoning_Basil,1,false,true,0.0,0.0,0.0,0.0,0.0,0.0,0.0
PastaPotForged,Base.PastaPotForged,Base.Seasoning_Chives,1,false,true,0.0,0.0,0.0,0.0,0.0,0.0,0.0
PastaPotForged,Base.PastaPotForged,Base.Seasoning_Oregano,1,false,true,0.0,0.0,0.0,0.0,0.0,0.0,0.0
PastaPotForged,Base.PastaPotForged,Base.Seasoning_Parsley,1,false,true,0.0,0.0,0.0,0.0,0.0,0.0,0.0
PastaPotForged,Base.PastaPotForged,Base.Seasoning_Rosemary,1,false,true,0.0,0.0,0.0,0.0,0.0,0.0,0.0
PastaPotForged,Base.PastaPotForged,Base.Seasoning_Sage,1,false,true,0.0,0.0,0.0,0.0,0.0,0.0,0.0
PastaPotForged,Base.PastaPotForged,Base.Seasoning_Thyme,1,false,true,0.0,0.0,0.0,0.0,0.0,0.0,0.0
PastaPotForged,Base.PastaPotForged,Base.SesameOil,2,false,true,0.0,0.0,0.0,0.0,0.0,0.0,0.0
PastaPotForged,Base.PastaPotForged,Base.Shrimp,10,false,false,1.0,80.0,0.0,7.0,10.0,0.7,93.333333
PastaPotForged,Base.PastaPotForged,Base.ShrimpFried,15,false,false,1.0,160.0,17.0,14.0,16.0,0.7,186.666667
PastaPotForged,Base.PastaPotForged,Base.ShrimpFriedCraft,15,false,false,1.0,160.0,17.0,14.0,16.0,0.7,186.666667
PastaPotForged,Base.PastaPotForged,Base.Smallanimalmeat,15,false,false,1.0,201.0,5.0,7.25,45.0,0.7,234.5
PastaPotForged,Base.PastaPotForged,Base.Smallbirdmeat,15,false,false,1.0,261.0,5.0,8.25,90.0,0.7,304.5
PastaPotForged,Base.PastaPotForged,Base.SourCream,2,false,true,0.0,0.0,0.0,0.0,0.0,0.0,0.0
PastaPotForged,Base.PastaPotForged,Base.Soysauce,2,false,true,0.0,0.0,0.0,0.0,0.0,0.0,0.0
PastaPotForged,Base.PastaPotForged,Base.Squid,15,false,false,0.5,102.5,0.5,6.5,16.26,0.35,119.583333
PastaPotForged,Base.PastaPotForged,Base.SquidCalamari,10,false,false,1.0,105.0,3.0,0.0,18.0,0.7,122.5
PastaPotForged,Base.PastaPotForged,Base.Steak,20,false,false,0.5,110.0,0.0,4.675,15.81,0.35,128.333333
PastaPotForged,Base.PastaPotForged,Base.Thyme,1,false,true,0.0,0.0,0.0,0.0,0.0,0.0,0.0
PastaPotForged,Base.PastaPotForged,Base.ThymeDried,1,false,true,0.0,0.0,0.0,0.0,0.0,0.0,0.0
PastaPotForged,Base.PastaPotForged,Base.Tofu,10,false,false,1.0,30.0,1.0,1.0,5.0,0.7,35.0
PastaPotForged,Base.PastaPotForged,Base.TofuFried,15,false,false,1.0,35.0,3.0,1.0,5.0,0.7,40.833333
PastaPotForged,Base.PastaPotForged,Base.Tomato,12,false,false,1.0,14.0,3.5,0.2,1.3,0.7,16.333333
PastaPotForged,Base.PastaPotForged,Base.TomatoPaste,3,false,true,0.0,0.0,0.0,0.0,0.0,0.0,0.0
PastaPotForged,Base.PastaPotForged,Base.TurkeyEgg,10,false,false,1.0,71.0,0.37,4.54,5.78,0.7,82.833333
PastaPotForged,Base.PastaPotForged,Base.TurkeyFillet,20,false,false,0.4,92.0,0.0,4.0,12.8,0.28,107.333333
PastaPotForged,Base.PastaPotForged,Base.TurkeyLegs,31,false,false,0.738095,169.761905,0.0,6.642857,28.047619,0.516667,198.055556
PastaPotForged,Base.PastaPotForged,Base.TurkeyWings,25,false,false,0.833333,166.666667,0.0,8.333333,26.666667,0.583333,194.444444
PastaPotForged,Base.PastaPotForged,Base.Venison,20,false,false,0.25,110.0,0.0,4.675,15.655,0.175,128.333333
PastaPotForged,Base.PastaPotForged,Base.Vinegar2,1,false,true,0.0,0.0,0.0,0.0,0.0,0.0,0.0
PastaPotForged,Base.PastaPotForged,Base.Vinegar_Jug,1,false,true,0.0,0.0,0.0,0.0,0.0,0.0,0.0
PastaPotForged,Base.PastaPotForged,Base.Wasabi,1,false,true,0.0,0.0,0.0,0.0,0.0,0.0,0.0
PastaPotForged,Base.PastaPotForged,Base.WildEggs,7,false,false,1.0,63.0,0.32,4.18,5.55,0.7,73.5
PastaPotForged,Base.PastaPotForged,Base.WildGarlic2,1,false,true,0.0,0.0,0.0,0.0,0.0,0.0,0.0
PastaPotForged,Base.PastaPotForged,Base.WildGarlicDried,1,false,true,0.0,0.0,0.0,0.0,0.0,0.0,0.0
PastaPotForged,Base.PastaPotForged,Base.Zucchini,10,false,false,1.0,33.0,6.1,0.63,2.37,0.7,38.5
PastaPotForged,Base.PastaPotForged,Base.cheese_powdered,14,false,false,1.0,130.0,20.7,9.7,21.0,0.7,151.666667
Pie,Base.PieWholeRaw,Base.Avocado,16,false,false,1.0,227.0,11.75,20.96,2.67,0.7,264.833333
Pie,Base.PieWholeRaw,Base.Bacon,12,false,false,1.0,160.0,0.0,14.0,10.0,0.7,186.666667
Pie,Base.PieWholeRaw,Base.BaconBits,1,false,true,0.0,0.0,0.0,0.0,0.0,0.0,0.0
Pie,Base.PieWholeRaw,Base.BaconRashers,4,false,false,1.0,40.0,0.0,3.5,2.5,0.7,46.666667
Pie,Base.PieWholeRaw,Base.BeefJerky,10,false,false,0.5,205.0,5.5,13.0,16.5,0.35,239.166667
Pie,Base.PieWholeRaw,Base.BellPepper,8,false,false,1.0,30.0,7.0,0.0,1.0,0.7,35.0
Pie,Base.PieWholeRaw,Base.Broccoli,9,false,false,1.0,11.0,2.0,0.1,0.9,0.7,12.833333
Pie,Base.PieWholeRaw,Base.BrusselSprouts,9,false,false,0.45,53.55,9.2025,0.3825,3.5775,0.315,62.475
Pie,Base.PieWholeRaw,Base.CannedBellPepper_Open,8,false,false,0.166667,30.0,7.0,0.0,1.0,0.116667,35.0
Pie,Base.PieWholeRaw,Base.CannedBroccoli_Open,9,false,false,0.2,11.0,2.0,0.1,0.9,0.14,12.833333
Pie,Base.PieWholeRaw,Base.CannedCarrotsOpen,12,false,false,1.0,10.5,28.0,0.0,0.0,0.7,12.25
Pie,Base.PieWholeRaw,Base.CannedCarrots_Open,8,false,false,0.2,25.0,6.0,0.15,0.6,0.14,29.166667
Pie,Base.PieWholeRaw,Base.CannedEggplant_Open,16,false,false,0.333333,114.0,27.0,0.8,4.5,0.233333,133.0
Pie,Base.PieWholeRaw,Base.CannedLeek_Open,12,false,false,0.25,54.0,140.0,0.3,3.8,0.175,63.0
Pie,Base.PieWholeRaw,Base.CannedPotatoOpen,18,false,false,1.0,175.0,35.0,0.0,2.5,0.7,204.166667
Pie,Base.PieWholeRaw,Base.CannedPotato_Open,18,false,false,0.375,78.75,16.875,0.16875,3.375,0.2625,91.875
Pie,Base.PieWholeRaw,Base.CannedTomatoOpen,12,false,false,1.0,90.0,18.0,0.0,3.0,0.7,105.0
Pie,Base.PieWholeRaw,Base.CannedTomato_Open,12,false,false,0.25,14.0,3.5,0.2,1.3,0.175,16.333333
Pie,Base.PieWholeRaw,Base.Carrots,8,false,false,1.0,25.0,6.0,0.15,0.6,0.7,29.166667
Pie,Base.PieWholeRaw,Base.Cauliflower,9,false,false,1.0,24.0,3.0,0.0,4.0,0.7,28.0
Pie,Base.PieWholeRaw,Base.Chicken,10,false,false,0.30303,69.69697,0.0,2.727273,11.515152,0.212121,81.313131
Pie,Base.PieWholeRaw,Base.ChickenFillet,12,false,false,0.4,92.0,0.0,3.6,15.2,0.28,107.333333
Pie,Base.PieWholeRaw,Base.ChickenWings,15,false,false,0.789474,150.0,0.0,4.736842,17.368421,0.552632,175.0
Pie,Base.PieWholeRaw,Base.Crayfish,10,false,false,1.0,40.0,0.0,2.0,8.0,0.7,46.666667
Pie,Base.PieWholeRaw,Base.Daikon,12,false,false,1.0,54.0,12.59,0.27,1.34,0.7,63.0
Pie,Base.PieWholeRaw,Base.DeadBird,10,false,false,0.666667,107.333333,0.333333,1.333333,14.666667,0.466667,125.222222
Pie,Base.PieWholeRaw,Base.DeadMouse,10,false,false,1.0,220.0,0.7,3.15,9.5,0.7,256.666667
Pie,Base.PieWholeRaw,Base.DeadMousePups,5,false,false,1.0,110.0,0.35,1.58,4.2,0.7,128.333333
Pie,Base.PieWholeRaw,Base.DeadMousePupsSkinned,5,false,false,1.0,110.0,0.35,1.58,4.2,0.7,128.333333
Pie,Base.PieWholeRaw,Base.DeadMouseSkinned,10,false,false,1.0,220.0,0.7,3.15,9.5,0.7,256.666667
Pie,Base.PieWholeRaw,Base.DeadRat,15,false,false,0.681818,220.909091,0.0,10.909091,27.272727,0.477273,257.727273
Pie,Base.PieWholeRaw,Base.DeadRatBaby,10,false,false,0.833333,145.5,0.0,7.166667,18.0,0.583333,169.75
Pie,Base.PieWholeRaw,Base.DeadRatBabySkinned,10,false,false,0.833333,145.5,0.0,7.166667,18.0,0.583333,169.75
Pie,Base.PieWholeRaw,Base.DeadRatSkinned,15,false,false,0.681818,220.909091,0.0,10.909091,27.272727,0.477273,257.727273
Pie,Base.PieWholeRaw,Base.DeadSquirrel,15,false,false,0.46875,225.0,0.0,7.03125,39.75,0.328125,262.5
Pie,Base.PieWholeRaw,Base.Eggplant,16,false,false,1.0,114.0,27.0,0.8,4.5,0.7,133.0
Pie,Base.PieWholeRaw,Base.FishFillet,15,false,false,0.6,123.0,0.6,7.2,17.112,0.42,143.5
Pie,Base.PieWholeRaw,Base.FishFried,15,false,false,0.5,105.0,3.5,6.0,8.0,0.35,122.5
Pie,Base.PieWholeRaw,Base.Garlic,1,false,true,0.0,0.0,0.0,0.0,0.0,0.0,0.0
Pie,Base.PieWholeRaw,Base.GrapeLeaves,4,false,false,1.0,73.0,11.0,2.0,4.0,0.7,85.166667
Pie,Base.PieWholeRaw,Base.Gravy,4,false,true,0.0,0.0,0.0,0.0,0.0,0.0,0.0
Pie,Base.PieWholeRaw,Base.Hotdog_single,10,false,false,1.0,65.0,1.25,2.0,1.25,0.7,75.833333
Pie,Base.PieWholeRaw,Base.Kale,8,false,false,0.5,89.0,20.705,0.355,4.57,0.35,103.833333
Pie,Base.PieWholeRaw,Base.Leek,12,false,false,1.0,54.0,140.0,0.3,1.3,0.7,63.0
Pie,Base.PieWholeRaw,Base.Lobster,10,false,false,0.25,30.0,0.0,1.75,7.0,0.175,35.0
Pie,Base.PieWholeRaw,Base.MeatPatty,20,false,false,0.5,306.0,0.0,15.0,23.0,0.35,357.0
Pie,Base.PieWholeRaw,Base.MincedMeat,20,false,false,0.5,150.0,0.0,15.0,23.0,0.35,175.0
Pie,Base.PieWholeRaw,Base.MushroomGeneric1,13,false,false,1.0,30.0,2.12,0.24,2.04,0.7,35.0
Pie,Base.PieWholeRaw,Base.MushroomGeneric2,13,false,false,1.0,30.0,2.12,0.24,2.04,0.7,35.0
Pie,Base.PieWholeRaw,Base.MushroomGeneric3,15,false,false,1.0,32.0,2.56,0.32,2.36,0.7,37.333333
Pie,Base.PieWholeRaw,Base.MushroomGeneric4,13,false,false,1.0,30.0,2.12,0.24,2.04,0.7,35.0
Pie,Base.PieWholeRaw,Base.MushroomGeneric5,15,false,false,1.0,32.0,2.56,0.32,2.36,0.7,37.333333
Pie,Base.PieWholeRaw,Base.MushroomGeneric6,13,false,false,1.0,30.0,2.12,0.24,2.04,0.7,35.0
Pie,Base.PieWholeRaw,Base.MushroomGeneric7,13,false,false,1.0,32.0,2.12,0.24,2.04,0.7,37.333333
Pie,Base.PieWholeRaw,Base.MushroomsButton,7,false,false,1.0,15.0,1.06,0.12,1.02,0.7,17.5
Pie,Base.PieWholeRaw,Base.MuttonChop,15,false,false,0.5,117.0,0.04,5.5,16.5,0.35,136.5
Pie,Base.PieWholeRaw,Base.Onion,5,false,false,0.5,14.0,3.27,0.035,0.385,0.35,16.333333
Pie,Base.PieWholeRaw,Base.Oysters,5,false,false,1.0,15.0,10.0,4.0,22.0,0.7,17.5
Pie,Base.PieWholeRaw,Base.OystersFried,6,false,false,1.0,25.0,11.0,4.0,20.0,0.7,29.166667
Pie,Base.PieWholeRaw,Base.Peas,10,false,false,0.5,59.5,10.225,0.425,3.975,0.35,69.416667
Pie,Base.PieWholeRaw,Base.Pepper,1,false,true,0.0,0.0,0.0,0.0,0.0,0.0,0.0
Pie,Base.PieWholeRaw,Base.Pork,15,false,false,0.25,75.0,0.0,3.0,12.5,0.175,87.5
Pie,Base.PieWholeRaw,Base.PorkChop,15,false,false,0.5,75.0,0.0,3.0,12.5,0.35,87.5
Pie,Base.PieWholeRaw,Base.Potato,18,false,false,1.0,70.0,15.0,0.15,3.0,0.7,81.666667
Pie,Base.PieWholeRaw,Base.PowderedGarlic,1,false,true,0.0,0.0,0.0,0.0,0.0,0.0,0.0
Pie,Base.PieWholeRaw,Base.PowderedOnion,1,false,true,0.0,0.0,0.0,0.0,0.0,0.0,0.0
Pie,Base.PieWholeRaw,Base.Rabbitmeat,15,false,false,0.5,484.5,10.0,10.0,92.5,0.35,565.25
Pie,Base.PieWholeRaw,Base.Salmon,15,false,false,0.5,135.0,0.0,5.275,17.14,0.35,157.5
Pie,Base.PieWholeRaw,Base.Salt,1,false,true,0.0,0.0,0.0,0.0,0.0,0.0,0.0
Pie,Base.PieWholeRaw,Base.SeasoningSalt,1,false,true,0.0,0.0,0.0,0.0,0.0,0.0,0.0
Pie,Base.PieWholeRaw,Base.Shrimp,10,false,false,1.0,80.0,0.0,7.0,10.0,0.7,93.333333
Pie,Base.PieWholeRaw,Base.Smallanimalmeat,15,false,false,1.0,201.0,5.0,7.25,45.0,0.7,234.5
Pie,Base.PieWholeRaw,Base.Smallbirdmeat,15,false,false,1.0,261.0,5.0,8.25,90.0,0.7,304.5
Pie,Base.PieWholeRaw,Base.Squid,15,false,false,0.5,102.5,0.5,6.5,16.26,0.35,119.583333
Pie,Base.PieWholeRaw,Base.SquidCalamari,10,false,false,1.0,105.0,3.0,0.0,18.0,0.7,122.5
Pie,Base.PieWholeRaw,Base.SweetPotato,18,false,false,1.0,70.0,14.52,0.15,2.88,0.7,81.666667
Pie,Base.PieWholeRaw,Base.Tomato,12,false,false,1.0,14.0,3.5,0.2,1.3,0.7,16.333333
Pie,Base.PieWholeRaw,Base.TomatoPaste,3,false,true,0.0,0.0,0.0,0.0,0.0,0.0,0.0
Pie,Base.PieWholeRaw,Base.TurkeyFillet,20,false,false,0.4,92.0,0.0,4.0,12.8,0.28,107.333333
Pie,Base.PieWholeRaw,Base.TurkeyLegs,10,false,false,0.238095,54.761905,0.0,2.142857,9.047619,0.166667,63.888889
Pie,Base.PieWholeRaw,Base.TurkeyWings,25,false,false,0.833333,166.666667,0.0,8.333333,26.666667,0.583333,194.444444
Pie,Base.PieWholeRaw,Base.Turnip,18,false,false,1.0,70.0,14.52,0.15,2.88,0.7,81.666667
Pie,Base.PieWholeRaw,Base.Wasabi,1,false,true,0.0,0.0,0.0,0.0,0.0,0.0,0.0
Pie,Base.PieWholeRaw,Base.WildGarlic2,1,false,true,0.0,0.0,0.0,0.0,0.0,0.0,0.0
Pie,Base.PieWholeRaw,Base.WildGarlicDried,1,false,true,0.0,0.0,0.0,0.0,0.0,0.0,0.0
Pie,Base.PieWholeRaw,Base.Zucchini,10,false,false,1.0,33.0,6.1,0.63,2.37,0.7,38.5
PieSweet,Base.PieWholeRawSweet,Base.Apple,16,false,false,1.0,95.0,25.13,0.31,0.47,0.7,110.833333
PieSweet,Base.PieWholeRawSweet,Base.Banana,16,false,false,1.0,105.0,26.95,0.39,1.29,0.7,122.5
PieSweet,Base.PieWholeRawSweet,Base.BeautyBerry,10,false,false,1.0,23.0,5.0,0.0,4.0,0.7,26.833333
PieSweet,Base.PieWholeRawSweet,Base.BerryBlack,10,false,false,1.0,23.0,5.0,0.0,4.0,0.7,26.833333
PieSweet,Base.PieWholeRawSweet,Base.BerryBlue,10,false,false,1.0,23.0,5.0,0.0,4.0,0.7,26.833333
PieSweet,Base.PieWholeRawSweet,Base.BerryGeneric1,5,false,false,1.0,12.0,3.0,0.0,2.0,0.7,14.0
PieSweet,Base.PieWholeRawSweet,Base.BerryGeneric2,10,false,false,1.0,23.0,5.0,0.0,4.0,0.7,26.833333
PieSweet,Base.PieWholeRawSweet,Base.BerryGeneric3,5,false,false,1.0,8.0,3.0,0.0,2.0,0.7,9.333333
PieSweet,Base.PieWholeRawSweet,Base.BerryGeneric4,10,false,false,1.0,23.0,5.0,0.0,4.0,0.7,26.833333
PieSweet,Base.PieWholeRawSweet,Base.BerryGeneric5,10,false,false,1.0,23.0,5.0,0.0,4.0,0.7,26.833333
PieSweet,Base.PieWholeRawSweet,Base.BerryPoisonIvy,5,false,false,1.0,23.0,5.0,0.0,4.0,0.7,26.833333
PieSweet,Base.PieWholeRawSweet,Base.CannedFruitCocktailOpen,15,false,false,1.0,250.0,0.0,24.0,10.0,0.7,291.666667
PieSweet,Base.PieWholeRawSweet,Base.CannedMilkOpen,5,false,false,0.5,236.0,11.8,11.8,11.8,0.35,275.333333
PieSweet,Base.PieWholeRawSweet,Base.CannedPeachesOpen,15,false,false,1.0,250.0,0.0,24.0,10.0,0.7,291.666667
PieSweet,Base.PieWholeRawSweet,Base.CannedPineappleOpen,15,false,false,1.0,250.0,0.0,24.0,10.0,0.7,291.666667
PieSweet,Base.PieWholeRawSweet,Base.Cherry,3,false,false,1.0,5.0,1.31,0.0,0.09,0.7,5.833333
PieSweet,Base.PieWholeRawSweet,Base.Chocolate,20,false,false,1.0,850.0,110.0,66.0,10.0,0.7,991.666667
PieSweet,Base.PieWholeRawSweet,Base.ChocolateChips,6,false,false,1.0,50.0,17.0,8.0,1.0,0.7,58.333333
PieSweet,Base.PieWholeRawSweet,Base.Chocolate_Butterchunkers,20,false,false,1.0,230.0,29.0,12.0,2.0,0.7,268.333333
PieSweet,Base.PieWholeRawSweet,Base.Chocolate_Crackle,20,false,false,1.0,230.0,29.0,12.0,2.0,0.7,268.333333
PieSweet,Base.PieWholeRawSweet,Base.Chocolate_Deux,20,false,false,1.0,250.0,34.0,12.0,2.0,0.7,291.666667
PieSweet,Base.PieWholeRawSweet,Base.Chocolate_GalacticDairy,20,false,false,1.0,190.0,30.0,8.0,2.0,0.7,221.666667
PieSweet,Base.PieWholeRawSweet,Base.Chocolate_HeartBox,25,false,false,0.625,1062.5,137.5,81.25,12.5,0.4375,1239.583333
PieSweet,Base.PieWholeRawSweet,Base.Chocolate_RoysPBPucks,20,false,false,1.0,230.0,26.0,13.0,5.0,0.7,268.333333
PieSweet,Base.PieWholeRawSweet,Base.Chocolate_Smirkers,20,false,false,1.0,280.0,35.0,14.0,4.0,0.7,326.666667
PieSweet,Base.PieWholeRawSweet,Base.Chocolate_SnikSnak,20,false,false,1.0,230.0,29.0,12.0,3.0,0.7,268.333333
PieSweet,Base.PieWholeRawSweet,Base.Cinnamon,1,false,true,0.0,0.0,0.0,0.0,0.0,0.0,0.0
PieSweet,Base.PieWholeRawSweet,Base.DriedApricots,16,false,false,1.0,241.0,62.6,0.5,3.4,0.7,281.166667
PieSweet,Base.PieWholeRawSweet,Base.HollyBerry,10,false,false,1.0,23.0,5.0,0.0,4.0,0.7,26.833333
PieSweet,Base.PieWholeRawSweet,Base.Honey,5,false,true,0.0,0.0,0.0,0.0,0.0,0.0,0.0
PieSweet,Base.PieWholeRawSweet,Base.Icing,10,false,false,1.0,110.0,80.0,44.0,16.0,0.7,128.333333
PieSweet,Base.PieWholeRawSweet,Base.Lemon,5,false,true,0.0,0.0,0.0,0.0,0.0,0.0,0.0
PieSweet,Base.PieWholeRawSweet,Base.Lime,5,false,true,0.0,0.0,0.0,0.0,0.0,0.0,0.0
PieSweet,Base.PieWholeRawSweet,Base.Mango,10,false,false,0.5,126.0,39.35,0.545,1.945,0.35,147.0
PieSweet,Base.PieWholeRawSweet,Base.Marshmallows,5,false,false,1.0,30.0,8.0,0.0,0.5,0.7,35.0
PieSweet,Base.PieWholeRawSweet,Base.Orange,12,false,false,1.0,65.0,16.27,0.3,1.0,0.7,75.833333
PieSweet,Base.PieWholeRawSweet,Base.Peach,12,false,false,1.0,58.0,14.31,0.38,1.36,0.7,67.666667
PieSweet,Base.PieWholeRawSweet,Base.Pear,8,false,false,0.5,37.5,10.065,0.105,0.135,0.35,43.75
PieSweet,Base.PieWholeRawSweet,Base.Pineapple,12,false,false,0.5,226.0,59.35,0.545,2.445,0.35,263.666667
PieSweet,Base.PieWholeRawSweet,Base.Pumpkin,20,false,false,0.5,202.0,10.225,10.305,17.265,0.35,235.666667
PieSweet,Base.PieWholeRawSweet,Base.PumpkinSliced,4,false,false,1.0,40.0,2.04,2.06,3.45,0.7,46.666667
PieSweet,Base.PieWholeRawSweet,Base.PumpkinSmashed,8,false,false,1.0,80.0,4.09,4.12,6.9,0.7,93.333333
PieSweet,Base.PieWholeRawSweet,Base.Rosehips,6,false,true,0.0,0.0,0.0,0.0,0.0,0.0,0.0
PieSweet,Base.PieWholeRawSweet,Base.Strewberrie,5,false,false,1.0,4.0,0.92,0.04,0.08,0.7,4.666667
PieSweet,Base.PieWholeRawSweet,Base.WinterBerry,10,false,false,1.0,23.0,5.0,0.0,4.0,0.7,26.833333
Pizza,Base.PizzaRecipe,Base.Bacon,12,false,false,1.0,160.0,0.0,14.0,10.0,0.7,186.666667
Pizza,Base.PizzaRecipe,Base.BaconBits,1,false,true,0.0,0.0,0.0,0.0,0.0,0.0,0.0
Pizza,Base.PizzaRecipe,Base.BaconRashers,4,false,false,1.0,40.0,0.0,3.5,2.5,0.7,46.666667
Pizza,Base.PizzaRecipe,Base.BaloneySlice,5,false,false,1.0,33.0,0.33,1.06,3.78,0.7,38.5
Pizza,Base.PizzaRecipe,Base.Basil,1,false,true,0.0,0.0,0.0,0.0,0.0,0.0,0.0
Pizza,Base.PizzaRecipe,Base.BasilDried,1,false,true,0.0,0.0,0.0,0.0,0.0,0.0,0.0
Pizza,Base.PizzaRecipe,Base.Beef,20,false,false,0.25,110.0,0.0,4.675,15.655,0.175,128.333333
Pizza,Base.PizzaRecipe,Base.BellPepper,8,false,false,1.0,30.0,7.0,0.0,1.0,0.7,35.0
Pizza,Base.PizzaRecipe,Base.Broccoli,9,false,false,1.0,11.0,2.0,0.1,0.9,0.7,12.833333
Pizza,Base.PizzaRecipe,Base.CannedBellPepper_Open,8,false,false,0.166667,30.0,7.0,0.0,1.0,0.116667,35.0
Pizza,Base.PizzaRecipe,Base.CannedBroccoli_Open,9,false,false,0.2,11.0,2.0,0.1,0.9,0.14,12.833333
Pizza,Base.PizzaRecipe,Base.CannedCornedBeefOpen,12,false,false,0.5,360.0,0.0,24.0,39.0,0.35,420.0
Pizza,Base.PizzaRecipe,Base.CannedEggplant_Open,8,false,false,0.166667,57.0,13.5,0.4,2.25,0.116667,66.5
Pizza,Base.PizzaRecipe,Base.CannedPineappleOpen,15,false,false,1.0,250.0,0.0,24.0,10.0,0.7,291.666667
Pizza,Base.PizzaRecipe,Base.CannedSardinesOpen,14,false,false,1.0,150.0,0.0,11.0,14.0,0.7,175.0
Pizza,Base.PizzaRecipe,Base.CannedTomatoOpen,12,false,false,1.0,90.0,18.0,0.0,3.0,0.7,105.0
Pizza,Base.PizzaRecipe,Base.CannedTomato_Open,12,false,false,0.25,14.0,3.5,0.2,1.3,0.175,16.333333
Pizza,Base.PizzaRecipe,Base.Capers,1,false,true,0.0,0.0,0.0,0.0,0.0,0.0,0.0
Pizza,Base.PizzaRecipe,Base.Cauliflower,9,false,false,1.0,24.0,3.0,0.0,4.0,0.7,28.0
Pizza,Base.PizzaRecipe,Base.Cheese,15,false,false,1.0,113.0,0.87,9.33,6.4,0.7,131.833333
Pizza,Base.PizzaRecipe,Base.Chicken,10,false,false,0.30303,69.69697,0.0,2.727273,11.515152,0.212121,81.313131
Pizza,Base.PizzaRecipe,Base.ChickenFillet,12,false,false,0.4,92.0,0.0,3.6,15.2,0.28,107.333333
Pizza,Base.PizzaRecipe,Base.ChickenWings,15,false,false,0.789474,150.0,0.0,4.736842,17.368421,0.552632,175.0
Pizza,Base.PizzaRecipe,Base.Chives,1,false,true,0.0,0.0,0.0,0.0,0.0,0.0,0.0
Pizza,Base.PizzaRecipe,Base.ChivesDried,1,false,true,0.0,0.0,0.0,0.0,0.0,0.0,0.0
Pizza,Base.PizzaRecipe,Base.Cilantro,1,false,true,0.0,0.0,0.0,0.0,0.0,0.0,0.0
Pizza,Base.PizzaRecipe,Base.CilantroDried,1,false,true,0.0,0.0,0.0,0.0,0.0,0.0,0.0
Pizza,Base.PizzaRecipe,Base.CilantroSeed,1,false,true,0.0,0.0,0.0,0.0,0.0,0.0,0.0
Pizza,Base.PizzaRecipe,Base.Crayfish,10,false,false,1.0,40.0,0.0,2.0,8.0,0.7,46.666667
Pizza,Base.PizzaRecipe,Base.Dandelions,5,false,false,1.0,25.0,5.0,0.5,1.5,0.7,29.166667
Pizza,Base.PizzaRecipe,Base.Dip_NachoCheese,4,false,true,0.0,0.0,0.0,0.0,0.0,0.0,0.0
Pizza,Base.PizzaRecipe,Base.Dip_Ranch,4,false,true,0.0,0.0,0.0,0.0,0.0,0.0,0.0
Pizza,Base.PizzaRecipe,Base.Dip_Salsa,4,false,true,0.0,0.0,0.0,0.0,0.0,0.0,0.0
Pizza,Base.PizzaRecipe,Base.Eggplant,8,false,false,0.5,57.0,13.5,0.4,2.25,0.35,66.5
Pizza,Base.PizzaRecipe,Base.FishFillet,15,false,false,0.6,123.0,0.6,7.2,17.112,0.42,143.5
Pizza,Base.PizzaRecipe,Base.Garlic,1,false,true,0.0,0.0,0.0,0.0,0.0,0.0,0.0
Pizza,Base.PizzaRecipe,Base.GreenOnions,1,false,true,0.0,0.0,0.0,0.0,0.0,0.0,0.0
Pizza,Base.PizzaRecipe,Base.HamSlice,10,false,false,1.0,260.0,15.16,13.0,19.5,0.7,303.333333
Pizza,Base.PizzaRecipe,Base.Hotdog_single,10,false,false,1.0,65.0,1.25,2.0,1.25,0.7,75.833333
Pizza,Base.PizzaRecipe,Base.Hotsauce,4,false,true,0.0,0.0,0.0,0.0,0.0,0.0,0.0
Pizza,Base.PizzaRecipe,Base.Kale,8,false,false,0.5,89.0,20.705,0.355,4.57,0.35,103.833333
Pizza,Base.PizzaRecipe,Base.Lobster,10,false,false,0.25,30.0,0.0,1.75,7.0,0.175,35.0
Pizza,Base.PizzaRecipe,Base.Marinara,5,false,true,0.0,0.0,0.0,0.0,0.0,0.0,0.0
Pizza,Base.PizzaRecipe,Base.MincedMeat,20,false,false,0.5,150.0,0.0,15.0,23.0,0.35,175.0
Pizza,Base.PizzaRecipe,Base.MushroomGeneric1,13,false,false,1.0,30.0,2.12,0.24,2.04,0.7,35.0
Pizza,Base.PizzaRecipe,Base.MushroomGeneric2,13,false,false,1.0,30.0,2.12,0.24,2.04,0.7,35.0
Pizza,Base.PizzaRecipe,Base.MushroomGeneric3,15,false,false,1.0,32.0,2.56,0.32,2.36,0.7,37.333333
Pizza,Base.PizzaRecipe,Base.MushroomGeneric4,13,false,false,1.0,30.0,2.12,0.24,2.04,0.7,35.0
Pizza,Base.PizzaRecipe,Base.MushroomGeneric5,15,false,false,1.0,32.0,2.56,0.32,2.36,0.7,37.333333
Pizza,Base.PizzaRecipe,Base.MushroomGeneric6,13,false,false,1.0,30.0,2.12,0.24,2.04,0.7,35.0
Pizza,Base.PizzaRecipe,Base.MushroomGeneric7,13,false,false,1.0,32.0,2.12,0.24,2.04,0.7,37.333333
Pizza,Base.PizzaRecipe,Base.MushroomsButton,7,false,false,1.0,15.0,1.06,0.12,1.02,0.7,17.5
Pizza,Base.PizzaRecipe,Base.OilOlive,5,false,true,0.0,0.0,0.0,0.0,0.0,0.0,0.0
Pizza,Base.PizzaRecipe,Base.Olives,1,false,true,0.0,0.0,0.0,0.0,0.0,0.0,0.0
Pizza,Base.PizzaRecipe,Base.Onion,5,false,false,0.5,14.0,3.27,0.035,0.385,0.35,16.333333
Pizza,Base.PizzaRecipe,Base.Oregano,1,false,true,0.0,0.0,0.0,0.0,0.0,0.0,0.0
Pizza,Base.PizzaRecipe,Base.OreganoDried,1,false,true,0.0,0.0,0.0,0.0,0.0,0.0,0.0
Pizza,Base.PizzaRecipe,Base.Oysters,5,false,false,1.0,15.0,10.0,4.0,22.0,0.7,17.5
Pizza,Base.PizzaRecipe,Base.OystersFried,6,false,false,1.0,25.0,11.0,4.0,20.0,0.7,29.166667
Pizza,Base.PizzaRecipe,Base.Parsley,1,false,true,0.0,0.0,0.0,0.0,0.0,0.0,0.0
Pizza,Base.PizzaRecipe,Base.ParsleyDried,1,false,true,0.0,0.0,0.0,0.0,0.0,0.0,0.0
Pizza,Base.PizzaRecipe,Base.Pepper,1,false,true,0.0,0.0,0.0,0.0,0.0,0.0,0.0
Pizza,Base.PizzaRecipe,Base.PepperHabanero,2,false,true,0.0,0.0,0.0,0.0,0.0,0.0,0.0
Pizza,Base.PizzaRecipe,Base.PepperHabaneroDried,1,false,true,0.0,0.0,0.0,0.0,0.0,0.0,0.0
Pizza,Base.PizzaRecipe,Base.PepperJalapeno,2,false,true,0.0,0.0,0.0,0.0,0.0,0.0,0.0
Pizza,Base.PizzaRecipe,Base.PepperJalapenoDried,1,false,true,0.0,0.0,0.0,0.0,0.0,0.0,0.0
Pizza,Base.PizzaRecipe,Base.Pepperoni,20,false,false,1.0,180.0,0.0,4.35,15.62,0.7,210.0
Pizza,Base.PizzaRecipe,Base.Pineapple,12,false,false,0.5,226.0,59.35,0.545,2.445,0.35,263.666667
Pizza,Base.PizzaRecipe,Base.PowderedGarlic,1,false,true,0.0,0.0,0.0,0.0,0.0,0.0,0.0
Pizza,Base.PizzaRecipe,Base.PowderedOnion,1,false,true,0.0,0.0,0.0,0.0,0.0,0.0,0.0
Pizza,Base.PizzaRecipe,Base.SalamiSlice,4,false,false,1.0,66.0,0.4,5.2,4.4,0.7,77.0
Pizza,Base.PizzaRecipe,Base.Salmon,15,false,false,0.5,135.0,0.0,5.275,17.14,0.35,157.5
Pizza,Base.PizzaRecipe,Base.Salt,1,false,true,0.0,0.0,0.0,0.0,0.0,0.0,0.0
Pizza,Base.PizzaRecipe,Base.Sausage,20,false,false,1.0,180.0,0.0,4.35,15.62,0.7,210.0
Pizza,Base.PizzaRecipe,Base.SeasoningSalt,1,false,true,0.0,0.0,0.0,0.0,0.0,0.0,0.0
Pizza,Base.PizzaRecipe,Base.Seasoning_Basil,1,false,true,0.0,0.0,0.0,0.0,0.0,0.0,0.0
Pizza,Base.PizzaRecipe,Base.Seasoning_Chives,1,false,true,0.0,0.0,0.0,0.0,0.0,0.0,0.0
Pizza,Base.PizzaRecipe,Base.Seasoning_Cilantro,1,false,true,0.0,0.0,0.0,0.0,0.0,0.0,0.0
Pizza,Base.PizzaRecipe,Base.Seasoning_Oregano,1,false,true,0.0,0.0,0.0,0.0,0.0,0.0,0.0
Pizza,Base.PizzaRecipe,Base.Seasoning_Parsley,1,false,true,0.0,0.0,0.0,0.0,0.0,0.0,0.0
Pizza,Base.PizzaRecipe,Base.Shrimp,10,false,false,1.0,80.0,0.0,7.0,10.0,0.7,93.333333
Pizza,Base.PizzaRecipe,Base.Squid,15,false,false,0.5,102.5,0.5,6.5,16.26,0.35,119.583333
Pizza,Base.PizzaRecipe,Base.SquidCalamari,10,false,false,1.0,105.0,3.0,0.0,18.0,0.7,122.5
Pizza,Base.PizzaRecipe,Base.Steak,20,false,false,0.5,110.0,0.0,4.675,15.81,0.35,128.333333
Pizza,Base.PizzaRecipe,Base.Tofu,10,false,false,1.0,30.0,1.0,1.0,5.0,0.7,35.0
Pizza,Base.PizzaRecipe,Base.Tomato,12,false,false,1.0,14.0,3.5,0.2,1.3,0.7,16.333333
Pizza,Base.PizzaRecipe,Base.TomatoPaste,3,false,true,0.0,0.0,0.0,0.0,0.0,0.0,0.0
Pizza,Base.PizzaRecipe,Base.TurkeyFillet,20,false,false,0.4,92.0,0.0,4.0,12.8,0.28,107.333333
Pizza,Base.PizzaRecipe,Base.TurkeyLegs,10,false,false,0.238095,54.761905,0.0,2.142857,9.047619,0.166667,63.888889
Pizza,Base.PizzaRecipe,Base.TurkeyWings,25,false,false,0.833333,166.666667,0.0,8.333333,26.666667,0.583333,194.444444
Pizza,Base.PizzaRecipe,Base.Venison,20,false,false,0.25,110.0,0.0,4.675,15.655,0.175,128.333333
Pizza,Base.PizzaRecipe,Base.WildGarlic2,1,false,true,0.0,0.0,0.0,0.0,0.0,0.0,0.0
Pizza,Base.PizzaRecipe,Base.WildGarlicDried,1,false,true,0.0,0.0,0.0,0.0,0.0,0.0,0.0
Pizza,Base.PizzaRecipe,Base.Zucchini,10,false,false,1.0,33.0,6.1,0.63,2.37,0.7,38.5
Pizza2,Base.PizzaWhole,Base.Bacon,12,false,false,1.0,160.0,0.0,14.0,10.0,0.7,186.666667
Pizza2,Base.PizzaWhole,Base.BaconBits,1,false,true,0.0,0.0,0.0,0.0,0.0,0.0,0.0
Pizza2,Base.PizzaWhole,Base.BaconRashers,4,false,false,1.0,40.0,0.0,3.5,2.5,0.7,46.666667
Pizza2,Base.PizzaWhole,Base.BaloneySlice,5,false,false,1.0,33.0,0.33,1.06,3.78,0.7,38.5
Pizza2,Base.PizzaWhole,Base.Basil,1,false,true,0.0,0.0,0.0,0.0,0.0,0.0,0.0
Pizza2,Base.PizzaWhole,Base.BasilDried,1,false,true,0.0,0.0,0.0,0.0,0.0,0.0,0.0
Pizza2,Base.PizzaWhole,Base.Beef,20,false,false,0.25,110.0,0.0,4.675,15.655,0.175,128.333333
Pizza2,Base.PizzaWhole,Base.BellPepper,8,false,false,1.0,30.0,7.0,0.0,1.0,0.7,35.0
Pizza2,Base.PizzaWhole,Base.Broccoli,9,false,false,1.0,11.0,2.0,0.1,0.9,0.7,12.833333
Pizza2,Base.PizzaWhole,Base.CannedBellPepper_Open,8,false,false,0.166667,30.0,7.0,0.0,1.0,0.116667,35.0
Pizza2,Base.PizzaWhole,Base.CannedBroccoli_Open,9,false,false,0.2,11.0,2.0,0.1,0.9,0.14,12.833333
Pizza2,Base.PizzaWhole,Base.CannedCornedBeefOpen,12,false,false,0.5,360.0,0.0,24.0,39.0,0.35,420.0
Pizza2,Base.PizzaWhole,Base.CannedEggplant_Open,8,false,false,0.166667,57.0,13.5,0.4,2.25,0.116667,66.5
Pizza2,Base.PizzaWhole,Base.CannedPineappleOpen,15,false,false,1.0,250.0,0.0,24.0,10.0,0.7,291.666667
Pizza2,Base.PizzaWhole,Base.CannedSardinesOpen,14,false,false,1.0,150.0,0.0,11.0,14.0,0.7,175.0
Pizza2,Base.PizzaWhole,Base.CannedTomatoOpen,12,false,false,1.0,90.0,18.0,0.0,3.0,0.7,105.0
Pizza2,Base.PizzaWhole,Base.CannedTomato_Open,12,false,false,0.25,14.0,3.5,0.2,1.3,0.175,16.333333
Pizza2,Base.PizzaWhole,Base.Capers,1,false,true,0.0,0.0,0.0,0.0,0.0,0.0,0.0
Pizza2,Base.PizzaWhole,Base.Cauliflower,9,false,false,1.0,24.0,3.0,0.0,4.0,0.7,28.0
Pizza2,Base.PizzaWhole,Base.Cheese,15,false,false,1.0,113.0,0.87,9.33,6.4,0.7,131.833333
Pizza2,Base.PizzaWhole,Base.Chicken,10,false,false,0.30303,69.69697,0.0,2.727273,11.515152,0.212121,81.313131
Pizza2,Base.PizzaWhole,Base.ChickenFillet,12,false,false,0.4,92.0,0.0,3.6,15.2,0.28,107.333333
Pizza2,Base.PizzaWhole,Base.ChickenWings,15,false,false,0.789474,150.0,0.0,4.736842,17.368421,0.552632,175.0
Pizza2,Base.PizzaWhole,Base.Chives,1,false,true,0.0,0.0,0.0,0.0,0.0,0.0,0.0
Pizza2,Base.PizzaWhole,Base.ChivesDried,1,false,true,0.0,0.0,0.0,0.0,0.0,0.0,0.0
Pizza2,Base.PizzaWhole,Base.Cilantro,1,false,true,0.0,0.0,0.0,0.0,0.0,0.0,0.0
Pizza2,Base.PizzaWhole,Base.CilantroDried,1,false,true,0.0,0.0,0.0,0.0,0.0,0.0,0.0
Pizza2,Base.PizzaWhole,Base.CilantroSeed,1,false,true,0.0,0.0,0.0,0.0,0.0,0.0,0.0
Pizza2,Base.PizzaWhole,Base.Crayfish,10,false,false,1.0,40.0,0.0,2.0,8.0,0.7,46.666667
Pizza2,Base.PizzaWhole,Base.Dandelions,5,false,false,1.0,25.0,5.0,0.5,1.5,0.7,29.166667
Pizza2,Base.PizzaWhole,Base.Dip_NachoCheese,4,false,true,0.0,0.0,0.0,0.0,0.0,0.0,0.0
Pizza2,Base.PizzaWhole,Base.Dip_Ranch,4,false,true,0.0,0.0,0.0,0.0,0.0,0.0,0.0
Pizza2,Base.PizzaWhole,Base.Dip_Salsa,4,false,true,0.0,0.0,0.0,0.0,0.0,0.0,0.0
Pizza2,Base.PizzaWhole,Base.Eggplant,8,false,false,0.5,57.0,13.5,0.4,2.25,0.35,66.5
Pizza2,Base.PizzaWhole,Base.FishFillet,15,false,false,0.6,123.0,0.6,7.2,17.112,0.42,143.5
Pizza2,Base.PizzaWhole,Base.Garlic,1,false,true,0.0,0.0,0.0,0.0,0.0,0.0,0.0
Pizza2,Base.PizzaWhole,Base.GreenOnions,1,false,true,0.0,0.0,0.0,0.0,0.0,0.0,0.0
Pizza2,Base.PizzaWhole,Base.HamSlice,10,false,false,1.0,260.0,15.16,13.0,19.5,0.7,303.333333
Pizza2,Base.PizzaWhole,Base.Hotdog_single,10,false,false,1.0,65.0,1.25,2.0,1.25,0.7,75.833333
Pizza2,Base.PizzaWhole,Base.Hotsauce,4,false,true,0.0,0.0,0.0,0.0,0.0,0.0,0.0
Pizza2,Base.PizzaWhole,Base.Kale,8,false,false,0.5,89.0,20.705,0.355,4.57,0.35,103.833333
Pizza2,Base.PizzaWhole,Base.Lobster,10,false,false,0.25,30.0,0.0,1.75,7.0,0.175,35.0
Pizza2,Base.PizzaWhole,Base.Marinara,5,false,true,0.0,0.0,0.0,0.0,0.0,0.0,0.0
Pizza2,Base.PizzaWhole,Base.MincedMeat,20,false,false,0.5,150.0,0.0,15.0,23.0,0.35,175.0
Pizza2,Base.PizzaWhole,Base.MushroomGeneric1,13,false,false,1.0,30.0,2.12,0.24,2.04,0.7,35.0
Pizza2,Base.PizzaWhole,Base.MushroomGeneric2,13,false,false,1.0,30.0,2.12,0.24,2.04,0.7,35.0
Pizza2,Base.PizzaWhole,Base.MushroomGeneric3,15,false,false,1.0,32.0,2.56,0.32,2.36,0.7,37.333333
Pizza2,Base.PizzaWhole,Base.MushroomGeneric4,13,false,false,1.0,30.0,2.12,0.24,2.04,0.7,35.0
Pizza2,Base.PizzaWhole,Base.MushroomGeneric5,15,false,false,1.0,32.0,2.56,0.32,2.36,0.7,37.333333
Pizza2,Base.PizzaWhole,Base.MushroomGeneric6,13,false,false,1.0,30.0,2.12,0.24,2.04,0.7,35.0
Pizza2,Base.PizzaWhole,Base.MushroomGeneric7,13,false,false,1.0,32.0,2.12,0.24,2.04,0.7,37.333333
Pizza2,Base.PizzaWhole,Base.MushroomsButton,7,false,false,1.0,15.0,1.06,0.12,1.02,0.7,17.5
Pizza2,Base.PizzaWhole,Base.OilOlive,5,false,true,0.0,0.0,0.0,0.0,0.0,0.0,0.0
Pizza2,Base.PizzaWhole,Base.Olives,1,false,true,0.0,0.0,0.0,0.0,0.0,0.0,0.0
Pizza2,Base.PizzaWhole,Base.Onion,5,false,false,0.5,14.0,3.27,0.035,0.385,0.35,16.333333
Pizza2,Base.PizzaWhole,Base.Oregano,1,false,true,0.0,0.0,0.0,0.0,0.0,0.0,0.0
Pizza2,Base.PizzaWhole,Base.OreganoDried,1,false,true,0.0,0.0,0.0,0.0,0.0,0.0,0.0
Pizza2,Base.PizzaWhole,Base.Oysters,5,false,false,1.0,15.0,10.0,4.0,22.0,0.7,17.5
Pizza2,Base.PizzaWhole,Base.OystersFried,6,false,false,1.0,25.0,11.0,4.0,20.0,0.7,29.166667
Pizza2,Base.PizzaWhole,Base.Parsley,1,false,true,0.0,0.0,0.0,0.0,0.0,0.0,0.0
Pizza2,Base.PizzaWhole,Base.ParsleyDried,1,false,true,0.0,0.0,0.0,0.0,0.0,0.0,0.0
Pizza2,Base.PizzaWhole,Base.Pepper,1,false,true,0.0,0.0,0.0,0.0,0.0,0.0,0.0
Pizza2,Base.PizzaWhole,Base.PepperHabanero,2,false,true,0.0,0.0,0.0,0.0,0.0,0.0,0.0
Pizza2,Base.PizzaWhole,Base.PepperHabaneroDried,1,false,true,0.0,0.0,0.0,0.0,0.0,0.0,0.0
Pizza2,Base.PizzaWhole,Base.PepperJalapeno,2,false,true,0.0,0.0,0.0,0.0,0.0,0.0,0.0
Pizza2,Base.PizzaWhole,Base.PepperJalapenoDried,1,false,true,0.0,0.0,0.0,0.0,0.0,0.0,0.0
Pizza2,Base.PizzaWhole,Base.Pepperoni,20,false,false,1.0,180.0,0.0,4.35,15.62,0.7,210.0
Pizza2,Base.PizzaWhole,Base.Pineapple,12,false,false,0.5,226.0,59.35,0.545,2.445,0.35,263.666667
Pizza2,Base.PizzaWhole,Base.PowderedGarlic,1,false,true,0.0,0.0,0.0,0.0,0.0,0.0,0.0
Pizza2,Base.PizzaWhole,Base.PowderedOnion,1,false,true,0.0,0.0,0.0,0.0,0.0,0.0,0.0
Pizza2,Base.PizzaWhole,Base.SalamiSlice,4,false,false,1.0,66.0,0.4,5.2,4.4,0.7,77.0
Pizza2,Base.PizzaWhole,Base.Salmon,15,false,false,0.5,135.0,0.0,5.275,17.14,0.35,157.5
Pizza2,Base.PizzaWhole,Base.Salt,1,false,true,0.0,0.0,0.0,0.0,0.0,0.0,0.0
Pizza2,Base.PizzaWhole,Base.Sausage,20,false,false,1.0,180.0,0.0,4.35,15.62,0.7,210.0
Pizza2,Base.PizzaWhole,Base.SeasoningSalt,1,false,true,0.0,0.0,0.0,0.0,0.0,0.0,0.0
Pizza2,Base.PizzaWhole,Base.Seasoning_Basil,1,false,true,0.0,0.0,0.0,0.0,0.0,0.0,0.0
Pizza2,Base.PizzaWhole,Base.Seasoning_Chives,1,false,true,0.0,0.0,0.0,0.0,0.0,0.0,0.0
Pizza2,Base.PizzaWhole,Base.Seasoning_Cilantro,1,false,true,0.0,0.0,0.0,0.0,0.0,0.0,0.0
Pizza2,Base.PizzaWhole,Base.Seasoning_Oregano,1,false,true,0.0,0.0,0.0,0.0,0.0,0.0,0.0
Pizza2,Base.PizzaWhole,Base.Seasoning_Parsley,1,false,true,0.0,0.0,0.0,0.0,0.0,0.0,0.0
Pizza2,Base.PizzaWhole,Base.Shrimp,10,false,false,1.0,80.0,0.0,7.0,10.0,0.7,93.333333
Pizza2,Base.PizzaWhole,Base.Squid,15,false,false,0.5,102.5,0.5,6.5,16.26,0.35,119.583333
Pizza2,Base.PizzaWhole,Base.SquidCalamari,10,false,false,1.0,105.0,3.0,0.0,18.0,0.7,122.5
Pizza2,Base.PizzaWhole,Base.Steak,20,false,false,0.5,110.0,0.0,4.675,15.81,0.35,128.333333
Pizza2,Base.PizzaWhole,Base.Tofu,10,false,false,1.0,30.0,1.0,1.0,5.0,0.7,35.0
Pizza2,Base.PizzaWhole,Base.Tomato,12,false,false,1.0,14.0,3.5,0.2,1.3,0.7,16.333333
Pizza2,Base.PizzaWhole,Base.TomatoPaste,3,false,true,0.0,0.0,0.0,0.0,0.0,0.0,0.0
Pizza2,Base.PizzaWhole,Base.TurkeyFillet,20,false,false,0.4,92.0,0.0,4.0,12.8,0.28,107.333333
Pizza2,Base.PizzaWhole,Base.TurkeyLegs,10,false,false,0.238095,54.761905,0.0,2.142857,9.047619,0.166667,63.888889
Pizza2,Base.PizzaWhole,Base.TurkeyWings,25,false,false,0.833333,166.666667,0.0,8.333333,26.666667,0.583333,194.444444
Pizza2,Base.PizzaWhole,Base.Venison,20,false,false,0.25,110.0,0.0,4.675,15.655,0.175,128.333333
Pizza2,Base.PizzaWhole,Base.WildGarlic2,1,false,true,0.0,0.0,0.0,0.0,0.0,0.0,0.0
Pizza2,Base.PizzaWhole,Base.WildGarlicDried,1,false,true,0.0,0.0,0.0,0.0,0.0,0.0,0.0
Pizza2,Base.PizzaWhole,Base.Zucchini,10,false,false,1.0,33.0,6.1,0.63,2.37,0.7,38.5
RicePan,Base.RicePan,Base.Avocado,16,false,false,1.0,227.0,11.75,20.96,2.67,0.7,264.833333
RicePan,Base.RicePan,Base.BBQSauce,2,false,true,0.0,0.0,0.0,0.0,0.0,0.0,0.0
RicePan,Base.RicePan,Base.Bacon,12,false,false,1.0,160.0,0.0,14.0,10.0,0.7,186.666667
RicePan,Base.RicePan,Base.BaconBits,1,false,true,0.0,0.0,0.0,0.0,0.0,0.0,0.0
RicePan,Base.RicePan,Base.BaloneySlice,5,false,false,1.0,33.0,0.33,1.06,3.78,0.7,38.5
RicePan,Base.RicePan,Base.BalsamicVinegar,2,false,true,0.0,0.0,0.0,0.0,0.0,0.0,0.0
RicePan,Base.RicePan,Base.Basil,1,false,true,0.0,0.0,0.0,0.0,0.0,0.0,0.0
RicePan,Base.RicePan,Base.BasilDried,1,false,true,0.0,0.0,0.0,0.0,0.0,0.0,0.0
RicePan,Base.RicePan,Base.BeanBowl,24,false,false,1.0,170.0,33.0,1.0,7.0,0.7,198.333333
RicePan,Base.RicePan,Base.Beef,20,false,false,0.25,110.0,0.0,4.675,15.655,0.175,128.333333
RicePan,Base.RicePan,Base.BeefJerky,10,false,false,0.5,205.0,5.5,13.0,16.5,0.35,239.166667
RicePan,Base.RicePan,Base.BellPepper,8,false,false,1.0,30.0,7.0,0.0,1.0,0.7,35.0
RicePan,Base.RicePan,Base.Blackbeans,10,false,false,1.0,45.0,10.45,0.45,3.95,0.7,52.5
RicePan,Base.RicePan,Base.Broccoli,9,false,false,1.0,11.0,2.0,0.1,0.9,0.7,12.833333
RicePan,Base.RicePan,Base.CannedBellPepper_Open,8,false,false,0.166667,30.0,7.0,0.0,1.0,0.116667,35.0
RicePan,Base.RicePan,Base.CannedBologneseOpen,24,false,false,1.0,540.0,68.0,22.0,18.0,0.7,630.0
RicePan,Base.RicePan,Base.CannedBroccoli_Open,9,false,false,0.2,11.0,2.0,0.1,0.9,0.14,12.833333
RicePan,Base.RicePan,Base.CannedCarrotsOpen,12,false,false,1.0,10.5,28.0,0.0,0.0,0.7,12.25
RicePan,Base.RicePan,Base.CannedCarrots_Open,8,false,false,0.2,25.0,6.0,0.15,0.6,0.14,29.166667
RicePan,Base.RicePan,Base.CannedChiliOpen,16,false,false,1.0,260.0,33.0,7.0,16.0,0.7,303.333333
RicePan,Base.RicePan,Base.CannedCornOpen,16,false,false,1.0,315.0,70.0,1.75,7.0,0.7,367.5
RicePan,Base.RicePan,Base.CannedCornedBeefOpen,12,false,false,0.5,360.0,0.0,24.0,39.0,0.35,420.0
RicePan,Base.RicePan,Base.CannedEggplant_Open,16,false,false,0.333333,114.0,27.0,0.8,4.5,0.233333,133.0
RicePan,Base.RicePan,Base.CannedLeek_Open,12,false,false,0.25,54.0,140.0,0.3,3.8,0.175,63.0
RicePan,Base.RicePan,Base.CannedMushroomSoupOpen,10,false,false,1.0,160.0,19.0,8.0,3.0,0.7,186.666667
RicePan,Base.RicePan,Base.CannedPeasOpen,16,false,false,1.0,280.0,52.5,0.0,14.0,0.7,326.666667
RicePan,Base.RicePan,Base.CannedSardinesOpen,14,false,false,1.0,150.0,0.0,11.0,14.0,0.7,175.0
RicePan,Base.RicePan,Base.CannedTomatoOpen,12,false,false,1.0,90.0,18.0,0.0,3.0,0.7,105.0
RicePan,Base.RicePan,Base.CannedTomato_Open,12,false,false,0.25,14.0,3.5,0.2,1.3,0.175,16.333333
RicePan,Base.RicePan,Base.Carrots,8,false,false,1.0,25.0,6.0,0.15,0.6,0.7,29.166667
RicePan,Base.RicePan,Base.Cauliflower,9,false,false,1.0,24.0,3.0,0.0,4.0,0.7,28.0
RicePan,Base.RicePan,Base.Chicken,30,false,false,0.909091,209.090909,0.0,8.181818,34.545455,0.636364,243.939394
RicePan,Base.RicePan,Base.ChickenFillet,18,false,false,0.6,138.0,0.0,5.4,22.8,0.42,161.0
RicePan,Base.RicePan,Base.ChickenWings,15,false,false,0.789474,150.0,0.0,4.736842,17.368421,0.552632,175.0
RicePan,Base.RicePan,Base.Corn,14,false,false,1.0,88.0,26.74,1.93,4.68,0.7,102.666667
RicePan,Base.RicePan,Base.CornFrozen,10,false,false,0.5,198.0,47.0,2.5,7.5,0.35,231.0
RicePan,Base.RicePan,Base.CornSeed,1,false,false,0.25,6.2,1.9,0.14,0.33,0.175,7.233333
RicePan,Base.RicePan,Base.Crayfish,10,false,false,1.0,40.0,0.0,2.0,8.0,0.7,46.666667
RicePan,Base.RicePan,Base.Daikon,12,false,false,1.0,54.0,12.59,0.27,1.34,0.7,63.0
RicePan,Base.RicePan,Base.DeadBird,10,false,false,0.666667,107.333333,0.333333,1.333333,14.666667,0.466667,125.222222
RicePan,Base.RicePan,Base.DeadMouse,10,false,false,1.0,220.0,0.7,3.15,9.5,0.7,256.666667
RicePan,Base.RicePan,Base.DeadMousePups,5,false,false,1.0,110.0,0.35,1.58,4.2,0.7,128.333333
RicePan,Base.RicePan,Base.DeadMousePupsSkinned,5,false,false,1.0,110.0,0.35,1.58,4.2,0.7,128.333333
RicePan,Base.RicePan,Base.DeadMouseSkinned,10,false,false,1.0,220.0,0.7,3.15,9.5,0.7,256.666667
RicePan,Base.RicePan,Base.DeadRat,15,false,false,0.681818,220.909091,0.0,10.909091,27.272727,0.477273,257.727273
RicePan,Base.RicePan,Base.DeadRatBaby,10,false,false,0.833333,145.5,0.0,7.166667,18.0,0.583333,169.75
RicePan,Base.RicePan,Base.DeadRatBabySkinned,10,false,false,0.833333,145.5,0.0,7.166667,18.0,0.583333,169.75
RicePan,Base.RicePan,Base.DeadRatSkinned,15,false,false,0.681818,220.909091,0.0,10.909091,27.272727,0.477273,257.727273
RicePan,Base.RicePan,Base.DeadSquirrel,15,false,false,0.46875,225.0,0.0,7.03125,39.75,0.328125,262.5
RicePan,Base.RicePan,Base.Dip_NachoCheese,2,false,true,0.0,0.0,0.0,0.0,0.0,0.0,0.0
RicePan,Base.RicePan,Base.Dip_Ranch,2,false,true,0.0,0.0,0.0,0.0,0.0,0.0,0.0
RicePan,Base.RicePan,Base.Dip_Salsa,2,false,true,0.0,0.0,0.0,0.0,0.0,0.0,0.0
RicePan,Base.RicePan,Base.DriedBlackBeans,10,false,false,0.166667,514.0,96.666667,0.0,33.166667,0.116667,599.666667
RicePan,Base.RicePan,Base.DriedChickpeas,10,false,false,0.166667,475.166667,90.666667,0.0,30.166667,0.116667,554.361111
RicePan,Base.RicePan,Base.DriedKidneyBeans,10,false,false,0.166667,544.166667,84.666667,2.166667,45.333333,0.116667,634.861111
RicePan,Base.RicePan,Base.DriedLentils,10,false,false,0.166667,500.0,90.0,0.0,36.666667,0.116667,583.333333
RicePan,Base.RicePan,Base.DriedSplitPeas,10,false,false,0.166667,369.5,90.666667,0.0,36.833333,0.116667,431.083333
RicePan,Base.RicePan,Base.DriedWhiteBeans,10,false,false,0.166667,470.5,87.833333,1.666667,31.333333,0.116667,548.916667
RicePan,Base.RicePan,Base.Edamame,5,false,false,1.0,25.0,10.45,0.45,3.95,0.7,29.166667
RicePan,Base.RicePan,Base.Egg,7,false,false,1.0,63.0,0.32,4.18,5.55,0.7,73.5
RicePan,Base.RicePan,Base.Eggplant,16,false,false,1.0,114.0,27.0,0.8,4.5,0.7,133.0
RicePan,Base.RicePan,Base.FishFillet,15,false,false,0.6,123.0,0.6,7.2,17.112,0.42,143.5
RicePan,Base.RicePan,Base.FishFried,15,false,false,0.5,105.0,3.5,6.0,8.0,0.35,122.5
RicePan,Base.RicePan,Base.Garlic,1,false,true,0.0,0.0,0.0,0.0,0.0,0.0,0.0
RicePan,Base.RicePan,Base.GrapeLeaves,4,false,false,1.0,73.0,11.0,2.0,4.0,0.7,85.166667
RicePan,Base.RicePan,Base.Gravy,4,false,true,0.0,0.0,0.0,0.0,0.0,0.0,0.0
RicePan,Base.RicePan,Base.Greenpeas,4,false,false,1.0,70.0,13.125,0.0,3.5,0.7,81.666667
RicePan,Base.RicePan,Base.GreenpeasSeed,1,false,false,1.0,17.5,3.25,0.0,0.875,0.7,20.416667
RicePan,Base.RicePan,Base.HamSlice,10,false,false,1.0,260.0,15.16,13.0,19.5,0.7,303.333333
RicePan,Base.RicePan,Base.Hotdog_single,10,false,false,1.0,65.0,1.25,2.0,1.25,0.7,75.833333
RicePan,Base.RicePan,Base.Hotsauce,2,false,true,0.0,0.0,0.0,0.0,0.0,0.0,0.0
RicePan,Base.RicePan,Base.Kale,8,false,false,0.5,89.0,20.705,0.355,4.57,0.35,103.833333
RicePan,Base.RicePan,Base.Ketchup,2,false,true,0.0,0.0,0.0,0.0,0.0,0.0,0.0
RicePan,Base.RicePan,Base.Leek,12,false,false,1.0,54.0,140.0,0.3,1.3,0.7,63.0
RicePan,Base.RicePan,Base.LemonGrass,1,false,true,0.0,0.0,0.0,0.0,0.0,0.0,0.0
RicePan,Base.RicePan,Base.Lobster,20,false,false,0.5,60.0,0.0,3.5,14.0,0.35,70.0
RicePan,Base.RicePan,Base.Marinara,2,false,true,0.0,0.0,0.0,0.0,0.0,0.0,0.0
RicePan,Base.RicePan,Base.MayonnaiseFull,2,false,true,0.0,0.0,0.0,0.0,0.0,0.0,0.0
RicePan,Base.RicePan,Base.MincedMeat,20,false,false,0.5,150.0,0.0,15.0,23.0,0.35,175.0
RicePan,Base.RicePan,Base.MixedVegetables,10,false,false,0.5,135.5,18.5,0.0,4.5,0.35,158.083333
RicePan,Base.RicePan,Base.MushroomGeneric1,13,false,false,1.0,30.0,2.12,0.24,2.04,0.7,35.0
RicePan,Base.RicePan,Base.MushroomGeneric2,13,false,false,1.0,30.0,2.12,0.24,2.04,0.7,35.0
RicePan,Base.RicePan,Base.MushroomGeneric3,15,false,false,1.0,32.0,2.56,0.32,2.36,0.7,37.333333
RicePan,Base.RicePan,Base.MushroomGeneric4,13,false,false,1.0,30.0,2.12,0.24,2.04,0.7,35.0
RicePan,Base.RicePan,Base.MushroomGeneric5,15,false,false,1.0,32.0,2.56,0.32,2.36,0.7,37.333333
RicePan,Base.RicePan,Base.MushroomGeneric6,13,false,false,1.0,30.0,2.12,0.24,2.04,0.7,35.0
RicePan,Base.RicePan,Base.MushroomGeneric7,13,false,false,1.0,32.0,2.12,0.24,2.04,0.7,37.333333
RicePan,Base.RicePan,Base.MushroomsButton,7,false,false,1.0,15.0,1.06,0.12,1.02,0.7,17.5
RicePan,Base.RicePan,Base.Mustard,2,false,true,0.0,0.0,0.0,0.0,0.0,0.0,0.0
RicePan,Base.RicePan,Base.MuttonChop,15,false,false,0.5,117.0,0.04,5.5,16.5,0.35,136.5
RicePan,Base.RicePan,Base.OilOlive,2,false,true,0.0,0.0,0.0,0.0,0.0,0.0,0.0
RicePan,Base.RicePan,Base.OilVegetable,2,false,true,0.0,0.0,0.0,0.0,0.0,0.0,0.0
RicePan,Base.RicePan,Base.Onion,5,false,false,0.5,14.0,3.27,0.035,0.385,0.35,16.333333
RicePan,Base.RicePan,Base.OpenBeans,24,false,false,1.0,170.0,33.0,1.0,7.0,0.7,198.333333
RicePan,Base.RicePan,Base.Oysters,5,false,false,1.0,15.0,10.0,4.0,22.0,0.7,17.5
RicePan,Base.RicePan,Base.OystersFried,6,false,false,1.0,25.0,11.0,4.0,20.0,0.7,29.166667
RicePan,Base.RicePan,Base.Parsley,1,false,true,0.0,0.0,0.0,0.0,0.0,0.0,0.0
RicePan,Base.RicePan,Base.ParsleyDried,1,false,true,0.0,0.0,0.0,0.0,0.0,0.0,0.0
RicePan,Base.RicePan,Base.Peanuts,8,false,false,1.0,161.0,4.57,13.96,7.31,0.7,187.833333
RicePan,Base.RicePan,Base.Peas,10,false,false,0.5,59.5,10.225,0.425,3.975,0.35,69.416667
RicePan,Base.RicePan,Base.Pepper,1,false,true,0.0,0.0,0.0,0.0,0.0,0.0,0.0
RicePan,Base.RicePan,Base.PepperHabanero,2,false,true,0.0,0.0,0.0,0.0,0.0,0.0,0.0
RicePan,Base.RicePan,Base.PepperHabaneroDried,2,false,true,0.0,0.0,0.0,0.0,0.0,0.0,0.0
RicePan,Base.RicePan,Base.PepperJalapeno,2,false,true,0.0,0.0,0.0,0.0,0.0,0.0,0.0
RicePan,Base.RicePan,Base.PepperJalapenoDried,2,false,true,0.0,0.0,0.0,0.0,0.0,0.0,0.0
RicePan,Base.RicePan,Base.Pepperoni,20,false,false,1.0,180.0,0.0,4.35,15.62,0.7,210.0
RicePan,Base.RicePan,Base.Pickles,2,false,true,0.0,0.0,0.0,0.0,0.0,0.0,0.0
RicePan,Base.RicePan,Base.Pork,15,false,false,0.25,75.0,0.0,3.0,12.5,0.175,87.5
RicePan,Base.RicePan,Base.PorkChop,15,false,false,0.5,75.0,0.0,3.0,12.5,0.35,87.5
RicePan,Base.RicePan,Base.PowderedGarlic,1,false,true,0.0,0.0,0.0,0.0,0.0,0.0,0.0
RicePan,Base.RicePan,Base.PowderedOnion,1,false,true,0.0,0.0,0.0,0.0,0.0,0.0,0.0
RicePan,Base.RicePan,Base.Processedcheese,5,false,false,1.0,70.0,0.0,6.0,4.0,0.7,81.666667
RicePan,Base.RicePan,Base.Rabbitmeat,15,false,false,0.5,484.5,10.0,10.0,92.5,0.35,565.25
RicePan,Base.RicePan,Base.RiceVinegar,2,false,true,0.0,0.0,0.0,0.0,0.0,0.0,0.0
RicePan,Base.RicePan,Base.SalamiSlice,4,false,false,1.0,66.0,0.4,5.2,4.4,0.7,77.0
RicePan,Base.RicePan,Base.Salmon,15,false,false,0.5,135.0,0.0,5.275,17.14,0.35,157.5
RicePan,Base.RicePan,Base.Salt,1,false,true,0.0,0.0,0.0,0.0,0.0,0.0,0.0
RicePan,Base.RicePan,Base.Sausage,20,false,false,1.0,180.0,0.0,4.35,15.62,0.7,210.0
RicePan,Base.RicePan,Base.SeasoningSalt,1,false,true,0.0,0.0,0.0,0.0,0.0,0.0,0.0
RicePan,Base.RicePan,Base.Seasoning_Basil,1,false,true,0.0,0.0,0.0,0.0,0.0,0.0,0.0
RicePan,Base.RicePan,Base.Seasoning_Parsley,1,false,true,0.0,0.0,0.0,0.0,0.0,0.0,0.0
RicePan,Base.RicePan,Base.SesameOil,2,false,true,0.0,0.0,0.0,0.0,0.0,0.0,0.0
RicePan,Base.RicePan,Base.Shrimp,10,false,false,1.0,80.0,0.0,7.0,10.0,0.7,93.333333
RicePan,Base.RicePan,Base.ShrimpFried,15,false,false,1.0,160.0,17.0,14.0,16.0,0.7,186.666667
RicePan,Base.RicePan,Base.ShrimpFriedCraft,15,false,false,1.0,160.0,17.0,14.0,16.0,0.7,186.666667
RicePan,Base.RicePan,Base.Smallanimalmeat,15,false,false,1.0,201.0,5.0,7.25,45.0,0.7,234.5
RicePan,Base.RicePan,Base.Smallbirdmeat,15,false,false,1.0,261.0,5.0,8.25,90.0,0.7,304.5
RicePan,Base.RicePan,Base.SourCream,2,false,true,0.0,0.0,0.0,0.0,0.0,0.0,0.0
RicePan,Base.RicePan,Base.Soybeans,5,false,false,1.0,25.0,10.45,0.45,3.95,0.7,29.166667
RicePan,Base.RicePan,Base.SoybeansSeed,5,false,false,1.0,5.0,2.0,0.1,0.8,0.7,5.833333
RicePan,Base.RicePan,Base.Soysauce,2,false,true,0.0,0.0,0.0,0.0,0.0,0.0,0.0
RicePan,Base.RicePan,Base.Squid,15,false,false,0.5,102.5,0.5,6.5,16.26,0.35,119.583333
RicePan,Base.RicePan,Base.SquidCalamari,10,false,false,1.0,105.0,3.0,0.0,18.0,0.7,122.5
RicePan,Base.RicePan,Base.Steak,20,false,false,0.5,110.0,0.0,4.675,15.81,0.35,128.333333
RicePan,Base.RicePan,Base.Tofu,10,false,false,1.0,30.0,1.0,1.0,5.0,0.7,35.0
RicePan,Base.RicePan,Base.TofuFried,15,false,false,1.0,35.0,3.0,1.0,5.0,0.7,40.833333
RicePan,Base.RicePan,Base.Tomato,12,false,false,1.0,14.0,3.5,0.2,1.3,0.7,16.333333
RicePan,Base.RicePan,Base.TomatoPaste,3,false,true,0.0,0.0,0.0,0.0,0.0,0.0,0.0
RicePan,Base.RicePan,Base.TunaTinOpen,18,false,false,1.0,370.0,0.0,34.0,15.0,0.7,431.666667
RicePan,Base.RicePan,Base.TurkeyEgg,10,false,false,1.0,71.0,0.37,4.54,5.78,0.7,82.833333
RicePan,Base.RicePan,Base.TurkeyFillet,20,false,false,0.4,92.0,0.0,4.0,12.8,0.28,107.333333
RicePan,Base.RicePan,Base.TurkeyLegs,31,false,false,0.738095,169.761905,0.0,6.642857,28.047619,0.516667,198.055556
RicePan,Base.RicePan,Base.TurkeyWings,25,false,false,0.833333,166.666667,0.0,8.333333,26.666667,0.583333,194.444444
RicePan,Base.RicePan,Base.Venison,20,false,false,0.25,110.0,0.0,4.675,15.655,0.175,128.333333
RicePan,Base.RicePan,Base.Vinegar2,1,false,true,0.0,0.0,0.0,0.0,0.0,0.0,0.0
RicePan,Base.RicePan,Base.Vinegar_Jug,1,false,true,0.0,0.0,0.0,0.0,0.0,0.0,0.0
RicePan,Base.RicePan,Base.Wasabi,1,false,true,0.0,0.0,0.0,0.0,0.0,0.0,0.0
RicePan,Base.RicePan,Base.WildEggs,7,false,false,1.0,63.0,0.32,4.18,5.55,0.7,73.5
RicePan,Base.RicePan,Base.WildGarlic2,1,false,true,0.0,0.0,0.0,0.0,0.0,0.0,0.0
RicePan,Base.RicePan,Base.WildGarlicDried,1,false,true,0.0,0.0,0.0,0.0,0.0,0.0,0.0
RicePan,Base.RicePan,Base.Zucchini,10,false,false,1.0,33.0,6.1,0.63,2.37,0.7,38.5
RicePan,Base.RicePan,Base.cheese_powdered,14,false,false,1.0,130.0,20.7,9.7,21.0,0.7,151.666667
RicePanCopper,Base.RicePanCopper,Base.Avocado,16,false,false,1.0,227.0,11.75,20.96,2.67,0.7,264.833333
RicePanCopper,Base.RicePanCopper,Base.BBQSauce,2,false,true,0.0,0.0,0.0,0.0,0.0,0.0,0.0
RicePanCopper,Base.RicePanCopper,Base.Bacon,12,false,false,1.0,160.0,0.0,14.0,10.0,0.7,186.666667
RicePanCopper,Base.RicePanCopper,Base.BaconBits,1,false,true,0.0,0.0,0.0,0.0,0.0,0.0,0.0
RicePanCopper,Base.RicePanCopper,Base.BaloneySlice,5,false,false,1.0,33.0,0.33,1.06,3.78,0.7,38.5
RicePanCopper,Base.RicePanCopper,Base.BalsamicVinegar,2,false,true,0.0,0.0,0.0,0.0,0.0,0.0,0.0
RicePanCopper,Base.RicePanCopper,Base.Basil,1,false,true,0.0,0.0,0.0,0.0,0.0,0.0,0.0
RicePanCopper,Base.RicePanCopper,Base.BasilDried,1,false,true,0.0,0.0,0.0,0.0,0.0,0.0,0.0
RicePanCopper,Base.RicePanCopper,Base.BeanBowl,24,false,false,1.0,170.0,33.0,1.0,7.0,0.7,198.333333
RicePanCopper,Base.RicePanCopper,Base.Beef,20,false,false,0.25,110.0,0.0,4.675,15.655,0.175,128.333333
RicePanCopper,Base.RicePanCopper,Base.BeefJerky,10,false,false,0.5,205.0,5.5,13.0,16.5,0.35,239.166667
RicePanCopper,Base.RicePanCopper,Base.BellPepper,8,false,false,1.0,30.0,7.0,0.0,1.0,0.7,35.0
RicePanCopper,Base.RicePanCopper,Base.Blackbeans,10,false,false,1.0,45.0,10.45,0.45,3.95,0.7,52.5
RicePanCopper,Base.RicePanCopper,Base.Broccoli,9,false,false,1.0,11.0,2.0,0.1,0.9,0.7,12.833333
RicePanCopper,Base.RicePanCopper,Base.CannedBellPepper_Open,8,false,false,0.166667,30.0,7.0,0.0,1.0,0.116667,35.0
RicePanCopper,Base.RicePanCopper,Base.CannedBologneseOpen,24,false,false,1.0,540.0,68.0,22.0,18.0,0.7,630.0
RicePanCopper,Base.RicePanCopper,Base.CannedBroccoli_Open,9,false,false,0.2,11.0,2.0,0.1,0.9,0.14,12.833333
RicePanCopper,Base.RicePanCopper,Base.CannedCarrotsOpen,12,false,false,1.0,10.5,28.0,0.0,0.0,0.7,12.25
RicePanCopper,Base.RicePanCopper,Base.CannedCarrots_Open,8,false,false,0.2,25.0,6.0,0.15,0.6,0.14,29.166667
RicePanCopper,Base.RicePanCopper,Base.CannedChiliOpen,16,false,false,1.0,260.0,33.0,7.0,16.0,0.7,303.333333
RicePanCopper,Base.RicePanCopper,Base.CannedCornOpen,16,false,false,1.0,315.0,70.0,1.75,7.0,0.7,367.5
RicePanCopper,Base.RicePanCopper,Base.CannedCornedBeefOpen,12,false,false,0.5,360.0,0.0,24.0,39.0,0.35,420.0
RicePanCopper,Base.RicePanCopper,Base.CannedEggplant_Open,16,false,false,0.333333,114.0,27.0,0.8,4.5,0.233333,133.0
RicePanCopper,Base.RicePanCopper,Base.CannedLeek_Open,12,false,false,0.25,54.0,140.0,0.3,3.8,0.175,63.0
RicePanCopper,Base.RicePanCopper,Base.CannedMushroomSoupOpen,10,false,false,1.0,160.0,19.0,8.0,3.0,0.7,186.666667
RicePanCopper,Base.RicePanCopper,Base.CannedPeasOpen,16,false,false,1.0,280.0,52.5,0.0,14.0,0.7,326.666667
RicePanCopper,Base.RicePanCopper,Base.CannedSardinesOpen,14,false,false,1.0,150.0,0.0,11.0,14.0,0.7,175.0
RicePanCopper,Base.RicePanCopper,Base.CannedTomatoOpen,12,false,false,1.0,90.0,18.0,0.0,3.0,0.7,105.0
RicePanCopper,Base.RicePanCopper,Base.CannedTomato_Open,12,false,false,0.25,14.0,3.5,0.2,1.3,0.175,16.333333
RicePanCopper,Base.RicePanCopper,Base.Carrots,8,false,false,1.0,25.0,6.0,0.15,0.6,0.7,29.166667
RicePanCopper,Base.RicePanCopper,Base.Cauliflower,9,false,false,1.0,24.0,3.0,0.0,4.0,0.7,28.0
RicePanCopper,Base.RicePanCopper,Base.Chicken,30,false,false,0.909091,209.090909,0.0,8.181818,34.545455,0.636364,243.939394
RicePanCopper,Base.RicePanCopper,Base.ChickenFillet,18,false,false,0.6,138.0,0.0,5.4,22.8,0.42,161.0
RicePanCopper,Base.RicePanCopper,Base.ChickenWings,15,false,false,0.789474,150.0,0.0,4.736842,17.368421,0.552632,175.0
RicePanCopper,Base.RicePanCopper,Base.Corn,14,false,false,1.0,88.0,26.74,1.93,4.68,0.7,102.666667
RicePanCopper,Base.RicePanCopper,Base.CornFrozen,10,false,false,0.5,198.0,47.0,2.5,7.5,0.35,231.0
RicePanCopper,Base.RicePanCopper,Base.CornSeed,1,false,false,0.25,6.2,1.9,0.14,0.33,0.175,7.233333
RicePanCopper,Base.RicePanCopper,Base.Crayfish,10,false,false,1.0,40.0,0.0,2.0,8.0,0.7,46.666667
RicePanCopper,Base.RicePanCopper,Base.Daikon,12,false,false,1.0,54.0,12.59,0.27,1.34,0.7,63.0
RicePanCopper,Base.RicePanCopper,Base.DeadBird,10,false,false,0.666667,107.333333,0.333333,1.333333,14.666667,0.466667,125.222222
RicePanCopper,Base.RicePanCopper,Base.DeadMouse,10,false,false,1.0,220.0,0.7,3.15,9.5,0.7,256.666667
RicePanCopper,Base.RicePanCopper,Base.DeadMousePups,5,false,false,1.0,110.0,0.35,1.58,4.2,0.7,128.333333
RicePanCopper,Base.RicePanCopper,Base.DeadMousePupsSkinned,5,false,false,1.0,110.0,0.35,1.58,4.2,0.7,128.333333
RicePanCopper,Base.RicePanCopper,Base.DeadMouseSkinned,10,false,false,1.0,220.0,0.7,3.15,9.5,0.7,256.666667
RicePanCopper,Base.RicePanCopper,Base.DeadRat,15,false,false,0.681818,220.909091,0.0,10.909091,27.272727,0.477273,257.727273
RicePanCopper,Base.RicePanCopper,Base.DeadRatBaby,10,false,false,0.833333,145.5,0.0,7.166667,18.0,0.583333,169.75
RicePanCopper,Base.RicePanCopper,Base.DeadRatBabySkinned,10,false,false,0.833333,145.5,0.0,7.166667,18.0,0.583333,169.75
RicePanCopper,Base.RicePanCopper,Base.DeadRatSkinned,15,false,false,0.681818,220.909091,0.0,10.909091,27.272727,0.477273,257.727273
RicePanCopper,Base.RicePanCopper,Base.DeadSquirrel,15,false,false,0.46875,225.0,0.0,7.03125,39.75,0.328125,262.5
RicePanCopper,Base.RicePanCopper,Base.Dip_NachoCheese,2,false,true,0.0,0.0,0.0,0.0,0.0,0.0,0.0
RicePanCopper,Base.RicePanCopper,Base.Dip_Ranch,2,false,true,0.0,0.0,0.0,0.0,0.0,0.0,0.0
RicePanCopper,Base.RicePanCopper,Base.Dip_Salsa,2,false,true,0.0,0.0,0.0,0.0,0.0,0.0,0.0
RicePanCopper,Base.RicePanCopper,Base.DriedBlackBeans,10,false,false,0.166667,514.0,96.666667,0.0,33.166667,0.116667,599.666667
RicePanCopper,Base.RicePanCopper,Base.DriedChickpeas,10,false,false,0.166667,475.166667,90.666667,0.0,30.166667,0.116667,554.361111
RicePanCopper,Base.RicePanCopper,Base.DriedKidneyBeans,10,false,false,0.166667,544.166667,84.666667,2.166667,45.333333,0.116667,634.861111
RicePanCopper,Base.RicePanCopper,Base.DriedLentils,10,false,false,0.166667,500.0,90.0,0.0,36.666667,0.116667,583.333333
RicePanCopper,Base.RicePanCopper,Base.DriedSplitPeas,10,false,false,0.166667,369.5,90.666667,0.0,36.833333,0.116667,431.083333
RicePanCopper,Base.RicePanCopper,Base.DriedWhiteBeans,10,false,false,0.166667,470.5,87.833333,1.666667,31.333333,0.116667,548.916667
RicePanCopper,Base.RicePanCopper,Base.Edamame,5,false,false,1.0,25.0,10.45,0.45,3.95,0.7,29.166667
RicePanCopper,Base.RicePanCopper,Base.Egg,7,false,false,1.0,63.0,0.32,4.18,5.55,0.7,73.5
RicePanCopper,Base.RicePanCopper,Base.Eggplant,16,false,false,1.0,114.0,27.0,0.8,4.5,0.7,133.0
RicePanCopper,Base.RicePanCopper,Base.FishFillet,15,false,false,0.6,123.0,0.6,7.2,17.112,0.42,143.5
RicePanCopper,Base.RicePanCopper,Base.FishFried,15,false,false,0.5,105.0,3.5,6.0,8.0,0.35,122.5
RicePanCopper,Base.RicePanCopper,Base.Garlic,1,false,true,0.0,0.0,0.0,0.0,0.0,0.0,0.0
RicePanCopper,Base.RicePanCopper,Base.GrapeLeaves,4,false,false,1.0,73.0,11.0,2.0,4.0,0.7,85.166667
RicePanCopper,Base.RicePanCopper,Base.Gravy,4,false,true,0.0,0.0,0.0,0.0,0.0,0.0,0.0
RicePanCopper,Base.RicePanCopper,Base.Greenpeas,4,false,false,1.0,70.0,13.125,0.0,3.5,0.7,81.666667
RicePanCopper,Base.RicePanCopper,Base.GreenpeasSeed,1,false,false,1.0,17.5,3.25,0.0,0.875,0.7,20.416667
RicePanCopper,Base.RicePanCopper,Base.HamSlice,10,false,false,1.0,260.0,15.16,13.0,19.5,0.7,303.333333
RicePanCopper,Base.RicePanCopper,Base.Hotdog_single,10,false,false,1.0,65.0,1.25,2.0,1.25,0.7,75.833333
RicePanCopper,Base.RicePanCopper,Base.Hotsauce,2,false,true,0.0,0.0,0.0,0.0,0.0,0.0,0.0
RicePanCopper,Base.RicePanCopper,Base.Kale,8,false,false,0.5,89.0,20.705,0.355,4.57,0.35,103.833333
RicePanCopper,Base.RicePanCopper,Base.Ketchup,2,false,true,0.0,0.0,0.0,0.0,0.0,0.0,0.0
RicePanCopper,Base.RicePanCopper,Base.Leek,12,false,false,1.0,54.0,140.0,0.3,1.3,0.7,63.0
RicePanCopper,Base.RicePanCopper,Base.LemonGrass,1,false,true,0.0,0.0,0.0,0.0,0.0,0.0,0.0
RicePanCopper,Base.RicePanCopper,Base.Lobster,20,false,false,0.5,60.0,0.0,3.5,14.0,0.35,70.0
RicePanCopper,Base.RicePanCopper,Base.Marinara,2,false,true,0.0,0.0,0.0,0.0,0.0,0.0,0.0
RicePanCopper,Base.RicePanCopper,Base.MayonnaiseFull,2,false,true,0.0,0.0,0.0,0.0,0.0,0.0,0.0
RicePanCopper,Base.RicePanCopper,Base.MincedMeat,20,false,false,0.5,150.0,0.0,15.0,23.0,0.35,175.0
RicePanCopper,Base.RicePanCopper,Base.MixedVegetables,10,false,false,0.5,135.5,18.5,0.0,4.5,0.35,158.083333
RicePanCopper,Base.RicePanCopper,Base.MushroomGeneric1,13,false,false,1.0,30.0,2.12,0.24,2.04,0.7,35.0
RicePanCopper,Base.RicePanCopper,Base.MushroomGeneric2,13,false,false,1.0,30.0,2.12,0.24,2.04,0.7,35.0
RicePanCopper,Base.RicePanCopper,Base.MushroomGeneric3,15,false,false,1.0,32.0,2.56,0.32,2.36,0.7,37.333333
RicePanCopper,Base.RicePanCopper,Base.MushroomGeneric4,13,false,false,1.0,30.0,2.12,0.24,2.04,0.7,35.0
RicePanCopper,Base.RicePanCopper,Base.MushroomGeneric5,15,false,false,1.0,32.0,2.56,0.32,2.36,0.7,37.333333
RicePanCopper,Base.RicePanCopper,Base.MushroomGeneric6,13,false,false,1.0,30.0,2.12,0.24,2.04,0.7,35.0
RicePanCopper,Base.RicePanCopper,Base.MushroomGeneric7,13,false,false,1.0,32.0,2.12,0.24,2.04,0.7,37.333333
RicePanCopper,Base.RicePanCopper,Base.MushroomsButton,7,false,false,1.0,15.0,1.06,0.12,1.02,0.7,17.5
RicePanCopper,Base.RicePanCopper,Base.Mustard,2,false,true,0.0,0.0,0.0,0.0,0.0,0.0,0.0
RicePanCopper,Base.RicePanCopper,Base.MuttonChop,15,false,false,0.5,117.0,0.04,5.5,16.5,0.35,136.5
RicePanCopper,Base.RicePanCopper,Base.OilOlive,2,false,true,0.0,0.0,0.0,0.0,0.0,0.0,0.0
RicePanCopper,Base.RicePanCopper,Base.OilVegetable,2,false,true,0.0,0.0,0.0,0.0,0.0,0.0,0.0
RicePanCopper,Base.RicePanCopper,Base.Onion,5,false,false,0.5,14.0,3.27,0.035,0.385,0.35,16.333333
RicePanCopper,Base.RicePanCopper,Base.OpenBeans,24,false,false,1.0,170.0,33.0,1.0,7.0,0.7,198.333333
RicePanCopper,Base.RicePanCopper,Base.Oysters,5,false,false,1.0,15.0,10.0,4.0,22.0,0.7,17.5
RicePanCopper,Base.RicePanCopper,Base.OystersFried,6,false,false,1.0,25.0,11.0,4.0,20.0,0.7,29.166667
RicePanCopper,Base.RicePanCopper,Base.Parsley,1,false,true,0.0,0.0,0.0,0.0,0.0,0.0,0.0
RicePanCopper,Base.RicePanCopper,Base.ParsleyDried,1,false,true,0.0,0.0,0.0,0.0,0.0,0.0,0.0
RicePanCopper,Base.RicePanCopper,Base.Peanuts,8,false,false,1.0,161.0,4.57,13.96,7.31,0.7,187.833333
RicePanCopper,Base.RicePanCopper,Base.Peas,10,false,false,0.5,59.5,10.225,0.425,3.975,0.35,69.416667
RicePanCopper,Base.RicePanCopper,Base.Pepper,1,false,true,0.0,0.0,0.0,0.0,0.0,0.0,0.0
RicePanCopper,Base.RicePanCopper,Base.PepperHabanero,2,false,true,0.0,0.0,0.0,0.0,0.0,0.0,0.0
RicePanCopper,Base.RicePanCopper,Base.PepperHabaneroDried,2,false,true,0.0,0.0,0.0,0.0,0.0,0.0,0.0
RicePanCopper,Base.RicePanCopper,Base.PepperJalapeno,2,false,true,0.0,0.0,0.0,0.0,0.0,0.0,0.0
RicePanCopper,Base.RicePanCopper,Base.PepperJalapenoDried,2,false,true,0.0,0.0,0.0,0.0,0.0,0.0,0.0
RicePanCopper,Base.RicePanCopper,Base.Pepperoni,20,false,false,1.0,180.0,0.0,4.35,15.62,0.7,210.0
RicePanCopper,Base.RicePanCopper,Base.Pickles,2,false,true,0.0,0.0,0.0,0.0,0.0,0.0,0.0
RicePanCopper,Base.RicePanCopper,Base.Pork,15,false,false,0.25,75.0,0.0,3.0,12.5,0.175,87.5
RicePanCopper,Base.RicePanCopper,Base.PorkChop,15,false,false,0.5,75.0,0.0,3.0,12.5,0.35,87.5
RicePanCopper,Base.RicePanCopper,Base.PowderedGarlic,1,false,true,0.0,0.0,0.0,0.0,0.0,0.0,0.0
RicePanCopper,Base.RicePanCopper,Base.PowderedOnion,1,false,true,0.0,0.0,0.0,0.0,0.0,0.0,0.0
RicePanCopper,Base.RicePanCopper,Base.Processedcheese,5,false,false,1.0,70.0,0.0,6.0,4.0,0.7,81.666667
RicePanCopper,Base.RicePanCopper,Base.Rabbitmeat,15,false,false,0.5,484.5,10.0,10.0,92.5,0.35,565.25
RicePanCopper,Base.RicePanCopper,Base.RiceVinegar,2,false,true,0.0,0.0,0.0,0.0,0.0,0.0,0.0
RicePanCopper,Base.RicePanCopper,Base.SalamiSlice,4,false,false,1.0,66.0,0.4,5.2,4.4,0.7,77.0
RicePanCopper,Base.RicePanCopper,Base.Salmon,15,false,false,0.5,135.0,0.0,5.275,17.14,0.35,157.5
RicePanCopper,Base.RicePanCopper,Base.Salt,1,false,true,0.0,0.0,0.0,0.0,0.0,0.0,0.0
RicePanCopper,Base.RicePanCopper,Base.Sausage,20,false,false,1.0,180.0,0.0,4.35,15.62,0.7,210.0
RicePanCopper,Base.RicePanCopper,Base.SeasoningSalt,1,false,true,0.0,0.0,0.0,0.0,0.0,0.0,0.0
RicePanCopper,Base.RicePanCopper,Base.Seasoning_Basil,1,false,true,0.0,0.0,0.0,0.0,0.0,0.0,0.0
RicePanCopper,Base.RicePanCopper,Base.Seasoning_Parsley,1,false,true,0.0,0.0,0.0,0.0,0.0,0.0,0.0
RicePanCopper,Base.RicePanCopper,Base.SesameOil,2,false,true,0.0,0.0,0.0,0.0,0.0,0.0,0.0
RicePanCopper,Base.RicePanCopper,Base.Shrimp,10,false,false,1.0,80.0,0.0,7.0,10.0,0.7,93.333333
RicePanCopper,Base.RicePanCopper,Base.ShrimpFried,15,false,false,1.0,160.0,17.0,14.0,16.0,0.7,186.666667
RicePanCopper,Base.RicePanCopper,Base.ShrimpFriedCraft,15,false,false,1.0,160.0,17.0,14.0,16.0,0.7,186.666667
RicePanCopper,Base.RicePanCopper,Base.Smallanimalmeat,15,false,false,1.0,201.0,5.0,7.25,45.0,0.7,234.5
RicePanCopper,Base.RicePanCopper,Base.Smallbirdmeat,15,false,false,1.0,261.0,5.0,8.25,90.0,0.7,304.5
RicePanCopper,Base.RicePanCopper,Base.SourCream,2,false,true,0.0,0.0,0.0,0.0,0.0,0.0,0.0
RicePanCopper,Base.RicePanCopper,Base.Soybeans,5,false,false,1.0,25.0,10.45,0.45,3.95,0.7,29.166667
RicePanCopper,Base.RicePanCopper,Base.SoybeansSeed,5,false,false,1.0,5.0,2.0,0.1,0.8,0.7,5.833333
RicePanCopper,Base.RicePanCopper,Base.Soysauce,2,false,true,0.0,0.0,0.0,0.0,0.0,0.0,0.0
RicePanCopper,Base.RicePanCopper,Base.Squid,15,false,false,0.5,102.5,0.5,6.5,16.26,0.35,119.583333
RicePanCopper,Base.RicePanCopper,Base.SquidCalamari,10,false,false,1.0,105.0,3.0,0.0,18.0,0.7,122.5
RicePanCopper,Base.RicePanCopper,Base.Steak,20,false,false,0.5,110.0,0.0,4.675,15.81,0.35,128.333333
RicePanCopper,Base.RicePanCopper,Base.Tofu,10,false,false,1.0,30.0,1.0,1.0,5.0,0.7,35.0
RicePanCopper,Base.RicePanCopper,Base.TofuFried,15,false,false,1.0,35.0,3.0,1.0,5.0,0.7,40.833333
RicePanCopper,Base.RicePanCopper,Base.Tomato,12,false,false,1.0,14.0,3.5,0.2,1.3,0.7,16.333333
RicePanCopper,Base.RicePanCopper,Base.TomatoPaste,3,false,true,0.0,0.0,0.0,0.0,0.0,0.0,0.0
RicePanCopper,Base.RicePanCopper,Base.TunaTinOpen,18,false,false,1.0,370.0,0.0,34.0,15.0,0.7,431.666667
RicePanCopper,Base.RicePanCopper,Base.TurkeyEgg,10,false,false,1.0,71.0,0.37,4.54,5.78,0.7,82.833333
RicePanCopper,Base.RicePanCopper,Base.TurkeyFillet,20,false,false,0.4,92.0,0.0,4.0,12.8,0.28,107.333333
RicePanCopper,Base.RicePanCopper,Base.TurkeyLegs,31,false,false,0.738095,169.761905,0.0,6.642857,28.047619,0.516667,198.055556
RicePanCopper,Base.RicePanCopper,Base.TurkeyWings,25,false,false,0.833333,166.666667,0.0,8.333333,26.666667,0.583333,194.444444
RicePanCopper,Base.RicePanCopper,Base.Venison,20,false,false,0.25,110.0,0.0,4.675,15.655,0.175,128.333333
RicePanCopper,Base.RicePanCopper,Base.Vinegar2,1,false,true,0.0,0.0,0.0,0.0,0.0,0.0,0.0
RicePanCopper,Base.RicePanCopper,Base.Vinegar_Jug,1,false,true,0.0,0.0,0.0,0.0,0.0,0.0,0.0
RicePanCopper,Base.RicePanCopper,Base.Wasabi,1,false,true,0.0,0.0,0.0,0.0,0.0,0.0,0.0
RicePanCopper,Base.RicePanCopper,Base.WildEggs,7,false,false,1.0,63.0,0.32,4.18,5.55,0.7,73.5
RicePanCopper,Base.RicePanCopper,Base.WildGarlic2,1,false,true,0.0,0.0,0.0,0.0,0.0,0.0,0.0
RicePanCopper,Base.RicePanCopper,Base.WildGarlicDried,1,false,true,0.0,0.0,0.0,0.0,0.0,0.0,0.0
RicePanCopper,Base.RicePanCopper,Base.Zucchini,10,false,false,1.0,33.0,6.1,0.63,2.37,0.7,38.5
RicePanCopper,Base.RicePanCopper,Base.cheese_powdered,14,false,false,1.0,130.0,20.7,9.7,21.0,0.7,151.666667
RicePot,Base.RicePot,Base.Avocado,16,false,false,1.0,227.0,11.75,20.96,2.67,0.7,264.833333
RicePot,Base.RicePot,Base.BBQSauce,2,false,true,0.0,0.0,0.0,0.0,0.0,0.0,0.0
RicePot,Base.RicePot,Base.Bacon,12,false,false,1.0,160.0,0.0,14.0,10.0,0.7,186.666667
RicePot,Base.RicePot,Base.BaconBits,1,false,true,0.0,0.0,0.0,0.0,0.0,0.0,0.0
RicePot,Base.RicePot,Base.BaloneySlice,5,false,false,1.0,33.0,0.33,1.06,3.78,0.7,38.5
RicePot,Base.RicePot,Base.BalsamicVinegar,2,false,true,0.0,0.0,0.0,0.0,0.0,0.0,0.0
RicePot,Base.RicePot,Base.Basil,1,false,true,0.0,0.0,0.0,0.0,0.0,0.0,0.0
RicePot,Base.RicePot,Base.BasilDried,1,false,true,0.0,0.0,0.0,0.0,0.0,0.0,0.0
RicePot,Base.RicePot,Base.BeanBowl,24,false,false,1.0,170.0,33.0,1.0,7.0,0.7,198.333333
RicePot,Base.RicePot,Base.Beef,20,false,false,0.25,110.0,0.0,4.675,15.655,0.175,128.333333
RicePot,Base.RicePot,Base.BeefJerky,10,false,false,0.5,205.0,5.5,13.0,16.5,0.35,239.166667
RicePot,Base.RicePot,Base.BellPepper,8,false,false,1.0,30.0,7.0,0.0,1.0,0.7,35.0
RicePot,Base.RicePot,Base.Blackbeans,10,false,false,1.0,45.0,10.45,0.45,3.95,0.7,52.5
RicePot,Base.RicePot,Base.Broccoli,9,false,false,1.0,11.0,2.0,0.1,0.9,0.7,12.833333
RicePot,Base.RicePot,Base.CannedBellPepper_Open,8,false,false,0.166667,30.0,7.0,0.0,1.0,0.116667,35.0
RicePot,Base.RicePot,Base.CannedBologneseOpen,24,false,false,1.0,540.0,68.0,22.0,18.0,0.7,630.0
RicePot,Base.RicePot,Base.CannedBroccoli_Open,9,false,false,0.2,11.0,2.0,0.1,0.9,0.14,12.833333
RicePot,Base.RicePot,Base.CannedCarrotsOpen,12,false,false,1.0,10.5,28.0,0.0,0.0,0.7,12.25
RicePot,Base.RicePot,Base.CannedCarrots_Open,8,false,false,0.2,25.0,6.0,0.15,0.6,0.14,29.166667
RicePot,Base.RicePot,Base.CannedChiliOpen,16,false,false,1.0,260.0,33.0,7.0,16.0,0.7,303.333333
RicePot,Base.RicePot,Base.CannedCornOpen,16,false,false,1.0,315.0,70.0,1.75,7.0,0.7,367.5
RicePot,Base.RicePot,Base.CannedCornedBeefOpen,12,false,false,0.5,360.0,0.0,24.0,39.0,0.35,420.0
RicePot,Base.RicePot,Base.CannedEggplant_Open,16,false,false,0.333333,114.0,27.0,0.8,4.5,0.233333,133.0
RicePot,Base.RicePot,Base.CannedLeek_Open,12,false,false,0.25,54.0,140.0,0.3,3.8,0.175,63.0
RicePot,Base.RicePot,Base.CannedMushroomSoupOpen,10,false,false,1.0,160.0,19.0,8.0,3.0,0.7,186.666667
RicePot,Base.RicePot,Base.CannedPeasOpen,16,false,false,1.0,280.0,52.5,0.0,14.0,0.7,326.666667
RicePot,Base.RicePot,Base.CannedSardinesOpen,14,false,false,1.0,150.0,0.0,11.0,14.0,0.7,175.0
RicePot,Base.RicePot,Base.CannedTomatoOpen,12,false,false,1.0,90.0,18.0,0.0,3.0,0.7,105.0
RicePot,Base.RicePot,Base.CannedTomato_Open,12,false,false,0.25,14.0,3.5,0.2,1.3,0.175,16.333333
RicePot,Base.RicePot,Base.Carrots,8,false,false,1.0,25.0,6.0,0.15,0.6,0.7,29.166667
RicePot,Base.RicePot,Base.Cauliflower,9,false,false,1.0,24.0,3.0,0.0,4.0,0.7,28.0
RicePot,Base.RicePot,Base.Chicken,30,false,false,0.909091,209.090909,0.0,8.181818,34.545455,0.636364,243.939394
RicePot,Base.RicePot,Base.ChickenFillet,18,false,false,0.6,138.0,0.0,5.4,22.8,0.42,161.0
RicePot,Base.RicePot,Base.ChickenWings,15,false,false,0.789474,150.0,0.0,4.736842,17.368421,0.552632,175.0
RicePot,Base.RicePot,Base.Corn,14,false,false,1.0,88.0,26.74,1.93,4.68,0.7,102.666667
RicePot,Base.RicePot,Base.CornFrozen,10,false,false,0.5,198.0,47.0,2.5,7.5,0.35,231.0
RicePot,Base.RicePot,Base.CornSeed,1,false,false,0.25,6.2,1.9,0.14,0.33,0.175,7.233333
RicePot,Base.RicePot,Base.Crayfish,10,false,false,1.0,40.0,0.0,2.0,8.0,0.7,46.666667
RicePot,Base.RicePot,Base.Daikon,12,false,false,1.0,54.0,12.59,0.27,1.34,0.7,63.0
RicePot,Base.RicePot,Base.DeadBird,10,false,false,0.666667,107.333333,0.333333,1.333333,14.666667,0.466667,125.222222
RicePot,Base.RicePot,Base.DeadMouse,10,false,false,1.0,220.0,0.7,3.15,9.5,0.7,256.666667
RicePot,Base.RicePot,Base.DeadMousePups,5,false,false,1.0,110.0,0.35,1.58,4.2,0.7,128.333333
RicePot,Base.RicePot,Base.DeadMousePupsSkinned,5,false,false,1.0,110.0,0.35,1.58,4.2,0.7,128.333333
RicePot,Base.RicePot,Base.DeadMouseSkinned,10,false,false,1.0,220.0,0.7,3.15,9.5,0.7,256.666667
RicePot,Base.RicePot,Base.DeadRat,15,false,false,0.681818,220.909091,0.0,10.909091,27.272727,0.477273,257.727273
RicePot,Base.RicePot,Base.DeadRatBaby,10,false,false,0.833333,145.5,0.0,7.166667,18.0,0.583333,169.75
RicePot,Base.RicePot,Base.DeadRatBabySkinned,10,false,false,0.833333,145.5,0.0,7.166667,18.0,0.583333,169.75
RicePot,Base.RicePot,Base.DeadRatSkinned,15,false,false,0.681818,220.909091,0.0,10.909091,27.272727,0.477273,257.727273
RicePot,Base.RicePot,Base.DeadSquirrel,15,false,false,0.46875,225.0,0.0,7.03125,39.75,0.328125,262.5
RicePot,Base.RicePot,Base.Dip_NachoCheese,2,false,true,0.0,0.0,0.0,0.0,0.0,0.0,0.0
RicePot,Base.RicePot,Base.Dip_Ranch,2,false,true,0.0,0.0,0.0,0.0,0.0,0.0,0.0
RicePot,Base.RicePot,Base.Dip_Salsa,2,false,true,0.0,0.0,0.0,0.0,0.0,0.0,0.0
RicePot,Base.RicePot,Base.DriedBlackBeans,10,false,false,0.166667,514.0,96.666667,0.0,33.166667,0.116667,599.666667
RicePot,Base.RicePot,Base.DriedChickpeas,10,false,false,0.166667,475.166667,90.666667,0.0,30.166667,0.116667,554.361111
RicePot,Base.RicePot,Base.DriedKidneyBeans,10,false,false,0.166667,544.166667,84.666667,2.166667,45.333333,0.116667,634.861111
RicePot,Base.RicePot,Base.DriedLentils,10,false,false,0.166667,500.0,90.0,0.0,36.666667,0.116667,583.333333
RicePot,Base.RicePot,Base.DriedSplitPeas,10,false,false,0.166667,369.5,90.666667,0.0,36.833333,0.116667,431.083333
RicePot,Base.RicePot,Base.DriedWhiteBeans,10,false,false,0.166667,470.5,87.833333,1.666667,31.333333,0.116667,548.916667
RicePot,Base.RicePot,Base.Edamame,5,false,false,1.0,25.0,10.45,0.45,3.95,0.7,29.166667
RicePot,Base.RicePot,Base.Egg,7,false,false,1.0,63.0,0.32,4.18,5.55,0.7,73.5
RicePot,Base.RicePot,Base.Eggplant,16,false,false,1.0,114.0,27.0,0.8,4.5,0.7,133.0
RicePot,Base.RicePot,Base.FishFillet,15,false,false,0.6,123.0,0.6,7.2,17.112,0.42,143.5
RicePot,Base.RicePot,Base.FishFried,15,false,false,0.5,105.0,3.5,6.0,8.0,0.35,122.5
RicePot,Base.RicePot,Base.Garlic,1,false,true,0.0,0.0,0.0,0.0,0.0,0.0,0.0
RicePot,Base.RicePot,Base.GrapeLeaves,4,false,false,1.0,73.0,11.0,2.0,4.0,0.7,85.166667
RicePot,Base.RicePot,Base.Gravy,4,false,true,0.0,0.0,0.0,0.0,0.0,0.0,0.0
RicePot,Base.RicePot,Base.Greenpeas,4,false,false,1.0,70.0,13.125,0.0,3.5,0.7,81.666667
RicePot,Base.RicePot,Base.GreenpeasSeed,1,false,false,1.0,17.5,3.25,0.0,0.875,0.7,20.416667
RicePot,Base.RicePot,Base.HamSlice,10,false,false,1.0,260.0,15.16,13.0,19.5,0.7,303.333333
RicePot,Base.RicePot,Base.Hotdog_single,10,false,false,1.0,65.0,1.25,2.0,1.25,0.7,75.833333
RicePot,Base.RicePot,Base.Hotsauce,2,false,true,0.0,0.0,0.0,0.0,0.0,0.0,0.0
RicePot,Base.RicePot,Base.Kale,8,false,false,0.5,89.0,20.705,0.355,4.57,0.35,103.833333
RicePot,Base.RicePot,Base.Ketchup,2,false,true,0.0,0.0,0.0,0.0,0.0,0.0,0.0
RicePot,Base.RicePot,Base.Leek,12,false,false,1.0,54.0,140.0,0.3,1.3,0.7,63.0
RicePot,Base.RicePot,Base.LemonGrass,1,false,true,0.0,0.0,0.0,0.0,0.0,0.0,0.0
RicePot,Base.RicePot,Base.Lobster,20,false,false,0.5,60.0,0.0,3.5,14.0,0.35,70.0
RicePot,Base.RicePot,Base.Marinara,2,false,true,0.0,0.0,0.0,0.0,0.0,0.0,0.0
RicePot,Base.RicePot,Base.MayonnaiseFull,2,false,true,0.0,0.0,0.0,0.0,0.0,0.0,0.0
RicePot,Base.RicePot,Base.MincedMeat,20,false,false,0.5,150.0,0.0,15.0,23.0,0.35,175.0
RicePot,Base.RicePot,Base.MixedVegetables,10,false,false,0.5,135.5,18.5,0.0,4.5,0.35,158.083333
RicePot,Base.RicePot,Base.MushroomGeneric1,13,false,false,1.0,30.0,2.12,0.24,2.04,0.7,35.0
RicePot,Base.RicePot,Base.MushroomGeneric2,13,false,false,1.0,30.0,2.12,0.24,2.04,0.7,35.0
RicePot,Base.RicePot,Base.MushroomGeneric3,15,false,false,1.0,32.0,2.56,0.32,2.36,0.7,37.333333
RicePot,Base.RicePot,Base.MushroomGeneric4,13,false,false,1.0,30.0,2.12,0.24,2.04,0.7,35.0
RicePot,Base.RicePot,Base.MushroomGeneric5,15,false,false,1.0,32.0,2.56,0.32,2.36,0.7,37.333333
RicePot,Base.RicePot,Base.MushroomGeneric6,13,false,false,1.0,30.0,2.12,0.24,2.04,0.7,35.0
RicePot,Base.RicePot,Base.MushroomGeneric7,13,false,false,1.0,32.0,2.12,0.24,2.04,0.7,37.333333
RicePot,Base.RicePot,Base.MushroomsButton,7,false,false,1.0,15.0,1.06,0.12,1.02,0.7,17.5
RicePot,Base.RicePot,Base.Mustard,2,false,true,0.0,0.0,0.0,0.0,0.0,0.0,0.0
RicePot,Base.RicePot,Base.MuttonChop,15,false,false,0.5,117.0,0.04,5.5,16.5,0.35,136.5
RicePot,Base.RicePot,Base.OilOlive,2,false,true,0.0,0.0,0.0,0.0,0.0,0.0,0.0
RicePot,Base.RicePot,Base.OilVegetable,2,false,true,0.0,0.0,0.0,0.0,0.0,0.0,0.0
RicePot,Base.RicePot,Base.Onion,5,false,false,0.5,14.0,3.27,0.035,0.385,0.35,16.333333
RicePot,Base.RicePot,Base.OpenBeans,24,false,false,1.0,170.0,33.0,1.0,7.0,0.7,198.333333
RicePot,Base.RicePot,Base.Oysters,5,false,false,1.0,15.0,10.0,4.0,22.0,0.7,17.5
RicePot,Base.RicePot,Base.OystersFried,6,false,false,1.0,25.0,11.0,4.0,20.0,0.7,29.166667
RicePot,Base.RicePot,Base.Parsley,1,false,true,0.0,0.0,0.0,0.0,0.0,0.0,0.0
RicePot,Base.RicePot,Base.ParsleyDried,1,false,true,0.0,0.0,0.0,0.0,0.0,0.0,0.0
RicePot,Base.RicePot,Base.Peanuts,8,false,false,1.0,161.0,4.57,13.96,7.31,0.7,187.833333
RicePot,Base.RicePot,Base.Peas,10,false,false,0.5,59.5,10.225,0.425,3.975,0.35,69.416667
RicePot,Base.RicePot,Base.Pepper,1,false,true,0.0,0.0,0.0,0.0,0.0,0.0,0.0
RicePot,Base.RicePot,Base.PepperHabanero,2,false,true,0.0,0.0,0.0,0.0,0.0,0.0,0.0
RicePot,Base.RicePot,Base.PepperHabaneroDried,2,false,true,0.0,0.0,0.0,0.0,0.0,0.0,0.0
RicePot,Base.RicePot,Base.PepperJalapeno,2,false,true,0.0,0.0,0.0,0.0,0.0,0.0,0.0
RicePot,Base.RicePot,Base.PepperJalapenoDried,2,false,true,0.0,0.0,0.0,0.0,0.0,0.0,0.0
RicePot,Base.RicePot,Base.Pepperoni,20,false,false,1.0,180.0,0.0,4.35,15.62,0.7,210.0
RicePot,Base.RicePot,Base.Pickles,2,false,true,0.0,0.0,0.0,0.0,0.0,0.0,0.0
RicePot,Base.RicePot,Base.Pork,15,false,false,0.25,75.0,0.0,3.0,12.5,0.175,87.5
RicePot,Base.RicePot,Base.PorkChop,15,false,false,0.5,75.0,0.0,3.0,12.5,0.35,87.5
RicePot,Base.RicePot,Base.PowderedGarlic,1,false,true,0.0,0.0,0.0,0.0,0.0,0.0,0.0
RicePot,Base.RicePot,Base.PowderedOnion,1,false,true,0.0,0.0,0.0,0.0,0.0,0.0,0.0
RicePot,Base.RicePot,Base.Processedcheese,5,false,false,1.0,70.0,0.0,6.0,4.0,0.7,81.666667
RicePot,Base.RicePot,Base.Rabbitmeat,15,false,false,0.5,484.5,10.0,10.0,92.5,0.35,565.25
RicePot,Base.RicePot,Base.RiceVinegar,2,false,true,0.0,0.0,0.0,0.0,0.0,0.0,0.0
RicePot,Base.RicePot,Base.SalamiSlice,4,false,false,1.0,66.0,0.4,5.2,4.4,0.7,77.0
RicePot,Base.RicePot,Base.Salmon,15,false,false,0.5,135.0,0.0,5.275,17.14,0.35,157.5
RicePot,Base.RicePot,Base.Salt,1,false,true,0.0,0.0,0.0,0.0,0.0,0.0,0.0
RicePot,Base.RicePot,Base.Sausage,20,false,false,1.0,180.0,0.0,4.35,15.62,0.7,210.0
RicePot,Base.RicePot,Base.SeasoningSalt,1,false,true,0.0,0.0,0.0,0.0,0.0,0.0,0.0
RicePot,Base.RicePot,Base.Seasoning_Basil,1,false,true,0.0,0.0,0.0,0.0,0.0,0.0,0.0
RicePot,Base.RicePot,Base.Seasoning_Parsley,1,false,true,0.0,0.0,0.0,0.0,0.0,0.0,0.0
RicePot,Base.RicePot,Base.SesameOil,2,false,true,0.0,0.0,0.0,0.0,0.0,0.0,0.0
RicePot,Base.RicePot,Base.Shrimp,10,false,false,1.0,80.0,0.0,7.0,10.0,0.7,93.333333
RicePot,Base.RicePot,Base.ShrimpFried,15,false,false,1.0,160.0,17.0,14.0,16.0,0.7,186.666667
RicePot,Base.RicePot,Base.ShrimpFriedCraft,15,false,false,1.0,160.0,17.0,14.0,16.0,0.7,186.666667
RicePot,Base.RicePot,Base.Smallanimalmeat,15,false,false,1.0,201.0,5.0,7.25,45.0,0.7,234.5
RicePot,Base.RicePot,Base.Smallbirdmeat,15,false,false,1.0,261.0,5.0,8.25,90.0,0.7,304.5
RicePot,Base.RicePot,Base.SourCream,2,false,true,0.0,0.0,0.0,0.0,0.0,0.0,0.0
RicePot,Base.RicePot,Base.Soybeans,5,false,false,1.0,25.0,10.45,0.45,3.95,0.7,29.166667
RicePot,Base.RicePot,Base.SoybeansSeed,5,false,false,1.0,5.0,2.0,0.1,0.8,0.7,5.833333
RicePot,Base.RicePot,Base.Soysauce,2,false,true,0.0,0.0,0.0,0.0,0.0,0.0,0.0
RicePot,Base.RicePot,Base.Squid,15,false,false,0.5,102.5,0.5,6.5,16.26,0.35,119.583333
RicePot,Base.RicePot,Base.SquidCalamari,10,false,false,1.0,105.0,3.0,0.0,18.0,0.7,122.5
RicePot,Base.RicePot,Base.Steak,20,false,false,0.5,110.0,0.0,4.675,15.81,0.35,128.333333
RicePot,Base.RicePot,Base.Tofu,10,false,false,1.0,30.0,1.0,1.0,5.0,0.7,35.0
RicePot,Base.RicePot,Base.TofuFried,15,false,false,1.0,35.0,3.0,1.0,5.0,0.7,40.833333
RicePot,Base.RicePot,Base.Tomato,12,false,false,1.0,14.0,3.5,0.2,1.3,0.7,16.333333
RicePot,Base.RicePot,Base.TomatoPaste,3,false,true,0.0,0.0,0.0,0.0,0.0,0.0,0.0
RicePot,Base.RicePot,Base.TunaTinOpen,18,false,false,1.0,370.0,0.0,34.0,15.0,0.7,431.666667
RicePot,Base.RicePot,Base.TurkeyEgg,10,false,false,1.0,71.0,0.37,4.54,5.78,0.7,82.833333
RicePot,Base.RicePot,Base.TurkeyFillet,20,false,false,0.4,92.0,0.0,4.0,12.8,0.28,107.333333
RicePot,Base.RicePot,Base.TurkeyLegs,31,false,false,0.738095,169.761905,0.0,6.642857,28.047619,0.516667,198.055556
RicePot,Base.RicePot,Base.TurkeyWings,25,false,false,0.833333,166.666667,0.0,8.333333,26.666667,0.583333,194.444444
RicePot,Base.RicePot,Base.Venison,20,false,false,0.25,110.0,0.0,4.675,15.655,0.175,128.333333
RicePot,Base.RicePot,Base.Vinegar2,1,false,true,0.0,0.0,0.0,0.0,0.0,0.0,0.0
RicePot,Base.RicePot,Base.Vinegar_Jug,1,false,true,0.0,0.0,0.0,0.0,0.0,0.0,0.0
RicePot,Base.RicePot,Base.Wasabi,1,false,true,0.0,0.0,0.0,0.0,0.0,0.0,0.0
RicePot,Base.RicePot,Base.WildEggs,7,false,false,1.0,63.0,0.32,4.18,5.55,0.7,73.5
RicePot,Base.RicePot,Base.WildGarlic2,1,false,true,0.0,0.0,0.0,0.0,0.0,0.0,0.0
RicePot,Base.RicePot,Base.WildGarlicDried,1,false,true,0.0,0.0,0.0,0.0,0.0,0.0,0.0
RicePot,Base.RicePot,Base.Zucchini,10,false,false,1.0,33.0,6.1,0.63,2.37,0.7,38.5
RicePot,Base.RicePot,Base.cheese_powdered,14,false,false,1.0,130.0,20.7,9.7,21.0,0.7,151.666667
RicePotForged,Base.RicePotForged,Base.Avocado,16,false,false,1.0,227.0,11.75,20.96,2.67,0.7,264.833333
RicePotForged,Base.RicePotForged,Base.BBQSauce,2,false,true,0.0,0.0,0.0,0.0,0.0,0.0,0.0
RicePotForged,Base.RicePotForged,Base.Bacon,12,false,false,1.0,160.0,0.0,14.0,10.0,0.7,186.666667
RicePotForged,Base.RicePotForged,Base.BaconBits,1,false,true,0.0,0.0,0.0,0.0,0.0,0.0,0.0
RicePotForged,Base.RicePotForged,Base.BaloneySlice,5,false,false,1.0,33.0,0.33,1.06,3.78,0.7,38.5
RicePotForged,Base.RicePotForged,Base.BalsamicVinegar,2,false,true,0.0,0.0,0.0,0.0,0.0,0.0,0.0
RicePotForged,Base.RicePotForged,Base.Basil,1,false,true,0.0,0.0,0.0,0.0,0.0,0.0,0.0
RicePotForged,Base.RicePotForged,Base.BasilDried,1,false,true,0.0,0.0,0.0,0.0,0.0,0.0,0.0
RicePotForged,Base.RicePotForged,Base.BeanBowl,24,false,false,1.0,170.0,33.0,1.0,7.0,0.7,198.333333
RicePotForged,Base.RicePotForged,Base.Beef,20,false,false,0.25,110.0,0.0,4.675,15.655,0.175,128.333333
RicePotForged,Base.RicePotForged,Base.BeefJerky,10,false,false,0.5,205.0,5.5,13.0,16.5,0.35,239.166667
RicePotForged,Base.RicePotForged,Base.BellPepper,8,false,false,1.0,30.0,7.0,0.0,1.0,0.7,35.0
RicePotForged,Base.RicePotForged,Base.Blackbeans,10,false,false,1.0,45.0,10.45,0.45,3.95,0.7,52.5
RicePotForged,Base.RicePotForged,Base.Broccoli,9,false,false,1.0,11.0,2.0,0.1,0.9,0.7,12.833333
RicePotForged,Base.RicePotForged,Base.CannedBellPepper_Open,8,false,false,0.166667,30.0,7.0,0.0,1.0,0.116667,35.0
RicePotForged,Base.RicePotForged,Base.CannedBologneseOpen,24,false,false,1.0,540.0,68.0,22.0,18.0,0.7,630.0
RicePotForged,Base.RicePotForged,Base.CannedBroccoli_Open,9,false,false,0.2,11.0,2.0,0.1,0.9,0.14,12.833333
RicePotForged,Base.RicePotForged,Base.CannedCarrotsOpen,12,false,false,1.0,10.5,28.0,0.0,0.0,0.7,12.25
RicePotForged,Base.RicePotForged,Base.CannedCarrots_Open,8,false,false,0.2,25.0,6.0,0.15,0.6,0.14,29.166667
RicePotForged,Base.RicePotForged,Base.CannedChiliOpen,16,false,false,1.0,260.0,33.0,7.0,16.0,0.7,303.333333
RicePotForged,Base.RicePotForged,Base.CannedCornOpen,16,false,false,1.0,315.0,70.0,1.75,7.0,0.7,367.5
RicePotForged,Base.RicePotForged,Base.CannedCornedBeefOpen,12,false,false,0.5,360.0,0.0,24.0,39.0,0.35,420.0
RicePotForged,Base.RicePotForged,Base.CannedEggplant_Open,16,false,false,0.333333,114.0,27.0,0.8,4.5,0.233333,133.0
RicePotForged,Base.RicePotForged,Base.CannedLeek_Open,12,false,false,0.25,54.0,140.0,0.3,3.8,0.175,63.0
RicePotForged,Base.RicePotForged,Base.CannedMushroomSoupOpen,10,false,false,1.0,160.0,19.0,8.0,3.0,0.7,186.666667
RicePotForged,Base.RicePotForged,Base.CannedPeasOpen,16,false,false,1.0,280.0,52.5,0.0,14.0,0.7,326.666667
RicePotForged,Base.RicePotForged,Base.CannedSardinesOpen,14,false,false,1.0,150.0,0.0,11.0,14.0,0.7,175.0
RicePotForged,Base.RicePotForged,Base.CannedTomatoOpen,12,false,false,1.0,90.0,18.0,0.0,3.0,0.7,105.0
RicePotForged,Base.RicePotForged,Base.CannedTomato_Open,12,false,false,0.25,14.0,3.5,0.2,1.3,0.175,16.333333
RicePotForged,Base.RicePotForged,Base.Carrots,8,false,false,1.0,25.0,6.0,0.15,0.6,0.7,29.166667
RicePotForged,Base.RicePotForged,Base.Cauliflower,9,false,false,1.0,24.0,3.0,0.0,4.0,0.7,28.0
RicePotForged,Base.RicePotForged,Base.Chicken,30,false,false,0.909091,209.090909,0.0,8.181818,34.545455,0.636364,243.939394
RicePotForged,Base.RicePotForged,Base.ChickenFillet,18,false,false,0.6,138.0,0.0,5.4,22.8,0.42,161.0
RicePotForged,Base.RicePotForged,Base.ChickenWings,15,false,false,0.789474,150.0,0.0,4.736842,17.368421,0.552632,175.0
RicePotForged,Base.RicePotForged,Base.Corn,14,false,false,1.0,88.0,26.74,1.93,4.68,0.7,102.666667
RicePotForged,Base.RicePotForged,Base.CornFrozen,10,false,false,0.5,198.0,47.0,2.5,7.5,0.35,231.0
RicePotForged,Base.RicePotForged,Base.CornSeed,1,false,false,0.25,6.2,1.9,0.14,0.33,0.175,7.233333
RicePotForged,Base.RicePotForged,Base.Crayfish,10,false,false,1.0,40.0,0.0,2.0,8.0,0.7,46.666667
RicePotForged,Base.RicePotForged,Base.Daikon,12,false,false,1.0,54.0,12.59,0.27,1.34,0.7,63.0
RicePotForged,Base.RicePotForged,Base.DeadBird,10,false,false,0.666667,107.333333,0.333333,1.333333,14.666667,0.466667,125.222222
RicePotForged,Base.RicePotForged,Base.DeadMouse,10,false,false,1.0,220.0,0.7,3.15,9.5,0.7,256.666667
RicePotForged,Base.RicePotForged,Base.DeadMousePups,5,false,false,1.0,110.0,0.35,1.58,4.2,0.7,128.333333
RicePotForged,Base.RicePotForged,Base.DeadMousePupsSkinned,5,false,false,1.0,110.0,0.35,1.58,4.2,0.7,128.333333
RicePotForged,Base.RicePotForged,Base.DeadMouseSkinned,10,false,false,1.0,220.0,0.7,3.15,9.5,0.7,256.666667
RicePotForged,Base.RicePotForged,Base.DeadRat,15,false,false,0.681818,220.909091,0.0,10.909091,27.272727,0.477273,257.727273
RicePotForged,Base.RicePotForged,Base.DeadRatBaby,10,false,false,0.833333,145.5,0.0,7.166667,18.0,0.583333,169.75
RicePotForged,Base.RicePotForged,Base.DeadRatBabySkinned,10,false,false,0.833333,145.5,0.0,7.166667,18.0,0.583333,169.75
RicePotForged,Base.RicePotForged,Base.DeadRatSkinned,15,false,false,0.681818,220.909091,0.0,10.909091,27.272727,0.477273,257.727273
RicePotForged,Base.RicePotForged,Base.DeadSquirrel,15,false,false,0.46875,225.0,0.0,7.03125,39.75,0.328125,262.5
RicePotForged,Base.RicePotForged,Base.Dip_NachoCheese,2,false,true,0.0,0.0,0.0,0.0,0.0,0.0,0.0
RicePotForged,Base.RicePotForged,Base.Dip_Ranch,2,false,true,0.0,0.0,0.0,0.0,0.0,0.0,0.0
RicePotForged,Base.RicePotForged,Base.Dip_Salsa,2,false,true,0.0,0.0,0.0,0.0,0.0,0.0,0.0
RicePotForged,Base.RicePotForged,Base.DriedBlackBeans,10,false,false,0.166667,514.0,96.666667,0.0,33.166667,0.116667,599.666667
RicePotForged,Base.RicePotForged,Base.DriedChickpeas,10,false,false,0.166667,475.166667,90.666667,0.0,30.166667,0.116667,554.361111
RicePotForged,Base.RicePotForged,Base.DriedKidneyBeans,10,false,false,0.166667,544.166667,84.666667,2.166667,45.333333,0.116667,634.861111
RicePotForged,Base.RicePotForged,Base.DriedLentils,10,false,false,0.166667,500.0,90.0,0.0,36.666667,0.116667,583.333333
RicePotForged,Base.RicePotForged,Base.DriedSplitPeas,10,false,false,0.166667,369.5,90.666667,0.0,36.833333,0.116667,431.083333
RicePotForged,Base.RicePotForged,Base.DriedWhiteBeans,10,false,false,0.166667,470.5,87.833333,1.666667,31.333333,0.116667,548.916667
RicePotForged,Base.RicePotForged,Base.Edamame,5,false,false,1.0,25.0,10.45,0.45,3.95,0.7,29.166667
RicePotForged,Base.RicePotForged,Base.Egg,7,false,false,1.0,63.0,0.32,4.18,5.55,0.7,73.5
RicePotForged,Base.RicePotForged,Base.Eggplant,16,false,false,1.0,114.0,27.0,0.8,4.5,0.7,133.0
RicePotForged,Base.RicePotForged,Base.FishFillet,15,false,false,0.6,123.0,0.6,7.2,17.112,0.42,143.5
RicePotForged,Base.RicePotForged,Base.FishFried,15,false,false,0.5,105.0,3.5,6.0,8.0,0.35,122.5
RicePotForged,Base.RicePotForged,Base.Garlic,1,false,true,0.0,0.0,0.0,0.0,0.0,0.0,0.0
RicePotForged,Base.RicePotForged,Base.GrapeLeaves,4,false,false,1.0,73.0,11.0,2.0,4.0,0.7,85.166667
RicePotForged,Base.RicePotForged,Base.Gravy,4,false,true,0.0,0.0,0.0,0.0,0.0,0.0,0.0
RicePotForged,Base.RicePotForged,Base.Greenpeas,4,false,false,1.0,70.0,13.125,0.0,3.5,0.7,81.666667
RicePotForged,Base.RicePotForged,Base.GreenpeasSeed,1,false,false,1.0,17.5,3.25,0.0,0.875,0.7,20.416667
RicePotForged,Base.RicePotForged,Base.HamSlice,10,false,false,1.0,260.0,15.16,13.0,19.5,0.7,303.333333
RicePotForged,Base.RicePotForged,Base.Hotdog_single,10,false,false,1.0,65.0,1.25,2.0,1.25,0.7,75.833333
RicePotForged,Base.RicePotForged,Base.Hotsauce,2,false,true,0.0,0.0,0.0,0.0,0.0,0.0,0.0
RicePotForged,Base.RicePotForged,Base.Kale,8,false,false,0.5,89.0,20.705,0.355,4.57,0.35,103.833333
RicePotForged,Base.RicePotForged,Base.Ketchup,2,false,true,0.0,0.0,0.0,0.0,0.0,0.0,0.0
RicePotForged,Base.RicePotForged,Base.Leek,12,false,false,1.0,54.0,140.0,0.3,1.3,0.7,63.0
RicePotForged,Base.RicePotForged,Base.LemonGrass,1,false,true,0.0,0.0,0.0,0.0,0.0,0.0,0.0
RicePotForged,Base.RicePotForged,Base.Lobster,20,false,false,0.5,60.0,0.0,3.5,14.0,0.35,70.0
RicePotForged,Base.RicePotForged,Base.Marinara,2,false,true,0.0,0.0,0.0,0.0,0.0,0.0,0.0
RicePotForged,Base.RicePotForged,Base.MayonnaiseFull,2,false,true,0.0,0.0,0.0,0.0,0.0,0.0,0.0
RicePotForged,Base.RicePotForged,Base.MincedMeat,20,false,false,0.5,150.0,0.0,15.0,23.0,0.35,175.0
RicePotForged,Base.RicePotForged,Base.MixedVegetables,10,false,false,0.5,135.5,18.5,0.0,4.5,0.35,158.083333
RicePotForged,Base.RicePotForged,Base.MushroomGeneric1,13,false,false,1.0,30.0,2.12,0.24,2.04,0.7,35.0
RicePotForged,Base.RicePotForged,Base.MushroomGeneric2,13,false,false,1.0,30.0,2.12,0.24,2.04,0.7,35.0
RicePotForged,Base.RicePotForged,Base.MushroomGeneric3,15,false,false,1.0,32.0,2.56,0.32,2.36,0.7,37.333333
RicePotForged,Base.RicePotForged,Base.MushroomGeneric4,13,false,false,1.0,30.0,2.12,0.24,2.04,0.7,35.0
RicePotForged,Base.RicePotForged,Base.MushroomGeneric5,15,false,false,1.0,32.0,2.56,0.32,2.36,0.7,37.333333
RicePotForged,Base.RicePotForged,Base.MushroomGeneric6,13,false,false,1.0,30.0,2.12,0.24,2.04,0.7,35.0
RicePotForged,Base.RicePotForged,Base.MushroomGeneric7,13,false,false,1.0,32.0,2.12,0.24,2.04,0.7,37.333333
RicePotForged,Base.RicePotForged,Base.MushroomsButton,7,false,false,1.0,15.0,1.06,0.12,1.02,0.7,17.5
RicePotForged,Base.RicePotForged,Base.Mustard,2,false,true,0.0,0.0,0.0,0.0,0.0,0.0,0.0
RicePotForged,Base.RicePotForged,Base.MuttonChop,15,false,false,0.5,117.0,0.04,5.5,16.5,0.35,136.5
RicePotForged,Base.RicePotForged,Base.OilOlive,2,false,true,0.0,0.0,0.0,0.0,0.0,0.0,0.0
RicePotForged,Base.RicePotForged,Base.OilVegetable,2,false,true,0.0,0.0,0.0,0.0,0.0,0.0,0.0
RicePotForged,Base.RicePotForged,Base.Onion,5,false,false,0.5,14.0,3.27,0.035,0.385,0.35,16.333333
RicePotForged,Base.RicePotForged,Base.OpenBeans,24,false,false,1.0,170.0,33.0,1.0,7.0,0.7,198.333333
RicePotForged,Base.RicePotForged,Base.Oysters,5,false,false,1.0,15.0,10.0,4.0,22.0,0.7,17.5
RicePotForged,Base.RicePotForged,Base.OystersFried,6,false,false,1.0,25.0,11.0,4.0,20.0,0.7,29.166667
RicePotForged,Base.RicePotForged,Base.Parsley,1,false,true,0.0,0.0,0.0,0.0,0.0,0.0,0.0
RicePotForged,Base.RicePotForged,Base.ParsleyDried,1,false,true,0.0,0.0,0.0,0.0,0.0,0.0,0.0
RicePotForged,Base.RicePotForged,Base.Peanuts,8,false,false,1.0,161.0,4.57,13.96,7.31,0.7,187.833333
RicePotForged,Base.RicePotForged,Base.Peas,10,false,false,0.5,59.5,10.225,0.425,3.975,0.35,69.416667
RicePotForged,Base.RicePotForged,Base.Pepper,1,false,true,0.0,0.0,0.0,0.0,0.0,0.0,0.0
RicePotForged,Base.RicePotForged,Base.PepperHabanero,2,false,true,0.0,0.0,0.0,0.0,0.0,0.0,0.0
RicePotForged,Base.RicePotForged,Base.PepperHabaneroDried,2,false,true,0.0,0.0,0.0,0.0,0.0,0.0,0.0
RicePotForged,Base.RicePotForged,Base.PepperJalapeno,2,false,true,0.0,0.0,0.0,0.0,0.0,0.0,0.0
RicePotForged,Base.RicePotForged,Base.PepperJalapenoDried,2,false,true,0.0,0.0,0.0,0.0,0.0,0.0,0.0
RicePotForged,Base.RicePotForged,Base.Pepperoni,20,false,false,1.0,180.0,0.0,4.35,15.62,0.7,210.0
RicePotForged,Base.RicePotForged,Base.Pickles,2,false,true,0.0,0.0,0.0,0.0,0.0,0.0,0.0
RicePotForged,Base.RicePotForged,Base.Pork,15,false,false,0.25,75.0,0.0,3.0,12.5,0.175,87.5
RicePotForged,Base.RicePotForged,Base.PorkChop,15,false,false,0.5,75.0,0.0,3.0,12.5,0.35,87.5
RicePotForged,Base.RicePotForged,Base.PowderedGarlic,1,false,true,0.0,0.0,0.0,0.0,0.0,0.0,0.0
RicePotForged,Base.RicePotForged,Base.PowderedOnion,1,false,true,0.0,0.0,0.0,0.0,0.0,0.0,0.0
RicePotForged,Base.RicePotForged,Base.Processedcheese,5,false,false,1.0,70.0,0.0,6.0,4.0,0.7,81.666667
RicePotForged,Base.RicePotForged,Base.Rabbitmeat,15,false,false,0.5,484.5,10.0,10.0,92.5,0.35,565.25
RicePotForged,Base.RicePotForged,Base.RiceVinegar,2,false,true,0.0,0.0,0.0,0.0,0.0,0.0,0.0
RicePotForged,Base.RicePotForged,Base.SalamiSlice,4,false,false,1.0,66.0,0.4,5.2,4.4,0.7,77.0
RicePotForged,Base.RicePotForged,Base.Salmon,15,false,false,0.5,135.0,0.0,5.275,17.14,0.35,157.5
RicePotForged,Base.RicePotForged,Base.Salt,1,false,true,0.0,0.0,0.0,0.0,0.0,0.0,0.0
RicePotForged,Base.RicePotForged,Base.Sausage,20,false,false,1.0,180.0,0.0,4.35,15.62,0.7,210.0
RicePotForged,Base.RicePotForged,Base.SeasoningSalt,1,false,true,0.0,0.0,0.0,0.0,0.0,0.0,0.0
RicePotForged,Base.RicePotForged,Base.Seasoning_Basil,1,false,true,0.0,0.0,0.0,0.0,0.0,0.0,0.0
RicePotForged,Base.RicePotForged,Base.Seasoning_Parsley,1,false,true,0.0,0.0,0.0,0.0,0.0,0.0,0.0
RicePotForged,Base.RicePotForged,Base.SesameOil,2,false,true,0.0,0.0,0.0,0.0,0.0,0.0,0.0
RicePotForged,Base.RicePotForged,Base.Shrimp,10,false,false,1.0,80.0,0.0,7.0,10.0,0.7,93.333333
RicePotForged,Base.RicePotForged,Base.ShrimpFried,15,false,false,1.0,160.0,17.0,14.0,16.0,0.7,186.666667
RicePotForged,Base.RicePotForged,Base.ShrimpFriedCraft,15,false,false,1.0,160.0,17.0,14.0,16.0,0.7,186.666667
RicePotForged,Base.RicePotForged,Base.Smallanimalmeat,15,false,false,1.0,201.0,5.0,7.25,45.0,0.7,234.5
RicePotForged,Base.RicePotForged,Base.Smallbirdmeat,15,false,false,1.0,261.0,5.0,8.25,90.0,0.7,304.5
RicePotForged,Base.RicePotForged,Base.SourCream,2,false,true,0.0,0.0,0.0,0.0,0.0,0.0,0.0
RicePotForged,Base.RicePotForged,Base.Soybeans,5,false,false,1.0,25.0,10.45,0.45,3.95,0.7,29.166667
RicePotForged,Base.RicePotForged,Base.SoybeansSeed,5,false,false,1.0,5.0,2.0,0.1,0.8,0.7,5.833333
RicePotForged,Base.RicePotForged,Base.Soysauce,2,false,true,0.0,0.0,0.0,0.0,0.0,0.0,0.0
RicePotForged,Base.RicePotForged,Base.Squid,15,false,false,0.5,102.5,0.5,6.5,16.26,0.35,119.583333
RicePotForged,Base.RicePotForged,Base.SquidCalamari,10,false,false,1.0,105.0,3.0,0.0,18.0,0.7,122.5
RicePotForged,Base.RicePotForged,Base.Steak,20,false,false,0.5,110.0,0.0,4.675,15.81,0.35,128.333333
RicePotForged,Base.RicePotForged,Base.Tofu,10,false,false,1.0,30.0,1.0,1.0,5.0,0.7,35.0
RicePotForged,Base.RicePotForged,Base.TofuFried,15,false,false,1.0,35.0,3.0,1.0,5.0,0.7,40.833333
RicePotForged,Base.RicePotForged,Base.Tomato,12,false,false,1.0,14.0,3.5,0.2,1.3,0.7,16.333333
RicePotForged,Base.RicePotForged,Base.TomatoPaste,3,false,true,0.0,0.0,0.0,0.0,0.0,0.0,0.0
RicePotForged,Base.RicePotForged,Base.TunaTinOpen,18,false,false,1.0,370.0,0.0,34.0,15.0,0.7,431.666667
RicePotForged,Base.RicePotForged,Base.TurkeyEgg,10,false,false,1.0,71.0,0.37,4.54,5.78,0.7,82.833333
RicePotForged,Base.RicePotForged,Base.TurkeyFillet,20,false,false,0.4,92.0,0.0,4.0,12.8,0.28,107.333333
RicePotForged,Base.RicePotForged,Base.TurkeyLegs,31,false,false,0.738095,169.761905,0.0,6.642857,28.047619,0.516667,198.055556
RicePotForged,Base.RicePotForged,Base.TurkeyWings,25,false,false,0.833333,166.666667,0.0,8.333333,26.666667,0.583333,194.444444
RicePotForged,Base.RicePotForged,Base.Venison,20,false,false,0.25,110.0,0.0,4.675,15.655,0.175,128.333333
RicePotForged,Base.RicePotForged,Base.Vinegar2,1,false,true,0.0,0.0,0.0,0.0,0.0,0.0,0.0
RicePotForged,Base.RicePotForged,Base.Vinegar_Jug,1,false,true,0.0,0.0,0.0,0.0,0.0,0.0,0.0
RicePotForged,Base.RicePotForged,Base.Wasabi,1,false,true,0.0,0.0,0.0,0.0,0.0,0.0,0.0
RicePotForged,Base.RicePotForged,Base.WildEggs,7,false,false,1.0,63.0,0.32,4.18,5.55,0.7,73.5
RicePotForged,Base.RicePotForged,Base.WildGarlic2,1,false,true,0.0,0.0,0.0,0.0,0.0,0.0,0.0
RicePotForged,Base.RicePotForged,Base.WildGarlicDried,1,false,true,0.0,0.0,0.0,0.0,0.0,0.0,0.0
RicePotForged,Base.RicePotForged,Base.Zucchini,10,false,false,1.0,33.0,6.1,0.63,2.37,0.7,38.5
RicePotForged,Base.RicePotForged,Base.cheese_powdered,14,false,false,1.0,130.0,20.7,9.7,21.0,0.7,151.666667
Roasted Vegetables,Base.PanFriedVegetables2,Base.Avocado,16,false,false,1.0,227.0,11.75,20.96,2.67,0.7,264.833333
Roasted Vegetables,Base.PanFriedVegetables2,Base.Bacon,12,false,false,1.0,160.0,0.0,14.0,10.0,0.7,186.666667
Roasted Vegetables,Base.PanFriedVegetables2,Base.BaconBits,1,false,true,0.0,0.0,0.0,0.0,0.0,0.0,0.0
Roasted Vegetables,Base.PanFriedVegetables2,Base.BaconRashers,4,false,false,1.0,40.0,0.0,3.5,2.5,0.7,46.666667
Roasted Vegetables,Base.PanFriedVegetables2,Base.BaloneySlice,5,false,false,1.0,33.0,0.33,1.06,3.78,0.7,38.5
Roasted Vegetables,Base.PanFriedVegetables2,Base.BalsamicVinegar,2,false,true,0.0,0.0,0.0,0.0,0.0,0.0,0.0
Roasted Vegetables,Base.PanFriedVegetables2,Base.Basil,1,false,true,0.0,0.0,0.0,0.0,0.0,0.0,0.0
Roasted Vegetables,Base.PanFriedVegetables2,Base.BasilDried,1,false,true,0.0,0.0,0.0,0.0,0.0,0.0,0.0
Roasted Vegetables,Base.PanFriedVegetables2,Base.Beef,20,false,false,0.25,110.0,0.0,4.675,15.655,0.175,128.333333
Roasted Vegetables,Base.PanFriedVegetables2,Base.BeefJerky,10,false,false,0.5,205.0,5.5,13.0,16.5,0.35,239.166667
Roasted Vegetables,Base.PanFriedVegetables2,Base.BellPepper,8,false,false,1.0,30.0,7.0,0.0,1.0,0.7,35.0
Roasted Vegetables,Base.PanFriedVegetables2,Base.Blackbeans,10,false,false,1.0,45.0,10.45,0.45,3.95,0.7,52.5
Roasted Vegetables,Base.PanFriedVegetables2,Base.Broccoli,9,false,false,1.0,11.0,2.0,0.1,0.9,0.7,12.833333
Roasted Vegetables,Base.PanFriedVegetables2,Base.BrusselSprouts,9,false,false,0.45,53.55,9.2025,0.3825,3.5775,0.315,62.475
Roasted Vegetables,Base.PanFriedVegetables2,Base.Butter,4,false,true,0.0,0.0,0.0,0.0,0.0,0.0,0.0
Roasted Vegetables,Base.PanFriedVegetables2,Base.Cabbage,12,false,false,0.5,90.0,20.5,0.35,4.5,0.35,105.0
Roasted Vegetables,Base.PanFriedVegetables2,Base.CannedBellPepper_Open,8,false,false,0.166667,30.0,7.0,0.0,1.0,0.116667,35.0
Roasted Vegetables,Base.PanFriedVegetables2,Base.CannedBologneseOpen,24,false,false,1.0,540.0,68.0,22.0,18.0,0.7,630.0
Roasted Vegetables,Base.PanFriedVegetables2,Base.CannedBroccoli_Open,9,false,false,0.2,11.0,2.0,0.1,0.9,0.14,12.833333
Roasted Vegetables,Base.PanFriedVegetables2,Base.CannedCabbage_Open,12,false,false,0.25,90.0,20.5,0.35,4.5,0.175,105.0
Roasted Vegetables,Base.PanFriedVegetables2,Base.CannedCarrotsOpen,12,false,false,1.0,10.5,28.0,0.0,0.0,0.7,12.25
Roasted Vegetables,Base.PanFriedVegetables2,Base.CannedCarrots_Open,8,false,false,0.2,25.0,6.0,0.15,0.6,0.14,29.166667
Roasted Vegetables,Base.PanFriedVegetables2,Base.CannedChiliOpen,16,false,false,1.0,260.0,33.0,7.0,16.0,0.7,303.333333
Roasted Vegetables,Base.PanFriedVegetables2,Base.CannedCornOpen,16,false,false,1.0,315.0,70.0,1.75,7.0,0.7,367.5
Roasted Vegetables,Base.PanFriedVegetables2,Base.CannedCornedBeefOpen,12,false,false,0.5,360.0,0.0,24.0,39.0,0.35,420.0
Roasted Vegetables,Base.PanFriedVegetables2,Base.CannedEggplant_Open,16,false,false,0.333333,114.0,27.0,0.8,4.5,0.233333,133.0
Roasted Vegetables,Base.PanFriedVegetables2,Base.CannedLeek_Open,12,false,false,0.25,54.0,140.0,0.3,3.8,0.175,63.0
Roasted Vegetables,Base.PanFriedVegetables2,Base.CannedMushroomSoupOpen,10,false,false,1.0,160.0,19.0,8.0,3.0,0.7,186.666667
Roasted Vegetables,Base.PanFriedVegetables2,Base.CannedPeasOpen,16,false,false,1.0,280.0,52.5,0.0,14.0,0.7,326.666667
Roasted Vegetables,Base.PanFriedVegetables2,Base.CannedPotatoOpen,18,false,false,1.0,175.0,35.0,0.0,2.5,0.7,204.166667
Roasted Vegetables,Base.PanFriedVegetables2,Base.CannedPotato_Open,18,false,false,0.375,78.75,16.875,0.16875,3.375,0.2625,91.875
Roasted Vegetables,Base.PanFriedVegetables2,Base.CannedRedRadish_Open,3,false,false,0.066667,1.0,0.15,0.0,0.0,0.046667,1.166667
Roasted Vegetables,Base.PanFriedVegetables2,Base.CannedSardinesOpen,14,false,false,1.0,150.0,0.0,11.0,14.0,0.7,175.0
Roasted Vegetables,Base.PanFriedVegetables2,Base.CannedTomatoOpen,12,false,false,1.0,90.0,18.0,0.0,3.0,0.7,105.0
Roasted Vegetables,Base.PanFriedVegetables2,Base.CannedTomato_Open,12,false,false,0.25,14.0,3.5,0.2,1.3,0.175,16.333333
Roasted Vegetables,Base.PanFriedVegetables2,Base.Capers,1,false,true,0.0,0.0,0.0,0.0,0.0,0.0,0.0
Roasted Vegetables,Base.PanFriedVegetables2,Base.Carrots,8,false,false,1.0,25.0,6.0,0.15,0.6,0.7,29.166667
Roasted Vegetables,Base.PanFriedVegetables2,Base.Cauliflower,9,false,false,1.0,24.0,3.0,0.0,4.0,0.7,28.0
Roasted Vegetables,Base.PanFriedVegetables2,Base.Chicken,30,false,false,0.909091,209.090909,0.0,8.181818,34.545455,0.636364,243.939394
Roasted Vegetables,Base.PanFriedVegetables2,Base.ChickenFillet,18,false,false,0.6,138.0,0.0,5.4,22.8,0.42,161.0
Roasted Vegetables,Base.PanFriedVegetables2,Base.ChickenWings,15,false,false,0.789474,150.0,0.0,4.736842,17.368421,0.552632,175.0
Roasted Vegetables,Base.PanFriedVegetables2,Base.Chives,1,false,true,0.0,0.0,0.0,0.0,0.0,0.0,0.0
Roasted Vegetables,Base.PanFriedVegetables2,Base.ChivesDried,1,false,true,0.0,0.0,0.0,0.0,0.0,0.0,0.0
Roasted Vegetables,Base.PanFriedVegetables2,Base.Cilantro,1,false,true,0.0,0.0,0.0,0.0,0.0,0.0,0.0
Roasted Vegetables,Base.PanFriedVegetables2,Base.CilantroDried,1,false,true,0.0,0.0,0.0,0.0,0.0,0.0,0.0
Roasted Vegetables,Base.PanFriedVegetables2,Base.CilantroSeed,1,false,true,0.0,0.0,0.0,0.0,0.0,0.0,0.0
Roasted Vegetables,Base.PanFriedVegetables2,Base.CommonMallow,1,false,true,0.0,0.0,0.0,0.0,0.0,0.0,0.0
Roasted Vegetables,Base.PanFriedVegetables2,Base.Corn,14,false,false,1.0,88.0,26.74,1.93,4.68,0.7,102.666667
Roasted Vegetables,Base.PanFriedVegetables2,Base.CornFrozen,10,false,false,0.5,198.0,47.0,2.5,7.5,0.35,231.0
Roasted Vegetables,Base.PanFriedVegetables2,Base.Crayfish,10,false,false,1.0,40.0,0.0,2.0,8.0,0.7,46.666667
Roasted Vegetables,Base.PanFriedVegetables2,Base.Cucumber,10,false,false,1.0,33.0,6.1,0.63,2.37,0.7,38.5
Roasted Vegetables,Base.PanFriedVegetables2,Base.Daikon,12,false,false,1.0,54.0,12.59,0.27,1.34,0.7,63.0
Roasted Vegetables,Base.PanFriedVegetables2,Base.DeadBird,10,false,false,0.666667,107.333333,0.333333,1.333333,14.666667,0.466667,125.222222
Roasted Vegetables,Base.PanFriedVegetables2,Base.DeadMouse,10,false,false,1.0,220.0,0.7,3.15,9.5,0.7,256.666667
Roasted Vegetables,Base.PanFriedVegetables2,Base.DeadMousePups,5,false,false,1.0,110.0,0.35,1.58,4.2,0.7,128.333333
Roasted Vegetables,Base.PanFriedVegetables2,Base.DeadMousePupsSkinned,5,false,false,1.0,110.0,0.35,1.58,4.2,0.7,128.333333
Roasted Vegetables,Base.PanFriedVegetables2,Base.DeadMouseSkinned,10,false,false,1.0,220.0,0.7,3.15,9.5,0.7,256.666667
Roasted Vegetables,Base.PanFriedVegetables2,Base.DeadRat,15,false,false,0.681818,220.909091,0.0,10.909091,27.272727,0.477273,257.727273
Roasted Vegetables,Base.PanFriedVegetables2,Base.DeadRatBaby,10,false,false,0.833333,145.5,0.0,7.166667,18.0,0.583333,169.75
Roasted Vegetables,Base.PanFriedVegetables2,Base.DeadRatBabySkinned,10,false,false,0.833333,145.5,0.0,7.166667,18.0,0.583333,169.75
Roasted Vegetables,Base.PanFriedVegetables2,Base.DeadRatSkinned,15,false,false,0.681818,220.909091,0.0,10.909091,27.272727,0.477273,257.727273
Roasted Vegetables,Base.PanFriedVegetables2,Base.DeadSquirrel,15,false,false,0.46875,225.0,0.0,7.03125,39.75,0.328125,262.5
Roasted Vegetables,Base.PanFriedVegetables2,Base.Dip_NachoCheese,4,false,true,0.0,0.0,0.0,0.0,0.0,0.0,0.0
Roasted Vegetables,Base.PanFriedVegetables2,Base.Dip_Ranch,4,false,true,0.0,0.0,0.0,0.0,0.0,0.0,0.0
Roasted Vegetables,Base.PanFriedVegetables2,Base.Dip_Salsa,4,false,true,0.0,0.0,0.0,0.0,0.0,0.0,0.0
Roasted Vegetables,Base.PanFriedVegetables2,Base.Edamame,5,false,false,1.0,25.0,10.45,0.45,3.95,0.7,29.166667
Roasted Vegetables,Base.PanFriedVegetables2,Base.Egg,7,false,false,1.0,63.0,0.32,4.18,5.55,0.7,73.5
Roasted Vegetables,Base.PanFriedVegetables2,Base.Eggplant,16,false,false,1.0,114.0,27.0,0.8,4.5,0.7,133.0
Roasted Vegetables,Base.PanFriedVegetables2,Base.FishFillet,15,false,false,0.6,123.0,0.6,7.2,17.112,0.42,143.5
Roasted Vegetables,Base.PanFriedVegetables2,Base.FishFried,15,false,false,0.5,105.0,3.5,6.0,8.0,0.35,122.5
Roasted Vegetables,Base.PanFriedVegetables2,Base.FrogMeat,10,false,false,1.0,66.0,0.0,0.28,14.6,0.7,77.0
Roasted Vegetables,Base.PanFriedVegetables2,Base.Garlic,1,false,true,0.0,0.0,0.0,0.0,0.0,0.0,0.0
Roasted Vegetables,Base.PanFriedVegetables2,Base.GingerPickled,1,false,true,0.0,0.0,0.0,0.0,0.0,0.0,0.0
Roasted Vegetables,Base.PanFriedVegetables2,Base.GingerRoot,2,false,true,0.0,0.0,0.0,0.0,0.0,0.0,0.0
Roasted Vegetables,Base.PanFriedVegetables2,Base.GreenOnions,1,false,true,0.0,0.0,0.0,0.0,0.0,0.0,0.0
Roasted Vegetables,Base.PanFriedVegetables2,Base.Greenpeas,4,false,false,1.0,70.0,13.125,0.0,3.5,0.7,81.666667
Roasted Vegetables,Base.PanFriedVegetables2,Base.Hotdog_single,10,false,false,1.0,65.0,1.25,2.0,1.25,0.7,75.833333
Roasted Vegetables,Base.PanFriedVegetables2,Base.Hotsauce,4,false,true,0.0,0.0,0.0,0.0,0.0,0.0,0.0
Roasted Vegetables,Base.PanFriedVegetables2,Base.Kale,8,false,false,0.5,89.0,20.705,0.355,4.57,0.35,103.833333
Roasted Vegetables,Base.PanFriedVegetables2,Base.Lard,4,false,true,0.0,0.0,0.0,0.0,0.0,0.0,0.0
Roasted Vegetables,Base.PanFriedVegetables2,Base.Leek,12,false,false,1.0,54.0,140.0,0.3,1.3,0.7,63.0
Roasted Vegetables,Base.PanFriedVegetables2,Base.Lemon,5,false,true,0.0,0.0,0.0,0.0,0.0,0.0,0.0
Roasted Vegetables,Base.PanFriedVegetables2,Base.LemonGrass,1,false,true,0.0,0.0,0.0,0.0,0.0,0.0,0.0
Roasted Vegetables,Base.PanFriedVegetables2,Base.Lime,5,false,true,0.0,0.0,0.0,0.0,0.0,0.0,0.0
Roasted Vegetables,Base.PanFriedVegetables2,Base.Lobster,20,false,false,0.5,60.0,0.0,3.5,14.0,0.35,70.0
Roasted Vegetables,Base.PanFriedVegetables2,Base.Margarine,4,false,true,0.0,0.0,0.0,0.0,0.0,0.0,0.0
Roasted Vegetables,Base.PanFriedVegetables2,Base.MincedMeat,20,false,false,0.5,150.0,0.0,15.0,23.0,0.35,175.0
Roasted Vegetables,Base.PanFriedVegetables2,Base.MixedVegetables,10,false,false,0.5,135.5,18.5,0.0,4.5,0.35,158.083333
Roasted Vegetables,Base.PanFriedVegetables2,Base.MushroomGeneric1,13,false,false,1.0,30.0,2.12,0.24,2.04,0.7,35.0
Roasted Vegetables,Base.PanFriedVegetables2,Base.MushroomGeneric2,13,false,false,1.0,30.0,2.12,0.24,2.04,0.7,35.0
Roasted Vegetables,Base.PanFriedVegetables2,Base.MushroomGeneric3,15,false,false,1.0,32.0,2.56,0.32,2.36,0.7,37.333333
Roasted Vegetables,Base.PanFriedVegetables2,Base.MushroomGeneric4,13,false,false,1.0,30.0,2.12,0.24,2.04,0.7,35.0
Roasted Vegetables,Base.PanFriedVegetables2,Base.MushroomGeneric5,15,false,false,1.0,32.0,2.56,0.32,2.36,0.7,37.333333
Roasted Vegetables,Base.PanFriedVegetables2,Base.MushroomGeneric6,13,false,false,1.0,30.0,2.12,0.24,2.04,0.7,35.0
Roasted Vegetables,Base.PanFriedVegetables2,Base.MushroomGeneric7,13,false,false,1.0,32.0,2.12,0.24,2.04,0.7,37.333333
Roasted Vegetables,Base.PanFriedVegetables2,Base.MushroomsButton,7,false,false,1.0,15.0,1.06,0.12,1.02,0.7,17.5
Roasted Vegetables,Base.PanFriedVegetables2,Base.MuttonChop,15,false,false,0.5,117.0,0.04,5.5,16.5,0.35,136.5
Roasted Vegetables,Base.PanFriedVegetables2,Base.OilOlive,2,false,true,0.0,0.0,0.0,0.0,0.0,0.0,0.0
Roasted Vegetables,Base.PanFriedVegetables2,Base.OilVegetable,2,false,true,0.0,0.0,0.0,0.0,0.0,0.0,0.0
Roasted Vegetables,Base.PanFriedVegetables2,Base.Onion,5,false,false,0.5,14.0,3.27,0.035,0.385,0.35,16.333333
Roasted Vegetables,Base.PanFriedVegetables2,Base.Oregano,1,false,true,0.0,0.0,0.0,0.0,0.0,0.0,0.0
Roasted Vegetables,Base.PanFriedVegetables2,Base.OreganoDried,1,false,true,0.0,0.0,0.0,0.0,0.0,0.0,0.0
Roasted Vegetables,Base.PanFriedVegetables2,Base.Oysters,5,false,false,1.0,15.0,10.0,4.0,22.0,0.7,17.5
Roasted Vegetables,Base.PanFriedVegetables2,Base.OystersFried,6,false,false,1.0,25.0,11.0,4.0,20.0,0.7,29.166667
Roasted Vegetables,Base.PanFriedVegetables2,Base.Parsley,1,false,true,0.0,0.0,0.0,0.0,0.0,0.0,0.0
Roasted Vegetables,Base.PanFriedVegetables2,Base.ParsleyDried,1,false,true,0.0,0.0,0.0,0.0,0.0,0.0,0.0
Roasted Vegetables,Base.PanFriedVegetables2,Base.PeanutButter,5,false,false,0.2,532.0,25.6,44.8,16.8,0.14,620.666667
Roasted Vegetables,Base.PanFriedVegetables2,Base.Peanuts,8,false,false,1.0,161.0,4.57,13.96,7.31,0.7,187.833333
Roasted Vegetables,Base.PanFriedVegetables2,Base.Peas,10,false,false,0.5,59.5,10.225,0.425,3.975,0.35,69.416667
Roasted Vegetables,Base.PanFriedVegetables2,Base.Pepper,1,false,true,0.0,0.0,0.0,0.0,0.0,0.0,0.0
Roasted Vegetables,Base.PanFriedVegetables2,Base.PepperHabanero,2,false,true,0.0,0.0,0.0,0.0,0.0,0.0,0.0
Roasted Vegetables,Base.PanFriedVegetables2,Base.PepperHabaneroDried,1,false,true,0.0,0.0,0.0,0.0,0.0,0.0,0.0
Roasted Vegetables,Base.PanFriedVegetables2,Base.PepperJalapeno,2,false,true,0.0,0.0,0.0,0.0,0.0,0.0,0.0
Roasted Vegetables,Base.PanFriedVegetables2,Base.PepperJalapenoDried,1,false,true,0.0,0.0,0.0,0.0,0.0,0.0,0.0
Roasted Vegetables,Base.PanFriedVegetables2,Base.Pepperoni,20,false,false,1.0,180.0,0.0,4.35,15.62,0.7,210.0
Roasted Vegetables,Base.PanFriedVegetables2,Base.Pork,15,false,false,0.25,75.0,0.0,3.0,12.5,0.175,87.5
Roasted Vegetables,Base.PanFriedVegetables2,Base.PorkChop,15,false,false,0.5,75.0,0.0,3.0,12.5,0.35,87.5
Roasted Vegetables,Base.PanFriedVegetables2,Base.Potato,18,false,false,1.0,70.0,15.0,0.15,3.0,0.7,81.666667
Roasted Vegetables,Base.PanFriedVegetables2,Base.PowderedGarlic,1,false,true,0.0,0.0,0.0,0.0,0.0,0.0,0.0
Roasted Vegetables,Base.PanFriedVegetables2,Base.PowderedOnion,1,false,true,0.0,0.0,0.0,0.0,0.0,0.0,0.0
Roasted Vegetables,Base.PanFriedVegetables2,Base.Pumpkin,20,false,false,0.5,202.0,10.225,10.305,17.265,0.35,235.666667
Roasted Vegetables,Base.PanFriedVegetables2,Base.PumpkinSliced,4,false,false,1.0,40.0,2.04,2.06,3.45,0.7,46.666667
Roasted Vegetables,Base.PanFriedVegetables2,Base.PumpkinSmashed,8,false,false,1.0,80.0,4.09,4.12,6.9,0.7,93.333333
Roasted Vegetables,Base.PanFriedVegetables2,Base.Rabbitmeat,15,false,false,0.5,484.5,10.0,10.0,92.5,0.35,565.25
Roasted Vegetables,Base.PanFriedVegetables2,Base.Ramen,10,false,false,1.0,52.0,0.0,14.0,10.0,0.7,60.666667
Roasted Vegetables,Base.PanFriedVegetables2,Base.RedRadish,3,false,false,1.0,1.0,0.15,0.0,0.0,0.7,1.166667
Roasted Vegetables,Base.PanFriedVegetables2,Base.RiceVinegar,2,false,true,0.0,0.0,0.0,0.0,0.0,0.0,0.0
Roasted Vegetables,Base.PanFriedVegetables2,Base.Rosemary,1,false,true,0.0,0.0,0.0,0.0,0.0,0.0,0.0
Roasted Vegetables,Base.PanFriedVegetables2,Base.RosemaryDried,1,false,true,0.0,0.0,0.0,0.0,0.0,0.0,0.0
Roasted Vegetables,Base.PanFriedVegetables2,Base.Sage,1,false,true,0.0,0.0,0.0,0.0,0.0,0.0,0.0
Roasted Vegetables,Base.PanFriedVegetables2,Base.SageDried,1,false,true,0.0,0.0,0.0,0.0,0.0,0.0,0.0
Roasted Vegetables,Base.PanFriedVegetables2,Base.SalamiSlice,4,false,false,1.0,66.0,0.4,5.2,4.4,0.7,77.0
Roasted Vegetables,Base.PanFriedVegetables2,Base.Salmon,15,false,false,0.5,135.0,0.0,5.275,17.14,0.35,157.5
Roasted Vegetables,Base.PanFriedVegetables2,Base.Salt,1,false,true,0.0,0.0,0.0,0.0,0.0,0.0,0.0
Roasted Vegetables,Base.PanFriedVegetables2,Base.Sausage,20,false,false,1.0,180.0,0.0,4.35,15.62,0.7,210.0
Roasted Vegetables,Base.PanFriedVegetables2,Base.SeasoningSalt,1,false,true,0.0,0.0,0.0,0.0,0.0,0.0,0.0
Roasted Vegetables,Base.PanFriedVegetables2,Base.Seasoning_Basil,1,false,true,0.0,0.0,0.0,0.0,0.0,0.0,0.0
Roasted Vegetables,Base.PanFriedVegetables2,Base.Seasoning_Chives,1,false,true,0.0,0.0,0.0,0.0,0.0,0.0,0.0
Roasted Vegetables,Base.PanFriedVegetables2,Base.Seasoning_Cilantro,1,false,true,0.0,0.0,0.0,0.0,0.0,0.0,0.0
Roasted Vegetables,Base.PanFriedVegetables2,Base.Seasoning_Oregano,1,false,true,0.0,0.0,0.0,0.0,0.0,0.0,0.0
Roasted Vegetables,Base.PanFriedVegetables2,Base.Seasoning_Parsley,1,false,true,0.0,0.0,0.0,0.0,0.0,0.0,0.0
Roasted Vegetables,Base.PanFriedVegetables2,Base.Seasoning_Rosemary,1,false,true,0.0,0.0,0.0,0.0,0.0,0.0,0.0
Roasted Vegetables,Base.PanFriedVegetables2,Base.Seasoning_Sage,1,false,true,0.0,0.0,0.0,0.0,0.0,0.0,0.0
Roasted Vegetables,Base.PanFriedVegetables2,Base.Seasoning_Thyme,1,false,true,0.0,0.0,0.0,0.0,0.0,0.0,0.0
Roasted Vegetables,Base.PanFriedVegetables2,Base.SesameOil,2,false,true,0.0,0.0,0.0,0.0,0.0,0.0,0.0
Roasted Vegetables,Base.PanFriedVegetables2,Base.Shrimp,10,false,false,1.0,80.0,0.0,7.0,10.0,0.7,93.333333
Roasted Vegetables,Base.PanFriedVegetables2,Base.ShrimpFried,15,false,false,1.0,160.0,17.0,14.0,16.0,0.7,186.666667
Roasted Vegetables,Base.PanFriedVegetables2,Base.ShrimpFriedCraft,15,false,false,1.0,160.0,17.0,14.0,16.0,0.7,186.666667
Roasted Vegetables,Base.PanFriedVegetables2,Base.Smallanimalmeat,15,false,false,1.0,201.0,5.0,7.25,45.0,0.7,234.5
Roasted Vegetables,Base.PanFriedVegetables2,Base.Smallbirdmeat,15,false,false,1.0,261.0,5.0,8.25,90.0,0.7,304.5
Roasted Vegetables,Base.PanFriedVegetables2,Base.Snail,1,false,false,1.0,90.0,2.11,1.9,17.41,0.7,105.0
Roasted Vegetables,Base.PanFriedVegetables2,Base.Soybeans,5,false,false,1.0,25.0,10.45,0.45,3.95,0.7,29.166667
Roasted Vegetables,Base.PanFriedVegetables2,Base.SoybeansSeed,5,false,false,1.0,5.0,2.0,0.1,0.8,0.7,5.833333
Roasted Vegetables,Base.PanFriedVegetables2,Base.Soysauce,2,false,true,0.0,0.0,0.0,0.0,0.0,0.0,0.0
Roasted Vegetables,Base.PanFriedVegetables2,Base.Squash,20,false,false,1.0,202.0,10.22,10.3,17.26,0.7,235.666667
Roasted Vegetables,Base.PanFriedVegetables2,Base.Squid,15,false,false,0.5,102.5,0.5,6.5,16.26,0.35,119.583333
Roasted Vegetables,Base.PanFriedVegetables2,Base.SquidCalamari,10,false,false,1.0,105.0,3.0,0.0,18.0,0.7,122.5
Roasted Vegetables,Base.PanFriedVegetables2,Base.Steak,20,false,false,0.5,110.0,0.0,4.675,15.81,0.35,128.333333
Roasted Vegetables,Base.PanFriedVegetables2,Base.SweetPotato,18,false,false,1.0,70.0,14.52,0.15,2.88,0.7,81.666667
Roasted Vegetables,Base.PanFriedVegetables2,Base.Thyme,1,false,true,0.0,0.0,0.0,0.0,0.0,0.0,0.0
Roasted Vegetables,Base.PanFriedVegetables2,Base.ThymeDried,1,false,true,0.0,0.0,0.0,0.0,0.0,0.0,0.0
Roasted Vegetables,Base.PanFriedVegetables2,Base.Tofu,10,false,false,1.0,30.0,1.0,1.0,5.0,0.7,35.0
Roasted Vegetables,Base.PanFriedVegetables2,Base.TofuFried,15,false,false,1.0,35.0,3.0,1.0,5.0,0.7,40.833333
Roasted Vegetables,Base.PanFriedVegetables2,Base.Tomato,12,false,false,1.0,14.0,3.5,0.2,1.3,0.7,16.333333
Roasted Vegetables,Base.PanFriedVegetables2,Base.TomatoPaste,3,false,true,0.0,0.0,0.0,0.0,0.0,0.0,0.0
Roasted Vegetables,Base.PanFriedVegetables2,Base.TunaTinOpen,18,false,false,1.0,370.0,0.0,34.0,15.0,0.7,431.666667
Roasted Vegetables,Base.PanFriedVegetables2,Base.TurkeyEgg,10,false,false,1.0,71.0,0.37,4.54,5.78,0.7,82.833333
Roasted Vegetables,Base.PanFriedVegetables2,Base.TurkeyFillet,20,false,false,0.4,92.0,0.0,4.0,12.8,0.28,107.333333
Roasted Vegetables,Base.PanFriedVegetables2,Base.TurkeyLegs,31,false,false,0.738095,169.761905,0.0,6.642857,28.047619,0.516667,198.055556
Roasted Vegetables,Base.PanFriedVegetables2,Base.TurkeyWings,25,false,false,0.833333,166.666667,0.0,8.333333,26.666667,0.583333,194.444444
Roasted Vegetables,Base.PanFriedVegetables2,Base.Turnip,18,false,false,1.0,70.0,14.52,0.15,2.88,0.7,81.666667
Roasted Vegetables,Base.PanFriedVegetables2,Base.Venison,20,false,false,0.25,110.0,0.0,4.675,15.655,0.175,128.333333
Roasted Vegetables,Base.PanFriedVegetables2,Base.Vinegar2,1,false,true,0.0,0.0,0.0,0.0,0.0,0.0,0.0
Roasted Vegetables,Base.PanFriedVegetables2,Base.Vinegar_Jug,1,false,true,0.0,0.0,0.0,0.0,0.0,0.0,0.0
Roasted Vegetables,Base.PanFriedVegetables2,Base.Wasabi,1,false,true,0.0,0.0,0.0,0.0,0.0,0.0,0.0
Roasted Vegetables,Base.PanFriedVegetables2,Base.WildEggs,7,false,false,1.0,63.0,0.32,4.18,5.55,0.7,73.5
Roasted Vegetables,Base.PanFriedVegetables2,Base.WildGarlic2,1,false,true,0.0,0.0,0.0,0.0,0.0,0.0,0.0
Roasted Vegetables,Base.PanFriedVegetables2,Base.WildGarlicDried,1,false,true,0.0,0.0,0.0,0.0,0.0,0.0,0.0
Roasted Vegetables,Base.PanFriedVegetables2,Base.Zucchini,10,false,false,1.0,33.0,6.1,0.63,2.37,0.7,38.5
Salad,Base.Salad,Base.Apple,8,false,false,0.5,47.5,12.565,0.155,0.235,0.35,55.416667
Salad,Base.Salad,Base.Avocado,16,false,false,1.0,227.0,11.75,20.96,2.67,0.7,264.833333
Salad,Base.Salad,Base.BaconBits,1,true,true,0.0,0.0,0.0,0.0,0.0,0.0,0.0
Salad,Base.Salad,Base.BaconRashers,4,true,false,1.0,40.0,0.0,3.5,2.5,0.7,46.666667
Salad,Base.Salad,Base.Baguette,5,false,false,0.217391,115.652174,21.521739,1.447826,3.847826,0.152174,134.927536
Salad,Base.Salad,Base.BalsamicVinegar,2,false,true,0.0,0.0,0.0,0.0,0.0,0.0,0.0
Salad,Base.Salad,Base.Basil,1,false,true,0.0,0.0,0.0,0.0,0.0,0.0,0.0
Salad,Base.Salad,Base.BasilDried,1,false,true,0.0,0.0,0.0,0.0,0.0,0.0,0.0
Salad,Base.Salad,Base.BeanBowl,8,false,false,0.333333,56.666667,11.0,0.333333,2.333333,0.233333,66.111111
Salad,Base.Salad,Base.Beef,10,true,false,0.125,55.0,0.0,2.3375,7.8275,0.0875,64.166667
Salad,Base.Salad,Base.BeefJerky,5,false,false,0.25,102.5,2.75,6.5,8.25,0.175,119.583333
Salad,Base.Salad,Base.BellPepper,4,false,false,0.5,15.0,3.5,0.0,0.5,0.35,17.5
Salad,Base.Salad,Base.Blackbeans,5,false,false,0.5,22.5,5.225,0.225,1.975,0.35,26.25
Salad,Base.Salad,Base.Bread,5,false,false,0.166667,88.666667,16.5,1.11,2.95,0.116667,103.444444
Salad,Base.Salad,Base.BreadSlices,5,false,false,0.5,88.5,16.5,1.11,2.95,0.35,103.25
Salad,Base.Salad,Base.Broccoli,9,false,false,1.0,11.0,2.0,0.1,0.9,0.7,12.833333
Salad,Base.Salad,Base.BrusselSprouts,9,true,false,0.45,53.55,9.2025,0.3825,3.5775,0.315,62.475
Salad,Base.Salad,Base.BunsHamburger_single,5,false,false,0.5,88.5,16.5,1.11,2.95,0.35,103.25
Salad,Base.Salad,Base.BunsHotdog_single,5,false,false,0.5,88.5,16.5,1.11,2.95,0.35,103.25
Salad,Base.Salad,Base.Cabbage,12,false,false,0.5,90.0,20.5,0.35,4.5,0.35,105.0
Salad,Base.Salad,Base.CannedBellPepper_Open,4,false,false,0.083333,15.0,3.5,0.0,0.5,0.058333,17.5
Salad,Base.Salad,Base.CannedBroccoli_Open,9,false,false,0.2,11.0,2.0,0.1,0.9,0.14,12.833333
Salad,Base.Salad,Base.CannedCabbage_Open,12,false,false,0.25,90.0,20.5,0.35,4.5,0.175,105.0
Salad,Base.Salad,Base.CannedCarrotsOpen,6,false,false,0.5,5.25,14.0,0.0,0.0,0.35,6.125
Salad,Base.Salad,Base.CannedCarrots_Open,4,false,false,0.1,12.5,3.0,0.075,0.3,0.07,14.583333
Salad,Base.Salad,Base.CannedCornOpen,16,false,false,1.0,315.0,70.0,1.75,7.0,0.7,367.5
Salad,Base.Salad,Base.CannedCornedBeefOpen,12,false,false,0.5,360.0,0.0,24.0,39.0,0.35,420.0
Salad,Base.Salad,Base.CannedEggplant_Open,8,false,false,0.166667,57.0,13.5,0.4,2.25,0.116667,66.5
Salad,Base.Salad,Base.CannedLeek_Open,6,false,false,0.125,27.0,70.0,0.15,1.9,0.0875,31.5
Salad,Base.Salad,Base.CannedMushroomSoupOpen,10,false,false,1.0,160.0,19.0,8.0,3.0,0.7,186.666667
Salad,Base.Salad,Base.CannedPotatoOpen,9,false,false,0.5,87.5,17.5,0.0,1.25,0.35,102.083333
Salad,Base.Salad,Base.CannedPotato_Open,9,true,false,0.1875,39.375,8.4375,0.084375,1.6875,0.13125,45.9375
Salad,Base.Salad,Base.CannedRedRadish_Open,3,false,false,0.066667,1.0,0.15,0.0,0.0,0.046667,1.166667
Salad,Base.Salad,Base.CannedRoe_Open,2,false,false,0.2,30.0,0.0,2.2,2.8,0.14,35.0
Salad,Base.Salad,Base.CannedTomatoOpen,6,false,false,0.5,45.0,9.0,0.0,1.5,0.35,52.5
Salad,Base.Salad,Base.CannedTomato_Open,6,false,false,0.125,7.0,1.75,0.1,0.65,0.0875,8.166667
Salad,Base.Salad,Base.Capers,1,false,true,0.0,0.0,0.0,0.0,0.0,0.0,0.0
Salad,Base.Salad,Base.Carrots,4,false,false,0.5,12.5,3.0,0.075,0.3,0.35,14.583333
Salad,Base.Salad,Base.Cauliflower,9,false,false,1.0,24.0,3.0,0.0,4.0,0.7,28.0
Salad,Base.Salad,Base.Chamomile,1,false,true,0.0,0.0,0.0,0.0,0.0,0.0,0.0
Salad,Base.Salad,Base.Cheese,5,false,false,0.333333,37.666667,0.29,3.11,2.133333,0.233333,43.944444
Salad,Base.Salad,Base.Chicken,10,true,false,0.30303,69.69697,0.0,2.727273,11.515152,0.212121,81.313131
Salad,Base.Salad,Base.ChickenFillet,6,true,false,0.2,46.0,0.0,1.8,7.6,0.14,53.666667
Salad,Base.Salad,Base.ChickenFried,15,false,false,1.0,260.0,17.0,14.0,16.0,0.7,303.333333
Salad,Base.Salad,Base.ChickenNuggets,5,false,false,0.5,115.0,5.1,4.05,13.2205,0.35,134.166667
Salad,Base.Salad,Base.ChickenWings,15,true,false,0.789474,150.0,0.0,4.736842,17.368421,0.552632,175.0
Salad,Base.Salad,Base.Chives,1,false,true,0.0,0.0,0.0,0.0,0.0,0.0,0.0
Salad,Base.Salad,Base.ChivesDried,1,false,true,0.0,0.0,0.0,0.0,0.0,0.0,0.0
Salad,Base.Salad,Base.Cilantro,1,false,true,0.0,0.0,0.0,0.0,0.0,0.0,0.0
Salad,Base.Salad,Base.CilantroDried,1,false,true,0.0,0.0,0.0,0.0,0.0,0.0,0.0
Salad,Base.Salad,Base.CilantroSeed,1,false,true,0.0,0.0,0.0,0.0,0.0,0.0,0.0
Salad,Base.Salad,Base.CommonMallow,1,false,true,0.0,0.0,0.0,0.0,0.0,0.0,0.0
Salad,Base.Salad,Base.Corn,7,true,false,0.5,44.0,13.37,0.965,2.34,0.35,51.333333
Salad,Base.Salad,Base.Crayfish,10,true,false,1.0,40.0,0.0,2.0,8.0,0.7,46.666667
Salad,Base.Salad,Base.Cucumber,10,false,false,1.0,33.0,6.1,0.63,2.37,0.7,38.5
Salad,Base.Salad,Base.Daikon,4,false,false,0.333333,18.0,4.196667,0.09,0.446667,0.233333,21.0
Salad,Base.Salad,Base.Dandelions,5,false,false,1.0,25.0,5.0,0.5,1.5,0.7,29.166667
Salad,Base.Salad,Base.DeadBird,10,true,false,0.666667,107.333333,0.333333,1.333333,14.666667,0.466667,125.222222
Salad,Base.Salad,Base.DeadMouse,10,true,false,1.0,220.0,0.7,3.15,9.5,0.7,256.666667
Salad,Base.Salad,Base.DeadMousePups,5,true,false,1.0,110.0,0.35,1.58,4.2,0.7,128.333333
Salad,Base.Salad,Base.DeadMousePupsSkinned,5,true,false,1.0,110.0,0.35,1.58,4.2,0.7,128.333333
Salad,Base.Salad,Base.DeadMouseSkinned,10,true,false,1.0,220.0,0.7,3.15,9.5,0.7,256.666667
Salad,Base.Salad,Base.DeadRat,10,true,false,0.454545,147.272727,0.0,7.272727,18.181818,0.318182,171.818182
Salad,Base.Salad,Base.DeadRatBaby,10,true,false,0.833333,145.5,0.0,7.166667,18.0,0.583333,169.75
Salad,Base.Salad,Base.DeadRatBabySkinned,10,true,false,0.833333,145.5,0.0,7.166667,18.0,0.583333,169.75
Salad,Base.Salad,Base.DeadRatSkinned,10,true,false,0.454545,147.272727,0.0,7.272727,18.181818,0.318182,171.818182
Salad,Base.Salad,Base.DeadSquirrel,10,true,false,0.3125,150.0,0.0,4.6875,26.5,0.21875,175.0
Salad,Base.Salad,Base.DriedApricots,8,false,false,0.5,120.5,31.3,0.25,1.7,0.35,140.583333
Salad,Base.Salad,Base.Egg,7,true,false,1.0,63.0,0.32,4.18,5.55,0.7,73.5
Salad,Base.Salad,Base.EggBoiled,10,false,false,1.0,63.0,0.32,4.18,5.55,0.7,73.5
Salad,Base.Salad,Base.EggOmelette,20,false,false,1.0,120.0,0.52,6.18,10.55,0.7,140.0
Salad,Base.Salad,Base.EggPoached,10,false,false,1.0,63.0,0.32,4.18,5.55,0.7,73.5
Salad,Base.Salad,Base.EggScrambled,20,false,false,1.0,120.0,0.52,6.18,10.55,0.7,140.0
Salad,Base.Salad,Base.Eggplant,8,true,false,0.5,57.0,13.5,0.4,2.25,0.35,66.5
Salad,Base.Salad,Base.FishFillet,10,true,false,0.4,82.0,0.4,4.8,11.408,0.28,95.666667
Salad,Base.Salad,Base.FishFingers,5,false,false,0.5,115.0,5.1,4.05,13.2205,0.35,134.166667
Salad,Base.Salad,Base.FishFried,10,false,false,0.333333,70.0,2.333333,4.0,5.333333,0.233333,81.666667
Salad,Base.Salad,Base.FishRoe,2,false,true,0.0,0.0,0.0,0.0,0.0,0.0,0.0
Salad,Base.Salad,Base.FlaxSeed,1,false,true,0.0,0.0,0.0,0.0,0.0,0.0,0.0
Salad,Base.Salad,Base.FourLeafClover,1,false,true,0.0,0.0,0.0,0.0,0.0,0.0,0.0
Salad,Base.Salad,Base.FriedOnionRings,5,false,false,0.5,100.0,11.0,6.0,1.0,0.35,116.666667
Salad,Base.Salad,Base.FriedOnionRingsCraft,5,true,false,0.5,100.0,11.0,6.0,1.0,0.35,116.666667
Salad,Base.Salad,Base.FrogMeat,10,true,false,1.0,66.0,0.0,0.28,14.6,0.7,77.0
Salad,Base.Salad,Base.Garlic,1,false,true,0.0,0.0,0.0,0.0,0.0,0.0,0.0
Salad,Base.Salad,Base.GingerPickled,1,false,true,0.0,0.0,0.0,0.0,0.0,0.0,0.0
Salad,Base.Salad,Base.GingerRoot,1,false,true,0.0,0.0,0.0,0.0,0.0,0.0,0.0
Salad,Base.Salad,Base.GrapeLeaves,4,false,false,1.0,73.0,11.0,2.0,4.0,0.7,85.166667
Salad,Base.Salad,Base.Grapefruit,10,false,false,0.5,7.5,50.555,1.89,8.78,0.35,8.75
Salad,Base.Salad,Base.Grapes,5,false,false,0.333333,20.666667,5.26,0.106667,0.193333,0.233333,24.111111
Salad,Base.Salad,Base.GreenOnions,1,false,true,0.0,0.0,0.0,0.0,0.0,0.0,0.0
Salad,Base.Salad,Base.HamSlice,10,false,false,1.0,260.0,15.16,13.0,19.5,0.7,303.333333
Salad,Base.Salad,Base.Kale,8,false,false,0.5,89.0,20.705,0.355,4.57,0.35,103.833333
Salad,Base.Salad,Base.Lavender,1,false,true,0.0,0.0,0.0,0.0,0.0,0.0,0.0
Salad,Base.Salad,Base.LavenderPetalsDried,1,false,true,0.0,0.0,0.0,0.0,0.0,0.0,0.0
Salad,Base.Salad,Base.Leek,6,false,false,0.5,27.0,70.0,0.15,0.65,0.35,31.5
Salad,Base.Salad,Base.Lettuce,5,false,false,0.333333,18.0,3.443333,0.18,1.633333,0.233333,21.0
Salad,Base.Salad,Base.Lobster,5,true,false,0.125,15.0,0.0,0.875,3.5,0.0875,17.5
Salad,Base.Salad,Base.Marigold,1,false,true,0.0,0.0,0.0,0.0,0.0,0.0,0.0
Salad,Base.Salad,Base.MayonnaiseFull,2,false,true,0.0,0.0,0.0,0.0,0.0,0.0,0.0
Salad,Base.Salad,Base.MushroomGeneric1,13,false,false,1.0,30.0,2.12,0.24,2.04,0.7,35.0
Salad,Base.Salad,Base.MushroomGeneric2,13,false,false,1.0,30.0,2.12,0.24,2.04,0.7,35.0
Salad,Base.Salad,Base.MushroomGeneric3,15,false,false,1.0,32.0,2.56,0.32,2.36,0.7,37.333333
Salad,Base.Salad,Base.MushroomGeneric4,13,false,false,1.0,30.0,2.12,0.24,2.04,0.7,35.0
Salad,Base.Salad,Base.MushroomGeneric5,15,false,false,1.0,32.0,2.56,0.32,2.36,0.7,37.333333
Salad,Base.Salad,Base.MushroomGeneric6,13,false,false,1.0,30.0,2.12,0.24,2.04,0.7,35.0
Salad,Base.Salad,Base.MushroomGeneric7,13,false,false,1.0,32.0,2.12,0.24,2.04,0.7,37.333333
Salad,Base.Salad,Base.MushroomsButton,4,false,false,0.571429,8.571429,0.605714,0.068571,0.582857,0.4,10.0
Salad,Base.Salad,Base.Mustard,2,false,true,0.0,0.0,0.0,0.0,0.0,0.0,0.0
Salad,Base.Salad,Base.MuttonChop,10,true,false,0.333333,78.0,0.026667,3.666667,11.0,0.233333,91.0
Salad,Base.Salad,Base.Nettles,2,false,true,0.0,0.0,0.0,0.0,0.0,0.0,0.0
Salad,Base.Salad,Base.OilOlive,2,false,true,0.0,0.0,0.0,0.0,0.0,0.0,0.0
Salad,Base.Salad,Base.OilVegetable,2,false,true,0.0,0.0,0.0,0.0,0.0,0.0,0.0
Salad,Base.Salad,Base.Olives,1,false,true,0.0,0.0,0.0,0.0,0.0,0.0,0.0
Salad,Base.Salad,Base.Onion,2,false,false,0.2,5.6,1.308,0.014,0.154,0.14,6.533333
Salad,Base.Salad,Base.OpenBeans,8,false,false,0.333333,56.666667,11.0,0.333333,2.333333,0.233333,66.111111
Salad,Base.Salad,Base.Orange,6,false,false,0.5,32.5,8.135,0.15,0.5,0.35,37.916667
Salad,Base.Salad,Base.Oregano,1,false,true,0.0,0.0,0.0,0.0,0.0,0.0,0.0
Salad,Base.Salad,Base.OreganoDried,1,false,true,0.0,0.0,0.0,0.0,0.0,0.0,0.0
Salad,Base.Salad,Base.Oysters,5,true,false,1.0,15.0,10.0,4.0,22.0,0.7,17.5
Salad,Base.Salad,Base.OystersFried,6,true,false,1.0,25.0,11.0,4.0,20.0,0.7,29.166667
Salad,Base.Salad,Base.Parsley,1,false,true,0.0,0.0,0.0,0.0,0.0,0.0,0.0
Salad,Base.Salad,Base.ParsleyDried,1,false,true,0.0,0.0,0.0,0.0,0.0,0.0,0.0
Salad,Base.Salad,Base.Peanuts,4,false,false,0.5,80.5,2.285,6.98,3.655,0.35,93.916667
Salad,Base.Salad,Base.Pear,8,false,false,0.5,37.5,10.065,0.105,0.135,0.35,43.75
Salad,Base.Salad,Base.Peas,5,false,false,0.25,29.75,5.1125,0.2125,1.9875,0.175,34.708333
Salad,Base.Salad,Base.Pepper,1,false,true,0.0,0.0,0.0,0.0,0.0,0.0,0.0
Salad,Base.Salad,Base.PepperHabanero,1,false,true,0.0,0.0,0.0,0.0,0.0,0.0,0.0
Salad,Base.Salad,Base.PepperHabaneroDried,1,false,true,0.0,0.0,0.0,0.0,0.0,0.0,0.0
Salad,Base.Salad,Base.PepperJalapeno,1,false,true,0.0,0.0,0.0,0.0,0.0,0.0,0.0
Salad,Base.Salad,Base.PepperJalapenoDried,1,false,true,0.0,0.0,0.0,0.0,0.0,0.0,0.0
Salad,Base.Salad,Base.Pickles,2,false,true,0.0,0.0,0.0,0.0,0.0,0.0,0.0
Salad,Base.Salad,Base.PoppySeed,1,false,true,0.0,0.0,0.0,0.0,0.0,0.0,0.0
Salad,Base.Salad,Base.Pork,10,true,false,0.166667,50.0,0.0,2.0,8.333333,0.116667,58.333333
Salad,Base.Salad,Base.PorkChop,10,true,false,0.333333,50.0,0.0,2.0,8.333333,0.233333,58.333333
Salad,Base.Salad,Base.Potato,9,true,false,0.5,35.0,7.5,0.075,1.5,0.35,40.833333
Salad,Base.Salad,Base.PowderedGarlic,1,false,true,0.0,0.0,0.0,0.0,0.0,0.0,0.0
Salad,Base.Salad,Base.PowderedOnion,1,false,true,0.0,0.0,0.0,0.0,0.0,0.0,0.0
Salad,Base.Salad,Base.PumpkinSeed,1,false,true,0.0,0.0,0.0,0.0,0.0,0.0,0.0
Salad,Base.Salad,Base.Rabbitmeat,10,true,false,0.333333,323.0,6.666667,6.666667,61.666667,0.233333,376.833333
Salad,Base.Salad,Base.RedRadish,3,false,false,1.0,1.0,0.15,0.0,0.0,0.7,1.166667
Salad,Base.Salad,Base.RemouladeFull,2,false,true,0.0,0.0,0.0,0.0,0.0,0.0,0.0
Salad,Base.Salad,Base.RiceVinegar,2,false,true,0.0,0.0,0.0,0.0,0.0,0.0,0.0
Salad,Base.Salad,Base.RosePetalsDried,1,false,true,0.0,0.0,0.0,0.0,0.0,0.0,0.0
Salad,Base.Salad,Base.Rosehips,3,false,true,0.0,0.0,0.0,0.0,0.0,0.0,0.0
Salad,Base.Salad,Base.Roses,1,false,true,0.0,0.0,0.0,0.0,0.0,0.0,0.0
Salad,Base.Salad,Base.Salmon,10,true,false,0.333333,90.0,0.0,3.516667,11.426667,0.233333,105.0
Salad,Base.Salad,Base.Salt,1,false,true,0.0,0.0,0.0,0.0,0.0,0.0,0.0
Salad,Base.Salad,Base.SeasoningSalt,1,false,true,0.0,0.0,0.0,0.0,0.0,0.0,0.0
Salad,Base.Salad,Base.Seasoning_Basil,1,false,true,0.0,0.0,0.0,0.0,0.0,0.0,0.0
Salad,Base.Salad,Base.Seasoning_Chives,1,false,true,0.0,0.0,0.0,0.0,0.0,0.0,0.0
Salad,Base.Salad,Base.Seasoning_Cilantro,1,false,true,0.0,0.0,0.0,0.0,0.0,0.0,0.0
Salad,Base.Salad,Base.Seasoning_Oregano,1,false,true,0.0,0.0,0.0,0.0,0.0,0.0,0.0
Salad,Base.Salad,Base.Seasoning_Parsley,1,false,true,0.0,0.0,0.0,0.0,0.0,0.0,0.0
Salad,Base.Salad,Base.SesameOil,2,false,true,0.0,0.0,0.0,0.0,0.0,0.0,0.0
Salad,Base.Salad,Base.Shrimp,10,true,false,1.0,80.0,0.0,7.0,10.0,0.7,93.333333
Salad,Base.Salad,Base.ShrimpFried,15,false,false,1.0,160.0,17.0,14.0,16.0,0.7,186.666667
Salad,Base.Salad,Base.ShrimpFriedCraft,15,true,false,1.0,160.0,17.0,14.0,16.0,0.7,186.666667
Salad,Base.Salad,Base.Smallanimalmeat,10,true,false,0.666667,134.0,3.333333,4.833333,30.0,0.466667,156.333333
Salad,Base.Salad,Base.Smallbirdmeat,10,true,false,0.666667,174.0,3.333333,5.5,60.0,0.466667,203.0
Salad,Base.Salad,Base.Soysauce,2,false,true,0.0,0.0,0.0,0.0,0.0,0.0,0.0
Salad,Base.Salad,Base.Spinach,5,false,false,1.0,24.0,3.0,0.0,4.0,0.7,28.0
Salad,Base.Salad,Base.Squash,10,true,false,0.5,101.0,5.11,5.15,8.63,0.35,117.833333
Salad,Base.Salad,Base.Squid,10,true,false,0.333333,68.333333,0.333333,4.333333,10.84,0.233333,79.722222
Salad,Base.Salad,Base.SquidCalamari,10,true,false,1.0,105.0,3.0,0.0,18.0,0.7,122.5
Salad,Base.Salad,Base.Steak,10,true,false,0.25,55.0,0.0,2.3375,7.905,0.175,64.166667
Salad,Base.Salad,Base.Strewberrie,5,false,false,1.0,4.0,0.92,0.04,0.08,0.7,4.666667
Salad,Base.Salad,Base.SunflowerSeeds,5,false,true,0.0,0.0,0.0,0.0,0.0,0.0,0.0
Salad,Base.Salad,Base.SweetPotato,9,true,false,0.5,35.0,7.26,0.075,1.44,0.35,40.833333
Salad,Base.Salad,Base.Thistle,2,false,true,0.0,0.0,0.0,0.0,0.0,0.0,0.0
Salad,Base.Salad,Base.Tofu,10,false,false,1.0,30.0,1.0,1.0,5.0,0.7,35.0
Salad,Base.Salad,Base.TofuFried,15,false,false,1.0,35.0,3.0,1.0,5.0,0.7,40.833333
Salad,Base.Salad,Base.Tomato,6,false,false,0.5,7.0,1.75,0.1,0.65,0.35,8.166667
Salad,Base.Salad,Base.TomatoPaste,3,false,true,0.0,0.0,0.0,0.0,0.0,0.0,0.0
Salad,Base.Salad,Base.TurkeyEgg,10,true,false,1.0,71.0,0.37,4.54,5.78,0.7,82.833333
Salad,Base.Salad,Base.TurkeyFillet,20,true,false,0.4,92.0,0.0,4.0,12.8,0.28,107.333333
Salad,Base.Salad,Base.TurkeyLegs,10,true,false,0.238095,54.761905,0.0,2.142857,9.047619,0.166667,63.888889
Salad,Base.Salad,Base.TurkeyWings,25,true,false,0.833333,166.666667,0.0,8.333333,26.666667,0.583333,194.444444
Salad,Base.Salad,Base.Turnip,9,false,false,0.5,35.0,7.26,0.075,1.44,0.35,40.833333
Salad,Base.Salad,Base.Venison,10,true,false,0.125,55.0,0.0,2.3375,7.8275,0.0875,64.166667
Salad,Base.Salad,Base.Vinegar2,1,false,true,0.0,0.0,0.0,0.0,0.0,0.0,0.0
Salad,Base.Salad,Base.Vinegar_Jug,1,false,true,0.0,0.0,0.0,0.0,0.0,0.0,0.0
Salad,Base.Salad,Base.Violets,2,false,true,0.0,0.0,0.0,0.0,0.0,0.0,0.0
Salad,Base.Salad,Base.Wasabi,1,false,true,0.0,0.0,0.0,0.0,0.0,0.0,0.0
Salad,Base.Salad,Base.WatermelonSliced,6,false,false,1.0,135.5,34.11,0.67,2.75,0.7,158.083333
Salad,Base.Salad,Base.WatermelonSmashed,12,false,false,1.0,271.0,68.2,1.35,5.51,0.7,316.166667
Salad,Base.Salad,Base.WildEggs,7,true,false,1.0,63.0,0.32,4.18,5.55,0.7,73.5
Salad,Base.Salad,Base.WildGarlic2,1,false,true,0.0,0.0,0.0,0.0,0.0,0.0,0.0
Salad,Base.Salad,Base.WildGarlicDried,1,false,true,0.0,0.0,0.0,0.0,0.0,0.0,0.0
Salad,Base.Salad,Base.Zucchini,10,false,false,1.0,33.0,6.1,0.63,2.37,0.7,38.5
SaladClay,Base.SaladClay,Base.Apple,8,false,false,0.5,47.5,12.565,0.155,0.235,0.35,55.416667
SaladClay,Base.SaladClay,Base.Avocado,16,false,false,1.0,227.0,11.75,20.96,2.67,0.7,264.833333
SaladClay,Base.SaladClay,Base.BaconBits,1,true,true,0.0,0.0,0.0,0.0,0.0,0.0,0.0
SaladClay,Base.SaladClay,Base.BaconRashers,4,true,false,1.0,40.0,0.0,3.5,2.5,0.7,46.666667
SaladClay,Base.SaladClay,Base.Baguette,5,false,false,0.217391,115.652174,21.521739,1.447826,3.847826,0.152174,134.927536
SaladClay,Base.SaladClay,Base.BalsamicVinegar,2,false,true,0.0,0.0,0.0,0.0,0.0,0.0,0.0
SaladClay,Base.SaladClay,Base.Basil,1,false,true,0.0,0.0,0.0,0.0,0.0,0.0,0.0
SaladClay,Base.SaladClay,Base.BasilDried,1,false,true,0.0,0.0,0.0,0.0,0.0,0.0,0.0
SaladClay,Base.SaladClay,Base.BeanBowl,8,false,false,0.333333,56.666667,11.0,0.333333,2.333333,0.233333,66.111111
SaladClay,Base.SaladClay,Base.Beef,10,true,false,0.125,55.0,0.0,2.3375,7.8275,0.0875,64.166667
SaladClay,Base.SaladClay,Base.BeefJerky,5,false,false,0.25,102.5,2.75,6.5,8.25,0.175,119.583333
SaladClay,Base.SaladClay,Base.BellPepper,4,false,false,0.5,15.0,3.5,0.0,0.5,0.35,17.5
SaladClay,Base.SaladClay,Base.Blackbeans,5,false,false,0.5,22.5,5.225,0.225,1.975,0.35,26.25
SaladClay,Base.SaladClay,Base.Bread,5,false,false,0.166667,88.666667,16.5,1.11,2.95,0.116667,103.444444
SaladClay,Base.SaladClay,Base.BreadSlices,5,false,false,0.5,88.5,16.5,1.11,2.95,0.35,103.25
SaladClay,Base.SaladClay,Base.Broccoli,9,false,false,1.0,11.0,2.0,0.1,0.9,0.7,12.833333
SaladClay,Base.SaladClay,Base.BrusselSprouts,9,true,false,0.45,53.55,9.2025,0.3825,3.5775,0.315,62.475
SaladClay,Base.SaladClay,Base.BunsHamburger_single,5,false,false,0.5,88.5,16.5,1.11,2.95,0.35,103.25
SaladClay,Base.SaladClay,Base.BunsHotdog_single,5,false,false,0.5,88.5,16.5,1.11,2.95,0.35,103.25
SaladClay,Base.SaladClay,Base.Cabbage,12,false,false,0.5,90.0,20.5,0.35,4.5,0.35,105.0
SaladClay,Base.SaladClay,Base.CannedBellPepper_Open,4,false,false,0.083333,15.0,3.5,0.0,0.5,0.058333,17.5
SaladClay,Base.SaladClay,Base.CannedBroccoli_Open,9,false,false,0.2,11.0,2.0,0.1,0.9,0.14,12.833333
SaladClay,Base.SaladClay,Base.CannedCabbage_Open,12,false,false,0.25,90.0,20.5,0.35,4.5,0.175,105.0
SaladClay,Base.SaladClay,Base.CannedCarrotsOpen,6,false,false,0.5,5.25,14.0,0.0,0.0,0.35,6.125
SaladClay,Base.SaladClay,Base.CannedCarrots_Open,4,false,false,0.1,12.5,3.0,0.075,0.3,0.07,14.583333
SaladClay,Base.SaladClay,Base.CannedCornOpen,16,false,false,1.0,315.0,70.0,1.75,7.0,0.7,367.5
SaladClay,Base.SaladClay,Base.CannedCornedBeefOpen,12,false,false,0.5,360.0,0.0,24.0,39.0,0.35,420.0
SaladClay,Base.SaladClay,Base.CannedEggplant_Open,8,false,false,0.166667,57.0,13.5,0.4,2.25,0.116667,66.5
SaladClay,Base.SaladClay,Base.CannedLeek_Open,6,false,false,0.125,27.0,70.0,0.15,1.9,0.0875,31.5
SaladClay,Base.SaladClay,Base.CannedMushroomSoupOpen,10,false,false,1.0,160.0,19.0,8.0,3.0,0.7,186.666667
SaladClay,Base.SaladClay,Base.CannedPotatoOpen,9,false,false,0.5,87.5,17.5,0.0,1.25,0.35,102.083333
SaladClay,Base.SaladClay,Base.CannedPotato_Open,9,true,false,0.1875,39.375,8.4375,0.084375,1.6875,0.13125,45.9375
SaladClay,Base.SaladClay,Base.CannedRedRadish_Open,3,false,false,0.066667,1.0,0.15,0.0,0.0,0.046667,1.166667
SaladClay,Base.SaladClay,Base.CannedRoe_Open,2,false,false,0.2,30.0,0.0,2.2,2.8,0.14,35.0
SaladClay,Base.SaladClay,Base.CannedTomatoOpen,6,false,false,0.5,45.0,9.0,0.0,1.5,0.35,52.5
SaladClay,Base.SaladClay,Base.CannedTomato_Open,6,false,false,0.125,7.0,1.75,0.1,0.65,0.0875,8.166667
SaladClay,Base.SaladClay,Base.Capers,1,false,true,0.0,0.0,0.0,0.0,0.0,0.0,0.0
SaladClay,Base.SaladClay,Base.Carrots,4,false,false,0.5,12.5,3.0,0.075,0.3,0.35,14.583333
SaladClay,Base.SaladClay,Base.Cauliflower,9,false,false,1.0,24.0,3.0,0.0,4.0,0.7,28.0
SaladClay,Base.SaladClay,Base.Chamomile,1,false,true,0.0,0.0,0.0,0.0,0.0,0.0,0.0
SaladClay,Base.SaladClay,Base.Cheese,5,false,false,0.333333,37.666667,0.29,3.11,2.133333,0.233333,43.944444
SaladClay,Base.SaladClay,Base.Chicken,10,true,false,0.30303,69.69697,0.0,2.727273,11.515152,0.212121,81.313131
SaladClay,Base.SaladClay,Base.ChickenFillet,6,true,false,0.2,46.0,0.0,1.8,7.6,0.14,53.666667
SaladClay,Base.SaladClay,Base.ChickenFried,15,false,false,1.0,260.0,17.0,14.0,16.0,0.7,303.333333
SaladClay,Base.SaladClay,Base.ChickenNuggets,5,false,false,0.5,115.0,5.1,4.05,13.2205,0.35,134.166667
SaladClay,Base.SaladClay,Base.ChickenWings,15,true,false,0.789474,150.0,0.0,4.736842,17.368421,0.552632,175.0
SaladClay,Base.SaladClay,Base.Chives,1,false,true,0.0,0.0,0.0,0.0,0.0,0.0,0.0
SaladClay,Base.SaladClay,Base.ChivesDried,1,false,true,0.0,0.0,0.0,0.0,0.0,0.0,0.0
SaladClay,Base.SaladClay,Base.Cilantro,1,false,true,0.0,0.0,0.0,0.0,0.0,0.0,0.0
SaladClay,Base.SaladClay,Base.CilantroDried,1,false,true,0.0,0.0,0.0,0.0,0.0,0.0,0.0
SaladClay,Base.SaladClay,Base.CilantroSeed,1,false,true,0.0,0.0,0.0,0.0,0.0,0.0,0.0
SaladClay,Base.SaladClay,Base.CommonMallow,1,false,true,0.0,0.0,0.0,0.0,0.0,0.0,0.0
SaladClay,Base.SaladClay,Base.Corn,7,true,false,0.5,44.0,13.37,0.965,2.34,0.35,51.333333
SaladClay,Base.SaladClay,Base.Crayfish,10,true,false,1.0,40.0,0.0,2.0,8.0,0.7,46.666667
SaladClay,Base.SaladClay,Base.Cucumber,10,false,false,1.0,33.0,6.1,0.63,2.37,0.7,38.5
SaladClay,Base.SaladClay,Base.Daikon,4,false,false,0.333333,18.0,4.196667,0.09,0.446667,0.233333,21.0
SaladClay,Base.SaladClay,Base.Dandelions,5,false,false,1.0,25.0,5.0,0.5,1.5,0.7,29.166667
SaladClay,Base.SaladClay,Base.DeadBird,10,true,false,0.666667,107.333333,0.333333,1.333333,14.666667,0.466667,125.222222
SaladClay,Base.SaladClay,Base.DeadMouse,10,true,false,1.0,220.0,0.7,3.15,9.5,0.7,256.666667
SaladClay,Base.SaladClay,Base.DeadMousePups,5,true,false,1.0,110.0,0.35,1.58,4.2,0.7,128.333333
SaladClay,Base.SaladClay,Base.DeadMousePupsSkinned,5,true,false,1.0,110.0,0.35,1.58,4.2,0.7,128.333333
SaladClay,Base.SaladClay,Base.DeadMouseSkinned,10,true,false,1.0,220.0,0.7,3.15,9.5,0.7,256.666667
SaladClay,Base.SaladClay,Base.DeadRat,10,true,false,0.454545,147.272727,0.0,7.272727,18.181818,0.318182,171.818182
SaladClay,Base.SaladClay,Base.DeadRatBaby,10,true,false,0.833333,145.5,0.0,7.166667,18.0,0.583333,169.75
SaladClay,Base.SaladClay,Base.DeadRatBabySkinned,10,true,false,0.833333,145.5,0.0,7.166667,18.0,0.583333,169.75
SaladClay,Base.SaladClay,Base.DeadRatSkinned,10,true,false,0.454545,147.272727,0.0,7.272727,18.181818,0.318182,171.818182
SaladClay,Base.SaladClay,Base.DeadSquirrel,10,true,false,0.3125,150.0,0.0,4.6875,26.5,0.21875,175.0
SaladClay,Base.SaladClay,Base.DriedApricots,8,false,false,0.5,120.5,31.3,0.25,1.7,0.35,140.583333
SaladClay,Base.SaladClay,Base.Egg,7,true,false,1.0,63.0,0.32,4.18,5.55,0.7,73.5
SaladClay,Base.SaladClay,Base.EggBoiled,10,false,false,1.0,63.0,0.32,4.18,5.55,0.7,73.5
SaladClay,Base.SaladClay,Base.EggOmelette,20,false,false,1.0,120.0,0.52,6.18,10.55,0.7,140.0
SaladClay,Base.SaladClay,Base.EggPoached,10,false,false,1.0,63.0,0.32,4.18,5.55,0.7,73.5
SaladClay,Base.SaladClay,Base.EggScrambled,20,false,false,1.0,120.0,0.52,6.18,10.55,0.7,140.0
SaladClay,Base.SaladClay,Base.Eggplant,8,true,false,0.5,57.0,13.5,0.4,2.25,0.35,66.5
SaladClay,Base.SaladClay,Base.FishFillet,10,true,false,0.4,82.0,0.4,4.8,11.408,0.28,95.666667
SaladClay,Base.SaladClay,Base.FishFingers,5,false,false,0.5,115.0,5.1,4.05,13.2205,0.35,134.166667
SaladClay,Base.SaladClay,Base.FishFried,10,false,false,0.333333,70.0,2.333333,4.0,5.333333,0.233333,81.666667
SaladClay,Base.SaladClay,Base.FishRoe,2,false,true,0.0,0.0,0.0,0.0,0.0,0.0,0.0
SaladClay,Base.SaladClay,Base.FlaxSeed,1,false,true,0.0,0.0,0.0,0.0,0.0,0.0,0.0
SaladClay,Base.SaladClay,Base.FourLeafClover,1,false,true,0.0,0.0,0.0,0.0,0.0,0.0,0.0
SaladClay,Base.SaladClay,Base.FriedOnionRings,5,false,false,0.5,100.0,11.0,6.0,1.0,0.35,116.666667
SaladClay,Base.SaladClay,Base.FriedOnionRingsCraft,5,true,false,0.5,100.0,11.0,6.0,1.0,0.35,116.666667
SaladClay,Base.SaladClay,Base.FrogMeat,10,true,false,1.0,66.0,0.0,0.28,14.6,0.7,77.0
SaladClay,Base.SaladClay,Base.Garlic,1,false,true,0.0,0.0,0.0,0.0,0.0,0.0,0.0
SaladClay,Base.SaladClay,Base.GingerPickled,1,false,true,0.0,0.0,0.0,0.0,0.0,0.0,0.0
SaladClay,Base.SaladClay,Base.GingerRoot,1,false,true,0.0,0.0,0.0,0.0,0.0,0.0,0.0
SaladClay,Base.SaladClay,Base.GrapeLeaves,4,false,false,1.0,73.0,11.0,2.0,4.0,0.7,85.166667
SaladClay,Base.SaladClay,Base.Grapefruit,10,false,false,0.5,7.5,50.555,1.89,8.78,0.35,8.75
SaladClay,Base.SaladClay,Base.Grapes,5,false,false,0.333333,20.666667,5.26,0.106667,0.193333,0.233333,24.111111
SaladClay,Base.SaladClay,Base.GreenOnions,1,false,true,0.0,0.0,0.0,0.0,0.0,0.0,0.0
SaladClay,Base.SaladClay,Base.HamSlice,10,false,false,1.0,260.0,15.16,13.0,19.5,0.7,303.333333
SaladClay,Base.SaladClay,Base.Kale,8,false,false,0.5,89.0,20.705,0.355,4.57,0.35,103.833333
SaladClay,Base.SaladClay,Base.Lavender,1,false,true,0.0,0.0,0.0,0.0,0.0,0.0,0.0
SaladClay,Base.SaladClay,Base.LavenderPetalsDried,1,false,true,0.0,0.0,0.0,0.0,0.0,0.0,0.0
SaladClay,Base.SaladClay,Base.Leek,6,false,false,0.5,27.0,70.0,0.15,0.65,0.35,31.5
SaladClay,Base.SaladClay,Base.Lettuce,5,false,false,0.333333,18.0,3.443333,0.18,1.633333,0.233333,21.0
SaladClay,Base.SaladClay,Base.Lobster,5,true,false,0.125,15.0,0.0,0.875,3.5,0.0875,17.5
SaladClay,Base.SaladClay,Base.Marigold,1,false,true,0.0,0.0,0.0,0.0,0.0,0.0,0.0
SaladClay,Base.SaladClay,Base.MayonnaiseFull,2,false,true,0.0,0.0,0.0,0.0,0.0,0.0,0.0
SaladClay,Base.SaladClay,Base.MushroomGeneric1,13,false,false,1.0,30.0,2.12,0.24,2.04,0.7,35.0
SaladClay,Base.SaladClay,Base.MushroomGeneric2,13,false,false,1.0,30.0,2.12,0.24,2.04,0.7,35.0
SaladClay,Base.SaladClay,Base.MushroomGeneric3,15,false,false,1.0,32.0,2.56,0.32,2.36,0.7,37.333333
SaladClay,Base.SaladClay,Base.MushroomGeneric4,13,false,false,1.0,30.0,2.12,0.24,2.04,0.7,35.0
SaladClay,Base.SaladClay,Base.MushroomGeneric5,15,false,false,1.0,32.0,2.56,0.32,2.36,0.7,37.333333
SaladClay,Base.SaladClay,Base.MushroomGeneric6,13,false,false,1.0,30.0,2.12,0.24,2.04,0.7,35.0
SaladClay,Base.SaladClay,Base.MushroomGeneric7,13,false,false,1.0,32.0,2.12,0.24,2.04,0.7,37.333333
SaladClay,Base.SaladClay,Base.MushroomsButton,4,false,false,0.571429,8.571429,0.605714,0.068571,0.582857,0.4,10.0
SaladClay,Base.SaladClay,Base.Mustard,2,false,true,0.0,0.0,0.0,0.0,0.0,0.0,0.0
SaladClay,Base.SaladClay,Base.MuttonChop,10,true,false,0.333333,78.0,0.026667,3.666667,11.0,0.233333,91.0
SaladClay,Base.SaladClay,Base.Nettles,2,false,true,0.0,0.0,0.0,0.0,0.0,0.0,0.0
SaladClay,Base.SaladClay,Base.OilOlive,2,false,true,0.0,0.0,0.0,0.0,0.0,0.0,0.0
SaladClay,Base.SaladClay,Base.OilVegetable,2,false,true,0.0,0.0,0.0,0.0,0.0,0.0,0.0
SaladClay,Base.SaladClay,Base.Olives,1,false,true,0.0,0.0,0.0,0.0,0.0,0.0,0.0
SaladClay,Base.SaladClay,Base.Onion,2,false,false,0.2,5.6,1.308,0.014,0.154,0.14,6.533333
SaladClay,Base.SaladClay,Base.OpenBeans,8,false,false,0.333333,56.666667,11.0,0.333333,2.333333,0.233333,66.111111
SaladClay,Base.SaladClay,Base.Orange,6,false,false,0.5,32.5,8.135,0.15,0.5,0.35,37.916667
SaladClay,Base.SaladClay,Base.Oregano,1,false,true,0.0,0.0,0.0,0.0,0.0,0.0,0.0
SaladClay,Base.SaladClay,Base.OreganoDried,1,false,true,0.0,0.0,0.0,0.0,0.0,0.0,0.0
SaladClay,Base.SaladClay,Base.Oysters,5,true,false,1.0,15.0,10.0,4.0,22.0,0.7,17.5
SaladClay,Base.SaladClay,Base.OystersFried,6,true,false,1.0,25.0,11.0,4.0,20.0,0.7,29.166667
SaladClay,Base.SaladClay,Base.Parsley,1,false,true,0.0,0.0,0.0,0.0,0.0,0.0,0.0
SaladClay,Base.SaladClay,Base.ParsleyDried,1,false,true,0.0,0.0,0.0,0.0,0.0,0.0,0.0
SaladClay,Base.SaladClay,Base.Peanuts,4,false,false,0.5,80.5,2.285,6.98,3.655,0.35,93.916667
SaladClay,Base.SaladClay,Base.Pear,8,false,false,0.5,37.5,10.065,0.105,0.135,0.35,43.75
SaladClay,Base.SaladClay,Base.Peas,5,false,false,0.25,29.75,5.1125,0.2125,1.9875,0.175,34.708333
SaladClay,Base.SaladClay,Base.Pepper,1,false,true,0.0,0.0,0.0,0.0,0.0,0.0,0.0
SaladClay,Base.SaladClay,Base.PepperHabanero,1,false,true,0.0,0.0,0.0,0.0,0.0,0.0,0.0
SaladClay,Base.SaladClay,Base.PepperHabaneroDried,1,false,true,0.0,0.0,0.0,0.0,0.0,0.0,0.0
SaladClay,Base.SaladClay,Base.PepperJalapeno,1,false,true,0.0,0.0,0.0,0.0,0.0,0.0,0.0
SaladClay,Base.SaladClay,Base.PepperJalapenoDried,1,false,true,0.0,0.0,0.0,0.0,0.0,0.0,0.0
SaladClay,Base.SaladClay,Base.Pickles,2,false,true,0.0,0.0,0.0,0.0,0.0,0.0,0.0
SaladClay,Base.SaladClay,Base.PoppySeed,1,false,true,0.0,0.0,0.0,0.0,0.0,0.0,0.0
SaladClay,Base.SaladClay,Base.Pork,10,true,false,0.166667,50.0,0.0,2.0,8.333333,0.116667,58.333333
SaladClay,Base.SaladClay,Base.PorkChop,10,true,false,0.333333,50.0,0.0,2.0,8.333333,0.233333,58.333333
SaladClay,Base.SaladClay,Base.Potato,9,true,false,0.5,35.0,7.5,0.075,1.5,0.35,40.833333
SaladClay,Base.SaladClay,Base.PowderedGarlic,1,false,true,0.0,0.0,0.0,0.0,0.0,0.0,0.0
SaladClay,Base.SaladClay,Base.PowderedOnion,1,false,true,0.0,0.0,0.0,0.0,0.0,0.0,0.0
SaladClay,Base.SaladClay,Base.PumpkinSeed,1,false,true,0.0,0.0,0.0,0.0,0.0,0.0,0.0
SaladClay,Base.SaladClay,Base.Rabbitmeat,10,true,false,0.333333,323.0,6.666667,6.666667,61.666667,0.233333,376.833333
SaladClay,Base.SaladClay,Base.RedRadish,3,false,false,1.0,1.0,0.15,0.0,0.0,0.7,1.166667
SaladClay,Base.SaladClay,Base.RemouladeFull,2,false,true,0.0,0.0,0.0,0.0,0.0,0.0,0.0
SaladClay,Base.SaladClay,Base.RiceVinegar,2,false,true,0.0,0.0,0.0,0.0,0.0,0.0,0.0
SaladClay,Base.SaladClay,Base.RosePetalsDried,1,false,true,0.0,0.0,0.0,0.0,0.0,0.0,0.0
SaladClay,Base.SaladClay,Base.Rosehips,3,false,true,0.0,0.0,0.0,0.0,0.0,0.0,0.0
SaladClay,Base.SaladClay,Base.Roses,1,false,true,0.0,0.0,0.0,0.0,0.0,0.0,0.0
SaladClay,Base.SaladClay,Base.Salmon,10,true,false,0.333333,90.0,0.0,3.516667,11.426667,0.233333,105.0
SaladClay,Base.SaladClay,Base.Salt,1,false,true,0.0,0.0,0.0,0.0,0.0,0.0,0.0
SaladClay,Base.SaladClay,Base.SeasoningSalt,1,false,true,0.0,0.0,0.0,0.0,0.0,0.0,0.0
SaladClay,Base.SaladClay,Base.Seasoning_Basil,1,false,true,0.0,0.0,0.0,0.0,0.0,0.0,0.0
SaladClay,Base.SaladClay,Base.Seasoning_Chives,1,false,true,0.0,0.0,0.0,0.0,0.0,0.0,0.0
SaladClay,Base.SaladClay,Base.Seasoning_Cilantro,1,false,true,0.0,0.0,0.0,0.0,0.0,0.0,0.0
SaladClay,Base.SaladClay,Base.Seasoning_Oregano,1,false,true,0.0,0.0,0.0,0.0,0.0,0.0,0.0
SaladClay,Base.SaladClay,Base.Seasoning_Parsley,1,false,true,0.0,0.0,0.0,0.0,0.0,0.0,0.0
SaladClay,Base.SaladClay,Base.SesameOil,2,false,true,0.0,0.0,0.0,0.0,0.0,0.0,0.0
SaladClay,Base.SaladClay,Base.Shrimp,10,true,false,1.0,80.0,0.0,7.0,10.0,0.7,93.333333
SaladClay,Base.SaladClay,Base.ShrimpFried,15,false,false,1.0,160.0,17.0,14.0,16.0,0.7,186.666667
SaladClay,Base.SaladClay,Base.ShrimpFriedCraft,15,true,false,1.0,160.0,17.0,14.0,16.0,0.7,186.666667
SaladClay,Base.SaladClay,Base.Smallanimalmeat,10,true,false,0.666667,134.0,3.333333,4.833333,30.0,0.466667,156.333333
SaladClay,Base.SaladClay,Base.Smallbirdmeat,10,true,false,0.666667,174.0,3.333333,5.5,60.0,0.466667,203.0
SaladClay,Base.SaladClay,Base.Soysauce,2,false,true,0.0,0.0,0.0,0.0,0.0,0.0,0.0
SaladClay,Base.SaladClay,Base.Spinach,5,false,false,1.0,24.0,3.0,0.0,4.0,0.7,28.0
SaladClay,Base.SaladClay,Base.Squash,10,true,false,0.5,101.0,5.11,5.15,8.63,0.35,117.833333
SaladClay,Base.SaladClay,Base.Squid,10,true,false,0.333333,68.333333,0.333333,4.333333,10.84,0.233333,79.722222
SaladClay,Base.SaladClay,Base.SquidCalamari,10,true,false,1.0,105.0,3.0,0.0,18.0,0.7,122.5
SaladClay,Base.SaladClay,Base.Steak,10,true,false,0.25,55.0,0.0,2.3375,7.905,0.175,64.166667
SaladClay,Base.SaladClay,Base.Strewberrie,5,false,false,1.0,4.0,0.92,0.04,0.08,0.7,4.666667
SaladClay,Base.SaladClay,Base.SunflowerSeeds,5,false,true,0.0,0.0,0.0,0.0,0.0,0.0,0.0
SaladClay,Base.SaladClay,Base.SweetPotato,9,true,false,0.5,35.0,7.26,0.075,1.44,0.35,40.833333
SaladClay,Base.SaladClay,Base.Thistle,2,false,true,0.0,0.0,0.0,0.0,0.0,0.0,0.0
SaladClay,Base.SaladClay,Base.Tofu,10,false,false,1.0,30.0,1.0,1.0,5.0,0.7,35.0
SaladClay,Base.SaladClay,Base.TofuFried,15,false,false,1.0,35.0,3.0,1.0,5.0,0.7,40.833333
SaladClay,Base.SaladClay,Base.Tomato,6,false,false,0.5,7.0,1.75,0.1,0.65,0.35,8.166667
SaladClay,Base.SaladClay,Base.TomatoPaste,3,false,true,0.0,0.0,0.0,0.0,0.0,0.0,0.0
SaladClay,Base.SaladClay,Base.TurkeyEgg,10,true,false,1.0,71.0,0.37,4.54,5.78,0.7,82.833333
SaladClay,Base.SaladClay,Base.TurkeyFillet,20,true,false,0.4,92.0,0.0,4.0,12.8,0.28,107.333333
SaladClay,Base.SaladClay,Base.TurkeyLegs,10,true,false,0.238095,54.761905,0.0,2.142857,9.047619,0.166667,63.888889
SaladClay,Base.SaladClay,Base.TurkeyWings,25,true,false,0.833333,166.666667,0.0,8.333333,26.666667,0.583333,194.444444
SaladClay,Base.SaladClay,Base.Turnip,9,false,false,0.5,35.0,7.26,0.075,1.44,0.35,40.833333
SaladClay,Base.SaladClay,Base.Venison,10,true,false,0.125,55.0,0.0,2.3375,7.8275,0.0875,64.166667
SaladClay,Base.SaladClay,Base.Vinegar2,1,false,true,0.0,0.0,0.0,0.0,0.0,0.0,0.0
SaladClay,Base.SaladClay,Base.Vinegar_Jug,1,false,true,0.0,0.0,0.0,0.0,0.0,0.0,0.0
SaladClay,Base.SaladClay,Base.Violets,2,false,true,0.0,0.0,0.0,0.0,0.0,0.0,0.0
SaladClay,Base.SaladClay,Base.Wasabi,1,false,true,0.0,0.0,0.0,0.0,0.0,0.0,0.0
SaladClay,Base.SaladClay,Base.WatermelonSliced,6,false,false,1.0,135.5,34.11,0.67,2.75,0.7,158.083333
SaladClay,Base.SaladClay,Base.WatermelonSmashed,12,false,false,1.0,271.0,68.2,1.35,5.51,0.7,316.166667
SaladClay,Base.SaladClay,Base.WildEggs,7,true,false,1.0,63.0,0.32,4.18,5.55,0.7,73.5
SaladClay,Base.SaladClay,Base.WildGarlic2,1,false,true,0.0,0.0,0.0,0.0,0.0,0.0,0.0
SaladClay,Base.SaladClay,Base.WildGarlicDried,1,false,true,0.0,0.0,0.0,0.0,0.0,0.0,0.0
SaladClay,Base.SaladClay,Base.Zucchini,10,false,false,1.0,33.0,6.1,0.63,2.37,0.7,38.5
Sandwich,Base.Sandwich,Base.Avocado,8,false,false,0.5,113.5,5.875,10.48,1.335,0.35,132.416667
Sandwich,Base.Sandwich,Base.BBQSauce,2,false,true,0.0,0.0,0.0,0.0,0.0,0.0,0.0
Sandwich,Base.Sandwich,Base.Bacon,4,true,false,0.333333,53.333333,0.0,4.666667,3.333333,0.233333,62.222222
Sandwich,Base.Sandwich,Base.BaconBits,1,true,true,0.0,0.0,0.0,0.0,0.0,0.0,0.0
Sandwich,Base.Sandwich,Base.BaconRashers,4,true,false,1.0,40.0,0.0,3.5,2.5,0.7,46.666667
Sandwich,Base.Sandwich,Base.BaloneySlice,5,false,false,1.0,33.0,0.33,1.06,3.78,0.7,38.5
Sandwich,Base.Sandwich,Base.BalsamicVinegar,2,false,true,0.0,0.0,0.0,0.0,0.0,0.0,0.0
Sandwich,Base.Sandwich,Base.Banana,8,false,false,0.5,52.5,13.475,0.195,0.645,0.35,61.25
Sandwich,Base.Sandwich,Base.Basil,1,false,true,0.0,0.0,0.0,0.0,0.0,0.0,0.0
Sandwich,Base.Sandwich,Base.BasilDried,1,false,true,0.0,0.0,0.0,0.0,0.0,0.0,0.0
Sandwich,Base.Sandwich,Base.BeanBowl,8,false,false,0.333333,56.666667,11.0,0.333333,2.333333,0.233333,66.111111
Sandwich,Base.Sandwich,Base.Beef,5,true,false,0.0625,27.5,0.0,1.16875,3.91375,0.04375,32.083333
Sandwich,Base.Sandwich,Base.BeefJerky,5,false,false,0.25,102.5,2.75,6.5,8.25,0.175,119.583333
Sandwich,Base.Sandwich,Base.BellPepper,2,false,false,0.25,7.5,1.75,0.0,0.25,0.175,8.75
Sandwich,Base.Sandwich,Base.Butter,4,false,true,0.0,0.0,0.0,0.0,0.0,0.0,0.0
Sandwich,Base.Sandwich,Base.Cabbage,6,false,false,0.25,45.0,10.25,0.175,2.25,0.175,52.5
Sandwich,Base.Sandwich,Base.CannedBellPepper_Open,2,false,false,0.041667,7.5,1.75,0.0,0.25,0.029167,8.75
Sandwich,Base.Sandwich,Base.CannedCabbage_Open,6,false,false,0.125,45.0,10.25,0.175,2.25,0.0875,52.5
Sandwich,Base.Sandwich,Base.CannedCarrotsOpen,6,false,false,0.5,5.25,14.0,0.0,0.0,0.35,6.125
Sandwich,Base.Sandwich,Base.CannedCarrots_Open,4,false,false,0.1,12.5,3.0,0.075,0.3,0.07,14.583333
Sandwich,Base.Sandwich,Base.CannedChiliOpen,8,false,false,0.5,130.0,16.5,3.5,8.0,0.35,151.666667
Sandwich,Base.Sandwich,Base.CannedCornedBeefOpen,8,false,false,0.333333,240.0,0.0,16.0,26.0,0.233333,280.0
Sandwich,Base.Sandwich,Base.CannedEggplant_Open,4,false,false,0.083333,28.5,6.75,0.2,1.125,0.058333,33.25
Sandwich,Base.Sandwich,Base.CannedRedRadish_Open,3,false,false,0.066667,1.0,0.15,0.0,0.0,0.046667,1.166667
Sandwich,Base.Sandwich,Base.CannedRoe_Open,2,false,false,0.2,30.0,0.0,2.2,2.8,0.14,35.0
Sandwich,Base.Sandwich,Base.CannedSardinesOpen,7,false,false,0.5,75.0,0.0,5.5,7.0,0.35,87.5
Sandwich,Base.Sandwich,Base.CannedTomatoOpen,6,false,false,0.5,45.0,9.0,0.0,1.5,0.35,52.5
Sandwich,Base.Sandwich,Base.CannedTomato_Open,6,false,false,0.125,7.0,1.75,0.1,0.65,0.0875,8.166667
Sandwich,Base.Sandwich,Base.Capers,1,false,true,0.0,0.0,0.0,0.0,0.0,0.0,0.0
Sandwich,Base.Sandwich,Base.Carrots,4,false,false,0.5,12.5,3.0,0.075,0.3,0.35,14.583333
Sandwich,Base.Sandwich,Base.Cheese,5,false,false,0.333333,37.666667,0.29,3.11,2.133333,0.233333,43.944444
Sandwich,Base.Sandwich,Base.Chicken,10,true,false,0.30303,69.69697,0.0,2.727273,11.515152,0.212121,81.313131
Sandwich,Base.Sandwich,Base.ChickenFillet,6,true,false,0.2,46.0,0.0,1.8,7.6,0.14,53.666667
Sandwich,Base.Sandwich,Base.ChickenFried,15,false,false,1.0,260.0,17.0,14.0,16.0,0.7,303.333333
Sandwich,Base.Sandwich,Base.ChickenNuggets,5,false,false,0.5,115.0,5.1,4.05,13.2205,0.35,134.166667
Sandwich,Base.Sandwich,Base.ChickenWings,15,true,false,0.789474,150.0,0.0,4.736842,17.368421,0.552632,175.0
Sandwich,Base.Sandwich,Base.Chives,1,false,true,0.0,0.0,0.0,0.0,0.0,0.0,0.0
Sandwich,Base.Sandwich,Base.ChivesDried,1,false,true,0.0,0.0,0.0,0.0,0.0,0.0,0.0
Sandwich,Base.Sandwich,Base.Cilantro,1,false,true,0.0,0.0,0.0,0.0,0.0,0.0,0.0
Sandwich,Base.Sandwich,Base.CilantroDried,1,false,true,0.0,0.0,0.0,0.0,0.0,0.0,0.0
Sandwich,Base.Sandwich,Base.CilantroSeed,1,false,true,0.0,0.0,0.0,0.0,0.0,0.0,0.0
Sandwich,Base.Sandwich,Base.CommonMallow,1,false,true,0.0,0.0,0.0,0.0,0.0,0.0,0.0
Sandwich,Base.Sandwich,Base.Crayfish,10,true,false,1.0,40.0,0.0,2.0,8.0,0.7,46.666667
Sandwich,Base.Sandwich,Base.Cucumber,5,false,false,0.5,16.5,3.05,0.315,1.185,0.35,19.25
Sandwich,Base.Sandwich,Base.Dandelions,5,false,false,1.0,25.0,5.0,0.5,1.5,0.7,29.166667
Sandwich,Base.Sandwich,Base.DeadBird,5,true,false,0.333333,53.666667,0.166667,0.666667,7.333333,0.233333,62.611111
Sandwich,Base.Sandwich,Base.DeadMouse,5,true,false,0.5,110.0,0.35,1.575,4.75,0.35,128.333333
Sandwich,Base.Sandwich,Base.DeadMousePups,5,true,false,1.0,110.0,0.35,1.58,4.2,0.7,128.333333
Sandwich,Base.Sandwich,Base.DeadMousePupsSkinned,5,true,false,1.0,110.0,0.35,1.58,4.2,0.7,128.333333
Sandwich,Base.Sandwich,Base.DeadMouseSkinned,5,true,false,0.5,110.0,0.35,1.575,4.75,0.35,128.333333
Sandwich,Base.Sandwich,Base.DeadRat,5,true,false,0.227273,73.636364,0.0,3.636364,9.090909,0.159091,85.909091
Sandwich,Base.Sandwich,Base.DeadRatBaby,5,true,false,0.416667,72.75,0.0,3.583333,9.0,0.291667,84.875
Sandwich,Base.Sandwich,Base.DeadRatBabySkinned,5,true,false,0.416667,72.75,0.0,3.583333,9.0,0.291667,84.875
Sandwich,Base.Sandwich,Base.DeadRatSkinned,5,true,false,0.227273,73.636364,0.0,3.636364,9.090909,0.159091,85.909091
Sandwich,Base.Sandwich,Base.DeadSquirrel,5,true,false,0.15625,75.0,0.0,2.34375,13.25,0.109375,87.5
Sandwich,Base.Sandwich,Base.Dip_NachoCheese,2,false,true,0.0,0.0,0.0,0.0,0.0,0.0,0.0
Sandwich,Base.Sandwich,Base.Dip_Ranch,2,false,true,0.0,0.0,0.0,0.0,0.0,0.0,0.0
Sandwich,Base.Sandwich,Base.Dip_Salsa,2,false,true,0.0,0.0,0.0,0.0,0.0,0.0,0.0
Sandwich,Base.Sandwich,Base.DogfoodOpen,10,true,false,0.333333,166.0,25.853333,4.193333,5.346667,0.233333,193.666667
Sandwich,Base.Sandwich,Base.Egg,7,true,false,1.0,63.0,0.32,4.18,5.55,0.7,73.5
Sandwich,Base.Sandwich,Base.EggBoiled,10,false,false,1.0,63.0,0.32,4.18,5.55,0.7,73.5
Sandwich,Base.Sandwich,Base.EggOmelette,20,false,false,1.0,120.0,0.52,6.18,10.55,0.7,140.0
Sandwich,Base.Sandwich,Base.EggPoached,10,false,false,1.0,63.0,0.32,4.18,5.55,0.7,73.5
Sandwich,Base.Sandwich,Base.EggScrambled,20,false,false,1.0,120.0,0.52,6.18,10.55,0.7,140.0
Sandwich,Base.Sandwich,Base.Eggplant,4,true,false,0.25,28.5,6.75,0.2,1.125,0.175,33.25
Sandwich,Base.Sandwich,Base.FishFillet,5,true,false,0.2,41.0,0.2,2.4,5.704,0.14,47.833333
Sandwich,Base.Sandwich,Base.FishFingers,5,false,false,0.5,115.0,5.1,4.05,13.2205,0.35,134.166667
Sandwich,Base.Sandwich,Base.FishFried,5,false,false,0.166667,35.0,1.166667,2.0,2.666667,0.116667,40.833333
Sandwich,Base.Sandwich,Base.FishRoe,2,false,true,0.0,0.0,0.0,0.0,0.0,0.0,0.0
Sandwich,Base.Sandwich,Base.FrenchFries,5,false,false,0.5,101.5,17.985,2.595,1.675,0.35,118.416667
Sandwich,Base.Sandwich,Base.FriedOnionRings,5,false,false,0.5,100.0,11.0,6.0,1.0,0.35,116.666667
Sandwich,Base.Sandwich,Base.FriedOnionRingsCraft,5,true,false,0.5,100.0,11.0,6.0,1.0,0.35,116.666667
Sandwich,Base.Sandwich,Base.Garlic,1,false,true,0.0,0.0,0.0,0.0,0.0,0.0,0.0
Sandwich,Base.Sandwich,Base.GingerPickled,1,false,true,0.0,0.0,0.0,0.0,0.0,0.0,0.0
Sandwich,Base.Sandwich,Base.GingerRoot,1,false,true,0.0,0.0,0.0,0.0,0.0,0.0,0.0
Sandwich,Base.Sandwich,Base.GrapeLeaves,4,false,false,1.0,73.0,11.0,2.0,4.0,0.7,85.166667
Sandwich,Base.Sandwich,Base.Gravy,1,false,true,0.0,0.0,0.0,0.0,0.0,0.0,0.0
Sandwich,Base.Sandwich,Base.GreenOnions,1,false,true,0.0,0.0,0.0,0.0,0.0,0.0,0.0
Sandwich,Base.Sandwich,Base.Guacamole,2,false,true,0.0,0.0,0.0,0.0,0.0,0.0,0.0
Sandwich,Base.Sandwich,Base.HamSlice,10,false,false,1.0,260.0,15.16,13.0,19.5,0.7,303.333333
Sandwich,Base.Sandwich,Base.Honey,2,false,true,0.0,0.0,0.0,0.0,0.0,0.0,0.0
Sandwich,Base.Sandwich,Base.Hotsauce,2,false,true,0.0,0.0,0.0,0.0,0.0,0.0,0.0
Sandwich,Base.Sandwich,Base.JamFruit,3,false,false,0.1,55.0,13.0,0.0,0.1,0.07,64.166667
Sandwich,Base.Sandwich,Base.JamMarmalade,3,false,false,0.1,55.0,13.0,0.0,0.1,0.07,64.166667
Sandwich,Base.Sandwich,Base.Kale,8,false,false,0.5,89.0,20.705,0.355,4.57,0.35,103.833333
Sandwich,Base.Sandwich,Base.Ketchup,2,false,true,0.0,0.0,0.0,0.0,0.0,0.0,0.0
Sandwich,Base.Sandwich,Base.Lard,2,false,true,0.0,0.0,0.0,0.0,0.0,0.0,0.0
Sandwich,Base.Sandwich,Base.Lettuce,3,false,false,0.2,10.8,2.066,0.108,0.98,0.14,12.6
Sandwich,Base.Sandwich,Base.Lobster,5,true,false,0.125,15.0,0.0,0.875,3.5,0.0875,17.5
Sandwich,Base.Sandwich,Base.Margarine,4,false,true,0.0,0.0,0.0,0.0,0.0,0.0,0.0
Sandwich,Base.Sandwich,Base.Marinara,2,false,true,0.0,0.0,0.0,0.0,0.0,0.0,0.0
Sandwich,Base.Sandwich,Base.MayonnaiseFull,2,false,true,0.0,0.0,0.0,0.0,0.0,0.0,0.0
Sandwich,Base.Sandwich,Base.MincedMeat,5,true,false,0.125,37.5,0.0,3.75,5.75,0.0875,43.75
Sandwich,Base.Sandwich,Base.MushroomGeneric1,13,false,false,1.0,30.0,2.12,0.24,2.04,0.7,35.0
Sandwich,Base.Sandwich,Base.MushroomGeneric2,13,false,false,1.0,30.0,2.12,0.24,2.04,0.7,35.0
Sandwich,Base.Sandwich,Base.MushroomGeneric3,15,false,false,1.0,32.0,2.56,0.32,2.36,0.7,37.333333
Sandwich,Base.Sandwich,Base.MushroomGeneric4,13,false,false,1.0,30.0,2.12,0.24,2.04,0.7,35.0
Sandwich,Base.Sandwich,Base.MushroomGeneric5,15,false,false,1.0,32.0,2.56,0.32,2.36,0.7,37.333333
Sandwich,Base.Sandwich,Base.MushroomGeneric6,13,false,false,1.0,30.0,2.12,0.24,2.04,0.7,35.0
Sandwich,Base.Sandwich,Base.MushroomGeneric7,13,false,false,1.0,32.0,2.12,0.24,2.04,0.7,37.333333
Sandwich,Base.Sandwich,Base.MushroomsButton,4,false,false,0.571429,8.571429,0.605714,0.068571,0.582857,0.4,10.0
Sandwich,Base.Sandwich,Base.Mustard,2,false,true,0.0,0.0,0.0,0.0,0.0,0.0,0.0
Sandwich,Base.Sandwich,Base.MuttonChop,5,true,false,0.166667,39.0,0.013333,1.833333,5.5,0.116667,45.5
Sandwich,Base.Sandwich,Base.OilOlive,2,false,true,0.0,0.0,0.0,0.0,0.0,0.0,0.0
Sandwich,Base.Sandwich,Base.OilVegetable,2,false,true,0.0,0.0,0.0,0.0,0.0,0.0,0.0
Sandwich,Base.Sandwich,Base.Olives,1,false,true,0.0,0.0,0.0,0.0,0.0,0.0,0.0
Sandwich,Base.Sandwich,Base.OmeletteRecipe,14,true,false,1.0,123.0,2.0,8.33,11.0,0.7,143.5
Sandwich,Base.Sandwich,Base.OmeletteRecipeForged,14,true,false,1.0,123.0,2.0,8.33,11.0,0.7,143.5
Sandwich,Base.Sandwich,Base.Onion,2,false,false,0.2,5.6,1.308,0.014,0.154,0.14,6.533333
Sandwich,Base.Sandwich,Base.OpenBeans,8,false,false,0.333333,56.666667,11.0,0.333333,2.333333,0.233333,66.111111
Sandwich,Base.Sandwich,Base.Oysters,5,true,false,1.0,15.0,10.0,4.0,22.0,0.7,17.5
Sandwich,Base.Sandwich,Base.OystersFried,6,true,false,1.0,25.0,11.0,4.0,20.0,0.7,29.166667
Sandwich,Base.Sandwich,Base.Parsley,1,false,true,0.0,0.0,0.0,0.0,0.0,0.0,0.0
Sandwich,Base.Sandwich,Base.ParsleyDried,1,false,true,0.0,0.0,0.0,0.0,0.0,0.0,0.0
Sandwich,Base.Sandwich,Base.PeanutButter,5,false,false,0.2,532.0,25.6,44.8,16.8,0.14,620.666667
Sandwich,Base.Sandwich,Base.Pepper,1,false,true,0.0,0.0,0.0,0.0,0.0,0.0,0.0
Sandwich,Base.Sandwich,Base.PepperHabanero,1,false,true,0.0,0.0,0.0,0.0,0.0,0.0,0.0
Sandwich,Base.Sandwich,Base.PepperHabaneroDried,1,false,true,0.0,0.0,0.0,0.0,0.0,0.0,0.0
Sandwich,Base.Sandwich,Base.PepperJalapeno,1,false,true,0.0,0.0,0.0,0.0,0.0,0.0,0.0
Sandwich,Base.Sandwich,Base.PepperJalapenoDried,1,false,true,0.0,0.0,0.0,0.0,0.0,0.0,0.0
Sandwich,Base.Sandwich,Base.Pepperoni,5,false,false,0.25,45.0,0.0,1.0875,3.905,0.175,52.5
Sandwich,Base.Sandwich,Base.Pickles,2,false,true,0.0,0.0,0.0,0.0,0.0,0.0,0.0
Sandwich,Base.Sandwich,Base.Pork,5,true,false,0.083333,25.0,0.0,1.0,4.166667,0.058333,29.166667
Sandwich,Base.Sandwich,Base.PorkChop,5,true,false,0.166667,25.0,0.0,1.0,4.166667,0.116667,29.166667
Sandwich,Base.Sandwich,Base.PowderedGarlic,1,false,true,0.0,0.0,0.0,0.0,0.0,0.0,0.0
Sandwich,Base.Sandwich,Base.PowderedOnion,1,false,true,0.0,0.0,0.0,0.0,0.0,0.0,0.0
Sandwich,Base.Sandwich,Base.Processedcheese,5,false,false,1.0,70.0,0.0,6.0,4.0,0.7,81.666667
Sandwich,Base.Sandwich,Base.Rabbitmeat,5,true,false,0.166667,161.5,3.333333,3.333333,30.833333,0.116667,188.416667
Sandwich,Base.Sandwich,Base.RedRadish,3,false,false,1.0,1.0,0.15,0.0,0.0,0.7,1.166667
Sandwich,Base.Sandwich,Base.RefriedBeans,5,false,false,0.5,35.0,12.5,0.75,5.0,0.35,40.833333
Sandwich,Base.Sandwich,Base.RemouladeFull,2,false,true,0.0,0.0,0.0,0.0,0.0,0.0,0.0
Sandwich,Base.Sandwich,Base.RiceVinegar,2,false,true,0.0,0.0,0.0,0.0,0.0,0.0,0.0
Sandwich,Base.Sandwich,Base.Rosemary,1,false,true,0.0,0.0,0.0,0.0,0.0,0.0,0.0
Sandwich,Base.Sandwich,Base.RosemaryDried,1,false,true,0.0,0.0,0.0,0.0,0.0,0.0,0.0
Sandwich,Base.Sandwich,Base.Sage,1,false,true,0.0,0.0,0.0,0.0,0.0,0.0,0.0
Sandwich,Base.Sandwich,Base.SageDried,1,false,true,0.0,0.0,0.0,0.0,0.0,0.0,0.0
Sandwich,Base.Sandwich,Base.SalamiSlice,4,false,false,1.0,66.0,0.4,5.2,4.4,0.7,77.0
Sandwich,Base.Sandwich,Base.Salmon,5,true,false,0.166667,45.0,0.0,1.758333,5.713333,0.116667,52.5
Sandwich,Base.Sandwich,Base.Salt,1,false,true,0.0,0.0,0.0,0.0,0.0,0.0,0.0
Sandwich,Base.Sandwich,Base.Sausage,5,true,false,0.25,45.0,0.0,1.0875,3.905,0.175,52.5
Sandwich,Base.Sandwich,Base.SeasoningSalt,1,false,true,0.0,0.0,0.0,0.0,0.0,0.0,0.0
Sandwich,Base.Sandwich,Base.Seasoning_Basil,1,false,true,0.0,0.0,0.0,0.0,0.0,0.0,0.0
Sandwich,Base.Sandwich,Base.Seasoning_Chives,1,false,true,0.0,0.0,0.0,0.0,0.0,0.0,0.0
Sandwich,Base.Sandwich,Base.Seasoning_Cilantro,1,false,true,0.0,0.0,0.0,0.0,0.0,0.0,0.0
Sandwich,Base.Sandwich,Base.Seasoning_Parsley,1,false,true,0.0,0.0,0.0,0.0,0.0,0.0,0.0
Sandwich,Base.Sandwich,Base.Seasoning_Rosemary,1,false,true,0.0,0.0,0.0,0.0,0.0,0.0,0.0
Sandwich,Base.Sandwich,Base.Seasoning_Sage,1,false,true,0.0,0.0,0.0,0.0,0.0,0.0,0.0
Sandwich,Base.Sandwich,Base.Seasoning_Thyme,1,false,true,0.0,0.0,0.0,0.0,0.0,0.0,0.0
Sandwich,Base.Sandwich,Base.SesameOil,2,false,true,0.0,0.0,0.0,0.0,0.0,0.0,0.0
Sandwich,Base.Sandwich,Base.Shrimp,10,true,false,1.0,80.0,0.0,7.0,10.0,0.7,93.333333
Sandwich,Base.Sandwich,Base.ShrimpFried,15,false,false,1.0,160.0,17.0,14.0,16.0,0.7,186.666667
Sandwich,Base.Sandwich,Base.ShrimpFriedCraft,15,true,false,1.0,160.0,17.0,14.0,16.0,0.7,186.666667
Sandwich,Base.Sandwich,Base.Smallanimalmeat,5,true,false,0.333333,67.0,1.666667,2.416667,15.0,0.233333,78.166667
Sandwich,Base.Sandwich,Base.Smallbirdmeat,5,true,false,0.333333,87.0,1.666667,2.75,30.0,0.233333,101.5
Sandwich,Base.Sandwich,Base.SourCream,2,false,true,0.0,0.0,0.0,0.0,0.0,0.0,0.0
Sandwich,Base.Sandwich,Base.Soysauce,2,false,true,0.0,0.0,0.0,0.0,0.0,0.0,0.0
Sandwich,Base.Sandwich,Base.Squid,5,true,false,0.166667,34.166667,0.166667,2.166667,5.42,0.116667,39.861111
Sandwich,Base.Sandwich,Base.SquidCalamari,5,true,false,0.5,52.5,1.5,0.0,9.0,0.35,61.25
Sandwich,Base.Sandwich,Base.Steak,5,true,false,0.125,27.5,0.0,1.16875,3.9525,0.0875,32.083333
Sandwich,Base.Sandwich,Base.TatoDots,5,false,false,0.5,101.5,17.985,2.595,1.675,0.35,118.416667
Sandwich,Base.Sandwich,Base.Thyme,1,false,true,0.0,0.0,0.0,0.0,0.0,0.0,0.0
Sandwich,Base.Sandwich,Base.ThymeDried,1,false,true,0.0,0.0,0.0,0.0,0.0,0.0,0.0
Sandwich,Base.Sandwich,Base.TofuFried,5,false,false,0.333333,11.666667,1.0,0.333333,1.666667,0.233333,13.611111
Sandwich,Base.Sandwich,Base.Tomato,6,false,false,0.5,7.0,1.75,0.1,0.65,0.35,8.166667
Sandwich,Base.Sandwich,Base.TomatoPaste,3,false,true,0.0,0.0,0.0,0.0,0.0,0.0,0.0
Sandwich,Base.Sandwich,Base.TunaTinOpen,9,false,false,0.5,185.0,0.0,17.0,7.5,0.35,215.833333
Sandwich,Base.Sandwich,Base.TurkeyEgg,10,true,false,1.0,71.0,0.37,4.54,5.78,0.7,82.833333
Sandwich,Base.Sandwich,Base.TurkeyFillet,20,true,false,0.4,92.0,0.0,4.0,12.8,0.28,107.333333
Sandwich,Base.Sandwich,Base.TurkeyLegs,10,true,false,0.238095,54.761905,0.0,2.142857,9.047619,0.166667,63.888889
Sandwich,Base.Sandwich,Base.TurkeyWings,25,true,false,0.833333,166.666667,0.0,8.333333,26.666667,0.583333,194.444444
Sandwich,Base.Sandwich,Base.Venison,5,true,false,0.0625,27.5,0.0,1.16875,3.91375,0.04375,32.083333
Sandwich,Base.Sandwich,Base.Vinegar2,1,false,true,0.0,0.0,0.0,0.0,0.0,0.0,0.0
Sandwich,Base.Sandwich,Base.Vinegar_Jug,1,false,true,0.0,0.0,0.0,0.0,0.0,0.0,0.0
Sandwich,Base.Sandwich,Base.Wasabi,1,false,true,0.0,0.0,0.0,0.0,0.0,0.0,0.0
Sandwich,Base.Sandwich,Base.WildEggs,7,true,false,1.0,63.0,0.32,4.18,5.55,0.7,73.5
Sandwich,Base.Sandwich,Base.WildGarlic2,1,false,true,0.0,0.0,0.0,0.0,0.0,0.0,0.0
Sandwich,Base.Sandwich,Base.WildGarlicDried,1,false,true,0.0,0.0,0.0,0.0,0.0,0.0,0.0
Sandwich,Base.Sandwich,Base.Zucchini,5,false,false,0.5,16.5,3.05,0.315,1.185,0.35,19.25
Sandwich Baguette,Base.BaguetteSandwich,Base.Avocado,8,false,false,0.5,113.5,5.875,10.48,1.335,0.35,132.416667
Sandwich Baguette,Base.BaguetteSandwich,Base.BBQSauce,2,false,true,0.0,0.0,0.0,0.0,0.0,0.0,0.0
Sandwich Baguette,Base.BaguetteSandwich,Base.Bacon,4,true,false,0.333333,53.333333,0.0,4.666667,3.333333,0.233333,62.222222
Sandwich Baguette,Base.BaguetteSandwich,Base.BaconBits,1,true,true,0.0,0.0,0.0,0.0,0.0,0.0,0.0
Sandwich Baguette,Base.BaguetteSandwich,Base.BaconRashers,4,true,false,1.0,40.0,0.0,3.5,2.5,0.7,46.666667
Sandwich Baguette,Base.BaguetteSandwich,Base.BaloneySlice,5,false,false,1.0,33.0,0.33,1.06,3.78,0.7,38.5
Sandwich Baguette,Base.BaguetteSandwich,Base.BalsamicVinegar,2,false,true,0.0,0.0,0.0,0.0,0.0,0.0,0.0
Sandwich Baguette,Base.BaguetteSandwich,Base.Banana,8,false,false,0.5,52.5,13.475,0.195,0.645,0.35,61.25
Sandwich Baguette,Base.BaguetteSandwich,Base.Basil,1,false,true,0.0,0.0,0.0,0.0,0.0,0.0,0.0
Sandwich Baguette,Base.BaguetteSandwich,Base.BasilDried,1,false,true,0.0,0.0,0.0,0.0,0.0,0.0,0.0
Sandwich Baguette,Base.BaguetteSandwich,Base.BeanBowl,8,false,false,0.333333,56.666667,11.0,0.333333,2.333333,0.233333,66.111111
Sandwich Baguette,Base.BaguetteSandwich,Base.Beef,5,true,false,0.0625,27.5,0.0,1.16875,3.91375,0.04375,32.083333
Sandwich Baguette,Base.BaguetteSandwich,Base.BeefJerky,5,false,false,0.25,102.5,2.75,6.5,8.25,0.175,119.583333
Sandwich Baguette,Base.BaguetteSandwich,Base.BellPepper,2,false,false,0.25,7.5,1.75,0.0,0.25,0.175,8.75
Sandwich Baguette,Base.BaguetteSandwich,Base.Butter,4,false,true,0.0,0.0,0.0,0.0,0.0,0.0,0.0
Sandwich Baguette,Base.BaguetteSandwich,Base.Cabbage,6,false,false,0.25,45.0,10.25,0.175,2.25,0.175,52.5
Sandwich Baguette,Base.BaguetteSandwich,Base.CannedBellPepper_Open,2,false,false,0.041667,7.5,1.75,0.0,0.25,0.029167,8.75
Sandwich Baguette,Base.BaguetteSandwich,Base.CannedCabbage_Open,6,false,false,0.125,45.0,10.25,0.175,2.25,0.0875,52.5
Sandwich Baguette,Base.BaguetteSandwich,Base.CannedCarrotsOpen,6,false,false,0.5,5.25,14.0,0.0,0.0,0.35,6.125
Sandwich Baguette,Base.BaguetteSandwich,Base.CannedCarrots_Open,4,false,false,0.1,12.5,3.0,0.075,0.3,0.07,14.583333
Sandwich Baguette,Base.BaguetteSandwich,Base.CannedChiliOpen,8,false,false,0.5,130.0,16.5,3.5,8.0,0.35,151.666667
Sandwich Baguette,Base.BaguetteSandwich,Base.CannedCornedBeefOpen,8,false,false,0.333333,240.0,0.0,16.0,26.0,0.233333,280.0
Sandwich Baguette,Base.BaguetteSandwich,Base.CannedEggplant_Open,4,false,false,0.083333,28.5,6.75,0.2,1.125,0.058333,33.25
Sandwich Baguette,Base.BaguetteSandwich,Base.CannedRedRadish_Open,3,false,false,0.066667,1.0,0.15,0.0,0.0,0.046667,1.166667
Sandwich Baguette,Base.BaguetteSandwich,Base.CannedRoe_Open,2,false,false,0.2,30.0,0.0,2.2,2.8,0.14,35.0
Sandwich Baguette,Base.BaguetteSandwich,Base.CannedSardinesOpen,7,false,false,0.5,75.0,0.0,5.5,7.0,0.35,87.5
Sandwich Baguette,Base.BaguetteSandwich,Base.CannedTomatoOpen,6,false,false,0.5,45.0,9.0,0.0,1.5,0.35,52.5
Sandwich Baguette,Base.BaguetteSandwich,Base.CannedTomato_Open,6,false,false,0.125,7.0,1.75,0.1,0.65,0.0875,8.166667
Sandwich Baguette,Base.BaguetteSandwich,Base.Capers,1,false,true,0.0,0.0,0.0,0.0,0.0,0.0,0.0
Sandwich Baguette,Base.BaguetteSandwich,Base.Carrots,4,false,false,0.5,12.5,3.0,0.075,0.3,0.35,14.583333
Sandwich Baguette,Base.BaguetteSandwich,Base.Cheese,5,false,false,0.333333,37.666667,0.29,3.11,2.133333,0.233333,43.944444
Sandwich Baguette,Base.BaguetteSandwich,Base.Chicken,10,true,false,0.30303,69.69697,0.0,2.727273,11.515152,0.212121,81.313131
Sandwich Baguette,Base.BaguetteSandwich,Base.ChickenFillet,6,true,false,0.2,46.0,0.0,1.8,7.6,0.14,53.666667
Sandwich Baguette,Base.BaguetteSandwich,Base.ChickenFried,15,false,false,1.0,260.0,17.0,14.0,16.0,0.7,303.333333
Sandwich Baguette,Base.BaguetteSandwich,Base.ChickenNuggets,5,false,false,0.5,115.0,5.1,4.05,13.2205,0.35,134.166667
Sandwich Baguette,Base.BaguetteSandwich,Base.ChickenWings,15,true,false,0.789474,150.0,0.0,4.736842,17.368421,0.552632,175.0
Sandwich Baguette,Base.BaguetteSandwich,Base.Chives,1,false,true,0.0,0.0,0.0,0.0,0.0,0.0,0.0
Sandwich Baguette,Base.BaguetteSandwich,Base.ChivesDried,1,false,true,0.0,0.0,0.0,0.0,0.0,0.0,0.0
Sandwich Baguette,Base.BaguetteSandwich,Base.Cilantro,1,false,true,0.0,0.0,0.0,0.0,0.0,0.0,0.0
Sandwich Baguette,Base.BaguetteSandwich,Base.CilantroDried,1,false,true,0.0,0.0,0.0,0.0,0.0,0.0,0.0
Sandwich Baguette,Base.BaguetteSandwich,Base.CilantroSeed,1,false,true,0.0,0.0,0.0,0.0,0.0,0.0,0.0
Sandwich Baguette,Base.BaguetteSandwich,Base.CommonMallow,1,false,true,0.0,0.0,0.0,0.0,0.0,0.0,0.0
Sandwich Baguette,Base.BaguetteSandwich,Base.Crayfish,10,true,false,1.0,40.0,0.0,2.0,8.0,0.7,46.666667
Sandwich Baguette,Base.BaguetteSandwich,Base.Cucumber,5,false,false,0.5,16.5,3.05,0.315,1.185,0.35,19.25
Sandwich Baguette,Base.BaguetteSandwich,Base.Dandelions,5,false,false,1.0,25.0,5.0,0.5,1.5,0.7,29.166667
Sandwich Baguette,Base.BaguetteSandwich,Base.DeadBird,5,true,false,0.333333,53.666667,0.166667,0.666667,7.333333,0.233333,62.611111
Sandwich Baguette,Base.BaguetteSandwich,Base.DeadMouse,5,true,false,0.5,110.0,0.35,1.575,4.75,0.35,128.333333
Sandwich Baguette,Base.BaguetteSandwich,Base.DeadMousePups,5,true,false,1.0,110.0,0.35,1.58,4.2,0.7,128.333333
Sandwich Baguette,Base.BaguetteSandwich,Base.DeadMousePupsSkinned,5,true,false,1.0,110.0,0.35,1.58,4.2,0.7,128.333333
Sandwich Baguette,Base.BaguetteSandwich,Base.DeadMouseSkinned,5,true,false,0.5,110.0,0.35,1.575,4.75,0.35,128.333333
Sandwich Baguette,Base.BaguetteSandwich,Base.DeadRat,5,true,false,0.227273,73.636364,0.0,3.636364,9.090909,0.159091,85.909091
Sandwich Baguette,Base.BaguetteSandwich,Base.DeadRatBaby,5,true,false,0.416667,72.75,0.0,3.583333,9.0,0.291667,84.875
Sandwich Baguette,Base.BaguetteSandwich,Base.DeadRatBabySkinned,5,true,false,0.416667,72.75,0.0,3.583333,9.0,0.291667,84.875
Sandwich Baguette,Base.BaguetteSandwich,Base.DeadRatSkinned,5,true,false,0.227273,73.636364,0.0,3.636364,9.090909,0.159091,85.909091
Sandwich Baguette,Base.BaguetteSandwich,Base.DeadSquirrel,5,true,false,0.15625,75.0,0.0,2.34375,13.25,0.109375,87.5
Sandwich Baguette,Base.BaguetteSandwich,Base.Dip_NachoCheese,2,false,true,0.0,0.0,0.0,0.0,0.0,0.0,0.0
Sandwich Baguette,Base.BaguetteSandwich,Base.Dip_Ranch,2,false,true,0.0,0.0,0.0,0.0,0.0,0.0,0.0
Sandwich Baguette,Base.BaguetteSandwich,Base.Dip_Salsa,2,false,true,0.0,0.0,0.0,0.0,0.0,0.0,0.0
Sandwich Baguette,Base.BaguetteSandwich,Base.DogfoodOpen,10,true,false,0.333333,166.0,25.853333,4.193333,5.346667,0.233333,193.666667
Sandwich Baguette,Base.BaguetteSandwich,Base.Egg,7,true,false,1.0,63.0,0.32,4.18,5.55,0.7,73.5
Sandwich Baguette,Base.BaguetteSandwich,Base.EggBoiled,10,false,false,1.0,63.0,0.32,4.18,5.55,0.7,73.5
Sandwich Baguette,Base.BaguetteSandwich,Base.EggOmelette,20,false,false,1.0,120.0,0.52,6.18,10.55,0.7,140.0
Sandwich Baguette,Base.BaguetteSandwich,Base.EggPoached,10,false,false,1.0,63.0,0.32,4.18,5.55,0.7,73.5
Sandwich Baguette,Base.BaguetteSandwich,Base.EggScrambled,20,false,false,1.0,120.0,0.52,6.18,10.55,0.7,140.0
Sandwich Baguette,Base.BaguetteSandwich,Base.Eggplant,4,true,false,0.25,28.5,6.75,0.2,1.125,0.175,33.25
Sandwich Baguette,Base.BaguetteSandwich,Base.FishFillet,5,true,false,0.2,41.0,0.2,2.4,5.704,0.14,47.833333
Sandwich Baguette,Base.BaguetteSandwich,Base.FishFingers,5,false,false,0.5,115.0,5.1,4.05,13.2205,0.35,134.166667
Sandwich Baguette,Base.BaguetteSandwich,Base.FishFried,5,false,false,0.166667,35.0,1.166667,2.0,2.666667,0.116667,40.833333
Sandwich Baguette,Base.BaguetteSandwich,Base.FishRoe,2,false,true,0.0,0.0,0.0,0.0,0.0,0.0,0.0
Sandwich Baguette,Base.BaguetteSandwich,Base.FrenchFries,5,false,false,0.5,101.5,17.985,2.595,1.675,0.35,118.416667
Sandwich Baguette,Base.BaguetteSandwich,Base.FriedOnionRings,5,false,false,0.5,100.0,11.0,6.0,1.0,0.35,116.666667
Sandwich Baguette,Base.BaguetteSandwich,Base.FriedOnionRingsCraft,5,true,false,0.5,100.0,11.0,6.0,1.0,0.35,116.666667
Sandwich Baguette,Base.BaguetteSandwich,Base.Garlic,1,false,true,0.0,0.0,0.0,0.0,0.0,0.0,0.0
Sandwich Baguette,Base.BaguetteSandwich,Base.GingerPickled,1,false,true,0.0,0.0,0.0,0.0,0.0,0.0,0.0
Sandwich Baguette,Base.BaguetteSandwich,Base.GingerRoot,1,false,true,0.0,0.0,0.0,0.0,0.0,0.0,0.0
Sandwich Baguette,Base.BaguetteSandwich,Base.GrapeLeaves,4,false,false,1.0,73.0,11.0,2.0,4.0,0.7,85.166667
Sandwich Baguette,Base.BaguetteSandwich,Base.Gravy,1,false,true,0.0,0.0,0.0,0.0,0.0,0.0,0.0
Sandwich Baguette,Base.BaguetteSandwich,Base.GreenOnions,1,false,true,0.0,0.0,0.0,0.0,0.0,0.0,0.0
Sandwich Baguette,Base.BaguetteSandwich,Base.Guacamole,2,false,true,0.0,0.0,0.0,0.0,0.0,0.0,0.0
Sandwich Baguette,Base.BaguetteSandwich,Base.HamSlice,10,false,false,1.0,260.0,15.16,13.0,19.5,0.7,303.333333
Sandwich Baguette,Base.BaguetteSandwich,Base.Honey,2,false,true,0.0,0.0,0.0,0.0,0.0,0.0,0.0
Sandwich Baguette,Base.BaguetteSandwich,Base.Hotsauce,2,false,true,0.0,0.0,0.0,0.0,0.0,0.0,0.0
Sandwich Baguette,Base.BaguetteSandwich,Base.JamFruit,3,false,false,0.1,55.0,13.0,0.0,0.1,0.07,64.166667
Sandwich Baguette,Base.BaguetteSandwich,Base.JamMarmalade,3,false,false,0.1,55.0,13.0,0.0,0.1,0.07,64.166667
Sandwich Baguette,Base.BaguetteSandwich,Base.Kale,8,false,false,0.5,89.0,20.705,0.355,4.57,0.35,103.833333
Sandwich Baguette,Base.BaguetteSandwich,Base.Ketchup,2,false,true,0.0,0.0,0.0,0.0,0.0,0.0,0.0
Sandwich Baguette,Base.BaguetteSandwich,Base.Lard,2,false,true,0.0,0.0,0.0,0.0,0.0,0.0,0.0
Sandwich Baguette,Base.BaguetteSandwich,Base.Lettuce,3,false,false,0.2,10.8,2.066,0.108,0.98,0.14,12.6
Sandwich Baguette,Base.BaguetteSandwich,Base.Lobster,5,true,false,0.125,15.0,0.0,0.875,3.5,0.0875,17.5
Sandwich Baguette,Base.BaguetteSandwich,Base.Margarine,4,false,true,0.0,0.0,0.0,0.0,0.0,0.0,0.0
Sandwich Baguette,Base.BaguetteSandwich,Base.Marinara,2,false,true,0.0,0.0,0.0,0.0,0.0,0.0,0.0
Sandwich Baguette,Base.BaguetteSandwich,Base.MayonnaiseFull,2,false,true,0.0,0.0,0.0,0.0,0.0,0.0,0.0
Sandwich Baguette,Base.BaguetteSandwich,Base.MincedMeat,5,true,false,0.125,37.5,0.0,3.75,5.75,0.0875,43.75
Sandwich Baguette,Base.BaguetteSandwich,Base.MushroomGeneric1,13,false,false,1.0,30.0,2.12,0.24,2.04,0.7,35.0
Sandwich Baguette,Base.BaguetteSandwich,Base.MushroomGeneric2,13,false,false,1.0,30.0,2.12,0.24,2.04,0.7,35.0
Sandwich Baguette,Base.BaguetteSandwich,Base.MushroomGeneric3,15,false,false,1.0,32.0,2.56,0.32,2.36,0.7,37.333333
Sandwich Baguette,Base.BaguetteSandwich,Base.MushroomGeneric4,13,false,false,1.0,30.0,2.12,0.24,2.04,0.7,35.0
Sandwich Baguette,Base.BaguetteSandwich,Base.MushroomGeneric5,15,false,false,1.0,32.0,2.56,0.32,2.36,0.7,37.333333
Sandwich Baguette,Base.BaguetteSandwich,Base.MushroomGeneric6,13,false,false,1.0,30.0,2.12,0.24,2.04,0.7,35.0
Sandwich Baguette,Base.BaguetteSandwich,Base.MushroomGeneric7,13,false,false,1.0,32.0,2.12,0.24,2.04,0.7,37.333333
Sandwich Baguette,Base.BaguetteSandwich,Base.MushroomsButton,4,false,false,0.571429,8.571429,0.605714,0.068571,0.582857,0.4,10.0
Sandwich Baguette,Base.BaguetteSandwich,Base.Mustard,2,false,true,0.0,0.0,0.0,0.0,0.0,0.0,0.0
Sandwich Baguette,Base.BaguetteSandwich,Base.MuttonChop,5,true,false,0.166667,39.0,0.013333,1.833333,5.5,0.116667,45.5
Sandwich Baguette,Base.BaguetteSandwich,Base.OilOlive,2,false,true,0.0,0.0,0.0,0.0,0.0,0.0,0.0
Sandwich Baguette,Base.BaguetteSandwich,Base.OilVegetable,2,false,true,0.0,0.0,0.0,0.0,0.0,0.0,0.0
Sandwich Baguette,Base.BaguetteSandwich,Base.Olives,1,false,true,0.0,0.0,0.0,0.0,0.0,0.0,0.0
Sandwich Baguette,Base.BaguetteSandwich,Base.OmeletteRecipe,14,true,false,1.0,123.0,2.0,8.33,11.0,0.7,143.5
Sandwich Baguette,Base.BaguetteSandwich,Base.OmeletteRecipeForged,14,true,false,1.0,123.0,2.0,8.33,11.0,0.7,143.5
Sandwich Baguette,Base.BaguetteSandwich,Base.Onion,2,false,false,0.2,5.6,1.308,0.014,0.154,0.14,6.533333
Sandwich Baguette,Base.BaguetteSandwich,Base.OpenBeans,8,false,false,0.333333,56.666667,11.0,0.333333,2.333333,0.233333,66.111111
Sandwich Baguette,Base.BaguetteSandwich,Base.Oysters,5,true,false,1.0,15.0,10.0,4.0,22.0,0.7,17.5
Sandwich Baguette,Base.BaguetteSandwich,Base.OystersFried,6,true,false,1.0,25.0,11.0,4.0,20.0,0.7,29.166667
Sandwich Baguette,Base.BaguetteSandwich,Base.Parsley,1,false,true,0.0,0.0,0.0,0.0,0.0,0.0,0.0
Sandwich Baguette,Base.BaguetteSandwich,Base.ParsleyDried,1,false,true,0.0,0.0,0.0,0.0,0.0,0.0,0.0
Sandwich Baguette,Base.BaguetteSandwich,Base.PeanutButter,5,false,false,0.2,532.0,25.6,44.8,16.8,0.14,620.666667
Sandwich Baguette,Base.BaguetteSandwich,Base.Pepper,1,false,true,0.0,0.0,0.0,0.0,0.0,0.0,0.0
Sandwich Baguette,Base.BaguetteSandwich,Base.PepperHabanero,1,false,true,0.0,0.0,0.0,0.0,0.0,0.0,0.0
Sandwich Baguette,Base.BaguetteSandwich,Base.PepperHabaneroDried,1,false,true,0.0,0.0,0.0,0.0,0.0,0.0,0.0
Sandwich Baguette,Base.BaguetteSandwich,Base.PepperJalapeno,1,false,true,0.0,0.0,0.0,0.0,0.0,0.0,0.0
Sandwich Baguette,Base.BaguetteSandwich,Base.PepperJalapenoDried,1,false,true,0.0,0.0,0.0,0.0,0.0,0.0,0.0
Sandwich Baguette,Base.BaguetteSandwich,Base.Pepperoni,5,false,false,0.25,45.0,0.0,1.0875,3.905,0.175,52.5
Sandwich Baguette,Base.BaguetteSandwich,Base.Pickles,2,false,true,0.0,0.0,0.0,0.0,0.0,0.0,0.0
Sandwich Baguette,Base.BaguetteSandwich,Base.Pork,5,true,false,0.083333,25.0,0.0,1.0,4.166667,0.058333,29.166667
Sandwich Baguette,Base.BaguetteSandwich,Base.PorkChop,5,true,false,0.166667,25.0,0.0,1.0,4.166667,0.116667,29.166667
Sandwich Baguette,Base.BaguetteSandwich,Base.PowderedGarlic,1,false,true,0.0,0.0,0.0,0.0,0.0,0.0,0.0
Sandwich Baguette,Base.BaguetteSandwich,Base.PowderedOnion,1,false,true,0.0,0.0,0.0,0.0,0.0,0.0,0.0
Sandwich Baguette,Base.BaguetteSandwich,Base.Processedcheese,5,false,false,1.0,70.0,0.0,6.0,4.0,0.7,81.666667
Sandwich Baguette,Base.BaguetteSandwich,Base.Rabbitmeat,5,true,false,0.166667,161.5,3.333333,3.333333,30.833333,0.116667,188.416667
Sandwich Baguette,Base.BaguetteSandwich,Base.RedRadish,3,false,false,1.0,1.0,0.15,0.0,0.0,0.7,1.166667
Sandwich Baguette,Base.BaguetteSandwich,Base.RefriedBeans,5,false,false,0.5,35.0,12.5,0.75,5.0,0.35,40.833333
Sandwich Baguette,Base.BaguetteSandwich,Base.RemouladeFull,2,false,true,0.0,0.0,0.0,0.0,0.0,0.0,0.0
Sandwich Baguette,Base.BaguetteSandwich,Base.RiceVinegar,2,false,true,0.0,0.0,0.0,0.0,0.0,0.0,0.0
Sandwich Baguette,Base.BaguetteSandwich,Base.Rosemary,1,false,true,0.0,0.0,0.0,0.0,0.0,0.0,0.0
Sandwich Baguette,Base.BaguetteSandwich,Base.RosemaryDried,1,false,true,0.0,0.0,0.0,0.0,0.0,0.0,0.0
Sandwich Baguette,Base.BaguetteSandwich,Base.Sage,1,false,true,0.0,0.0,0.0,0.0,0.0,0.0,0.0
Sandwich Baguette,Base.BaguetteSandwich,Base.SageDried,1,false,true,0.0,0.0,0.0,0.0,0.0,0.0,0.0
Sandwich Baguette,Base.BaguetteSandwich,Base.SalamiSlice,4,false,false,1.0,66.0,0.4,5.2,4.4,0.7,77.0
Sandwich Baguette,Base.BaguetteSandwich,Base.Salmon,5,true,false,0.166667,45.0,0.0,1.758333,5.713333,0.116667,52.5
Sandwich Baguette,Base.BaguetteSandwich,Base.Salt,1,false,true,0.0,0.0,0.0,0.0,0.0,0.0,0.0
Sandwich Baguette,Base.BaguetteSandwich,Base.Sausage,5,true,false,0.25,45.0,0.0,1.0875,3.905,0.175,52.5
Sandwich Baguette,Base.BaguetteSandwich,Base.SeasoningSalt,1,false,true,0.0,0.0,0.0,0.0,0.0,0.0,0.0
Sandwich Baguette,Base.BaguetteSandwich,Base.Seasoning_Basil,1,false,true,0.0,0.0,0.0,0.0,0.0,0.0,0.0
Sandwich Baguette,Base.BaguetteSandwich,Base.Seasoning_Chives,1,false,true,0.0,0.0,0.0,0.0,0.0,0.0,0.0
Sandwich Baguette,Base.BaguetteSandwich,Base.Seasoning_Cilantro,1,false,true,0.0,0.0,0.0,0.0,0.0,0.0,0.0
Sandwich Baguette,Base.BaguetteSandwich,Base.Seasoning_Parsley,1,false,true,0.0,0.0,0.0,0.0,0.0,0.0,0.0
Sandwich Baguette,Base.BaguetteSandwich,Base.Seasoning_Rosemary,1,false,true,0.0,0.0,0.0,0.0,0.0,0.0,0.0
Sandwich Baguette,Base.BaguetteSandwich,Base.Seasoning_Sage,1,false,true,0.0,0.0,0.0,0.0,0.0,0.0,0.0
Sandwich Baguette,Base.BaguetteSandwich,Base.Seasoning_Thyme,1,false,true,0.0,0.0,0.0,0.0,0.0,0.0,0.0
Sandwich Baguette,Base.BaguetteSandwich,Base.SesameOil,2,false,true,0.0,0.0,0.0,0.0,0.0,0.0,0.0
Sandwich Baguette,Base.BaguetteSandwich,Base.Shrimp,10,true,false,1.0,80.0,0.0,7.0,10.0,0.7,93.333333
Sandwich Baguette,Base.BaguetteSandwich,Base.ShrimpFried,15,false,false,1.0,160.0,17.0,14.0,16.0,0.7,186.666667
Sandwich Baguette,Base.BaguetteSandwich,Base.ShrimpFriedCraft,15,true,false,1.0,160.0,17.0,14.0,16.0,0.7,186.666667
Sandwich Baguette,Base.BaguetteSandwich,Base.Smallanimalmeat,5,true,false,0.333333,67.0,1.666667,2.416667,15.0,0.233333,78.166667
Sandwich Baguette,Base.BaguetteSandwich,Base.Smallbirdmeat,5,true,false,0.333333,87.0,1.666667,2.75,30.0,0.233333,101.5
Sandwich Baguette,Base.BaguetteSandwich,Base.SourCream,2,false,true,0.0,0.0,0.0,0.0,0.0,0.0,0.0
Sandwich Baguette,Base.BaguetteSandwich,Base.Soysauce,2,false,true,0.0,0.0,0.0,0.0,0.0,0.0,0.0
Sandwich Baguette,Base.BaguetteSandwich,Base.Squid,5,true,false,0.166667,34.166667,0.166667,2.166667,5.42,0.116667,39.861111
Sandwich Baguette,Base.BaguetteSandwich,Base.SquidCalamari,5,true,false,0.5,52.5,1.5,0.0,9.0,0.35,61.25
Sandwich Baguette,Base.BaguetteSandwich,Base.Steak,5,true,false,0.125,27.5,0.0,1.16875,3.9525,0.0875,32.083333
Sandwich Baguette,Base.BaguetteSandwich,Base.TatoDots,5,false,false,0.5,101.5,17.985,2.595,1.675,0.35,118.416667
Sandwich Baguette,Base.BaguetteSandwich,Base.Thyme,1,false,true,0.0,0.0,0.0,0.0,0.0,0.0,0.0
Sandwich Baguette,Base.BaguetteSandwich,Base.ThymeDried,1,false,true,0.0,0.0,0.0,0.0,0.0,0.0,0.0
Sandwich Baguette,Base.BaguetteSandwich,Base.TofuFried,5,false,false,0.333333,11.666667,1.0,0.333333,1.666667,0.233333,13.611111
Sandwich Baguette,Base.BaguetteSandwich,Base.Tomato,6,false,false,0.5,7.0,1.75,0.1,0.65,0.35,8.166667
Sandwich Baguette,Base.BaguetteSandwich,Base.TomatoPaste,3,false,true,0.0,0.0,0.0,0.0,0.0,0.0,0.0
Sandwich Baguette,Base.BaguetteSandwich,Base.TunaTinOpen,9,false,false,0.5,185.0,0.0,17.0,7.5,0.35,215.833333
Sandwich Baguette,Base.BaguetteSandwich,Base.TurkeyEgg,10,true,false,1.0,71.0,0.37,4.54,5.78,0.7,82.833333
Sandwich Baguette,Base.BaguetteSandwich,Base.TurkeyFillet,20,true,false,0.4,92.0,0.0,4.0,12.8,0.28,107.333333
Sandwich Baguette,Base.BaguetteSandwich,Base.TurkeyLegs,10,true,false,0.238095,54.761905,0.0,2.142857,9.047619,0.166667,63.888889
Sandwich Baguette,Base.BaguetteSandwich,Base.TurkeyWings,25,true,false,0.833333,166.666667,0.0,8.333333,26.666667,0.583333,194.444444
Sandwich Baguette,Base.BaguetteSandwich,Base.Venison,5,true,false,0.0625,27.5,0.0,1.16875,3.91375,0.04375,32.083333
Sandwich Baguette,Base.BaguetteSandwich,Base.Vinegar2,1,false,true,0.0,0.0,0.0,0.0,0.0,0.0,0.0
Sandwich Baguette,Base.BaguetteSandwich,Base.Vinegar_Jug,1,false,true,0.0,0.0,0.0,0.0,0.0,0.0,0.0
Sandwich Baguette,Base.BaguetteSandwich,Base.Wasabi,1,false,true,0.0,0.0,0.0,0.0,0.0,0.0,0.0
Sandwich Baguette,Base.BaguetteSandwich,Base.WildEggs,7,true,false,1.0,63.0,0.32,4.18,5.55,0.7,73.5
Sandwich Baguette,Base.BaguetteSandwich,Base.WildGarlic2,1,false,true,0.0,0.0,0.0,0.0,0.0,0.0,0.0
Sandwich Baguette,Base.BaguetteSandwich,Base.WildGarlicDried,1,false,true,0.0,0.0,0.0,0.0,0.0,0.0,0.0
Sandwich Baguette,Base.BaguetteSandwich,Base.Zucchini,5,false,false,0.5,16.5,3.05,0.315,1.185,0.35,19.25
Soup,Base.PotOfSoupRecipe,Base.Acorn,10,false,false,1.0,55.0,12.0,24.0,6.0,0.7,64.166667
Soup,Base.PotOfSoupRecipe,Base.Avocado,16,false,false,1.0,227.0,11.75,20.96,2.67,0.7,264.833333
Soup,Base.PotOfSoupRecipe,Base.Baguette,5,false,false,0.217391,115.652174,21.521739,1.447826,3.847826,0.152174,134.927536
Soup,Base.PotOfSoupRecipe,Base.Basil,1,false,true,0.0,0.0,0.0,0.0,0.0,0.0,0.0
Soup,Base.PotOfSoupRecipe,Base.BasilDried,1,false,true,0.0,0.0,0.0,0.0,0.0,0.0,0.0
Soup,Base.PotOfSoupRecipe,Base.BeanBowl,24,false,false,1.0,170.0,33.0,1.0,7.0,0.7,198.333333
Soup,Base.PotOfSoupRecipe,Base.BellPepper,8,false,false,1.0,30.0,7.0,0.0,1.0,0.7,35.0
Soup,Base.PotOfSoupRecipe,Base.Biscuit,5,false,false,1.0,160.0,22.0,8.0,1.0,0.7,186.666667
Soup,Base.PotOfSoupRecipe,Base.Blackbeans,10,false,false,1.0,45.0,10.45,0.45,3.95,0.7,52.5
Soup,Base.PotOfSoupRecipe,Base.BouillonCube,3,false,true,0.0,0.0,0.0,0.0,0.0,0.0,0.0
Soup,Base.PotOfSoupRecipe,Base.Bread,5,false,false,0.166667,88.666667,16.5,1.11,2.95,0.116667,103.444444
Soup,Base.PotOfSoupRecipe,Base.BreadSlices,5,false,false,0.5,88.5,16.5,1.11,2.95,0.35,103.25
Soup,Base.PotOfSoupRecipe,Base.Broccoli,9,false,false,1.0,11.0,2.0,0.1,0.9,0.7,12.833333
Soup,Base.PotOfSoupRecipe,Base.BunsHamburger_single,5,false,false,0.5,88.5,16.5,1.11,2.95,0.35,103.25
Soup,Base.PotOfSoupRecipe,Base.BunsHotdog_single,5,false,false,0.5,88.5,16.5,1.11,2.95,0.35,103.25
Soup,Base.PotOfSoupRecipe,Base.Butter,4,false,true,0.0,0.0,0.0,0.0,0.0,0.0,0.0
Soup,Base.PotOfSoupRecipe,Base.Cabbage,12,false,false,0.5,90.0,20.5,0.35,4.5,0.35,105.0
Soup,Base.PotOfSoupRecipe,Base.CannedBellPepper_Open,8,false,false,0.166667,30.0,7.0,0.0,1.0,0.116667,35.0
Soup,Base.PotOfSoupRecipe,Base.CannedBroccoli_Open,9,false,false,0.2,11.0,2.0,0.1,0.9,0.14,12.833333
Soup,Base.PotOfSoupRecipe,Base.CannedCabbage_Open,12,false,false,0.25,90.0,20.5,0.35,4.5,0.175,105.0
Soup,Base.PotOfSoupRecipe,Base.CannedCarrotsOpen,12,false,false,1.0,10.5,28.0,0.0,0.0,0.7,12.25
Soup,Base.PotOfSoupRecipe,Base.CannedCarrots_Open,8,false,false,0.2,25.0,6.0,0.15,0.6,0.14,29.166667
Soup,Base.PotOfSoupRecipe,Base.CannedCornOpen,16,false,false,1.0,315.0,70.0,1.75,7.0,0.7,367.5
Soup,Base.PotOfSoupRecipe,Base.CannedEggplant_Open,16,false,false,0.333333,114.0,27.0,0.8,4.5,0.233333,133.0
Soup,Base.PotOfSoupRecipe,Base.CannedLeek_Open,12,false,false,0.25,54.0,140.0,0.3,3.8,0.175,63.0
Soup,Base.PotOfSoupRecipe,Base.CannedMushroomSoupOpen,10,false,false,1.0,160.0,19.0,8.0,3.0,0.7,186.666667
Soup,Base.PotOfSoupRecipe,Base.CannedPeasOpen,16,false,false,1.0,280.0,52.5,0.0,14.0,0.7,326.666667
Soup,Base.PotOfSoupRecipe,Base.CannedPotatoOpen,18,false,false,1.0,175.0,35.0,0.0,2.5,0.7,204.166667
Soup,Base.PotOfSoupRecipe,Base.CannedPotato_Open,18,false,false,0.375,78.75,16.875,0.16875,3.375,0.2625,91.875
Soup,Base.PotOfSoupRecipe,Base.CannedRedRadish_Open,3,false,false,0.066667,1.0,0.15,0.0,0.0,0.046667,1.166667
Soup,Base.PotOfSoupRecipe,Base.CannedRoe_Open,2,false,false,0.2,30.0,0.0,2.2,2.8,0.14,35.0
Soup,Base.PotOfSoupRecipe,Base.CannedTomatoOpen,12,false,false,1.0,90.0,18.0,0.0,3.0,0.7,105.0
Soup,Base.PotOfSoupRecipe,Base.CannedTomato_Open,12,false,false,0.25,14.0,3.5,0.2,1.3,0.175,16.333333
Soup,Base.PotOfSoupRecipe,Base.Carrots,8,false,false,1.0,25.0,6.0,0.15,0.6,0.7,29.166667
Soup,Base.PotOfSoupRecipe,Base.Cauliflower,9,false,false,1.0,24.0,3.0,0.0,4.0,0.7,28.0
Soup,Base.PotOfSoupRecipe,Base.Cheese,10,false,false,0.666667,75.333333,0.58,6.22,4.266667,0.466667,87.888889
Soup,Base.PotOfSoupRecipe,Base.Chicken,30,false,false,0.909091,209.090909,0.0,8.181818,34.545455,0.636364,243.939394
Soup,Base.PotOfSoupRecipe,Base.ChickenFillet,18,false,false,0.6,138.0,0.0,5.4,22.8,0.42,161.0
Soup,Base.PotOfSoupRecipe,Base.ChickenWings,15,false,false,0.789474,150.0,0.0,4.736842,17.368421,0.552632,175.0
Soup,Base.PotOfSoupRecipe,Base.Chives,1,false,true,0.0,0.0,0.0,0.0,0.0,0.0,0.0
Soup,Base.PotOfSoupRecipe,Base.ChivesDried,1,false,true,0.0,0.0,0.0,0.0,0.0,0.0,0.0
Soup,Base.PotOfSoupRecipe,Base.Cilantro,1,false,true,0.0,0.0,0.0,0.0,0.0,0.0,0.0
Soup,Base.PotOfSoupRecipe,Base.CilantroDried,1,false,true,0.0,0.0,0.0,0.0,0.0,0.0,0.0
Soup,Base.PotOfSoupRecipe,Base.CilantroSeed,1,false,true,0.0,0.0,0.0,0.0,0.0,0.0,0.0
Soup,Base.PotOfSoupRecipe,Base.Cinnamon,1,false,true,0.0,0.0,0.0,0.0,0.0,0.0,0.0
Soup,Base.PotOfSoupRecipe,Base.CommonMallow,1,false,true,0.0,0.0,0.0,0.0,0.0,0.0,0.0
Soup,Base.PotOfSoupRecipe,Base.Corn,14,false,false,1.0,88.0,26.74,1.93,4.68,0.7,102.666667
Soup,Base.PotOfSoupRecipe,Base.CornFrozen,10,false,false,0.5,198.0,47.0,2.5,7.5,0.35,231.0
Soup,Base.PotOfSoupRecipe,Base.CornSeed,1,false,false,0.25,6.2,1.9,0.14,0.33,0.175,7.233333
Soup,Base.PotOfSoupRecipe,Base.Cornbread,5,false,false,0.5,150.0,27.0,5.0,3.5,0.35,175.0
Soup,Base.PotOfSoupRecipe,Base.Cornflour2,6,false,true,0.0,0.0,0.0,0.0,0.0,0.0,0.0
Soup,Base.PotOfSoupRecipe,Base.Cornmeal2,6,false,true,0.0,0.0,0.0,0.0,0.0,0.0,0.0
Soup,Base.PotOfSoupRecipe,Base.Crackers,5,false,false,1.0,70.0,12.0,6.0,1.0,0.7,81.666667
Soup,Base.PotOfSoupRecipe,Base.Crayfish,10,false,false,1.0,40.0,0.0,2.0,8.0,0.7,46.666667
Soup,Base.PotOfSoupRecipe,Base.Cucumber,10,false,false,1.0,33.0,6.1,0.63,2.37,0.7,38.5
Soup,Base.PotOfSoupRecipe,Base.Daikon,6,false,false,0.5,27.0,6.295,0.135,0.67,0.35,31.5
Soup,Base.PotOfSoupRecipe,Base.Dandelions,5,false,false,1.0,25.0,5.0,0.5,1.5,0.7,29.166667
Soup,Base.PotOfSoupRecipe,Base.DeadBird,10,false,false,0.666667,107.333333,0.333333,1.333333,14.666667,0.466667,125.222222
Soup,Base.PotOfSoupRecipe,Base.DeadMouse,10,false,false,1.0,220.0,0.7,3.15,9.5,0.7,256.666667
Soup,Base.PotOfSoupRecipe,Base.DeadMousePups,5,false,false,1.0,110.0,0.35,1.58,4.2,0.7,128.333333
Soup,Base.PotOfSoupRecipe,Base.DeadMousePupsSkinned,5,false,false,1.0,110.0,0.35,1.58,4.2,0.7,128.333333
Soup,Base.PotOfSoupRecipe,Base.DeadMouseSkinned,10,false,false,1.0,220.0,0.7,3.15,9.5,0.7,256.666667
Soup,Base.PotOfSoupRecipe,Base.DeadRat,15,false,false,0.681818,220.909091,0.0,10.909091,27.272727,0.477273,257.727273
Soup,Base.PotOfSoupRecipe,Base.DeadRatBaby,10,false,false,0.833333,145.5,0.0,7.166667,18.0,0.583333,169.75
Soup,Base.PotOfSoupRecipe,Base.DeadRatBabySkinned,10,false,false,0.833333,145.5,0.0,7.166667,18.0,0.583333,169.75
Soup,Base.PotOfSoupRecipe,Base.DeadRatSkinned,15,false,false,0.681818,220.909091,0.0,10.909091,27.272727,0.477273,257.727273
Soup,Base.PotOfSoupRecipe,Base.DeadSquirrel,15,false,false,0.46875,225.0,0.0,7.03125,39.75,0.328125,262.5
Soup,Base.PotOfSoupRecipe,Base.DriedBlackBeans,10,false,false,0.166667,514.0,96.666667,0.0,33.166667,0.116667,599.666667
Soup,Base.PotOfSoupRecipe,Base.DriedChickpeas,10,false,false,0.166667,475.166667,90.666667,0.0,30.166667,0.116667,554.361111
Soup,Base.PotOfSoupRecipe,Base.DriedKidneyBeans,10,false,false,0.166667,544.166667,84.666667,2.166667,45.333333,0.116667,634.861111
Soup,Base.PotOfSoupRecipe,Base.DriedLentils,10,false,false,0.166667,500.0,90.0,0.0,36.666667,0.116667,583.333333
Soup,Base.PotOfSoupRecipe,Base.DriedSplitPeas,10,false,false,0.166667,369.5,90.666667,0.0,36.833333,0.116667,431.083333
Soup,Base.PotOfSoupRecipe,Base.DriedWhiteBeans,10,false,false,0.166667,470.5,87.833333,1.666667,31.333333,0.116667,548.916667
Soup,Base.PotOfSoupRecipe,Base.Edamame,5,false,false,1.0,25.0,10.45,0.45,3.95,0.7,29.166667
Soup,Base.PotOfSoupRecipe,Base.Egg,7,false,false,1.0,63.0,0.32,4.18,5.55,0.7,73.5
Soup,Base.PotOfSoupRecipe,Base.EggBoiled,10,false,false,1.0,63.0,0.32,4.18,5.55,0.7,73.5
Soup,Base.PotOfSoupRecipe,Base.Eggplant,16,false,false,1.0,114.0,27.0,0.8,4.5,0.7,133.0
Soup,Base.PotOfSoupRecipe,Base.FishFillet,15,false,false,0.6,123.0,0.6,7.2,17.112,0.42,143.5
Soup,Base.PotOfSoupRecipe,Base.FishFried,15,false,false,0.5,105.0,3.5,6.0,8.0,0.35,122.5
Soup,Base.PotOfSoupRecipe,Base.FishRoe,2,false,true,0.0,0.0,0.0,0.0,0.0,0.0,0.0
Soup,Base.PotOfSoupRecipe,Base.Flour2,6,false,true,0.0,0.0,0.0,0.0,0.0,0.0,0.0
Soup,Base.PotOfSoupRecipe,Base.FourLeafClover,1,false,true,0.0,0.0,0.0,0.0,0.0,0.0,0.0
Soup,Base.PotOfSoupRecipe,Base.FrogMeat,10,false,false,1.0,66.0,0.0,0.28,14.6,0.7,77.0
Soup,Base.PotOfSoupRecipe,Base.Garlic,1,false,true,0.0,0.0,0.0,0.0,0.0,0.0,0.0
Soup,Base.PotOfSoupRecipe,Base.GingerPickled,1,false,true,0.0,0.0,0.0,0.0,0.0,0.0,0.0
Soup,Base.PotOfSoupRecipe,Base.GingerRoot,2,false,true,0.0,0.0,0.0,0.0,0.0,0.0,0.0
Soup,Base.PotOfSoupRecipe,Base.GrapeLeaves,4,false,false,1.0,73.0,11.0,2.0,4.0,0.7,85.166667
Soup,Base.PotOfSoupRecipe,Base.GreenOnions,1,false,true,0.0,0.0,0.0,0.0,0.0,0.0,0.0
Soup,Base.PotOfSoupRecipe,Base.Greenpeas,4,false,false,1.0,70.0,13.125,0.0,3.5,0.7,81.666667
Soup,Base.PotOfSoupRecipe,Base.GreenpeasSeed,1,false,false,1.0,17.5,3.25,0.0,0.875,0.7,20.416667
Soup,Base.PotOfSoupRecipe,Base.HamSlice,10,false,false,1.0,260.0,15.16,13.0,19.5,0.7,303.333333
Soup,Base.PotOfSoupRecipe,Base.Kale,8,false,false,0.5,89.0,20.705,0.355,4.57,0.35,103.833333
Soup,Base.PotOfSoupRecipe,Base.Lard,4,false,true,0.0,0.0,0.0,0.0,0.0,0.0,0.0
Soup,Base.PotOfSoupRecipe,Base.Leek,12,false,false,1.0,54.0,140.0,0.3,1.3,0.7,63.0
Soup,Base.PotOfSoupRecipe,Base.Lemon,10,false,true,0.0,0.0,0.0,0.0,0.0,0.0,0.0
Soup,Base.PotOfSoupRecipe,Base.LemonGrass,1,false,true,0.0,0.0,0.0,0.0,0.0,0.0,0.0
Soup,Base.PotOfSoupRecipe,Base.Lime,10,false,true,0.0,0.0,0.0,0.0,0.0,0.0,0.0
Soup,Base.PotOfSoupRecipe,Base.Lobster,20,false,false,0.5,60.0,0.0,3.5,14.0,0.35,70.0
Soup,Base.PotOfSoupRecipe,Base.Macaroni,10,false,false,0.166667,560.0,109.333333,2.666667,18.666667,0.116667,653.333333
Soup,Base.PotOfSoupRecipe,Base.Margarine,4,false,true,0.0,0.0,0.0,0.0,0.0,0.0,0.0
Soup,Base.PotOfSoupRecipe,Base.MeatDumpling,15,false,false,1.0,28.0,8.0,3.0,15.0,0.7,32.666667
Soup,Base.PotOfSoupRecipe,Base.MixedVegetables,10,false,false,0.5,135.5,18.5,0.0,4.5,0.35,158.083333
Soup,Base.PotOfSoupRecipe,Base.MushroomGeneric1,13,false,false,1.0,30.0,2.12,0.24,2.04,0.7,35.0
Soup,Base.PotOfSoupRecipe,Base.MushroomGeneric2,13,false,false,1.0,30.0,2.12,0.24,2.04,0.7,35.0
Soup,Base.PotOfSoupRecipe,Base.MushroomGeneric3,15,false,false,1.0,32.0,2.56,0.32,2.36,0.7,37.333333
Soup,Base.PotOfSoupRecipe,Base.MushroomGeneric4,13,false,false,1.0,30.0,2.12,0.24,2.04,0.7,35.0
Soup,Base.PotOfSoupRecipe,Base.MushroomGeneric5,15,false,false,1.0,32.0,2.56,0.32,2.36,0.7,37.333333
Soup,Base.PotOfSoupRecipe,Base.MushroomGeneric6,13,false,false,1.0,30.0,2.12,0.24,2.04,0.7,35.0
Soup,Base.PotOfSoupRecipe,Base.MushroomGeneric7,13,false,false,1.0,32.0,2.12,0.24,2.04,0.7,37.333333
Soup,Base.PotOfSoupRecipe,Base.MushroomsButton,7,false,false,1.0,15.0,1.06,0.12,1.02,0.7,17.5
Soup,Base.PotOfSoupRecipe,Base.MuttonChop,15,false,false,0.5,117.0,0.04,5.5,16.5,0.35,136.5
Soup,Base.PotOfSoupRecipe,Base.Nettles,2,false,true,0.0,0.0,0.0,0.0,0.0,0.0,0.0
Soup,Base.PotOfSoupRecipe,Base.OilOlive,2,false,true,0.0,0.0,0.0,0.0,0.0,0.0,0.0
Soup,Base.PotOfSoupRecipe,Base.OilVegetable,5,false,true,0.0,0.0,0.0,0.0,0.0,0.0,0.0
Soup,Base.PotOfSoupRecipe,Base.Onion,5,false,false,0.5,14.0,3.27,0.035,0.385,0.35,16.333333
Soup,Base.PotOfSoupRecipe,Base.OpenBeans,24,false,false,1.0,170.0,33.0,1.0,7.0,0.7,198.333333
Soup,Base.PotOfSoupRecipe,Base.Oregano,1,false,true,0.0,0.0,0.0,0.0,0.0,0.0,0.0
Soup,Base.PotOfSoupRecipe,Base.OreganoDried,1,false,true,0.0,0.0,0.0,0.0,0.0,0.0,0.0
Soup,Base.PotOfSoupRecipe,Base.Oysters,5,false,false,1.0,15.0,10.0,4.0,22.0,0.7,17.5
Soup,Base.PotOfSoupRecipe,Base.OystersFried,6,false,false,1.0,25.0,11.0,4.0,20.0,0.7,29.166667
Soup,Base.PotOfSoupRecipe,Base.Parsley,1,false,true,0.0,0.0,0.0,0.0,0.0,0.0,0.0
Soup,Base.PotOfSoupRecipe,Base.ParsleyDried,1,false,true,0.0,0.0,0.0,0.0,0.0,0.0,0.0
Soup,Base.PotOfSoupRecipe,Base.Pasta,10,false,false,0.166667,560.0,109.333333,2.666667,18.666667,0.116667,653.333333
Soup,Base.PotOfSoupRecipe,Base.PeanutButter,5,false,false,0.2,532.0,25.6,44.8,16.8,0.14,620.666667
Soup,Base.PotOfSoupRecipe,Base.Peanuts,8,false,false,1.0,161.0,4.57,13.96,7.31,0.7,187.833333
Soup,Base.PotOfSoupRecipe,Base.Peas,10,false,false,0.5,59.5,10.225,0.425,3.975,0.35,69.416667
Soup,Base.PotOfSoupRecipe,Base.Pepper,1,false,true,0.0,0.0,0.0,0.0,0.0,0.0,0.0
Soup,Base.PotOfSoupRecipe,Base.PepperHabanero,2,false,true,0.0,0.0,0.0,0.0,0.0,0.0,0.0
Soup,Base.PotOfSoupRecipe,Base.PepperHabaneroDried,1,false,true,0.0,0.0,0.0,0.0,0.0,0.0,0.0
Soup,Base.PotOfSoupRecipe,Base.PepperJalapeno,2,false,true,0.0,0.0,0.0,0.0,0.0,0.0,0.0
Soup,Base.PotOfSoupRecipe,Base.PepperJalapenoDried,1,false,true,0.0,0.0,0.0,0.0,0.0,0.0,0.0
Soup,Base.PotOfSoupRecipe,Base.Pork,15,false,false,0.25,75.0,0.0,3.0,12.5,0.175,87.5
Soup,Base.PotOfSoupRecipe,Base.PorkChop,15,false,false,0.5,75.0,0.0,3.0,12.5,0.35,87.5
Soup,Base.PotOfSoupRecipe,Base.Potato,18,false,false,1.0,70.0,15.0,0.15,3.0,0.7,81.666667
Soup,Base.PotOfSoupRecipe,Base.PowderedGarlic,1,false,true,0.0,0.0,0.0,0.0,0.0,0.0,0.0
Soup,Base.PotOfSoupRecipe,Base.PowderedOnion,1,false,true,0.0,0.0,0.0,0.0,0.0,0.0,0.0
Soup,Base.PotOfSoupRecipe,Base.Pumpkin,20,false,false,0.5,202.0,10.225,10.305,17.265,0.35,235.666667
Soup,Base.PotOfSoupRecipe,Base.PumpkinSliced,4,false,false,1.0,40.0,2.04,2.06,3.45,0.7,46.666667
Soup,Base.PotOfSoupRecipe,Base.PumpkinSmashed,8,false,false,1.0,80.0,4.09,4.12,6.9,0.7,93.333333
Soup,Base.PotOfSoupRecipe,Base.Rabbitmeat,15,false,false,0.5,484.5,10.0,10.0,92.5,0.35,565.25
Soup,Base.PotOfSoupRecipe,Base.Ramen,10,false,false,1.0,52.0,0.0,14.0,10.0,0.7,60.666667
Soup,Base.PotOfSoupRecipe,Base.RedRadish,3,false,false,1.0,1.0,0.15,0.0,0.0,0.7,1.166667
Soup,Base.PotOfSoupRecipe,Base.Rosehips,6,false,true,0.0,0.0,0.0,0.0,0.0,0.0,0.0
Soup,Base.PotOfSoupRecipe,Base.Rosemary,1,false,true,0.0,0.0,0.0,0.0,0.0,0.0,0.0
Soup,Base.PotOfSoupRecipe,Base.RosemaryDried,1,false,true,0.0,0.0,0.0,0.0,0.0,0.0,0.0
Soup,Base.PotOfSoupRecipe,Base.Sage,1,false,true,0.0,0.0,0.0,0.0,0.0,0.0,0.0
Soup,Base.PotOfSoupRecipe,Base.SageDried,1,false,true,0.0,0.0,0.0,0.0,0.0,0.0,0.0
Soup,Base.PotOfSoupRecipe,Base.Salmon,15,false,false,0.5,135.0,0.0,5.275,17.14,0.35,157.5
Soup,Base.PotOfSoupRecipe,Base.Salt,1,false,true,0.0,0.0,0.0,0.0,0.0,0.0,0.0
Soup,Base.PotOfSoupRecipe,Base.SeasoningSalt,1,false,true,0.0,0.0,0.0,0.0,0.0,0.0,0.0
Soup,Base.PotOfSoupRecipe,Base.Seasoning_Basil,1,false,true,0.0,0.0,0.0,0.0,0.0,0.0,0.0
Soup,Base.PotOfSoupRecipe,Base.Seasoning_Chives,1,false,true,0.0,0.0,0.0,0.0,0.0,0.0,0.0
Soup,Base.PotOfSoupRecipe,Base.Seasoning_Cilantro,1,false,true,0.0,0.0,0.0,0.0,0.0,0.0,0.0
Soup,Base.PotOfSoupRecipe,Base.Seasoning_Oregano,1,false,true,0.0,0.0,0.0,0.0,0.0,0.0,0.0
Soup,Base.PotOfSoupRecipe,Base.Seasoning_Parsley,1,false,true,0.0,0.0,0.0,0.0,0.0,0.0,0.0
Soup,Base.PotOfSoupRecipe,Base.Seasoning_Rosemary,1,false,true,0.0,0.0,0.0,0.0,0.0,0.0,0.0
Soup,Base.PotOfSoupRecipe,Base.Seasoning_Sage,1,false,true,0.0,0.0,0.0,0.0,0.0,0.0,0.0
Soup,Base.PotOfSoupRecipe,Base.Seasoning_Thyme,1,false,true,0.0,0.0,0.0,0.0,0.0,0.0,0.0
Soup,Base.PotOfSoupRecipe,Base.Seaweed,3,false,true,0.0,0.0,0.0,0.0,0.0,0.0,0.0
Soup,Base.PotOfSoupRecipe,Base.Shrimp,10,false,false,1.0,80.0,0.0,7.0,10.0,0.7,93.333333
Soup,Base.PotOfSoupRecipe,Base.ShrimpDumpling,15,false,false,1.0,120.0,5.0,7.0,15.0,0.7,140.0
Soup,Base.PotOfSoupRecipe,Base.Smallanimalmeat,15,false,false,1.0,201.0,5.0,7.25,45.0,0.7,234.5
Soup,Base.PotOfSoupRecipe,Base.Smallbirdmeat,15,false,false,1.0,261.0,5.0,8.25,90.0,0.7,304.5
Soup,Base.PotOfSoupRecipe,Base.Soybeans,5,false,false,1.0,25.0,10.45,0.45,3.95,0.7,29.166667
Soup,Base.PotOfSoupRecipe,Base.SoybeansSeed,5,false,false,1.0,5.0,2.0,0.1,0.8,0.7,5.833333
Soup,Base.PotOfSoupRecipe,Base.Spinach,10,false,false,1.0,24.0,3.0,0.0,4.0,0.7,28.0
Soup,Base.PotOfSoupRecipe,Base.Squash,20,false,false,1.0,202.0,10.22,10.3,17.26,0.7,235.666667
Soup,Base.PotOfSoupRecipe,Base.Squid,15,false,false,0.5,102.5,0.5,6.5,16.26,0.35,119.583333
Soup,Base.PotOfSoupRecipe,Base.SquidCalamari,10,false,false,1.0,105.0,3.0,0.0,18.0,0.7,122.5
Soup,Base.PotOfSoupRecipe,Base.SweetPotato,18,false,false,1.0,70.0,14.52,0.15,2.88,0.7,81.666667
Soup,Base.PotOfSoupRecipe,Base.Thistle,2,false,true,0.0,0.0,0.0,0.0,0.0,0.0,0.0
Soup,Base.PotOfSoupRecipe,Base.Thyme,1,false,true,0.0,0.0,0.0,0.0,0.0,0.0,0.0
Soup,Base.PotOfSoupRecipe,Base.ThymeDried,1,false,true,0.0,0.0,0.0,0.0,0.0,0.0,0.0
Soup,Base.PotOfSoupRecipe,Base.TinnedSoupOpen,25,false,false,1.0,125.0,20.0,2.5,7.5,0.7,145.833333
Soup,Base.PotOfSoupRecipe,Base.Tofu,10,false,false,1.0,30.0,1.0,1.0,5.0,0.7,35.0
Soup,Base.PotOfSoupRecipe,Base.TofuFried,15,false,false,1.0,35.0,3.0,1.0,5.0,0.7,40.833333
Soup,Base.PotOfSoupRecipe,Base.Tomato,12,false,false,1.0,14.0,3.5,0.2,1.3,0.7,16.333333
Soup,Base.PotOfSoupRecipe,Base.TomatoPaste,3,false,true,0.0,0.0,0.0,0.0,0.0,0.0,0.0
Soup,Base.PotOfSoupRecipe,Base.TurkeyEgg,10,false,false,1.0,71.0,0.37,4.54,5.78,0.7,82.833333
Soup,Base.PotOfSoupRecipe,Base.TurkeyFillet,20,false,false,0.4,92.0,0.0,4.0,12.8,0.28,107.333333
Soup,Base.PotOfSoupRecipe,Base.TurkeyLegs,31,false,false,0.738095,169.761905,0.0,6.642857,28.047619,0.516667,198.055556
Soup,Base.PotOfSoupRecipe,Base.TurkeyWings,25,false,false,0.833333,166.666667,0.0,8.333333,26.666667,0.583333,194.444444
Soup,Base.PotOfSoupRecipe,Base.Turnip,18,false,false,1.0,70.0,14.52,0.15,2.88,0.7,81.666667
Soup,Base.PotOfSoupRecipe,Base.Wasabi,1,false,true,0.0,0.0,0.0,0.0,0.0,0.0,0.0
Soup,Base.PotOfSoupRecipe,Base.WaterPotForgedRice,10,false,false,1.0,480.0,108.0,0.0,12.0,0.7,560.0
Soup,Base.PotOfSoupRecipe,Base.WaterPotRice,10,false,false,1.0,480.0,108.0,0.0,12.0,0.7,560.0
Soup,Base.PotOfSoupRecipe,Base.WaterSaucepanRice,10,false,false,1.0,480.0,108.0,0.0,12.0,0.7,560.0
Soup,Base.PotOfSoupRecipe,Base.WaterSaucepanRiceCopper,10,false,false,1.0,480.0,108.0,0.0,12.0,0.7,560.0
Soup,Base.PotOfSoupRecipe,Base.WildEggs,7,false,false,1.0,63.0,0.32,4.18,5.55,0.7,73.5
Soup,Base.PotOfSoupRecipe,Base.WildGarlic2,1,false,true,0.0,0.0,0.0,0.0,0.0,0.0,0.0
Soup,Base.PotOfSoupRecipe,Base.WildGarlicDried,1,false,true,0.0,0.0,0.0,0.0,0.0,0.0,0.0
Soup,Base.PotOfSoupRecipe,Base.Zucchini,10,false,false,1.0,33.0,6.1,0.63,2.37,0.7,38.5
Soup,Base.PotOfSoupRecipe,Base.cheese_powdered,14,false,false,1.0,130.0,20.7,9.7,21.0,0.7,151.666667
Soup2,Base.PotOfSoup,Base.Acorn,10,false,false,1.0,55.0,12.0,24.0,6.0,0.7,64.166667
Soup2,Base.PotOfSoup,Base.Avocado,16,false,false,1.0,227.0,11.75,20.96,2.67,0.7,264.833333
Soup2,Base.PotOfSoup,Base.Baguette,5,false,false,0.217391,115.652174,21.521739,1.447826,3.847826,0.152174,134.927536
Soup2,Base.PotOfSoup,Base.Basil,1,false,true,0.0,0.0,0.0,0.0,0.0,0.0,0.0
Soup2,Base.PotOfSoup,Base.BasilDried,1,false,true,0.0,0.0,0.0,0.0,0.0,0.0,0.0
Soup2,Base.PotOfSoup,Base.BeanBowl,24,false,false,1.0,170.0,33.0,1.0,7.0,0.7,198.333333
Soup2,Base.PotOfSoup,Base.BellPepper,8,false,false,1.0,30.0,7.0,0.0,1.0,0.7,35.0
Soup2,Base.PotOfSoup,Base.Biscuit,5,false,false,1.0,160.0,22.0,8.0,1.0,0.7,186.666667
Soup2,Base.PotOfSoup,Base.Blackbeans,10,false,false,1.0,45.0,10.45,0.45,3.95,0.7,52.5
Soup2,Base.PotOfSoup,Base.BouillonCube,3,false,true,0.0,0.0,0.0,0.0,0.0,0.0,0.0
Soup2,Base.PotOfSoup,Base.Bread,5,false,false,0.166667,88.666667,16.5,1.11,2.95,0.116667,103.444444
Soup2,Base.PotOfSoup,Base.BreadSlices,5,false,false,0.5,88.5,16.5,1.11,2.95,0.35,103.25
Soup2,Base.PotOfSoup,Base.Broccoli,9,false,false,1.0,11.0,2.0,0.1,0.9,0.7,12.833333
Soup2,Base.PotOfSoup,Base.BunsHamburger_single,5,false,false,0.5,88.5,16.5,1.11,2.95,0.35,103.25
Soup2,Base.PotOfSoup,Base.BunsHotdog_single,5,false,false,0.5,88.5,16.5,1.11,2.95,0.35,103.25
Soup2,Base.PotOfSoup,Base.Butter,4,false,true,0.0,0.0,0.0,0.0,0.0,0.0,0.0
Soup2,Base.PotOfSoup,Base.Cabbage,12,false,false,0.5,90.0,20.5,0.35,4.5,0.35,105.0
Soup2,Base.PotOfSoup,Base.CannedBellPepper_Open,8,false,false,0.166667,30.0,7.0,0.0,1.0,0.116667,35.0
Soup2,Base.PotOfSoup,Base.CannedBroccoli_Open,9,false,false,0.2,11.0,2.0,0.1,0.9,0.14,12.833333
Soup2,Base.PotOfSoup,Base.CannedCabbage_Open,12,false,false,0.25,90.0,20.5,0.35,4.5,0.175,105.0
Soup2,Base.PotOfSoup,Base.CannedCarrotsOpen,12,false,false,1.0,10.5,28.0,0.0,0.0,0.7,12.25
Soup2,Base.PotOfSoup,Base.CannedCarrots_Open,8,false,false,0.2,25.0,6.0,0.15,0.6,0.14,29.166667
Soup2,Base.PotOfSoup,Base.CannedCornOpen,16,false,false,1.0,315.0,70.0,1.75,7.0,0.7,367.5
Soup2,Base.PotOfSoup,Base.CannedEggplant_Open,16,false,false,0.333333,114.0,27.0,0.8,4.5,0.233333,133.0
Soup2,Base.PotOfSoup,Base.CannedLeek_Open,12,false,false,0.25,54.0,140.0,0.3,3.8,0.175,63.0
Soup2,Base.PotOfSoup,Base.CannedMushroomSoupOpen,10,false,false,1.0,160.0,19.0,8.0,3.0,0.7,186.666667
Soup2,Base.PotOfSoup,Base.CannedPeasOpen,16,false,false,1.0,280.0,52.5,0.0,14.0,0.7,326.666667
Soup2,Base.PotOfSoup,Base.CannedPotatoOpen,18,false,false,1.0,175.0,35.0,0.0,2.5,0.7,204.166667
Soup2,Base.PotOfSoup,Base.CannedPotato_Open,18,false,false,0.375,78.75,16.875,0.16875,3.375,0.2625,91.875
Soup2,Base.PotOfSoup,Base.CannedRedRadish_Open,3,false,false,0.066667,1.0,0.15,0.0,0.0,0.046667,1.166667
Soup2,Base.PotOfSoup,Base.CannedRoe_Open,2,false,false,0.2,30.0,0.0,2.2,2.8,0.14,35.0
Soup2,Base.PotOfSoup,Base.CannedTomatoOpen,12,false,false,1.0,90.0,18.0,0.0,3.0,0.7,105.0
Soup2,Base.PotOfSoup,Base.CannedTomato_Open,12,false,false,0.25,14.0,3.5,0.2,1.3,0.175,16.333333
Soup2,Base.PotOfSoup,Base.Carrots,8,false,false,1.0,25.0,6.0,0.15,0.6,0.7,29.166667
Soup2,Base.PotOfSoup,Base.Cauliflower,9,false,false,1.0,24.0,3.0,0.0,4.0,0.7,28.0
Soup2,Base.PotOfSoup,Base.Cheese,10,false,false,0.666667,75.333333,0.58,6.22,4.266667,0.466667,87.888889
Soup2,Base.PotOfSoup,Base.Chicken,30,false,false,0.909091,209.090909,0.0,8.181818,34.545455,0.636364,243.939394
Soup2,Base.PotOfSoup,Base.ChickenFillet,18,false,false,0.6,138.0,0.0,5.4,22.8,0.42,161.0
Soup2,Base.PotOfSoup,Base.ChickenWings,15,false,false,0.789474,150.0,0.0,4.736842,17.368421,0.552632,175.0
Soup2,Base.PotOfSoup,Base.Chives,1,false,true,0.0,0.0,0.0,0.0,0.0,0.0,0.0
Soup2,Base.PotOfSoup,Base.ChivesDried,1,false,true,0.0,0.0,0.0,0.0,0.0,0.0,0.0
Soup2,Base.PotOfSoup,Base.Cilantro,1,false,true,0.0,0.0,0.0,0.0,0.0,0.0,0.0
Soup2,Base.PotOfSoup,Base.CilantroDried,1,false,true,0.0,0.0,0.0,0.0,0.0,0.0,0.0
Soup2,Base.PotOfSoup,Base.CilantroSeed,1,false,true,0.0,0.0,0.0,0.0,0.0,0.0,0.0
Soup2,Base.PotOfSoup,Base.Cinnamon,1,false,true,0.0,0.0,0.0,0.0,0.0,0.0,0.0
Soup2,Base.PotOfSoup,Base.CommonMallow,1,false,true,0.0,0.0,0.0,0.0,0.0,0.0,0.0
Soup2,Base.PotOfSoup,Base.Corn,14,false,false,1.0,88.0,26.74,1.93,4.68,0.7,102.666667
Soup2,Base.PotOfSoup,Base.CornFrozen,10,false,false,0.5,198.0,47.0,2.5,7.5,0.35,231.0
Soup2,Base.PotOfSoup,Base.CornSeed,1,false,false,0.25,6.2,1.9,0.14,0.33,0.175,7.233333
Soup2,Base.PotOfSoup,Base.Cornbread,5,false,false,0.5,150.0,27.0,5.0,3.5,0.35,175.0
Soup2,Base.PotOfSoup,Base.Cornflour2,6,false,true,0.0,0.0,0.0,0.0,0.0,0.0,0.0
Soup2,Base.PotOfSoup,Base.Cornmeal2,6,false,true,0.0,0.0,0.0,0.0,0.0,0.0,0.0
Soup2,Base.PotOfSoup,Base.Crackers,5,false,false,1.0,70.0,12.0,6.0,1.0,0.7,81.666667
Soup2,Base.PotOfSoup,Base.Crayfish,10,false,false,1.0,40.0,0.0,2.0,8.0,0.7,46.666667
Soup2,Base.PotOfSoup,Base.Cucumber,10,false,false,1.0,33.0,6.1,0.63,2.37,0.7,38.5
Soup2,Base.PotOfSoup,Base.Daikon,6,false,false,0.5,27.0,6.295,0.135,0.67,0.35,31.5
Soup2,Base.PotOfSoup,Base.Dandelions,5,false,false,1.0,25.0,5.0,0.5,1.5,0.7,29.166667
Soup2,Base.PotOfSoup,Base.DeadBird,10,false,false,0.666667,107.333333,0.333333,1.333333,14.666667,0.466667,125.222222
Soup2,Base.PotOfSoup,Base.DeadMouse,10,false,false,1.0,220.0,0.7,3.15,9.5,0.7,256.666667
Soup2,Base.PotOfSoup,Base.DeadMousePups,5,false,false,1.0,110.0,0.35,1.58,4.2,0.7,128.333333
Soup2,Base.PotOfSoup,Base.DeadMousePupsSkinned,5,false,false,1.0,110.0,0.35,1.58,4.2,0.7,128.333333
Soup2,Base.PotOfSoup,Base.DeadMouseSkinned,10,false,false,1.0,220.0,0.7,3.15,9.5,0.7,256.666667
Soup2,Base.PotOfSoup,Base.DeadRat,15,false,false,0.681818,220.909091,0.0,10.909091,27.272727,0.477273,257.727273
Soup2,Base.PotOfSoup,Base.DeadRatBaby,10,false,false,0.833333,145.5,0.0,7.166667,18.0,0.583333,169.75
Soup2,Base.PotOfSoup,Base.DeadRatBabySkinned,10,false,false,0.833333,145.5,0.0,7.166667,18.0,0.583333,169.75
Soup2,Base.PotOfSoup,Base.DeadRatSkinned,15,false,false,0.681818,220.909091,0.0,10.909091,27.272727,0.477273,257.727273
Soup2,Base.PotOfSoup,Base.DeadSquirrel,15,false,false,0.46875,225.0,0.0,7.03125,39.75,0.328125,262.5
Soup2,Base.PotOfSoup,Base.DriedBlackBeans,10,false,false,0.166667,514.0,96.666667,0.0,33.166667,0.116667,599.666667
Soup2,Base.PotOfSoup,Base.DriedChickpeas,10,false,false,0.166667,475.166667,90.666667,0.0,30.166667,0.116667,554.361111
Soup2,Base.PotOfSoup,Base.DriedKidneyBeans,10,false,false,0.166667,544.166667,84.666667,2.166667,45.333333,0.116667,634.861111
Soup2,Base.PotOfSoup,Base.DriedLentils,10,false,false,0.166667,500.0,90.0,0.0,36.666667,0.116667,583.333333
Soup2,Base.PotOfSoup,Base.DriedSplitPeas,10,false,false,0.166667,369.5,90.666667,0.0,36.833333,0.116667,431.083333
Soup2,Base.PotOfSoup,Base.DriedWhiteBeans,10,false,false,0.166667,470.5,87.833333,1.666667,31.333333,0.116667,548.916667
Soup2,Base.PotOfSoup,Base.Edamame,5,false,false,1.0,25.0,10.45,0.45,3.95,0.7,29.166667
Soup2,Base.PotOfSoup,Base.Egg,7,false,false,1.0,63.0,0.32,4.18,5.55,0.7,73.5
Soup2,Base.PotOfSoup,Base.EggBoiled,10,false,false,1.0,63.0,0.32,4.18,5.55,0.7,73.5
Soup2,Base.PotOfSoup,Base.Eggplant,16,false,false,1.0,114.0,27.0,0.8,4.5,0.7,133.0
Soup2,Base.PotOfSoup,Base.FishFillet,15,false,false,0.6,123.0,0.6,7.2,17.112,0.42,143.5
Soup2,Base.PotOfSoup,Base.FishFried,15,false,false,0.5,105.0,3.5,6.0,8.0,0.35,122.5
Soup2,Base.PotOfSoup,Base.FishRoe,2,false,true,0.0,0.0,0.0,0.0,0.0,0.0,0.0
Soup2,Base.PotOfSoup,Base.Flour2,6,false,true,0.0,0.0,0.0,0.0,0.0,0.0,0.0
Soup2,Base.PotOfSoup,Base.FourLeafClover,1,false,true,0.0,0.0,0.0,0.0,0.0,0.0,0.0
Soup2,Base.PotOfSoup,Base.FrogMeat,10,false,false,1.0,66.0,0.0,0.28,14.6,0.7,77.0
Soup2,Base.PotOfSoup,Base.Garlic,1,false,true,0.0,0.0,0.0,0.0,0.0,0.0,0.0
Soup2,Base.PotOfSoup,Base.GingerPickled,1,false,true,0.0,0.0,0.0,0.0,0.0,0.0,0.0
Soup2,Base.PotOfSoup,Base.GingerRoot,2,false,true,0.0,0.0,0.0,0.0,0.0,0.0,0.0
Soup2,Base.PotOfSoup,Base.GrapeLeaves,4,false,false,1.0,73.0,11.0,2.0,4.0,0.7,85.166667
Soup2,Base.PotOfSoup,Base.GreenOnions,1,false,true,0.0,0.0,0.0,0.0,0.0,0.0,0.0
Soup2,Base.PotOfSoup,Base.Greenpeas,4,false,false,1.0,70.0,13.125,0.0,3.5,0.7,81.666667
Soup2,Base.PotOfSoup,Base.GreenpeasSeed,1,false,false,1.0,17.5,3.25,0.0,0.875,0.7,20.416667
Soup2,Base.PotOfSoup,Base.HamSlice,10,false,false,1.0,260.0,15.16,13.0,19.5,0.7,303.333333
Soup2,Base.PotOfSoup,Base.Kale,8,false,false,0.5,89.0,20.705,0.355,4.57,0.35,103.833333
Soup2,Base.PotOfSoup,Base.Lard,4,false,true,0.0,0.0,0.0,0.0,0.0,0.0,0.0
Soup2,Base.PotOfSoup,Base.Leek,12,false,false,1.0,54.0,140.0,0.3,1.3,0.7,63.0
Soup2,Base.PotOfSoup,Base.Lemon,10,false,true,0.0,0.0,0.0,0.0,0.0,0.0,0.0
Soup2,Base.PotOfSoup,Base.LemonGrass,1,false,true,0.0,0.0,0.0,0.0,0.0,0.0,0.0
Soup2,Base.PotOfSoup,Base.Lime,10,false,true,0.0,0.0,0.0,0.0,0.0,0.0,0.0
Soup2,Base.PotOfSoup,Base.Lobster,20,false,false,0.5,60.0,0.0,3.5,14.0,0.35,70.0
Soup2,Base.PotOfSoup,Base.Macaroni,10,false,false,0.166667,560.0,109.333333,2.666667,18.666667,0.116667,653.333333
Soup2,Base.PotOfSoup,Base.Margarine,4,false,true,0.0,0.0,0.0,0.0,0.0,0.0,0.0
Soup2,Base.PotOfSoup,Base.MeatDumpling,15,false,false,1.0,28.0,8.0,3.0,15.0,0.7,32.666667
Soup2,Base.PotOfSoup,Base.MixedVegetables,10,false,false,0.5,135.5,18.5,0.0,4.5,0.35,158.083333
Soup2,Base.PotOfSoup,Base.MushroomGeneric1,13,false,false,1.0,30.0,2.12,0.24,2.04,0.7,35.0
Soup2,Base.PotOfSoup,Base.MushroomGeneric2,13,false,false,1.0,30.0,2.12,0.24,2.04,0.7,35.0
Soup2,Base.PotOfSoup,Base.MushroomGeneric3,15,false,false,1.0,32.0,2.56,0.32,2.36,0.7,37.333333
Soup2,Base.PotOfSoup,Base.MushroomGeneric4,13,false,false,1.0,30.0,2.12,0.24,2.04,0.7,35.0
Soup2,Base.PotOfSoup,Base.MushroomGeneric5,15,false,false,1.0,32.0,2.56,0.32,2.36,0.7,37.333333
Soup2,Base.PotOfSoup,Base.MushroomGeneric6,13,false,false,1.0,30.0,2.12,0.24,2.04,0.7,35.0
Soup2,Base.PotOfSoup,Base.MushroomGeneric7,13,false,false,1.0,32.0,2.12,0.24,2.04,0.7,37.333333
Soup2,Base.PotOfSoup,Base.MushroomsButton,7,false,false,1.0,15.0,1.06,0.12,1.02,0.7,17.5
Soup2,Base.PotOfSoup,Base.MuttonChop,15,false,false,0.5,117.0,0.04,5.5,16.5,0.35,136.5
Soup2,Base.PotOfSoup,Base.Nettles,2,false,true,0.0,0.0,0.0,0.0,0.0,0.0,0.0
Soup2,Base.PotOfSoup,Base.OilOlive,2,false,true,0.0,0.0,0.0,0.0,0.0,0.0,0.0
Soup2,Base.PotOfSoup,Base.OilVegetable,5,false,true,0.0,0.0,0.0,0.0,0.0,0.0,0.0
Soup2,Base.PotOfSoup,Base.Onion,5,false,false,0.5,14.0,3.27,0.035,0.385,0.35,16.333333
Soup2,Base.PotOfSoup,Base.OpenBeans,24,false,false,1.0,170.0,33.0,1.0,7.0,0.7,198.333333
Soup2,Base.PotOfSoup,Base.Oregano,1,false,true,0.0,0.0,0.0,0.0,0.0,0.0,0.0
Soup2,Base.PotOfSoup,Base.OreganoDried,1,false,true,0.0,0.0,0.0,0.0,0.0,0.0,0.0
Soup2,Base.PotOfSoup,Base.Oysters,5,false,false,1.0,15.0,10.0,4.0,22.0,0.7,17.5
Soup2,Base.PotOfSoup,Base.OystersFried,6,false,false,1.0,25.0,11.0,4.0,20.0,0.7,29.166667
Soup2,Base.PotOfSoup,Base.Parsley,1,false,true,0.0,0.0,0.0,0.0,0.0,0.0,0.0
Soup2,Base.PotOfSoup,Base.ParsleyDried,1,false,true,0.0,0.0,0.0,0.0,0.0,0.0,0.0
Soup2,Base.PotOfSoup,Base.Pasta,10,false,false,0.166667,560.0,109.333333,2.666667,18.666667,0.116667,653.333333
Soup2,Base.PotOfSoup,Base.PeanutButter,5,false,false,0.2,532.0,25.6,44.8,16.8,0.14,620.666667
Soup2,Base.PotOfSoup,Base.Peanuts,8,false,false,1.0,161.0,4.57,13.96,7.31,0.7,187.833333
Soup2,Base.PotOfSoup,Base.Peas,10,false,false,0.5,59.5,10.225,0.425,3.975,0.35,69.416667
Soup2,Base.PotOfSoup,Base.Pepper,1,false,true,0.0,0.0,0.0,0.0,0.0,0.0,0.0
Soup2,Base.PotOfSoup,Base.PepperHabanero,2,false,true,0.0,0.0,0.0,0.0,0.0,0.0,0.0
Soup2,Base.PotOfSoup,Base.PepperHabaneroDried,1,false,true,0.0,0.0,0.0,0.0,0.0,0.0,0.0
Soup2,Base.PotOfSoup,Base.PepperJalapeno,2,false,true,0.0,0.0,0.0,0.0,0.0,0.0,0.0
Soup2,Base.PotOfSoup,Base.PepperJalapenoDried,1,false,true,0.0,0.0,0.0,0.0,0.0,0.0,0.0
Soup2,Base.PotOfSoup,Base.Pork,15,false,false,0.25,75.0,0.0,3.0,12.5,0.175,87.5
Soup2,Base.PotOfSoup,Base.PorkChop,15,false,false,0.5,75.0,0.0,3.0,12.5,0.35,87.5
Soup2,Base.PotOfSoup,Base.Potato,18,false,false,1.0,70.0,15.0,0.15,3.0,0.7,81.666667
Soup2,Base.PotOfSoup,Base.PowderedGarlic,1,false,true,0.0,0.0,0.0,0.0,0.0,0.0,0.0
Soup2,Base.PotOfSoup,Base.PowderedOnion,1,false,true,0.0,0.0,0.0,0.0,0.0,0.0,0.0
Soup2,Base.PotOfSoup,Base.Pumpkin,20,false,false,0.5,202.0,10.225,10.305,17.265,0.35,235.666667
Soup2,Base.PotOfSoup,Base.PumpkinSliced,4,false,false,1.0,40.0,2.04,2.06,3.45,0.7,46.666667
Soup2,Base.PotOfSoup,Base.PumpkinSmashed,8,false,false,1.0,80.0,4.09,4.12,6.9,0.7,93.333333
Soup2,Base.PotOfSoup,Base.Rabbitmeat,15,false,false,0.5,484.5,10.0,10.0,92.5,0.35,565.25
Soup2,Base.PotOfSoup,Base.Ramen,10,false,false,1.0,52.0,0.0,14.0,10.0,0.7,60.666667
Soup2,Base.PotOfSoup,Base.RedRadish,3,false,false,1.0,1.0,0.15,0.0,0.0,0.7,1.166667
Soup2,Base.PotOfSoup,Base.Rosehips,6,false,true,0.0,0.0,0.0,0.0,0.0,0.0,0.0
Soup2,Base.PotOfSoup,Base.Rosemary,1,false,true,0.0,0.0,0.0,0.0,0.0,0.0,0.0
Soup2,Base.PotOfSoup,Base.RosemaryDried,1,false,true,0.0,0.0,0.0,0.0,0.0,0.0,0.0
Soup2,Base.PotOfSoup,Base.Sage,1,false,true,0.0,0.0,0.0,0.0,0.0,0.0,0.0
Soup2,Base.PotOfSoup,Base.SageDried,1,false,true,0.0,0.0,0.0,0.0,0.0,0.0,0.0
Soup2,Base.PotOfSoup,Base.Salmon,15,false,false,0.5,135.0,0.0,5.275,17.14,0.35,157.5
Soup2,Base.PotOfSoup,Base.Salt,1,false,true,0.0,0.0,0.0,0.0,0.0,0.0,0.0
Soup2,Base.PotOfSoup,Base.SeasoningSalt,1,false,true,0.0,0.0,0.0,0.0,0.0,0.0,0.0
Soup2,Base.PotOfSoup,Base.Seasoning_Basil,1,false,true,0.0,0.0,0.0,0.0,0.0,0.0,0.0
Soup2,Base.PotOfSoup,Base.Seasoning_Chives,1,false,true,0.0,0.0,0.0,0.0,0.0,0.0,0.0
Soup2,Base.PotOfSoup,Base.Seasoning_Cilantro,1,false,true,0.0,0.0,0.0,0.0,0.0,0.0,0.0
Soup2,Base.PotOfSoup,Base.Seasoning_Oregano,1,false,true,0.0,0.0,0.0,0.0,0.0,0.0,0.0
Soup2,Base.PotOfSoup,Base.Seasoning_Parsley,1,false,true,0.0,0.0,0.0,0.0,0.0,0.0,0.0
Soup2,Base.PotOfSoup,Base.Seasoning_Rosemary,1,false,true,0.0,0.0,0.0,0.0,0.0,0.0,0.0
Soup2,Base.PotOfSoup,Base.Seasoning_Sage,1,false,true,0.0,0.0,0.0,0.0,0.0,0.0,0.0
Soup2,Base.PotOfSoup,Base.Seasoning_Thyme,1,false,true,0.0,0.0,0.0,0.0,0.0,0.0,0.0
Soup2,Base.PotOfSoup,Base.Seaweed,3,false,true,0.0,0.0,0.0,0.0,0.0,0.0,0.0
Soup2,Base.PotOfSoup,Base.Shrimp,10,false,false,1.0,80.0,0.0,7.0,10.0,0.7,93.333333
Soup2,Base.PotOfSoup,Base.ShrimpDumpling,15,false,false,1.0,120.0,5.0,7.0,15.0,0.7,140.0
Soup2,Base.PotOfSoup,Base.Smallanimalmeat,15,false,false,1.0,201.0,5.0,7.25,45.0,0.7,234.5
Soup2,Base.PotOfSoup,Base.Smallbirdmeat,15,false,false,1.0,261.0,5.0,8.25,90.0,0.7,304.5
Soup2,Base.PotOfSoup,Base.Soybeans,5,false,false,1.0,25.0,10.45,0.45,3.95,0.7,29.166667
Soup2,Base.PotOfSoup,Base.SoybeansSeed,5,false,false,1.0,5.0,2.0,0.1,0.8,0.7,5.833333
Soup2,Base.PotOfSoup,Base.Spinach,10,false,false,1.0,24.0,3.0,0.0,4.0,0.7,28.0
Soup2,Base.PotOfSoup,Base.Squash,20,false,false,1.0,202.0,10.22,10.3,17.26,0.7,235.666667
Soup2,Base.PotOfSoup,Base.Squid,15,false,false,0.5,102.5,0.5,6.5,16.26,0.35,119.583333
Soup2,Base.PotOfSoup,Base.SquidCalamari,10,false,false,1.0,105.0,3.0,0.0,18.0,0.7,122.5
Soup2,Base.PotOfSoup,Base.SweetPotato,18,false,false,1.0,70.0,14.52,0.15,2.88,0.7,81.666667
Soup2,Base.PotOfSoup,Base.Thistle,2,false,true,0.0,0.0,0.0,0.0,0.0,0.0,0.0
Soup2,Base.PotOfSoup,Base.Thyme,1,false,true,0.0,0.0,0.0,0.0,0.0,0.0,0.0
Soup2,Base.PotOfSoup,Base.ThymeDried,1,false,true,0.0,0.0,0.0,0.0,0.0,0.0,0.0
Soup2,Base.PotOfSoup,Base.TinnedSoupOpen,25,false,false,1.0,125.0,20.0,2.5,7.5,0.7,145.833333
Soup2,Base.PotOfSoup,Base.Tofu,10,false,false,1.0,30.0,1.0,1.0,5.0,0.7,35.0
Soup2,Base.PotOfSoup,Base.TofuFried,15,false,false,1.0,35.0,3.0,1.0,5.0,0.7,40.833333
Soup2,Base.PotOfSoup,Base.Tomato,12,false,false,1.0,14.0,3.5,0.2,1.3,0.7,16.333333
Soup2,Base.PotOfSoup,Base.TomatoPaste,3,false,true,0.0,0.0,0.0,0.0,0.0,0.0,0.0
Soup2,Base.PotOfSoup,Base.TurkeyEgg,10,false,false,1.0,71.0,0.37,4.54,5.78,0.7,82.833333
Soup2,Base.PotOfSoup,Base.TurkeyFillet,20,false,false,0.4,92.0,0.0,4.0,12.8,0.28,107.333333
Soup2,Base.PotOfSoup,Base.TurkeyLegs,31,false,false,0.738095,169.761905,0.0,6.642857,28.047619,0.516667,198.055556
Soup2,Base.PotOfSoup,Base.TurkeyWings,25,false,false,0.833333,166.666667,0.0,8.333333,26.666667,0.583333,194.444444
Soup2,Base.PotOfSoup,Base.Turnip,18,false,false,1.0,70.0,14.52,0.15,2.88,0.7,81.666667
Soup2,Base.PotOfSoup,Base.Wasabi,1,false,true,0.0,0.0,0.0,0.0,0.0,0.0,0.0
Soup2,Base.PotOfSoup,Base.WaterPotForgedRice,10,false,false,1.0,480.0,108.0,0.0,12.0,0.7,560.0
Soup2,Base.PotOfSoup,Base.WaterPotRice,10,false,false,1.0,480.0,108.0,0.0,12.0,0.7,560.0
Soup2,Base.PotOfSoup,Base.WaterSaucepanRice,10,false,false,1.0,480.0,108.0,0.0,12.0,0.7,560.0
Soup2,Base.PotOfSoup,Base.WaterSaucepanRiceCopper,10,false,false,1.0,480.0,108.0,0.0,12.0,0.7,560.0
Soup2,Base.PotOfSoup,Base.WildEggs,7,false,false,1.0,63.0,0.32,4.18,5.55,0.7,73.5
Soup2,Base.PotOfSoup,Base.WildGarlic2,1,false,true,0.0,0.0,0.0,0.0,0.0,0.0,0.0
Soup2,Base.PotOfSoup,Base.WildGarlicDried,1,false,true,0.0,0.0,0.0,0.0,0.0,0.0,0.0
Soup2,Base.PotOfSoup,Base.Zucchini,10,false,false,1.0,33.0,6.1,0.63,2.37,0.7,38.5
Soup2,Base.PotOfSoup,Base.cheese_powdered,14,false,false,1.0,130.0,20.7,9.7,21.0,0.7,151.666667
SoupBucket,Base.BucketOfSoup,Base.Acorn,10,false,false,1.0,55.0,12.0,24.0,6.0,0.7,64.166667
SoupBucket,Base.BucketOfSoup,Base.Avocado,16,false,false,1.0,227.0,11.75,20.96,2.67,0.7,264.833333
SoupBucket,Base.BucketOfSoup,Base.Baguette,5,false,false,0.217391,115.652174,21.521739,1.447826,3.847826,0.152174,134.927536
SoupBucket,Base.BucketOfSoup,Base.Basil,1,false,true,0.0,0.0,0.0,0.0,0.0,0.0,0.0
SoupBucket,Base.BucketOfSoup,Base.BasilDried,1,false,true,0.0,0.0,0.0,0.0,0.0,0.0,0.0
SoupBucket,Base.BucketOfSoup,Base.BeanBowl,24,false,false,1.0,170.0,33.0,1.0,7.0,0.7,198.333333
SoupBucket,Base.BucketOfSoup,Base.BellPepper,8,false,false,1.0,30.0,7.0,0.0,1.0,0.7,35.0
SoupBucket,Base.BucketOfSoup,Base.Biscuit,5,false,false,1.0,160.0,22.0,8.0,1.0,0.7,186.666667
SoupBucket,Base.BucketOfSoup,Base.Blackbeans,10,false,false,1.0,45.0,10.45,0.45,3.95,0.7,52.5
SoupBucket,Base.BucketOfSoup,Base.BouillonCube,3,false,true,0.0,0.0,0.0,0.0,0.0,0.0,0.0
SoupBucket,Base.BucketOfSoup,Base.Bread,5,false,false,0.166667,88.666667,16.5,1.11,2.95,0.116667,103.444444
SoupBucket,Base.BucketOfSoup,Base.BreadSlices,5,false,false,0.5,88.5,16.5,1.11,2.95,0.35,103.25
SoupBucket,Base.BucketOfSoup,Base.Broccoli,9,false,false,1.0,11.0,2.0,0.1,0.9,0.7,12.833333
SoupBucket,Base.BucketOfSoup,Base.BunsHamburger_single,5,false,false,0.5,88.5,16.5,1.11,2.95,0.35,103.25
SoupBucket,Base.BucketOfSoup,Base.BunsHotdog_single,5,false,false,0.5,88.5,16.5,1.11,2.95,0.35,103.25
SoupBucket,Base.BucketOfSoup,Base.Butter,4,false,true,0.0,0.0,0.0,0.0,0.0,0.0,0.0
SoupBucket,Base.BucketOfSoup,Base.Cabbage,12,false,false,0.5,90.0,20.5,0.35,4.5,0.35,105.0
SoupBucket,Base.BucketOfSoup,Base.CannedBellPepper_Open,8,false,false,0.166667,30.0,7.0,0.0,1.0,0.116667,35.0
SoupBucket,Base.BucketOfSoup,Base.CannedBroccoli_Open,9,false,false,0.2,11.0,2.0,0.1,0.9,0.14,12.833333
SoupBucket,Base.BucketOfSoup,Base.CannedCabbage_Open,12,false,false,0.25,90.0,20.5,0.35,4.5,0.175,105.0
SoupBucket,Base.BucketOfSoup,Base.CannedCarrotsOpen,12,false,false,1.0,10.5,28.0,0.0,0.0,0.7,12.25
SoupBucket,Base.BucketOfSoup,Base.CannedCarrots_Open,8,false,false,0.2,25.0,6.0,0.15,0.6,0.14,29.166667
SoupBucket,Base.BucketOfSoup,Base.CannedCornOpen,16,false,false,1.0,315.0,70.0,1.75,7.0,0.7,367.5
SoupBucket,Base.BucketOfSoup,Base.CannedEggplant_Open,16,false,false,0.333333,114.0,27.0,0.8,4.5,0.233333,133.0
SoupBucket,Base.BucketOfSoup,Base.CannedLeek_Open,12,false,false,0.25,54.0,140.0,0.3,3.8,0.175,63.0
SoupBucket,Base.BucketOfSoup,Base.CannedMushroomSoupOpen,10,false,false,1.0,160.0,19.0,8.0,3.0,0.7,186.666667
SoupBucket,Base.BucketOfSoup,Base.CannedPeasOpen,16,false,false,1.0,280.0,52.5,0.0,14.0,0.7,326.666667
SoupBucket,Base.BucketOfSoup,Base.CannedPotatoOpen,18,false,false,1.0,175.0,35.0,0.0,2.5,0.7,204.166667
SoupBucket,Base.BucketOfSoup,Base.CannedPotato_Open,18,false,false,0.375,78.75,16.875,0.16875,3.375,0.2625,91.875
SoupBucket,Base.BucketOfSoup,Base.CannedRedRadish_Open,3,false,false,0.066667,1.0,0.15,0.0,0.0,0.046667,1.166667
SoupBucket,Base.BucketOfSoup,Base.CannedRoe_Open,2,false,false,0.2,30.0,0.0,2.2,2.8,0.14,35.0
SoupBucket,Base.BucketOfSoup,Base.CannedTomatoOpen,12,false,false,1.0,90.0,18.0,0.0,3.0,0.7,105.0
SoupBucket,Base.BucketOfSoup,Base.CannedTomato_Open,12,false,false,0.25,14.0,3.5,0.2,1.3,0.175,16.333333
SoupBucket,Base.BucketOfSoup,Base.Carrots,8,false,false,1.0,25.0,6.0,0.15,0.6,0.7,29.166667
SoupBucket,Base.BucketOfSoup,Base.Cauliflower,9,false,false,1.0,24.0,3.0,0.0,4.0,0.7,28.0
SoupBucket,Base.BucketOfSoup,Base.Cheese,10,false,false,0.666667,75.333333,0.58,6.22,4.266667,0.466667,87.888889
SoupBucket,Base.BucketOfSoup,Base.Chicken,30,false,false,0.909091,209.090909,0.0,8.181818,34.545455,0.636364,243.939394
SoupBucket,Base.BucketOfSoup,Base.ChickenFillet,18,false,false,0.6,138.0,0.0,5.4,22.8,0.42,161.0
SoupBucket,Base.BucketOfSoup,Base.ChickenWings,15,false,false,0.789474,150.0,0.0,4.736842,17.368421,0.552632,175.0
SoupBucket,Base.BucketOfSoup,Base.Chives,1,false,true,0.0,0.0,0.0,0.0,0.0,0.0,0.0
SoupBucket,Base.BucketOfSoup,Base.ChivesDried,1,false,true,0.0,0.0,0.0,0.0,0.0,0.0,0.0
SoupBucket,Base.BucketOfSoup,Base.Cilantro,1,false,true,0.0,0.0,0.0,0.0,0.0,0.0,0.0
SoupBucket,Base.BucketOfSoup,Base.CilantroDried,1,false,true,0.0,0.0,0.0,0.0,0.0,0.0,0.0
SoupBucket,Base.BucketOfSoup,Base.CilantroSeed,1,false,true,0.0,0.0,0.0,0.0,0.0,0.0,0.0
SoupBucket,Base.BucketOfSoup,Base.Cinnamon,1,false,true,0.0,0.0,0.0,0.0,0.0,0.0,0.0
SoupBucket,Base.BucketOfSoup,Base.CommonMallow,1,false,true,0.0,0.0,0.0,0.0,0.0,0.0,0.0
SoupBucket,Base.BucketOfSoup,Base.Corn,14,false,false,1.0,88.0,26.74,1.93,4.68,0.7,102.666667
SoupBucket,Base.BucketOfSoup,Base.CornFrozen,10,false,false,0.5,198.0,47.0,2.5,7.5,0.35,231.0
SoupBucket,Base.BucketOfSoup,Base.CornSeed,1,false,false,0.25,6.2,1.9,0.14,0.33,0.175,7.233333
SoupBucket,Base.BucketOfSoup,Base.Cornbread,5,false,false,0.5,150.0,27.0,5.0,3.5,0.35,175.0
SoupBucket,Base.BucketOfSoup,Base.Cornflour2,6,false,true,0.0,0.0,0.0,0.0,0.0,0.0,0.0
SoupBucket,Base.BucketOfSoup,Base.Cornmeal2,6,false,true,0.0,0.0,0.0,0.0,0.0,0.0,0.0
SoupBucket,Base.BucketOfSoup,Base.Crackers,5,false,false,1.0,70.0,12.0,6.0,1.0,0.7,81.666667
SoupBucket,Base.BucketOfSoup,Base.Crayfish,10,false,false,1.0,40.0,0.0,2.0,8.0,0.7,46.666667
SoupBucket,Base.BucketOfSoup,Base.Cucumber,10,false,false,1.0,33.0,6.1,0.63,2.37,0.7,38.5
SoupBucket,Base.BucketOfSoup,Base.Daikon,6,false,false,0.5,27.0,6.295,0.135,0.67,0.35,31.5
SoupBucket,Base.BucketOfSoup,Base.Dandelions,5,false,false,1.0,25.0,5.0,0.5,1.5,0.7,29.166667
SoupBucket,Base.BucketOfSoup,Base.DeadBird,10,false,false,0.666667,107.333333,0.333333,1.333333,14.666667,0.466667,125.222222
SoupBucket,Base.BucketOfSoup,Base.DeadMouse,10,false,false,1.0,220.0,0.7,3.15,9.5,0.7,256.666667
SoupBucket,Base.BucketOfSoup,Base.DeadMousePups,5,false,false,1.0,110.0,0.35,1.58,4.2,0.7,128.333333
SoupBucket,Base.BucketOfSoup,Base.DeadMousePupsSkinned,5,false,false,1.0,110.0,0.35,1.58,4.2,0.7,128.333333
SoupBucket,Base.BucketOfSoup,Base.DeadMouseSkinned,10,false,false,1.0,220.0,0.7,3.15,9.5,0.7,256.666667
SoupBucket,Base.BucketOfSoup,Base.DeadRat,15,false,false,0.681818,220.909091,0.0,10.909091,27.272727,0.477273,257.727273
SoupBucket,Base.BucketOfSoup,Base.DeadRatBaby,10,false,false,0.833333,145.5,0.0,7.166667,18.0,0.583333,169.75
SoupBucket,Base.BucketOfSoup,Base.DeadRatBabySkinned,10,false,false,0.833333,145.5,0.0,7.166667,18.0,0.583333,169.75
SoupBucket,Base.BucketOfSoup,Base.DeadRatSkinned,15,false,false,0.681818,220.909091,0.0,10.909091,27.272727,0.477273,257.727273
SoupBucket,Base.BucketOfSoup,Base.DeadSquirrel,15,false,false,0.46875,225.0,0.0,7.03125,39.75,0.328125,262.5
SoupBucket,Base.BucketOfSoup,Base.DriedBlackBeans,10,false,false,0.166667,514.0,96.666667,0.0,33.166667,0.116667,599.666667
SoupBucket,Base.BucketOfSoup,Base.DriedChickpeas,10,false,false,0.166667,475.166667,90.666667,0.0,30.166667,0.116667,554.361111
SoupBucket,Base.BucketOfSoup,Base.DriedKidneyBeans,10,false,false,0.166667,544.166667,84.666667,2.166667,45.333333,0.116667,634.861111
SoupBucket,Base.BucketOfSoup,Base.DriedLentils,10,false,false,0.166667,500.0,90.0,0.0,36.666667,0.116667,583.333333
SoupBucket,Base.BucketOfSoup,Base.DriedSplitPeas,10,false,false,0.166667,369.5,90.666667,0.0,36.833333,0.116667,431.083333
SoupBucket,Base.BucketOfSoup,Base.DriedWhiteBeans,10,false,false,0.166667,470.5,87.833333,1.666667,31.333333,0.116667,548.916667
SoupBucket,Base.BucketOfSoup,Base.Edamame,5,false,false,1.0,25.0,10.45,0.45,3.95,0.7,29.166667
SoupBucket,Base.BucketOfSoup,Base.Egg,7,false,false,1.0,63.0,0.32,4.18,5.55,0.7,73.5
SoupBucket,Base.BucketOfSoup,Base.EggBoiled,10,false,false,1.0,63.0,0.32,4.18,5.55,0.7,73.5
SoupBucket,Base.BucketOfSoup,Base.Eggplant,16,false,false,1.0,114.0,27.0,0.8,4.5,0.7,133.0
SoupBucket,Base.BucketOfSoup,Base.FishFillet,15,false,false,0.6,123.0,0.6,7.2,17.112,0.42,143.5
SoupBucket,Base.BucketOfSoup,Base.FishFried,15,false,false,0.5,105.0,3.5,6.0,8.0,0.35,122.5
SoupBucket,Base.BucketOfSoup,Base.FishRoe,2,false,true,0.0,0.0,0.0,0.0,0.0,0.0,0.0
SoupBucket,Base.BucketOfSoup,Base.Flour2,6,false,true,0.0,0.0,0.0,0.0,0.0,0.0,0.0
SoupBucket,Base.BucketOfSoup,Base.FourLeafClover,1,false,true,0.0,0.0,0.0,0.0,0.0,0.0,0.0
SoupBucket,Base.BucketOfSoup,Base.FrogMeat,10,false,false,1.0,66.0,0.0,0.28,14.6,0.7,77.0
SoupBucket,Base.BucketOfSoup,Base.Garlic,1,false,true,0.0,0.0,0.0,0.0,0.0,0.0,0.0
SoupBucket,Base.BucketOfSoup,Base.GingerPickled,1,false,true,0.0,0.0,0.0,0.0,0.0,0.0,0.0
SoupBucket,Base.BucketOfSoup,Base.GingerRoot,2,false,true,0.0,0.0,0.0,0.0,0.0,0.0,0.0
SoupBucket,Base.BucketOfSoup,Base.GrapeLeaves,4,false,false,1.0,73.0,11.0,2.0,4.0,0.7,85.166667
SoupBucket,Base.BucketOfSoup,Base.GreenOnions,1,false,true,0.0,0.0,0.0,0.0,0.0,0.0,0.0
SoupBucket,Base.BucketOfSoup,Base.Greenpeas,4,false,false,1.0,70.0,13.125,0.0,3.5,0.7,81.666667
SoupBucket,Base.BucketOfSoup,Base.GreenpeasSeed,1,false,false,1.0,17.5,3.25,0.0,0.875,0.7,20.416667
SoupBucket,Base.BucketOfSoup,Base.HamSlice,10,false,false,1.0,260.0,15.16,13.0,19.5,0.7,303.333333
SoupBucket,Base.BucketOfSoup,Base.Kale,8,false,false,0.5,89.0,20.705,0.355,4.57,0.35,103.833333
SoupBucket,Base.BucketOfSoup,Base.Lard,4,false,true,0.0,0.0,0.0,0.0,0.0,0.0,0.0
SoupBucket,Base.BucketOfSoup,Base.Leek,12,false,false,1.0,54.0,140.0,0.3,1.3,0.7,63.0
SoupBucket,Base.BucketOfSoup,Base.Lemon,10,false,true,0.0,0.0,0.0,0.0,0.0,0.0,0.0
SoupBucket,Base.BucketOfSoup,Base.LemonGrass,1,false,true,0.0,0.0,0.0,0.0,0.0,0.0,0.0
SoupBucket,Base.BucketOfSoup,Base.Lime,10,false,true,0.0,0.0,0.0,0.0,0.0,0.0,0.0
SoupBucket,Base.BucketOfSoup,Base.Lobster,20,false,false,0.5,60.0,0.0,3.5,14.0,0.35,70.0
SoupBucket,Base.BucketOfSoup,Base.Macaroni,10,false,false,0.166667,560.0,109.333333,2.666667,18.666667,0.116667,653.333333
SoupBucket,Base.BucketOfSoup,Base.Margarine,4,false,true,0.0,0.0,0.0,0.0,0.0,0.0,0.0
SoupBucket,Base.BucketOfSoup,Base.MeatDumpling,15,false,false,1.0,28.0,8.0,3.0,15.0,0.7,32.666667
SoupBucket,Base.BucketOfSoup,Base.MixedVegetables,10,false,false,0.5,135.5,18.5,0.0,4.5,0.35,158.083333
SoupBucket,Base.BucketOfSoup,Base.MushroomGeneric1,13,false,false,1.0,30.0,2.12,0.24,2.04,0.7,35.0
SoupBucket,Base.BucketOfSoup,Base.MushroomGeneric2,13,false,false,1.0,30.0,2.12,0.24,2.04,0.7,35.0
SoupBucket,Base.BucketOfSoup,Base.MushroomGeneric3,15,false,false,1.0,32.0,2.56,0.32,2.36,0.7,37.333333
SoupBucket,Base.BucketOfSoup,Base.MushroomGeneric4,13,false,false,1.0,30.0,2.12,0.24,2.04,0.7,35.0
SoupBucket,Base.BucketOfSoup,Base.MushroomGeneric5,15,false,false,1.0,32.0,2.56,0.32,2.36,0.7,37.333333
SoupBucket,Base.BucketOfSoup,Base.MushroomGeneric6,13,false,false,1.0,30.0,2.12,0.24,2.04,0.7,35.0
SoupBucket,Base.BucketOfSoup,Base.MushroomGeneric7,13,false,false,1.0,32.0,2.12,0.24,2.04,0.7,37.333333
SoupBucket,Base.BucketOfSoup,Base.MushroomsButton,7,false,false,1.0,15.0,1.06,0.12,1.02,0.7,17.5
SoupBucket,Base.BucketOfSoup,Base.MuttonChop,15,false,false,0.5,117.0,0.04,5.5,16.5,0.35,136.5
SoupBucket,Base.BucketOfSoup,Base.Nettles,2,false,true,0.0,0.0,0.0,0.0,0.0,0.0,0.0
SoupBucket,Base.BucketOfSoup,Base.OilOlive,2,false,true,0.0,0.0,0.0,0.0,0.0,0.0,0.0
SoupBucket,Base.BucketOfSoup,Base.OilVegetable,5,false,true,0.0,0.0,0.0,0.0,0.0,0.0,0.0
SoupBucket,Base.BucketOfSoup,Base.Onion,5,false,false,0.5,14.0,3.27,0.035,0.385,0.35,16.333333
SoupBucket,Base.BucketOfSoup,Base.OpenBeans,24,false,false,1.0,170.0,33.0,1.0,7.0,0.7,198.333333
SoupBucket,Base.BucketOfSoup,Base.Oregano,1,false,true,0.0,0.0,0.0,0.0,0.0,0.0,0.0
SoupBucket,Base.BucketOfSoup,Base.OreganoDried,1,false,true,0.0,0.0,0.0,0.0,0.0,0.0,0.0
SoupBucket,Base.BucketOfSoup,Base.Oysters,5,false,false,1.0,15.0,10.0,4.0,22.0,0.7,17.5
SoupBucket,Base.BucketOfSoup,Base.OystersFried,6,false,false,1.0,25.0,11.0,4.0,20.0,0.7,29.166667
SoupBucket,Base.BucketOfSoup,Base.Parsley,1,false,true,0.0,0.0,0.0,0.0,0.0,0.0,0.0
SoupBucket,Base.BucketOfSoup,Base.ParsleyDried,1,false,true,0.0,0.0,0.0,0.0,0.0,0.0,0.0
SoupBucket,Base.BucketOfSoup,Base.Pasta,10,false,false,0.166667,560.0,109.333333,2.666667,18.666667,0.116667,653.333333
SoupBucket,Base.BucketOfSoup,Base.PeanutButter,5,false,false,0.2,532.0,25.6,44.8,16.8,0.14,620.666667
SoupBucket,Base.BucketOfSoup,Base.Peanuts,8,false,false,1.0,161.0,4.57,13.96,7.31,0.7,187.833333
SoupBucket,Base.BucketOfSoup,Base.Peas,10,false,false,0.5,59.5,10.225,0.425,3.975,0.35,69.416667
SoupBucket,Base.BucketOfSoup,Base.Pepper,1,false,true,0.0,0.0,0.0,0.0,0.0,0.0,0.0
SoupBucket,Base.BucketOfSoup,Base.PepperHabanero,2,false,true,0.0,0.0,0.0,0.0,0.0,0.0,0.0
SoupBucket,Base.BucketOfSoup,Base.PepperHabaneroDried,1,false,true,0.0,0.0,0.0,0.0,0.0,0.0,0.0
SoupBucket,Base.BucketOfSoup,Base.PepperJalapeno,2,false,true,0.0,0.0,0.0,0.0,0.0,0.0,0.0
SoupBucket,Base.BucketOfSoup,Base.PepperJalapenoDried,1,false,true,0.0,0.0,0.0,0.0,0.0,0.0,0.0
SoupBucket,Base.BucketOfSoup,Base.Pork,15,false,false,0.25,75.0,0.0,3.0,12.5,0.175,87.5
SoupBucket,Base.BucketOfSoup,Base.PorkChop,15,false,false,0.5,75.0,0.0,3.0,12.5,0.35,87.5
SoupBucket,Base.BucketOfSoup,Base.Potato,18,false,false,1.0,70.0,15.0,0.15,3.0,0.7,81.666667
SoupBucket,Base.BucketOfSoup,Base.PowderedGarlic,1,false,true,0.0,0.0,0.0,0.0,0.0,0.0,0.0
SoupBucket,Base.BucketOfSoup,Base.PowderedOnion,1,false,true,0.0,0.0,0.0,0.0,0.0,0.0,0.0
SoupBucket,Base.BucketOfSoup,Base.Pumpkin,20,false,false,0.5,202.0,10.225,10.305,17.265,0.35,235.666667
SoupBucket,Base.BucketOfSoup,Base.PumpkinSliced,4,false,false,1.0,40.0,2.04,2.06,3.45,0.7,46.666667
SoupBucket,Base.BucketOfSoup,Base.PumpkinSmashed,8,false,false,1.0,80.0,4.09,4.12,6.9,0.7,93.333333
SoupBucket,Base.BucketOfSoup,Base.Rabbitmeat,15,false,false,0.5,484.5,10.0,10.0,92.5,0.35,565.25
SoupBucket,Base.BucketOfSoup,Base.Ramen,10,false,false,1.0,52.0,0.0,14.0,10.0,0.7,60.666667
SoupBucket,Base.BucketOfSoup,Base.RedRadish,3,false,false,1.0,1.0,0.15,0.0,0.0,0.7,1.166667
SoupBucket,Base.BucketOfSoup,Base.Rosehips,6,false,true,0.0,0.0,0.0,0.0,0.0,0.0,0.0
SoupBucket,Base.BucketOfSoup,Base.Rosemary,1,false,true,0.0,0.0,0.0,0.0,0.0,0.0,0.0
SoupBucket,Base.BucketOfSoup,Base.RosemaryDried,1,false,true,0.0,0.0,0.0,0.0,0.0,0.0,0.0
SoupBucket,Base.BucketOfSoup,Base.Sage,1,false,true,0.0,0.0,0.0,0.0,0.0,0.0,0.0
SoupBucket,Base.BucketOfSoup,Base.SageDried,1,false,true,0.0,0.0,0.0,0.0,0.0,0.0,0.0
SoupBucket,Base.BucketOfSoup,Base.Salmon,15,false,false,0.5,135.0,0.0,5.275,17.14,0.35,157.5
SoupBucket,Base.BucketOfSoup,Base.Salt,1,false,true,0.0,0.0,0.0,0.0,0.0,0.0,0.0
SoupBucket,Base.BucketOfSoup,Base.SeasoningSalt,1,false,true,0.0,0.0,0.0,0.0,0.0,0.0,0.0
SoupBucket,Base.BucketOfSoup,Base.Seasoning_Basil,1,false,true,0.0,0.0,0.0,0.0,0.0,0.0,0.0
SoupBucket,Base.BucketOfSoup,Base.Seasoning_Chives,1,false,true,0.0,0.0,0.0,0.0,0.0,0.0,0.0
SoupBucket,Base.BucketOfSoup,Base.Seasoning_Cilantro,1,false,true,0.0,0.0,0.0,0.0,0.0,0.0,0.0
SoupBucket,Base.BucketOfSoup,Base.Seasoning_Oregano,1,false,true,0.0,0.0,0.0,0.0,0.0,0.0,0.0
SoupBucket,Base.BucketOfSoup,Base.Seasoning_Parsley,1,false,true,0.0,0.0,0.0,0.0,0.0,0.0,0.0
SoupBucket,Base.BucketOfSoup,Base.Seasoning_Rosemary,1,false,true,0.0,0.0,0.0,0.0,0.0,0.0,0.0
SoupBucket,Base.BucketOfSoup,Base.Seasoning_Sage,1,false,true,0.0,0.0,0.0,0.0,0.0,0.0,0.0
SoupBucket,Base.BucketOfSoup,Base.Seasoning_Thyme,1,false,true,0.0,0.0,0.0,0.0,0.0,0.0,0.0
SoupBucket,Base.BucketOfSoup,Base.Seaweed,3,false,true,0.0,0.0,0.0,0.0,0.0,0.0,0.0
SoupBucket,Base.BucketOfSoup,Base.Shrimp,10,false,false,1.0,80.0,0.0,7.0,10.0,0.7,93.333333
SoupBucket,Base.BucketOfSoup,Base.ShrimpDumpling,15,false,false,1.0,120.0,5.0,7.0,15.0,0.7,140.0
SoupBucket,Base.BucketOfSoup,Base.Smallanimalmeat,15,false,false,1.0,201.0,5.0,7.25,45.0,0.7,234.5
SoupBucket,Base.BucketOfSoup,Base.Smallbirdmeat,15,false,false,1.0,261.0,5.0,8.25,90.0,0.7,304.5
SoupBucket,Base.BucketOfSoup,Base.Soybeans,5,false,false,1.0,25.0,10.45,0.45,3.95,0.7,29.166667
SoupBucket,Base.BucketOfSoup,Base.SoybeansSeed,5,false,false,1.0,5.0,2.0,0.1,0.8,0.7,5.833333
SoupBucket,Base.BucketOfSoup,Base.Spinach,10,false,false,1.0,24.0,3.0,0.0,4.0,0.7,28.0
SoupBucket,Base.BucketOfSoup,Base.Squash,20,false,false,1.0,202.0,10.22,10.3,17.26,0.7,235.666667
SoupBucket,Base.BucketOfSoup,Base.Squid,15,false,false,0.5,102.5,0.5,6.5,16.26,0.35,119.583333
SoupBucket,Base.BucketOfSoup,Base.SquidCalamari,10,false,false,1.0,105.0,3.0,0.0,18.0,0.7,122.5
SoupBucket,Base.BucketOfSoup,Base.SweetPotato,18,false,false,1.0,70.0,14.52,0.15,2.88,0.7,81.666667
SoupBucket,Base.BucketOfSoup,Base.Thistle,2,false,true,0.0,0.0,0.0,0.0,0.0,0.0,0.0
SoupBucket,Base.BucketOfSoup,Base.Thyme,1,false,true,0.0,0.0,0.0,0.0,0.0,0.0,0.0
SoupBucket,Base.BucketOfSoup,Base.ThymeDried,1,false,true,0.0,0.0,0.0,0.0,0.0,0.0,0.0
SoupBucket,Base.BucketOfSoup,Base.TinnedSoupOpen,25,false,false,1.0,125.0,20.0,2.5,7.5,0.7,145.833333
SoupBucket,Base.BucketOfSoup,Base.Tofu,10,false,false,1.0,30.0,1.0,1.0,5.0,0.7,35.0
SoupBucket,Base.BucketOfSoup,Base.TofuFried,15,false,false,1.0,35.0,3.0,1.0,5.0,0.7,40.833333
SoupBucket,Base.BucketOfSoup,Base.Tomato,12,false,false,1.0,14.0,3.5,0.2,1.3,0.7,16.333333
SoupBucket,Base.BucketOfSoup,Base.TomatoPaste,3,false,true,0.0,0.0,0.0,0.0,0.0,0.0,0.0
SoupBucket,Base.BucketOfSoup,Base.TurkeyEgg,10,false,false,1.0,71.0,0.37,4.54,5.78,0.7,82.833333
SoupBucket,Base.BucketOfSoup,Base.TurkeyFillet,20,false,false,0.4,92.0,0.0,4.0,12.8,0.28,107.333333
SoupBucket,Base.BucketOfSoup,Base.TurkeyLegs,31,false,false,0.738095,169.761905,0.0,6.642857,28.047619,0.516667,198.055556
SoupBucket,Base.BucketOfSoup,Base.TurkeyWings,25,false,false,0.833333,166.666667,0.0,8.333333,26.666667,0.583333,194.444444
SoupBucket,Base.BucketOfSoup,Base.Turnip,18,false,false,1.0,70.0,14.52,0.15,2.88,0.7,81.666667
SoupBucket,Base.BucketOfSoup,Base.Wasabi,1,false,true,0.0,0.0,0.0,0.0,0.0,0.0,0.0
SoupBucket,Base.BucketOfSoup,Base.WaterPotForgedRice,10,false,false,1.0,480.0,108.0,0.0,12.0,0.7,560.0
SoupBucket,Base.BucketOfSoup,Base.WaterPotRice,10,false,false,1.0,480.0,108.0,0.0,12.0,0.7,560.0
SoupBucket,Base.BucketOfSoup,Base.WaterSaucepanRice,10,false,false,1.0,480.0,108.0,0.0,12.0,0.7,560.0
SoupBucket,Base.BucketOfSoup,Base.WaterSaucepanRiceCopper,10,false,false,1.0,480.0,108.0,0.0,12.0,0.7,560.0
SoupBucket,Base.BucketOfSoup,Base.WildEggs,7,false,false,1.0,63.0,0.32,4.18,5.55,0.7,73.5
SoupBucket,Base.BucketOfSoup,Base.WildGarlic2,1,false,true,0.0,0.0,0.0,0.0,0.0,0.0,0.0
SoupBucket,Base.BucketOfSoup,Base.WildGarlicDried,1,false,true,0.0,0.0,0.0,0.0,0.0,0.0,0.0
SoupBucket,Base.BucketOfSoup,Base.Zucchini,10,false,false,1.0,33.0,6.1,0.63,2.37,0.7,38.5
SoupBucket,Base.BucketOfSoup,Base.cheese_powdered,14,false,false,1.0,130.0,20.7,9.7,21.0,0.7,151.666667
SoupBucket2,Base.BucketOfSoup,Base.Acorn,10,false,false,1.0,55.0,12.0,24.0,6.0,0.7,64.166667
SoupBucket2,Base.BucketOfSoup,Base.Avocado,16,false,false,1.0,227.0,11.75,20.96,2.67,0.7,264.833333
SoupBucket2,Base.BucketOfSoup,Base.Baguette,5,false,false,0.217391,115.652174,21.521739,1.447826,3.847826,0.152174,134.927536
SoupBucket2,Base.BucketOfSoup,Base.Basil,1,false,true,0.0,0.0,0.0,0.0,0.0,0.0,0.0
SoupBucket2,Base.BucketOfSoup,Base.BasilDried,1,false,true,0.0,0.0,0.0,0.0,0.0,0.0,0.0
SoupBucket2,Base.BucketOfSoup,Base.BeanBowl,24,false,false,1.0,170.0,33.0,1.0,7.0,0.7,198.333333
SoupBucket2,Base.BucketOfSoup,Base.BellPepper,8,false,false,1.0,30.0,7.0,0.0,1.0,0.7,35.0
SoupBucket2,Base.BucketOfSoup,Base.Biscuit,5,false,false,1.0,160.0,22.0,8.0,1.0,0.7,186.666667
SoupBucket2,Base.BucketOfSoup,Base.Blackbeans,10,false,false,1.0,45.0,10.45,0.45,3.95,0.7,52.5
SoupBucket2,Base.BucketOfSoup,Base.BouillonCube,3,false,true,0.0,0.0,0.0,0.0,0.0,0.0,0.0
SoupBucket2,Base.BucketOfSoup,Base.Bread,5,false,false,0.166667,88.666667,16.5,1.11,2.95,0.116667,103.444444
SoupBucket2,Base.BucketOfSoup,Base.BreadSlices,5,false,false,0.5,88.5,16.5,1.11,2.95,0.35,103.25
SoupBucket2,Base.BucketOfSoup,Base.Broccoli,9,false,false,1.0,11.0,2.0,0.1,0.9,0.7,12.833333
SoupBucket2,Base.BucketOfSoup,Base.BunsHamburger_single,5,false,false,0.5,88.5,16.5,1.11,2.95,0.35,103.25
SoupBucket2,Base.BucketOfSoup,Base.BunsHotdog_single,5,false,false,0.5,88.5,16.5,1.11,2.95,0.35,103.25
SoupBucket2,Base.BucketOfSoup,Base.Butter,4,false,true,0.0,0.0,0.0,0.0,0.0,0.0,0.0
SoupBucket2,Base.BucketOfSoup,Base.Cabbage,12,false,false,0.5,90.0,20.5,0.35,4.5,0.35,105.0
SoupBucket2,Base.BucketOfSoup,Base.CannedBellPepper_Open,8,false,false,0.166667,30.0,7.0,0.0,1.0,0.116667,35.0
SoupBucket2,Base.BucketOfSoup,Base.CannedBroccoli_Open,9,false,false,0.2,11.0,2.0,0.1,0.9,0.14,12.833333
SoupBucket2,Base.BucketOfSoup,Base.CannedCabbage_Open,12,false,false,0.25,90.0,20.5,0.35,4.5,0.175,105.0
SoupBucket2,Base.BucketOfSoup,Base.CannedCarrotsOpen,12,false,false,1.0,10.5,28.0,0.0,0.0,0.7,12.25
SoupBucket2,Base.BucketOfSoup,Base.CannedCarrots_Open,8,false,false,0.2,25.0,6.0,0.15,0.6,0.14,29.166667
SoupBucket2,Base.BucketOfSoup,Base.CannedCornOpen,16,false,false,1.0,315.0,70.0,1.75,7.0,0.7,367.5
SoupBucket2,Base.BucketOfSoup,Base.CannedEggplant_Open,16,false,false,0.333333,114.0,27.0,0.8,4.5,0.233333,133.0
SoupBucket2,Base.BucketOfSoup,Base.CannedLeek_Open,12,false,false,0.25,54.0,140.0,0.3,3.8,0.175,63.0
SoupBucket2,Base.BucketOfSoup,Base.CannedMushroomSoupOpen,10,false,false,1.0,160.0,19.0,8.0,3.0,0.7,186.666667
SoupBucket2,Base.BucketOfSoup,Base.CannedPeasOpen,16,false,false,1.0,280.0,52.5,0.0,14.0,0.7,326.666667
SoupBucket2,Base.BucketOfSoup,Base.CannedPotatoOpen,18,false,false,1.0,175.0,35.0,0.0,2.5,0.7,204.166667
SoupBucket2,Base.BucketOfSoup,Base.CannedPotato_Open,18,false,false,0.375,78.75,16.875,0.16875,3.375,0.2625,91.875
SoupBucket2,Base.BucketOfSoup,Base.CannedRedRadish_Open,3,false,false,0.066667,1.0,0.15,0.0,0.0,0.046667,1.166667
SoupBucket2,Base.BucketOfSoup,Base.CannedRoe_Open,2,false,false,0.2,30.0,0.0,2.2,2.8,0.14,35.0
SoupBucket2,Base.BucketOfSoup,Base.CannedTomatoOpen,12,false,false,1.0,90.0,18.0,0.0,3.0,0.7,105.0
SoupBucket2,Base.BucketOfSoup,Base.CannedTomato_Open,12,false,false,0.25,14.0,3.5,0.2,1.3,0.175,16.333333
SoupBucket2,Base.BucketOfSoup,Base.Carrots,8,false,false,1.0,25.0,6.0,0.15,0.6,0.7,29.166667
SoupBucket2,Base.BucketOfSoup,Base.Cauliflower,9,false,false,1.0,24.0,3.0,0.0,4.0,0.7,28.0
SoupBucket2,Base.BucketOfSoup,Base.Cheese,10,false,false,0.666667,75.333333,0.58,6.22,4.266667,0.466667,87.888889
SoupBucket2,Base.BucketOfSoup,Base.Chicken,30,false,false,0.909091,209.090909,0.0,8.181818,34.545455,0.636364,243.939394
SoupBucket2,Base.BucketOfSoup,Base.ChickenFillet,18,false,false,0.6,138.0,0.0,5.4,22.8,0.42,161.0
SoupBucket2,Base.BucketOfSoup,Base.ChickenWings,15,false,false,0.789474,150.0,0.0,4.736842,17.368421,0.552632,175.0
SoupBucket2,Base.BucketOfSoup,Base.Chives,1,false,true,0.0,0.0,0.0,0.0,0.0,0.0,0.0
SoupBucket2,Base.BucketOfSoup,Base.ChivesDried,1,false,true,0.0,0.0,0.0,0.0,0.0,0.0,0.0
SoupBucket2,Base.BucketOfSoup,Base.Cilantro,1,false,true,0.0,0.0,0.0,0.0,0.0,0.0,0.0
SoupBucket2,Base.BucketOfSoup,Base.CilantroDried,1,false,true,0.0,0.0,0.0,0.0,0.0,0.0,0.0
SoupBucket2,Base.BucketOfSoup,Base.CilantroSeed,1,false,true,0.0,0.0,0.0,0.0,0.0,0.0,0.0
SoupBucket2,Base.BucketOfSoup,Base.Cinnamon,1,false,true,0.0,0.0,0.0,0.0,0.0,0.0,0.0
SoupBucket2,Base.BucketOfSoup,Base.CommonMallow,1,false,true,0.0,0.0,0.0,0.0,0.0,0.0,0.0
SoupBucket2,Base.BucketOfSoup,Base.Corn,14,false,false,1.0,88.0,26.74,1.93,4.68,0.7,102.666667
SoupBucket2,Base.BucketOfSoup,Base.CornFrozen,10,false,false,0.5,198.0,47.0,2.5,7.5,0.35,231.0
SoupBucket2,Base.BucketOfSoup,Base.CornSeed,1,false,false,0.25,6.2,1.9,0.14,0.33,0.175,7.233333
SoupBucket2,Base.BucketOfSoup,Base.Cornbread,5,false,false,0.5,150.0,27.0,5.0,3.5,0.35,175.0
SoupBucket2,Base.BucketOfSoup,Base.Cornflour2,6,false,true,0.0,0.0,0.0,0.0,0.0,0.0,0.0
SoupBucket2,Base.BucketOfSoup,Base.Cornmeal2,6,false,true,0.0,0.0,0.0,0.0,0.0,0.0,0.0
SoupBucket2,Base.BucketOfSoup,Base.Crackers,5,false,false,1.0,70.0,12.0,6.0,1.0,0.7,81.666667
SoupBucket2,Base.BucketOfSoup,Base.Crayfish,10,false,false,1.0,40.0,0.0,2.0,8.0,0.7,46.666667
SoupBucket2,Base.BucketOfSoup,Base.Cucumber,10,false,false,1.0,33.0,6.1,0.63,2.37,0.7,38.5
SoupBucket2,Base.BucketOfSoup,Base.Daikon,6,false,false,0.5,27.0,6.295,0.135,0.67,0.35,31.5
SoupBucket2,Base.BucketOfSoup,Base.Dandelions,5,false,false,1.0,25.0,5.0,0.5,1.5,0.7,29.166667
SoupBucket2,Base.BucketOfSoup,Base.DeadBird,10,false,false,0.666667,107.333333,0.333333,1.333333,14.666667,0.466667,125.222222
SoupBucket2,Base.BucketOfSoup,Base.DeadMouse,10,false,false,1.0,220.0,0.7,3.15,9.5,0.7,256.666667
SoupBucket2,Base.BucketOfSoup,Base.DeadMousePups,5,false,false,1.0,110.0,0.35,1.58,4.2,0.7,128.333333
SoupBucket2,Base.BucketOfSoup,Base.DeadMousePupsSkinned,5,false,false,1.0,110.0,0.35,1.58,4.2,0.7,128.333333
SoupBucket2,Base.BucketOfSoup,Base.DeadMouseSkinned,10,false,false,1.0,220.0,0.7,3.15,9.5,0.7,256.666667
SoupBucket2,Base.BucketOfSoup,Base.DeadRat,15,false,false,0.681818,220.909091,0.0,10.909091,27.272727,0.477273,257.727273
SoupBucket2,Base.BucketOfSoup,Base.DeadRatBaby,10,false,false,0.833333,145.5,0.0,7.166667,18.0,0.583333,169.75
SoupBucket2,Base.BucketOfSoup,Base.DeadRatBabySkinned,10,false,false,0.833333,145.5,0.0,7.166667,18.0,0.583333,169.75
SoupBucket2,Base.BucketOfSoup,Base.DeadRatSkinned,15,false,false,0.681818,220.909091,0.0,10.909091,27.272727,0.477273,257.727273
SoupBucket2,Base.BucketOfSoup,Base.DeadSquirrel,15,false,false,0.46875,225.0,0.0,7.03125,39.75,0.328125,262.5
SoupBucket2,Base.BucketOfSoup,Base.DriedBlackBeans,10,false,false,0.166667,514.0,96.666667,0.0,33.166667,0.116667,599.666667
SoupBucket2,Base.BucketOfSoup,Base.DriedChickpeas,10,false,false,0.166667,475.166667,90.666667,0.0,30.166667,0.116667,554.361111
SoupBucket2,Base.BucketOfSoup,Base.DriedKidneyBeans,10,false,false,0.166667,544.166667,84.666667,2.166667,45.333333,0.116667,634.861111
SoupBucket2,Base.BucketOfSoup,Base.DriedLentils,10,false,false,0.166667,500.0,90.0,0.0,36.666667,0.116667,583.333333
SoupBucket2,Base.BucketOfSoup,Base.DriedSplitPeas,10,false,false,0.166667,369.5,90.666667,0.0,36.833333,0.116667,431.083333
SoupBucket2,Base.BucketOfSoup,Base.DriedWhiteBeans,10,false,false,0.166667,470.5,87.833333,1.666667,31.333333,0.116667,548.916667
SoupBucket2,Base.BucketOfSoup,Base.Edamame,5,false,false,1.0,25.0,10.45,0.45,3.95,0.7,29.166667
SoupBucket2,Base.BucketOfSoup,Base.Egg,7,false,false,1.0,63.0,0.32,4.18,5.55,0.7,73.5
SoupBucket2,Base.BucketOfSoup,Base.EggBoiled,10,false,false,1.0,63.0,0.32,4.18,5.55,0.7,73.5
SoupBucket2,Base.BucketOfSoup,Base.Eggplant,16,false,false,1.0,114.0,27.0,0.8,4.5,0.7,133.0
SoupBucket2,Base.BucketOfSoup,Base.FishFillet,15,false,false,0.6,123.0,0.6,7.2,17.112,0.42,143.5
SoupBucket2,Base.BucketOfSoup,Base.FishFried,15,false,false,0.5,105.0,3.5,6.0,8.0,0.35,122.5
SoupBucket2,Base.BucketOfSoup,Base.FishRoe,2,false,true,0.0,0.0,0.0,0.0,0.0,0.0,0.0
SoupBucket2,Base.BucketOfSoup,Base.Flour2,6,false,true,0.0,0.0,0.0,0.0,0.0,0.0,0.0
SoupBucket2,Base.BucketOfSoup,Base.FourLeafClover,1,false,true,0.0,0.0,0.0,0.0,0.0,0.0,0.0
SoupBucket2,Base.BucketOfSoup,Base.FrogMeat,10,false,false,1.0,66.0,0.0,0.28,14.6,0.7,77.0
SoupBucket2,Base.BucketOfSoup,Base.Garlic,1,false,true,0.0,0.0,0.0,0.0,0.0,0.0,0.0
SoupBucket2,Base.BucketOfSoup,Base.GingerPickled,1,false,true,0.0,0.0,0.0,0.0,0.0,0.0,0.0
SoupBucket2,Base.BucketOfSoup,Base.GingerRoot,2,false,true,0.0,0.0,0.0,0.0,0.0,0.0,0.0
SoupBucket2,Base.BucketOfSoup,Base.GrapeLeaves,4,false,false,1.0,73.0,11.0,2.0,4.0,0.7,85.166667
SoupBucket2,Base.BucketOfSoup,Base.GreenOnions,1,false,true,0.0,0.0,0.0,0.0,0.0,0.0,0.0
SoupBucket2,Base.BucketOfSoup,Base.Greenpeas,4,false,false,1.0,70.0,13.125,0.0,3.5,0.7,81.666667
SoupBucket2,Base.BucketOfSoup,Base.GreenpeasSeed,1,false,false,1.0,17.5,3.25,0.0,0.875,0.7,20.416667
SoupBucket2,Base.BucketOfSoup,Base.HamSlice,10,false,false,1.0,260.0,15.16,13.0,19.5,0.7,303.333333
SoupBucket2,Base.BucketOfSoup,Base.Kale,8,false,false,0.5,89.0,20.705,0.355,4.57,0.35,103.833333
SoupBucket2,Base.BucketOfSoup,Base.Lard,4,false,true,0.0,0.0,0.0,0.0,0.0,0.0,0.0
SoupBucket2,Base.BucketOfSoup,Base.Leek,12,false,false,1.0,54.0,140.0,0.3,1.3,0.7,63.0
SoupBucket2,Base.BucketOfSoup,Base.Lemon,10,false,true,0.0,0.0,0.0,0.0,0.0,0.0,0.0
SoupBucket2,Base.BucketOfSoup,Base.LemonGrass,1,false,true,0.0,0.0,0.0,0.0,0.0,0.0,0.0
SoupBucket2,Base.BucketOfSoup,Base.Lime,10,false,true,0.0,0.0,0.0,0.0,0.0,0.0,0.0
SoupBucket2,Base.BucketOfSoup,Base.Lobster,20,false,false,0.5,60.0,0.0,3.5,14.0,0.35,70.0
SoupBucket2,Base.BucketOfSoup,Base.Macaroni,10,false,false,0.166667,560.0,109.333333,2.666667,18.666667,0.116667,653.333333
SoupBucket2,Base.BucketOfSoup,Base.Margarine,4,false,true,0.0,0.0,0.0,0.0,0.0,0.0,0.0
SoupBucket2,Base.BucketOfSoup,Base.MeatDumpling,15,false,false,1.0,28.0,8.0,3.0,15.0,0.7,32.666667
SoupBucket2,Base.BucketOfSoup,Base.MixedVegetables,10,false,false,0.5,135.5,18.5,0.0,4.5,0.35,158.083333
SoupBucket2,Base.BucketOfSoup,Base.MushroomGeneric1,13,false,false,1.0,30.0,2.12,0.24,2.04,0.7,35.0
SoupBucket2,Base.BucketOfSoup,Base.MushroomGeneric2,13,false,false,1.0,30.0,2.12,0.24,2.04,0.7,35.0
SoupBucket2,Base.BucketOfSoup,Base.MushroomGeneric3,15,false,false,1.0,32.0,2.56,0.32,2.36,0.7,37.333333
SoupBucket2,Base.BucketOfSoup,Base.MushroomGeneric4,13,false,false,1.0,30.0,2.12,0.24,2.04,0.7,35.0
SoupBucket2,Base.BucketOfSoup,Base.MushroomGeneric5,15,false,false,1.0,32.0,2.56,0.32,2.36,0.7,37.333333
SoupBucket2,Base.BucketOfSoup,Base.MushroomGeneric6,13,false,false,1.0,30.0,2.12,0.24,2.04,0.7,35.0
SoupBucket2,Base.BucketOfSoup,Base.MushroomGeneric7,13,false,false,1.0,32.0,2.12,0.24,2.04,0.7,37.333333
SoupBucket2,Base.BucketOfSoup,Base.MushroomsButton,7,false,false,1.0,15.0,1.06,0.12,1.02,0.7,17.5
SoupBucket2,Base.BucketOfSoup,Base.MuttonChop,15,false,false,0.5,117.0,0.04,5.5,16.5,0.35,136.5
SoupBucket2,Base.BucketOfSoup,Base.Nettles,2,false,true,0.0,0.0,0.0,0.0,0.0,0.0,0.0
SoupBucket2,Base.BucketOfSoup,Base.OilOlive,2,false,true,0.0,0.0,0.0,0.0,0.0,0.0,0.0
SoupBucket2,Base.BucketOfSoup,Base.OilVegetable,5,false,true,0.0,0.0,0.0,0.0,0.0,0.0,0.0
SoupBucket2,Base.BucketOfSoup,Base.Onion,5,false,false,0.5,14.0,3.27,0.035,0.385,0.35,16.333333
SoupBucket2,Base.BucketOfSoup,Base.OpenBeans,24,false,false,1.0,170.0,33.0,1.0,7.0,0.7,198.333333
SoupBucket2,Base.BucketOfSoup,Base.Oregano,1,false,true,0.0,0.0,0.0,0.0,0.0,0.0,0.0
SoupBucket2,Base.BucketOfSoup,Base.OreganoDried,1,false,true,0.0,0.0,0.0,0.0,0.0,0.0,0.0
SoupBucket2,Base.BucketOfSoup,Base.Oysters,5,false,false,1.0,15.0,10.0,4.0,22.0,0.7,17.5
SoupBucket2,Base.BucketOfSoup,Base.OystersFried,6,false,false,1.0,25.0,11.0,4.0,20.0,0.7,29.166667
SoupBucket2,Base.BucketOfSoup,Base.Parsley,1,false,true,0.0,0.0,0.0,0.0,0.0,0.0,0.0
SoupBucket2,Base.BucketOfSoup,Base.ParsleyDried,1,false,true,0.0,0.0,0.0,0.0,0.0,0.0,0.0
SoupBucket2,Base.BucketOfSoup,Base.Pasta,10,false,false,0.166667,560.0,109.333333,2.666667,18.666667,0.116667,653.333333
SoupBucket2,Base.BucketOfSoup,Base.PeanutButter,5,false,false,0.2,532.0,25.6,44.8,16.8,0.14,620.666667
SoupBucket2,Base.BucketOfSoup,Base.Peanuts,8,false,false,1.0,161.0,4.57,13.96,7.31,0.7,187.833333
SoupBucket2,Base.BucketOfSoup,Base.Peas,10,false,false,0.5,59.5,10.225,0.425,3.975,0.35,69.416667
SoupBucket2,Base.BucketOfSoup,Base.Pepper,1,false,true,0.0,0.0,0.0,0.0,0.0,0.0,0.0
SoupBucket2,Base.BucketOfSoup,Base.PepperHabanero,2,false,true,0.0,0.0,0.0,0.0,0.0,0.0,0.0
SoupBucket2,Base.BucketOfSoup,Base.PepperHabaneroDried,1,false,true,0.0,0.0,0.0,0.0,0.0,0.0,0.0
SoupBucket2,Base.BucketOfSoup,Base.PepperJalapeno,2,false,true,0.0,0.0,0.0,0.0,0.0,0.0,0.0
SoupBucket2,Base.BucketOfSoup,Base.PepperJalapenoDried,1,false,true,0.0,0.0,0.0,0.0,0.0,0.0,0.0
SoupBucket2,Base.BucketOfSoup,Base.Pork,15,false,false,0.25,75.0,0.0,3.0,12.5,0.175,87.5
SoupBucket2,Base.BucketOfSoup,Base.PorkChop,15,false,false,0.5,75.0,0.0,3.0,12.5,0.35,87.5
SoupBucket2,Base.BucketOfSoup,Base.Potato,18,false,false,1.0,70.0,15.0,0.15,3.0,0.7,81.666667
SoupBucket2,Base.BucketOfSoup,Base.PowderedGarlic,1,false,true,0.0,0.0,0.0,0.0,0.0,0.0,0.0
SoupBucket2,Base.BucketOfSoup,Base.PowderedOnion,1,false,true,0.0,0.0,0.0,0.0,0.0,0.0,0.0
SoupBucket2,Base.BucketOfSoup,Base.Pumpkin,20,false,false,0.5,202.0,10.225,10.305,17.265,0.35,235.666667
SoupBucket2,Base.BucketOfSoup,Base.PumpkinSliced,4,false,false,1.0,40.0,2.04,2.06,3.45,0.7,46.666667
SoupBucket2,Base.BucketOfSoup,Base.PumpkinSmashed,8,false,false,1.0,80.0,4.09,4.12,6.9,0.7,93.333333
SoupBucket2,Base.BucketOfSoup,Base.Rabbitmeat,15,false,false,0.5,484.5,10.0,10.0,92.5,0.35,565.25
SoupBucket2,Base.BucketOfSoup,Base.Ramen,10,false,false,1.0,52.0,0.0,14.0,10.0,0.7,60.666667
SoupBucket2,Base.BucketOfSoup,Base.RedRadish,3,false,false,1.0,1.0,0.15,0.0,0.0,0.7,1.166667
SoupBucket2,Base.BucketOfSoup,Base.Rosehips,6,false,true,0.0,0.0,0.0,0.0,0.0,0.0,0.0
SoupBucket2,Base.BucketOfSoup,Base.Rosemary,1,false,true,0.0,0.0,0.0,0.0,0.0,0.0,0.0
SoupBucket2,Base.BucketOfSoup,Base.RosemaryDried,1,false,true,0.0,0.0,0.0,0.0,0.0,0.0,0.0
SoupBucket2,Base.BucketOfSoup,Base.Sage,1,false,true,0.0,0.0,0.0,0.0,0.0,0.0,0.0
SoupBucket2,Base.BucketOfSoup,Base.SageDried,1,false,true,0.0,0.0,0.0,0.0,0.0,0.0,0.0
SoupBucket2,Base.BucketOfSoup,Base.Salmon,15,false,false,0.5,135.0,0.0,5.275,17.14,0.35,157.5
SoupBucket2,Base.BucketOfSoup,Base.Salt,1,false,true,0.0,0.0,0.0,0.0,0.0,0.0,0.0
SoupBucket2,Base.BucketOfSoup,Base.SeasoningSalt,1,false,true,0.0,0.0,0.0,0.0,0.0,0.0,0.0
SoupBucket2,Base.BucketOfSoup,Base.Seasoning_Basil,1,false,true,0.0,0.0,0.0,0.0,0.0,0.0,0.0
SoupBucket2,Base.BucketOfSoup,Base.Seasoning_Chives,1,false,true,0.0,0.0,0.0,0.0,0.0,0.0,0.0
SoupBucket2,Base.BucketOfSoup,Base.Seasoning_Cilantro,1,false,true,0.0,0.0,0.0,0.0,0.0,0.0,0.0
SoupBucket2,Base.BucketOfSoup,Base.Seasoning_Oregano,1,false,true,0.0,0.0,0.0,0.0,0.0,0.0,0.0
SoupBucket2,Base.BucketOfSoup,Base.Seasoning_Parsley,1,false,true,0.0,0.0,0.0,0.0,0.0,0.0,0.0
SoupBucket2,Base.BucketOfSoup,Base.Seasoning_Rosemary,1,false,true,0.0,0.0,0.0,0.0,0.0,0.0,0.0
SoupBucket2,Base.BucketOfSoup,Base.Seasoning_Sage,1,false,true,0.0,0.0,0.0,0.0,0.0,0.0,0.0
SoupBucket2,Base.BucketOfSoup,Base.Seasoning_Thyme,1,false,true,0.0,0.0,0.0,0.0,0.0,0.0,0.0
SoupBucket2,Base.BucketOfSoup,Base.Seaweed,3,false,true,0.0,0.0,0.0,0.0,0.0,0.0,0.0
SoupBucket2,Base.BucketOfSoup,Base.Shrimp,10,false,false,1.0,80.0,0.0,7.0,10.0,0.7,93.333333
SoupBucket2,Base.BucketOfSoup,Base.ShrimpDumpling,15,false,false,1.0,120.0,5.0,7.0,15.0,0.7,140.0
SoupBucket2,Base.BucketOfSoup,Base.Smallanimalmeat,15,false,false,1.0,201.0,5.0,7.25,45.0,0.7,234.5
SoupBucket2,Base.BucketOfSoup,Base.Smallbirdmeat,15,false,false,1.0,261.0,5.0,8.25,90.0,0.7,304.5
SoupBucket2,Base.BucketOfSoup,Base.Soybeans,5,false,false,1.0,25.0,10.45,0.45,3.95,0.7,29.166667
SoupBucket2,Base.BucketOfSoup,Base.SoybeansSeed,5,false,false,1.0,5.0,2.0,0.1,0.8,0.7,5.833333
SoupBucket2,Base.BucketOfSoup,Base.Spinach,10,false,false,1.0,24.0,3.0,0.0,4.0,0.7,28.0
SoupBucket2,Base.BucketOfSoup,Base.Squash,20,false,false,1.0,202.0,10.22,10.3,17.26,0.7,235.666667
SoupBucket2,Base.BucketOfSoup,Base.Squid,15,false,false,0.5,102.5,0.5,6.5,16.26,0.35,119.583333
SoupBucket2,Base.BucketOfSoup,Base.SquidCalamari,10,false,false,1.0,105.0,3.0,0.0,18.0,0.7,122.5
SoupBucket2,Base.BucketOfSoup,Base.SweetPotato,18,false,false,1.0,70.0,14.52,0.15,2.88,0.7,81.666667
SoupBucket2,Base.BucketOfSoup,Base.Thistle,2,false,true,0.0,0.0,0.0,0.0,0.0,0.0,0.0
SoupBucket2,Base.BucketOfSoup,Base.Thyme,1,false,true,0.0,0.0,0.0,0.0,0.0,0.0,0.0
SoupBucket2,Base.BucketOfSoup,Base.ThymeDried,1,false,true,0.0,0.0,0.0,0.0,0.0,0.0,0.0
SoupBucket2,Base.BucketOfSoup,Base.TinnedSoupOpen,25,false,false,1.0,125.0,20.0,2.5,7.5,0.7,145.833333
SoupBucket2,Base.BucketOfSoup,Base.Tofu,10,false,false,1.0,30.0,1.0,1.0,5.0,0.7,35.0
SoupBucket2,Base.BucketOfSoup,Base.TofuFried,15,false,false,1.0,35.0,3.0,1.0,5.0,0.7,40.833333
SoupBucket2,Base.BucketOfSoup,Base.Tomato,12,false,false,1.0,14.0,3.5,0.2,1.3,0.7,16.333333
SoupBucket2,Base.BucketOfSoup,Base.TomatoPaste,3,false,true,0.0,0.0,0.0,0.0,0.0,0.0,0.0
SoupBucket2,Base.BucketOfSoup,Base.TurkeyEgg,10,false,false,1.0,71.0,0.37,4.54,5.78,0.7,82.833333
SoupBucket2,Base.BucketOfSoup,Base.TurkeyFillet,20,false,false,0.4,92.0,0.0,4.0,12.8,0.28,107.333333
SoupBucket2,Base.BucketOfSoup,Base.TurkeyLegs,31,false,false,0.738095,169.761905,0.0,6.642857,28.047619,0.516667,198.055556
SoupBucket2,Base.BucketOfSoup,Base.TurkeyWings,25,false,false,0.833333,166.666667,0.0,8.333333,26.666667,0.583333,194.444444
SoupBucket2,Base.BucketOfSoup,Base.Turnip,18,false,false,1.0,70.0,14.52,0.15,2.88,0.7,81.666667
SoupBucket2,Base.BucketOfSoup,Base.Wasabi,1,false,true,0.0,0.0,0.0,0.0,0.0,0.0,0.0
SoupBucket2,Base.BucketOfSoup,Base.WaterPotForgedRice,10,false,false,1.0,480.0,108.0,0.0,12.0,0.7,560.0
SoupBucket2,Base.BucketOfSoup,Base.WaterPotRice,10,false,false,1.0,480.0,108.0,0.0,12.0,0.7,560.0
SoupBucket2,Base.BucketOfSoup,Base.WaterSaucepanRice,10,false,false,1.0,480.0,108.0,0.0,12.0,0.7,560.0
SoupBucket2,Base.BucketOfSoup,Base.WaterSaucepanRiceCopper,10,false,false,1.0,480.0,108.0,0.0,12.0,0.7,560.0
SoupBucket2,Base.BucketOfSoup,Base.WildEggs,7,false,false,1.0,63.0,0.32,4.18,5.55,0.7,73.5
SoupBucket2,Base.BucketOfSoup,Base.WildGarlic2,1,false,true,0.0,0.0,0.0,0.0,0.0,0.0,0.0
SoupBucket2,Base.BucketOfSoup,Base.WildGarlicDried,1,false,true,0.0,0.0,0.0,0.0,0.0,0.0,0.0
SoupBucket2,Base.BucketOfSoup,Base.Zucchini,10,false,false,1.0,33.0,6.1,0.63,2.37,0.7,38.5
SoupBucket2,Base.BucketOfSoup,Base.cheese_powdered,14,false,false,1.0,130.0,20.7,9.7,21.0,0.7,151.666667
SoupForged,Base.PotForgedSoupRecipe,Base.Acorn,10,false,false,1.0,55.0,12.0,24.0,6.0,0.7,64.166667
SoupForged,Base.PotForgedSoupRecipe,Base.Avocado,16,false,false,1.0,227.0,11.75,20.96,2.67,0.7,264.833333
SoupForged,Base.PotForgedSoupRecipe,Base.Baguette,5,false,false,0.217391,115.652174,21.521739,1.447826,3.847826,0.152174,134.927536
SoupForged,Base.PotForgedSoupRecipe,Base.Basil,1,false,true,0.0,0.0,0.0,0.0,0.0,0.0,0.0
SoupForged,Base.PotForgedSoupRecipe,Base.BasilDried,1,false,true,0.0,0.0,0.0,0.0,0.0,0.0,0.0
SoupForged,Base.PotForgedSoupRecipe,Base.BeanBowl,24,false,false,1.0,170.0,33.0,1.0,7.0,0.7,198.333333
SoupForged,Base.PotForgedSoupRecipe,Base.BellPepper,8,false,false,1.0,30.0,7.0,0.0,1.0,0.7,35.0
SoupForged,Base.PotForgedSoupRecipe,Base.Biscuit,5,false,false,1.0,160.0,22.0,8.0,1.0,0.7,186.666667
SoupForged,Base.PotForgedSoupRecipe,Base.Blackbeans,10,false,false,1.0,45.0,10.45,0.45,3.95,0.7,52.5
SoupForged,Base.PotForgedSoupRecipe,Base.BouillonCube,3,false,true,0.0,0.0,0.0,0.0,0.0,0.0,0.0
SoupForged,Base.PotForgedSoupRecipe,Base.Bread,5,false,false,0.166667,88.666667,16.5,1.11,2.95,0.116667,103.444444
SoupForged,Base.PotForgedSoupRecipe,Base.BreadSlices,5,false,false,0.5,88.5,16.5,1.11,2.95,0.35,103.25
SoupForged,Base.PotForgedSoupRecipe,Base.Broccoli,9,false,false,1.0,11.0,2.0,0.1,0.9,0.7,12.833333
SoupForged,Base.PotForgedSoupRecipe,Base.BunsHamburger_single,5,false,false,0.5,88.5,16.5,1.11,2.95,0.35,103.25
SoupForged,Base.PotForgedSoupRecipe,Base.BunsHotdog_single,5,false,false,0.5,88.5,16.5,1.11,2.95,0.35,103.25
SoupForged,Base.PotForgedSoupRecipe,Base.Butter,4,false,true,0.0,0.0,0.0,0.0,0.0,0.0,0.0
SoupForged,Base.PotForgedSoupRecipe,Base.Cabbage,12,false,false,0.5,90.0,20.5,0.35,4.5,0.35,105.0
SoupForged,Base.PotForgedSoupRecipe,Base.CannedBellPepper_Open,8,false,false,0.166667,30.0,7.0,0.0,1.0,0.116667,35.0
SoupForged,Base.PotForgedSoupRecipe,Base.CannedBroccoli_Open,9,false,false,0.2,11.0,2.0,0.1,0.9,0.14,12.833333
SoupForged,Base.PotForgedSoupRecipe,Base.CannedCabbage_Open,12,false,false,0.25,90.0,20.5,0.35,4.5,0.175,105.0
SoupForged,Base.PotForgedSoupRecipe,Base.CannedCarrotsOpen,12,false,false,1.0,10.5,28.0,0.0,0.0,0.7,12.25
SoupForged,Base.PotForgedSoupRecipe,Base.CannedCarrots_Open,8,false,false,0.2,25.0,6.0,0.15,0.6,0.14,29.166667
SoupForged,Base.PotForgedSoupRecipe,Base.CannedCornOpen,16,false,false,1.0,315.0,70.0,1.75,7.0,0.7,367.5
SoupForged,Base.PotForgedSoupRecipe,Base.CannedEggplant_Open,16,false,false,0.333333,114.0,27.0,0.8,4.5,0.233333,133.0
SoupForged,Base.PotForgedSoupRecipe,Base.CannedLeek_Open,12,false,false,0.25,54.0,140.0,0.3,3.8,0.175,63.0
SoupForged,Base.PotForgedSoupRecipe,Base.CannedMushroomSoupOpen,10,false,false,1.0,160.0,19.0,8.0,3.0,0.7,186.666667
SoupForged,Base.PotForgedSoupRecipe,Base.CannedPeasOpen,16,false,false,1.0,280.0,52.5,0.0,14.0,0.7,326.666667
SoupForged,Base.PotForgedSoupRecipe,Base.CannedPotatoOpen,18,false,false,1.0,175.0,35.0,0.0,2.5,0.7,204.166667
SoupForged,Base.PotForgedSoupRecipe,Base.CannedPotato_Open,18,false,false,0.375,78.75,16.875,0.16875,3.375,0.2625,91.875
SoupForged,Base.PotForgedSoupRecipe,Base.CannedRedRadish_Open,3,false,false,0.066667,1.0,0.15,0.0,0.0,0.046667,1.166667
SoupForged,Base.PotForgedSoupRecipe,Base.CannedRoe_Open,2,false,false,0.2,30.0,0.0,2.2,2.8,0.14,35.0
SoupForged,Base.PotForgedSoupRecipe,Base.CannedTomatoOpen,12,false,false,1.0,90.0,18.0,0.0,3.0,0.7,105.0
SoupForged,Base.PotForgedSoupRecipe,Base.CannedTomato_Open,12,false,false,0.25,14.0,3.5,0.2,1.3,0.175,16.333333
SoupForged,Base.PotForgedSoupRecipe,Base.Carrots,8,false,false,1.0,25.0,6.0,0.15,0.6,0.7,29.166667
SoupForged,Base.PotForgedSoupRecipe,Base.Cauliflower,9,false,false,1.0,24.0,3.0,0.0,4.0,0.7,28.0
SoupForged,Base.PotForgedSoupRecipe,Base.Cheese,10,false,false,0.666667,75.333333,0.58,6.22,4.266667,0.466667,87.888889
SoupForged,Base.PotForgedSoupRecipe,Base.Chicken,30,false,false,0.909091,209.090909,0.0,8.181818,34.545455,0.636364,243.939394
SoupForged,Base.PotForgedSoupRecipe,Base.ChickenFillet,18,false,false,0.6,138.0,0.0,5.4,22.8,0.42,161.0
SoupForged,Base.PotForgedSoupRecipe,Base.ChickenWings,15,false,false,0.789474,150.0,0.0,4.736842,17.368421,0.552632,175.0
SoupForged,Base.PotForgedSoupRecipe,Base.Chives,1,false,true,0.0,0.0,0.0,0.0,0.0,0.0,0.0
SoupForged,Base.PotForgedSoupRecipe,Base.ChivesDried,1,false,true,0.0,0.0,0.0,0.0,0.0,0.0,0.0
SoupForged,Base.PotForgedSoupRecipe,Base.Cilantro,1,false,true,0.0,0.0,0.0,0.0,0.0,0.0,0.0
SoupForged,Base.PotForgedSoupRecipe,Base.CilantroDried,1,false,true,0.0,0.0,0.0,0.0,0.0,0.0,0.0
SoupForged,Base.PotForgedSoupRecipe,Base.CilantroSeed,1,false,true,0.0,0.0,0.0,0.0,0.0,0.0,0.0
SoupForged,Base.PotForgedSoupRecipe,Base.Cinnamon,1,false,true,0.0,0.0,0.0,0.0,0.0,0.0,0.0
SoupForged,Base.PotForgedSoupRecipe,Base.CommonMallow,1,false,true,0.0,0.0,0.0,0.0,0.0,0.0,0.0
SoupForged,Base.PotForgedSoupRecipe,Base.Corn,14,false,false,1.0,88.0,26.74,1.93,4.68,0.7,102.666667
SoupForged,Base.PotForgedSoupRecipe,Base.CornFrozen,10,false,false,0.5,198.0,47.0,2.5,7.5,0.35,231.0
SoupForged,Base.PotForgedSoupRecipe,Base.CornSeed,1,false,false,0.25,6.2,1.9,0.14,0.33,0.175,7.233333
SoupForged,Base.PotForgedSoupRecipe,Base.Cornbread,5,false,false,0.5,150.0,27.0,5.0,3.5,0.35,175.0
SoupForged,Base.PotForgedSoupRecipe,Base.Cornflour2,6,false,true,0.0,0.0,0.0,0.0,0.0,0.0,0.0
SoupForged,Base.PotForgedSoupRecipe,Base.Cornmeal2,6,false,true,0.0,0.0,0.0,0.0,0.0,0.0,0.0
SoupForged,Base.PotForgedSoupRecipe,Base.Crackers,5,false,false,1.0,70.0,12.0,6.0,1.0,0.7,81.666667
SoupForged,Base.PotForgedSoupRecipe,Base.Crayfish,10,false,false,1.0,40.0,0.0,2.0,8.0,0.7,46.666667
SoupForged,Base.PotForgedSoupRecipe,Base.Cucumber,10,false,false,1.0,33.0,6.1,0.63,2.37,0.7,38.5
SoupForged,Base.PotForgedSoupRecipe,Base.Daikon,6,false,false,0.5,27.0,6.295,0.135,0.67,0.35,31.5
SoupForged,Base.PotForgedSoupRecipe,Base.Dandelions,5,false,false,1.0,25.0,5.0,0.5,1.5,0.7,29.166667
SoupForged,Base.PotForgedSoupRecipe,Base.DeadBird,10,false,false,0.666667,107.333333,0.333333,1.333333,14.666667,0.466667,125.222222
SoupForged,Base.PotForgedSoupRecipe,Base.DeadMouse,10,false,false,1.0,220.0,0.7,3.15,9.5,0.7,256.666667
SoupForged,Base.PotForgedSoupRecipe,Base.DeadMousePups,5,false,false,1.0,110.0,0.35,1.58,4.2,0.7,128.333333
SoupForged,Base.PotForgedSoupRecipe,Base.DeadMousePupsSkinned,5,false,false,1.0,110.0,0.35,1.58,4.2,0.7,128.333333
SoupForged,Base.PotForgedSoupRecipe,Base.DeadMouseSkinned,10,false,false,1.0,220.0,0.7,3.15,9.5,0.7,256.666667
SoupForged,Base.PotForgedSoupRecipe,Base.DeadRat,15,false,false,0.681818,220.909091,0.0,10.909091,27.272727,0.477273,257.727273
SoupForged,Base.PotForgedSoupRecipe,Base.DeadRatBaby,10,false,false,0.833333,145.5,0.0,7.166667,18.0,0.583333,169.75
SoupForged,Base.PotForgedSoupRecipe,Base.DeadRatBabySkinned,10,false,false,0.833333,145.5,0.0,7.166667,18.0,0.583333,169.75
SoupForged,Base.PotForgedSoupRecipe,Base.DeadRatSkinned,15,false,false,0.681818,220.909091,0.0,10.909091,27.272727,0.477273,257.727273
SoupForged,Base.PotForgedSoupRecipe,Base.DeadSquirrel,15,false,false,0.46875,225.0,0.0,7.03125,39.75,0.328125,262.5
SoupForged,Base.PotForgedSoupRecipe,Base.DriedBlackBeans,10,false,false,0.166667,514.0,96.666667,0.0,33.166667,0.116667,599.666667
SoupForged,Base.PotForgedSoupRecipe,Base.DriedChickpeas,10,false,false,0.166667,475.166667,90.666667,0.0,30.166667,0.116667,554.361111
SoupForged,Base.PotForgedSoupRecipe,Base.DriedKidneyBeans,10,false,false,0.166667,544.166667,84.666667,2.166667,45.333333,0.116667,634.861111
SoupForged,Base.PotForgedSoupRecipe,Base.DriedLentils,10,false,false,0.166667,500.0,90.0,0.0,36.666667,0.116667,583.333333
SoupForged,Base.PotForgedSoupRecipe,Base.DriedSplitPeas,10,false,false,0.166667,369.5,90.666667,0.0,36.833333,0.116667,431.083333
SoupForged,Base.PotForgedSoupRecipe,Base.DriedWhiteBeans,10,false,false,0.166667,470.5,87.833333,1.666667,31.333333,0.116667,548.916667
SoupForged,Base.PotForgedSoupRecipe,Base.Edamame,5,false,false,1.0,25.0,10.45,0.45,3.95,0.7,29.166667
SoupForged,Base.PotForgedSoupRecipe,Base.Egg,7,false,false,1.0,63.0,0.32,4.18,5.55,0.7,73.5
SoupForged,Base.PotForgedSoupRecipe,Base.EggBoiled,10,false,false,1.0,63.0,0.32,4.18,5.55,0.7,73.5
SoupForged,Base.PotForgedSoupRecipe,Base.Eggplant,16,false,false,1.0,114.0,27.0,0.8,4.5,0.7,133.0
SoupForged,Base.PotForgedSoupRecipe,Base.FishFillet,15,false,false,0.6,123.0,0.6,7.2,17.112,0.42,143.5
SoupForged,Base.PotForgedSoupRecipe,Base.FishFried,15,false,false,0.5,105.0,3.5,6.0,8.0,0.35,122.5
SoupForged,Base.PotForgedSoupRecipe,Base.FishRoe,2,false,true,0.0,0.0,0.0,0.0,0.0,0.0,0.0
SoupForged,Base.PotForgedSoupRecipe,Base.Flour2,6,false,true,0.0,0.0,0.0,0.0,0.0,0.0,0.0
SoupForged,Base.PotForgedSoupRecipe,Base.FourLeafClover,1,false,true,0.0,0.0,0.0,0.0,0.0,0.0,0.0
SoupForged,Base.PotForgedSoupRecipe,Base.FrogMeat,10,false,false,1.0,66.0,0.0,0.28,14.6,0.7,77.0
SoupForged,Base.PotForgedSoupRecipe,Base.Garlic,1,false,true,0.0,0.0,0.0,0.0,0.0,0.0,0.0
SoupForged,Base.PotForgedSoupRecipe,Base.GingerPickled,1,false,true,0.0,0.0,0.0,0.0,0.0,0.0,0.0
SoupForged,Base.PotForgedSoupRecipe,Base.GingerRoot,2,false,true,0.0,0.0,0.0,0.0,0.0,0.0,0.0
SoupForged,Base.PotForgedSoupRecipe,Base.GrapeLeaves,4,false,false,1.0,73.0,11.0,2.0,4.0,0.7,85.166667
SoupForged,Base.PotForgedSoupRecipe,Base.GreenOnions,1,false,true,0.0,0.0,0.0,0.0,0.0,0.0,0.0
SoupForged,Base.PotForgedSoupRecipe,Base.Greenpeas,4,false,false,1.0,70.0,13.125,0.0,3.5,0.7,81.666667
SoupForged,Base.PotForgedSoupRecipe,Base.GreenpeasSeed,1,false,false,1.0,17.5,3.25,0.0,0.875,0.7,20.416667
SoupForged,Base.PotForgedSoupRecipe,Base.HamSlice,10,false,false,1.0,260.0,15.16,13.0,19.5,0.7,303.333333
SoupForged,Base.PotForgedSoupRecipe,Base.Kale,8,false,false,0.5,89.0,20.705,0.355,4.57,0.35,103.833333
SoupForged,Base.PotForgedSoupRecipe,Base.Lard,4,false,true,0.0,0.0,0.0,0.0,0.0,0.0,0.0
SoupForged,Base.PotForgedSoupRecipe,Base.Leek,12,false,false,1.0,54.0,140.0,0.3,1.3,0.7,63.0
SoupForged,Base.PotForgedSoupRecipe,Base.Lemon,10,false,true,0.0,0.0,0.0,0.0,0.0,0.0,0.0
SoupForged,Base.PotForgedSoupRecipe,Base.LemonGrass,1,false,true,0.0,0.0,0.0,0.0,0.0,0.0,0.0
SoupForged,Base.PotForgedSoupRecipe,Base.Lime,10,false,true,0.0,0.0,0.0,0.0,0.0,0.0,0.0
SoupForged,Base.PotForgedSoupRecipe,Base.Lobster,20,false,false,0.5,60.0,0.0,3.5,14.0,0.35,70.0
SoupForged,Base.PotForgedSoupRecipe,Base.Macaroni,10,false,false,0.166667,560.0,109.333333,2.666667,18.666667,0.116667,653.333333
SoupForged,Base.PotForgedSoupRecipe,Base.Margarine,4,false,true,0.0,0.0,0.0,0.0,0.0,0.0,0.0
SoupForged,Base.PotForgedSoupRecipe,Base.MeatDumpling,15,false,false,1.0,28.0,8.0,3.0,15.0,0.7,32.666667
SoupForged,Base.PotForgedSoupRecipe,Base.MixedVegetables,10,false,false,0.5,135.5,18.5,0.0,4.5,0.35,158.083333
SoupForged,Base.PotForgedSoupRecipe,Base.MushroomGeneric1,13,false,false,1.0,30.0,2.12,0.24,2.04,0.7,35.0
SoupForged,Base.PotForgedSoupRecipe,Base.MushroomGeneric2,13,false,false,1.0,30.0,2.12,0.24,2.04,0.7,35.0
SoupForged,Base.PotForgedSoupRecipe,Base.MushroomGeneric3,15,false,false,1.0,32.0,2.56,0.32,2.36,0.7,37.333333
SoupForged,Base.PotForgedSoupRecipe,Base.MushroomGeneric4,13,false,false,1.0,30.0,2.12,0.24,2.04,0.7,35.0
SoupForged,Base.PotForgedSoupRecipe,Base.MushroomGeneric5,15,false,false,1.0,32.0,2.56,0.32,2.36,0.7,37.333333
SoupForged,Base.PotForgedSoupRecipe,Base.MushroomGeneric6,13,false,false,1.0,30.0,2.12,0.24,2.04,0.7,35.0
SoupForged,Base.PotForgedSoupRecipe,Base.MushroomGeneric7,13,false,false,1.0,32.0,2.12,0.24,2.04,0.7,37.333333
SoupForged,Base.PotForgedSoupRecipe,Base.MushroomsButton,7,false,false,1.0,15.0,1.06,0.12,1.02,0.7,17.5
SoupForged,Base.PotForgedSoupRecipe,Base.MuttonChop,15,false,false,0.5,117.0,0.04,5.5,16.5,0.35,136.5
SoupForged,Base.PotForgedSoupRecipe,Base.Nettles,2,false,true,0.0,0.0,0.0,0.0,0.0,0.0,0.0
SoupForged,Base.PotForgedSoupRecipe,Base.OilOlive,2,false,true,0.0,0.0,0.0,0.0,0.0,0.0,0.0
SoupForged,Base.PotForgedSoupRecipe,Base.OilVegetable,5,false,true,0.0,0.0,0.0,0.0,0.0,0.0,0.0
SoupForged,Base.PotForgedSoupRecipe,Base.Onion,5,false,false,0.5,14.0,3.27,0.035,0.385,0.35,16.333333
SoupForged,Base.PotForgedSoupRecipe,Base.OpenBeans,24,false,false,1.0,170.0,33.0,1.0,7.0,0.7,198.333333
SoupForged,Base.PotForgedSoupRecipe,Base.Oregano,1,false,true,0.0,0.0,0.0,0.0,0.0,0.0,0.0
SoupForged,Base.PotForgedSoupRecipe,Base.OreganoDried,1,false,true,0.0,0.0,0.0,0.0,0.0,0.0,0.0
SoupForged,Base.PotForgedSoupRecipe,Base.Oysters,5,false,false,1.0,15.0,10.0,4.0,22.0,0.7,17.5
SoupForged,Base.PotForgedSoupRecipe,Base.OystersFried,6,false,false,1.0,25.0,11.0,4.0,20.0,0.7,29.166667
SoupForged,Base.PotForgedSoupRecipe,Base.Parsley,1,false,true,0.0,0.0,0.0,0.0,0.0,0.0,0.0
SoupForged,Base.PotForgedSoupRecipe,Base.ParsleyDried,1,false,true,0.0,0.0,0.0,0.0,0.0,0.0,0.0
SoupForged,Base.PotForgedSoupRecipe,Base.Pasta,10,false,false,0.166667,560.0,109.333333,2.666667,18.666667,0.116667,653.333333
SoupForged,Base.PotForgedSoupRecipe,Base.PeanutButter,5,false,false,0.2,532.0,25.6,44.8,16.8,0.14,620.666667
SoupForged,Base.PotForgedSoupRecipe,Base.Peanuts,8,false,false,1.0,161.0,4.57,13.96,7.31,0.7,187.833333
SoupForged,Base.PotForgedSoupRecipe,Base.Peas,10,false,false,0.5,59.5,10.225,0.425,3.975,0.35,69.416667
SoupForged,Base.PotForgedSoupRecipe,Base.Pepper,1,false,true,0.0,0.0,0.0,0.0,0.0,0.0,0.0
SoupForged,Base.PotForgedSoupRecipe,Base.PepperHabanero,2,false,true,0.0,0.0,0.0,0.0,0.0,0.0,0.0
SoupForged,Base.PotForgedSoupRecipe,Base.PepperHabaneroDried,1,false,true,0.0,0.0,0.0,0.0,0.0,0.0,0.0
SoupForged,Base.PotForgedSoupRecipe,Base.PepperJalapeno,2,false,true,0.0,0.0,0.0,0.0,0.0,0.0,0.0
SoupForged,Base.PotForgedSoupRecipe,Base.PepperJalapenoDried,1,false,true,0.0,0.0,0.0,0.0,0.0,0.0,0.0
SoupForged,Base.PotForgedSoupRecipe,Base.Pork,15,false,false,0.25,75.0,0.0,3.0,12.5,0.175,87.5
SoupForged,Base.PotForgedSoupRecipe,Base.PorkChop,15,false,false,0.5,75.0,0.0,3.0,12.5,0.35,87.5
SoupForged,Base.PotForgedSoupRecipe,Base.Potato,18,false,false,1.0,70.0,15.0,0.15,3.0,0.7,81.666667
SoupForged,Base.PotForgedSoupRecipe,Base.PowderedGarlic,1,false,true,0.0,0.0,0.0,0.0,0.0,0.0,0.0
SoupForged,Base.PotForgedSoupRecipe,Base.PowderedOnion,1,false,true,0.0,0.0,0.0,0.0,0.0,0.0,0.0
SoupForged,Base.PotForgedSoupRecipe,Base.Pumpkin,20,false,false,0.5,202.0,10.225,10.305,17.265,0.35,235.666667
SoupForged,Base.PotForgedSoupRecipe,Base.PumpkinSliced,4,false,false,1.0,40.0,2.04,2.06,3.45,0.7,46.666667
SoupForged,Base.PotForgedSoupRecipe,Base.PumpkinSmashed,8,false,false,1.0,80.0,4.09,4.12,6.9,0.7,93.333333
SoupForged,Base.PotForgedSoupRecipe,Base.Rabbitmeat,15,false,false,0.5,484.5,10.0,10.0,92.5,0.35,565.25
SoupForged,Base.PotForgedSoupRecipe,Base.Ramen,10,false,false,1.0,52.0,0.0,14.0,10.0,0.7,60.666667
SoupForged,Base.PotForgedSoupRecipe,Base.RedRadish,3,false,false,1.0,1.0,0.15,0.0,0.0,0.7,1.166667
SoupForged,Base.PotForgedSoupRecipe,Base.Rosehips,6,false,true,0.0,0.0,0.0,0.0,0.0,0.0,0.0
SoupForged,Base.PotForgedSoupRecipe,Base.Rosemary,1,false,true,0.0,0.0,0.0,0.0,0.0,0.0,0.0
SoupForged,Base.PotForgedSoupRecipe,Base.RosemaryDried,1,false,true,0.0,0.0,0.0,0.0,0.0,0.0,0.0
SoupForged,Base.PotForgedSoupRecipe,Base.Sage,1,false,true,0.0,0.0,0.0,0.0,0.0,0.0,0.0
SoupForged,Base.PotForgedSoupRecipe,Base.SageDried,1,false,true,0.0,0.0,0.0,0.0,0.0,0.0,0.0
SoupForged,Base.PotForgedSoupRecipe,Base.Salmon,15,false,false,0.5,135.0,0.0,5.275,17.14,0.35,157.5
SoupForged,Base.PotForgedSoupRecipe,Base.Salt,1,false,true,0.0,0.0,0.0,0.0,0.0,0.0,0.0
SoupForged,Base.PotForgedSoupRecipe,Base.SeasoningSalt,1,false,true,0.0,0.0,0.0,0.0,0.0,0.0,0.0
SoupForged,Base.PotForgedSoupRecipe,Base.Seasoning_Basil,1,false,true,0.0,0.0,0.0,0.0,0.0,0.0,0.0
SoupForged,Base.PotForgedSoupRecipe,Base.Seasoning_Chives,1,false,true,0.0,0.0,0.0,0.0,0.0,0.0,0.0
SoupForged,Base.PotForgedSoupRecipe,Base.Seasoning_Cilantro,1,false,true,0.0,0.0,0.0,0.0,0.0,0.0,0.0
SoupForged,Base.PotForgedSoupRecipe,Base.Seasoning_Oregano,1,false,true,0.0,0.0,0.0,0.0,0.0,0.0,0.0
SoupForged,Base.PotForgedSoupRecipe,Base.Seasoning_Parsley,1,false,true,0.0,0.0,0.0,0.0,0.0,0.0,0.0
SoupForged,Base.PotForgedSoupRecipe,Base.Seasoning_Rosemary,1,false,true,0.0,0.0,0.0,0.0,0.0,0.0,0.0
SoupForged,Base.PotForgedSoupRecipe,Base.Seasoning_Sage,1,false,true,0.0,0.0,0.0,0.0,0.0,0.0,0.0
SoupForged,Base.PotForgedSoupRecipe,Base.Seasoning_Thyme,1,false,true,0.0,0.0,0.0,0.0,0.0,0.0,0.0
SoupForged,Base.PotForgedSoupRecipe,Base.Seaweed,3,false,true,0.0,0.0,0.0,0.0,0.0,0.0,0.0
SoupForged,Base.PotForgedSoupRecipe,Base.Shrimp,10,false,false,1.0,80.0,0.0,7.0,10.0,0.7,93.333333
SoupForged,Base.PotForgedSoupRecipe,Base.ShrimpDumpling,15,false,false,1.0,120.0,5.0,7.0,15.0,0.7,140.0
SoupForged,Base.PotForgedSoupRecipe,Base.Smallanimalmeat,15,false,false,1.0,201.0,5.0,7.25,45.0,0.7,234.5
SoupForged,Base.PotForgedSoupRecipe,Base.Smallbirdmeat,15,false,false,1.0,261.0,5.0,8.25,90.0,0.7,304.5
SoupForged,Base.PotForgedSoupRecipe,Base.Soybeans,5,false,false,1.0,25.0,10.45,0.45,3.95,0.7,29.166667
SoupForged,Base.PotForgedSoupRecipe,Base.SoybeansSeed,5,false,false,1.0,5.0,2.0,0.1,0.8,0.7,5.833333
SoupForged,Base.PotForgedSoupRecipe,Base.Spinach,10,false,false,1.0,24.0,3.0,0.0,4.0,0.7,28.0
SoupForged,Base.PotForgedSoupRecipe,Base.Squash,20,false,false,1.0,202.0,10.22,10.3,17.26,0.7,235.666667
SoupForged,Base.PotForgedSoupRecipe,Base.Squid,15,false,false,0.5,102.5,0.5,6.5,16.26,0.35,119.583333
SoupForged,Base.PotForgedSoupRecipe,Base.SquidCalamari,10,false,false,1.0,105.0,3.0,0.0,18.0,0.7,122.5
SoupForged,Base.PotForgedSoupRecipe,Base.SweetPotato,18,false,false,1.0,70.0,14.52,0.15,2.88,0.7,81.666667
SoupForged,Base.PotForgedSoupRecipe,Base.Thistle,2,false,true,0.0,0.0,0.0,0.0,0.0,0.0,0.0
SoupForged,Base.PotForgedSoupRecipe,Base.Thyme,1,false,true,0.0,0.0,0.0,0.0,0.0,0.0,0.0
SoupForged,Base.PotForgedSoupRecipe,Base.ThymeDried,1,false,true,0.0,0.0,0.0,0.0,0.0,0.0,0.0
SoupForged,Base.PotForgedSoupRecipe,Base.TinnedSoupOpen,25,false,false,1.0,125.0,20.0,2.5,7.5,0.7,145.833333
SoupForged,Base.PotForgedSoupRecipe,Base.Tofu,10,false,false,1.0,30.0,1.0,1.0,5.0,0.7,35.0
SoupForged,Base.PotForgedSoupRecipe,Base.TofuFried,15,false,false,1.0,35.0,3.0,1.0,5.0,0.7,40.833333
SoupForged,Base.PotForgedSoupRecipe,Base.Tomato,12,false,false,1.0,14.0,3.5,0.2,1.3,0.7,16.333333
SoupForged,Base.PotForgedSoupRecipe,Base.TomatoPaste,3,false,true,0.0,0.0,0.0,0.0,0.0,0.0,0.0
SoupForged,Base.PotForgedSoupRecipe,Base.TurkeyEgg,10,false,false,1.0,71.0,0.37,4.54,5.78,0.7,82.833333
SoupForged,Base.PotForgedSoupRecipe,Base.TurkeyFillet,20,false,false,0.4,92.0,0.0,4.0,12.8,0.28,107.333333
SoupForged,Base.PotForgedSoupRecipe,Base.TurkeyLegs,31,false,false,0.738095,169.761905,0.0,6.642857,28.047619,0.516667,198.055556
SoupForged,Base.PotForgedSoupRecipe,Base.TurkeyWings,25,false,false,0.833333,166.666667,0.0,8.333333,26.666667,0.583333,194.444444
SoupForged,Base.PotForgedSoupRecipe,Base.Turnip,18,false,false,1.0,70.0,14.52,0.15,2.88,0.7,81.666667
SoupForged,Base.PotForgedSoupRecipe,Base.Wasabi,1,false,true,0.0,0.0,0.0,0.0,0.0,0.0,0.0
SoupForged,Base.PotForgedSoupRecipe,Base.WaterPotForgedRice,10,false,false,1.0,480.0,108.0,0.0,12.0,0.7,560.0
SoupForged,Base.PotForgedSoupRecipe,Base.WaterPotRice,10,false,false,1.0,480.0,108.0,0.0,12.0,0.7,560.0
SoupForged,Base.PotForgedSoupRecipe,Base.WaterSaucepanRice,10,false,false,1.0,480.0,108.0,0.0,12.0,0.7,560.0
SoupForged,Base.PotForgedSoupRecipe,Base.WaterSaucepanRiceCopper,10,false,false,1.0,480.0,108.0,0.0,12.0,0.7,560.0
SoupForged,Base.PotForgedSoupRecipe,Base.WildEggs,7,false,false,1.0,63.0,0.32,4.18,5.55,0.7,73.5
SoupForged,Base.PotForgedSoupRecipe,Base.WildGarlic2,1,false,true,0.0,0.0,0.0,0.0,0.0,0.0,0.0
SoupForged,Base.PotForgedSoupRecipe,Base.WildGarlicDried,1,false,true,0.0,0.0,0.0,0.0,0.0,0.0,0.0
SoupForged,Base.PotForgedSoupRecipe,Base.Zucchini,10,false,false,1.0,33.0,6.1,0.63,2.37,0.7,38.5
SoupForged,Base.PotForgedSoupRecipe,Base.cheese_powdered,14,false,false,1.0,130.0,20.7,9.7,21.0,0.7,151.666667
Stew,Base.PotOfStew,Base.Avocado,16,false,false,1.0,227.0,11.75,20.96,2.67,0.7,264.833333
Stew,Base.PotOfStew,Base.Bacon,12,false,false,1.0,160.0,0.0,14.0,10.0,0.7,186.666667
Stew,Base.PotOfStew,Base.BaconBits,1,false,true,0.0,0.0,0.0,0.0,0.0,0.0,0.0
Stew,Base.PotOfStew,Base.BaconRashers,4,false,false,1.0,40.0,0.0,3.5,2.5,0.7,46.666667
Stew,Base.PotOfStew,Base.Baguette,5,false,false,0.217391,115.652174,21.521739,1.447826,3.847826,0.152174,134.927536
Stew,Base.PotOfStew,Base.BaloneySlice,5,false,false,1.0,33.0,0.33,1.06,3.78,0.7,38.5
Stew,Base.PotOfStew,Base.Basil,1,false,true,0.0,0.0,0.0,0.0,0.0,0.0,0.0
Stew,Base.PotOfStew,Base.BasilDried,1,false,true,0.0,0.0,0.0,0.0,0.0,0.0,0.0
Stew,Base.PotOfStew,Base.BeanBowl,24,false,false,1.0,170.0,33.0,1.0,7.0,0.7,198.333333
Stew,Base.PotOfStew,Base.Beef,20,false,false,0.25,110.0,0.0,4.675,15.655,0.175,128.333333
Stew,Base.PotOfStew,Base.BeefJerky,10,false,false,0.5,205.0,5.5,13.0,16.5,0.35,239.166667
Stew,Base.PotOfStew,Base.BellPepper,8,false,false,1.0,30.0,7.0,0.0,1.0,0.7,35.0
Stew,Base.PotOfStew,Base.Biscuit,5,false,false,1.0,160.0,22.0,8.0,1.0,0.7,186.666667
Stew,Base.PotOfStew,Base.Blackbeans,10,false,false,1.0,45.0,10.45,0.45,3.95,0.7,52.5
Stew,Base.PotOfStew,Base.BouillonCube,3,false,true,0.0,0.0,0.0,0.0,0.0,0.0,0.0
Stew,Base.PotOfStew,Base.Bread,5,false,false,0.166667,88.666667,16.5,1.11,2.95,0.116667,103.444444
Stew,Base.PotOfStew,Base.BreadSlices,5,false,false,0.5,88.5,16.5,1.11,2.95,0.35,103.25
Stew,Base.PotOfStew,Base.Broccoli,9,false,false,1.0,11.0,2.0,0.1,0.9,0.7,12.833333
Stew,Base.PotOfStew,Base.BunsHamburger_single,5,false,false,0.5,88.5,16.5,1.11,2.95,0.35,103.25
Stew,Base.PotOfStew,Base.BunsHotdog_single,5,false,false,0.5,88.5,16.5,1.11,2.95,0.35,103.25
Stew,Base.PotOfStew,Base.Butter,4,false,true,0.0,0.0,0.0,0.0,0.0,0.0,0.0
Stew,Base.PotOfStew,Base.Cabbage,12,false,false,0.5,90.0,20.5,0.35,4.5,0.35,105.0
Stew,Base.PotOfStew,Base.CannedBellPepper_Open,8,false,false,0.166667,30.0,7.0,0.0,1.0,0.116667,35.0
Stew,Base.PotOfStew,Base.CannedBologneseOpen,24,false,false,1.0,540.0,68.0,22.0,18.0,0.7,630.0
Stew,Base.PotOfStew,Base.CannedBroccoli_Open,9,false,false,0.2,11.0,2.0,0.1,0.9,0.14,12.833333
Stew,Base.PotOfStew,Base.CannedCabbage_Open,12,false,false,0.25,90.0,20.5,0.35,4.5,0.175,105.0
Stew,Base.PotOfStew,Base.CannedCarrotsOpen,12,false,false,1.0,10.5,28.0,0.0,0.0,0.7,12.25
Stew,Base.PotOfStew,Base.CannedCarrots_Open,8,false,false,0.2,25.0,6.0,0.15,0.6,0.14,29.166667
Stew,Base.PotOfStew,Base.CannedChiliOpen,16,false,false,1.0,260.0,33.0,7.0,16.0,0.7,303.333333
Stew,Base.PotOfStew,Base.CannedCornOpen,16,false,false,1.0,315.0,70.0,1.75,7.0,0.7,367.5
Stew,Base.PotOfStew,Base.CannedCornedBeefOpen,12,false,false,0.5,360.0,0.0,24.0,39.0,0.35,420.0
Stew,Base.PotOfStew,Base.CannedEggplant_Open,16,false,false,0.333333,114.0,27.0,0.8,4.5,0.233333,133.0
Stew,Base.PotOfStew,Base.CannedLeek_Open,12,false,false,0.25,54.0,140.0,0.3,3.8,0.175,63.0
Stew,Base.PotOfStew,Base.CannedMushroomSoupOpen,10,false,false,1.0,160.0,19.0,8.0,3.0,0.7,186.666667
Stew,Base.PotOfStew,Base.CannedPeasOpen,16,false,false,1.0,280.0,52.5,0.0,14.0,0.7,326.666667
Stew,Base.PotOfStew,Base.CannedPotatoOpen,18,false,false,1.0,175.0,35.0,0.0,2.5,0.7,204.166667
Stew,Base.PotOfStew,Base.CannedPotato_Open,18,false,false,0.375,78.75,16.875,0.16875,3.375,0.2625,91.875
Stew,Base.PotOfStew,Base.CannedRedRadish_Open,3,false,false,0.066667,1.0,0.15,0.0,0.0,0.046667,1.166667
Stew,Base.PotOfStew,Base.CannedSardinesOpen,14,false,false,1.0,150.0,0.0,11.0,14.0,0.7,175.0
Stew,Base.PotOfStew,Base.CannedTomatoOpen,12,false,false,1.0,90.0,18.0,0.0,3.0,0.7,105.0
Stew,Base.PotOfStew,Base.CannedTomato_Open,12,false,false,0.25,14.0,3.5,0.2,1.3,0.175,16.333333
Stew,Base.PotOfStew,Base.Carrots,8,false,false,1.0,25.0,6.0,0.15,0.6,0.7,29.166667
Stew,Base.PotOfStew,Base.CatFoodBag,15,false,false,0.25,0.0,0.0,0.0,0.0,0.175,0.0
Stew,Base.PotOfStew,Base.Cauliflower,9,false,false,1.0,24.0,3.0,0.0,4.0,0.7,28.0
Stew,Base.PotOfStew,Base.Cheese,10,false,false,0.666667,75.333333,0.58,6.22,4.266667,0.466667,87.888889
Stew,Base.PotOfStew,Base.Chicken,30,false,false,0.909091,209.090909,0.0,8.181818,34.545455,0.636364,243.939394
Stew,Base.PotOfStew,Base.ChickenFillet,18,false,false,0.6,138.0,0.0,5.4,22.8,0.42,161.0
Stew,Base.PotOfStew,Base.ChickenWings,15,false,false,0.789474,150.0,0.0,4.736842,17.368421,0.552632,175.0
Stew,Base.PotOfStew,Base.Chives,1,false,true,0.0,0.0,0.0,0.0,0.0,0.0,0.0
Stew,Base.PotOfStew,Base.ChivesDried,1,false,true,0.0,0.0,0.0,0.0,0.0,0.0,0.0
Stew,Base.PotOfStew,Base.Cilantro,1,false,true,0.0,0.0,0.0,0.0,0.0,0.0,0.0
Stew,Base.PotOfStew,Base.CilantroDried,1,false,true,0.0,0.0,0.0,0.0,0.0,0.0,0.0
Stew,Base.PotOfStew,Base.CilantroSeed,1,false,true,0.0,0.0,0.0,0.0,0.0,0.0,0.0
Stew,Base.PotOfStew,Base.Cinnamon,1,false,true,0.0,0.0,0.0,0.0,0.0,0.0,0.0
Stew,Base.PotOfStew,Base.CommonMallow,1,false,true,0.0,0.0,0.0,0.0,0.0,0.0,0.0
Stew,Base.PotOfStew,Base.Corn,14,false,false,1.0,88.0,26.74,1.93,4.68,0.7,102.666667
Stew,Base.PotOfStew,Base.CornFrozen,10,false,false,0.5,198.0,47.0,2.5,7.5,0.35,231.0
Stew,Base.PotOfStew,Base.CornSeed,1,false,false,0.25,6.2,1.9,0.14,0.33,0.175,7.233333
Stew,Base.PotOfStew,Base.Cornbread,5,false,false,0.5,150.0,27.0,5.0,3.5,0.35,175.0
Stew,Base.PotOfStew,Base.Cornflour2,6,false,true,0.0,0.0,0.0,0.0,0.0,0.0,0.0
Stew,Base.PotOfStew,Base.Cornmeal2,6,false,true,0.0,0.0,0.0,0.0,0.0,0.0,0.0
Stew,Base.PotOfStew,Base.Crackers,5,false,false,1.0,70.0,12.0,6.0,1.0,0.7,81.666667
Stew,Base.PotOfStew,Base.Crayfish,10,false,false,1.0,40.0,0.0,2.0,8.0,0.7,46.666667
Stew,Base.PotOfStew,Base.Daikon,12,false,false,1.0,54.0,12.59,0.27,1.34,0.7,63.0
Stew,Base.PotOfStew,Base.DeadBird,10,false,false,0.666667,107.333333,0.333333,1.333333,14.666667,0.466667,125.222222
Stew,Base.PotOfStew,Base.DeadMouse,10,false,false,1.0,220.0,0.7,3.15,9.5,0.7,256.666667
Stew,Base.PotOfStew,Base.DeadMousePups,5,false,false,1.0,110.0,0.35,1.58,4.2,0.7,128.333333
Stew,Base.PotOfStew,Base.DeadMousePupsSkinned,5,false,false,1.0,110.0,0.35,1.58,4.2,0.7,128.333333
Stew,Base.PotOfStew,Base.DeadMouseSkinned,10,false,false,1.0,220.0,0.7,3.15,9.5,0.7,256.666667
Stew,Base.PotOfStew,Base.DeadRat,15,false,false,0.681818,220.909091,0.0,10.909091,27.272727,0.477273,257.727273
Stew,Base.PotOfStew,Base.DeadRatBaby,10,false,false,0.833333,145.5,0.0,7.166667,18.0,0.583333,169.75
Stew,Base.PotOfStew,Base.DeadRatBabySkinned,10,false,false,0.833333,145.5,0.0,7.166667,18.0,0.583333,169.75
Stew,Base.PotOfStew,Base.DeadRatSkinned,15,false,false,0.681818,220.909091,0.0,10.909091,27.272727,0.477273,257.727273
Stew,Base.PotOfStew,Base.DeadSquirrel,15,false,false,0.46875,225.0,0.0,7.03125,39.75,0.328125,262.5
Stew,Base.PotOfStew,Base.DogFoodBag,15,false,false,0.25,0.0,0.0,0.0,0.0,0.175,0.0
Stew,Base.PotOfStew,Base.DogfoodOpen,15,false,false,0.5,249.0,38.78,6.29,8.02,0.35,290.5
Stew,Base.PotOfStew,Base.DriedBlackBeans,10,false,false,0.166667,514.0,96.666667,0.0,33.166667,0.116667,599.666667
Stew,Base.PotOfStew,Base.DriedChickpeas,10,false,false,0.166667,475.166667,90.666667,0.0,30.166667,0.116667,554.361111
Stew,Base.PotOfStew,Base.DriedKidneyBeans,10,false,false,0.166667,544.166667,84.666667,2.166667,45.333333,0.116667,634.861111
Stew,Base.PotOfStew,Base.DriedLentils,10,false,false,0.166667,500.0,90.0,0.0,36.666667,0.116667,583.333333
Stew,Base.PotOfStew,Base.DriedSplitPeas,10,false,false,0.166667,369.5,90.666667,0.0,36.833333,0.116667,431.083333
Stew,Base.PotOfStew,Base.DriedWhiteBeans,10,false,false,0.166667,470.5,87.833333,1.666667,31.333333,0.116667,548.916667
Stew,Base.PotOfStew,Base.Edamame,5,false,false,1.0,25.0,10.45,0.45,3.95,0.7,29.166667
Stew,Base.PotOfStew,Base.Egg,7,false,false,1.0,63.0,0.32,4.18,5.55,0.7,73.5
Stew,Base.PotOfStew,Base.EggBoiled,10,false,false,1.0,63.0,0.32,4.18,5.55,0.7,73.5
Stew,Base.PotOfStew,Base.Eggplant,16,false,false,1.0,114.0,27.0,0.8,4.5,0.7,133.0
Stew,Base.PotOfStew,Base.FishFillet,15,false,false,0.6,123.0,0.6,7.2,17.112,0.42,143.5
Stew,Base.PotOfStew,Base.FishFried,15,false,false,0.5,105.0,3.5,6.0,8.0,0.35,122.5
Stew,Base.PotOfStew,Base.Flour2,6,false,true,0.0,0.0,0.0,0.0,0.0,0.0,0.0
Stew,Base.PotOfStew,Base.FrogMeat,10,false,false,1.0,66.0,0.0,0.28,14.6,0.7,77.0
Stew,Base.PotOfStew,Base.Garlic,1,false,true,0.0,0.0,0.0,0.0,0.0,0.0,0.0
Stew,Base.PotOfStew,Base.GingerPickled,1,false,true,0.0,0.0,0.0,0.0,0.0,0.0,0.0
Stew,Base.PotOfStew,Base.GingerRoot,2,false,true,0.0,0.0,0.0,0.0,0.0,0.0,0.0
Stew,Base.PotOfStew,Base.GrapeLeaves,4,false,false,1.0,73.0,11.0,2.0,4.0,0.7,85.166667
Stew,Base.PotOfStew,Base.Gravy,4,false,true,0.0,0.0,0.0,0.0,0.0,0.0,0.0
Stew,Base.PotOfStew,Base.GreenOnions,1,false,true,0.0,0.0,0.0,0.0,0.0,0.0,0.0
Stew,Base.PotOfStew,Base.Greenpeas,4,false,false,1.0,70.0,13.125,0.0,3.5,0.7,81.666667
Stew,Base.PotOfStew,Base.GreenpeasSeed,1,false,false,1.0,17.5,3.25,0.0,0.875,0.7,20.416667
Stew,Base.PotOfStew,Base.HamSlice,10,false,false,1.0,260.0,15.16,13.0,19.5,0.7,303.333333
Stew,Base.PotOfStew,Base.Hotdog_single,10,false,false,1.0,65.0,1.25,2.0,1.25,0.7,75.833333
Stew,Base.PotOfStew,Base.Kale,8,false,false,0.5,89.0,20.705,0.355,4.57,0.35,103.833333
Stew,Base.PotOfStew,Base.Lard,4,false,true,0.0,0.0,0.0,0.0,0.0,0.0,0.0
Stew,Base.PotOfStew,Base.Leek,12,false,false,1.0,54.0,140.0,0.3,1.3,0.7,63.0
Stew,Base.PotOfStew,Base.LemonGrass,1,false,true,0.0,0.0,0.0,0.0,0.0,0.0,0.0
Stew,Base.PotOfStew,Base.Lobster,20,false,false,0.5,60.0,0.0,3.5,14.0,0.35,70.0
Stew,Base.PotOfStew,Base.Macaroni,10,false,false,0.166667,560.0,109.333333,2.666667,18.666667,0.116667,653.333333
Stew,Base.PotOfStew,Base.Margarine,4,false,true,0.0,0.0,0.0,0.0,0.0,0.0,0.0
Stew,Base.PotOfStew,Base.MeatDumpling,15,false,false,1.0,28.0,8.0,3.0,15.0,0.7,32.666667
Stew,Base.PotOfStew,Base.MeatPatty,20,false,false,0.5,306.0,0.0,15.0,23.0,0.35,357.0
Stew,Base.PotOfStew,Base.MincedMeat,20,false,false,0.5,150.0,0.0,15.0,23.0,0.35,175.0
Stew,Base.PotOfStew,Base.MixedVegetables,10,false,false,0.5,135.5,18.5,0.0,4.5,0.35,158.083333
Stew,Base.PotOfStew,Base.MushroomGeneric1,13,false,false,1.0,30.0,2.12,0.24,2.04,0.7,35.0
Stew,Base.PotOfStew,Base.MushroomGeneric2,13,false,false,1.0,30.0,2.12,0.24,2.04,0.7,35.0
Stew,Base.PotOfStew,Base.MushroomGeneric3,15,false,false,1.0,32.0,2.56,0.32,2.36,0.7,37.333333
Stew,Base.PotOfStew,Base.MushroomGeneric4,13,false,false,1.0,30.0,2.12,0.24,2.04,0.7,35.0
Stew,Base.PotOfStew,Base.MushroomGeneric5,15,false,false,1.0,32.0,2.56,0.32,2.36,0.7,37.333333
Stew,Base.PotOfStew,Base.MushroomGeneric6,13,false,false,1.0,30.0,2.12,0.24,2.04,0.7,35.0
Stew,Base.PotOfStew,Base.MushroomGeneric7,13,false,false,1.0,32.0,2.12,0.24,2.04,0.7,37.333333
Stew,Base.PotOfStew,Base.MushroomsButton,13,false,false,1.0,15.0,1.06,0.12,1.02,0.7,17.5
Stew,Base.PotOfStew,Base.MuttonChop,15,false,false,0.5,117.0,0.04,5.5,16.5,0.35,136.5
Stew,Base.PotOfStew,Base.OilOlive,2,false,true,0.0,0.0,0.0,0.0,0.0,0.0,0.0
Stew,Base.PotOfStew,Base.OilVegetable,5,false,true,0.0,0.0,0.0,0.0,0.0,0.0,0.0
Stew,Base.PotOfStew,Base.Onion,5,false,false,0.5,14.0,3.27,0.035,0.385,0.35,16.333333
Stew,Base.PotOfStew,Base.OpenBeans,24,false,false,1.0,170.0,33.0,1.0,7.0,0.7,198.333333
Stew,Base.PotOfStew,Base.Oregano,1,false,true,0.0,0.0,0.0,0.0,0.0,0.0,0.0
Stew,Base.PotOfStew,Base.OreganoDried,1,false,true,0.0,0.0,0.0,0.0,0.0,0.0,0.0
Stew,Base.PotOfStew,Base.Oysters,5,false,false,1.0,15.0,10.0,4.0,22.0,0.7,17.5
Stew,Base.PotOfStew,Base.OystersFried,6,false,false,1.0,25.0,11.0,4.0,20.0,0.7,29.166667
Stew,Base.PotOfStew,Base.Parsley,1,false,true,0.0,0.0,0.0,0.0,0.0,0.0,0.0
Stew,Base.PotOfStew,Base.ParsleyDried,1,false,true,0.0,0.0,0.0,0.0,0.0,0.0,0.0
Stew,Base.PotOfStew,Base.Pasta,10,false,false,0.166667,560.0,109.333333,2.666667,18.666667,0.116667,653.333333
Stew,Base.PotOfStew,Base.Peas,10,false,false,0.5,59.5,10.225,0.425,3.975,0.35,69.416667
Stew,Base.PotOfStew,Base.Pepper,1,false,true,0.0,0.0,0.0,0.0,0.0,0.0,0.0
Stew,Base.PotOfStew,Base.PepperHabanero,2,false,true,0.0,0.0,0.0,0.0,0.0,0.0,0.0
Stew,Base.PotOfStew,Base.PepperHabaneroDried,1,false,true,0.0,0.0,0.0,0.0,0.0,0.0,0.0
Stew,Base.PotOfStew,Base.PepperJalapeno,2,false,true,0.0,0.0,0.0,0.0,0.0,0.0,0.0
Stew,Base.PotOfStew,Base.PepperJalapenoDried,1,false,true,0.0,0.0,0.0,0.0,0.0,0.0,0.0
Stew,Base.PotOfStew,Base.Pepperoni,20,false,false,1.0,180.0,0.0,4.35,15.62,0.7,210.0
Stew,Base.PotOfStew,Base.Pork,15,false,false,0.25,75.0,0.0,3.0,12.5,0.175,87.5
Stew,Base.PotOfStew,Base.PorkChop,15,false,false,0.5,75.0,0.0,3.0,12.5,0.35,87.5
Stew,Base.PotOfStew,Base.Potato,18,false,false,1.0,70.0,15.0,0.15,3.0,0.7,81.666667
Stew,Base.PotOfStew,Base.PowderedGarlic,1,false,true,0.0,0.0,0.0,0.0,0.0,0.0,0.0
Stew,Base.PotOfStew,Base.PowderedOnion,1,false,true,0.0,0.0,0.0,0.0,0.0,0.0,0.0
Stew,Base.PotOfStew,Base.Pumpkin,20,false,false,0.5,202.0,10.225,10.305,17.265,0.35,235.666667
Stew,Base.PotOfStew,Base.PumpkinSliced,4,false,false,1.0,40.0,2.04,2.06,3.45,0.7,46.666667
Stew,Base.PotOfStew,Base.PumpkinSmashed,8,false,false,1.0,80.0,4.09,4.12,6.9,0.7,93.333333
Stew,Base.PotOfStew,Base.Rabbitmeat,15,false,false,0.5,484.5,10.0,10.0,92.5,0.35,565.25
Stew,Base.PotOfStew,Base.RedRadish,3,false,false,1.0,1.0,0.15,0.0,0.0,0.7,1.166667
Stew,Base.PotOfStew,Base.Rosemary,1,false,true,0.0,0.0,0.0,0.0,0.0,0.0,0.0
Stew,Base.PotOfStew,Base.RosemaryDried,1,false,true,0.0,0.0,0.0,0.0,0.0,0.0,0.0
Stew,Base.PotOfStew,Base.Sage,1,false,true,0.0,0.0,0.0,0.0,0.0,0.0,0.0
Stew,Base.PotOfStew,Base.SageDried,1,false,true,0.0,0.0,0.0,0.0,0.0,0.0,0.0
Stew,Base.PotOfStew,Base.SalamiSlice,4,false,false,1.0,66.0,0.4,5.2,4.4,0.7,77.0
Stew,Base.PotOfStew,Base.Salmon,15,false,false,0.5,135.0,0.0,5.275,17.14,0.35,157.5
Stew,Base.PotOfStew,Base.Salt,1,false,true,0.0,0.0,0.0,0.0,0.0,0.0,0.0
Stew,Base.PotOfStew,Base.Sausage,20,false,false,1.0,180.0,0.0,4.35,15.62,0.7,210.0
Stew,Base.PotOfStew,Base.SeasoningSalt,1,false,true,0.0,0.0,0.0,0.0,0.0,0.0,0.0
Stew,Base.PotOfStew,Base.Seasoning_Basil,1,false,true,0.0,0.0,0.0,0.0,0.0,0.0,0.0
Stew,Base.PotOfStew,Base.Seasoning_Chives,1,false,true,0.0,0.0,0.0,0.0,0.0,0.0,0.0
Stew,Base.PotOfStew,Base.Seasoning_Cilantro,1,false,true,0.0,0.0,0.0,0.0,0.0,0.0,0.0
Stew,Base.PotOfStew,Base.Seasoning_Oregano,1,false,true,0.0,0.0,0.0,0.0,0.0,0.0,0.0
Stew,Base.PotOfStew,Base.Seasoning_Parsley,1,false,true,0.0,0.0,0.0,0.0,0.0,0.0,0.0
Stew,Base.PotOfStew,Base.Seasoning_Rosemary,1,false,true,0.0,0.0,0.0,0.0,0.0,0.0,0.0
Stew,Base.PotOfStew,Base.Seasoning_Sage,1,false,true,0.0,0.0,0.0,0.0,0.0,0.0,0.0
Stew,Base.PotOfStew,Base.Seasoning_Thyme,1,false,true,0.0,0.0,0.0,0.0,0.0,0.0,0.0
Stew,Base.PotOfStew,Base.Shrimp,10,false,false,1.0,80.0,0.0,7.0,10.0,0.7,93.333333
Stew,Base.PotOfStew,Base.ShrimpDumpling,15,false,false,1.0,120.0,5.0,7.0,15.0,0.7,140.0
Stew,Base.PotOfStew,Base.Smallanimalmeat,15,false,false,1.0,201.0,5.0,7.25,45.0,0.7,234.5
Stew,Base.PotOfStew,Base.Smallbirdmeat,15,false,false,1.0,261.0,5.0,8.25,90.0,0.7,304.5
Stew,Base.PotOfStew,Base.Soybeans,5,false,false,1.0,25.0,10.45,0.45,3.95,0.7,29.166667
Stew,Base.PotOfStew,Base.SoybeansSeed,5,false,false,1.0,5.0,2.0,0.1,0.8,0.7,5.833333
Stew,Base.PotOfStew,Base.Spinach,10,false,false,1.0,24.0,3.0,0.0,4.0,0.7,28.0
Stew,Base.PotOfStew,Base.Squash,20,false,false,1.0,202.0,10.22,10.3,17.26,0.7,235.666667
Stew,Base.PotOfStew,Base.Squid,15,false,false,0.5,102.5,0.5,6.5,16.26,0.35,119.583333
Stew,Base.PotOfStew,Base.SquidCalamari,10,false,false,1.0,105.0,3.0,0.0,18.0,0.7,122.5
Stew,Base.PotOfStew,Base.Steak,20,false,false,0.5,110.0,0.0,4.675,15.81,0.35,128.333333
Stew,Base.PotOfStew,Base.SweetPotato,18,false,false,1.0,70.0,14.52,0.15,2.88,0.7,81.666667
Stew,Base.PotOfStew,Base.Thyme,1,false,true,0.0,0.0,0.0,0.0,0.0,0.0,0.0
Stew,Base.PotOfStew,Base.ThymeDried,1,false,true,0.0,0.0,0.0,0.0,0.0,0.0,0.0
Stew,Base.PotOfStew,Base.TinnedSoupOpen,25,false,false,1.0,125.0,20.0,2.5,7.5,0.7,145.833333
Stew,Base.PotOfStew,Base.Tofu,10,false,false,1.0,30.0,1.0,1.0,5.0,0.7,35.0
Stew,Base.PotOfStew,Base.TofuFried,15,false,false,1.0,35.0,3.0,1.0,5.0,0.7,40.833333
Stew,Base.PotOfStew,Base.Tomato,12,false,false,1.0,14.0,3.5,0.2,1.3,0.7,16.333333
Stew,Base.PotOfStew,Base.TomatoPaste,3,false,true,0.0,0.0,0.0,0.0,0.0,0.0,0.0
Stew,Base.PotOfStew,Base.TunaTinOpen,18,false,false,1.0,370.0,0.0,34.0,15.0,0.7,431.666667
Stew,Base.PotOfStew,Base.TurkeyEgg,10,false,false,1.0,71.0,0.37,4.54,5.78,0.7,82.833333
Stew,Base.PotOfStew,Base.TurkeyFillet,20,false,false,0.4,92.0,0.0,4.0,12.8,0.28,107.333333
Stew,Base.PotOfStew,Base.TurkeyLegs,31,false,false,0.738095,169.761905,0.0,6.642857,28.047619,0.516667,198.055556
Stew,Base.PotOfStew,Base.TurkeyWings,25,false,false,0.833333,166.666667,0.0,8.333333,26.666667,0.583333,194.444444
Stew,Base.PotOfStew,Base.Turnip,18,false,false,1.0,70.0,14.52,0.15,2.88,0.7,81.666667
Stew,Base.PotOfStew,Base.Venison,20,false,false,0.25,110.0,0.0,4.675,15.655,0.175,128.333333
Stew,Base.PotOfStew,Base.Wasabi,1,false,true,0.0,0.0,0.0,0.0,0.0,0.0,0.0
Stew,Base.PotOfStew,Base.WaterPotForgedRice,10,false,false,1.0,480.0,108.0,0.0,12.0,0.7,560.0
Stew,Base.PotOfStew,Base.WaterPotRice,10,false,false,1.0,480.0,108.0,0.0,12.0,0.7,560.0
Stew,Base.PotOfStew,Base.WaterSaucepanRice,10,false,false,1.0,480.0,108.0,0.0,12.0,0.7,560.0
Stew,Base.PotOfStew,Base.WaterSaucepanRiceCopper,10,false,false,1.0,480.0,108.0,0.0,12.0,0.7,560.0
Stew,Base.PotOfStew,Base.WildEggs,7,false,false,1.0,63.0,0.32,4.18,5.55,0.7,73.5
Stew,Base.PotOfStew,Base.WildGarlic2,1,false,true,0.0,0.0,0.0,0.0,0.0,0.0,0.0
Stew,Base.PotOfStew,Base.WildGarlicDried,1,false,true,0.0,0.0,0.0,0.0,0.0,0.0,0.0
Stew,Base.PotOfStew,Base.Zucchini,10,false,false,1.0,33.0,6.1,0.63,2.37,0.7,38.5
Stew,Base.PotOfStew,Base.cheese_powdered,14,false,false,1.0,130.0,20.7,9.7,21.0,0.7,151.666667
StewBucket,Base.BucketOfStew,Base.Avocado,16,false,false,1.0,227.0,11.75,20.96,2.67,0.7,264.833333
StewBucket,Base.BucketOfStew,Base.Bacon,12,false,false,1.0,160.0,0.0,14.0,10.0,0.7,186.666667
StewBucket,Base.BucketOfStew,Base.BaconBits,1,false,true,0.0,0.0,0.0,0.0,0.0,0.0,0.0
StewBucket,Base.BucketOfStew,Base.BaconRashers,4,false,false,1.0,40.0,0.0,3.5,2.5,0.7,46.666667
StewBucket,Base.BucketOfStew,Base.Baguette,5,false,false,0.217391,115.652174,21.521739,1.447826,3.847826,0.152174,134.927536
StewBucket,Base.BucketOfStew,Base.BaloneySlice,5,false,false,1.0,33.0,0.33,1.06,3.78,0.7,38.5
StewBucket,Base.BucketOfStew,Base.Basil,1,false,true,0.0,0.0,0.0,0.0,0.0,0.0,0.0
StewBucket,Base.BucketOfStew,Base.BasilDried,1,false,true,0.0,0.0,0.0,0.0,0.0,0.0,0.0
StewBucket,Base.BucketOfStew,Base.BeanBowl,24,false,false,1.0,170.0,33.0,1.0,7.0,0.7,198.333333
StewBucket,Base.BucketOfStew,Base.Beef,20,false,false,0.25,110.0,0.0,4.675,15.655,0.175,128.333333
StewBucket,Base.BucketOfStew,Base.BeefJerky,10,false,false,0.5,205.0,5.5,13.0,16.5,0.35,239.166667
StewBucket,Base.BucketOfStew,Base.BellPepper,8,false,false,1.0,30.0,7.0,0.0,1.0,0.7,35.0
StewBucket,Base.BucketOfStew,Base.Biscuit,5,false,false,1.0,160.0,22.0,8.0,1.0,0.7,186.666667
StewBucket,Base.BucketOfStew,Base.Blackbeans,10,false,false,1.0,45.0,10.45,0.45,3.95,0.7,52.5
StewBucket,Base.BucketOfStew,Base.BouillonCube,3,false,true,0.0,0.0,0.0,0.0,0.0,0.0,0.0
StewBucket,Base.BucketOfStew,Base.Bread,5,false,false,0.166667,88.666667,16.5,1.11,2.95,0.116667,103.444444
StewBucket,Base.BucketOfStew,Base.BreadSlices,5,false,false,0.5,88.5,16.5,1.11,2.95,0.35,103.25
StewBucket,Base.BucketOfStew,Base.Broccoli,9,false,false,1.0,11.0,2.0,0.1,0.9,0.7,12.833333
StewBucket,Base.BucketOfStew,Base.BunsHamburger_single,5,false,false,0.5,88.5,16.5,1.11,2.95,0.35,103.25
StewBucket,Base.BucketOfStew,Base.BunsHotdog_single,5,false,false,0.5,88.5,16.5,1.11,2.95,0.35,103.25
StewBucket,Base.BucketOfStew,Base.Butter,4,false,true,0.0,0.0,0.0,0.0,0.0,0.0,0.0
StewBucket,Base.BucketOfStew,Base.Cabbage,12,false,false,0.5,90.0,20.5,0.35,4.5,0.35,105.0
StewBucket,Base.BucketOfStew,Base.CannedBellPepper_Open,8,false,false,0.166667,30.0,7.0,0.0,1.0,0.116667,35.0
StewBucket,Base.BucketOfStew,Base.CannedBologneseOpen,24,false,false,1.0,540.0,68.0,22.0,18.0,0.7,630.0
StewBucket,Base.BucketOfStew,Base.CannedBroccoli_Open,9,false,false,0.2,11.0,2.0,0.1,0.9,0.14,12.833333
StewBucket,Base.BucketOfStew,Base.CannedCabbage_Open,12,false,false,0.25,90.0,20.5,0.35,4.5,0.175,105.0
StewBucket,Base.BucketOfStew,Base.CannedCarrotsOpen,12,false,false,1.0,10.5,28.0,0.0,0.0,0.7,12.25
StewBucket,Base.BucketOfStew,Base.CannedCarrots_Open,8,false,false,0.2,25.0,6.0,0.15,0.6,0.14,29.166667
StewBucket,Base.BucketOfStew,Base.CannedChiliOpen,16,false,false,1.0,260.0,33.0,7.0,16.0,0.7,303.333333
StewBucket,Base.BucketOfStew,Base.CannedCornOpen,16,false,false,1.0,315.0,70.0,1.75,7.0,0.7,367.5
StewBucket,Base.BucketOfStew,Base.CannedCornedBeefOpen,12,false,false,0.5,360.0,0.0,24.0,39.0,0.35,420.0
StewBucket,Base.BucketOfStew,Base.CannedEggplant_Open,16,false,false,0.333333,114.0,27.0,0.8,4.5,0.233333,133.0
StewBucket,Base.BucketOfStew,Base.CannedLeek_Open,12,false,false,0.25,54.0,140.0,0.3,3.8,0.175,63.0
StewBucket,Base.BucketOfStew,Base.CannedMushroomSoupOpen,10,false,false,1.0,160.0,19.0,8.0,3.0,0.7,186.666667
StewBucket,Base.BucketOfStew,Base.CannedPeasOpen,16,false,false,1.0,280.0,52.5,0.0,14.0,0.7,326.666667
StewBucket,Base.BucketOfStew,Base.CannedPotatoOpen,18,false,false,1.0,175.0,35.0,0.0,2.5,0.7,204.166667
StewBucket,Base.BucketOfStew,Base.CannedPotato_Open,18,false,false,0.375,78.75,16.875,0.16875,3.375,0.2625,91.875
StewBucket,Base.BucketOfStew,Base.CannedRedRadish_Open,3,false,false,0.066667,1.0,0.15,0.0,0.0,0.046667,1.166667
StewBucket,Base.BucketOfStew,Base.CannedSardinesOpen,14,false,false,1.0,150.0,0.0,11.0,14.0,0.7,175.0
StewBucket,Base.BucketOfStew,Base.CannedTomatoOpen,12,false,false,1.0,90.0,18.0,0.0,3.0,0.7,105.0
StewBucket,Base.BucketOfStew,Base.CannedTomato_Open,12,false,false,0.25,14.0,3.5,0.2,1.3,0.175,16.333333
StewBucket,Base.BucketOfStew,Base.Carrots,8,false,false,1.0,25.0,6.0,0.15,0.6,0.7,29.166667
StewBucket,Base.BucketOfStew,Base.CatFoodBag,15,false,false,0.25,0.0,0.0,0.0,0.0,0.175,0.0
StewBucket,Base.BucketOfStew,Base.Cauliflower,9,false,false,1.0,24.0,3.0,0.0,4.0,0.7,28.0
StewBucket,Base.BucketOfStew,Base.Cheese,10,false,false,0.666667,75.333333,0.58,6.22,4.266667,0.466667,87.888889
StewBucket,Base.BucketOfStew,Base.Chicken,30,false,false,0.909091,209.090909,0.0,8.181818,34.545455,0.636364,243.939394
StewBucket,Base.BucketOfStew,Base.ChickenFillet,18,false,false,0.6,138.0,0.0,5.4,22.8,0.42,161.0
StewBucket,Base.BucketOfStew,Base.ChickenWings,15,false,false,0.789474,150.0,0.0,4.736842,17.368421,0.552632,175.0
StewBucket,Base.BucketOfStew,Base.Chives,1,false,true,0.0,0.0,0.0,0.0,0.0,0.0,0.0
StewBucket,Base.BucketOfStew,Base.ChivesDried,1,false,true,0.0,0.0,0.0,0.0,0.0,0.0,0.0
StewBucket,Base.BucketOfStew,Base.Cilantro,1,false,true,0.0,0.0,0.0,0.0,0.0,0.0,0.0
StewBucket,Base.BucketOfStew,Base.CilantroDried,1,false,true,0.0,0.0,0.0,0.0,0.0,0.0,0.0
StewBucket,Base.BucketOfStew,Base.CilantroSeed,1,false,true,0.0,0.0,0.0,0.0,0.0,0.0,0.0
StewBucket,Base.BucketOfStew,Base.Cinnamon,1,false,true,0.0,0.0,0.0,0.0,0.0,0.0,0.0
StewBucket,Base.BucketOfStew,Base.CommonMallow,1,false,true,0.0,0.0,0.0,0.0,0.0,0.0,0.0
StewBucket,Base.BucketOfStew,Base.Corn,14,false,false,1.0,88.0,26.74,1.93,4.68,0.7,102.666667
StewBucket,Base.BucketOfStew,Base.CornFrozen,10,false,false,0.5,198.0,47.0,2.5,7.5,0.35,231.0
StewBucket,Base.BucketOfStew,Base.CornSeed,1,false,false,0.25,6.2,1.9,0.14,0.33,0.175,7.233333
StewBucket,Base.BucketOfStew,Base.Cornbread,5,false,false,0.5,150.0,27.0,5.0,3.5,0.35,175.0
StewBucket,Base.BucketOfStew,Base.Cornflour2,6,false,true,0.0,0.0,0.0,0.0,0.0,0.0,0.0
StewBucket,Base.BucketOfStew,Base.Cornmeal2,6,false,true,0.0,0.0,0.0,0.0,0.0,0.0,0.0
StewBucket,Base.BucketOfStew,Base.Crackers,5,false,false,1.0,70.0,12.0,6.0,1.0,0.7,81.666667
StewBucket,Base.BucketOfStew,Base.Crayfish,10,false,false,1.0,40.0,0.0,2.0,8.0,0.7,46.666667
StewBucket,Base.BucketOfStew,Base.Daikon,12,false,false,1.0,54.0,12.59,0.27,1.34,0.7,63.0
StewBucket,Base.BucketOfStew,Base.DeadBird,10,false,false,0.666667,107.333333,0.333333,1.333333,14.666667,0.466667,125.222222
StewBucket,Base.BucketOfStew,Base.DeadMouse,10,false,false,1.0,220.0,0.7,3.15,9.5,0.7,256.666667
StewBucket,Base.BucketOfStew,Base.DeadMousePups,5,false,false,1.0,110.0,0.35,1.58,4.2,0.7,128.333333
StewBucket,Base.BucketOfStew,Base.DeadMousePupsSkinned,5,false,false,1.0,110.0,0.35,1.58,4.2,0.7,128.333333
StewBucket,Base.BucketOfStew,Base.DeadMouseSkinned,10,false,false,1.0,220.0,0.7,3.15,9.5,0.7,256.666667
StewBucket,Base.BucketOfStew,Base.DeadRat,15,false,false,0.681818,220.909091,0.0,10.909091,27.272727,0.477273,257.727273
StewBucket,Base.BucketOfStew,Base.DeadRatBaby,10,false,false,0.833333,145.5,0.0,7.166667,18.0,0.583333,169.75
StewBucket,Base.BucketOfStew,Base.DeadRatBabySkinned,10,false,false,0.833333,145.5,0.0,7.166667,18.0,0.583333,169.75
StewBucket,Base.BucketOfStew,Base.DeadRatSkinned,15,false,false,0.681818,220.909091,0.0,10.909091,27.272727,0.477273,257.727273
StewBucket,Base.BucketOfStew,Base.DeadSquirrel,15,false,false,0.46875,225.0,0.0,7.03125,39.75,0.328125,262.5
StewBucket,Base.BucketOfStew,Base.DogFoodBag,15,false,false,0.25,0.0,0.0,0.0,0.0,0.175,0.0
StewBucket,Base.BucketOfStew,Base.DogfoodOpen,15,false,false,0.5,249.0,38.78,6.29,8.02,0.35,290.5
StewBucket,Base.BucketOfStew,Base.DriedBlackBeans,10,false,false,0.166667,514.0,96.666667,0.0,33.166667,0.116667,599.666667
StewBucket,Base.BucketOfStew,Base.DriedChickpeas,10,false,false,0.166667,475.166667,90.666667,0.0,30.166667,0.116667,554.361111
StewBucket,Base.BucketOfStew,Base.DriedKidneyBeans,10,false,false,0.166667,544.166667,84.666667,2.166667,45.333333,0.116667,634.861111
StewBucket,Base.BucketOfStew,Base.DriedLentils,10,false,false,0.166667,500.0,90.0,0.0,36.666667,0.116667,583.333333
StewBucket,Base.BucketOfStew,Base.DriedSplitPeas,10,false,false,0.166667,369.5,90.666667,0.0,36.833333,0.116667,431.083333
StewBucket,Base.BucketOfStew,Base.DriedWhiteBeans,10,false,false,0.166667,470.5,87.833333,1.666667,31.333333,0.116667,548.916667
StewBucket,Base.BucketOfStew,Base.Edamame,5,false,false,1.0,25.0,10.45,0.45,3.95,0.7,29.166667
StewBucket,Base.BucketOfStew,Base.Egg,7,false,false,1.0,63.0,0.32,4.18,5.55,0.7,73.5
StewBucket,Base.BucketOfStew,Base.EggBoiled,10,false,false,1.0,63.0,0.32,4.18,5.55,0.7,73.5
StewBucket,Base.BucketOfStew,Base.Eggplant,16,false,false,1.0,114.0,27.0,0.8,4.5,0.7,133.0
StewBucket,Base.BucketOfStew,Base.FishFillet,15,false,false,0.6,123.0,0.6,7.2,17.112,0.42,143.5
StewBucket,Base.BucketOfStew,Base.FishFried,15,false,false,0.5,105.0,3.5,6.0,8.0,0.35,122.5
StewBucket,Base.BucketOfStew,Base.Flour2,6,false,true,0.0,0.0,0.0,0.0,0.0,0.0,0.0
StewBucket,Base.BucketOfStew,Base.FrogMeat,10,false,false,1.0,66.0,0.0,0.28,14.6,0.7,77.0
StewBucket,Base.BucketOfStew,Base.Garlic,1,false,true,0.0,0.0,0.0,0.0,0.0,0.0,0.0
StewBucket,Base.BucketOfStew,Base.GingerPickled,1,false,true,0.0,0.0,0.0,0.0,0.0,0.0,0.0
StewBucket,Base.BucketOfStew,Base.GingerRoot,2,false,true,0.0,0.0,0.0,0.0,0.0,0.0,0.0
StewBucket,Base.BucketOfStew,Base.GrapeLeaves,4,false,false,1.0,73.0,11.0,2.0,4.0,0.7,85.166667
StewBucket,Base.BucketOfStew,Base.Gravy,4,false,true,0.0,0.0,0.0,0.0,0.0,0.0,0.0
StewBucket,Base.BucketOfStew,Base.GreenOnions,1,false,true,0.0,0.0,0.0,0.0,0.0,0.0,0.0
StewBucket,Base.BucketOfStew,Base.Greenpeas,4,false,false,1.0,70.0,13.125,0.0,3.5,0.7,81.666667
StewBucket,Base.BucketOfStew,Base.GreenpeasSeed,1,false,false,1.0,17.5,3.25,0.0,0.875,0.7,20.416667
StewBucket,Base.BucketOfStew,Base.HamSlice,10,false,false,1.0,260.0,15.16,13.0,19.5,0.7,303.333333
StewBucket,Base.BucketOfStew,Base.Hotdog_single,10,false,false,1.0,65.0,1.25,2.0,1.25,0.7,75.833333
StewBucket,Base.BucketOfStew,Base.Kale,8,false,false,0.5,89.0,20.705,0.355,4.57,0.35,103.833333
StewBucket,Base.BucketOfStew,Base.Lard,4,false,true,0.0,0.0,0.0,0.0,0.0,0.0,0.0
StewBucket,Base.BucketOfStew,Base.Leek,12,false,false,1.0,54.0,140.0,0.3,1.3,0.7,63.0
StewBucket,Base.BucketOfStew,Base.LemonGrass,1,false,true,0.0,0.0,0.0,0.0,0.0,0.0,0.0
StewBucket,Base.BucketOfStew,Base.Lobster,20,false,false,0.5,60.0,0.0,3.5,14.0,0.35,70.0
StewBucket,Base.BucketOfStew,Base.Macaroni,10,false,false,0.166667,560.0,109.333333,2.666667,18.666667,0.116667,653.333333
StewBucket,Base.BucketOfStew,Base.Margarine,4,false,true,0.0,0.0,0.0,0.0,0.0,0.0,0.0
StewBucket,Base.BucketOfStew,Base.MeatDumpling,15,false,false,1.0,28.0,8.0,3.0,15.0,0.7,32.666667
StewBucket,Base.BucketOfStew,Base.MeatPatty,20,false,false,0.5,306.0,0.0,15.0,23.0,0.35,357.0
StewBucket,Base.BucketOfStew,Base.MincedMeat,20,false,false,0.5,150.0,0.0,15.0,23.0,0.35,175.0
StewBucket,Base.BucketOfStew,Base.MixedVegetables,10,false,false,0.5,135.5,18.5,0.0,4.5,0.35,158.083333
StewBucket,Base.BucketOfStew,Base.MushroomGeneric1,13,false,false,1.0,30.0,2.12,0.24,2.04,0.7,35.0
StewBucket,Base.BucketOfStew,Base.MushroomGeneric2,13,false,false,1.0,30.0,2.12,0.24,2.04,0.7,35.0
StewBucket,Base.BucketOfStew,Base.MushroomGeneric3,15,false,false,1.0,32.0,2.56,0.32,2.36,0.7,37.333333
StewBucket,Base.BucketOfStew,Base.MushroomGeneric4,13,false,false,1.0,30.0,2.12,0.24,2.04,0.7,35.0
StewBucket,Base.BucketOfStew,Base.MushroomGeneric5,15,false,false,1.0,32.0,2.56,0.32,2.36,0.7,37.333333
StewBucket,Base.BucketOfStew,Base.MushroomGeneric6,13,false,false,1.0,30.0,2.12,0.24,2.04,0.7,35.0
StewBucket,Base.BucketOfStew,Base.MushroomGeneric7,13,false,false,1.0,32.0,2.12,0.24,2.04,0.7,37.333333
StewBucket,Base.BucketOfStew,Base.MushroomsButton,13,false,false,1.0,15.0,1.06,0.12,1.02,0.7,17.5
StewBucket,Base.BucketOfStew,Base.MuttonChop,15,false,false,0.5,117.0,0.04,5.5,16.5,0.35,136.5
StewBucket,Base.BucketOfStew,Base.OilOlive,2,false,true,0.0,0.0,0.0,0.0,0.0,0.0,0.0
StewBucket,Base.BucketOfStew,Base.OilVegetable,5,false,true,0.0,0.0,0.0,0.0,0.0,0.0,0.0
StewBucket,Base.BucketOfStew,Base.Onion,5,false,false,0.5,14.0,3.27,0.035,0.385,0.35,16.333333
StewBucket,Base.BucketOfStew,Base.OpenBeans,24,false,false,1.0,170.0,33.0,1.0,7.0,0.7,198.333333
StewBucket,Base.BucketOfStew,Base.Oregano,1,false,true,0.0,0.0,0.0,0.0,0.0,0.0,0.0
StewBucket,Base.BucketOfStew,Base.OreganoDried,1,false,true,0.0,0.0,0.0,0.0,0.0,0.0,0.0
StewBucket,Base.BucketOfStew,Base.Oysters,5,false,false,1.0,15.0,10.0,4.0,22.0,0.7,17.5
StewBucket,Base.BucketOfStew,Base.OystersFried,6,false,false,1.0,25.0,11.0,4.0,20.0,0.7,29.166667
StewBucket,Base.BucketOfStew,Base.Parsley,1,false,true,0.0,0.0,0.0,0.0,0.0,0.0,0.0
StewBucket,Base.BucketOfStew,Base.ParsleyDried,1,false,true,0.0,0.0,0.0,0.0,0.0,0.0,0.0
StewBucket,Base.BucketOfStew,Base.Pasta,10,false,false,0.166667,560.0,109.333333,2.666667,18.666667,0.116667,653.333333
StewBucket,Base.BucketOfStew,Base.Peas,10,false,false,0.5,59.5,10.225,0.425,3.975,0.35,69.416667
StewBucket,Base.BucketOfStew,Base.Pepper,1,false,true,0.0,0.0,0.0,0.0,0.0,0.0,0.0
StewBucket,Base.BucketOfStew,Base.PepperHabanero,2,false,true,0.0,0.0,0.0,0.0,0.0,0.0,0.0
StewBucket,Base.BucketOfStew,Base.PepperHabaneroDried,1,false,true,0.0,0.0,0.0,0.0,0.0,0.0,0.0
StewBucket,Base.BucketOfStew,Base.PepperJalapeno,2,false,true,0.0,0.0,0.0,0.0,0.0,0.0,0.0
StewBucket,Base.BucketOfStew,Base.PepperJalapenoDried,1,false,true,0.0,0.0,0.0,0.0,0.0,0.0,0.0
StewBucket,Base.BucketOfStew,Base.Pepperoni,20,false,false,1.0,180.0,0.0,4.35,15.62,0.7,210.0
StewBucket,Base.BucketOfStew,Base.Pork,15,false,false,0.25,75.0,0.0,3.0,12.5,0.175,87.5
StewBucket,Base.BucketOfStew,Base.PorkChop,15,false,false,0.5,75.0,0.0,3.0,12.5,0.35,87.5
StewBucket,Base.BucketOfStew,Base.Potato,18,false,false,1.0,70.0,15.0,0.15,3.0,0.7,81.666667
StewBucket,Base.BucketOfStew,Base.PowderedGarlic,1,false,true,0.0,0.0,0.0,0.0,0.0,0.0,0.0
StewBucket,Base.BucketOfStew,Base.PowderedOnion,1,false,true,0.0,0.0,0.0,0.0,0.0,0.0,0.0
StewBucket,Base.BucketOfStew,Base.Pumpkin,20,false,false,0.5,202.0,10.225,10.305,17.265,0.35,235.666667
StewBucket,Base.BucketOfStew,Base.PumpkinSliced,4,false,false,1.0,40.0,2.04,2.06,3.45,0.7,46.666667
StewBucket,Base.BucketOfStew,Base.PumpkinSmashed,8,false,false,1.0,80.0,4.09,4.12,6.9,0.7,93.333333
StewBucket,Base.BucketOfStew,Base.Rabbitmeat,15,false,false,0.5,484.5,10.0,10.0,92.5,0.35,565.25
StewBucket,Base.BucketOfStew,Base.RedRadish,3,false,false,1.0,1.0,0.15,0.0,0.0,0.7,1.166667
StewBucket,Base.BucketOfStew,Base.Rosemary,1,false,true,0.0,0.0,0.0,0.0,0.0,0.0,0.0
StewBucket,Base.BucketOfStew,Base.RosemaryDried,1,false,true,0.0,0.0,0.0,0.0,0.0,0.0,0.0
StewBucket,Base.BucketOfStew,Base.Sage,1,false,true,0.0,0.0,0.0,0.0,0.0,0.0,0.0
StewBucket,Base.BucketOfStew,Base.SageDried,1,false,true,0.0,0.0,0.0,0.0,0.0,0.0,0.0
StewBucket,Base.BucketOfStew,Base.SalamiSlice,4,false,false,1.0,66.0,0.4,5.2,4.4,0.7,77.0
StewBucket,Base.BucketOfStew,Base.Salmon,15,false,false,0.5,135.0,0.0,5.275,17.14,0.35,157.5
StewBucket,Base.BucketOfStew,Base.Salt,1,false,true,0.0,0.0,0.0,0.0,0.0,0.0,0.0
StewBucket,Base.BucketOfStew,Base.Sausage,20,false,false,1.0,180.0,0.0,4.35,15.62,0.7,210.0
StewBucket,Base.BucketOfStew,Base.SeasoningSalt,1,false,true,0.0,0.0,0.0,0.0,0.0,0.0,0.0
StewBucket,Base.BucketOfStew,Base.Seasoning_Basil,1,false,true,0.0,0.0,0.0,0.0,0.0,0.0,0.0
StewBucket,Base.BucketOfStew,Base.Seasoning_Chives,1,false,true,0.0,0.0,0.0,0.0,0.0,0.0,0.0
StewBucket,Base.BucketOfStew,Base.Seasoning_Cilantro,1,false,true,0.0,0.0,0.0,0.0,0.0,0.0,0.0
StewBucket,Base.BucketOfStew,Base.Seasoning_Oregano,1,false,true,0.0,0.0,0.0,0.0,0.0,0.0,0.0
StewBucket,Base.BucketOfStew,Base.Seasoning_Parsley,1,false,true,0.0,0.0,0.0,0.0,0.0,0.0,0.0
StewBucket,Base.BucketOfStew,Base.Seasoning_Rosemary,1,false,true,0.0,0.0,0.0,0.0,0.0,0.0,0.0
StewBucket,Base.BucketOfStew,Base.Seasoning_Sage,1,false,true,0.0,0.0,0.0,0.0,0.0,0.0,0.0
StewBucket,Base.BucketOfStew,Base.Seasoning_Thyme,1,false,true,0.0,0.0,0.0,0.0,0.0,0.0,0.0
StewBucket,Base.BucketOfStew,Base.Shrimp,10,false,false,1.0,80.0,0.0,7.0,10.0,0.7,93.333333
StewBucket,Base.BucketOfStew,Base.ShrimpDumpling,15,false,false,1.0,120.0,5.0,7.0,15.0,0.7,140.0
StewBucket,Base.BucketOfStew,Base.Smallanimalmeat,15,false,false,1.0,201.0,5.0,7.25,45.0,0.7,234.5
StewBucket,Base.BucketOfStew,Base.Smallbirdmeat,15,false,false,1.0,261.0,5.0,8.25,90.0,0.7,304.5
StewBucket,Base.BucketOfStew,Base.Soybeans,5,false,false,1.0,25.0,10.45,0.45,3.95,0.7,29.166667
StewBucket,Base.BucketOfStew,Base.SoybeansSeed,5,false,false,1.0,5.0,2.0,0.1,0.8,0.7,5.833333
StewBucket,Base.BucketOfStew,Base.Spinach,10,false,false,1.0,24.0,3.0,0.0,4.0,0.7,28.0
StewBucket,Base.BucketOfStew,Base.Squash,20,false,false,1.0,202.0,10.22,10.3,17.26,0.7,235.666667
StewBucket,Base.BucketOfStew,Base.Squid,15,false,false,0.5,102.5,0.5,6.5,16.26,0.35,119.583333
StewBucket,Base.BucketOfStew,Base.SquidCalamari,10,false,false,1.0,105.0,3.0,0.0,18.0,0.7,122.5
StewBucket,Base.BucketOfStew,Base.Steak,20,false,false,0.5,110.0,0.0,4.675,15.81,0.35,128.333333
StewBucket,Base.BucketOfStew,Base.SweetPotato,18,false,false,1.0,70.0,14.52,0.15,2.88,0.7,81.666667
StewBucket,Base.BucketOfStew,Base.Thyme,1,false,true,0.0,0.0,0.0,0.0,0.0,0.0,0.0
StewBucket,Base.BucketOfStew,Base.ThymeDried,1,false,true,0.0,0.0,0.0,0.0,0.0,0.0,0.0
StewBucket,Base.BucketOfStew,Base.TinnedSoupOpen,25,false,false,1.0,125.0,20.0,2.5,7.5,0.7,145.833333
StewBucket,Base.BucketOfStew,Base.Tofu,10,false,false,1.0,30.0,1.0,1.0,5.0,0.7,35.0
StewBucket,Base.BucketOfStew,Base.TofuFried,15,false,false,1.0,35.0,3.0,1.0,5.0,0.7,40.833333
StewBucket,Base.BucketOfStew,Base.Tomato,12,false,false,1.0,14.0,3.5,0.2,1.3,0.7,16.333333
StewBucket,Base.BucketOfStew,Base.TomatoPaste,3,false,true,0.0,0.0,0.0,0.0,0.0,0.0,0.0
StewBucket,Base.BucketOfStew,Base.TunaTinOpen,18,false,false,1.0,370.0,0.0,34.0,15.0,0.7,431.666667
StewBucket,Base.BucketOfStew,Base.TurkeyEgg,10,false,false,1.0,71.0,0.37,4.54,5.78,0.7,82.833333
StewBucket,Base.BucketOfStew,Base.TurkeyFillet,20,false,false,0.4,92.0,0.0,4.0,12.8,0.28,107.333333
StewBucket,Base.BucketOfStew,Base.TurkeyLegs,31,false,false,0.738095,169.761905,0.0,6.642857,28.047619,0.516667,198.055556
StewBucket,Base.BucketOfStew,Base.TurkeyWings,25,false,false,0.833333,166.666667,0.0,8.333333,26.666667,0.583333,194.444444
StewBucket,Base.BucketOfStew,Base.Turnip,18,false,false,1.0,70.0,14.52,0.15,2.88,0.7,81.666667
StewBucket,Base.BucketOfStew,Base.Venison,20,false,false,0.25,110.0,0.0,4.675,15.655,0.175,128.333333
StewBucket,Base.BucketOfStew,Base.Wasabi,1,false,true,0.0,0.0,0.0,0.0,0.0,0.0,0.0
StewBucket,Base.BucketOfStew,Base.WaterPotForgedRice,10,false,false,1.0,480.0,108.0,0.0,12.0,0.7,560.0
StewBucket,Base.BucketOfStew,Base.WaterPotRice,10,false,false,1.0,480.0,108.0,0.0,12.0,0.7,560.0
StewBucket,Base.BucketOfStew,Base.WaterSaucepanRice,10,false,false,1.0,480.0,108.0,0.0,12.0,0.7,560.0
StewBucket,Base.BucketOfStew,Base.WaterSaucepanRiceCopper,10,false,false,1.0,480.0,108.0,0.0,12.0,0.7,560.0
StewBucket,Base.BucketOfStew,Base.WildEggs,7,false,false,1.0,63.0,0.32,4.18,5.55,0.7,73.5
StewBucket,Base.BucketOfStew,Base.WildGarlic2,1,false,true,0.0,0.0,0.0,0.0,0.0,0.0,0.0
StewBucket,Base.BucketOfStew,Base.WildGarlicDried,1,false,true,0.0,0.0,0.0,0.0,0.0,0.0,0.0
StewBucket,Base.BucketOfStew,Base.Zucchini,10,false,false,1.0,33.0,6.1,0.63,2.37,0.7,38.5
StewBucket,Base.BucketOfStew,Base.cheese_powdered,14,false,false,1.0,130.0,20.7,9.7,21.0,0.7,151.666667
StewBucket2,Base.BucketOfStew,Base.Avocado,16,false,false,1.0,227.0,11.75,20.96,2.67,0.7,264.833333
StewBucket2,Base.BucketOfStew,Base.Bacon,12,false,false,1.0,160.0,0.0,14.0,10.0,0.7,186.666667
StewBucket2,Base.BucketOfStew,Base.BaconBits,1,false,true,0.0,0.0,0.0,0.0,0.0,0.0,0.0
StewBucket2,Base.BucketOfStew,Base.BaconRashers,4,false,false,1.0,40.0,0.0,3.5,2.5,0.7,46.666667
StewBucket2,Base.BucketOfStew,Base.Baguette,5,false,false,0.217391,115.652174,21.521739,1.447826,3.847826,0.152174,134.927536
StewBucket2,Base.BucketOfStew,Base.BaloneySlice,5,false,false,1.0,33.0,0.33,1.06,3.78,0.7,38.5
StewBucket2,Base.BucketOfStew,Base.Basil,1,false,true,0.0,0.0,0.0,0.0,0.0,0.0,0.0
StewBucket2,Base.BucketOfStew,Base.BasilDried,1,false,true,0.0,0.0,0.0,0.0,0.0,0.0,0.0
StewBucket2,Base.BucketOfStew,Base.BeanBowl,24,false,false,1.0,170.0,33.0,1.0,7.0,0.7,198.333333
StewBucket2,Base.BucketOfStew,Base.Beef,20,false,false,0.25,110.0,0.0,4.675,15.655,0.175,128.333333
StewBucket2,Base.BucketOfStew,Base.BeefJerky,10,false,false,0.5,205.0,5.5,13.0,16.5,0.35,239.166667
StewBucket2,Base.BucketOfStew,Base.BellPepper,8,false,false,1.0,30.0,7.0,0.0,1.0,0.7,35.0
StewBucket2,Base.BucketOfStew,Base.Biscuit,5,false,false,1.0,160.0,22.0,8.0,1.0,0.7,186.666667
StewBucket2,Base.BucketOfStew,Base.Blackbeans,10,false,false,1.0,45.0,10.45,0.45,3.95,0.7,52.5
StewBucket2,Base.BucketOfStew,Base.BouillonCube,3,false,true,0.0,0.0,0.0,0.0,0.0,0.0,0.0
StewBucket2,Base.BucketOfStew,Base.Bread,5,false,false,0.166667,88.666667,16.5,1.11,2.95,0.116667,103.444444
StewBucket2,Base.BucketOfStew,Base.BreadSlices,5,false,false,0.5,88.5,16.5,1.11,2.95,0.35,103.25
StewBucket2,Base.BucketOfStew,Base.Broccoli,9,false,false,1.0,11.0,2.0,0.1,0.9,0.7,12.833333
StewBucket2,Base.BucketOfStew,Base.BunsHamburger_single,5,false,false,0.5,88.5,16.5,1.11,2.95,0.35,103.25
StewBucket2,Base.BucketOfStew,Base.BunsHotdog_single,5,false,false,0.5,88.5,16.5,1.11,2.95,0.35,103.25
StewBucket2,Base.BucketOfStew,Base.Butter,4,false,true,0.0,0.0,0.0,0.0,0.0,0.0,0.0
StewBucket2,Base.BucketOfStew,Base.Cabbage,12,false,false,0.5,90.0,20.5,0.35,4.5,0.35,105.0
StewBucket2,Base.BucketOfStew,Base.CannedBellPepper_Open,8,false,false,0.166667,30.0,7.0,0.0,1.0,0.116667,35.0
StewBucket2,Base.BucketOfStew,Base.CannedBologneseOpen,24,false,false,1.0,540.0,68.0,22.0,18.0,0.7,630.0
StewBucket2,Base.BucketOfStew,Base.CannedBroccoli_Open,9,false,false,0.2,11.0,2.0,0.1,0.9,0.14,12.833333
StewBucket2,Base.BucketOfStew,Base.CannedCabbage_Open,12,false,false,0.25,90.0,20.5,0.35,4.5,0.175,105.0
StewBucket2,Base.BucketOfStew,Base.CannedCarrotsOpen,12,false,false,1.0,10.5,28.0,0.0,0.0,0.7,12.25
StewBucket2,Base.BucketOfStew,Base.CannedCarrots_Open,8,false,false,0.2,25.0,6.0,0.15,0.6,0.14,29.166667
StewBucket2,Base.BucketOfStew,Base.CannedChiliOpen,16,false,false,1.0,260.0,33.0,7.0,16.0,0.7,303.333333
StewBucket2,Base.BucketOfStew,Base.CannedCornOpen,16,false,false,1.0,315.0,70.0,1.75,7.0,0.7,367.5
StewBucket2,Base.BucketOfStew,Base.CannedCornedBeefOpen,12,false,false,0.5,360.0,0.0,24.0,39.0,0.35,420.0
StewBucket2,Base.BucketOfStew,Base.CannedEggplant_Open,16,false,false,0.333333,114.0,27.0,0.8,4.5,0.233333,133.0
StewBucket2,Base.BucketOfStew,Base.CannedLeek_Open,12,false,false,0.25,54.0,140.0,0.3,3.8,0.175,63.0
StewBucket2,Base.BucketOfStew,Base.CannedMushroomSoupOpen,10,false,false,1.0,160.0,19.0,8.0,3.0,0.7,186.666667
StewBucket2,Base.BucketOfStew,Base.CannedPeasOpen,16,false,false,1.0,280.0,52.5,0.0,14.0,0.7,326.666667
StewBucket2,Base.BucketOfStew,Base.CannedPotatoOpen,18,false,false,1.0,175.0,35.0,0.0,2.5,0.7,204.166667
StewBucket2,Base.BucketOfStew,Base.CannedPotato_Open,18,false,false,0.375,78.75,16.875,0.16875,3.375,0.2625,91.875
StewBucket2,Base.BucketOfStew,Base.CannedRedRadish_Open,3,false,false,0.066667,1.0,0.15,0.0,0.0,0.046667,1.166667
StewBucket2,Base.BucketOfStew,Base.CannedSardinesOpen,14,false,false,1.0,150.0,0.0,11.0,14.0,0.7,175.0
StewBucket2,Base.BucketOfStew,Base.CannedTomatoOpen,12,false,false,1.0,90.0,18.0,0.0,3.0,0.7,105.0
StewBucket2,Base.BucketOfStew,Base.CannedTomato_Open,12,false,false,0.25,14.0,3.5,0.2,1.3,0.175,16.333333
StewBucket2,Base.BucketOfStew,Base.Carrots,8,false,false,1.0,25.0,6.0,0.15,0.6,0.7,29.166667
StewBucket2,Base.BucketOfStew,Base.CatFoodBag,15,false,false,0.25,0.0,0.0,0.0,0.0,0.175,0.0
StewBucket2,Base.BucketOfStew,Base.Cauliflower,9,false,false,1.0,24.0,3.0,0.0,4.0,0.7,28.0
StewBucket2,Base.BucketOfStew,Base.Cheese,10,false,false,0.666667,75.333333,0.58,6.22,4.266667,0.466667,87.888889
StewBucket2,Base.BucketOfStew,Base.Chicken,30,false,false,0.909091,209.090909,0.0,8.181818,34.545455,0.636364,243.939394
StewBucket2,Base.BucketOfStew,Base.ChickenFillet,18,false,false,0.6,138.0,0.0,5.4,22.8,0.42,161.0
StewBucket2,Base.BucketOfStew,Base.ChickenWings,15,false,false,0.789474,150.0,0.0,4.736842,17.368421,0.552632,175.0
StewBucket2,Base.BucketOfStew,Base.Chives,1,false,true,0.0,0.0,0.0,0.0,0.0,0.0,0.0
StewBucket2,Base.BucketOfStew,Base.ChivesDried,1,false,true,0.0,0.0,0.0,0.0,0.0,0.0,0.0
StewBucket2,Base.BucketOfStew,Base.Cilantro,1,false,true,0.0,0.0,0.0,0.0,0.0,0.0,0.0
StewBucket2,Base.BucketOfStew,Base.CilantroDried,1,false,true,0.0,0.0,0.0,0.0,0.0,0.0,0.0
StewBucket2,Base.BucketOfStew,Base.CilantroSeed,1,false,true,0.0,0.0,0.0,0.0,0.0,0.0,0.0
StewBucket2,Base.BucketOfStew,Base.Cinnamon,1,false,true,0.0,0.0,0.0,0.0,0.0,0.0,0.0
StewBucket2,Base.BucketOfStew,Base.CommonMallow,1,false,true,0.0,0.0,0.0,0.0,0.0,0.0,0.0
StewBucket2,Base.BucketOfStew,Base.Corn,14,false,false,1.0,88.0,26.74,1.93,4.68,0.7,102.666667
StewBucket2,Base.BucketOfStew,Base.CornFrozen,10,false,false,0.5,198.0,47.0,2.5,7.5,0.35,231.0
StewBucket2,Base.BucketOfStew,Base.CornSeed,1,false,false,0.25,6.2,1.9,0.14,0.33,0.175,7.233333
StewBucket2,Base.BucketOfStew,Base.Cornbread,5,false,false,0.5,150.0,27.0,5.0,3.5,0.35,175.0
StewBucket2,Base.BucketOfStew,Base.Cornflour2,6,false,true,0.0,0.0,0.0,0.0,0.0,0.0,0.0
StewBucket2,Base.BucketOfStew,Base.Cornmeal2,6,false,true,0.0,0.0,0.0,0.0,0.0,0.0,0.0
StewBucket2,Base.BucketOfStew,Base.Crackers,5,false,false,1.0,70.0,12.0,6.0,1.0,0.7,81.666667
StewBucket2,Base.BucketOfStew,Base.Crayfish,10,false,false,1.0,40.0,0.0,2.0,8.0,0.7,46.666667
StewBucket2,Base.BucketOfStew,Base.Daikon,12,false,false,1.0,54.0,12.59,0.27,1.34,0.7,63.0
StewBucket2,Base.BucketOfStew,Base.DeadBird,10,false,false,0.666667,107.333333,0.333333,1.333333,14.666667,0.466667,125.222222
StewBucket2,Base.BucketOfStew,Base.DeadMouse,10,false,false,1.0,220.0,0.7,3.15,9.5,0.7,256.666667
StewBucket2,Base.BucketOfStew,Base.DeadMousePups,5,false,false,1.0,110.0,0.35,1.58,4.2,0.7,128.333333
StewBucket2,Base.BucketOfStew,Base.DeadMousePupsSkinned,5,false,false,1.0,110.0,0.35,1.58,4.2,0.7,128.333333
StewBucket2,Base.BucketOfStew,Base.DeadMouseSkinned,10,false,false,1.0,220.0,0.7,3.15,9.5,0.7,256.666667
StewBucket2,Base.BucketOfStew,Base.DeadRat,15,false,false,0.681818,220.909091,0.0,10.909091,27.272727,0.477273,257.727273
StewBucket2,Base.BucketOfStew,Base.DeadRatBaby,10,false,false,0.833333,145.5,0.0,7.166667,18.0,0.583333,169.75
StewBucket2,Base.BucketOfStew,Base.DeadRatBabySkinned,10,false,false,0.833333,145.5,0.0,7.166667,18.0,0.583333,169.75
StewBucket2,Base.BucketOfStew,Base.DeadRatSkinned,15,false,false,0.681818,220.909091,0.0,10.909091,27.272727,0.477273,257.727273
StewBucket2,Base.BucketOfStew,Base.DeadSquirrel,15,false,false,0.46875,225.0,0.0,7.03125,39.75,0.328125,262.5
StewBucket2,Base.BucketOfStew,Base.DogFoodBag,15,false,false,0.25,0.0,0.0,0.0,0.0,0.175,0.0
StewBucket2,Base.BucketOfStew,Base.DogfoodOpen,15,false,false,0.5,249.0,38.78,6.29,8.02,0.35,290.5
StewBucket2,Base.BucketOfStew,Base.DriedBlackBeans,10,false,false,0.166667,514.0,96.666667,0.0,33.166667,0.116667,599.666667
StewBucket2,Base.BucketOfStew,Base.DriedChickpeas,10,false,false,0.166667,475.166667,90.666667,0.0,30.166667,0.116667,554.361111
StewBucket2,Base.BucketOfStew,Base.DriedKidneyBeans,10,false,false,0.166667,544.166667,84.666667,2.166667,45.333333,0.116667,634.861111
StewBucket2,Base.BucketOfStew,Base.DriedLentils,10,false,false,0.166667,500.0,90.0,0.0,36.666667,0.116667,583.333333
StewBucket2,Base.BucketOfStew,Base.DriedSplitPeas,10,false,false,0.166667,369.5,90.666667,0.0,36.833333,0.116667,431.083333
StewBucket2,Base.BucketOfStew,Base.DriedWhiteBeans,10,false,false,0.166667,470.5,87.833333,1.666667,31.333333,0.116667,548.916667
StewBucket2,Base.BucketOfStew,Base.Edamame,5,false,false,1.0,25.0,10.45,0.45,3.95,0.7,29.166667
StewBucket2,Base.BucketOfStew,Base.Egg,7,false,false,1.0,63.0,0.32,4.18,5.55,0.7,73.5
StewBucket2,Base.BucketOfStew,Base.EggBoiled,10,false,false,1.0,63.0,0.32,4.18,5.55,0.7,73.5
StewBucket2,Base.BucketOfStew,Base.Eggplant,16,false,false,1.0,114.0,27.0,0.8,4.5,0.7,133.0
StewBucket2,Base.BucketOfStew,Base.FishFillet,15,false,false,0.6,123.0,0.6,7.2,17.112,0.42,143.5
StewBucket2,Base.BucketOfStew,Base.FishFried,15,false,false,0.5,105.0,3.5,6.0,8.0,0.35,122.5
StewBucket2,Base.BucketOfStew,Base.Flour2,6,false,true,0.0,0.0,0.0,0.0,0.0,0.0,0.0
StewBucket2,Base.BucketOfStew,Base.FrogMeat,10,false,false,1.0,66.0,0.0,0.28,14.6,0.7,77.0
StewBucket2,Base.BucketOfStew,Base.Garlic,1,false,true,0.0,0.0,0.0,0.0,0.0,0.0,0.0
StewBucket2,Base.BucketOfStew,Base.GingerPickled,1,false,true,0.0,0.0,0.0,0.0,0.0,0.0,0.0
StewBucket2,Base.BucketOfStew,Base.GingerRoot,2,false,true,0.0,0.0,0.0,0.0,0.0,0.0,0.0
StewBucket2,Base.BucketOfStew,Base.GrapeLeaves,4,false,false,1.0,73.0,11.0,2.0,4.0,0.7,85.166667
StewBucket2,Base.BucketOfStew,Base.Gravy,4,false,true,0.0,0.0,0.0,0.0,0.0,0.0,0.0
StewBucket2,Base.BucketOfStew,Base.GreenOnions,1,false,true,0.0,0.0,0.0,0.0,0.0,0.0,0.0
StewBucket2,Base.BucketOfStew,Base.Greenpeas,4,false,false,1.0,70.0,13.125,0.0,3.5,0.7,81.666667
StewBucket2,Base.BucketOfStew,Base.GreenpeasSeed,1,false,false,1.0,17.5,3.25,0.0,0.875,0.7,20.416667
StewBucket2,Base.BucketOfStew,Base.HamSlice,10,false,false,1.0,260.0,15.16,13.0,19.5,0.7,303.333333
StewBucket2,Base.BucketOfStew,Base.Hotdog_single,10,false,false,1.0,65.0,1.25,2.0,1.25,0.7,75.833333
StewBucket2,Base.BucketOfStew,Base.Kale,8,false,false,0.5,89.0,20.705,0.355,4.57,0.35,103.833333
StewBucket2,Base.BucketOfStew,Base.Lard,4,false,true,0.0,0.0,0.0,0.0,0.0,0.0,0.0
StewBucket2,Base.BucketOfStew,Base.Leek,12,false,false,1.0,54.0,140.0,0.3,1.3,0.7,63.0
StewBucket2,Base.BucketOfStew,Base.LemonGrass,1,false,true,0.0,0.0,0.0,0.0,0.0,0.0,0.0
StewBucket2,Base.BucketOfStew,Base.Lobster,20,false,false,0.5,60.0,0.0,3.5,14.0,0.35,70.0
StewBucket2,Base.BucketOfStew,Base.Macaroni,10,false,false,0.166667,560.0,109.333333,2.666667,18.666667,0.116667,653.333333
StewBucket2,Base.BucketOfStew,Base.Margarine,4,false,true,0.0,0.0,0.0,0.0,0.0,0.0,0.0
StewBucket2,Base.BucketOfStew,Base.MeatDumpling,15,false,false,1.0,28.0,8.0,3.0,15.0,0.7,32.666667
StewBucket2,Base.BucketOfStew,Base.MeatPatty,20,false,false,0.5,306.0,0.0,15.0,23.0,0.35,357.0
StewBucket2,Base.BucketOfStew,Base.MincedMeat,20,false,false,0.5,150.0,0.0,15.0,23.0,0.35,175.0
StewBucket2,Base.BucketOfStew,Base.MixedVegetables,10,false,false,0.5,135.5,18.5,0.0,4.5,0.35,158.083333
StewBucket2,Base.BucketOfStew,Base.MushroomGeneric1,13,false,false,1.0,30.0,2.12,0.24,2.04,0.7,35.0
StewBucket2,Base.BucketOfStew,Base.MushroomGeneric2,13,false,false,1.0,30.0,2.12,0.24,2.04,0.7,35.0
StewBucket2,Base.BucketOfStew,Base.MushroomGeneric3,15,false,false,1.0,32.0,2.56,0.32,2.36,0.7,37.333333
StewBucket2,Base.BucketOfStew,Base.MushroomGeneric4,13,false,false,1.0,30.0,2.12,0.24,2.04,0.7,35.0
StewBucket2,Base.BucketOfStew,Base.MushroomGeneric5,15,false,false,1.0,32.0,2.56,0.32,2.36,0.7,37.333333
StewBucket2,Base.BucketOfStew,Base.MushroomGeneric6,13,false,false,1.0,30.0,2.12,0.24,2.04,0.7,35.0
StewBucket2,Base.BucketOfStew,Base.MushroomGeneric7,13,false,false,1.0,32.0,2.12,0.24,2.04,0.7,37.333333
StewBucket2,Base.BucketOfStew,Base.MushroomsButton,13,false,false,1.0,15.0,1.06,0.12,1.02,0.7,17.5
StewBucket2,Base.BucketOfStew,Base.MuttonChop,15,false,false,0.5,117.0,0.04,5.5,16.5,0.35,136.5
StewBucket2,Base.BucketOfStew,Base.OilOlive,2,false,true,0.0,0.0,0.0,0.0,0.0,0.0,0.0
StewBucket2,Base.BucketOfStew,Base.OilVegetable,5,false,true,0.0,0.0,0.0,0.0,0.0,0.0,0.0
StewBucket2,Base.BucketOfStew,Base.Onion,5,false,false,0.5,14.0,3.27,0.035,0.385,0.35,16.333333
StewBucket2,Base.BucketOfStew,Base.OpenBeans,24,false,false,1.0,170.0,33.0,1.0,7.0,0.7,198.333333
StewBucket2,Base.BucketOfStew,Base.Oregano,1,false,true,0.0,0.0,0.0,0.0,0.0,0.0,0.0
StewBucket2,Base.BucketOfStew,Base.OreganoDried,1,false,true,0.0,0.0,0.0,0.0,0.0,0.0,0.0
StewBucket2,Base.BucketOfStew,Base.Oysters,5,false,false,1.0,15.0,10.0,4.0,22.0,0.7,17.5
StewBucket2,Base.BucketOfStew,Base.OystersFried,6,false,false,1.0,25.0,11.0,4.0,20.0,0.7,29.166667
StewBucket2,Base.BucketOfStew,Base.Parsley,1,false,true,0.0,0.0,0.0,0.0,0.0,0.0,0.0
StewBucket2,Base.BucketOfStew,Base.ParsleyDried,1,false,true,0.0,0.0,0.0,0.0,0.0,0.0,0.0
StewBucket2,Base.BucketOfStew,Base.Pasta,10,false,false,0.166667,560.0,109.333333,2.666667,18.666667,0.116667,653.333333
StewBucket2,Base.BucketOfStew,Base.Peas,10,false,false,0.5,59.5,10.225,0.425,3.975,0.35,69.416667
StewBucket2,Base.BucketOfStew,Base.Pepper,1,false,true,0.0,0.0,0.0,0.0,0.0,0.0,0.0
StewBucket2,Base.BucketOfStew,Base.PepperHabanero,2,false,true,0.0,0.0,0.0,0.0,0.0,0.0,0.0
StewBucket2,Base.BucketOfStew,Base.PepperHabaneroDried,1,false,true,0.0,0.0,0.0,0.0,0.0,0.0,0.0
StewBucket2,Base.BucketOfStew,Base.PepperJalapeno,2,false,true,0.0,0.0,0.0,0.0,0.0,0.0,0.0
StewBucket2,Base.BucketOfStew,Base.PepperJalapenoDried,1,false,true,0.0,0.0,0.0,0.0,0.0,0.0,0.0
StewBucket2,Base.BucketOfStew,Base.Pepperoni,20,false,false,1.0,180.0,0.0,4.35,15.62,0.7,210.0
StewBucket2,Base.BucketOfStew,Base.Pork,15,false,false,0.25,75.0,0.0,3.0,12.5,0.175,87.5
StewBucket2,Base.BucketOfStew,Base.PorkChop,15,false,false,0.5,75.0,0.0,3.0,12.5,0.35,87.5
StewBucket2,Base.BucketOfStew,Base.Potato,18,false,false,1.0,70.0,15.0,0.15,3.0,0.7,81.666667
StewBucket2,Base.BucketOfStew,Base.PowderedGarlic,1,false,true,0.0,0.0,0.0,0.0,0.0,0.0,0.0
StewBucket2,Base.BucketOfStew,Base.PowderedOnion,1,false,true,0.0,0.0,0.0,0.0,0.0,0.0,0.0
StewBucket2,Base.BucketOfStew,Base.Pumpkin,20,false,false,0.5,202.0,10.225,10.305,17.265,0.35,235.666667
StewBucket2,Base.BucketOfStew,Base.PumpkinSliced,4,false,false,1.0,40.0,2.04,2.06,3.45,0.7,46.666667
StewBucket2,Base.BucketOfStew,Base.PumpkinSmashed,8,false,false,1.0,80.0,4.09,4.12,6.9,0.7,93.333333
StewBucket2,Base.BucketOfStew,Base.Rabbitmeat,15,false,false,0.5,484.5,10.0,10.0,92.5,0.35,565.25
StewBucket2,Base.BucketOfStew,Base.RedRadish,3,false,false,1.0,1.0,0.15,0.0,0.0,0.7,1.166667
StewBucket2,Base.BucketOfStew,Base.Rosemary,1,false,true,0.0,0.0,0.0,0.0,0.0,0.0,0.0
StewBucket2,Base.BucketOfStew,Base.RosemaryDried,1,false,true,0.0,0.0,0.0,0.0,0.0,0.0,0.0
StewBucket2,Base.BucketOfStew,Base.Sage,1,false,true,0.0,0.0,0.0,0.0,0.0,0.0,0.0
StewBucket2,Base.BucketOfStew,Base.SageDried,1,false,true,0.0,0.0,0.0,0.0,0.0,0.0,0.0
StewBucket2,Base.BucketOfStew,Base.SalamiSlice,4,false,false,1.0,66.0,0.4,5.2,4.4,0.7,77.0
StewBucket2,Base.BucketOfStew,Base.Salmon,15,false,false,0.5,135.0,0.0,5.275,17.14,0.35,157.5
StewBucket2,Base.BucketOfStew,Base.Salt,1,false,true,0.0,0.0,0.0,0.0,0.0,0.0,0.0
StewBucket2,Base.BucketOfStew,Base.Sausage,20,false,false,1.0,180.0,0.0,4.35,15.62,0.7,210.0
StewBucket2,Base.BucketOfStew,Base.SeasoningSalt,1,false,true,0.0,0.0,0.0,0.0,0.0,0.0,0.0
StewBucket2,Base.BucketOfStew,Base.Seasoning_Basil,1,false,true,0.0,0.0,0.0,0.0,0.0,0.0,0.0
StewBucket2,Base.BucketOfStew,Base.Seasoning_Chives,1,false,true,0.0,0.0,0.0,0.0,0.0,0.0,0.0
StewBucket2,Base.BucketOfStew,Base.Seasoning_Cilantro,1,false,true,0.0,0.0,0.0,0.0,0.0,0.0,0.0
StewBucket2,Base.BucketOfStew,Base.Seasoning_Oregano,1,false,true,0.0,0.0,0.0,0.0,0.0,0.0,0.0
StewBucket2,Base.BucketOfStew,Base.Seasoning_Parsley,1,false,true,0.0,0.0,0.0,0.0,0.0,0.0,0.0
StewBucket2,Base.BucketOfStew,Base.Seasoning_Rosemary,1,false,true,0.0,0.0,0.0,0.0,0.0,0.0,0.0
StewBucket2,Base.BucketOfStew,Base.Seasoning_Sage,1,false,true,0.0,0.0,0.0,0.0,0.0,0.0,0.0
StewBucket2,Base.BucketOfStew,Base.Seasoning_Thyme,1,false,true,0.0,0.0,0.0,0.0,0.0,0.0,0.0
StewBucket2,Base.BucketOfStew,Base.Shrimp,10,false,false,1.0,80.0,0.0,7.0,10.0,0.7,93.333333
StewBucket2,Base.BucketOfStew,Base.ShrimpDumpling,15,false,false,1.0,120.0,5.0,7.0,15.0,0.7,140.0
StewBucket2,Base.BucketOfStew,Base.Smallanimalmeat,15,false,false,1.0,201.0,5.0,7.25,45.0,0.7,234.5
StewBucket2,Base.BucketOfStew,Base.Smallbirdmeat,15,false,false,1.0,261.0,5.0,8.25,90.0,0.7,304.5
StewBucket2,Base.BucketOfStew,Base.Soybeans,5,false,false,1.0,25.0,10.45,0.45,3.95,0.7,29.166667
StewBucket2,Base.BucketOfStew,Base.SoybeansSeed,5,false,false,1.0,5.0,2.0,0.1,0.8,0.7,5.833333
StewBucket2,Base.BucketOfStew,Base.Spinach,10,false,false,1.0,24.0,3.0,0.0,4.0,0.7,28.0
StewBucket2,Base.BucketOfStew,Base.Squash,20,false,false,1.0,202.0,10.22,10.3,17.26,0.7,235.666667
StewBucket2,Base.BucketOfStew,Base.Squid,15,false,false,0.5,102.5,0.5,6.5,16.26,0.35,119.583333
StewBucket2,Base.BucketOfStew,Base.SquidCalamari,10,false,false,1.0,105.0,3.0,0.0,18.0,0.7,122.5
StewBucket2,Base.BucketOfStew,Base.Steak,20,false,false,0.5,110.0,0.0,4.675,15.81,0.35,128.333333
StewBucket2,Base.BucketOfStew,Base.SweetPotato,18,false,false,1.0,70.0,14.52,0.15,2.88,0.7,81.666667
StewBucket2,Base.BucketOfStew,Base.Thyme,1,false,true,0.0,0.0,0.0,0.0,0.0,0.0,0.0
StewBucket2,Base.BucketOfStew,Base.ThymeDried,1,false,true,0.0,0.0,0.0,0.0,0.0,0.0,0.0
StewBucket2,Base.BucketOfStew,Base.TinnedSoupOpen,25,false,false,1.0,125.0,20.0,2.5,7.5,0.7,145.833333
StewBucket2,Base.BucketOfStew,Base.Tofu,10,false,false,1.0,30.0,1.0,1.0,5.0,0.7,35.0
StewBucket2,Base.BucketOfStew,Base.TofuFried,15,false,false,1.0,35.0,3.0,1.0,5.0,0.7,40.833333
StewBucket2,Base.BucketOfStew,Base.Tomato,12,false,false,1.0,14.0,3.5,0.2,1.3,0.7,16.333333
StewBucket2,Base.BucketOfStew,Base.TomatoPaste,3,false,true,0.0,0.0,0.0,0.0,0.0,0.0,0.0
StewBucket2,Base.BucketOfStew,Base.TunaTinOpen,18,false,false,1.0,370.0,0.0,34.0,15.0,0.7,431.666667
StewBucket2,Base.BucketOfStew,Base.TurkeyEgg,10,false,false,1.0,71.0,0.37,4.54,5.78,0.7,82.833333
StewBucket2,Base.BucketOfStew,Base.TurkeyFillet,20,false,false,0.4,92.0,0.0,4.0,12.8,0.28,107.333333
StewBucket2,Base.BucketOfStew,Base.TurkeyLegs,31,false,false,0.738095,169.761905,0.0,6.642857,28.047619,0.516667,198.055556
StewBucket2,Base.BucketOfStew,Base.TurkeyWings,25,false,false,0.833333,166.666667,0.0,8.333333,26.666667,0.583333,194.444444
StewBucket2,Base.BucketOfStew,Base.Turnip,18,false,false,1.0,70.0,14.52,0.15,2.88,0.7,81.666667
StewBucket2,Base.BucketOfStew,Base.Venison,20,false,false,0.25,110.0,0.0,4.675,15.655,0.175,128.333333
StewBucket2,Base.BucketOfStew,Base.Wasabi,1,false,true,0.0,0.0,0.0,0.0,0.0,0.0,0.0
StewBucket2,Base.BucketOfStew,Base.WaterPotForgedRice,10,false,false,1.0,480.0,108.0,0.0,12.0,0.7,560.0
StewBucket2,Base.BucketOfStew,Base.WaterPotRice,10,false,false,1.0,480.0,108.0,0.0,12.0,0.7,560.0
StewBucket2,Base.BucketOfStew,Base.WaterSaucepanRice,10,false,false,1.0,480.0,108.0,0.0,12.0,0.7,560.0
StewBucket2,Base.BucketOfStew,Base.WaterSaucepanRiceCopper,10,false,false,1.0,480.0,108.0,0.0,12.0,0.7,560.0
StewBucket2,Base.BucketOfStew,Base.WildEggs,7,false,false,1.0,63.0,0.32,4.18,5.55,0.7,73.5
StewBucket2,Base.BucketOfStew,Base.WildGarlic2,1,false,true,0.0,0.0,0.0,0.0,0.0,0.0,0.0
StewBucket2,Base.BucketOfStew,Base.WildGarlicDried,1,false,true,0.0,0.0,0.0,0.0,0.0,0.0,0.0
StewBucket2,Base.BucketOfStew,Base.Zucchini,10,false,false,1.0,33.0,6.1,0.63,2.37,0.7,38.5
StewBucket2,Base.BucketOfStew,Base.cheese_powdered,14,false,false,1.0,130.0,20.7,9.7,21.0,0.7,151.666667
StewForged,Base.PotForgedStew,Base.Avocado,16,false,false,1.0,227.0,11.75,20.96,2.67,0.7,264.833333
StewForged,Base.PotForgedStew,Base.Bacon,12,false,false,1.0,160.0,0.0,14.0,10.0,0.7,186.666667
StewForged,Base.PotForgedStew,Base.BaconBits,1,false,true,0.0,0.0,0.0,0.0,0.0,0.0,0.0
StewForged,Base.PotForgedStew,Base.BaconRashers,4,false,false,1.0,40.0,0.0,3.5,2.5,0.7,46.666667
StewForged,Base.PotForgedStew,Base.Baguette,5,false,false,0.217391,115.652174,21.521739,1.447826,3.847826,0.152174,134.927536
StewForged,Base.PotForgedStew,Base.BaloneySlice,5,false,false,1.0,33.0,0.33,1.06,3.78,0.7,38.5
StewForged,Base.PotForgedStew,Base.Basil,1,false,true,0.0,0.0,0.0,0.0,0.0,0.0,0.0
StewForged,Base.PotForgedStew,Base.BasilDried,1,false,true,0.0,0.0,0.0,0.0,0.0,0.0,0.0
StewForged,Base.PotForgedStew,Base.BeanBowl,24,false,false,1.0,170.0,33.0,1.0,7.0,0.7,198.333333
StewForged,Base.PotForgedStew,Base.Beef,20,false,false,0.25,110.0,0.0,4.675,15.655,0.175,128.333333
StewForged,Base.PotForgedStew,Base.BeefJerky,10,false,false,0.5,205.0,5.5,13.0,16.5,0.35,239.166667
StewForged,Base.PotForgedStew,Base.BellPepper,8,false,false,1.0,30.0,7.0,0.0,1.0,0.7,35.0
StewForged,Base.PotForgedStew,Base.Biscuit,5,false,false,1.0,160.0,22.0,8.0,1.0,0.7,186.666667
StewForged,Base.PotForgedStew,Base.Blackbeans,10,false,false,1.0,45.0,10.45,0.45,3.95,0.7,52.5
StewForged,Base.PotForgedStew,Base.BouillonCube,3,false,true,0.0,0.0,0.0,0.0,0.0,0.0,0.0
StewForged,Base.PotForgedStew,Base.Bread,5,false,false,0.166667,88.666667,16.5,1.11,2.95,0.116667,103.444444
StewForged,Base.PotForgedStew,Base.BreadSlices,5,false,false,0.5,88.5,16.5,1.11,2.95,0.35,103.25
StewForged,Base.PotForgedStew,Base.Broccoli,9,false,false,1.0,11.0,2.0,0.1,0.9,0.7,12.833333
StewForged,Base.PotForgedStew,Base.BunsHamburger_single,5,false,false,0.5,88.5,16.5,1.11,2.95,0.35,103.25
StewForged,Base.PotForgedStew,Base.BunsHotdog_single,5,false,false,0.5,88.5,16.5,1.11,2.95,0.35,103.25
StewForged,Base.PotForgedStew,Base.Butter,4,false,true,0.0,0.0,0.0,0.0,0.0,0.0,0.0
StewForged,Base.PotForgedStew,Base.Cabbage,12,false,false,0.5,90.0,20.5,0.35,4.5,0.35,105.0
StewForged,Base.PotForgedStew,Base.CannedBellPepper_Open,8,false,false,0.166667,30.0,7.0,0.0,1.0,0.116667,35.0
StewForged,Base.PotForgedStew,Base.CannedBologneseOpen,24,false,false,1.0,540.0,68.0,22.0,18.0,0.7,630.0
StewForged,Base.PotForgedStew,Base.CannedBroccoli_Open,9,false,false,0.2,11.0,2.0,0.1,0.9,0.14,12.833333
StewForged,Base.PotForgedStew,Base.CannedCabbage_Open,12,false,false,0.25,90.0,20.5,0.35,4.5,0.175,105.0
StewForged,Base.PotForgedStew,Base.CannedCarrotsOpen,12,false,false,1.0,10.5,28.0,0.0,0.0,0.7,12.25
StewForged,Base.PotForgedStew,Base.CannedCarrots_Open,8,false,false,0.2,25.0,6.0,0.15,0.6,0.14,29.166667
StewForged,Base.PotForgedStew,Base.CannedChiliOpen,16,false,false,1.0,260.0,33.0,7.0,16.0,0.7,303.333333
StewForged,Base.PotForgedStew,Base.CannedCornOpen,16,false,false,1.0,315.0,70.0,1.75,7.0,0.7,367.5
StewForged,Base.PotForgedStew,Base.CannedCornedBeefOpen,12,false,false,0.5,360.0,0.0,24.0,39.0,0.35,420.0
StewForged,Base.PotForgedStew,Base.CannedEggplant_Open,16,false,false,0.333333,114.0,27.0,0.8,4.5,0.233333,133.0
StewForged,Base.PotForgedStew,Base.CannedLeek_Open,12,false,false,0.25,54.0,140.0,0.3,3.8,0.175,63.0
StewForged,Base.PotForgedStew,Base.CannedMushroomSoupOpen,10,false,false,1.0,160.0,19.0,8.0,3.0,0.7,186.666667
StewForged,Base.PotForgedStew,Base.CannedPeasOpen,16,false,false,1.0,280.0,52.5,0.0,14.0,0.7,326.666667
StewForged,Base.PotForgedStew,Base.CannedPotatoOpen,18,false,false,1.0,175.0,35.0,0.0,2.5,0.7,204.166667
StewForged,Base.PotForgedStew,Base.CannedPotato_Open,18,false,false,0.375,78.75,16.875,0.16875,3.375,0.2625,91.875
StewForged,Base.PotForgedStew,Base.CannedRedRadish_Open,3,false,false,0.066667,1.0,0.15,0.0,0.0,0.046667,1.166667
StewForged,Base.PotForgedStew,Base.CannedSardinesOpen,14,false,false,1.0,150.0,0.0,11.0,14.0,0.7,175.0
StewForged,Base.PotForgedStew,Base.CannedTomatoOpen,12,false,false,1.0,90.0,18.0,0.0,3.0,0.7,105.0
StewForged,Base.PotForgedStew,Base.CannedTomato_Open,12,false,false,0.25,14.0,3.5,0.2,1.3,0.175,16.333333
StewForged,Base.PotForgedStew,Base.Carrots,8,false,false,1.0,25.0,6.0,0.15,0.6,0.7,29.166667
StewForged,Base.PotForgedStew,Base.CatFoodBag,15,false,false,0.25,0.0,0.0,0.0,0.0,0.175,0.0
StewForged,Base.PotForgedStew,Base.Cauliflower,9,false,false,1.0,24.0,3.0,0.0,4.0,0.7,28.0
StewForged,Base.PotForgedStew,Base.Cheese,10,false,false,0.666667,75.333333,0.58,6.22,4.266667,0.466667,87.888889
StewForged,Base.PotForgedStew,Base.Chicken,30,false,false,0.909091,209.090909,0.0,8.181818,34.545455,0.636364,243.939394
StewForged,Base.PotForgedStew,Base.ChickenFillet,18,false,false,0.6,138.0,0.0,5.4,22.8,0.42,161.0
StewForged,Base.PotForgedStew,Base.ChickenWings,15,false,false,0.789474,150.0,0.0,4.736842,17.368421,0.552632,175.0
StewForged,Base.PotForgedStew,Base.Chives,1,false,true,0.0,0.0,0.0,0.0,0.0,0.0,0.0
StewForged,Base.PotForgedStew,Base.ChivesDried,1,false,true,0.0,0.0,0.0,0.0,0.0,0.0,0.0
StewForged,Base.PotForgedStew,Base.Cilantro,1,false,true,0.0,0.0,0.0,0.0,0.0,0.0,0.0
StewForged,Base.PotForgedStew,Base.CilantroDried,1,false,true,0.0,0.0,0.0,0.0,0.0,0.0,0.0
StewForged,Base.PotForgedStew,Base.CilantroSeed,1,false,true,0.0,0.0,0.0,0.0,0.0,0.0,0.0
StewForged,Base.PotForgedStew,Base.Cinnamon,1,false,true,0.0,0.0,0.0,0.0,0.0,0.0,0.0
StewForged,Base.PotForgedStew,Base.CommonMallow,1,false,true,0.0,0.0,0.0,0.0,0.0,0.0,0.0
StewForged,Base.PotForgedStew,Base.Corn,14,false,false,1.0,88.0,26.74,1.93,4.68,0.7,102.666667
StewForged,Base.PotForgedStew,Base.CornFrozen,10,false,false,0.5,198.0,47.0,2.5,7.5,0.35,231.0
StewForged,Base.PotForgedStew,Base.CornSeed,1,false,false,0.25,6.2,1.9,0.14,0.33,0.175,7.233333
StewForged,Base.PotForgedStew,Base.Cornbread,5,false,false,0.5,150.0,27.0,5.0,3.5,0.35,175.0
StewForged,Base.PotForgedStew,Base.Cornflour2,6,false,true,0.0,0.0,0.0,0.0,0.0,0.0,0.0
StewForged,Base.PotForgedStew,Base.Cornmeal2,6,false,true,0.0,0.0,0.0,0.0,0.0,0.0,0.0
StewForged,Base.PotForgedStew,Base.Crackers,5,false,false,1.0,70.0,12.0,6.0,1.0,0.7,81.666667
StewForged,Base.PotForgedStew,Base.Crayfish,10,false,false,1.0,40.0,0.0,2.0,8.0,0.7,46.666667
StewForged,Base.PotForgedStew,Base.Daikon,12,false,false,1.0,54.0,12.59,0.27,1.34,0.7,63.0
StewForged,Base.PotForgedStew,Base.DeadBird,10,false,false,0.666667,107.333333,0.333333,1.333333,14.666667,0.466667,125.222222
StewForged,Base.PotForgedStew,Base.DeadMouse,10,false,false,1.0,220.0,0.7,3.15,9.5,0.7,256.666667
StewForged,Base.PotForgedStew,Base.DeadMousePups,5,false,false,1.0,110.0,0.35,1.58,4.2,0.7,128.333333
StewForged,Base.PotForgedStew,Base.DeadMousePupsSkinned,5,false,false,1.0,110.0,0.35,1.58,4.2,0.7,128.333333
StewForged,Base.PotForgedStew,Base.DeadMouseSkinned,10,false,false,1.0,220.0,0.7,3.15,9.5,0.7,256.666667
StewForged,Base.PotForgedStew,Base.DeadRat,15,false,false,0.681818,220.909091,0.0,10.909091,27.272727,0.477273,257.727273
StewForged,Base.PotForgedStew,Base.DeadRatBaby,10,false,false,0.833333,145.5,0.0,7.166667,18.0,0.583333,169.75
StewForged,Base.PotForgedStew,Base.DeadRatBabySkinned,10,false,false,0.833333,145.5,0.0,7.166667,18.0,0.583333,169.75
StewForged,Base.PotForgedStew,Base.DeadRatSkinned,15,false,false,0.681818,220.909091,0.0,10.909091,27.272727,0.477273,257.727273
StewForged,Base.PotForgedStew,Base.DeadSquirrel,15,false,false,0.46875,225.0,0.0,7.03125,39.75,0.328125,262.5
StewForged,Base.PotForgedStew,Base.DogFoodBag,15,false,false,0.25,0.0,0.0,0.0,0.0,0.175,0.0
StewForged,Base.PotForgedStew,Base.DogfoodOpen,15,false,false,0.5,249.0,38.78,6.29,8.02,0.35,290.5
StewForged,Base.PotForgedStew,Base.DriedBlackBeans,10,false,false,0.166667,514.0,96.666667,0.0,33.166667,0.116667,599.666667
StewForged,Base.PotForgedStew,Base.DriedChickpeas,10,false,false,0.166667,475.166667,90.666667,0.0,30.166667,0.116667,554.361111
StewForged,Base.PotForgedStew,Base.DriedKidneyBeans,10,false,false,0.166667,544.166667,84.666667,2.166667,45.333333,0.116667,634.861111
StewForged,Base.PotForgedStew,Base.DriedLentils,10,false,false,0.166667,500.0,90.0,0.0,36.666667,0.116667,583.333333
StewForged,Base.PotForgedStew,Base.DriedSplitPeas,10,false,false,0.166667,369.5,90.666667,0.0,36.833333,0.116667,431.083333
StewForged,Base.PotForgedStew,Base.DriedWhiteBeans,10,false,false,0.166667,470.5,87.833333,1.666667,31.333333,0.116667,548.916667
StewForged,Base.PotForgedStew,Base.Edamame,5,false,false,1.0,25.0,10.45,0.45,3.95,0.7,29.166667
StewForged,Base.PotForgedStew,Base.Egg,7,false,false,1.0,63.0,0.32,4.18,5.55,0.7,73.5
StewForged,Base.PotForgedStew,Base.EggBoiled,10,false,false,1.0,63.0,0.32,4.18,5.55,0.7,73.5
StewForged,Base.PotForgedStew,Base.Eggplant,16,false,false,1.0,114.0,27.0,0.8,4.5,0.7,133.0
StewForged,Base.PotForgedStew,Base.FishFillet,15,false,false,0.6,123.0,0.6,7.2,17.112,0.42,143.5
StewForged,Base.PotForgedStew,Base.FishFried,15,false,false,0.5,105.0,3.5,6.0,8.0,0.35,122.5
StewForged,Base.PotForgedStew,Base.Flour2,6,false,true,0.0,0.0,0.0,0.0,0.0,0.0,0.0
StewForged,Base.PotForgedStew,Base.FrogMeat,10,false,false,1.0,66.0,0.0,0.28,14.6,0.7,77.0
StewForged,Base.PotForgedStew,Base.Garlic,1,false,true,0.0,0.0,0.0,0.0,0.0,0.0,0.0
StewForged,Base.PotForgedStew,Base.GingerPickled,1,false,true,0.0,0.0,0.0,0.0,0.0,0.0,0.0
StewForged,Base.PotForgedStew,Base.GingerRoot,2,false,true,0.0,0.0,0.0,0.0,0.0,0.0,0.0
StewForged,Base.PotForgedStew,Base.GrapeLeaves,4,false,false,1.0,73.0,11.0,2.0,4.0,0.7,85.166667
StewForged,Base.PotForgedStew,Base.Gravy,4,false,true,0.0,0.0,0.0,0.0,0.0,0.0,0.0
StewForged,Base.PotForgedStew,Base.GreenOnions,1,false,true,0.0,0.0,0.0,0.0,0.0,0.0,0.0
StewForged,Base.PotForgedStew,Base.Greenpeas,4,false,false,1.0,70.0,13.125,0.0,3.5,0.7,81.666667
StewForged,Base.PotForgedStew,Base.GreenpeasSeed,1,false,false,1.0,17.5,3.25,0.0,0.875,0.7,20.416667
StewForged,Base.PotForgedStew,Base.HamSlice,10,false,false,1.0,260.0,15.16,13.0,19.5,0.7,303.333333
StewForged,Base.PotForgedStew,Base.Hotdog_single,10,false,false,1.0,65.0,1.25,2.0,1.25,0.7,75.833333
StewForged,Base.PotForgedStew,Base.Kale,8,false,false,0.5,89.0,20.705,0.355,4.57,0.35,103.833333
StewForged,Base.PotForgedStew,Base.Lard,4,false,true,0.0,0.0,0.0,0.0,0.0,0.0,0.0
StewForged,Base.PotForgedStew,Base.Leek,12,false,false,1.0,54.0,140.0,0.3,1.3,0.7,63.0
StewForged,Base.PotForgedStew,Base.LemonGrass,1,false,true,0.0,0.0,0.0,0.0,0.0,0.0,0.0
StewForged,Base.PotForgedStew,Base.Lobster,20,false,false,0.5,60.0,0.0,3.5,14.0,0.35,70.0
StewForged,Base.PotForgedStew,Base.Macaroni,10,false,false,0.166667,560.0,109.333333,2.666667,18.666667,0.116667,653.333333
StewForged,Base.PotForgedStew,Base.Margarine,4,false,true,0.0,0.0,0.0,0.0,0.0,0.0,0.0
StewForged,Base.PotForgedStew,Base.MeatDumpling,15,false,false,1.0,28.0,8.0,3.0,15.0,0.7,32.666667
StewForged,Base.PotForgedStew,Base.MeatPatty,20,false,false,0.5,306.0,0.0,15.0,23.0,0.35,357.0
StewForged,Base.PotForgedStew,Base.MincedMeat,20,false,false,0.5,150.0,0.0,15.0,23.0,0.35,175.0
StewForged,Base.PotForgedStew,Base.MixedVegetables,10,false,false,0.5,135.5,18.5,0.0,4.5,0.35,158.083333
StewForged,Base.PotForgedStew,Base.MushroomGeneric1,13,false,false,1.0,30.0,2.12,0.24,2.04,0.7,35.0
StewForged,Base.PotForgedStew,Base.MushroomGeneric2,13,false,false,1.0,30.0,2.12,0.24,2.04,0.7,35.0
StewForged,Base.PotForgedStew,Base.MushroomGeneric3,15,false,false,1.0,32.0,2.56,0.32,2.36,0.7,37.333333
StewForged,Base.PotForgedStew,Base.MushroomGeneric4,13,false,false,1.0,30.0,2.12,0.24,2.04,0.7,35.0
StewForged,Base.PotForgedStew,Base.MushroomGeneric5,15,false,false,1.0,32.0,2.56,0.32,2.36,0.7,37.333333
StewForged,Base.PotForgedStew,Base.MushroomGeneric6,13,false,false,1.0,30.0,2.12,0.24,2.04,0.7,35.0
StewForged,Base.PotForgedStew,Base.MushroomGeneric7,13,false,false,1.0,32.0,2.12,0.24,2.04,0.7,37.333333
StewForged,Base.PotForgedStew,Base.MushroomsButton,13,false,false,1.0,15.0,1.06,0.12,1.02,0.7,17.5
StewForged,Base.PotForgedStew,Base.MuttonChop,15,false,false,0.5,117.0,0.04,5.5,16.5,0.35,136.5
StewForged,Base.PotForgedStew,Base.OilOlive,2,false,true,0.0,0.0,0.0,0.0,0.0,0.0,0.0
StewForged,Base.PotForgedStew,Base.OilVegetable,5,false,true,0.0,0.0,0.0,0.0,0.0,0.0,0.0
StewForged,Base.PotForgedStew,Base.Onion,5,false,false,0.5,14.0,3.27,0.035,0.385,0.35,16.333333
StewForged,Base.PotForgedStew,Base.OpenBeans,24,false,false,1.0,170.0,33.0,1.0,7.0,0.7,198.333333
StewForged,Base.PotForgedStew,Base.Oregano,1,false,true,0.0,0.0,0.0,0.0,0.0,0.0,0.0
StewForged,Base.PotForgedStew,Base.OreganoDried,1,false,true,0.0,0.0,0.0,0.0,0.0,0.0,0.0
StewForged,Base.PotForgedStew,Base.Oysters,5,false,false,1.0,15.0,10.0,4.0,22.0,0.7,17.5
StewForged,Base.PotForgedStew,Base.OystersFried,6,false,false,1.0,25.0,11.0,4.0,20.0,0.7,29.166667
StewForged,Base.PotForgedStew,Base.Parsley,1,false,true,0.0,0.0,0.0,0.0,0.0,0.0,0.0
StewForged,Base.PotForgedStew,Base.ParsleyDried,1,false,true,0.0,0.0,0.0,0.0,0.0,0.0,0.0
StewForged,Base.PotForgedStew,Base.Pasta,10,false,false,0.166667,560.0,109.333333,2.666667,18.666667,0.116667,653.333333
StewForged,Base.PotForgedStew,Base.Peas,10,false,false,0.5,59.5,10.225,0.425,3.975,0.35,69.416667
StewForged,Base.PotForgedStew,Base.Pepper,1,false,true,0.0,0.0,0.0,0.0,0.0,0.0,0.0
StewForged,Base.PotForgedStew,Base.PepperHabanero,2,false,true,0.0,0.0,0.0,0.0,0.0,0.0,0.0
StewForged,Base.PotForgedStew,Base.PepperHabaneroDried,1,false,true,0.0,0.0,0.0,0.0,0.0,0.0,0.0
StewForged,Base.PotForgedStew,Base.PepperJalapeno,2,false,true,0.0,0.0,0.0,0.0,0.0,0.0,0.0
StewForged,Base.PotForgedStew,Base.PepperJalapenoDried,1,false,true,0.0,0.0,0.0,0.0,0.0,0.0,0.0
StewForged,Base.PotForgedStew,Base.Pepperoni,20,false,false,1.0,180.0,0.0,4.35,15.62,0.7,210.0
StewForged,Base.PotForgedStew,Base.Pork,15,false,false,0.25,75.0,0.0,3.0,12.5,0.175,87.5
StewForged,Base.PotForgedStew,Base.PorkChop,15,false,false,0.5,75.0,0.0,3.0,12.5,0.35,87.5
StewForged,Base.PotForgedStew,Base.Potato,18,false,false,1.0,70.0,15.0,0.15,3.0,0.7,81.666667
StewForged,Base.PotForgedStew,Base.PowderedGarlic,1,false,true,0.0,0.0,0.0,0.0,0.0,0.0,0.0
StewForged,Base.PotForgedStew,Base.PowderedOnion,1,false,true,0.0,0.0,0.0,0.0,0.0,0.0,0.0
StewForged,Base.PotForgedStew,Base.Pumpkin,20,false,false,0.5,202.0,10.225,10.305,17.265,0.35,235.666667
StewForged,Base.PotForgedStew,Base.PumpkinSliced,4,false,false,1.0,40.0,2.04,2.06,3.45,0.7,46.666667
StewForged,Base.PotForgedStew,Base.PumpkinSmashed,8,false,false,1.0,80.0,4.09,4.12,6.9,0.7,93.333333
StewForged,Base.PotForgedStew,Base.Rabbitmeat,15,false,false,0.5,484.5,10.0,10.0,92.5,0.35,565.25
StewForged,Base.PotForgedStew,Base.RedRadish,3,false,false,1.0,1.0,0.15,0.0,0.0,0.7,1.166667
StewForged,Base.PotForgedStew,Base.Rosemary,1,false,true,0.0,0.0,0.0,0.0,0.0,0.0,0.0
StewForged,Base.PotForgedStew,Base.RosemaryDried,1,false,true,0.0,0.0,0.0,0.0,0.0,0.0,0.0
StewForged,Base.PotForgedStew,Base.Sage,1,false,true,0.0,0.0,0.0,0.0,0.0,0.0,0.0
StewForged,Base.PotForgedStew,Base.SageDried,1,false,true,0.0,0.0,0.0,0.0,0.0,0.0,0.0
StewForged,Base.PotForgedStew,Base.SalamiSlice,4,false,false,1.0,66.0,0.4,5.2,4.4,0.7,77.0
StewForged,Base.PotForgedStew,Base.Salmon,15,false,false,0.5,135.0,0.0,5.275,17.14,0.35,157.5
StewForged,Base.PotForgedStew,Base.Salt,1,false,true,0.0,0.0,0.0,0.0,0.0,0.0,0.0
StewForged,Base.PotForgedStew,Base.Sausage,20,false,false,1.0,180.0,0.0,4.35,15.62,0.7,210.0
StewForged,Base.PotForgedStew,Base.SeasoningSalt,1,false,true,0.0,0.0,0.0,0.0,0.0,0.0,0.0
StewForged,Base.PotForgedStew,Base.Seasoning_Basil,1,false,true,0.0,0.0,0.0,0.0,0.0,0.0,0.0
StewForged,Base.PotForgedStew,Base.Seasoning_Chives,1,false,true,0.0,0.0,0.0,0.0,0.0,0.0,0.0
StewForged,Base.PotForgedStew,Base.Seasoning_Cilantro,1,false,true,0.0,0.0,0.0,0.0,0.0,0.0,0.0
StewForged,Base.PotForgedStew,Base.Seasoning_Oregano,1,false,true,0.0,0.0,0.0,0.0,0.0,0.0,0.0
StewForged,Base.PotForgedStew,Base.Seasoning_Parsley,1,false,true,0.0,0.0,0.0,0.0,0.0,0.0,0.0
StewForged,Base.PotForgedStew,Base.Seasoning_Rosemary,1,false,true,0.0,0.0,0.0,0.0,0.0,0.0,0.0
StewForged,Base.PotForgedStew,Base.Seasoning_Sage,1,false,true,0.0,0.0,0.0,0.0,0.0,0.0,0.0
StewForged,Base.PotForgedStew,Base.Seasoning_Thyme,1,false,true,0.0,0.0,0.0,0.0,0.0,0.0,0.0
StewForged,Base.PotForgedStew,Base.Shrimp,10,false,false,1.0,80.0,0.0,7.0,10.0,0.7,93.333333
StewForged,Base.PotForgedStew,Base.ShrimpDumpling,15,false,false,1.0,120.0,5.0,7.0,15.0,0.7,140.0
StewForged,Base.PotForgedStew,Base.Smallanimalmeat,15,false,false,1.0,201.0,5.0,7.25,45.0,0.7,234.5
StewForged,Base.PotForgedStew,Base.Smallbirdmeat,15,false,false,1.0,261.0,5.0,8.25,90.0,0.7,304.5
StewForged,Base.PotForgedStew,Base.Soybeans,5,false,false,1.0,25.0,10.45,0.45,3.95,0.7,29.166667
StewForged,Base.PotForgedStew,Base.SoybeansSeed,5,false,false,1.0,5.0,2.0,0.1,0.8,0.7,5.833333
StewForged,Base.PotForgedStew,Base.Spinach,10,false,false,1.0,24.0,3.0,0.0,4.0,0.7,28.0
StewForged,Base.PotForgedStew,Base.Squash,20,false,false,1.0,202.0,10.22,10.3,17.26,0.7,235.666667
StewForged,Base.PotForgedStew,Base.Squid,15,false,false,0.5,102.5,0.5,6.5,16.26,0.35,119.583333
StewForged,Base.PotForgedStew,Base.SquidCalamari,10,false,false,1.0,105.0,3.0,0.0,18.0,0.7,122.5
StewForged,Base.PotForgedStew,Base.Steak,20,false,false,0.5,110.0,0.0,4.675,15.81,0.35,128.333333
StewForged,Base.PotForgedStew,Base.SweetPotato,18,false,false,1.0,70.0,14.52,0.15,2.88,0.7,81.666667
StewForged,Base.PotForgedStew,Base.Thyme,1,false,true,0.0,0.0,0.0,0.0,0.0,0.0,0.0
StewForged,Base.PotForgedStew,Base.ThymeDried,1,false,true,0.0,0.0,0.0,0.0,0.0,0.0,0.0
StewForged,Base.PotForgedStew,Base.TinnedSoupOpen,25,false,false,1.0,125.0,20.0,2.5,7.5,0.7,145.833333
StewForged,Base.PotForgedStew,Base.Tofu,10,false,false,1.0,30.0,1.0,1.0,5.0,0.7,35.0
StewForged,Base.PotForgedStew,Base.TofuFried,15,false,false,1.0,35.0,3.0,1.0,5.0,0.7,40.833333
StewForged,Base.PotForgedStew,Base.Tomato,12,false,false,1.0,14.0,3.5,0.2,1.3,0.7,16.333333
StewForged,Base.PotForgedStew,Base.TomatoPaste,3,false,true,0.0,0.0,0.0,0.0,0.0,0.0,0.0
StewForged,Base.PotForgedStew,Base.TunaTinOpen,18,false,false,1.0,370.0,0.0,34.0,15.0,0.7,431.666667
StewForged,Base.PotForgedStew,Base.TurkeyEgg,10,false,false,1.0,71.0,0.37,4.54,5.78,0.7,82.833333
StewForged,Base.PotForgedStew,Base.TurkeyFillet,20,false,false,0.4,92.0,0.0,4.0,12.8,0.28,107.333333
StewForged,Base.PotForgedStew,Base.TurkeyLegs,31,false,false,0.738095,169.761905,0.0,6.642857,28.047619,0.516667,198.055556
StewForged,Base.PotForgedStew,Base.TurkeyWings,25,false,false,0.833333,166.666667,0.0,8.333333,26.666667,0.583333,194.444444
StewForged,Base.PotForgedStew,Base.Turnip,18,false,false,1.0,70.0,14.52,0.15,2.88,0.7,81.666667
StewForged,Base.PotForgedStew,Base.Venison,20,false,false,0.25,110.0,0.0,4.675,15.655,0.175,128.333333
StewForged,Base.PotForgedStew,Base.Wasabi,1,false,true,0.0,0.0,0.0,0.0,0.0,0.0,0.0
StewForged,Base.PotForgedStew,Base.WaterPotForgedRice,10,false,false,1.0,480.0,108.0,0.0,12.0,0.7,560.0
StewForged,Base.PotForgedStew,Base.WaterPotRice,10,false,false,1.0,480.0,108.0,0.0,12.0,0.7,560.0
StewForged,Base.PotForgedStew,Base.WaterSaucepanRice,10,false,false,1.0,480.0,108.0,0.0,12.0,0.7,560.0
StewForged,Base.PotForgedStew,Base.WaterSaucepanRiceCopper,10,false,false,1.0,480.0,108.0,0.0,12.0,0.7,560.0
StewForged,Base.PotForgedStew,Base.WildEggs,7,false,false,1.0,63.0,0.32,4.18,5.55,0.7,73.5
StewForged,Base.PotForgedStew,Base.WildGarlic2,1,false,true,0.0,0.0,0.0,0.0,0.0,0.0,0.0
StewForged,Base.PotForgedStew,Base.WildGarlicDried,1,false,true,0.0,0.0,0.0,0.0,0.0,0.0,0.0
StewForged,Base.PotForgedStew,Base.Zucchini,10,false,false,1.0,33.0,6.1,0.63,2.37,0.7,38.5
StewForged,Base.PotForgedStew,Base.cheese_powdered,14,false,false,1.0,130.0,20.7,9.7,21.0,0.7,151.666667
Stir fry,Base.PanFriedVegetables,Base.Avocado,16,false,false,1.0,227.0,11.75,20.96,2.67,0.7,264.833333
Stir fry,Base.PanFriedVegetables,Base.Bacon,12,false,false,1.0,160.0,0.0,14.0,10.0,0.7,186.666667
Stir fry,Base.PanFriedVegetables,Base.BaconBits,1,false,true,0.0,0.0,0.0,0.0,0.0,0.0,0.0
Stir fry,Base.PanFriedVegetables,Base.BaconRashers,4,false,false,1.0,40.0,0.0,3.5,2.5,0.7,46.666667
Stir fry,Base.PanFriedVegetables,Base.BaloneySlice,5,false,false,1.0,33.0,0.33,1.06,3.78,0.7,38.5
Stir fry,Base.PanFriedVegetables,Base.BalsamicVinegar,2,false,true,0.0,0.0,0.0,0.0,0.0,0.0,0.0
Stir fry,Base.PanFriedVegetables,Base.Basil,1,false,true,0.0,0.0,0.0,0.0,0.0,0.0,0.0
Stir fry,Base.PanFriedVegetables,Base.BasilDried,1,false,true,0.0,0.0,0.0,0.0,0.0,0.0,0.0
Stir fry,Base.PanFriedVegetables,Base.Beef,20,false,false,0.25,110.0,0.0,4.675,15.655,0.175,128.333333
Stir fry,Base.PanFriedVegetables,Base.BeefJerky,10,false,false,0.5,205.0,5.5,13.0,16.5,0.35,239.166667
Stir fry,Base.PanFriedVegetables,Base.BellPepper,8,false,false,1.0,30.0,7.0,0.0,1.0,0.7,35.0
Stir fry,Base.PanFriedVegetables,Base.Blackbeans,10,false,false,1.0,45.0,10.45,0.45,3.95,0.7,52.5
Stir fry,Base.PanFriedVegetables,Base.Broccoli,9,false,false,1.0,11.0,2.0,0.1,0.9,0.7,12.833333
Stir fry,Base.PanFriedVegetables,Base.BrusselSprouts,9,false,false,0.45,53.55,9.2025,0.3825,3.5775,0.315,62.475
Stir fry,Base.PanFriedVegetables,Base.Butter,4,false,true,0.0,0.0,0.0,0.0,0.0,0.0,0.0
Stir fry,Base.PanFriedVegetables,Base.Cabbage,12,false,false,0.5,90.0,20.5,0.35,4.5,0.35,105.0
Stir fry,Base.PanFriedVegetables,Base.CannedBellPepper_Open,8,false,false,0.166667,30.0,7.0,0.0,1.0,0.116667,35.0
Stir fry,Base.PanFriedVegetables,Base.CannedBologneseOpen,24,false,false,1.0,540.0,68.0,22.0,18.0,0.7,630.0
Stir fry,Base.PanFriedVegetables,Base.CannedBroccoli_Open,9,false,false,0.2,11.0,2.0,0.1,0.9,0.14,12.833333
Stir fry,Base.PanFriedVegetables,Base.CannedCabbage_Open,12,false,false,0.25,90.0,20.5,0.35,4.5,0.175,105.0
Stir fry,Base.PanFriedVegetables,Base.CannedCarrotsOpen,12,false,false,1.0,10.5,28.0,0.0,0.0,0.7,12.25
Stir fry,Base.PanFriedVegetables,Base.CannedCarrots_Open,8,false,false,0.2,25.0,6.0,0.15,0.6,0.14,29.166667
Stir fry,Base.PanFriedVegetables,Base.CannedChiliOpen,16,false,false,1.0,260.0,33.0,7.0,16.0,0.7,303.333333
Stir fry,Base.PanFriedVegetables,Base.CannedCornOpen,16,false,false,1.0,315.0,70.0,1.75,7.0,0.7,367.5
Stir fry,Base.PanFriedVegetables,Base.CannedCornedBeefOpen,12,false,false,0.5,360.0,0.0,24.0,39.0,0.35,420.0
Stir fry,Base.PanFriedVegetables,Base.CannedEggplant_Open,16,false,false,0.333333,114.0,27.0,0.8,4.5,0.233333,133.0
Stir fry,Base.PanFriedVegetables,Base.CannedLeek_Open,12,false,false,0.25,54.0,140.0,0.3,3.8,0.175,63.0
Stir fry,Base.PanFriedVegetables,Base.CannedMushroomSoupOpen,10,false,false,1.0,160.0,19.0,8.0,3.0,0.7,186.666667
Stir fry,Base.PanFriedVegetables,Base.CannedPeasOpen,16,false,false,1.0,280.0,52.5,0.0,14.0,0.7,326.666667
Stir fry,Base.PanFriedVegetables,Base.CannedPotatoOpen,18,false,false,1.0,175.0,35.0,0.0,2.5,0.7,204.166667
Stir fry,Base.PanFriedVegetables,Base.CannedPotato_Open,18,false,false,0.375,78.75,16.875,0.16875,3.375,0.2625,91.875
Stir fry,Base.PanFriedVegetables,Base.CannedRedRadish_Open,3,false,false,0.066667,1.0,0.15,0.0,0.0,0.046667,1.166667
Stir fry,Base.PanFriedVegetables,Base.CannedSardinesOpen,14,false,false,1.0,150.0,0.0,11.0,14.0,0.7,175.0
Stir fry,Base.PanFriedVegetables,Base.CannedTomatoOpen,12,false,false,1.0,90.0,18.0,0.0,3.0,0.7,105.0
Stir fry,Base.PanFriedVegetables,Base.CannedTomato_Open,12,false,false,0.25,14.0,3.5,0.2,1.3,0.175,16.333333
Stir fry,Base.PanFriedVegetables,Base.Capers,1,false,true,0.0,0.0,0.0,0.0,0.0,0.0,0.0
Stir fry,Base.PanFriedVegetables,Base.Carrots,8,false,false,1.0,25.0,6.0,0.15,0.6,0.7,29.166667
Stir fry,Base.PanFriedVegetables,Base.Cauliflower,9,false,false,1.0,24.0,3.0,0.0,4.0,0.7,28.0
Stir fry,Base.PanFriedVegetables,Base.Chicken,30,false,false,0.909091,209.090909,0.0,8.181818,34.545455,0.636364,243.939394
Stir fry,Base.PanFriedVegetables,Base.ChickenFillet,18,false,false,0.6,138.0,0.0,5.4,22.8,0.42,161.0
Stir fry,Base.PanFriedVegetables,Base.ChickenWings,15,false,false,0.789474,150.0,0.0,4.736842,17.368421,0.552632,175.0
Stir fry,Base.PanFriedVegetables,Base.Chives,1,false,true,0.0,0.0,0.0,0.0,0.0,0.0,0.0
Stir fry,Base.PanFriedVegetables,Base.ChivesDried,1,false,true,0.0,0.0,0.0,0.0,0.0,0.0,0.0
Stir fry,Base.PanFriedVegetables,Base.Cilantro,1,false,true,0.0,0.0,0.0,0.0,0.0,0.0,0.0
Stir fry,Base.PanFriedVegetables,Base.CilantroDried,1,false,true,0.0,0.0,0.0,0.0,0.0,0.0,0.0
Stir fry,Base.PanFriedVegetables,Base.CilantroSeed,1,false,true,0.0,0.0,0.0,0.0,0.0,0.0,0.0
Stir fry,Base.PanFriedVegetables,Base.CommonMallow,1,false,true,0.0,0.0,0.0,0.0,0.0,0.0,0.0
Stir fry,Base.PanFriedVegetables,Base.Corn,14,false,false,1.0,88.0,26.74,1.93,4.68,0.7,102.666667
Stir fry,Base.PanFriedVegetables,Base.CornFrozen,10,false,false,0.5,198.0,47.0,2.5,7.5,0.35,231.0
Stir fry,Base.PanFriedVegetables,Base.Crayfish,10,false,false,1.0,40.0,0.0,2.0,8.0,0.7,46.666667
Stir fry,Base.PanFriedVegetables,Base.Cucumber,10,false,false,1.0,33.0,6.1,0.63,2.37,0.7,38.5
Stir fry,Base.PanFriedVegetables,Base.Daikon,12,false,false,1.0,54.0,12.59,0.27,1.34,0.7,63.0
Stir fry,Base.PanFriedVegetables,Base.DeadBird,10,false,false,0.666667,107.333333,0.333333,1.333333,14.666667,0.466667,125.222222
Stir fry,Base.PanFriedVegetables,Base.DeadMouse,10,false,false,1.0,220.0,0.7,3.15,9.5,0.7,256.666667
Stir fry,Base.PanFriedVegetables,Base.DeadMousePups,5,false,false,1.0,110.0,0.35,1.58,4.2,0.7,128.333333
Stir fry,Base.PanFriedVegetables,Base.DeadMousePupsSkinned,5,false,false,1.0,110.0,0.35,1.58,4.2,0.7,128.333333
Stir fry,Base.PanFriedVegetables,Base.DeadMouseSkinned,10,false,false,1.0,220.0,0.7,3.15,9.5,0.7,256.666667
Stir fry,Base.PanFriedVegetables,Base.DeadRat,15,false,false,0.681818,220.909091,0.0,10.909091,27.272727,0.477273,257.727273
Stir fry,Base.PanFriedVegetables,Base.DeadRatBaby,10,false,false,0.833333,145.5,0.0,7.166667,18.0,0.583333,169.75
Stir fry,Base.PanFriedVegetables,Base.DeadRatBabySkinned,10,false,false,0.833333,145.5,0.0,7.166667,18.0,0.583333,169.75
Stir fry,Base.PanFriedVegetables,Base.DeadRatSkinned,15,false,false,0.681818,220.909091,0.0,10.909091,27.272727,0.477273,257.727273
Stir fry,Base.PanFriedVegetables,Base.DeadSquirrel,15,false,false,0.46875,225.0,0.0,7.03125,39.75,0.328125,262.5
Stir fry,Base.PanFriedVegetables,Base.Dip_NachoCheese,4,false,true,0.0,0.0,0.0,0.0,0.0,0.0,0.0
Stir fry,Base.PanFriedVegetables,Base.Dip_Ranch,4,false,true,0.0,0.0,0.0,0.0,0.0,0.0,0.0
Stir fry,Base.PanFriedVegetables,Base.Dip_Salsa,4,false,true,0.0,0.0,0.0,0.0,0.0,0.0,0.0
Stir fry,Base.PanFriedVegetables,Base.Edamame,5,false,false,1.0,25.0,10.45,0.45,3.95,0.7,29.166667
Stir fry,Base.PanFriedVegetables,Base.Egg,7,false,false,1.0,63.0,0.32,4.18,5.55,0.7,73.5
Stir fry,Base.PanFriedVegetables,Base.Eggplant,16,false,false,1.0,114.0,27.0,0.8,4.5,0.7,133.0
Stir fry,Base.PanFriedVegetables,Base.FishFillet,15,false,false,0.6,123.0,0.6,7.2,17.112,0.42,143.5
Stir fry,Base.PanFriedVegetables,Base.FishFried,15,false,false,0.5,105.0,3.5,6.0,8.0,0.35,122.5
Stir fry,Base.PanFriedVegetables,Base.FrogMeat,10,false,false,1.0,66.0,0.0,0.28,14.6,0.7,77.0
Stir fry,Base.PanFriedVegetables,Base.Garlic,1,false,true,0.0,0.0,0.0,0.0,0.0,0.0,0.0
Stir fry,Base.PanFriedVegetables,Base.GingerPickled,1,false,true,0.0,0.0,0.0,0.0,0.0,0.0,0.0
Stir fry,Base.PanFriedVegetables,Base.GingerRoot,2,false,true,0.0,0.0,0.0,0.0,0.0,0.0,0.0
Stir fry,Base.PanFriedVegetables,Base.GreenOnions,1,false,true,0.0,0.0,0.0,0.0,0.0,0.0,0.0
Stir fry,Base.PanFriedVegetables,Base.Greenpeas,4,false,false,1.0,70.0,13.125,0.0,3.5,0.7,81.666667
Stir fry,Base.PanFriedVegetables,Base.Hotdog_single,10,false,false,1.0,65.0,1.25,2.0,1.25,0.7,75.833333
Stir fry,Base.PanFriedVegetables,Base.Hotsauce,4,false,true,0.0,0.0,0.0,0.0,0.0,0.0,0.0
Stir fry,Base.PanFriedVegetables,Base.Kale,8,false,false,0.5,89.0,20.705,0.355,4.57,0.35,103.833333
Stir fry,Base.PanFriedVegetables,Base.Lard,4,false,true,0.0,0.0,0.0,0.0,0.0,0.0,0.0
Stir fry,Base.PanFriedVegetables,Base.Leek,12,false,false,1.0,54.0,140.0,0.3,1.3,0.7,63.0
Stir fry,Base.PanFriedVegetables,Base.Lemon,5,false,true,0.0,0.0,0.0,0.0,0.0,0.0,0.0
Stir fry,Base.PanFriedVegetables,Base.LemonGrass,1,false,true,0.0,0.0,0.0,0.0,0.0,0.0,0.0
Stir fry,Base.PanFriedVegetables,Base.Lime,5,false,true,0.0,0.0,0.0,0.0,0.0,0.0,0.0
Stir fry,Base.PanFriedVegetables,Base.Lobster,20,false,false,0.5,60.0,0.0,3.5,14.0,0.35,70.0
Stir fry,Base.PanFriedVegetables,Base.Margarine,4,false,true,0.0,0.0,0.0,0.0,0.0,0.0,0.0
Stir fry,Base.PanFriedVegetables,Base.MincedMeat,20,false,false,0.5,150.0,0.0,15.0,23.0,0.35,175.0
Stir fry,Base.PanFriedVegetables,Base.MixedVegetables,10,false,false,0.5,135.5,18.5,0.0,4.5,0.35,158.083333
Stir fry,Base.PanFriedVegetables,Base.MushroomGeneric1,13,false,false,1.0,30.0,2.12,0.24,2.04,0.7,35.0
Stir fry,Base.PanFriedVegetables,Base.MushroomGeneric2,13,false,false,1.0,30.0,2.12,0.24,2.04,0.7,35.0
Stir fry,Base.PanFriedVegetables,Base.MushroomGeneric3,15,false,false,1.0,32.0,2.56,0.32,2.36,0.7,37.333333
Stir fry,Base.PanFriedVegetables,Base.MushroomGeneric4,13,false,false,1.0,30.0,2.12,0.24,2.04,0.7,35.0
Stir fry,Base.PanFriedVegetables,Base.MushroomGeneric5,15,false,false,1.0,32.0,2.56,0.32,2.36,0.7,37.333333
Stir fry,Base.PanFriedVegetables,Base.MushroomGeneric6,13,false,false,1.0,30.0,2.12,0.24,2.04,0.7,35.0
Stir fry,Base.PanFriedVegetables,Base.MushroomGeneric7,13,false,false,1.0,32.0,2.12,0.24,2.04,0.7,37.333333
Stir fry,Base.PanFriedVegetables,Base.MushroomsButton,7,false,false,1.0,15.0,1.06,0.12,1.02,0.7,17.5
Stir fry,Base.PanFriedVegetables,Base.MuttonChop,15,false,false,0.5,117.0,0.04,5.5,16.5,0.35,136.5
Stir fry,Base.PanFriedVegetables,Base.OilOlive,2,false,true,0.0,0.0,0.0,0.0,0.0,0.0,0.0
Stir fry,Base.PanFriedVegetables,Base.OilVegetable,2,false,true,0.0,0.0,0.0,0.0,0.0,0.0,0.0
Stir fry,Base.PanFriedVegetables,Base.Onion,5,false,false,0.5,14.0,3.27,0.035,0.385,0.35,16.333333
Stir fry,Base.PanFriedVegetables,Base.Oregano,1,false,true,0.0,0.0,0.0,0.0,0.0,0.0,0.0
Stir fry,Base.PanFriedVegetables,Base.OreganoDried,1,false,true,0.0,0.0,0.0,0.0,0.0,0.0,0.0
Stir fry,Base.PanFriedVegetables,Base.Oysters,5,false,false,1.0,15.0,10.0,4.0,22.0,0.7,17.5
Stir fry,Base.PanFriedVegetables,Base.OystersFried,6,false,false,1.0,25.0,11.0,4.0,20.0,0.7,29.166667
Stir fry,Base.PanFriedVegetables,Base.Parsley,1,false,true,0.0,0.0,0.0,0.0,0.0,0.0,0.0
Stir fry,Base.PanFriedVegetables,Base.ParsleyDried,1,false,true,0.0,0.0,0.0,0.0,0.0,0.0,0.0
Stir fry,Base.PanFriedVegetables,Base.PeanutButter,5,false,false,0.2,532.0,25.6,44.8,16.8,0.14,620.666667
Stir fry,Base.PanFriedVegetables,Base.Peanuts,8,false,false,1.0,161.0,4.57,13.96,7.31,0.7,187.833333
Stir fry,Base.PanFriedVegetables,Base.Peas,10,false,false,0.5,59.5,10.225,0.425,3.975,0.35,69.416667
Stir fry,Base.PanFriedVegetables,Base.Pepper,1,false,true,0.0,0.0,0.0,0.0,0.0,0.0,0.0
Stir fry,Base.PanFriedVegetables,Base.PepperHabanero,2,false,true,0.0,0.0,0.0,0.0,0.0,0.0,0.0
Stir fry,Base.PanFriedVegetables,Base.PepperHabaneroDried,1,false,true,0.0,0.0,0.0,0.0,0.0,0.0,0.0
Stir fry,Base.PanFriedVegetables,Base.PepperJalapeno,2,false,true,0.0,0.0,0.0,0.0,0.0,0.0,0.0
Stir fry,Base.PanFriedVegetables,Base.PepperJalapenoDried,1,false,true,0.0,0.0,0.0,0.0,0.0,0.0,0.0
Stir fry,Base.PanFriedVegetables,Base.Pepperoni,20,false,false,1.0,180.0,0.0,4.35,15.62,0.7,210.0
Stir fry,Base.PanFriedVegetables,Base.Pork,15,false,false,0.25,75.0,0.0,3.0,12.5,0.175,87.5
Stir fry,Base.PanFriedVegetables,Base.PorkChop,15,false,false,0.5,75.0,0.0,3.0,12.5,0.35,87.5
Stir fry,Base.PanFriedVegetables,Base.Potato,18,false,false,1.0,70.0,15.0,0.15,3.0,0.7,81.666667
Stir fry,Base.PanFriedVegetables,Base.PowderedGarlic,1,false,true,0.0,0.0,0.0,0.0,0.0,0.0,0.0
Stir fry,Base.PanFriedVegetables,Base.PowderedOnion,1,false,true,0.0,0.0,0.0,0.0,0.0,0.0,0.0
Stir fry,Base.PanFriedVegetables,Base.Pumpkin,20,false,false,0.5,202.0,10.225,10.305,17.265,0.35,235.666667
Stir fry,Base.PanFriedVegetables,Base.PumpkinSliced,4,false,false,1.0,40.0,2.04,2.06,3.45,0.7,46.666667
Stir fry,Base.PanFriedVegetables,Base.PumpkinSmashed,8,false,false,1.0,80.0,4.09,4.12,6.9,0.7,93.333333
Stir fry,Base.PanFriedVegetables,Base.Rabbitmeat,15,false,false,0.5,484.5,10.0,10.0,92.5,0.35,565.25
Stir fry,Base.PanFriedVegetables,Base.Ramen,10,false,false,1.0,52.0,0.0,14.0,10.0,0.7,60.666667
Stir fry,Base.PanFriedVegetables,Base.RedRadish,3,false,false,1.0,1.0,0.15,0.0,0.0,0.7,1.166667
Stir fry,Base.PanFriedVegetables,Base.RiceVinegar,2,false,true,0.0,0.0,0.0,0.0,0.0,0.0,0.0
Stir fry,Base.PanFriedVegetables,Base.Rosemary,1,false,true,0.0,0.0,0.0,0.0,0.0,0.0,0.0
Stir fry,Base.PanFriedVegetables,Base.RosemaryDried,1,false,true,0.0,0.0,0.0,0.0,0.0,0.0,0.0
Stir fry,Base.PanFriedVegetables,Base.Sage,1,false,true,0.0,0.0,0.0,0.0,0.0,0.0,0.0
Stir fry,Base.PanFriedVegetables,Base.SageDried,1,false,true,0.0,0.0,0.0,0.0,0.0,0.0,0.0
Stir fry,Base.PanFriedVegetables,Base.SalamiSlice,4,false,false,1.0,66.0,0.4,5.2,4.4,0.7,77.0
Stir fry,Base.PanFriedVegetables,Base.Salmon,15,false,false,0.5,135.0,0.0,5.275,17.14,0.35,157.5
Stir fry,Base.PanFriedVegetables,Base.Salt,1,false,true,0.0,0.0,0.0,0.0,0.0,0.0,0.0
Stir fry,Base.PanFriedVegetables,Base.Sausage,20,false,false,1.0,180.0,0.0,4.35,15.62,0.7,210.0
Stir fry,Base.PanFriedVegetables,Base.SeasoningSalt,1,false,true,0.0,0.0,0.0,0.0,0.0,0.0,0.0
Stir fry,Base.PanFriedVegetables,Base.Seasoning_Basil,1,false,true,0.0,0.0,0.0,0.0,0.0,0.0,0.0
Stir fry,Base.PanFriedVegetables,Base.Seasoning_Chives,1,false,true,0.0,0.0,0.0,0.0,0.0,0.0,0.0
Stir fry,Base.PanFriedVegetables,Base.Seasoning_Cilantro,1,false,true,0.0,0.0,0.0,0.0,0.0,0.0,0.0
Stir fry,Base.PanFriedVegetables,Base.Seasoning_Oregano,1,false,true,0.0,0.0,0.0,0.0,0.0,0.0,0.0
Stir fry,Base.PanFriedVegetables,Base.Seasoning_Parsley,1,false,true,0.0,0.0,0.0,0.0,0.0,0.0,0.0
Stir fry,Base.PanFriedVegetables,Base.Seasoning_Rosemary,1,false,true,0.0,0.0,0.0,0.0,0.0,0.0,0.0
Stir fry,Base.PanFriedVegetables,Base.Seasoning_Sage,1,false,true,0.0,0.0,0.0,0.0,0.0,0.0,0.0
Stir fry,Base.PanFriedVegetables,Base.Seasoning_Thyme,1,false,true,0.0,0.0,0.0,0.0,0.0,0.0,0.0
Stir fry,Base.PanFriedVegetables,Base.SesameOil,2,false,true,0.0,0.0,0.0,0.0,0.0,0.0,0.0
Stir fry,Base.PanFriedVegetables,Base.Shrimp,10,false,false,1.0,80.0,0.0,7.0,10.0,0.7,93.333333
Stir fry,Base.PanFriedVegetables,Base.ShrimpFried,15,false,false,1.0,160.0,17.0,14.0,16.0,0.7,186.666667
Stir fry,Base.PanFriedVegetables,Base.ShrimpFriedCraft,15,false,false,1.0,160.0,17.0,14.0,16.0,0.7,186.666667
Stir fry,Base.PanFriedVegetables,Base.Smallanimalmeat,15,false,false,1.0,201.0,5.0,7.25,45.0,0.7,234.5
Stir fry,Base.PanFriedVegetables,Base.Smallbirdmeat,15,false,false,1.0,261.0,5.0,8.25,90.0,0.7,304.5
Stir fry,Base.PanFriedVegetables,Base.Snail,1,false,false,1.0,90.0,2.11,1.9,17.41,0.7,105.0
Stir fry,Base.PanFriedVegetables,Base.Soybeans,5,false,false,1.0,25.0,10.45,0.45,3.95,0.7,29.166667
Stir fry,Base.PanFriedVegetables,Base.SoybeansSeed,5,false,false,1.0,5.0,2.0,0.1,0.8,0.7,5.833333
Stir fry,Base.PanFriedVegetables,Base.Soysauce,2,false,true,0.0,0.0,0.0,0.0,0.0,0.0,0.0
Stir fry,Base.PanFriedVegetables,Base.Squash,20,false,false,1.0,202.0,10.22,10.3,17.26,0.7,235.666667
Stir fry,Base.PanFriedVegetables,Base.Squid,15,false,false,0.5,102.5,0.5,6.5,16.26,0.35,119.583333
Stir fry,Base.PanFriedVegetables,Base.SquidCalamari,10,false,false,1.0,105.0,3.0,0.0,18.0,0.7,122.5
Stir fry,Base.PanFriedVegetables,Base.Steak,20,false,false,0.5,110.0,0.0,4.675,15.81,0.35,128.333333
Stir fry,Base.PanFriedVegetables,Base.SweetPotato,18,false,false,1.0,70.0,14.52,0.15,2.88,0.7,81.666667
Stir fry,Base.PanFriedVegetables,Base.Thyme,1,false,true,0.0,0.0,0.0,0.0,0.0,0.0,0.0
Stir fry,Base.PanFriedVegetables,Base.ThymeDried,1,false,true,0.0,0.0,0.0,0.0,0.0,0.0,0.0
Stir fry,Base.PanFriedVegetables,Base.Tofu,10,false,false,1.0,30.0,1.0,1.0,5.0,0.7,35.0
Stir fry,Base.PanFriedVegetables,Base.TofuFried,15,false,false,1.0,35.0,3.0,1.0,5.0,0.7,40.833333
Stir fry,Base.PanFriedVegetables,Base.Tomato,12,false,false,1.0,14.0,3.5,0.2,1.3,0.7,16.333333
Stir fry,Base.PanFriedVegetables,Base.TomatoPaste,3,false,true,0.0,0.0,0.0,0.0,0.0,0.0,0.0
Stir fry,Base.PanFriedVegetables,Base.TunaTinOpen,18,false,false,1.0,370.0,0.0,34.0,15.0,0.7,431.666667
Stir fry,Base.PanFriedVegetables,Base.TurkeyEgg,10,false,false,1.0,71.0,0.37,4.54,5.78,0.7,82.833333
Stir fry,Base.PanFriedVegetables,Base.TurkeyFillet,20,false,false,0.4,92.0,0.0,4.0,12.8,0.28,107.333333
Stir fry,Base.PanFriedVegetables,Base.TurkeyLegs,31,false,false,0.738095,169.761905,0.0,6.642857,28.047619,0.516667,198.055556
Stir fry,Base.PanFriedVegetables,Base.TurkeyWings,25,false,false,0.833333,166.666667,0.0,8.333333,26.666667,0.583333,194.444444
Stir fry,Base.PanFriedVegetables,Base.Turnip,18,false,false,1.0,70.0,14.52,0.15,2.88,0.7,81.666667
Stir fry,Base.PanFriedVegetables,Base.Venison,20,false,false,0.25,110.0,0.0,4.675,15.655,0.175,128.333333
Stir fry,Base.PanFriedVegetables,Base.Vinegar2,1,false,true,0.0,0.0,0.0,0.0,0.0,0.0,0.0
Stir fry,Base.PanFriedVegetables,Base.Vinegar_Jug,1,false,true,0.0,0.0,0.0,0.0,0.0,0.0,0.0
Stir fry,Base.PanFriedVegetables,Base.Wasabi,1,false,true,0.0,0.0,0.0,0.0,0.0,0.0,0.0
Stir fry,Base.PanFriedVegetables,Base.WildEggs,7,false,false,1.0,63.0,0.32,4.18,5.55,0.7,73.5
Stir fry,Base.PanFriedVegetables,Base.WildGarlic2,1,false,true,0.0,0.0,0.0,0.0,0.0,0.0,0.0
Stir fry,Base.PanFriedVegetables,Base.WildGarlicDried,1,false,true,0.0,0.0,0.0,0.0,0.0,0.0,0.0
Stir fry,Base.PanFriedVegetables,Base.Zucchini,10,false,false,1.0,33.0,6.1,0.63,2.37,0.7,38.5
Stir fry Forged,Base.PanFriedVegetablesForged,Base.Avocado,16,false,false,1.0,227.0,11.75,20.96,2.67,0.7,264.833333
Stir fry Forged,Base.PanFriedVegetablesForged,Base.Bacon,12,false,false,1.0,160.0,0.0,14.0,10.0,0.7,186.666667
Stir fry Forged,Base.PanFriedVegetablesForged,Base.BaconBits,1,false,true,0.0,0.0,0.0,0.0,0.0,0.0,0.0
Stir fry Forged,Base.PanFriedVegetablesForged,Base.BaconRashers,4,false,false,1.0,40.0,0.0,3.5,2.5,0.7,46.666667
Stir fry Forged,Base.PanFriedVegetablesForged,Base.BaloneySlice,5,false,false,1.0,33.0,0.33,1.06,3.78,0.7,38.5
Stir fry Forged,Base.PanFriedVegetablesForged,Base.BalsamicVinegar,2,false,true,0.0,0.0,0.0,0.0,0.0,0.0,0.0
Stir fry Forged,Base.PanFriedVegetablesForged,Base.Basil,1,false,true,0.0,0.0,0.0,0.0,0.0,0.0,0.0
Stir fry Forged,Base.PanFriedVegetablesForged,Base.BasilDried,1,false,true,0.0,0.0,0.0,0.0,0.0,0.0,0.0
Stir fry Forged,Base.PanFriedVegetablesForged,Base.Beef,20,false,false,0.25,110.0,0.0,4.675,15.655,0.175,128.333333
Stir fry Forged,Base.PanFriedVegetablesForged,Base.BeefJerky,10,false,false,0.5,205.0,5.5,13.0,16.5,0.35,239.166667
Stir fry Forged,Base.PanFriedVegetablesForged,Base.BellPepper,8,false,false,1.0,30.0,7.0,0.0,1.0,0.7,35.0
Stir fry Forged,Base.PanFriedVegetablesForged,Base.Blackbeans,10,false,false,1.0,45.0,10.45,0.45,3.95,0.7,52.5
Stir fry Forged,Base.PanFriedVegetablesForged,Base.Broccoli,9,false,false,1.0,11.0,2.0,0.1,0.9,0.7,12.833333
Stir fry Forged,Base.PanFriedVegetablesForged,Base.BrusselSprouts,9,false,false,0.45,53.55,9.2025,0.3825,3.5775,0.315,62.475
Stir fry Forged,Base.PanFriedVegetablesForged,Base.Butter,4,false,true,0.0,0.0,0.0,0.0,0.0,0.0,0.0
Stir fry Forged,Base.PanFriedVegetablesForged,Base.Cabbage,12,false,false,0.5,90.0,20.5,0.35,4.5,0.35,105.0
Stir fry Forged,Base.PanFriedVegetablesForged,Base.CannedBellPepper_Open,8,false,false,0.166667,30.0,7.0,0.0,1.0,0.116667,35.0
Stir fry Forged,Base.PanFriedVegetablesForged,Base.CannedBologneseOpen,24,false,false,1.0,540.0,68.0,22.0,18.0,0.7,630.0
Stir fry Forged,Base.PanFriedVegetablesForged,Base.CannedBroccoli_Open,9,false,false,0.2,11.0,2.0,0.1,0.9,0.14,12.833333
Stir fry Forged,Base.PanFriedVegetablesForged,Base.CannedCabbage_Open,12,false,false,0.25,90.0,20.5,0.35,4.5,0.175,105.0
Stir fry Forged,Base.PanFriedVegetablesForged,Base.CannedCarrotsOpen,12,false,false,1.0,10.5,28.0,0.0,0.0,0.7,12.25
Stir fry Forged,Base.PanFriedVegetablesForged,Base.CannedCarrots_Open,8,false,false,0.2,25.0,6.0,0.15,0.6,0.14,29.166667
Stir fry Forged,Base.PanFriedVegetablesForged,Base.CannedChiliOpen,16,false,false,1.0,260.0,33.0,7.0,16.0,0.7,303.333333
Stir fry Forged,Base.PanFriedVegetablesForged,Base.CannedCornOpen,16,false,false,1.0,315.0,70.0,1.75,7.0,0.7,367.5
Stir fry Forged,Base.PanFriedVegetablesForged,Base.CannedCornedBeefOpen,12,false,false,0.5,360.0,0.0,24.0,39.0,0.35,420.0
Stir fry Forged,Base.PanFriedVegetablesForged,Base.CannedEggplant_Open,16,false,false,0.333333,114.0,27.0,0.8,4.5,0.233333,133.0
Stir fry Forged,Base.PanFriedVegetablesForged,Base.CannedLeek_Open,12,false,false,0.25,54.0,140.0,0.3,3.8,0.175,63.0
Stir fry Forged,Base.PanFriedVegetablesForged,Base.CannedMushroomSoupOpen,10,false,false,1.0,160.0,19.0,8.0,3.0,0.7,186.666667
Stir fry Forged,Base.PanFriedVegetablesForged,Base.CannedPeasOpen,16,false,false,1.0,280.0,52.5,0.0,14.0,0.7,326.666667
Stir fry Forged,Base.PanFriedVegetablesForged,Base.CannedPotatoOpen,18,false,false,1.0,175.0,35.0,0.0,2.5,0.7,204.166667
Stir fry Forged,Base.PanFriedVegetablesForged,Base.CannedPotato_Open,18,false,false,0.375,78.75,16.875,0.16875,3.375,0.2625,91.875
Stir fry Forged,Base.PanFriedVegetablesForged,Base.CannedRedRadish_Open,3,false,false,0.066667,1.0,0.15,0.0,0.0,0.046667,1.166667
Stir fry Forged,Base.PanFriedVegetablesForged,Base.CannedSardinesOpen,14,false,false,1.0,150.0,0.0,11.0,14.0,0.7,175.0
Stir fry Forged,Base.PanFriedVegetablesForged,Base.CannedTomatoOpen,12,false,false,1.0,90.0,18.0,0.0,3.0,0.7,105.0
Stir fry Forged,Base.PanFriedVegetablesForged,Base.CannedTomato_Open,12,false,false,0.25,14.0,3.5,0.2,1.3,0.175,16.333333
Stir fry Forged,Base.PanFriedVegetablesForged,Base.Capers,1,false,true,0.0,0.0,0.0,0.0,0.0,0.0,0.0
Stir fry Forged,Base.PanFriedVegetablesForged,Base.Carrots,8,false,false,1.0,25.0,6.0,0.15,0.6,0.7,29.166667
Stir fry Forged,Base.PanFriedVegetablesForged,Base.Cauliflower,9,false,false,1.0,24.0,3.0,0.0,4.0,0.7,28.0
Stir fry Forged,Base.PanFriedVegetablesForged,Base.Chicken,30,false,false,0.909091,209.090909,0.0,8.181818,34.545455,0.636364,243.939394
Stir fry Forged,Base.PanFriedVegetablesForged,Base.ChickenFillet,18,false,false,0.6,138.0,0.0,5.4,22.8,0.42,161.0
Stir fry Forged,Base.PanFriedVegetablesForged,Base.ChickenWings,15,false,false,0.789474,150.0,0.0,4.736842,17.368421,0.552632,175.0
Stir fry Forged,Base.PanFriedVegetablesForged,Base.Chives,1,false,true,0.0,0.0,0.0,0.0,0.0,0.0,0.0
Stir fry Forged,Base.PanFriedVegetablesForged,Base.ChivesDried,1,false,true,0.0,0.0,0.0,0.0,0.0,0.0,0.0
Stir fry Forged,Base.PanFriedVegetablesForged,Base.Cilantro,1,false,true,0.0,0.0,0.0,0.0,0.0,0.0,0.0
Stir fry Forged,Base.PanFriedVegetablesForged,Base.CilantroDried,1,false,true,0.0,0.0,0.0,0.0,0.0,0.0,0.0
Stir fry Forged,Base.PanFriedVegetablesForged,Base.CilantroSeed,1,false,true,0.0,0.0,0.0,0.0,0.0,0.0,0.0
Stir fry Forged,Base.PanFriedVegetablesForged,Base.CommonMallow,1,false,true,0.0,0.0,0.0,0.0,0.0,0.0,0.0
Stir fry Forged,Base.PanFriedVegetablesForged,Base.Corn,14,false,false,1.0,88.0,26.74,1.93,4.68,0.7,102.666667
Stir fry Forged,Base.PanFriedVegetablesForged,Base.CornFrozen,10,false,false,0.5,198.0,47.0,2.5,7.5,0.35,231.0
Stir fry Forged,Base.PanFriedVegetablesForged,Base.Crayfish,10,false,false,1.0,40.0,0.0,2.0,8.0,0.7,46.666667
Stir fry Forged,Base.PanFriedVegetablesForged,Base.Cucumber,10,false,false,1.0,33.0,6.1,0.63,2.37,0.7,38.5
Stir fry Forged,Base.PanFriedVegetablesForged,Base.Daikon,12,false,false,1.0,54.0,12.59,0.27,1.34,0.7,63.0
Stir fry Forged,Base.PanFriedVegetablesForged,Base.DeadBird,10,false,false,0.666667,107.333333,0.333333,1.333333,14.666667,0.466667,125.222222
Stir fry Forged,Base.PanFriedVegetablesForged,Base.DeadMouse,10,false,false,1.0,220.0,0.7,3.15,9.5,0.7,256.666667
Stir fry Forged,Base.PanFriedVegetablesForged,Base.DeadMousePups,5,false,false,1.0,110.0,0.35,1.58,4.2,0.7,128.333333
Stir fry Forged,Base.PanFriedVegetablesForged,Base.DeadMousePupsSkinned,5,false,false,1.0,110.0,0.35,1.58,4.2,0.7,128.333333
Stir fry Forged,Base.PanFriedVegetablesForged,Base.DeadMouseSkinned,10,false,false,1.0,220.0,0.7,3.15,9.5,0.7,256.666667
Stir fry Forged,Base.PanFriedVegetablesForged,Base.DeadRat,15,false,false,0.681818,220.909091,0.0,10.909091,27.272727,0.477273,257.727273
Stir fry Forged,Base.PanFriedVegetablesForged,Base.DeadRatBaby,10,false,false,0.833333,145.5,0.0,7.166667,18.0,0.583333,169.75
Stir fry Forged,Base.PanFriedVegetablesForged,Base.DeadRatBabySkinned,10,false,false,0.833333,145.5,0.0,7.166667,18.0,0.583333,169.75
Stir fry Forged,Base.PanFriedVegetablesForged,Base.DeadRatSkinned,15,false,false,0.681818,220.909091,0.0,10.909091,27.272727,0.477273,257.727273
Stir fry Forged,Base.PanFriedVegetablesForged,Base.DeadSquirrel,15,false,false,0.46875,225.0,0.0,7.03125,39.75,0.328125,262.5
Stir fry Forged,Base.PanFriedVegetablesForged,Base.Dip_NachoCheese,4,false,true,0.0,0.0,0.0,0.0,0.0,0.0,0.0
Stir fry Forged,Base.PanFriedVegetablesForged,Base.Dip_Ranch,4,false,true,0.0,0.0,0.0,0.0,0.0,0.0,0.0
Stir fry Forged,Base.PanFriedVegetablesForged,Base.Dip_Salsa,4,false,true,0.0,0.0,0.0,0.0,0.0,0.0,0.0
Stir fry Forged,Base.PanFriedVegetablesForged,Base.Edamame,5,false,false,1.0,25.0,10.45,0.45,3.95,0.7,29.166667
Stir fry Forged,Base.PanFriedVegetablesForged,Base.Egg,7,false,false,1.0,63.0,0.32,4.18,5.55,0.7,73.5
Stir fry Forged,Base.PanFriedVegetablesForged,Base.Eggplant,16,false,false,1.0,114.0,27.0,0.8,4.5,0.7,133.0
Stir fry Forged,Base.PanFriedVegetablesForged,Base.FishFillet,15,false,false,0.6,123.0,0.6,7.2,17.112,0.42,143.5
Stir fry Forged,Base.PanFriedVegetablesForged,Base.FishFried,15,false,false,0.5,105.0,3.5,6.0,8.0,0.35,122.5
Stir fry Forged,Base.PanFriedVegetablesForged,Base.FrogMeat,10,false,false,1.0,66.0,0.0,0.28,14.6,0.7,77.0
Stir fry Forged,Base.PanFriedVegetablesForged,Base.Garlic,1,false,true,0.0,0.0,0.0,0.0,0.0,0.0,0.0
Stir fry Forged,Base.PanFriedVegetablesForged,Base.GingerPickled,1,false,true,0.0,0.0,0.0,0.0,0.0,0.0,0.0
Stir fry Forged,Base.PanFriedVegetablesForged,Base.GingerRoot,2,false,true,0.0,0.0,0.0,0.0,0.0,0.0,0.0
Stir fry Forged,Base.PanFriedVegetablesForged,Base.GreenOnions,1,false,true,0.0,0.0,0.0,0.0,0.0,0.0,0.0
Stir fry Forged,Base.PanFriedVegetablesForged,Base.Greenpeas,4,false,false,1.0,70.0,13.125,0.0,3.5,0.7,81.666667
Stir fry Forged,Base.PanFriedVegetablesForged,Base.Hotdog_single,10,false,false,1.0,65.0,1.25,2.0,1.25,0.7,75.833333
Stir fry Forged,Base.PanFriedVegetablesForged,Base.Hotsauce,4,false,true,0.0,0.0,0.0,0.0,0.0,0.0,0.0
Stir fry Forged,Base.PanFriedVegetablesForged,Base.Kale,8,false,false,0.5,89.0,20.705,0.355,4.57,0.35,103.833333
Stir fry Forged,Base.PanFriedVegetablesForged,Base.Lard,4,false,true,0.0,0.0,0.0,0.0,0.0,0.0,0.0
Stir fry Forged,Base.PanFriedVegetablesForged,Base.Leek,12,false,false,1.0,54.0,140.0,0.3,1.3,0.7,63.0
Stir fry Forged,Base.PanFriedVegetablesForged,Base.Lemon,5,false,true,0.0,0.0,0.0,0.0,0.0,0.0,0.0
Stir fry Forged,Base.PanFriedVegetablesForged,Base.LemonGrass,1,false,true,0.0,0.0,0.0,0.0,0.0,0.0,0.0
Stir fry Forged,Base.PanFriedVegetablesForged,Base.Lime,5,false,true,0.0,0.0,0.0,0.0,0.0,0.0,0.0
Stir fry Forged,Base.PanFriedVegetablesForged,Base.Lobster,20,false,false,0.5,60.0,0.0,3.5,14.0,0.35,70.0
Stir fry Forged,Base.PanFriedVegetablesForged,Base.Margarine,4,false,true,0.0,0.0,0.0,0.0,0.0,0.0,0.0
Stir fry Forged,Base.PanFriedVegetablesForged,Base.MincedMeat,20,false,false,0.5,150.0,0.0,15.0,23.0,0.35,175.0
Stir fry Forged,Base.PanFriedVegetablesForged,Base.MixedVegetables,10,false,false,0.5,135.5,18.5,0.0,4.5,0.35,158.083333
Stir fry Forged,Base.PanFriedVegetablesForged,Base.MushroomGeneric1,13,false,false,1.0,30.0,2.12,0.24,2.04,0.7,35.0
Stir fry Forged,Base.PanFriedVegetablesForged,Base.MushroomGeneric2,13,false,false,1.0,30.0,2.12,0.24,2.04,0.7,35.0
Stir fry Forged,Base.PanFriedVegetablesForged,Base.MushroomGeneric3,15,false,false,1.0,32.0,2.56,0.32,2.36,0.7,37.333333
Stir fry Forged,Base.PanFriedVegetablesForged,Base.MushroomGeneric4,13,false,false,1.0,30.0,2.12,0.24,2.04,0.7,35.0
Stir fry Forged,Base.PanFriedVegetablesForged,Base.MushroomGeneric5,15,false,false,1.0,32.0,2.56,0.32,2.36,0.7,37.333333
Stir fry Forged,Base.PanFriedVegetablesForged,Base.MushroomGeneric6,13,false,false,1.0,30.0,2.12,0.24,2.04,0.7,35.0
Stir fry Forged,Base.PanFriedVegetablesForged,Base.MushroomGeneric7,13,false,false,1.0,32.0,2.12,0.24,2.04,0.7,37.333333
Stir fry Forged,Base.PanFriedVegetablesForged,Base.MushroomsButton,7,false,false,1.0,15.0,1.06,0.12,1.02,0.7,17.5
Stir fry Forged,Base.PanFriedVegetablesForged,Base.MuttonChop,15,false,false,0.5,117.0,0.04,5.5,16.5,0.35,136.5
Stir fry Forged,Base.PanFriedVegetablesForged,Base.OilOlive,2,false,true,0.0,0.0,0.0,0.0,0.0,0.0,0.0
Stir fry Forged,Base.PanFriedVegetablesForged,Base.OilVegetable,2,false,true,0.0,0.0,0.0,0.0,0.0,0.0,0.0
Stir fry Forged,Base.PanFriedVegetablesForged,Base.Onion,5,false,false,0.5,14.0,3.27,0.035,0.385,0.35,16.333333
Stir fry Forged,Base.PanFriedVegetablesForged,Base.Oregano,1,false,true,0.0,0.0,0.0,0.0,0.0,0.0,0.0
Stir fry Forged,Base.PanFriedVegetablesForged,Base.OreganoDried,1,false,true,0.0,0.0,0.0,0.0,0.0,0.0,0.0
Stir fry Forged,Base.PanFriedVegetablesForged,Base.Oysters,5,false,false,1.0,15.0,10.0,4.0,22.0,0.7,17.5
Stir fry Forged,Base.PanFriedVegetablesForged,Base.OystersFried,6,false,false,1.0,25.0,11.0,4.0,20.0,0.7,29.166667
Stir fry Forged,Base.PanFriedVegetablesForged,Base.Parsley,1,false,true,0.0,0.0,0.0,0.0,0.0,0.0,0.0
Stir fry Forged,Base.PanFriedVegetablesForged,Base.ParsleyDried,1,false,true,0.0,0.0,0.0,0.0,0.0,0.0,0.0
Stir fry Forged,Base.PanFriedVegetablesForged,Base.PeanutButter,5,false,false,0.2,532.0,25.6,44.8,16.8,0.14,620.666667
Stir fry Forged,Base.PanFriedVegetablesForged,Base.Peanuts,8,false,false,1.0,161.0,4.57,13.96,7.31,0.7,187.833333
Stir fry Forged,Base.PanFriedVegetablesForged,Base.Peas,10,false,false,0.5,59.5,10.225,0.425,3.975,0.35,69.416667
Stir fry Forged,Base.PanFriedVegetablesForged,Base.Pepper,1,false,true,0.0,0.0,0.0,0.0,0.0,0.0,0.0
Stir fry Forged,Base.PanFriedVegetablesForged,Base.PepperHabanero,2,false,true,0.0,0.0,0.0,0.0,0.0,0.0,0.0
Stir fry Forged,Base.PanFriedVegetablesForged,Base.PepperHabaneroDried,1,false,true,0.0,0.0,0.0,0.0,0.0,0.0,0.0
Stir fry Forged,Base.PanFriedVegetablesForged,Base.PepperJalapeno,2,false,true,0.0,0.0,0.0,0.0,0.0,0.0,0.0
Stir fry Forged,Base.PanFriedVegetablesForged,Base.PepperJalapenoDried,1,false,true,0.0,0.0,0.0,0.0,0.0,0.0,0.0
Stir fry Forged,Base.PanFriedVegetablesForged,Base.Pepperoni,20,false,false,1.0,180.0,0.0,4.35,15.62,0.7,210.0
Stir fry Forged,Base.PanFriedVegetablesForged,Base.Pork,15,false,false,0.25,75.0,0.0,3.0,12.5,0.175,87.5
Stir fry Forged,Base.PanFriedVegetablesForged,Base.PorkChop,15,false,false,0.5,75.0,0.0,3.0,12.5,0.35,87.5
Stir fry Forged,Base.PanFriedVegetablesForged,Base.Potato,18,false,false,1.0,70.0,15.0,0.15,3.0,0.7,81.666667
Stir fry Forged,Base.PanFriedVegetablesForged,Base.PowderedGarlic,1,false,true,0.0,0.0,0.0,0.0,0.0,0.0,0.0
Stir fry Forged,Base.PanFriedVegetablesForged,Base.PowderedOnion,1,false,true,0.0,0.0,0.0,0.0,0.0,0.0,0.0
Stir fry Forged,Base.PanFriedVegetablesForged,Base.Pumpkin,20,false,false,0.5,202.0,10.225,10.305,17.265,0.35,235.666667
Stir fry Forged,Base.PanFriedVegetablesForged,Base.PumpkinSliced,4,false,false,1.0,40.0,2.04,2.06,3.45,0.7,46.666667
Stir fry Forged,Base.PanFriedVegetablesForged,Base.PumpkinSmashed,8,false,false,1.0,80.0,4.09,4.12,6.9,0.7,93.333333
Stir fry Forged,Base.PanFriedVegetablesForged,Base.Rabbitmeat,15,false,false,0.5,484.5,10.0,10.0,92.5,0.35,565.25
Stir fry Forged,Base.PanFriedVegetablesForged,Base.Ramen,10,false,false,1.0,52.0,0.0,14.0,10.0,0.7,60.666667
Stir fry Forged,Base.PanFriedVegetablesForged,Base.RedRadish,3,false,false,1.0,1.0,0.15,0.0,0.0,0.7,1.166667
Stir fry Forged,Base.PanFriedVegetablesForged,Base.RiceVinegar,2,false,true,0.0,0.0,0.0,0.0,0.0,0.0,0.0
Stir fry Forged,Base.PanFriedVegetablesForged,Base.Rosemary,1,false,true,0.0,0.0,0.0,0.0,0.0,0.0,0.0
Stir fry Forged,Base.PanFriedVegetablesForged,Base.RosemaryDried,1,false,true,0.0,0.0,0.0,0.0,0.0,0.0,0.0
Stir fry Forged,Base.PanFriedVegetablesForged,Base.Sage,1,false,true,0.0,0.0,0.0,0.0,0.0,0.0,0.0
Stir fry Forged,Base.PanFriedVegetablesForged,Base.SageDried,1,false,true,0.0,0.0,0.0,0.0,0.0,0.0,0.0
Stir fry Forged,Base.PanFriedVegetablesForged,Base.SalamiSlice,4,false,false,1.0,66.0,0.4,5.2,4.4,0.7,77.0
Stir fry Forged,Base.PanFriedVegetablesForged,Base.Salmon,15,false,false,0.5,135.0,0.0,5.275,17.14,0.35,157.5
Stir fry Forged,Base.PanFriedVegetablesForged,Base.Salt,1,false,true,0.0,0.0,0.0,0.0,0.0,0.0,0.0
Stir fry Forged,Base.PanFriedVegetablesForged,Base.Sausage,20,false,false,1.0,180.0,0.0,4.35,15.62,0.7,210.0
Stir fry Forged,Base.PanFriedVegetablesForged,Base.SeasoningSalt,1,false,true,0.0,0.0,0.0,0.0,0.0,0.0,0.0
Stir fry Forged,Base.PanFriedVegetablesForged,Base.Seasoning_Basil,1,false,true,0.0,0.0,0.0,0.0,0.0,0.0,0.0
Stir fry Forged,Base.PanFriedVegetablesForged,Base.Seasoning_Chives,1,false,true,0.0,0.0,0.0,0.0,0.0,0.0,0.0
Stir fry Forged,Base.PanFriedVegetablesForged,Base.Seasoning_Cilantro,1,false,true,0.0,0.0,0.0,0.0,0.0,0.0,0.0
Stir fry Forged,Base.PanFriedVegetablesForged,Base.Seasoning_Oregano,1,false,true,0.0,0.0,0.0,0.0,0.0,0.0,0.0
Stir fry Forged,Base.PanFriedVegetablesForged,Base.Seasoning_Parsley,1,false,true,0.0,0.0,0.0,0.0,0.0,0.0,0.0
Stir fry Forged,Base.PanFriedVegetablesForged,Base.Seasoning_Rosemary,1,false,true,0.0,0.0,0.0,0.0,0.0,0.0,0.0
Stir fry Forged,Base.PanFriedVegetablesForged,Base.Seasoning_Sage,1,false,true,0.0,0.0,0.0,0.0,0.0,0.0,0.0
Stir fry Forged,Base.PanFriedVegetablesForged,Base.Seasoning_Thyme,1,false,true,0.0,0.0,0.0,0.0,0.0,0.0,0.0
Stir fry Forged,Base.PanFriedVegetablesForged,Base.SesameOil,2,false,true,0.0,0.0,0.0,0.0,0.0,0.0,0.0
Stir fry Forged,Base.PanFriedVegetablesForged,Base.Shrimp,10,false,false,1.0,80.0,0.0,7.0,10.0,0.7,93.333333
Stir fry Forged,Base.PanFriedVegetablesForged,Base.ShrimpFried,15,false,false,1.0,160.0,17.0,14.0,16.0,0.7,186.666667
Stir fry Forged,Base.PanFriedVegetablesForged,Base.ShrimpFriedCraft,15,false,false,1.0,160.0,17.0,14.0,16.0,0.7,186.666667
Stir fry Forged,Base.PanFriedVegetablesForged,Base.Smallanimalmeat,15,false,false,1.0,201.0,5.0,7.25,45.0,0.7,234.5
Stir fry Forged,Base.PanFriedVegetablesForged,Base.Smallbirdmeat,15,false,false,1.0,261.0,5.0,8.25,90.0,0.7,304.5
Stir fry Forged,Base.PanFriedVegetablesForged,Base.Snail,1,false,false,1.0,90.0,2.11,1.9,17.41,0.7,105.0
Stir fry Forged,Base.PanFriedVegetablesForged,Base.Soybeans,5,false,false,1.0,25.0,10.45,0.45,3.95,0.7,29.166667
Stir fry Forged,Base.PanFriedVegetablesForged,Base.SoybeansSeed,5,false,false,1.0,5.0,2.0,0.1,0.8,0.7,5.833333
Stir fry Forged,Base.PanFriedVegetablesForged,Base.Soysauce,2,false,true,0.0,0.0,0.0,0.0,0.0,0.0,0.0
Stir fry Forged,Base.PanFriedVegetablesForged,Base.Squash,20,false,false,1.0,202.0,10.22,10.3,17.26,0.7,235.666667
Stir fry Forged,Base.PanFriedVegetablesForged,Base.Squid,15,false,false,0.5,102.5,0.5,6.5,16.26,0.35,119.583333
Stir fry Forged,Base.PanFriedVegetablesForged,Base.SquidCalamari,10,false,false,1.0,105.0,3.0,0.0,18.0,0.7,122.5
Stir fry Forged,Base.PanFriedVegetablesForged,Base.Steak,20,false,false,0.5,110.0,0.0,4.675,15.81,0.35,128.333333
Stir fry Forged,Base.PanFriedVegetablesForged,Base.SweetPotato,18,false,false,1.0,70.0,14.52,0.15,2.88,0.7,81.666667
Stir fry Forged,Base.PanFriedVegetablesForged,Base.Thyme,1,false,true,0.0,0.0,0.0,0.0,0.0,0.0,0.0
Stir fry Forged,Base.PanFriedVegetablesForged,Base.ThymeDried,1,false,true,0.0,0.0,0.0,0.0,0.0,0.0,0.0
Stir fry Forged,Base.PanFriedVegetablesForged,Base.Tofu,10,false,false,1.0,30.0,1.0,1.0,5.0,0.7,35.0
Stir fry Forged,Base.PanFriedVegetablesForged,Base.TofuFried,15,false,false,1.0,35.0,3.0,1.0,5.0,0.7,40.833333
Stir fry Forged,Base.PanFriedVegetablesForged,Base.Tomato,12,false,false,1.0,14.0,3.5,0.2,1.3,0.7,16.333333
Stir fry Forged,Base.PanFriedVegetablesForged,Base.TomatoPaste,3,false,true,0.0,0.0,0.0,0.0,0.0,0.0,0.0
Stir fry Forged,Base.PanFriedVegetablesForged,Base.TunaTinOpen,18,false,false,1.0,370.0,0.0,34.0,15.0,0.7,431.666667
Stir fry Forged,Base.PanFriedVegetablesForged,Base.TurkeyEgg,10,false,false,1.0,71.0,0.37,4.54,5.78,0.7,82.833333
Stir fry Forged,Base.PanFriedVegetablesForged,Base.TurkeyFillet,20,false,false,0.4,92.0,0.0,4.0,12.8,0.28,107.333333
Stir fry Forged,Base.PanFriedVegetablesForged,Base.TurkeyLegs,31,false,false,0.738095,169.761905,0.0,6.642857,28.047619,0.516667,198.055556
Stir fry Forged,Base.PanFriedVegetablesForged,Base.TurkeyWings,25,false,false,0.833333,166.666667,0.0,8.333333,26.666667,0.583333,194.444444
Stir fry Forged,Base.PanFriedVegetablesForged,Base.Turnip,18,false,false,1.0,70.0,14.52,0.15,2.88,0.7,81.666667
Stir fry Forged,Base.PanFriedVegetablesForged,Base.Venison,20,false,false,0.25,110.0,0.0,4.675,15.655,0.175,128.333333
Stir fry Forged,Base.PanFriedVegetablesForged,Base.Vinegar2,1,false,true,0.0,0.0,0.0,0.0,0.0,0.0,0.0
Stir fry Forged,Base.PanFriedVegetablesForged,Base.Vinegar_Jug,1,false,true,0.0,0.0,0.0,0.0,0.0,0.0,0.0
Stir fry Forged,Base.PanFriedVegetablesForged,Base.Wasabi,1,false,true,0.0,0.0,0.0,0.0,0.0,0.0,0.0
Stir fry Forged,Base.PanFriedVegetablesForged,Base.WildEggs,7,false,false,1.0,63.0,0.32,4.18,5.55,0.7,73.5
Stir fry Forged,Base.PanFriedVegetablesForged,Base.WildGarlic2,1,false,true,0.0,0.0,0.0,0.0,0.0,0.0,0.0
Stir fry Forged,Base.PanFriedVegetablesForged,Base.WildGarlicDried,1,false,true,0.0,0.0,0.0,0.0,0.0,0.0,0.0
Stir fry Forged,Base.PanFriedVegetablesForged,Base.Zucchini,10,false,false,1.0,33.0,6.1,0.63,2.37,0.7,38.5
Stir fry Griddle Pan,Base.GriddlePanFriedVegetables,Base.Avocado,16,false,false,1.0,227.0,11.75,20.96,2.67,0.7,264.833333
Stir fry Griddle Pan,Base.GriddlePanFriedVegetables,Base.Bacon,12,false,false,1.0,160.0,0.0,14.0,10.0,0.7,186.666667
Stir fry Griddle Pan,Base.GriddlePanFriedVegetables,Base.BaconBits,1,false,true,0.0,0.0,0.0,0.0,0.0,0.0,0.0
Stir fry Griddle Pan,Base.GriddlePanFriedVegetables,Base.BaconRashers,4,false,false,1.0,40.0,0.0,3.5,2.5,0.7,46.666667
Stir fry Griddle Pan,Base.GriddlePanFriedVegetables,Base.BaloneySlice,5,false,false,1.0,33.0,0.33,1.06,3.78,0.7,38.5
Stir fry Griddle Pan,Base.GriddlePanFriedVegetables,Base.BalsamicVinegar,2,false,true,0.0,0.0,0.0,0.0,0.0,0.0,0.0
Stir fry Griddle Pan,Base.GriddlePanFriedVegetables,Base.Basil,1,false,true,0.0,0.0,0.0,0.0,0.0,0.0,0.0
Stir fry Griddle Pan,Base.GriddlePanFriedVegetables,Base.BasilDried,1,false,true,0.0,0.0,0.0,0.0,0.0,0.0,0.0
Stir fry Griddle Pan,Base.GriddlePanFriedVegetables,Base.Beef,20,false,false,0.25,110.0,0.0,4.675,15.655,0.175,128.333333
Stir fry Griddle Pan,Base.GriddlePanFriedVegetables,Base.BeefJerky,10,false,false,0.5,205.0,5.5,13.0,16.5,0.35,239.166667
Stir fry Griddle Pan,Base.GriddlePanFriedVegetables,Base.BellPepper,8,false,false,1.0,30.0,7.0,0.0,1.0,0.7,35.0
Stir fry Griddle Pan,Base.GriddlePanFriedVegetables,Base.Blackbeans,10,false,false,1.0,45.0,10.45,0.45,3.95,0.7,52.5
Stir fry Griddle Pan,Base.GriddlePanFriedVegetables,Base.Broccoli,9,false,false,1.0,11.0,2.0,0.1,0.9,0.7,12.833333
Stir fry Griddle Pan,Base.GriddlePanFriedVegetables,Base.BrusselSprouts,9,false,false,0.45,53.55,9.2025,0.3825,3.5775,0.315,62.475
Stir fry Griddle Pan,Base.GriddlePanFriedVegetables,Base.Butter,4,false,true,0.0,0.0,0.0,0.0,0.0,0.0,0.0
Stir fry Griddle Pan,Base.GriddlePanFriedVegetables,Base.Cabbage,12,false,false,0.5,90.0,20.5,0.35,4.5,0.35,105.0
Stir fry Griddle Pan,Base.GriddlePanFriedVegetables,Base.CannedBellPepper_Open,8,false,false,0.166667,30.0,7.0,0.0,1.0,0.116667,35.0
Stir fry Griddle Pan,Base.GriddlePanFriedVegetables,Base.CannedBologneseOpen,24,false,false,1.0,540.0,68.0,22.0,18.0,0.7,630.0
Stir fry Griddle Pan,Base.GriddlePanFriedVegetables,Base.CannedBroccoli_Open,9,false,false,0.2,11.0,2.0,0.1,0.9,0.14,12.833333
Stir fry Griddle Pan,Base.GriddlePanFriedVegetables,Base.CannedCabbage_Open,12,false,false,0.25,90.0,20.5,0.35,4.5,0.175,105.0
Stir fry Griddle Pan,Base.GriddlePanFriedVegetables,Base.CannedCarrotsOpen,12,false,false,1.0,10.5,28.0,0.0,0.0,0.7,12.25
Stir fry Griddle Pan,Base.GriddlePanFriedVegetables,Base.CannedCarrots_Open,8,false,false,0.2,25.0,6.0,0.15,0.6,0.14,29.166667
Stir fry Griddle Pan,Base.GriddlePanFriedVegetables,Base.CannedChiliOpen,16,false,false,1.0,260.0,33.0,7.0,16.0,0.7,303.333333
Stir fry Griddle Pan,Base.GriddlePanFriedVegetables,Base.CannedCornOpen,16,false,false,1.0,315.0,70.0,1.75,7.0,0.7,367.5
Stir fry Griddle Pan,Base.GriddlePanFriedVegetables,Base.CannedCornedBeefOpen,12,false,false,0.5,360.0,0.0,24.0,39.0,0.35,420.0
Stir fry Griddle Pan,Base.GriddlePanFriedVegetables,Base.CannedEggplant_Open,16,false,false,0.333333,114.0,27.0,0.8,4.5,0.233333,133.0
Stir fry Griddle Pan,Base.GriddlePanFriedVegetables,Base.CannedLeek_Open,12,false,false,0.25,54.0,140.0,0.3,3.8,0.175,63.0
Stir fry Griddle Pan,Base.GriddlePanFriedVegetables,Base.CannedMushroomSoupOpen,10,false,false,1.0,160.0,19.0,8.0,3.0,0.7,186.666667
Stir fry Griddle Pan,Base.GriddlePanFriedVegetables,Base.CannedPeasOpen,16,false,false,1.0,280.0,52.5,0.0,14.0,0.7,326.666667
Stir fry Griddle Pan,Base.GriddlePanFriedVegetables,Base.CannedPotatoOpen,18,false,false,1.0,175.0,35.0,0.0,2.5,0.7,204.166667
Stir fry Griddle Pan,Base.GriddlePanFriedVegetables,Base.CannedPotato_Open,18,false,false,0.375,78.75,16.875,0.16875,3.375,0.2625,91.875
Stir fry Griddle Pan,Base.GriddlePanFriedVegetables,Base.CannedRedRadish_Open,3,false,false,0.066667,1.0,0.15,0.0,0.0,0.046667,1.166667
Stir fry Griddle Pan,Base.GriddlePanFriedVegetables,Base.CannedSardinesOpen,14,false,false,1.0,150.0,0.0,11.0,14.0,0.7,175.0
Stir fry Griddle Pan,Base.GriddlePanFriedVegetables,Base.CannedTomatoOpen,12,false,false,1.0,90.0,18.0,0.0,3.0,0.7,105.0
Stir fry Griddle Pan,Base.GriddlePanFriedVegetables,Base.CannedTomato_Open,12,false,false,0.25,14.0,3.5,0.2,1.3,0.175,16.333333
Stir fry Griddle Pan,Base.GriddlePanFriedVegetables,Base.Capers,1,false,true,0.0,0.0,0.0,0.0,0.0,0.0,0.0
Stir fry Griddle Pan,Base.GriddlePanFriedVegetables,Base.Carrots,8,false,false,1.0,25.0,6.0,0.15,0.6,0.7,29.166667
Stir fry Griddle Pan,Base.GriddlePanFriedVegetables,Base.Cauliflower,9,false,false,1.0,24.0,3.0,0.0,4.0,0.7,28.0
Stir fry Griddle Pan,Base.GriddlePanFriedVegetables,Base.Chicken,30,false,false,0.909091,209.090909,0.0,8.181818,34.545455,0.636364,243.939394
Stir fry Griddle Pan,Base.GriddlePanFriedVegetables,Base.ChickenFillet,18,false,false,0.6,138.0,0.0,5.4,22.8,0.42,161.0
Stir fry Griddle Pan,Base.GriddlePanFriedVegetables,Base.ChickenWings,15,false,false,0.789474,150.0,0.0,4.736842,17.368421,0.552632,175.0
Stir fry Griddle Pan,Base.GriddlePanFriedVegetables,Base.Chives,1,false,true,0.0,0.0,0.0,0.0,0.0,0.0,0.0
Stir fry Griddle Pan,Base.GriddlePanFriedVegetables,Base.ChivesDried,1,false,true,0.0,0.0,0.0,0.0,0.0,0.0,0.0
Stir fry Griddle Pan,Base.GriddlePanFriedVegetables,Base.Cilantro,1,false,true,0.0,0.0,0.0,0.0,0.0,0.0,0.0
Stir fry Griddle Pan,Base.GriddlePanFriedVegetables,Base.CilantroDried,1,false,true,0.0,0.0,0.0,0.0,0.0,0.0,0.0
Stir fry Griddle Pan,Base.GriddlePanFriedVegetables,Base.CilantroSeed,1,false,true,0.0,0.0,0.0,0.0,0.0,0.0,0.0
Stir fry Griddle Pan,Base.GriddlePanFriedVegetables,Base.CommonMallow,1,false,true,0.0,0.0,0.0,0.0,0.0,0.0,0.0
Stir fry Griddle Pan,Base.GriddlePanFriedVegetables,Base.Corn,14,false,false,1.0,88.0,26.74,1.93,4.68,0.7,102.666667
Stir fry Griddle Pan,Base.GriddlePanFriedVegetables,Base.CornFrozen,10,false,false,0.5,198.0,47.0,2.5,7.5,0.35,231.0
Stir fry Griddle Pan,Base.GriddlePanFriedVegetables,Base.Crayfish,10,false,false,1.0,40.0,0.0,2.0,8.0,0.7,46.666667
Stir fry Griddle Pan,Base.GriddlePanFriedVegetables,Base.Cucumber,10,false,false,1.0,33.0,6.1,0.63,2.37,0.7,38.5
Stir fry Griddle Pan,Base.GriddlePanFriedVegetables,Base.Daikon,12,false,false,1.0,54.0,12.59,0.27,1.34,0.7,63.0
Stir fry Griddle Pan,Base.GriddlePanFriedVegetables,Base.DeadBird,10,false,false,0.666667,107.333333,0.333333,1.333333,14.666667,0.466667,125.222222
Stir fry Griddle Pan,Base.GriddlePanFriedVegetables,Base.DeadMouse,10,false,false,1.0,220.0,0.7,3.15,9.5,0.7,256.666667
Stir fry Griddle Pan,Base.GriddlePanFriedVegetables,Base.DeadMousePups,5,false,false,1.0,110.0,0.35,1.58,4.2,0.7,128.333333
Stir fry Griddle Pan,Base.GriddlePanFriedVegetables,Base.DeadMousePupsSkinned,5,false,false,1.0,110.0,0.35,1.58,4.2,0.7,128.333333
Stir fry Griddle Pan,Base.GriddlePanFriedVegetables,Base.DeadMouseSkinned,10,false,false,1.0,220.0,0.7,3.15,9.5,0.7,256.666667
Stir fry Griddle Pan,Base.GriddlePanFriedVegetables,Base.DeadRat,15,false,false,0.681818,220.909091,0.0,10.909091,27.272727,0.477273,257.727273
Stir fry Griddle Pan,Base.GriddlePanFriedVegetables,Base.DeadRatBaby,10,false,false,0.833333,145.5,0.0,7.166667,18.0,0.583333,169.75
Stir fry Griddle Pan,Base.GriddlePanFriedVegetables,Base.DeadRatBabySkinned,10,false,false,0.833333,145.5,0.0,7.166667,18.0,0.583333,169.75
Stir fry Griddle Pan,Base.GriddlePanFriedVegetables,Base.DeadRatSkinned,15,false,false,0.681818,220.909091,0.0,10.909091,27.272727,0.477273,257.727273
Stir fry Griddle Pan,Base.GriddlePanFriedVegetables,Base.DeadSquirrel,15,false,false,0.46875,225.0,0.0,7.03125,39.75,0.328125,262.5
Stir fry Griddle Pan,Base.GriddlePanFriedVegetables,Base.Dip_NachoCheese,4,false,true,0.0,0.0,0.0,0.0,0.0,0.0,0.0
Stir fry Griddle Pan,Base.GriddlePanFriedVegetables,Base.Dip_Ranch,4,false,true,0.0,0.0,0.0,0.0,0.0,0.0,0.0
Stir fry Griddle Pan,Base.GriddlePanFriedVegetables,Base.Dip_Salsa,4,false,true,0.0,0.0,0.0,0.0,0.0,0.0,0.0
Stir fry Griddle Pan,Base.GriddlePanFriedVegetables,Base.Edamame,5,false,false,1.0,25.0,10.45,0.45,3.95,0.7,29.166667
Stir fry Griddle Pan,Base.GriddlePanFriedVegetables,Base.Egg,7,false,false,1.0,63.0,0.32,4.18,5.55,0.7,73.5
Stir fry Griddle Pan,Base.GriddlePanFriedVegetables,Base.Eggplant,16,false,false,1.0,114.0,27.0,0.8,4.5,0.7,133.0
Stir fry Griddle Pan,Base.GriddlePanFriedVegetables,Base.FishFillet,15,false,false,0.6,123.0,0.6,7.2,17.112,0.42,143.5
Stir fry Griddle Pan,Base.GriddlePanFriedVegetables,Base.FishFried,15,false,false,0.5,105.0,3.5,6.0,8.0,0.35,122.5
Stir fry Griddle Pan,Base.GriddlePanFriedVegetables,Base.FrogMeat,10,false,false,1.0,66.0,0.0,0.28,14.6,0.7,77.0
Stir fry Griddle Pan,Base.GriddlePanFriedVegetables,Base.Garlic,1,false,true,0.0,0.0,0.0,0.0,0.0,0.0,0.0
Stir fry Griddle Pan,Base.GriddlePanFriedVegetables,Base.GingerPickled,1,false,true,0.0,0.0,0.0,0.0,0.0,0.0,0.0
Stir fry Griddle Pan,Base.GriddlePanFriedVegetables,Base.GingerRoot,2,false,true,0.0,0.0,0.0,0.0,0.0,0.0,0.0
Stir fry Griddle Pan,Base.GriddlePanFriedVegetables,Base.GreenOnions,1,false,true,0.0,0.0,0.0,0.0,0.0,0.0,0.0
Stir fry Griddle Pan,Base.GriddlePanFriedVegetables,Base.Greenpeas,4,false,false,1.0,70.0,13.125,0.0,3.5,0.7,81.666667
Stir fry Griddle Pan,Base.GriddlePanFriedVegetables,Base.Hotdog_single,10,false,false,1.0,65.0,1.25,2.0,1.25,0.7,75.833333
Stir fry Griddle Pan,Base.GriddlePanFriedVegetables,Base.Hotsauce,4,false,true,0.0,0.0,0.0,0.0,0.0,0.0,0.0
Stir fry Griddle Pan,Base.GriddlePanFriedVegetables,Base.Kale,8,false,false,0.5,89.0,20.705,0.355,4.57,0.35,103.833333
Stir fry Griddle Pan,Base.GriddlePanFriedVegetables,Base.Lard,4,false,true,0.0,0.0,0.0,0.0,0.0,0.0,0.0
Stir fry Griddle Pan,Base.GriddlePanFriedVegetables,Base.Leek,12,false,false,1.0,54.0,140.0,0.3,1.3,0.7,63.0
Stir fry Griddle Pan,Base.GriddlePanFriedVegetables,Base.Lemon,5,false,true,0.0,0.0,0.0,0.0,0.0,0.0,0.0
Stir fry Griddle Pan,Base.GriddlePanFriedVegetables,Base.LemonGrass,1,false,true,0.0,0.0,0.0,0.0,0.0,0.0,0.0
Stir fry Griddle Pan,Base.GriddlePanFriedVegetables,Base.Lime,5,false,true,0.0,0.0,0.0,0.0,0.0,0.0,0.0
Stir fry Griddle Pan,Base.GriddlePanFriedVegetables,Base.Lobster,20,false,false,0.5,60.0,0.0,3.5,14.0,0.35,70.0
Stir fry Griddle Pan,Base.GriddlePanFriedVegetables,Base.Margarine,4,false,true,0.0,0.0,0.0,0.0,0.0,0.0,0.0
Stir fry Griddle Pan,Base.GriddlePanFriedVegetables,Base.MincedMeat,20,false,false,0.5,150.0,0.0,15.0,23.0,0.35,175.0
Stir fry Griddle Pan,Base.GriddlePanFriedVegetables,Base.MixedVegetables,10,false,false,0.5,135.5,18.5,0.0,4.5,0.35,158.083333
Stir fry Griddle Pan,Base.GriddlePanFriedVegetables,Base.MushroomGeneric1,13,false,false,1.0,30.0,2.12,0.24,2.04,0.7,35.0
Stir fry Griddle Pan,Base.GriddlePanFriedVegetables,Base.MushroomGeneric2,13,false,false,1.0,30.0,2.12,0.24,2.04,0.7,35.0
Stir fry Griddle Pan,Base.GriddlePanFriedVegetables,Base.MushroomGeneric3,15,false,false,1.0,32.0,2.56,0.32,2.36,0.7,37.333333
Stir fry Griddle Pan,Base.GriddlePanFriedVegetables,Base.MushroomGeneric4,13,false,false,1.0,30.0,2.12,0.24,2.04,0.7,35.0
Stir fry Griddle Pan,Base.GriddlePanFriedVegetables,Base.MushroomGeneric5,15,false,false,1.0,32.0,2.56,0.32,2.36,0.7,37.333333
Stir fry Griddle Pan,Base.GriddlePanFriedVegetables,Base.MushroomGeneric6,13,false,false,1.0,30.0,2.12,0.24,2.04,0.7,35.0
Stir fry Griddle Pan,Base.GriddlePanFriedVegetables,Base.MushroomGeneric7,13,false,false,1.0,32.0,2.12,0.24,2.04,0.7,37.333333
Stir fry Griddle Pan,Base.GriddlePanFriedVegetables,Base.MushroomsButton,7,false,false,1.0,15.0,1.06,0.12,1.02,0.7,17.5
Stir fry Griddle Pan,Base.GriddlePanFriedVegetables,Base.MuttonChop,15,false,false,0.5,117.0,0.04,5.5,16.5,0.35,136.5
Stir fry Griddle Pan,Base.GriddlePanFriedVegetables,Base.OilOlive,2,false,true,0.0,0.0,0.0,0.0,0.0,0.0,0.0
Stir fry Griddle Pan,Base.GriddlePanFriedVegetables,Base.OilVegetable,2,false,true,0.0,0.0,0.0,0.0,0.0,0.0,0.0
Stir fry Griddle Pan,Base.GriddlePanFriedVegetables,Base.Onion,5,false,false,0.5,14.0,3.27,0.035,0.385,0.35,16.333333
Stir fry Griddle Pan,Base.GriddlePanFriedVegetables,Base.Oregano,1,false,true,0.0,0.0,0.0,0.0,0.0,0.0,0.0
Stir fry Griddle Pan,Base.GriddlePanFriedVegetables,Base.OreganoDried,1,false,true,0.0,0.0,0.0,0.0,0.0,0.0,0.0
Stir fry Griddle Pan,Base.GriddlePanFriedVegetables,Base.Oysters,5,false,false,1.0,15.0,10.0,4.0,22.0,0.7,17.5
Stir fry Griddle Pan,Base.GriddlePanFriedVegetables,Base.OystersFried,6,false,false,1.0,25.0,11.0,4.0,20.0,0.7,29.166667
Stir fry Griddle Pan,Base.GriddlePanFriedVegetables,Base.Parsley,1,false,true,0.0,0.0,0.0,0.0,0.0,0.0,0.0
Stir fry Griddle Pan,Base.GriddlePanFriedVegetables,Base.ParsleyDried,1,false,true,0.0,0.0,0.0,0.0,0.0,0.0,0.0
Stir fry Griddle Pan,Base.GriddlePanFriedVegetables,Base.PeanutButter,5,false,false,0.2,532.0,25.6,44.8,16.8,0.14,620.666667
Stir fry Griddle Pan,Base.GriddlePanFriedVegetables,Base.Peanuts,8,false,false,1.0,161.0,4.57,13.96,7.31,0.7,187.833333
Stir fry Griddle Pan,Base.GriddlePanFriedVegetables,Base.Peas,10,false,false,0.5,59.5,10.225,0.425,3.975,0.35,69.416667
Stir fry Griddle Pan,Base.GriddlePanFriedVegetables,Base.Pepper,1,false,true,0.0,0.0,0.0,0.0,0.0,0.0,0.0
Stir fry Griddle Pan,Base.GriddlePanFriedVegetables,Base.PepperHabanero,2,false,true,0.0,0.0,0.0,0.0,0.0,0.0,0.0
Stir fry Griddle Pan,Base.GriddlePanFriedVegetables,Base.PepperHabaneroDried,1,false,true,0.0,0.0,0.0,0.0,0.0,0.0,0.0
Stir fry Griddle Pan,Base.GriddlePanFriedVegetables,Base.PepperJalapeno,2,false,true,0.0,0.0,0.0,0.0,0.0,0.0,0.0
Stir fry Griddle Pan,Base.GriddlePanFriedVegetables,Base.PepperJalapenoDried,1,false,true,0.0,0.0,0.0,0.0,0.0,0.0,0.0
Stir fry Griddle Pan,Base.GriddlePanFriedVegetables,Base.Pepperoni,20,false,false,1.0,180.0,0.0,4.35,15.62,0.7,210.0
Stir fry Griddle Pan,Base.GriddlePanFriedVegetables,Base.Pork,15,false,false,0.25,75.0,0.0,3.0,12.5,0.175,87.5
Stir fry Griddle Pan,Base.GriddlePanFriedVegetables,Base.PorkChop,15,false,false,0.5,75.0,0.0,3.0,12.5,0.35,87.5
Stir fry Griddle Pan,Base.GriddlePanFriedVegetables,Base.Potato,18,false,false,1.0,70.0,15.0,0.15,3.0,0.7,81.666667
Stir fry Griddle Pan,Base.GriddlePanFriedVegetables,Base.PowderedGarlic,1,false,true,0.0,0.0,0.0,0.0,0.0,0.0,0.0
Stir fry Griddle Pan,Base.GriddlePanFriedVegetables,Base.PowderedOnion,1,false,true,0.0,0.0,0.0,0.0,0.0,0.0,0.0
Stir fry Griddle Pan,Base.GriddlePanFriedVegetables,Base.Pumpkin,20,false,false,0.5,202.0,10.225,10.305,17.265,0.35,235.666667
Stir fry Griddle Pan,Base.GriddlePanFriedVegetables,Base.PumpkinSliced,4,false,false,1.0,40.0,2.04,2.06,3.45,0.7,46.666667
Stir fry Griddle Pan,Base.GriddlePanFriedVegetables,Base.PumpkinSmashed,8,false,false,1.0,80.0,4.09,4.12,6.9,0.7,93.333333
Stir fry Griddle Pan,Base.GriddlePanFriedVegetables,Base.Rabbitmeat,15,false,false,0.5,484.5,10.0,10.0,92.5,0.35,565.25
Stir fry Griddle Pan,Base.GriddlePanFriedVegetables,Base.Ramen,10,false,false,1.0,52.0,0.0,14.0,10.0,0.7,60.666667
Stir fry Griddle Pan,Base.GriddlePanFriedVegetables,Base.RedRadish,3,false,false,1.0,1.0,0.15,0.0,0.0,0.7,1.166667
Stir fry Griddle Pan,Base.GriddlePanFriedVegetables,Base.RiceVinegar,2,false,true,0.0,0.0,0.0,0.0,0.0,0.0,0.0
Stir fry Griddle Pan,Base.GriddlePanFriedVegetables,Base.Rosemary,1,false,true,0.0,0.0,0.0,0.0,0.0,0.0,0.0
Stir fry Griddle Pan,Base.GriddlePanFriedVegetables,Base.RosemaryDried,1,false,true,0.0,0.0,0.0,0.0,0.0,0.0,0.0
Stir fry Griddle Pan,Base.GriddlePanFriedVegetables,Base.Sage,1,false,true,0.0,0.0,0.0,0.0,0.0,0.0,0.0
Stir fry Griddle Pan,Base.GriddlePanFriedVegetables,Base.SageDried,1,false,true,0.0,0.0,0.0,0.0,0.0,0.0,0.0
Stir fry Griddle Pan,Base.GriddlePanFriedVegetables,Base.SalamiSlice,4,false,false,1.0,66.0,0.4,5.2,4.4,0.7,77.0
Stir fry Griddle Pan,Base.GriddlePanFriedVegetables,Base.Salmon,15,false,false,0.5,135.0,0.0,5.275,17.14,0.35,157.5
Stir fry Griddle Pan,Base.GriddlePanFriedVegetables,Base.Salt,1,false,true,0.0,0.0,0.0,0.0,0.0,0.0,0.0
Stir fry Griddle Pan,Base.GriddlePanFriedVegetables,Base.Sausage,20,false,false,1.0,180.0,0.0,4.35,15.62,0.7,210.0
Stir fry Griddle Pan,Base.GriddlePanFriedVegetables,Base.SeasoningSalt,1,false,true,0.0,0.0,0.0,0.0,0.0,0.0,0.0
Stir fry Griddle Pan,Base.GriddlePanFriedVegetables,Base.Seasoning_Basil,1,false,true,0.0,0.0,0.0,0.0,0.0,0.0,0.0
Stir fry Griddle Pan,Base.GriddlePanFriedVegetables,Base.Seasoning_Chives,1,false,true,0.0,0.0,0.0,0.0,0.0,0.0,0.0
Stir fry Griddle Pan,Base.GriddlePanFriedVegetables,Base.Seasoning_Cilantro,1,false,true,0.0,0.0,0.0,0.0,0.0,0.0,0.0
Stir fry Griddle Pan,Base.GriddlePanFriedVegetables,Base.Seasoning_Oregano,1,false,true,0.0,0.0,0.0,0.0,0.0,0.0,0.0
Stir fry Griddle Pan,Base.GriddlePanFriedVegetables,Base.Seasoning_Parsley,1,false,true,0.0,0.0,0.0,0.0,0.0,0.0,0.0
Stir fry Griddle Pan,Base.GriddlePanFriedVegetables,Base.Seasoning_Rosemary,1,false,true,0.0,0.0,0.0,0.0,0.0,0.0,0.0
Stir fry Griddle Pan,Base.GriddlePanFriedVegetables,Base.Seasoning_Sage,1,false,true,0.0,0.0,0.0,0.0,0.0,0.0,0.0
Stir fry Griddle Pan,Base.GriddlePanFriedVegetables,Base.Seasoning_Thyme,1,false,true,0.0,0.0,0.0,0.0,0.0,0.0,0.0
Stir fry Griddle Pan,Base.GriddlePanFriedVegetables,Base.SesameOil,2,false,true,0.0,0.0,0.0,0.0,0.0,0.0,0.0
Stir fry Griddle Pan,Base.GriddlePanFriedVegetables,Base.Shrimp,10,false,false,1.0,80.0,0.0,7.0,10.0,0.7,93.333333
Stir fry Griddle Pan,Base.GriddlePanFriedVegetables,Base.ShrimpFried,15,false,false,1.0,160.0,17.0,14.0,16.0,0.7,186.666667
Stir fry Griddle Pan,Base.GriddlePanFriedVegetables,Base.ShrimpFriedCraft,15,false,false,1.0,160.0,17.0,14.0,16.0,0.7,186.666667
Stir fry Griddle Pan,Base.GriddlePanFriedVegetables,Base.Smallanimalmeat,15,false,false,1.0,201.0,5.0,7.25,45.0,0.7,234.5
Stir fry Griddle Pan,Base.GriddlePanFriedVegetables,Base.Smallbirdmeat,15,false,false,1.0,261.0,5.0,8.25,90.0,0.7,304.5
Stir fry Griddle Pan,Base.GriddlePanFriedVegetables,Base.Snail,1,false,false,1.0,90.0,2.11,1.9,17.41,0.7,105.0
Stir fry Griddle Pan,Base.GriddlePanFriedVegetables,Base.Soybeans,5,false,false,1.0,25.0,10.45,0.45,3.95,0.7,29.166667
Stir fry Griddle Pan,Base.GriddlePanFriedVegetables,Base.SoybeansSeed,5,false,false,1.0,5.0,2.0,0.1,0.8,0.7,5.833333
Stir fry Griddle Pan,Base.GriddlePanFriedVegetables,Base.Soysauce,2,false,true,0.0,0.0,0.0,0.0,0.0,0.0,0.0
Stir fry Griddle Pan,Base.GriddlePanFriedVegetables,Base.Squash,20,false,false,1.0,202.0,10.22,10.3,17.26,0.7,235.666667
Stir fry Griddle Pan,Base.GriddlePanFriedVegetables,Base.Squid,15,false,false,0.5,102.5,0.5,6.5,16.26,0.35,119.583333
Stir fry Griddle Pan,Base.GriddlePanFriedVegetables,Base.SquidCalamari,10,false,false,1.0,105.0,3.0,0.0,18.0,0.7,122.5
Stir fry Griddle Pan,Base.GriddlePanFriedVegetables,Base.Steak,20,false,false,0.5,110.0,0.0,4.675,15.81,0.35,128.333333
Stir fry Griddle Pan,Base.GriddlePanFriedVegetables,Base.SweetPotato,18,false,false,1.0,70.0,14.52,0.15,2.88,0.7,81.666667
Stir fry Griddle Pan,Base.GriddlePanFriedVegetables,Base.Thyme,1,false,true,0.0,0.0,0.0,0.0,0.0,0.0,0.0
Stir fry Griddle Pan,Base.GriddlePanFriedVegetables,Base.ThymeDried,1,false,true,0.0,0.0,0.0,0.0,0.0,0.0,0.0
Stir fry Griddle Pan,Base.GriddlePanFriedVegetables,Base.Tofu,10,false,false,1.0,30.0,1.0,1.0,5.0,0.7,35.0
Stir fry Griddle Pan,Base.GriddlePanFriedVegetables,Base.TofuFried,15,false,false,1.0,35.0,3.0,1.0,5.0,0.7,40.833333
Stir fry Griddle Pan,Base.GriddlePanFriedVegetables,Base.Tomato,12,false,false,1.0,14.0,3.5,0.2,1.3,0.7,16.333333
Stir fry Griddle Pan,Base.GriddlePanFriedVegetables,Base.TomatoPaste,3,false,true,0.0,0.0,0.0,0.0,0.0,0.0,0.0
Stir fry Griddle Pan,Base.GriddlePanFriedVegetables,Base.TunaTinOpen,18,false,false,1.0,370.0,0.0,34.0,15.0,0.7,431.666667
Stir fry Griddle Pan,Base.GriddlePanFriedVegetables,Base.TurkeyEgg,10,false,false,1.0,71.0,0.37,4.54,5.78,0.7,82.833333
Stir fry Griddle Pan,Base.GriddlePanFriedVegetables,Base.TurkeyFillet,20,false,false,0.4,92.0,0.0,4.0,12.8,0.28,107.333333
Stir fry Griddle Pan,Base.GriddlePanFriedVegetables,Base.TurkeyLegs,31,false,false,0.738095,169.761905,0.0,6.642857,28.047619,0.516667,198.055556
Stir fry Griddle Pan,Base.GriddlePanFriedVegetables,Base.TurkeyWings,25,false,false,0.833333,166.666667,0.0,8.333333,26.666667,0.583333,194.444444
Stir fry Griddle Pan,Base.GriddlePanFriedVegetables,Base.Turnip,18,false,false,1.0,70.0,14.52,0.15,2.88,0.7,81.666667
Stir fry Griddle Pan,Base.GriddlePanFriedVegetables,Base.Venison,20,false,false,0.25,110.0,0.0,4.675,15.655,0.175,128.333333
Stir fry Griddle Pan,Base.GriddlePanFriedVegetables,Base.Vinegar2,1,false,true,0.0,0.0,0.0,0.0,0.0,0.0,0.0
Stir fry Griddle Pan,Base.GriddlePanFriedVegetables,Base.Vinegar_Jug,1,false,true,0.0,0.0,0.0,0.0,0.0,0.0,0.0
Stir fry Griddle Pan,Base.GriddlePanFriedVegetables,Base.Wasabi,1,false,true,0.0,0.0,0.0,0.0,0.0,0.0,0.0
Stir fry Griddle Pan,Base.GriddlePanFriedVegetables,Base.WildEggs,7,false,false,1.0,63.0,0.32,4.18,5.55,0.7,73.5
Stir fry Griddle Pan,Base.GriddlePanFriedVegetables,Base.WildGarlic2,1,false,true,0.0,0.0,0.0,0.0,0.0,0.0,0.0
Stir fry Griddle Pan,Base.GriddlePanFriedVegetables,Base.WildGarlicDried,1,false,true,0.0,0.0,0.0,0.0,0.0,0.0,0.0
Stir fry Griddle Pan,Base.GriddlePanFriedVegetables,Base.Zucchini,10,false,false,1.0,33.0,6.1,0.63,2.37,0.7,38.5
Taco,Base.TacoRecipe,Base.Avocado,8,false,false,0.5,113.5,5.875,10.48,1.335,0.35,132.416667
Taco,Base.TacoRecipe,Base.BBQSauce,2,false,true,0.0,0.0,0.0,0.0,0.0,0.0,0.0
Taco,Base.TacoRecipe,Base.Bacon,4,true,false,0.333333,53.333333,0.0,4.666667,3.333333,0.233333,62.222222
Taco,Base.TacoRecipe,Base.BaconBits,1,true,true,0.0,0.0,0.0,0.0,0.0,0.0,0.0
Taco,Base.TacoRecipe,Base.BaconRashers,4,true,false,1.0,40.0,0.0,3.5,2.5,0.7,46.666667
Taco,Base.TacoRecipe,Base.BalsamicVinegar,2,false,true,0.0,0.0,0.0,0.0,0.0,0.0,0.0
Taco,Base.TacoRecipe,Base.Beef,5,true,false,0.0625,27.5,0.0,1.16875,3.91375,0.04375,32.083333
Taco,Base.TacoRecipe,Base.BellPepper,2,false,false,0.25,7.5,1.75,0.0,0.25,0.175,8.75
Taco,Base.TacoRecipe,Base.Blackbeans,5,false,false,0.5,22.5,5.225,0.225,1.975,0.35,26.25
Taco,Base.TacoRecipe,Base.Butter,4,false,true,0.0,0.0,0.0,0.0,0.0,0.0,0.0
Taco,Base.TacoRecipe,Base.Cabbage,6,false,false,0.25,45.0,10.25,0.175,2.25,0.175,52.5
Taco,Base.TacoRecipe,Base.CannedBellPepper_Open,2,false,false,0.041667,7.5,1.75,0.0,0.25,0.029167,8.75
Taco,Base.TacoRecipe,Base.CannedCabbage_Open,6,false,false,0.125,45.0,10.25,0.175,2.25,0.0875,52.5
Taco,Base.TacoRecipe,Base.CannedChiliOpen,8,false,false,0.5,130.0,16.5,3.5,8.0,0.35,151.666667
Taco,Base.TacoRecipe,Base.CannedCornOpen,8,false,false,0.5,157.5,35.0,0.875,3.5,0.35,183.75
Taco,Base.TacoRecipe,Base.CannedTomato_Open,6,false,false,0.125,7.0,1.75,0.1,0.65,0.0875,8.166667
Taco,Base.TacoRecipe,Base.Cheese,5,false,false,0.333333,37.666667,0.29,3.11,2.133333,0.233333,43.944444
Taco,Base.TacoRecipe,Base.Chicken,10,true,false,0.30303,69.69697,0.0,2.727273,11.515152,0.212121,81.313131
Taco,Base.TacoRecipe,Base.ChickenFillet,6,true,false,0.2,46.0,0.0,1.8,7.6,0.14,53.666667
Taco,Base.TacoRecipe,Base.ChickenFried,15,false,false,1.0,260.0,17.0,14.0,16.0,0.7,303.333333
Taco,Base.TacoRecipe,Base.ChickenNuggets,5,false,false,0.5,115.0,5.1,4.05,13.2205,0.35,134.166667
Taco,Base.TacoRecipe,Base.ChickenWings,15,true,false,0.789474,150.0,0.0,4.736842,17.368421,0.552632,175.0
Taco,Base.TacoRecipe,Base.Cilantro,1,false,true,0.0,0.0,0.0,0.0,0.0,0.0,0.0
Taco,Base.TacoRecipe,Base.CilantroDried,1,false,true,0.0,0.0,0.0,0.0,0.0,0.0,0.0
Taco,Base.TacoRecipe,Base.CilantroSeed,1,false,true,0.0,0.0,0.0,0.0,0.0,0.0,0.0
Taco,Base.TacoRecipe,Base.Corn,7,true,false,0.5,44.0,13.37,0.965,2.34,0.35,51.333333
Taco,Base.TacoRecipe,Base.CornFrozen,5,false,false,0.25,99.0,23.5,1.25,3.75,0.175,115.5
Taco,Base.TacoRecipe,Base.Crayfish,10,true,false,1.0,40.0,0.0,2.0,8.0,0.7,46.666667
Taco,Base.TacoRecipe,Base.Dip_NachoCheese,2,false,true,0.0,0.0,0.0,0.0,0.0,0.0,0.0
Taco,Base.TacoRecipe,Base.Dip_Ranch,2,false,true,0.0,0.0,0.0,0.0,0.0,0.0,0.0
Taco,Base.TacoRecipe,Base.Dip_Salsa,2,false,true,0.0,0.0,0.0,0.0,0.0,0.0,0.0
Taco,Base.TacoRecipe,Base.DogfoodOpen,5,true,false,0.166667,83.0,12.926667,2.096667,2.673333,0.116667,96.833333
Taco,Base.TacoRecipe,Base.Egg,3,true,false,0.428571,27.0,0.137143,1.791429,2.378571,0.3,31.5
Taco,Base.TacoRecipe,Base.EggBoiled,5,false,false,0.5,31.5,0.16,2.09,2.775,0.35,36.75
Taco,Base.TacoRecipe,Base.EggOmelette,10,false,false,0.5,60.0,0.26,3.09,5.275,0.35,70.0
Taco,Base.TacoRecipe,Base.EggPoached,5,false,false,0.5,31.5,0.16,2.09,2.775,0.35,36.75
Taco,Base.TacoRecipe,Base.EggScrambled,10,false,false,0.5,60.0,0.26,3.09,5.275,0.35,70.0
Taco,Base.TacoRecipe,Base.FishFillet,10,true,false,0.4,82.0,0.4,4.8,11.408,0.28,95.666667
Taco,Base.TacoRecipe,Base.FishFingers,5,false,false,0.5,115.0,5.1,4.05,13.2205,0.35,134.166667
Taco,Base.TacoRecipe,Base.FishFried,5,false,false,0.166667,35.0,1.166667,2.0,2.666667,0.116667,40.833333
Taco,Base.TacoRecipe,Base.Garlic,1,false,true,0.0,0.0,0.0,0.0,0.0,0.0,0.0
Taco,Base.TacoRecipe,Base.Guacamole,2,false,true,0.0,0.0,0.0,0.0,0.0,0.0,0.0
Taco,Base.TacoRecipe,Base.Hotsauce,2,false,true,0.0,0.0,0.0,0.0,0.0,0.0,0.0
Taco,Base.TacoRecipe,Base.Ketchup,2,false,true,0.0,0.0,0.0,0.0,0.0,0.0,0.0
Taco,Base.TacoRecipe,Base.Lard,2,false,true,0.0,0.0,0.0,0.0,0.0,0.0,0.0
Taco,Base.TacoRecipe,Base.Lemon,2,false,true,0.0,0.0,0.0,0.0,0.0,0.0,0.0
Taco,Base.TacoRecipe,Base.Lettuce,3,false,false,0.2,10.8,2.066,0.108,0.98,0.14,12.6
Taco,Base.TacoRecipe,Base.Lime,2,false,true,0.0,0.0,0.0,0.0,0.0,0.0,0.0
Taco,Base.TacoRecipe,Base.Lobster,5,true,false,0.125,15.0,0.0,0.875,3.5,0.0875,17.5
Taco,Base.TacoRecipe,Base.Margarine,4,false,true,0.0,0.0,0.0,0.0,0.0,0.0,0.0
Taco,Base.TacoRecipe,Base.MayonnaiseFull,2,false,true,0.0,0.0,0.0,0.0,0.0,0.0,0.0
Taco,Base.TacoRecipe,Base.MeatPatty,10,true,false,0.25,153.0,0.0,7.5,11.5,0.175,178.5
Taco,Base.TacoRecipe,Base.MincedMeat,10,true,false,0.25,75.0,0.0,7.5,11.5,0.175,87.5
Taco,Base.TacoRecipe,Base.OilOlive,2,false,true,0.0,0.0,0.0,0.0,0.0,0.0,0.0
Taco,Base.TacoRecipe,Base.OilVegetable,2,false,true,0.0,0.0,0.0,0.0,0.0,0.0,0.0
Taco,Base.TacoRecipe,Base.OmeletteRecipe,7,true,false,0.5,61.5,1.0,4.165,5.5,0.35,71.75
Taco,Base.TacoRecipe,Base.OmeletteRecipeForged,7,true,false,0.5,61.5,1.0,4.165,5.5,0.35,71.75
Taco,Base.TacoRecipe,Base.Onion,2,false,false,0.2,5.6,1.308,0.014,0.154,0.14,6.533333
Taco,Base.TacoRecipe,Base.Oregano,1,false,true,0.0,0.0,0.0,0.0,0.0,0.0,0.0
Taco,Base.TacoRecipe,Base.OreganoDried,1,false,true,0.0,0.0,0.0,0.0,0.0,0.0,0.0
Taco,Base.TacoRecipe,Base.Parsley,1,false,true,0.0,0.0,0.0,0.0,0.0,0.0,0.0
Taco,Base.TacoRecipe,Base.ParsleyDried,1,false,true,0.0,0.0,0.0,0.0,0.0,0.0,0.0
Taco,Base.TacoRecipe,Base.Pepper,1,false,true,0.0,0.0,0.0,0.0,0.0,0.0,0.0
Taco,Base.TacoRecipe,Base.PepperHabanero,1,false,true,0.0,0.0,0.0,0.0,0.0,0.0,0.0
Taco,Base.TacoRecipe,Base.PepperHabaneroDried,1,false,true,0.0,0.0,0.0,0.0,0.0,0.0,0.0
Taco,Base.TacoRecipe,Base.PepperJalapeno,1,false,true,0.0,0.0,0.0,0.0,0.0,0.0,0.0
Taco,Base.TacoRecipe,Base.PepperJalapenoDried,1,false,true,0.0,0.0,0.0,0.0,0.0,0.0,0.0
Taco,Base.TacoRecipe,Base.PowderedGarlic,1,false,true,0.0,0.0,0.0,0.0,0.0,0.0,0.0
Taco,Base.TacoRecipe,Base.PowderedOnion,1,false,true,0.0,0.0,0.0,0.0,0.0,0.0,0.0
Taco,Base.TacoRecipe,Base.RefriedBeans,5,false,false,0.5,35.0,12.5,0.75,5.0,0.35,40.833333
Taco,Base.TacoRecipe,Base.RiceVinegar,2,false,true,0.0,0.0,0.0,0.0,0.0,0.0,0.0
Taco,Base.TacoRecipe,Base.Salmon,5,true,false,0.166667,45.0,0.0,1.758333,5.713333,0.116667,52.5
Taco,Base.TacoRecipe,Base.Salt,1,false,true,0.0,0.0,0.0,0.0,0.0,0.0,0.0
Taco,Base.TacoRecipe,Base.Sausage,5,true,false,0.25,45.0,0.0,1.0875,3.905,0.175,52.5
Taco,Base.TacoRecipe,Base.SeasoningSalt,1,false,true,0.0,0.0,0.0,0.0,0.0,0.0,0.0
Taco,Base.TacoRecipe,Base.Seasoning_Cilantro,1,false,true,0.0,0.0,0.0,0.0,0.0,0.0,0.0
Taco,Base.TacoRecipe,Base.Seasoning_Oregano,1,false,true,0.0,0.0,0.0,0.0,0.0,0.0,0.0
Taco,Base.TacoRecipe,Base.Seasoning_Parsley,1,false,true,0.0,0.0,0.0,0.0,0.0,0.0,0.0
Taco,Base.TacoRecipe,Base.Shrimp,5,true,false,0.5,40.0,0.0,3.5,5.0,0.35,46.666667
Taco,Base.TacoRecipe,Base.ShrimpFried,5,false,false,0.333333,53.333333,5.666667,4.666667,5.333333,0.233333,62.222222
Taco,Base.TacoRecipe,Base.ShrimpFriedCraft,5,true,false,0.333333,53.333333,5.666667,4.666667,5.333333,0.233333,62.222222
Taco,Base.TacoRecipe,Base.SourCream,2,false,true,0.0,0.0,0.0,0.0,0.0,0.0,0.0
Taco,Base.TacoRecipe,Base.Squid,5,true,false,0.166667,34.166667,0.166667,2.166667,5.42,0.116667,39.861111
Taco,Base.TacoRecipe,Base.SquidCalamari,5,true,false,0.5,52.5,1.5,0.0,9.0,0.35,61.25
Taco,Base.TacoRecipe,Base.Steak,5,true,false,0.125,27.5,0.0,1.16875,3.9525,0.0875,32.083333
Taco,Base.TacoRecipe,Base.Tofu,5,false,false,0.5,15.0,0.5,0.5,2.5,0.35,17.5
Taco,Base.TacoRecipe,Base.TofuFried,5,false,false,0.333333,11.666667,1.0,0.333333,1.666667,0.233333,13.611111
Taco,Base.TacoRecipe,Base.Tomato,6,false,false,0.5,7.0,1.75,0.1,0.65,0.35,8.166667
Taco,Base.TacoRecipe,Base.TunaTinOpen,9,false,false,0.5,185.0,0.0,17.0,7.5,0.35,215.833333
Taco,Base.TacoRecipe,Base.TurkeyEgg,5,true,false,0.5,35.5,0.185,2.27,2.89,0.35,41.416667
Taco,Base.TacoRecipe,Base.TurkeyFillet,10,true,false,0.2,46.0,0.0,2.0,6.4,0.14,53.666667
Taco,Base.TacoRecipe,Base.TurkeyLegs,10,true,false,0.238095,54.761905,0.0,2.142857,9.047619,0.166667,63.888889
Taco,Base.TacoRecipe,Base.TurkeyWings,12,true,false,0.4,80.0,0.0,4.0,12.8,0.28,93.333333
Taco,Base.TacoRecipe,Base.Venison,5,true,false,0.0625,27.5,0.0,1.16875,3.91375,0.04375,32.083333
Taco,Base.TacoRecipe,Base.Vinegar2,1,false,true,0.0,0.0,0.0,0.0,0.0,0.0,0.0
Taco,Base.TacoRecipe,Base.Vinegar_Jug,1,false,true,0.0,0.0,0.0,0.0,0.0,0.0,0.0
Taco,Base.TacoRecipe,Base.WildEggs,3,true,false,0.428571,27.0,0.137143,1.791429,2.378571,0.3,31.5
Taco,Base.TacoRecipe,Base.WildGarlic2,1,false,true,0.0,0.0,0.0,0.0,0.0,0.0,0.0
Taco,Base.TacoRecipe,Base.WildGarlicDried,1,false,true,0.0,0.0,0.0,0.0,0.0,0.0,0.0
Taco2,Base.Taco,Base.Avocado,8,false,false,0.5,113.5,5.875,10.48,1.335,0.35,132.416667
Taco2,Base.Taco,Base.BBQSauce,2,false,true,0.0,0.0,0.0,0.0,0.0,0.0,0.0
Taco2,Base.Taco,Base.Bacon,4,true,false,0.333333,53.333333,0.0,4.666667,3.333333,0.233333,62.222222
Taco2,Base.Taco,Base.BaconBits,1,true,true,0.0,0.0,0.0,0.0,0.0,0.0,0.0
Taco2,Base.Taco,Base.BaconRashers,4,true,false,1.0,40.0,0.0,3.5,2.5,0.7,46.666667
Taco2,Base.Taco,Base.BalsamicVinegar,2,false,true,0.0,0.0,0.0,0.0,0.0,0.0,0.0
Taco2,Base.Taco,Base.Beef,5,true,false,0.0625,27.5,0.0,1.16875,3.91375,0.04375,32.083333
Taco2,Base.Taco,Base.BellPepper,2,false,false,0.25,7.5,1.75,0.0,0.25,0.175,8.75
Taco2,Base.Taco,Base.Blackbeans,5,false,false,0.5,22.5,5.225,0.225,1.975,0.35,26.25
Taco2,Base.Taco,Base.Butter,4,false,true,0.0,0.0,0.0,0.0,0.0,0.0,0.0
Taco2,Base.Taco,Base.Cabbage,6,false,false,0.25,45.0,10.25,0.175,2.25,0.175,52.5
Taco2,Base.Taco,Base.CannedBellPepper_Open,2,false,false,0.041667,7.5,1.75,0.0,0.25,0.029167,8.75
Taco2,Base.Taco,Base.CannedCabbage_Open,6,false,false,0.125,45.0,10.25,0.175,2.25,0.0875,52.5
Taco2,Base.Taco,Base.CannedChiliOpen,8,false,false,0.5,130.0,16.5,3.5,8.0,0.35,151.666667
Taco2,Base.Taco,Base.CannedCornOpen,8,false,false,0.5,157.5,35.0,0.875,3.5,0.35,183.75
Taco2,Base.Taco,Base.CannedTomato_Open,6,false,false,0.125,7.0,1.75,0.1,0.65,0.0875,8.166667
Taco2,Base.Taco,Base.Cheese,5,false,false,0.333333,37.666667,0.29,3.11,2.133333,0.233333,43.944444
Taco2,Base.Taco,Base.Chicken,10,true,false,0.30303,69.69697,0.0,2.727273,11.515152,0.212121,81.313131
Taco2,Base.Taco,Base.ChickenFillet,6,true,false,0.2,46.0,0.0,1.8,7.6,0.14,53.666667
Taco2,Base.Taco,Base.ChickenFried,15,false,false,1.0,260.0,17.0,14.0,16.0,0.7,303.333333
Taco2,Base.Taco,Base.ChickenNuggets,5,false,false,0.5,115.0,5.1,4.05,13.2205,0.35,134.166667
Taco2,Base.Taco,Base.ChickenWings,15,true,false,0.789474,150.0,0.0,4.736842,17.368421,0.552632,175.0
Taco2,Base.Taco,Base.Cilantro,1,false,true,0.0,0.0,0.0,0.0,0.0,0.0,0.0
Taco2,Base.Taco,Base.CilantroDried,1,false,true,0.0,0.0,0.0,0.0,0.0,0.0,0.0
Taco2,Base.Taco,Base.CilantroSeed,1,false,true,0.0,0.0,0.0,0.0,0.0,0.0,0.0
Taco2,Base.Taco,Base.Corn,7,true,false,0.5,44.0,13.37,0.965,2.34,0.35,51.333333
Taco2,Base.Taco,Base.CornFrozen,5,false,false,0.25,99.0,23.5,1.25,3.75,0.175,115.5
Taco2,Base.Taco,Base.Crayfish,10,true,false,1.0,40.0,0.0,2.0,8.0,0.7,46.666667
Taco2,Base.Taco,Base.Dip_NachoCheese,2,false,true,0.0,0.0,0.0,0.0,0.0,0.0,0.0
Taco2,Base.Taco,Base.Dip_Ranch,2,false,true,0.0,0.0,0.0,0.0,0.0,0.0,0.0
Taco2,Base.Taco,Base.Dip_Salsa,2,false,true,0.0,0.0,0.0,0.0,0.0,0.0,0.0
Taco2,Base.Taco,Base.DogfoodOpen,5,true,false,0.166667,83.0,12.926667,2.096667,2.673333,0.116667,96.833333
Taco2,Base.Taco,Base.Egg,3,true,false,0.428571,27.0,0.137143,1.791429,2.378571,0.3,31.5
Taco2,Base.Taco,Base.EggBoiled,5,false,false,0.5,31.5,0.16,2.09,2.775,0.35,36.75
Taco2,Base.Taco,Base.EggOmelette,10,false,false,0.5,60.0,0.26,3.09,5.275,0.35,70.0
Taco2,Base.Taco,Base.EggPoached,5,false,false,0.5,31.5,0.16,2.09,2.775,0.35,36.75
Taco2,Base.Taco,Base.EggScrambled,10,false,false,0.5,60.0,0.26,3.09,5.275,0.35,70.0
Taco2,Base.Taco,Base.FishFillet,10,true,false,0.4,82.0,0.4,4.8,11.408,0.28,95.666667
Taco2,Base.Taco,Base.FishFingers,5,false,false,0.5,115.0,5.1,4.05,13.2205,0.35,134.166667
Taco2,Base.Taco,Base.FishFried,5,false,false,0.166667,35.0,1.166667,2.0,2.666667,0.116667,40.833333
Taco2,Base.Taco,Base.Garlic,1,false,true,0.0,0.0,0.0,0.0,0.0,0.0,0.0
Taco2,Base.Taco,Base.Guacamole,2,false,true,0.0,0.0,0.0,0.0,0.0,0.0,0.0
Taco2,Base.Taco,Base.Hotsauce,2,false,true,0.0,0.0,0.0,0.0,0.0,0.0,0.0
Taco2,Base.Taco,Base.Ketchup,2,false,true,0.0,0.0,0.0,0.0,0.0,0.0,0.0
Taco2,Base.Taco,Base.Lard,2,false,true,0.0,0.0,0.0,0.0,0.0,0.0,0.0
Taco2,Base.Taco,Base.Lemon,2,false,true,0.0,0.0,0.0,0.0,0.0,0.0,0.0
Taco2,Base.Taco,Base.Lettuce,3,false,false,0.2,10.8,2.066,0.108,0.98,0.14,12.6
Taco2,Base.Taco,Base.Lime,2,false,true,0.0,0.0,0.0,0.0,0.0,0.0,0.0
Taco2,Base.Taco,Base.Lobster,5,true,false,0.125,15.0,0.0,0.875,3.5,0.0875,17.5
Taco2,Base.Taco,Base.Margarine,4,false,true,0.0,0.0,0.0,0.0,0.0,0.0,0.0
Taco2,Base.Taco,Base.MayonnaiseFull,2,false,true,0.0,0.0,0.0,0.0,0.0,0.0,0.0
Taco2,Base.Taco,Base.MeatPatty,10,true,false,0.25,153.0,0.0,7.5,11.5,0.175,178.5
Taco2,Base.Taco,Base.MincedMeat,10,true,false,0.25,75.0,0.0,7.5,11.5,0.175,87.5
Taco2,Base.Taco,Base.OilOlive,2,false,true,0.0,0.0,0.0,0.0,0.0,0.0,0.0
Taco2,Base.Taco,Base.OilVegetable,2,false,true,0.0,0.0,0.0,0.0,0.0,0.0,0.0
Taco2,Base.Taco,Base.OmeletteRecipe,7,true,false,0.5,61.5,1.0,4.165,5.5,0.35,71.75
Taco2,Base.Taco,Base.OmeletteRecipeForged,7,true,false,0.5,61.5,1.0,4.165,5.5,0.35,71.75
Taco2,Base.Taco,Base.Onion,2,false,false,0.2,5.6,1.308,0.014,0.154,0.14,6.533333
Taco2,Base.Taco,Base.Oregano,1,false,true,0.0,0.0,0.0,0.0,0.0,0.0,0.0
Taco2,Base.Taco,Base.OreganoDried,1,false,true,0.0,0.0,0.0,0.0,0.0,0.0,0.0
Taco2,Base.Taco,Base.Parsley,1,false,true,0.0,0.0,0.0,0.0,0.0,0.0,0.0
Taco2,Base.Taco,Base.ParsleyDried,1,false,true,0.0,0.0,0.0,0.0,0.0,0.0,0.0
Taco2,Base.Taco,Base.Pepper,1,false,true,0.0,0.0,0.0,0.0,0.0,0.0,0.0
Taco2,Base.Taco,Base.PepperHabanero,1,false,true,0.0,0.0,0.0,0.0,0.0,0.0,0.0
Taco2,Base.Taco,Base.PepperHabaneroDried,1,false,true,0.0,0.0,0.0,0.0,0.0,0.0,0.0
Taco2,Base.Taco,Base.PepperJalapeno,1,false,true,0.0,0.0,0.0,0.0,0.0,0.0,0.0
Taco2,Base.Taco,Base.PepperJalapenoDried,1,false,true,0.0,0.0,0.0,0.0,0.0,0.0,0.0
Taco2,Base.Taco,Base.PowderedGarlic,1,false,true,0.0,0.0,0.0,0.0,0.0,0.0,0.0
Taco2,Base.Taco,Base.PowderedOnion,1,false,true,0.0,0.0,0.0,0.0,0.0,0.0,0.0
Taco2,Base.Taco,Base.RefriedBeans,5,false,false,0.5,35.0,12.5,0.75,5.0,0.35,40.833333
Taco2,Base.Taco,Base.RiceVinegar,2,false,true,0.0,0.0,0.0,0.0,0.0,0.0,0.0
Taco2,Base.Taco,Base.Salmon,5,true,false,0.166667,45.0,0.0,1.758333,5.713333,0.116667,52.5
Taco2,Base.Taco,Base.Salt,1,false,true,0.0,0.0,0.0,0.0,0.0,0.0,0.0
Taco2,Base.Taco,Base.Sausage,5,true,false,0.25,45.0,0.0,1.0875,3.905,0.175,52.5
Taco2,Base.Taco,Base.SeasoningSalt,1,false,true,0.0,0.0,0.0,0.0,0.0,0.0,0.0
Taco2,Base.Taco,Base.Seasoning_Cilantro,1,false,true,0.0,0.0,0.0,0.0,0.0,0.0,0.0
Taco2,Base.Taco,Base.Seasoning_Oregano,1,false,true,0.0,0.0,0.0,0.0,0.0,0.0,0.0
Taco2,Base.Taco,Base.Seasoning_Parsley,1,false,true,0.0,0.0,0.0,0.0,0.0,0.0,0.0
Taco2,Base.Taco,Base.Shrimp,5,true,false,0.5,40.0,0.0,3.5,5.0,0.35,46.666667
Taco2,Base.Taco,Base.ShrimpFried,5,false,false,0.333333,53.333333,5.666667,4.666667,5.333333,0.233333,62.222222
Taco2,Base.Taco,Base.ShrimpFriedCraft,5,true,false,0.333333,53.333333,5.666667,4.666667,5.333333,0.233333,62.222222
Taco2,Base.Taco,Base.SourCream,2,false,true,0.0,0.0,0.0,0.0,0.0,0.0,0.0
Taco2,Base.Taco,Base.Squid,5,true,false,0.166667,34.166667,0.166667,2.166667,5.42,0.116667,39.861111
Taco2,Base.Taco,Base.SquidCalamari,5,true,false,0.5,52.5,1.5,0.0,9.0,0.35,61.25
Taco2,Base.Taco,Base.Steak,5,true,false,0.125,27.5,0.0,1.16875,3.9525,0.0875,32.083333
Taco2,Base.Taco,Base.Tofu,5,false,false,0.5,15.0,0.5,0.5,2.5,0.35,17.5
Taco2,Base.Taco,Base.TofuFried,5,false,false,0.333333,11.666667,1.0,0.333333,1.666667,0.233333,13.611111
Taco2,Base.Taco,Base.Tomato,6,false,false,0.5,7.0,1.75,0.1,0.65,0.35,8.166667
Taco2,Base.Taco,Base.TunaTinOpen,9,false,false,0.5,185.0,0.0,17.0,7.5,0.35,215.833333
Taco2,Base.Taco,Base.TurkeyEgg,5,true,false,0.5,35.5,0.185,2.27,2.89,0.35,41.416667
Taco2,Base.Taco,Base.TurkeyFillet,10,true,false,0.2,46.0,0.0,2.0,6.4,0.14,53.666667
Taco2,Base.Taco,Base.TurkeyLegs,10,true,false,0.238095,54.761905,0.0,2.142857,9.047619,0.166667,63.888889
Taco2,Base.Taco,Base.TurkeyWings,12,true,false,0.4,80.0,0.0,4.0,12.8,0.28,93.333333
Taco2,Base.Taco,Base.Venison,5,true,false,0.0625,27.5,0.0,1.16875,3.91375,0.04375,32.083333
Taco2,Base.Taco,Base.Vinegar2,1,false,true,0.0,0.0,0.0,0.0,0.0,0.0,0.0
Taco2,Base.Taco,Base.Vinegar_Jug,1,false,true,0.0,0.0,0.0,0.0,0.0,0.0,0.0
Taco2,Base.Taco,Base.WildEggs,3,true,false,0.428571,27.0,0.137143,1.791429,2.378571,0.3,31.5
Taco2,Base.Taco,Base.WildGarlic2,1,false,true,0.0,0.0,0.0,0.0,0.0,0.0,0.0
Taco2,Base.Taco,Base.WildGarlicDried,1,false,true,0.0,0.0,0.0,0.0,0.0,0.0,0.0
Toast,Base.Toast,Base.Avocado,8,false,false,0.5,113.5,5.875,10.48,1.335,0.35,132.416667
Toast,Base.Toast,Base.Bacon,4,true,false,0.333333,53.333333,0.0,4.666667,3.333333,0.233333,62.222222
Toast,Base.Toast,Base.BaconBits,1,true,true,0.0,0.0,0.0,0.0,0.0,0.0,0.0
Toast,Base.Toast,Base.BaconRashers,4,true,false,1.0,40.0,0.0,3.5,2.5,0.7,46.666667
Toast,Base.Toast,Base.BeanBowl,8,false,false,0.333333,56.666667,11.0,0.333333,2.333333,0.233333,66.111111
Toast,Base.Toast,Base.Butter,4,false,true,0.0,0.0,0.0,0.0,0.0,0.0,0.0
Toast,Base.Toast,Base.CannedRoe_Open,2,false,false,0.2,30.0,0.0,2.2,2.8,0.14,35.0
Toast,Base.Toast,Base.CannedSardinesOpen,7,false,false,0.5,75.0,0.0,5.5,7.0,0.35,87.5
Toast,Base.Toast,Base.Caviar,2,false,false,0.2,30.0,0.0,2.2,2.8,0.14,35.0
Toast,Base.Toast,Base.Cheese,5,false,false,0.333333,37.666667,0.29,3.11,2.133333,0.233333,43.944444
Toast,Base.Toast,Base.Chives,1,false,true,0.0,0.0,0.0,0.0,0.0,0.0,0.0
Toast,Base.Toast,Base.ChivesDried,1,false,true,0.0,0.0,0.0,0.0,0.0,0.0,0.0
Toast,Base.Toast,Base.Chocolate,5,false,false,0.25,212.5,27.5,16.5,2.5,0.175,247.916667
Toast,Base.Toast,Base.Chocolate_Butterchunkers,5,false,false,0.25,57.5,7.25,3.0,0.5,0.175,67.083333
Toast,Base.Toast,Base.Chocolate_Crackle,5,false,false,0.25,57.5,7.25,3.0,0.5,0.175,67.083333
Toast,Base.Toast,Base.Chocolate_Deux,5,false,false,0.25,62.5,8.5,3.0,0.5,0.175,72.916667
Toast,Base.Toast,Base.Chocolate_GalacticDairy,5,false,false,0.25,47.5,7.5,2.0,0.5,0.175,55.416667
Toast,Base.Toast,Base.Chocolate_HeartBox,5,false,false,0.125,212.5,27.5,16.25,2.5,0.0875,247.916667
Toast,Base.Toast,Base.Chocolate_RoysPBPucks,5,false,false,0.25,57.5,6.5,3.25,1.25,0.175,67.083333
Toast,Base.Toast,Base.Chocolate_Smirkers,5,false,false,0.25,70.0,8.75,3.5,1.0,0.175,81.666667
Toast,Base.Toast,Base.Chocolate_SnikSnak,5,false,false,0.25,57.5,7.25,3.0,0.75,0.175,67.083333
Toast,Base.Toast,Base.Cinnamon,1,false,true,0.0,0.0,0.0,0.0,0.0,0.0,0.0
Toast,Base.Toast,Base.FishRoe,2,false,true,0.0,0.0,0.0,0.0,0.0,0.0,0.0
Toast,Base.Toast,Base.Garlic,1,false,true,0.0,0.0,0.0,0.0,0.0,0.0,0.0
Toast,Base.Toast,Base.GreenOnions,1,false,true,0.0,0.0,0.0,0.0,0.0,0.0,0.0
Toast,Base.Toast,Base.Honey,2,false,true,0.0,0.0,0.0,0.0,0.0,0.0,0.0
Toast,Base.Toast,Base.Icing,5,false,false,0.5,55.0,40.0,22.0,8.0,0.35,64.166667
Toast,Base.Toast,Base.JamFruit,3,false,false,0.1,55.0,13.0,0.0,0.1,0.07,64.166667
Toast,Base.Toast,Base.JamMarmalade,3,false,false,0.1,55.0,13.0,0.0,0.1,0.07,64.166667
Toast,Base.Toast,Base.Lard,2,false,true,0.0,0.0,0.0,0.0,0.0,0.0,0.0
Toast,Base.Toast,Base.Margarine,4,false,true,0.0,0.0,0.0,0.0,0.0,0.0,0.0
Toast,Base.Toast,Base.OpenBeans,8,false,false,0.333333,56.666667,11.0,0.333333,2.333333,0.233333,66.111111
Toast,Base.Toast,Base.Oregano,1,false,true,0.0,0.0,0.0,0.0,0.0,0.0,0.0
Toast,Base.Toast,Base.OreganoDried,1,false,true,0.0,0.0,0.0,0.0,0.0,0.0,0.0
Toast,Base.Toast,Base.Parsley,1,false,true,0.0,0.0,0.0,0.0,0.0,0.0,0.0
Toast,Base.Toast,Base.ParsleyDried,1,false,true,0.0,0.0,0.0,0.0,0.0,0.0,0.0
Toast,Base.Toast,Base.PeanutButter,5,false,false,0.2,532.0,25.6,44.8,16.8,0.14,620.666667
Toast,Base.Toast,Base.Processedcheese,5,false,false,1.0,70.0,0.0,6.0,4.0,0.7,81.666667
Toast,Base.Toast,Base.Rosemary,1,false,true,0.0,0.0,0.0,0.0,0.0,0.0,0.0
Toast,Base.Toast,Base.RosemaryDried,1,false,true,0.0,0.0,0.0,0.0,0.0,0.0,0.0
Toast,Base.Toast,Base.Sage,1,false,true,0.0,0.0,0.0,0.0,0.0,0.0,0.0
Toast,Base.Toast,Base.SageDried,1,false,true,0.0,0.0,0.0,0.0,0.0,0.0,0.0
Toast,Base.Toast,Base.Seasoning_Chives,1,false,true,0.0,0.0,0.0,0.0,0.0,0.0,0.0
Toast,Base.Toast,Base.Seasoning_Oregano,1,false,true,0.0,0.0,0.0,0.0,0.0,0.0,0.0
Toast,Base.Toast,Base.Seasoning_Parsley,1,false,true,0.0,0.0,0.0,0.0,0.0,0.0,0.0
Toast,Base.Toast,Base.Seasoning_Rosemary,1,false,true,0.0,0.0,0.0,0.0,0.0,0.0,0.0
Toast,Base.Toast,Base.Seasoning_Sage,1,false,true,0.0,0.0,0.0,0.0,0.0,0.0,0.0
Toast,Base.Toast,Base.Seasoning_Thyme,1,false,true,0.0,0.0,0.0,0.0,0.0,0.0,0.0
Toast,Base.Toast,Base.Sugar,1,false,true,0.0,0.0,0.0,0.0,0.0,0.0,0.0
Toast,Base.Toast,Base.SugarBrown,1,false,true,0.0,0.0,0.0,0.0,0.0,0.0,0.0
Toast,Base.Toast,Base.SugarCubes,1,false,true,0.0,0.0,0.0,0.0,0.0,0.0,0.0
Toast,Base.Toast,Base.SugarPacket,1,false,true,0.0,0.0,0.0,0.0,0.0,0.0,0.0
Toast,Base.Toast,Base.Thyme,1,false,true,0.0,0.0,0.0,0.0,0.0,0.0,0.0
Toast,Base.Toast,Base.ThymeDried,1,false,true,0.0,0.0,0.0,0.0,0.0,0.0,0.0
Toast,Base.Toast,Base.WildGarlic2,1,false,true,0.0,0.0,0.0,0.0,0.0,0.0,0.0
Toast,Base.Toast,Base.WildGarlicDried,1,false,true,0.0,0.0,0.0,0.0,0.0,0.0,0.0
Waffles,Base.WafflesRecipe,Base.Apple,8,false,false,0.5,47.5,12.565,0.155,0.235,0.35,55.416667
Waffles,Base.WafflesRecipe,Base.Banana,8,false,false,0.5,52.5,13.475,0.195,0.645,0.35,61.25
Waffles,Base.WafflesRecipe,Base.BeautyBerry,10,false,false,1.0,23.0,5.0,0.0,4.0,0.7,26.833333
Waffles,Base.WafflesRecipe,Base.BerryBlack,10,false,false,1.0,23.0,5.0,0.0,4.0,0.7,26.833333
Waffles,Base.WafflesRecipe,Base.BerryBlue,10,false,false,1.0,23.0,5.0,0.0,4.0,0.7,26.833333
Waffles,Base.WafflesRecipe,Base.BerryGeneric1,5,false,false,1.0,12.0,3.0,0.0,2.0,0.7,14.0
Waffles,Base.WafflesRecipe,Base.BerryGeneric2,10,false,false,1.0,23.0,5.0,0.0,4.0,0.7,26.833333
Waffles,Base.WafflesRecipe,Base.BerryGeneric3,5,false,false,1.0,8.0,3.0,0.0,2.0,0.7,9.333333
Waffles,Base.WafflesRecipe,Base.BerryGeneric4,10,false,false,1.0,23.0,5.0,0.0,4.0,0.7,26.833333
Waffles,Base.WafflesRecipe,Base.BerryGeneric5,10,false,false,1.0,23.0,5.0,0.0,4.0,0.7,26.833333
Waffles,Base.WafflesRecipe,Base.BerryPoisonIvy,5,false,false,1.0,23.0,5.0,0.0,4.0,0.7,26.833333
Waffles,Base.WafflesRecipe,Base.Butter,4,false,true,0.0,0.0,0.0,0.0,0.0,0.0,0.0
Waffles,Base.WafflesRecipe,Base.CannedFruitBeverageOpen,15,false,false,1.0,250.0,0.0,24.0,10.0,0.7,291.666667
Waffles,Base.WafflesRecipe,Base.CannedFruitCocktailOpen,15,false,false,1.0,250.0,0.0,24.0,10.0,0.7,291.666667
Waffles,Base.WafflesRecipe,Base.CannedMilkOpen,2,false,false,0.2,94.4,4.72,4.72,4.72,0.14,110.133333
Waffles,Base.WafflesRecipe,Base.CannedPeachesOpen,15,false,false,1.0,250.0,0.0,24.0,10.0,0.7,291.666667
Waffles,Base.WafflesRecipe,Base.CannedPineappleOpen,5,false,false,0.333333,83.333333,0.0,8.0,3.333333,0.233333,97.222222
Waffles,Base.WafflesRecipe,Base.Cherry,3,false,false,1.0,5.0,1.31,0.0,0.09,0.7,5.833333
Waffles,Base.WafflesRecipe,Base.Chocolate,10,false,false,0.5,425.0,55.0,33.0,5.0,0.35,495.833333
Waffles,Base.WafflesRecipe,Base.ChocolateChips,3,false,false,0.5,25.0,8.5,4.0,0.5,0.35,29.166667
Waffles,Base.WafflesRecipe,Base.Chocolate_Butterchunkers,10,false,false,0.5,115.0,14.5,6.0,1.0,0.35,134.166667
Waffles,Base.WafflesRecipe,Base.Chocolate_Crackle,10,false,false,0.5,115.0,14.5,6.0,1.0,0.35,134.166667
Waffles,Base.WafflesRecipe,Base.Chocolate_Deux,10,false,false,0.5,125.0,17.0,6.0,1.0,0.35,145.833333
Waffles,Base.WafflesRecipe,Base.Chocolate_GalacticDairy,10,false,false,0.5,95.0,15.0,4.0,1.0,0.35,110.833333
Waffles,Base.WafflesRecipe,Base.Chocolate_HeartBox,10,false,false,0.25,425.0,55.0,32.5,5.0,0.175,495.833333
Waffles,Base.WafflesRecipe,Base.Chocolate_RoysPBPucks,10,false,false,0.5,115.0,13.0,6.5,2.5,0.35,134.166667
Waffles,Base.WafflesRecipe,Base.Chocolate_Smirkers,10,false,false,0.5,140.0,17.5,7.0,2.0,0.35,163.333333
Waffles,Base.WafflesRecipe,Base.Chocolate_SnikSnak,10,false,false,0.5,115.0,14.5,6.0,1.5,0.35,134.166667
Waffles,Base.WafflesRecipe,Base.Cinnamon,1,false,true,0.0,0.0,0.0,0.0,0.0,0.0,0.0
Waffles,Base.WafflesRecipe,Base.CocoaPowder,5,false,false,0.166667,10.0,1.333333,0.833333,0.333333,0.116667,11.666667
Waffles,Base.WafflesRecipe,Base.DriedApricots,8,false,false,0.5,120.5,31.3,0.25,1.7,0.35,140.583333
Waffles,Base.WafflesRecipe,Base.Grapefruit,10,false,false,0.5,7.5,50.555,1.89,8.78,0.35,8.75
Waffles,Base.WafflesRecipe,Base.Grapes,15,false,false,1.0,62.0,15.78,0.32,0.58,0.7,72.333333
Waffles,Base.WafflesRecipe,Base.HollyBerry,10,false,false,1.0,23.0,5.0,0.0,4.0,0.7,26.833333
Waffles,Base.WafflesRecipe,Base.Honey,2,false,true,0.0,0.0,0.0,0.0,0.0,0.0,0.0
Waffles,Base.WafflesRecipe,Base.Icing,5,false,false,0.5,55.0,40.0,22.0,8.0,0.35,64.166667
Waffles,Base.WafflesRecipe,Base.JamFruit,5,false,false,0.166667,91.666667,21.666667,0.0,0.166667,0.116667,106.944444
Waffles,Base.WafflesRecipe,Base.JamMarmalade,5,false,false,0.166667,91.666667,21.666667,0.0,0.166667,0.116667,106.944444
Waffles,Base.WafflesRecipe,Base.Lemon,5,false,true,0.0,0.0,0.0,0.0,0.0,0.0,0.0
Waffles,Base.WafflesRecipe,Base.Lime,2,false,true,0.0,0.0,0.0,0.0,0.0,0.0,0.0
Waffles,Base.WafflesRecipe,Base.Mango,10,false,false,0.5,126.0,39.35,0.545,1.945,0.35,147.0
Waffles,Base.WafflesRecipe,Base.MapleSyrup,3,false,true,0.0,0.0,0.0,0.0,0.0,0.0,0.0
Waffles,Base.WafflesRecipe,Base.Margarine,4,false,true,0.0,0.0,0.0,0.0,0.0,0.0,0.0
Waffles,Base.WafflesRecipe,Base.Marshmallows,5,false,false,1.0,30.0,8.0,0.0,0.5,0.7,35.0
Waffles,Base.WafflesRecipe,Base.Orange,6,false,false,0.5,32.5,8.135,0.15,0.5,0.35,37.916667
Waffles,Base.WafflesRecipe,Base.Peach,6,false,false,0.5,29.0,7.155,0.19,0.68,0.35,33.833333
Waffles,Base.WafflesRecipe,Base.Pear,8,false,false,0.5,37.5,10.065,0.105,0.135,0.35,43.75
Waffles,Base.WafflesRecipe,Base.Pineapple,8,false,false,0.333333,150.666667,39.566667,0.363333,1.63,0.233333,175.777778
Waffles,Base.WafflesRecipe,Base.Strewberrie,5,false,false,1.0,4.0,0.92,0.04,0.08,0.7,4.666667
Waffles,Base.WafflesRecipe,Base.WatermelonSliced,6,false,false,1.0,135.5,34.11,0.67,2.75,0.7,158.083333
Waffles,Base.WafflesRecipe,Base.WatermelonSmashed,12,false,false,1.0,271.0,68.2,1.35,5.51,0.7,316.166667
Waffles,Base.WafflesRecipe,Base.WinterBerry,10,false,false,1.0,23.0,5.0,0.0,4.0,0.7,26.833333
