pz_id,kind,basis,family,fdc_id,fdc_source,fdc_description,confidence,state_baseline,cook_retention_code,portion_grams,portion_source,iodine_ref,phytate_source,no_nutrition_reason,vanilla_calories,vanilla_carbohydrates,vanilla_lipids,vanilla_proteins,vanilla_hunger,vanilla_thirst,calories,carbs,lipids,proteins,fibre,water,vitC,iron,phytate,retinol,carotene,vitD,vitE,vitK,thiamine,riboflavin,niacin,vitB6,folate,vitB12,choline,sodium,potassium,calcium,magnesium,zinc,iodine,selenium,efa,caffeine,ethanol,p100_calories,p100_carbs,p100_lipids,p100_proteins,p100_fibre,p100_water,p100_vitC,p100_iron,p100_phytate,p100_retinol,p100_carotene,p100_vitD,p100_vitE,p100_vitK,p100_thiamine,p100_riboflavin,p100_niacin,p100_vitB6,p100_folate,p100_vitB12,p100_choline,p100_sodium,p100_potassium,p100_calcium,p100_magnesium,p100_zinc,p100_iodine,p100_selenium,p100_efa,p100_caffeine,p100_ethanol,atwater_ratio,atwater_outlier,energy_vs_fdc_ratio,proximate_sum,fibre_le_carb,retention_le_100,out_of_range,check_notes
Base.Acorn,food,per_item,55.0|12.0|24.0|6.0,170157,sr_legacy,"Nuts, acorns, raw",close,raw,2203,28.35,fdc_portion:1,,,,55.0,12.0,24.0,6.0,-10.0,,109.7145,11.552625,6.76431,1.743525,,7.90965,0.0,0.223965,,0.0,,,,,0.031752,0.033453,0.517954,0.149688,24.6645,0.0,,0.0,152.8065,11.6235,17.577,0.144585,,,1.302966,,,387.0,40.75,23.86,6.15,,27.9,0.0,0.79,,0.0,,,,,0.112,0.118,1.827,0.528,87.0,0.0,,0.0,539.0,41.0,62.0,0.51,,,4.596,,,1.0396,false,1.9948,98.66,,true,,
Base.AlcoholWipes,drainable,none,,,,,,,,,,,,not_food,,,,,,,,,,,,,,,,,,,,,,,,,,,,,,,,,,,,,,,,,,,,,,,,,,,,,,,,,,,,,,,,,,,,,,,,,,,,
Base.AlcoholedCottonBalls,drainable,none,,,,,,,,,,,,not_food,,,,,,,,,,,,,,,,,,,,,,,,,,,,,,,,,,,,,,,,,,,,,,,,,,,,,,,,,,,,,,,,,,,,,,,,,,,,
Base.AligatorGar,food,per_item,159.0|1.0|1.0|35.0,173680,sr_legacy,"Fish, pike, northern, raw",proxy,raw,2305,180.7,judgement,,zero:fish,,159.0,1.0,1.0,35.0,-15.0,,159.016,0.0,1.24683,34.80282,0.0,142.60844,6.8666,0.99385,0.0,37.947,0.0,4.5175,0.3614,0.1807,0.104806,0.113841,4.1561,0.211419,27.105,3.614,117.455,70.473,468.013,102.999,56.017,1.21069,,22.7682,0.095771,0.0,0.0,88.0,0.0,0.69,19.26,0.0,78.92,3.8,0.55,0.0,21.0,0.0,2.5,0.2,0.1,0.058,0.063,2.3,0.117,15.0,2.0,65.0,39.0,259.0,57.0,31.0,0.67,,12.6,0.053,0.0,0.0,0.946,false,1.0001,98.87,true,true,,
Base.Allsorts,food,per_item,16.6|4.33|0.0|0.0,167583,sr_legacy,"Candies, TWIZZLERS Strawberry Twists Candy",proxy,prepared,,4.8,judgement,,,,16.6,4.33,0.0,0.0,-10.0,,16.704,3.79968,0.11136,0.12288,0.0,0.72,0.0,0.02448,,,,,,,,,,,,,,13.776,,0.0,,,,,,,,348.0,79.16,2.32,2.56,0.0,15.0,0.0,0.51,,,,,,,,,,,,,,287.0,,0.0,,,,,,,,0.9993,false,1.0063,99.04,true,,,
Base.AmericanLadyCaterpillar,food,per_item,27.0|3.0|20.24|27.55,rumpold2013:lepidoptera,literature,"per-order mean, dry matter (Rumpold 2013 as reproduced in Lee 2020 Table 4; S1182)",guess,raw,,17.7,judgement,,,,27.0,3.0,20.24,27.55,-1.0,,27.022059,1.346616,1.468746,2.409678,0.35046,12.39,,,,,,,,,,,,,,,,,,,,,,,,,,152.667,7.608,8.298,13.614,1.98,70.0,,,,,,,,,,,,,,,,,,,,,,,,,,1.0193,false,1.0008,99.52,true,,,
Base.AnimalFeedBag,drainable,none,,,,,,,,,,,,not_food,,,,,,,,,,,,,,,,,,,,,,,,,,,,,,,,,,,,,,,,,,,,,,,,,,,,,,,,,,,,,,,,,,,,,,,,,,,,
Base.AnimalMilkPowder,drainable,none,,,,,,,,,,,,not_food,,,,,,,,,,,,,,,,,,,,,,,,,,,,,,,,,,,,,,,,,,,,,,,,,,,,,,,,,,,,,,,,,,,,,,,,,,,,
Base.Animal_Brain,food,none,,,,,,,,,,,,inedible_body_part,,,,,,,,,,,,,,,,,,,,,,,,,,,,,,,,,,,,,,,,,,,,,,,,,,,,,,,,,,,,,,,,,,,,,,,,,,,,
Base.Animal_Brain_Small,food,none,,,,,,,,,,,,inedible_body_part,,,,,,,,,,,,,,,,,,,,,,,,,,,,,,,,,,,,,,,,,,,,,,,,,,,,,,,,,,,,,,,,,,,,,,,,,,,,
Base.Antibiotics,food,none,,,,,,,,,,,,not_food,,,,,,,,,,,,,,,,,,,,,,,,,,,,,,,,,,,,,,,,,,,,,,,,,,,,,,,,,,,,,,,,,,,,,,,,,,,,
Base.Apple,food,per_item,95.0|25.13|0.31|0.47,171688,sr_legacy,"Apples, raw, with skin (Includes foods for USDA's Food Distribution Program)",exact,raw,,181.9,vanilla_implied,,zero:fruit,,95.0,25.13,0.31,0.47,-16.0,-7.0,94.588,25.12039,0.30923,0.47294,4.3656,155.63364,8.3674,0.21828,0.0,0.0,49.113,0.0,0.32742,4.0018,0.030923,0.047294,0.165529,0.074579,5.457,0.0,6.1846,1.819,194.633,10.914,9.095,0.07276,,0.0,0.094588,0.0,0.0,52.0,13.81,0.17,0.26,2.4,85.56,4.6,0.12,0.0,0.0,27.0,0.0,0.18,2.2,0.017,0.026,0.091,0.041,3.0,0.0,3.4,1.0,107.0,6.0,5.0,0.04,,0.0,0.052,0.0,0.0,1.0194,false,0.9957,99.8,true,,,
Base.Avocado,food,per_item,227.0|11.75|20.96|2.67,171706,sr_legacy,"Avocados, raw, California",exact,raw,151,136.0,vanilla_implied,,zero:fruit,,227.0,11.75,20.96,2.67,-16.0,-7.0,227.12,11.7504,20.9576,2.6656,9.248,98.3688,11.968,0.8296,0.0,0.0,85.68,0.0,2.6792,28.56,0.102,0.19448,2.60032,0.39032,121.04,0.0,19.312,10.88,689.52,17.68,39.44,0.9248,,0.544,2.44664,,,167.0,8.64,15.41,1.96,6.8,72.33,8.8,0.61,0.0,0.0,63.0,0.0,1.97,21.0,0.075,0.143,1.912,0.287,89.0,0.0,14.2,8.0,507.0,13.0,29.0,0.68,,0.4,1.799,,,1.0029,false,1.0005,98.34,true,true,,
Base.BBQSauce,food,per_item,980.0|252.0|0.0|0.0,171829,sr_legacy,"Sauce, barbecue, KC MASTERPIECE, original",close,prepared,,638.5,vanilla_implied,,,,980.0,252.0,0.0,0.0,-20.0,,1021.6,242.1192,3.3202,6.385,8.939,372.6286,1.277,6.95965,,,1047.14,,6.1296,,0.172395,0.466105,5.024995,0.593805,,,,3914.005,1768.645,255.4,102.16,1.4047,,,,,,160.0,37.92,0.52,1.0,1.4,58.36,0.2,1.09,,,164.0,,0.96,,0.027,0.073,0.787,0.093,,,,613.0,277.0,40.0,16.0,0.22,,,,,,0.9848,false,1.0424,97.8,true,,,
Base.BBQStarterFluid,drainable,none,,,,,,,,,,,,not_food,,,,,,,,,,,,,,,,,,,,,,,,,,,,,,,,,,,,,,,,,,,,,,,,,,,,,,,,,,,,,,,,,,,,,,,,,,,,
Base.Bacon,food,per_item,160.0|0.0|14.0|10.0,168277,sr_legacy,"Pork, cured, bacon, unprepared",close,raw,1456,40.7,judgement,iodine:bacon-cooked,zero:meat,,160.0,0.0,14.0,10.0,-12.0,,159.951,0.0,15.11191,5.55962,0.0,19.02318,0.0,0.15466,0.0,4.477,0.0,0.1628,0.17501,0.0,0.112332,0.032967,1.636954,0.108262,0.0,0.2035,19.4546,305.657,81.807,2.442,5.291,0.46398,0.4477,8.1807,2.156693,0.0,0.0,393.0,0.0,37.13,13.66,0.0,46.74,0.0,0.38,0.0,11.0,0.0,0.4,0.43,0.0,0.276,0.081,4.022,0.266,0.0,0.5,47.8,751.0,201.0,6.0,13.0,1.14,1.1,20.1,5.299,0.0,0.0,0.9893,false,0.9997,97.53,true,true,,
Base.BaconBits,food,per_item,10.0|0.0|0.875|0.6125,168277,sr_legacy,"Pork, cured, bacon, unprepared",close,raw,1456,2.5,judgement,,zero:meat,,10.0,0.0,0.875,0.6125,-1.0,,9.825,0.0,0.92825,0.3415,0.0,1.1685,0.0,0.0095,0.0,0.275,0.0,0.01,0.01075,0.0,0.0069,0.002025,0.10055,0.00665,0.0,0.0125,1.195,18.775,5.025,0.15,0.325,0.0285,,0.5025,0.132475,0.0,0.0,393.0,0.0,37.13,13.66,0.0,46.74,0.0,0.38,0.0,11.0,0.0,0.4,0.43,0.0,0.276,0.081,4.022,0.266,0.0,0.5,47.8,751.0,201.0,6.0,13.0,1.14,,20.1,5.299,0.0,0.0,0.9893,false,0.9825,97.53,true,true,,
Base.BaconRashers,food,per_item,40.0|0.0|3.5|2.5,168277,sr_legacy,"Pork, cured, bacon, unprepared",close,raw,1456,10.2,judgement,iodine:bacon-cooked,zero:meat,,40.0,0.0,3.5,2.5,-4.0,,40.086,0.0,3.78726,1.39332,0.0,4.76748,0.0,0.03876,0.0,1.122,0.0,0.0408,0.04386,0.0,0.028152,0.008262,0.410244,0.027132,0.0,0.051,4.8756,76.602,20.502,0.612,1.326,0.11628,0.1122,2.0502,0.540498,0.0,0.0,393.0,0.0,37.13,13.66,0.0,46.74,0.0,0.38,0.0,11.0,0.0,0.4,0.43,0.0,0.276,0.081,4.022,0.266,0.0,0.5,47.8,751.0,201.0,6.0,13.0,1.14,1.1,20.1,5.299,0.0,0.0,0.9893,false,1.0021,97.53,true,true,,
Base.Bag_HydrationBackpack,fluid_container,none,,,,,,,,,,,,fluid_sourced,,,,,,-50.0,,,,,,,,,,,,,,,,,,,,,,,,,,,,,,,,,,,,,,,,,,,,,,,,,,,,,,,,,,,,,,,,,,,,,,
Base.Bag_HydrationBackpack_Camo,fluid_container,none,,,,,,,,,,,,fluid_sourced,,,,,,-50.0,,,,,,,,,,,,,,,,,,,,,,,,,,,,,,,,,,,,,,,,,,,,,,,,,,,,,,,,,,,,,,,,,,,,,,
Base.Bag_LeatherWaterBag,fluid_container,none,,,,,,,,,,,,fluid_sourced,,,,,,-50.0,,,,,,,,,,,,,,,,,,,,,,,,,,,,,,,,,,,,,,,,,,,,,,,,,,,,,,,,,,,,,,,,,,,,,,
Base.BagelPlain,food,per_item,177.0|33.0|2.22|5.9,174899,sr_legacy,"Bagels, plain, enriched, with calcium propionate (includes onion, poppy, sesame)",close,prepared,306,67.0,judgement,iodine:bagel-plain,,,177.0,33.0,2.22,5.9,-10.0,,176.88,35.0946,0.8844,7.0752,1.072,22.6527,0.0,2.3919,,0.0,0.0,0.0,4.9982,0.134,0.38056,0.23048,3.02505,0.0469,109.21,0.0,9.782,282.74,71.69,146.73,19.43,0.5561,0.402,14.405,0.35309,0.0,0.0,264.0,52.38,1.32,10.56,1.6,33.81,0.0,3.57,,0.0,0.0,0.0,7.46,0.2,0.568,0.344,4.515,0.07,163.0,0.0,14.6,422.0,107.0,219.0,29.0,0.83,0.6,21.5,0.527,0.0,0.0,0.9865,false,0.9993,98.07,true,true,,
Base.BagelPoppy,food,per_item,177.0|33.0|2.22|5.9,174899,sr_legacy,"Bagels, plain, enriched, with calcium propionate (includes onion, poppy, sesame)",close,prepared,306,67.0,judgement,iodine:bagel-plain,,,177.0,33.0,2.22,5.9,-10.0,,176.88,35.0946,0.8844,7.0752,1.072,22.6527,0.0,2.3919,,0.0,0.0,0.0,4.9982,0.134,0.38056,0.23048,3.02505,0.0469,109.21,0.0,9.782,282.74,71.69,146.73,19.43,0.5561,0.402,14.405,0.35309,0.0,0.0,264.0,52.38,1.32,10.56,1.6,33.81,0.0,3.57,,0.0,0.0,0.0,7.46,0.2,0.568,0.344,4.515,0.07,163.0,0.0,14.6,422.0,107.0,219.0,29.0,0.83,0.6,21.5,0.527,0.0,0.0,0.9865,false,0.9993,98.07,true,true,,
Base.BagelSesame,food,per_item,177.0|33.0|2.22|5.9,174899,sr_legacy,"Bagels, plain, enriched, with calcium propionate (includes onion, poppy, sesame)",close,prepared,306,67.0,judgement,iodine:bagel-plain,,,177.0,33.0,2.22,5.9,-10.0,,176.88,35.0946,0.8844,7.0752,1.072,22.6527,0.0,2.3919,,0.0,0.0,0.0,4.9982,0.134,0.38056,0.23048,3.02505,0.0469,109.21,0.0,9.782,282.74,71.69,146.73,19.43,0.5561,0.402,14.405,0.35309,0.0,0.0,264.0,52.38,1.32,10.56,1.6,33.81,0.0,3.57,,0.0,0.0,0.0,7.46,0.2,0.568,0.344,4.515,0.07,163.0,0.0,14.6,422.0,107.0,219.0,29.0,0.83,0.6,21.5,0.527,0.0,0.0,0.9865,false,0.9993,98.07,true,true,,
Base.Baguette,food,per_item,532.0|99.0|6.66|17.7,172675,sr_legacy,"Bread, french or vienna (includes sourdough)",close,prepared,304,195.6,judgement,iodine:bread-white,,,532.0,99.0,6.66,17.7,-23.0,,532.032,101.47728,4.73352,21.027,4.3032,64.548,0.0,7.64796,,0.0,0.0,0.0,0.41076,1.3692,1.38876,0.835212,9.422052,0.209292,332.52,0.0,15.648,1177.512,228.852,101.712,62.592,2.03424,3.5208,55.9416,1.670424,0.0,0.0,272.0,51.88,2.42,10.75,2.2,33.0,0.0,3.91,,0.0,0.0,0.0,0.21,0.7,0.71,0.427,4.817,0.107,170.0,0.0,8.0,602.0,117.0,52.0,32.0,1.04,1.8,28.6,0.854,0.0,0.0,0.9849,false,1.0001,98.05,true,true,,
Base.BaguetteDough,food,per_item,532.0|99.0|6.66|17.7,172675,sr_legacy,"Bread, french or vienna (includes sourdough)",proxy,raw,301,195.6,judgement,iodine:bread-white,,,532.0,99.0,6.66,17.7,-15.0,15.0,532.032,101.47728,4.73352,21.027,4.3032,64.548,0.0,7.64796,,0.0,0.0,0.0,0.41076,1.3692,1.38876,0.835212,9.422052,0.209292,332.52,0.0,15.648,1177.512,228.852,101.712,62.592,2.03424,3.5208,55.9416,1.670424,0.0,0.0,272.0,51.88,2.42,10.75,2.2,33.0,0.0,3.91,,0.0,0.0,0.0,0.21,0.7,0.71,0.427,4.817,0.107,170.0,0.0,8.0,602.0,117.0,52.0,32.0,1.04,1.8,28.6,0.854,0.0,0.0,0.9849,false,1.0001,98.05,true,true,,
Base.BaguetteSandwich,food,none,360.0|42.0|8.5|5.8,,,,,,,,,,,vessel_only,360.0,42.0,8.5,5.8,-10.0,,,,,,,,,,,,,,,,,,,,,,,,,,,,,,,,,,,,,,,,,,,,,,,,,,,,,,,,,,,,,,,,,,,,,,,
Base.BaitFish,food,per_item,30.0|0.0|1.5|8.52,175146,sr_legacy,"Fish, smelt, rainbow, raw",close,raw,2305,30.9,judgement,,zero:fish,,30.0,0.0,1.5,8.52,-3.0,,29.973,0.0,0.74778,5.44767,0.0,24.33993,0.0,0.2781,0.0,4.635,0.0,0.2472,0.1545,0.0309,0.00309,0.03708,0.44805,0.04635,1.236,1.06296,20.085,18.54,89.61,18.54,9.27,0.50985,,11.2785,0.029046,0.0,0.0,97.0,0.0,2.42,17.63,0.0,78.77,0.0,0.9,0.0,15.0,0.0,0.8,0.5,0.1,0.01,0.12,1.45,0.15,4.0,3.44,65.0,60.0,290.0,60.0,30.0,1.65,,36.5,0.094,0.0,0.0,0.9515,false,0.9991,98.82,true,true,,
Base.BakingSoda,drainable,none,,,,,,,,,,,,not_food,,,,,,,,,,,,,,,,,,,,,,,,,,,,,,,,,,,,,,,,,,,,,,,,,,,,,,,,,,,,,,,,,,,,,,,,,,,,
Base.BakingTray_Muffin,food,per_item,520.0|50.45|52.61|54.53,172764,sr_legacy,"Muffins, plain, prepared from recipe, made with low fat (2%) milk",proxy,raw,301,175.7,judgement,,,,520.0,50.45,52.61,54.53,-30.0,,520.072,72.7398,20.0298,12.1233,4.7439,66.2389,0.5271,4.19923,,68.523,,,,,0.498988,0.528857,4.055156,0.073794,137.046,0.26355,76.2538,820.519,212.597,351.4,29.869,0.98392,,31.626,10.023685,,,296.0,41.4,11.4,6.9,2.7,37.7,0.3,2.39,,39.0,,,,,0.284,0.301,2.308,0.042,78.0,0.15,43.4,467.0,121.0,200.0,17.0,0.56,,18.0,5.705,,,0.9811,false,1.0001,97.4,true,true,,
Base.BakingTray_Muffin_Recipe,food,none,520.0|50.45|52.61|54.53,,,,,,,,,,,vessel_only,520.0,50.45,52.61,54.53,-30.0,,,,,,,,,,,,,,,,,,,,,,,,,,,,,,,,,,,,,,,,,,,,,,,,,,,,,,,,,,,,,,,,,,,,,,,
Base.Baloney,food,per_item,200.0|2.0|6.35|22.65,172013,sr_legacy,"Bologna, beef and pork",close,prepared,,64.9,judgement,iodine:bologna,zero:meat,,200.0,2.0,6.35,22.65,-30.0,,199.892,3.56301,15.95891,9.8648,0.0,33.66363,0.5192,0.78529,0.0,16.225,0.0,0.5192,0.0,0.1947,0.140833,0.120065,1.636129,0.192753,3.894,1.18118,42.5744,623.04,204.435,55.165,11.033,1.4927,16.874,15.9654,0.69443,0.0,0.0,308.0,5.49,24.59,15.2,0.0,51.87,0.8,1.21,0.0,25.0,0.0,0.8,0.0,0.3,0.217,0.185,2.521,0.297,6.0,1.82,65.6,960.0,315.0,85.0,17.0,2.3,26.0,24.6,1.07,0.0,0.0,0.9872,false,0.9995,97.15,true,,,
Base.BaloneySlice,food,per_item,33.0|0.33|1.06|3.78,172013,sr_legacy,"Bologna, beef and pork",close,prepared,1659,10.7,judgement,iodine:bologna,zero:meat,,33.0,0.33,1.06,3.78,-5.0,,32.956,0.58743,2.63113,1.6264,0.0,5.55009,0.0856,0.12947,0.0,2.675,0.0,0.0856,0.0,0.0321,0.023219,0.019795,0.269747,0.031779,0.642,0.19474,7.0192,102.72,33.705,9.095,1.819,0.2461,2.782,2.6322,0.11449,0.0,0.0,308.0,5.49,24.59,15.2,0.0,51.87,0.8,1.21,0.0,25.0,0.0,0.8,0.0,0.3,0.217,0.185,2.521,0.297,6.0,1.82,65.6,960.0,315.0,85.0,17.0,2.3,26.0,24.6,1.07,0.0,0.0,0.9872,false,0.9987,97.15,true,true,,
Base.BalsamicVinegar,food,per_item,1250.0|300.0|0.0|0.0,172241,sr_legacy,"Vinegar, balsamic",close,prepared,,255.0,fdc_portion:2,,,,1250.0,300.0,0.0,0.0,-20.0,,224.4,43.4265,0.0,1.2495,,194.9475,0.0,1.836,,,,,,,,,,,,,,58.65,285.6,68.85,30.6,0.204,,,,,,88.0,17.03,0.0,0.49,,76.45,0.0,0.72,,,,,,,,,,,,,,23.0,112.0,27.0,12.0,0.08,,,,,,0.7964,false,0.1795,93.97,,,,
Base.Banana,food,per_item,105.0|26.95|0.39|1.29,173944,sr_legacy,"Bananas, raw",exact,raw,,118.1,vanilla_implied,,zero:fruit,,105.0,26.95,0.39,1.29,-16.0,-5.0,105.109,26.97404,0.38973,1.28729,3.0706,88.46871,10.2747,0.30706,0.0,0.0,30.706,0.0,0.1181,0.5905,0.036611,0.086213,0.785365,0.433427,23.62,0.0,11.5738,1.181,422.798,5.905,31.887,0.17715,,1.181,0.086213,0.0,0.0,89.0,22.84,0.33,1.09,2.6,74.91,8.7,0.26,0.0,0.0,26.0,0.0,0.1,0.5,0.031,0.073,0.665,0.367,20.0,0.0,9.8,1.0,358.0,5.0,27.0,0.15,,1.0,0.073,0.0,0.0,1.0504,false,1.001,99.17,true,,,
Base.BandedWoolyBearCaterpillar,food,per_item,27.0|3.0|20.24|27.55,rumpold2013:lepidoptera,literature,"per-order mean, dry matter (Rumpold 2013 as reproduced in Lee 2020 Table 4; S1182)",guess,raw,,17.7,judgement,,,,27.0,3.0,20.24,27.55,-1.0,,27.022059,1.346616,1.468746,2.409678,0.35046,12.39,,,,,,,,,,,,,,,,,,,,,,,,,,152.667,7.608,8.298,13.614,1.98,70.0,,,,,,,,,,,,,,,,,,,,,,,,,,1.0193,false,1.0008,99.52,true,,,
Base.BarleySeed,food,none,,,,,,,,,,,,not_food,,,,,-5.0,,,,,,,,,,,,,,,,,,,,,,,,,,,,,,,,,,,,,,,,,,,,,,,,,,,,,,,,,,,,,,,,,,,,,,,
Base.BarleySheaf,food,none,,,,,,,,,,,,not_food,,,,,-5.0,,,,,,,,,,,,,,,,,,,,,,,,,,,,,,,,,,,,,,,,,,,,,,,,,,,,,,,,,,,,,,,,,,,,,,,
Base.BarleySheafDried,food,none,,,,,,,,,,,,not_food,,,,,-5.0,,,,,,,,,,,,,,,,,,,,,,,,,,,,,,,,,,,,,,,,,,,,,,,,,,,,,,,,,,,,,,,,,,,,,,,
Base.Basil,food,none,0.1|0.0|0.0|0.0,,,,,,,,,,,spice_only,0.1,0.0,0.0,0.0,-1.0,,,,,,,,,,,,,,,,,,,,,,,,,,,,,,,,,,,,,,,,,,,,,,,,,,,,,,,,,,,,,,,,,,,,,,,
Base.BasilDried,food,none,0.1|0.0|0.0|0.0,,,,,,,,,,,spice_only,0.1,0.0,0.0,0.0,-5.0,,,,,,,,,,,,,,,,,,,,,,,,,,,,,,,,,,,,,,,,,,,,,,,,,,,,,,,,,,,,,,,,,,,,,,,
Base.BathTowel,drainable,none,,,,,,,,,,,,not_food,,,,,,,,,,,,,,,,,,,,,,,,,,,,,,,,,,,,,,,,,,,,,,,,,,,,,,,,,,,,,,,,,,,,,,,,,,,,
Base.Battery,drainable,none,,,,,,,,,,,,not_food,,,,,,,,,,,,,,,,,,,,,,,,,,,,,,,,,,,,,,,,,,,,,,,,,,,,,,,,,,,,,,,,,,,,,,,,,,,,
Base.BeanBowl,food,per_item,170.0|33.0|1.0|7.0,175182,sr_legacy,"Beans, baked, canned, plain or vegetarian",close,canned,550,180.9,judgement,,,,170.0,33.0,1.0,7.0,-24.0,,170.046,38.24226,0.66933,8.59275,7.4169,130.248,0.0,2.15271,,0.0,117.585,0.0,0.27135,1.4472,0.173664,0.070551,0.774252,0.151956,21.708,0.0,56.9835,620.487,405.216,61.506,48.843,4.12452,,9.045,0.12663,0.0,0.0,94.0,21.14,0.37,4.75,4.1,72.0,0.0,1.19,,0.0,65.0,0.0,0.15,0.8,0.096,0.039,0.428,0.084,12.0,0.0,31.5,343.0,224.0,34.0,27.0,2.28,,5.0,0.07,0.0,0.0,1.0499,false,1.0003,98.26,true,true,,
Base.BeautyBerry,food,per_item,23.0|5.0|0.0|4.0,173946,sr_legacy,"Blackberries, raw",proxy,raw,,53.5,judgement,,zero:fruit,,23.0,5.0,0.0,4.0,-10.0,-1.0,23.005,5.14135,0.26215,0.74365,2.8355,47.16025,11.235,0.3317,0.0,0.0,68.48,0.0,0.62595,10.593,0.0107,0.01391,0.34561,0.01605,13.375,0.0,4.5475,0.535,86.67,15.515,10.7,0.28355,,0.214,0.1498,0.0,0.0,43.0,9.61,0.49,1.39,5.3,88.15,21.0,0.62,0.0,0.0,128.0,0.0,1.17,19.8,0.02,0.026,0.646,0.03,25.0,0.0,8.5,1.0,162.0,29.0,20.0,0.53,,0.4,0.28,0.0,0.0,0.8793,true,1.0002,99.64,true,,,"atwater: 37.81 kcal from the macros against 43.0, ratio 0.8793 outside +/-10 %"
Base.Beef,food,per_item,440.0|0.0|18.7|62.62,174012,sr_legacy,"Beef, composite of trimmed retail cuts, separable lean only, trimmed to 1/8"" fat, choice, raw",exact,raw,602,301.2,vanilla_implied,iodine:beef-steak-broiled,zero:meat,,440.0,0.0,18.7,62.62,-80.0,,427.704,0.0,18.2226,66.29412,0.0,214.51464,0.0,5.75292,0.0,3.012,0.0,0.3012,0.78312,3.9156,0.265056,0.58734,19.00572,1.752984,27.108,5.271,222.888,165.66,927.696,54.216,63.252,13.82508,14.1564,78.9144,0.753,0.0,0.0,142.0,0.0,6.05,22.01,0.0,71.22,0.0,1.91,0.0,1.0,0.0,0.1,0.26,1.3,0.088,0.195,6.31,0.582,9.0,1.75,74.0,55.0,308.0,18.0,21.0,4.59,4.7,26.2,0.25,0.0,0.0,1.0035,false,0.9721,99.28,true,true,,
Base.BeefJerky,food,per_item,410.0|11.0|26.0|33.0,167536,sr_legacy,"Snacks, beef jerky, chopped and formed",exact,prepared,,100.2,vanilla_implied,,zero:meat,,410.0,11.0,26.0,33.0,-20.0,,410.82,11.022,25.6512,33.2664,1.8036,23.40672,0.0,5.43084,0.0,0.0,0.0,0.3006,0.49098,2.3046,0.154308,0.142284,1.735464,0.179358,134.268,0.99198,109.3182,1788.57,598.194,20.04,51.102,8.12622,,10.7214,0.99699,0.0,0.0,410.0,11.0,25.6,33.2,1.8,23.36,0.0,5.42,0.0,0.0,0.0,0.3,0.49,2.3,0.154,0.142,1.732,0.179,134.0,0.99,109.1,1785.0,597.0,20.0,51.0,8.11,,10.7,0.995,0.0,0.0,0.9844,false,1.002,93.16,true,,,
Base.BeerBottle,fluid_container,none,500.0|36.0|0.0|4.0,,,,,,,,,,,fluid_sourced,500.0,36.0,0.0,4.0,-10.0,-20.0,,,,,,,,,,,,,,,,,,,,,,,,,,,,,,,,,,,,,,,,,,,,,,,,,,,,,,,,,,,,,,,,,,,,,,
Base.BeerCan,fluid_container,none,500.0|36.0|0.0|4.0,,,,,,,,,,,fluid_sourced,500.0,36.0,0.0,4.0,-10.0,-20.0,,,,,,,,,,,,,,,,,,,,,,,,,,,,,,,,,,,,,,,,,,,,,,,,,,,,,,,,,,,,,,,,,,,,,,
Base.BeerCanEmpty,fluid_container,none,,,,,,,,,,,,empty_container,,,,,,,,,,,,,,,,,,,,,,,,,,,,,,,,,,,,,,,,,,,,,,,,,,,,,,,,,,,,,,,,,,,,,,,,,,,,
Base.BeerEmpty,fluid_container,none,,,,,,,,,,,,empty_container,,,,,,,,,,,,,,,,,,,,,,,,,,,,,,,,,,,,,,,,,,,,,,,,,,,,,,,,,,,,,,,,,,,,,,,,,,,,
Base.BeerImported,fluid_container,none,500.0|36.0|0.0|4.0,,,,,,,,,,,fluid_sourced,500.0,36.0,0.0,4.0,-10.0,-20.0,,,,,,,,,,,,,,,,,,,,,,,,,,,,,,,,,,,,,,,,,,,,,,,,,,,,,,,,,,,,,,,,,,,,,,
Base.BellPepper,food,per_item,30.0|7.0|0.0|1.0,170108,sr_legacy,"Peppers, sweet, red, raw",close,raw,3771,115.4,judgement,,zero:vegetable,,30.0,7.0,0.0,1.0,-8.0,-2.0,30.004,6.95862,0.3462,1.14246,2.4234,106.41034,147.3658,0.49622,0.0,0.0,1874.096,0.0,1.82332,5.6546,0.062316,0.09809,1.129766,0.335814,53.084,0.0,6.4624,4.616,243.494,8.078,13.848,0.2885,,0.1154,0.180024,0.0,0.0,26.0,6.03,0.3,0.99,2.1,92.21,127.7,0.43,0.0,0.0,1624.0,0.0,1.58,4.9,0.054,0.085,0.979,0.291,46.0,0.0,5.6,4.0,211.0,7.0,12.0,0.25,,0.1,0.156,0.0,0.0,1.0223,false,1.0001,99.53,true,true,,
Base.BerryBlack,food,per_item,23.0|5.0|0.0|4.0,173946,sr_legacy,"Blackberries, raw",close,raw,,53.5,judgement,,zero:fruit,,23.0,5.0,0.0,4.0,-10.0,-1.0,23.005,5.14135,0.26215,0.74365,2.8355,47.16025,11.235,0.3317,0.0,0.0,68.48,0.0,0.62595,10.593,0.0107,0.01391,0.34561,0.01605,13.375,0.0,4.5475,0.535,86.67,15.515,10.7,0.28355,,0.214,0.1498,0.0,0.0,43.0,9.61,0.49,1.39,5.3,88.15,21.0,0.62,0.0,0.0,128.0,0.0,1.17,19.8,0.02,0.026,0.646,0.03,25.0,0.0,8.5,1.0,162.0,29.0,20.0,0.53,,0.4,0.28,0.0,0.0,0.8793,true,1.0002,99.64,true,,,"atwater: 37.81 kcal from the macros against 43.0, ratio 0.8793 outside +/-10 %"
Base.BerryBlue,food,per_item,23.0|5.0|0.0|4.0,171711,sr_legacy,"Blueberries, raw",close,raw,,40.4,judgement,,zero:fruit,,23.0,5.0,0.0,4.0,-10.0,-1.0,23.028,5.85396,0.13332,0.29896,0.9696,34.02084,3.9188,0.11312,0.0,0.0,12.928,0.0,0.23028,7.7972,0.014948,0.016564,0.168872,0.021008,2.424,0.0,2.424,0.404,31.108,2.424,2.424,0.06464,,0.0404,0.058984,0.0,0.0,57.0,14.49,0.33,0.74,2.4,84.21,9.7,0.28,0.0,0.0,32.0,0.0,0.57,19.3,0.037,0.041,0.418,0.052,6.0,0.0,6.0,1.0,77.0,6.0,6.0,0.16,,0.1,0.146,0.0,0.0,1.0367,false,1.0012,99.77,true,,,
Base.BerryGeneric1,food,per_item,12.0|3.0|0.0|2.0,173946,sr_legacy,"Blackberries, raw",proxy,raw,,27.9,judgement,,zero:fruit,,12.0,3.0,0.0,2.0,-5.0,-1.0,11.997,2.68119,0.13671,0.38781,1.4787,24.59385,5.859,0.17298,0.0,0.0,35.712,0.0,0.32643,5.5242,0.00558,0.007254,0.180234,0.00837,6.975,0.0,2.3715,0.279,45.198,8.091,5.58,0.14787,,0.1116,0.07812,0.0,0.0,43.0,9.61,0.49,1.39,5.3,88.15,21.0,0.62,0.0,0.0,128.0,0.0,1.17,19.8,0.02,0.026,0.646,0.03,25.0,0.0,8.5,1.0,162.0,29.0,20.0,0.53,,0.4,0.28,0.0,0.0,0.8793,true,0.9998,99.64,true,,,"atwater: 37.81 kcal from the macros against 43.0, ratio 0.8793 outside +/-10 %"
Base.BerryGeneric2,food,per_item,23.0|5.0|0.0|4.0,173946,sr_legacy,"Blackberries, raw",proxy,raw,,53.5,judgement,,zero:fruit,,23.0,5.0,0.0,4.0,-10.0,-1.0,23.005,5.14135,0.26215,0.74365,2.8355,47.16025,11.235,0.3317,0.0,0.0,68.48,0.0,0.62595,10.593,0.0107,0.01391,0.34561,0.01605,13.375,0.0,4.5475,0.535,86.67,15.515,10.7,0.28355,,0.214,0.1498,0.0,0.0,43.0,9.61,0.49,1.39,5.3,88.15,21.0,0.62,0.0,0.0,128.0,0.0,1.17,19.8,0.02,0.026,0.646,0.03,25.0,0.0,8.5,1.0,162.0,29.0,20.0,0.53,,0.4,0.28,0.0,0.0,0.8793,true,1.0002,99.64,true,,,"atwater: 37.81 kcal from the macros against 43.0, ratio 0.8793 outside +/-10 %"
Base.BerryGeneric3,food,per_item,8.0|3.0|0.0|2.0,173946,sr_legacy,"Blackberries, raw",proxy,raw,,18.6,judgement,,zero:fruit,,8.0,3.0,0.0,2.0,-5.0,-1.0,7.998,1.78746,0.09114,0.25854,0.9858,16.3959,3.906,0.11532,0.0,0.0,23.808,0.0,0.21762,3.6828,0.00372,0.004836,0.120156,0.00558,4.65,0.0,1.581,0.186,30.132,5.394,3.72,0.09858,,0.0744,0.05208,0.0,0.0,43.0,9.61,0.49,1.39,5.3,88.15,21.0,0.62,0.0,0.0,128.0,0.0,1.17,19.8,0.02,0.026,0.646,0.03,25.0,0.0,8.5,1.0,162.0,29.0,20.0,0.53,,0.4,0.28,0.0,0.0,0.8793,true,0.9998,99.64,true,,,"atwater: 37.81 kcal from the macros against 43.0, ratio 0.8793 outside +/-10 %"
Base.BerryGeneric4,food,per_item,23.0|5.0|0.0|4.0,173946,sr_legacy,"Blackberries, raw",proxy,raw,,53.5,judgement,,zero:fruit,,23.0,5.0,0.0,4.0,-10.0,-1.0,23.005,5.14135,0.26215,0.74365,2.8355,47.16025,11.235,0.3317,0.0,0.0,68.48,0.0,0.62595,10.593,0.0107,0.01391,0.34561,0.01605,13.375,0.0,4.5475,0.535,86.67,15.515,10.7,0.28355,,0.214,0.1498,0.0,0.0,43.0,9.61,0.49,1.39,5.3,88.15,21.0,0.62,0.0,0.0,128.0,0.0,1.17,19.8,0.02,0.026,0.646,0.03,25.0,0.0,8.5,1.0,162.0,29.0,20.0,0.53,,0.4,0.28,0.0,0.0,0.8793,true,1.0002,99.64,true,,,"atwater: 37.81 kcal from the macros against 43.0, ratio 0.8793 outside +/-10 %"
Base.BerryGeneric5,food,per_item,23.0|5.0|0.0|4.0,173946,sr_legacy,"Blackberries, raw",proxy,raw,,53.5,judgement,,zero:fruit,,23.0,5.0,0.0,4.0,-10.0,-1.0,23.005,5.14135,0.26215,0.74365,2.8355,47.16025,11.235,0.3317,0.0,0.0,68.48,0.0,0.62595,10.593,0.0107,0.01391,0.34561,0.01605,13.375,0.0,4.5475,0.535,86.67,15.515,10.7,0.28355,,0.214,0.1498,0.0,0.0,43.0,9.61,0.49,1.39,5.3,88.15,21.0,0.62,0.0,0.0,128.0,0.0,1.17,19.8,0.02,0.026,0.646,0.03,25.0,0.0,8.5,1.0,162.0,29.0,20.0,0.53,,0.4,0.28,0.0,0.0,0.8793,true,1.0002,99.64,true,,,"atwater: 37.81 kcal from the macros against 43.0, ratio 0.8793 outside +/-10 %"
Base.BerryPoisonIvy,food,per_item,23.0|5.0|0.0|4.0,173946,sr_legacy,"Blackberries, raw",proxy,raw,,53.5,judgement,,zero:fruit,,23.0,5.0,0.0,4.0,-5.0,-1.0,23.005,5.14135,0.26215,0.74365,2.8355,47.16025,11.235,0.3317,0.0,0.0,68.48,0.0,0.62595,10.593,0.0107,0.01391,0.34561,0.01605,13.375,0.0,4.5475,0.535,86.67,15.515,10.7,0.28355,,0.214,0.1498,0.0,0.0,43.0,9.61,0.49,1.39,5.3,88.15,21.0,0.62,0.0,0.0,128.0,0.0,1.17,19.8,0.02,0.026,0.646,0.03,25.0,0.0,8.5,1.0,162.0,29.0,20.0,0.53,,0.4,0.28,0.0,0.0,0.8793,true,1.0002,99.64,true,,,"atwater: 37.81 kcal from the macros against 43.0, ratio 0.8793 outside +/-10 %"
Base.Biscuit,food,per_item,160.0|22.0|8.0|1.0,172670,sr_legacy,"Biscuits, plain or buttermilk, prepared from recipe",close,prepared,,45.3,judgement,,,,160.0,22.0,8.0,1.0,-5.0,,159.909,20.2038,7.3839,3.171,0.6795,13.0917,0.0906,1.3137,,,,,,,0.161268,0.14043,1.335897,0.015855,43.035,0.03624,,262.74,54.813,106.455,8.154,0.24462,,8.8335,1.885839,,0.0,353.0,44.6,16.3,7.0,1.5,28.9,0.2,2.9,,,,,,,0.356,0.31,2.949,0.035,95.0,0.08,,580.0,121.0,235.0,18.0,0.54,,19.5,4.163,,0.0,0.9918,false,0.9994,96.8,true,,,
Base.BlackCrappie,food,per_item,159.0|1.0|1.0|35.0,175151,sr_legacy,"Fish, sunfish, pumpkin seed, raw",close,raw,2305,178.7,judgement,,zero:fish,,159.0,1.0,1.0,35.0,-15.0,,159.043,0.0,1.2509,34.6678,0.0,142.0665,1.787,2.1444,0.0,26.805,,,,,0.14296,0.12509,2.1444,0.21444,26.805,3.574,,142.96,625.45,142.96,53.61,2.76985,,22.5162,0.044675,,,89.0,0.0,0.7,19.4,0.0,79.5,1.0,1.2,0.0,15.0,,,,,0.08,0.07,1.2,0.12,15.0,2.0,,80.0,350.0,80.0,30.0,1.55,,12.6,0.025,,,0.9427,false,1.0003,99.6,true,true,,
Base.BlackSage,food,none,0.1|0.0|0.0|0.0,,,,,,,,,,,spice_only,0.1,0.0,0.0,0.0,-1.0,,,,,,,,,,,,,,,,,,,,,,,,,,,,,,,,,,,,,,,,,,,,,,,,,,,,,,,,,,,,,,,,,,,,,,,
Base.BlackSageDried,food,none,0.1|0.0|0.0|0.0,,,,,,,,,,,spice_only,0.1,0.0,0.0,0.0,-1.0,,,,,,,,,,,,,,,,,,,,,,,,,,,,,,,,,,,,,,,,,,,,,,,,,,,,,,,,,,,,,,,,,,,,,,,
Base.Blackbeans,food,per_item,45.0|10.45|0.45|3.95,173734,sr_legacy,"Beans, black, mature seeds, raw",close,raw,,13.2,judgement,,schlemmer2009:kidney-beans,,45.0,10.45,0.45,3.95,-10.0,,45.012,8.23152,0.18744,2.8512,2.046,1.45464,0.0,0.66264,175.593132,0.0,0.0,0.0,0.02772,0.7392,0.1188,0.025476,0.25806,0.037752,58.608,0.0,8.7648,0.66,195.756,16.236,22.572,0.4818,,0.4224,0.08052,0.0,0.0,341.0,62.36,1.42,21.6,15.5,11.02,0.0,5.02,1330.251,0.0,0.0,0.0,0.21,5.6,0.9,0.193,1.955,0.286,444.0,0.0,66.4,5.0,1483.0,123.0,171.0,3.65,,3.2,0.61,0.0,0.0,0.9314,false,1.0003,96.4,true,,,
Base.Bleach,fluid_container,none,,,,,,,,,,,,hazard,,,,,,-20.0,,,,,,,,,,,,,,,,,,,,,,,,,,,,,,,,,,,,,,,,,,,,,,,,,,,,,,,,,,,,,,,,,,,,,,
Base.BlowTorch,drainable,none,,,,,,,,,,,,not_food,,,,,,,,,,,,,,,,,,,,,,,,,,,,,,,,,,,,,,,,,,,,,,,,,,,,,,,,,,,,,,,,,,,,,,,,,,,,
Base.BlueCatfish,food,per_item,159.0|1.0|1.0|35.0,174186,sr_legacy,"Fish, catfish, channel, wild, raw",close,raw,2305,167.4,judgement,,zero:fish,,159.0,1.0,1.0,35.0,-15.0,,159.03,0.0,4.72068,27.42012,0.0,134.52264,1.1718,0.5022,0.0,25.11,,20.925,,,0.35154,0.120528,3.192318,0.194184,16.74,3.73302,,71.982,599.292,23.436,38.502,0.85374,,21.0924,0.287928,,0.0,95.0,0.0,2.82,16.38,0.0,80.36,0.7,0.3,0.0,15.0,,12.5,,,0.21,0.072,1.907,0.116,10.0,2.23,,43.0,358.0,14.0,23.0,0.51,,12.6,0.172,,0.0,0.9568,false,1.0002,99.56,true,true,,
Base.Bluegill,food,per_item,159.0|1.0|1.0|35.0,175151,sr_legacy,"Fish, sunfish, pumpkin seed, raw",close,raw,2305,178.7,judgement,,zero:fish,,159.0,1.0,1.0,35.0,-15.0,,159.043,0.0,1.2509,34.6678,0.0,142.0665,1.787,2.1444,0.0,26.805,,,,,0.14296,0.12509,2.1444,0.21444,26.805,3.574,,142.96,625.45,142.96,53.61,2.76985,,22.5162,0.044675,,,89.0,0.0,0.7,19.4,0.0,79.5,1.0,1.2,0.0,15.0,,,,,0.08,0.07,1.2,0.12,15.0,2.0,,80.0,350.0,80.0,30.0,1.55,,12.6,0.025,,,0.9427,false,1.0003,99.6,true,true,,
Base.BottleCrafted,fluid_container,none,,,,,,,,,,,,empty_container,,,,,,,,,,,,,,,,,,,,,,,,,,,,,,,,,,,,,,,,,,,,,,,,,,,,,,,,,,,,,,,,,,,,,,,,,,,,
Base.BouillonCube,food,per_item,16.0|2.3|0.5|0.6,171563,sr_legacy,"Soup, chicken broth cubes, dry",close,dried,,4.8,fdc_portion:1,,,,16.0,2.3,0.5,0.6,-3.0,5.0,9.504,1.128,0.2256,0.7008,0.0,0.12,0.048,0.08976,,0.0,0.0,,0.00432,0.0,0.00912,0.01824,0.1872,0.0048,1.536,0.0144,,1152.0,17.952,9.12,2.688,0.0096,,1.3392,0.07776,,,198.0,23.5,4.7,14.6,0.0,2.5,1.0,1.87,,0.0,0.0,,0.09,0.0,0.19,0.38,3.9,0.1,32.0,0.3,,24000.0,374.0,190.0,56.0,0.2,,27.9,1.62,,,0.9833,false,0.594,45.3,true,,,
Base.Bowl,fluid_container,none,,,,,,,,,,,,empty_container,,,,,,,,,,,,,,,,,,,,,,,,,,,,,,,,,,,,,,,,,,,,,,,,,,,,,,,,,,,,,,,,,,,,,,,,,,,,
Base.Brandy,fluid_container,none,2000.0|0.0|0.0|0.0,,,,,,,,,,,fluid_sourced,2000.0,0.0,0.0,0.0,-20.0,-20.0,,,,,,,,,,,,,,,,,,,,,,,,,,,,,,,,,,,,,,,,,,,,,,,,,,,,,,,,,,,,,,,,,,,,,,
Base.Bread,food,per_item,532.0|99.0|6.66|17.7,174924,sr_legacy,"Bread, white, commercially prepared (includes soft bread crumbs)",exact,prepared,,200.1,vanilla_implied,iodine:bread-white,,,532.0,99.0,6.66,17.7,-30.0,,532.266,98.88942,6.66333,17.70885,5.4027,72.87642,0.0,7.22361,,0.0,0.0,0.0,0.44022,0.4002,1.066533,0.486243,9.56478,0.174087,342.171,0.0,29.2146,980.49,252.126,288.144,46.023,1.48074,3.6018,44.022,3.183591,0.0,0.0,266.0,49.42,3.33,8.85,2.7,36.42,0.0,3.61,,0.0,0.0,0.0,0.22,0.2,0.533,0.243,4.78,0.087,171.0,0.0,14.6,490.0,126.0,144.0,23.0,0.74,1.8,22.0,1.591,0.0,0.0,0.9686,false,1.0005,98.02,true,,,
Base.BreadDough,food,per_item,532.0|99.0|6.66|17.7,172675,sr_legacy,"Bread, french or vienna (includes sourdough)",proxy,raw,301,195.6,judgement,iodine:bread-white,,,532.0,99.0,6.66,17.7,-24.0,15.0,532.032,101.47728,4.73352,21.027,4.3032,64.548,0.0,7.64796,,0.0,0.0,0.0,0.41076,1.3692,1.38876,0.835212,9.422052,0.209292,332.52,0.0,15.648,1177.512,228.852,101.712,62.592,2.03424,3.5208,55.9416,1.670424,0.0,0.0,272.0,51.88,2.42,10.75,2.2,33.0,0.0,3.91,,0.0,0.0,0.0,0.21,0.7,0.71,0.427,4.817,0.107,170.0,0.0,8.0,602.0,117.0,52.0,32.0,1.04,1.8,28.6,0.854,0.0,0.0,0.9849,false,1.0001,98.05,true,true,,
Base.BreadSlices,food,per_item,177.0|33.0|2.22|5.9,174924,sr_legacy,"Bread, white, commercially prepared (includes soft bread crumbs)",exact,prepared,306,66.7,vanilla_implied,iodine:bread-white,,,177.0,33.0,2.22,5.9,-10.0,,177.422,32.96314,2.22111,5.90295,1.8009,24.29214,0.0,2.40787,,0.0,0.0,0.0,0.14674,0.1334,0.355511,0.162081,3.18826,0.058029,114.057,0.0,9.7382,326.83,84.042,96.048,15.341,0.49358,1.2006,14.674,1.061197,0.0,0.0,266.0,49.42,3.33,8.85,2.7,36.42,0.0,3.61,,0.0,0.0,0.0,0.22,0.2,0.533,0.243,4.78,0.087,171.0,0.0,14.6,490.0,126.0,144.0,23.0,0.74,1.8,22.0,1.591,0.0,0.0,0.9686,false,1.0024,98.02,true,true,,
Base.Broccoli,food,per_item,11.0|2.0|0.1|0.9,170379,sr_legacy,"Broccoli, raw",close,raw,3771,32.4,judgement,,zero:vegetable,,11.0,2.0,0.1,0.9,-9.0,-4.0,11.016,2.15136,0.11988,0.91368,0.8424,28.9332,28.9008,0.23652,0.0,0.0,116.964,0.0,0.25272,32.9184,0.023004,0.037908,0.207036,0.0567,20.412,0.0,6.0588,10.692,102.384,15.228,6.804,0.13284,,0.81,0.036288,0.0,0.0,34.0,6.64,0.37,2.82,2.6,89.3,89.2,0.73,0.0,0.0,361.0,0.0,0.78,101.6,0.071,0.117,0.639,0.175,63.0,0.0,18.7,33.0,316.0,47.0,21.0,0.41,,2.5,0.112,0.0,0.0,1.0579,false,1.0015,99.13,true,true,,
Base.BrusselSprouts,food,per_item,119.0|20.45|0.85|7.95,170383,sr_legacy,"Brussels sprouts, raw",close,raw,3771,276.7,judgement,,zero:vegetable,,119.0,20.45,0.85,7.95,-20.0,-5.0,118.981,24.76465,0.8301,9.35246,10.5146,237.962,235.195,3.8738,0.0,0.0,1245.15,0.0,2.43496,489.759,0.384613,0.24903,2.061415,0.605973,168.787,0.0,52.8497,69.175,1076.363,116.214,63.641,1.16214,,4.4272,0.398448,0.0,0.0,43.0,8.95,0.3,3.38,3.8,86.0,85.0,1.4,0.0,0.0,450.0,0.0,0.88,177.0,0.139,0.09,0.745,0.219,61.0,0.0,19.1,25.0,389.0,42.0,23.0,0.42,,1.6,0.144,0.0,0.0,1.033,false,0.9998,98.63,true,true,,
Base.Bucket,fluid_container,none,,,,,,,,,,,,empty_container,,,,,,,,,,,,,,,,,,,,,,,,,,,,,,,,,,,,,,,,,,,,,,,,,,,,,,,,,,,,,,,,,,,,,,,,,,,,
Base.BucketCarved,fluid_container,none,,,,,,,,,,,,empty_container,,,,,,,,,,,,,,,,,,,,,,,,,,,,,,,,,,,,,,,,,,,,,,,,,,,,,,,,,,,,,,,,,,,,,,,,,,,,
Base.BucketCarvedClayCement,drainable,none,,,,,,,,,,,,not_food,,,,,,,,,,,,,,,,,,,,,,,,,,,,,,,,,,,,,,,,,,,,,,,,,,,,,,,,,,,,,,,,,,,,,,,,,,,,
Base.BucketCarvedConcreteFull,drainable,none,,,,,,,,,,,,not_food,,,,,,,,,,,,,,,,,,,,,,,,,,,,,,,,,,,,,,,,,,,,,,,,,,,,,,,,,,,,,,,,,,,,,,,,,,,,
Base.BucketCarvedPlasterFull,drainable,none,,,,,,,,,,,,not_food,,,,,,,,,,,,,,,,,,,,,,,,,,,,,,,,,,,,,,,,,,,,,,,,,,,,,,,,,,,,,,,,,,,,,,,,,,,,
Base.BucketCarvedWallpaperPaste,drainable,none,,,,,,,,,,,,not_food,,,,,,,,,,,,,,,,,,,,,,,,,,,,,,,,,,,,,,,,,,,,,,,,,,,,,,,,,,,,,,,,,,,,,,,,,,,,
Base.BucketClayCement,drainable,none,,,,,,,,,,,,not_food,,,,,,,,,,,,,,,,,,,,,,,,,,,,,,,,,,,,,,,,,,,,,,,,,,,,,,,,,,,,,,,,,,,,,,,,,,,,
Base.BucketConcreteFull,drainable,none,,,,,,,,,,,,not_food,,,,,,,,,,,,,,,,,,,,,,,,,,,,,,,,,,,,,,,,,,,,,,,,,,,,,,,,,,,,,,,,,,,,,,,,,,,,
Base.BucketEmpty,fluid_container,none,,,,,,,,,,,,empty_container,,,,,,,,,,,,,,,,,,,,,,,,,,,,,,,,,,,,,,,,,,,,,,,,,,,,,,,,,,,,,,,,,,,,,,,,,,,,
Base.BucketForged,fluid_container,none,,,,,,,,,,,,empty_container,,,,,,,,,,,,,,,,,,,,,,,,,,,,,,,,,,,,,,,,,,,,,,,,,,,,,,,,,,,,,,,,,,,,,,,,,,,,
Base.BucketLargeWood,fluid_container,none,,,,,,,,,,,,empty_container,,,,,,,,,,,,,,,,,,,,,,,,,,,,,,,,,,,,,,,,,,,,,,,,,,,,,,,,,,,,,,,,,,,,,,,,,,,,
Base.BucketOfSoup,food,none,202.0|25.0|4.5|14.0,,,,,,,,,,,vessel_only,202.0,25.0,4.5,14.0,-40.0,-40.0,,,,,,,,,,,,,,,,,,,,,,,,,,,,,,,,,,,,,,,,,,,,,,,,,,,,,,,,,,,,,,,,,,,,,,
Base.BucketOfStew,food,none,202.0|25.0|4.5|14.0,,,,,,,,,,,vessel_only,202.0,25.0,4.5,14.0,-40.0,-40.0,,,,,,,,,,,,,,,,,,,,,,,,,,,,,,,,,,,,,,,,,,,,,,,,,,,,,,,,,,,,,,,,,,,,,,
Base.BucketPlasterFull,drainable,none,,,,,,,,,,,,not_food,,,,,,,,,,,,,,,,,,,,,,,,,,,,,,,,,,,,,,,,,,,,,,,,,,,,,,,,,,,,,,,,,,,,,,,,,,,,
Base.BucketWallpaperPaste,drainable,none,,,,,,,,,,,,not_food,,,,,,,,,,,,,,,,,,,,,,,,,,,,,,,,,,,,,,,,,,,,,,,,,,,,,,,,,,,,,,,,,,,,,,,,,,,,
Base.BucketWaterDebug,fluid_container,none,,,,,,,,,,,,fluid_sourced,,,,,,-50.0,,,,,,,,,,,,,,,,,,,,,,,,,,,,,,,,,,,,,,,,,,,,,,,,,,,,,,,,,,,,,,,,,,,,,,
Base.BucketWood,fluid_container,none,,,,,,,,,,,,empty_container,,,,,,,,,,,,,,,,,,,,,,,,,,,,,,,,,,,,,,,,,,,,,,,,,,,,,,,,,,,,,,,,,,,,,,,,,,,,
Base.Bull_Head_Angus,food,none,,,,,,,,,,,,inedible_body_part,,,,,,,,,,,,,,,,,,,,,,,,,,,,,,,,,,,,,,,,,,,,,,,,,,,,,,,,,,,,,,,,,,,,,,,,,,,,
Base.Bull_Head_Holstein,food,none,,,,,,,,,,,,inedible_body_part,,,,,,,,,,,,,,,,,,,,,,,,,,,,,,,,,,,,,,,,,,,,,,,,,,,,,,,,,,,,,,,,,,,,,,,,,,,,
Base.Bull_Head_Simmental,food,none,,,,,,,,,,,,inedible_body_part,,,,,,,,,,,,,,,,,,,,,,,,,,,,,,,,,,,,,,,,,,,,,,,,,,,,,,,,,,,,,,,,,,,,,,,,,,,,
Base.Bullhorn,drainable,none,,,,,,,,,,,,not_food,,,,,,,,,,,,,,,,,,,,,,,,,,,,,,,,,,,,,,,,,,,,,,,,,,,,,,,,,,,,,,,,,,,,,,,,,,,,
Base.BunsHamburger,food,per_item,708.0|132.0|8.88|23.6,172796,sr_legacy,"Rolls, hamburger or hotdog, plain",close,prepared,,253.8,judgement,iodine:bread-roll-white,,,708.0,132.0,8.88,23.6,,,708.102,127.20456,9.92358,24.79626,4.5684,87.15492,3.2994,8.70534,,73.602,17.766,0.0,0.68526,12.1824,1.378134,0.753786,10.60884,0.159894,332.478,0.5076,37.0548,1253.772,309.636,365.472,58.374,1.85274,6.0912,69.0336,4.515102,0.0,0.0,279.0,50.12,3.91,9.77,1.8,34.34,1.3,3.43,,29.0,7.0,0.0,0.27,4.8,0.543,0.297,4.18,0.063,131.0,0.2,14.6,494.0,122.0,144.0,23.0,0.73,2.4,27.2,1.779,0.0,0.0,0.9719,false,1.0001,98.14,true,,,
Base.BunsHamburger_single,food,per_item,177.0|33.0|2.22|5.9,172796,sr_legacy,"Rolls, hamburger or hotdog, plain",close,prepared,,63.4,judgement,iodine:bread-roll-white,,,177.0,33.0,2.22,5.9,-10.0,,176.886,31.77608,2.47894,6.19418,1.1412,21.77156,0.8242,2.17462,,18.386,4.438,0.0,0.17118,3.0432,0.344262,0.188298,2.65012,0.039942,83.054,0.1268,9.2564,313.196,77.348,91.296,14.582,0.46282,1.5216,17.2448,1.127886,0.0,0.0,279.0,50.12,3.91,9.77,1.8,34.34,1.3,3.43,,29.0,7.0,0.0,0.27,4.8,0.543,0.297,4.18,0.063,131.0,0.2,14.6,494.0,122.0,144.0,23.0,0.73,2.4,27.2,1.779,0.0,0.0,0.9719,false,0.9994,98.14,true,,,
Base.BunsHotdog,food,per_item,532.0|99.0|6.66|17.7,172796,sr_legacy,"Rolls, hamburger or hotdog, plain",close,prepared,,190.7,judgement,iodine:bread-roll-white,,,532.0,99.0,6.66,17.7,,,532.053,95.57884,7.45637,18.63139,3.4326,65.48638,2.4791,6.54101,,55.303,13.349,0.0,0.51489,9.1536,1.035501,0.566379,7.97126,0.120141,249.817,0.3814,27.8422,942.058,232.654,274.608,43.861,1.39211,4.5768,51.8704,3.392553,0.0,0.0,279.0,50.12,3.91,9.77,1.8,34.34,1.3,3.43,,29.0,7.0,0.0,0.27,4.8,0.543,0.297,4.18,0.063,131.0,0.2,14.6,494.0,122.0,144.0,23.0,0.73,2.4,27.2,1.779,0.0,0.0,0.9719,false,1.0001,98.14,true,,,
Base.BunsHotdog_single,food,per_item,177.0|33.0|2.22|5.9,172796,sr_legacy,"Rolls, hamburger or hotdog, plain",close,prepared,,63.4,judgement,iodine:bread-roll-white,,,177.0,33.0,2.22,5.9,-10.0,,176.886,31.77608,2.47894,6.19418,1.1412,21.77156,0.8242,2.17462,,18.386,4.438,0.0,0.17118,3.0432,0.344262,0.188298,2.65012,0.039942,83.054,0.1268,9.2564,313.196,77.348,91.296,14.582,0.46282,1.5216,17.2448,1.127886,0.0,0.0,279.0,50.12,3.91,9.77,1.8,34.34,1.3,3.43,,29.0,7.0,0.0,0.27,4.8,0.543,0.297,4.18,0.063,131.0,0.2,14.6,494.0,122.0,144.0,23.0,0.73,2.4,27.2,1.779,0.0,0.0,0.9719,false,0.9994,98.14,true,,,
Base.Burger,food,per_item,440.0|0.0|37.0|25.0,170693,sr_legacy,"Fast foods, hamburger; single, regular patty; plain",close,prepared,,148.1,judgement,,,,440.0,0.0,37.0,25.0,-25.0,,439.857,46.6515,17.78681,24.46612,2.5177,56.94445,0.0,4.53186,,11.848,22.215,0.1481,0.56278,7.2569,0.469477,0.537603,8.318777,0.313972,148.1,1.31809,50.9464,490.211,291.757,91.822,39.987,3.73212,,30.0643,2.411068,0.0,0.0,297.0,31.5,12.01,16.52,1.7,38.45,0.0,3.06,,8.0,15.0,0.1,0.38,4.9,0.317,0.363,5.617,0.212,100.0,0.89,34.4,331.0,197.0,62.0,27.0,2.52,,20.3,1.628,0.0,0.0,0.9992,false,0.9997,98.48,true,,,
Base.BurgerRecipe,food,none,440.0|30.5|37.0|25.0,,,,,,,,,,,vessel_only,440.0,30.5,37.0,25.0,-20.0,,,,,,,,,,,,,,,,,,,,,,,,,,,,,,,,,,,,,,,,,,,,,,,,,,,,,,,,,,,,,,,,,,,,,,,
Base.Burrito,food,per_item,500.0|100.0|34.0|37.0,173278,sr_legacy,"Fast foods, burrito, with beans, cheese, and beef",close,prepared,,241.0,fdc_portion:1,,,,500.0,100.0,34.0,37.0,-25.0,,433.8,56.3217,16.388,16.9423,8.917,146.769,3.133,4.3862,,108.45,151.83,0.241,0.6748,14.701,0.51333,0.53743,5.0369,0.23377,161.47,0.6507,67.239,1086.91,491.64,216.9,55.43,2.1208,,25.787,3.74514,0.0,0.0,180.0,23.37,6.8,7.03,3.7,60.9,1.3,1.82,,45.0,63.0,0.1,0.28,6.1,0.213,0.223,2.09,0.097,67.0,0.27,27.9,451.0,204.0,90.0,23.0,0.88,,10.7,1.554,0.0,0.0,0.9744,false,0.8676,98.1,true,,,
Base.BurritoRecipe,food,none,40.0|0.0|2.0|2.0,,,,,,,,,,,vessel_only,40.0,0.0,2.0,2.0,-5.0,,,,,,,,,,,,,,,,,,,,,,,,,,,,,,,,,,,,,,,,,,,,,,,,,,,,,,,,,,,,,,,,,,,,,,,
Base.Butter,food,per_item,3200.0|0.0|352.0|0.0,173410,sr_legacy,"Butter, salted",exact,prepared,,440.1,vanilla_implied,,zero:dairy,,3200.0,0.0,352.0,0.0,-24.0,,3155.517,0.26406,356.96511,3.74085,0.0,71.16417,0.0,0.08802,0.0,2953.071,695.358,0.0,10.21032,30.807,0.022005,0.149634,0.184842,0.013203,13.203,0.74817,82.7388,2829.843,105.624,105.624,8.802,0.39609,,4.401,13.392243,0.0,0.0,717.0,0.06,81.11,0.85,0.0,16.17,0.0,0.02,0.0,671.0,158.0,0.0,2.32,7.0,0.005,0.034,0.042,0.003,3.0,0.17,18.8,643.0,24.0,24.0,2.0,0.09,,1.0,3.043,0.0,0.0,1.0232,false,0.9861,98.19,true,,,
Base.Cabbage,food,per_item,180.0|41.0|0.7|9.0,169975,sr_legacy,"Cabbage, raw",exact,raw,3001,707.5,vanilla_implied,,zero:vegetable,,180.0,41.0,0.7,9.0,-24.0,-10.0,176.875,41.035,0.7075,9.056,17.6875,652.1735,258.945,3.32525,0.0,0.0,297.15,0.0,1.06125,537.7,0.431575,0.283,1.65555,0.8773,304.225,0.0,75.7025,127.35,1202.75,283.0,84.9,1.2735,,2.1225,0.120275,0.0,0.0,25.0,5.8,0.1,1.28,2.5,92.18,36.6,0.47,0.0,0.0,42.0,0.0,0.15,76.0,0.061,0.04,0.234,0.124,43.0,0.0,10.7,18.0,170.0,40.0,12.0,0.18,,0.3,0.017,0.0,0.0,0.9688,false,0.9826,99.36,true,true,,
Base.CabbageRoll,food,per_item,110.0|7.0|7.0|5.0,172098,sr_legacy,"Chili, no beans, canned entree",proxy,prepared,,93.2,judgement,,,,110.0,7.0,7.0,5.0,-20.0,,109.976,5.6852,6.6172,7.01796,0.466,72.39776,1.6776,1.87332,,0.0,128.616,0.0932,0.54988,2.0504,0.028892,0.103452,1.16034,0.120228,7.456,0.95064,39.3304,383.052,172.42,27.96,18.64,1.04384,,6.058,0.42872,0.0,0.0,118.0,6.1,7.1,7.53,0.5,77.68,1.8,2.01,,0.0,138.0,0.1,0.59,2.2,0.031,0.111,1.245,0.129,8.0,1.02,42.2,411.0,185.0,30.0,20.0,1.12,,6.5,0.46,0.0,0.0,0.9951,false,0.9998,98.41,true,,,
Base.CakeBlackForest,food,per_item,90.0|4.0|12.0|10.0,174933,sr_legacy,"Cake, cherry fudge with chocolate frosting",close,prepared,,34.1,judgement,,,,90.0,4.0,12.0,10.0,-10.0,,90.024,12.958,4.2625,0.8184,0.1705,15.7201,4.6376,0.3751,,23.529,44.671,0.1023,0.25575,0.8184,0.01023,0.06479,0.2387,0.02046,3.751,0.07161,9.7185,55.924,56.606,16.368,6.479,0.09548,,1.1594,0.792484,0.0,0.0,264.0,38.0,12.5,2.4,0.5,46.1,13.6,1.1,,69.0,131.0,0.3,0.75,2.4,0.03,0.19,0.7,0.06,11.0,0.21,28.5,164.0,166.0,48.0,19.0,0.28,,3.4,2.324,0.0,0.0,1.0345,false,1.0003,99.0,true,,,
Base.CakeCarrot,food,per_item,70.0|4.0|12.0|10.0,174945,sr_legacy,"Cake, yellow, commercially prepared, with vanilla frosting",proxy,prepared,,17.9,judgement,,,,70.0,4.0,12.0,10.0,-7.0,,69.989,10.0598,3.20589,0.53521,0.0537,3.9559,0.0,0.19153,,5.728,0.0,0.0716,0.21301,1.2351,0.0179,0.01253,0.0895,0.007697,7.16,0.02685,10.919,48.151,9.487,11.098,1.074,0.04475,,0.9845,1.133428,0.0,0.0,391.0,56.2,17.91,2.99,0.3,22.1,0.0,1.07,,32.0,0.0,0.4,1.19,6.9,0.1,0.07,0.5,0.043,40.0,0.15,61.0,269.0,53.0,62.0,6.0,0.25,,5.5,6.332,0.0,0.0,1.0162,false,0.9998,99.2,true,,,
Base.CakeCheeseCake,food,per_item,80.0|4.0|12.0|10.0,172711,sr_legacy,"Cake, cheesecake, commercially prepared",close,prepared,,24.9,judgement,,,,80.0,4.0,12.0,10.0,-8.0,,79.929,6.3495,5.6025,1.3695,0.0996,11.3544,0.0996,0.15687,,38.844,8.466,0.1245,0.13944,1.0956,0.006972,0.048057,0.048555,0.012948,4.98,0.04233,11.4291,109.062,22.41,12.699,2.739,0.12699,,1.2948,0.395163,0.0,0.0,321.0,25.5,22.5,5.5,0.4,45.6,0.4,0.63,,156.0,34.0,0.5,0.56,4.4,0.028,0.193,0.195,0.052,20.0,0.17,45.9,438.0,90.0,51.0,11.0,0.51,,5.2,1.587,0.0,0.0,1.0146,false,0.9991,99.1,true,,,
Base.CakeChocolate,food,per_item,90.0|4.0|12.0|10.0,174934,sr_legacy,"Cake, chocolate, commercially prepared with chocolate frosting, in-store bakery",close,prepared,,23.1,judgement,,,,90.0,4.0,12.0,10.0,-10.0,,89.859,12.20604,4.63155,0.80388,0.5082,5.09124,0.0231,0.70224,,0.231,0.0,0.0,1.00023,6.6759,0.0,0.013167,0.178563,0.0,5.313,0.0,5.082,80.388,62.37,6.93,7.161,0.13398,,1.8018,1.063524,1.386,0.0,389.0,52.84,20.05,3.48,2.2,22.04,0.1,3.04,,1.0,0.0,0.0,4.33,28.9,0.0,0.057,0.773,0.0,23.0,0.0,22.0,348.0,270.0,30.0,31.0,0.58,,7.8,4.604,6.0,0.0,1.0317,false,0.9984,98.41,true,,,
Base.CakePrep,food,per_item,800.0|50.0|48.0|8.0,172710,sr_legacy,"Cake, yellow, prepared from recipe without frosting",proxy,raw,301,221.6,judgement,,,,800.0,50.0,48.0,8.0,-30.0,,799.976,117.448,32.3536,11.7448,1.5512,55.6216,0.4432,3.63424,,86.424,,,,,0.405528,0.516328,3.226496,0.079776,113.016,0.35456,,760.088,201.656,323.536,26.592,0.9972,,30.3592,7.860152,,0.0,361.0,53.0,14.6,5.3,0.7,25.1,0.2,1.64,,39.0,,,,,0.183,0.233,1.456,0.036,51.0,0.16,,343.0,91.0,146.0,12.0,0.45,,13.7,3.547,,0.0,1.0061,false,1.0,98.0,true,true,,
Base.CakeRaw,food,none,560.0|9.0|53.0|10.0,,,,,,,,,,,vessel_only,560.0,9.0,53.0,10.0,-15.0,,,,,,,,,,,,,,,,,,,,,,,,,,,,,,,,,,,,,,,,,,,,,,,,,,,,,,,,,,,,,,,,,,,,,,,
Base.CakeRedVelvet,food,per_item,80.0|4.0|12.0|10.0,174934,sr_legacy,"Cake, chocolate, commercially prepared with chocolate frosting, in-store bakery",proxy,prepared,,20.6,judgement,,,,80.0,4.0,12.0,10.0,-8.0,,80.134,10.88504,4.1303,0.71688,0.4532,4.54024,0.0206,0.62624,,0.206,0.0,0.0,0.89198,5.9534,0.0,0.011742,0.159238,0.0,4.738,0.0,4.532,71.688,55.62,6.18,6.386,0.11948,,1.6068,0.948424,1.236,0.0,389.0,52.84,20.05,3.48,2.2,22.04,0.1,3.04,,1.0,0.0,0.0,4.33,28.9,0.0,0.057,0.773,0.0,23.0,0.0,22.0,348.0,270.0,30.0,31.0,0.58,,7.8,4.604,6.0,0.0,1.0317,false,1.0017,98.41,true,,,
Base.CakeSlice,food,per_item,70.0|1.0|5.0|5.0,174945,sr_legacy,"Cake, yellow, commercially prepared, with vanilla frosting",close,prepared,304,17.9,judgement,,,,70.0,1.0,5.0,5.0,-7.0,,69.989,10.0598,3.20589,0.53521,0.0537,3.9559,0.0,0.19153,,5.728,0.0,0.0716,0.21301,1.2351,0.0179,0.01253,0.0895,0.007697,7.16,0.02685,10.919,48.151,9.487,11.098,1.074,0.04475,,0.9845,1.133428,0.0,0.0,391.0,56.2,17.91,2.99,0.3,22.1,0.0,1.07,,32.0,0.0,0.4,1.19,6.9,0.1,0.07,0.5,0.043,40.0,0.15,61.0,269.0,53.0,62.0,6.0,0.25,,5.5,6.332,0.0,0.0,1.0162,false,0.9998,99.2,true,true,,
Base.CakeStrawberryShortcake,food,per_item,75.0|4.0|12.0|10.0,174941,sr_legacy,"Cake, shortcake, biscuit-type, prepared from recipe",close,prepared,,21.7,judgement,,,,75.0,4.0,12.0,10.0,-8.0,,75.082,10.5245,3.0814,1.3237,,6.1628,0.0434,0.55118,,3.689,,,,,0.067487,0.059024,0.558341,0.00651,18.011,0.01519,,109.802,23.002,44.485,3.472,0.10416,,3.689,0.788144,,,346.0,48.5,14.2,6.1,,28.4,0.2,2.54,,17.0,,,,,0.311,0.272,2.573,0.03,83.0,0.07,,506.0,106.0,205.0,16.0,0.48,,17.0,3.632,,,1.0006,false,1.0011,97.2,,,,
Base.Calf_Head_Angus,food,none,,,,,,,,,,,,inedible_body_part,,,,,,,,,,,,,,,,,,,,,,,,,,,,,,,,,,,,,,,,,,,,,,,,,,,,,,,,,,,,,,,,,,,,,,,,,,,,
Base.Calf_Head_Holstein,food,none,,,,,,,,,,,,inedible_body_part,,,,,,,,,,,,,,,,,,,,,,,,,,,,,,,,,,,,,,,,,,,,,,,,,,,,,,,,,,,,,,,,,,,,,,,,,,,,
Base.Calf_Head_Simmental,food,none,,,,,,,,,,,,inedible_body_part,,,,,,,,,,,,,,,,,,,,,,,,,,,,,,,,,,,,,,,,,,,,,,,,,,,,,,,,,,,,,,,,,,,,,,,,,,,,
Base.CanPipe_Tobacco,food,none,,,,,,,,,,,,tobacco_or_drug,,,,,0.0,,,,,,,,,,,,,,,,,,,,,,,,,,,,,,,,,,,,,,,,,,,,,,,,,,,,,,,,,,,,,,,,,,,,,,,
Base.CandiedApple,food,per_item,250.0|36.0|9.0|6.0,167781,sr_legacy,Candied fruit,proxy,prepared,,77.6,judgement,,zero:sugar,,250.0,36.0,9.0,6.0,-18.0,-4.0,249.872,64.20624,0.05432,0.26384,1.2416,12.9592,0.0,0.13192,0.0,0.0,6.984,0.0,0.03104,0.2328,0.0,0.0,0.0,0.0,0.0,0.0,1.7072,76.048,43.456,13.968,3.104,0.0388,,0.4656,0.016296,0.0,0.0,322.0,82.74,0.07,0.34,1.6,16.7,0.0,0.17,0.0,0.0,9.0,0.0,0.04,0.3,0.0,0.0,0.0,0.0,0.0,0.0,2.2,98.0,56.0,18.0,4.0,0.05,,0.6,0.021,0.0,0.0,1.0241,false,0.9995,99.85,true,,,
Base.Candle,drainable,none,,,,,,,,,,,,not_food,,,,,,,,,,,,,,,,,,,,,,,,,,,,,,,,,,,,,,,,,,,,,,,,,,,,,,,,,,,,,,,,,,,,,,,,,,,,
Base.CandleLit,drainable,none,,,,,,,,,,,,not_food,,,,,,,,,,,,,,,,,,,,,,,,,,,,,,,,,,,,,,,,,,,,,,,,,,,,,,,,,,,,,,,,,,,,,,,,,,,,
Base.CandyCaramels,food,per_item,170.0|28.0|5.0|1.0,167974,sr_legacy,"Candies, caramels",close,prepared,,44.5,judgement,,zero:sugar,,170.0,28.0,5.0,1.0,-5.0,,169.99,34.265,3.6045,2.047,0.0,3.7825,0.178,0.0623,0.0,4.895,0.89,0.0,0.2047,0.801,0.045835,0.11392,0.06586,0.02492,1.78,0.1335,3.56,109.025,95.23,61.41,7.565,0.1958,,0.801,1.54504,0.0,0.0,382.0,77.0,8.1,4.6,0.0,8.5,0.4,0.14,0.0,11.0,2.0,0.0,0.46,1.8,0.103,0.256,0.148,0.056,4.0,0.3,8.0,245.0,214.0,138.0,17.0,0.44,,1.8,3.472,0.0,0.0,1.0453,false,0.9999,98.2,true,,,
Base.CandyCorn,food,per_item,32.0|14.0|0.0|0.0,167986,sr_legacy,"Candies, fondant, prepared-from-recipe",proxy,prepared,,8.6,judgement,,zero:sugar,,32.0,14.0,0.0,0.0,-10.0,,32.078,8.01348,0.00172,0.0,0.0,0.57964,0.0,0.00086,0.0,0.0,0.0,0.0,0.0,0.0,0.00043,0.001376,0.0,0.0,0.0,0.0,0.0,0.946,0.344,0.258,0.0,0.00344,,0.0516,0.0,0.0,0.0,373.0,93.18,0.02,0.0,0.0,6.74,0.0,0.01,0.0,0.0,0.0,0.0,0.0,0.0,0.005,0.016,0.0,0.0,0.0,0.0,0.0,11.0,4.0,3.0,0.0,0.04,,0.6,0.0,0.0,0.0,0.9997,false,1.0024,99.94,true,,,
Base.CandyFruitSlices,food,per_item,40.0|10.0|0.5|0.0,167781,sr_legacy,Candied fruit,close,prepared,,12.4,judgement,,zero:sugar,,40.0,10.0,0.5,0.0,-5.0,,39.928,10.25976,0.00868,0.04216,0.1984,2.0708,0.0,0.02108,0.0,0.0,1.116,0.0,0.00496,0.0372,0.0,0.0,0.0,0.0,0.0,0.0,0.2728,12.152,6.944,2.232,0.496,0.0062,,0.0744,0.002604,0.0,0.0,322.0,82.74,0.07,0.34,1.6,16.7,0.0,0.17,0.0,0.0,9.0,0.0,0.04,0.3,0.0,0.0,0.0,0.0,0.0,0.0,2.2,98.0,56.0,18.0,4.0,0.05,,0.6,0.021,0.0,0.0,1.0241,false,0.9982,99.85,true,,,
Base.CandyGummyfish,food,per_item,110.0|27.0|0.0|0.0,167989,sr_legacy,"Candies, gumdrops, starch jelly pieces",proxy,prepared,,27.5,vanilla_implied,,zero:sugar,,110.0,27.0,0.0,0.0,-5.0,,108.9,27.1975,0.0,0.0,0.0275,0.275,0.0,0.11,0.0,0.0,0.0,0.0,0.0,0.0,0.00165,0.003575,0.00275,0.001375,0.0,0.0,0.0,12.1,1.375,0.825,0.275,0.0,,0.22,0.0,0.0,0.0,396.0,98.9,0.0,0.0,0.1,1.0,0.0,0.4,0.0,0.0,0.0,0.0,0.0,0.0,0.006,0.013,0.01,0.005,0.0,0.0,0.0,44.0,5.0,3.0,1.0,0.0,,0.8,0.0,0.0,0.0,0.9985,false,0.99,99.9,true,,,
Base.CandyMolasses,food,per_item,160.0|33.0|3.5|0.1,169670,sr_legacy,"Candies, taffy, prepared-from-recipe",close,prepared,,40.3,judgement,,zero:sugar,,160.0,33.0,3.5,0.1,-5.0,,159.991,36.89868,1.34199,0.01209,0.0,1.95455,0.0,0.00403,0.0,10.881,2.418,,0.03627,0.1209,0.011284,0.004836,0.000806,0.0,0.0,0.00403,,20.956,1.209,3.224,0.0,0.08463,,0.2821,0.049166,0.0,,397.0,91.56,3.33,0.03,0.0,4.85,0.0,0.01,0.0,27.0,6.0,,0.09,0.3,0.028,0.012,0.002,0.0,0.0,0.01,,52.0,3.0,8.0,0.0,0.21,,0.7,0.122,0.0,,0.9983,false,0.9999,99.77,true,,,
Base.CandyNovapops,food,per_item,120.0|24.0|2.5|0.0,167990,sr_legacy,"Candies, hard",close,prepared,,30.5,judgement,,zero:sugar,,120.0,24.0,2.5,0.0,-5.0,,120.17,29.89,0.061,0.0,0.0,0.3965,0.0,0.0915,0.0,0.0,0.0,0.0,0.0,0.0,0.00122,0.000915,0.002135,0.000915,0.0,0.0,0.0,11.59,1.525,0.915,0.915,0.00305,,0.183,0.0,0.0,0.0,394.0,98.0,0.2,0.0,0.0,1.3,0.0,0.3,0.0,0.0,0.0,0.0,0.0,0.0,0.004,0.003,0.007,0.003,0.0,0.0,0.0,38.0,5.0,3.0,3.0,0.01,,0.6,0.0,0.0,0.0,0.9995,false,1.0014,99.5,true,,,
Base.CandyPackage,food,per_item,500.0|125.0|2.5|0.0,167990,sr_legacy,"Candies, hard",proxy,prepared,,126.9,judgement,,zero:sugar,,500.0,125.0,2.5,0.0,,,499.986,124.362,0.2538,0.0,0.0,1.6497,0.0,0.3807,0.0,0.0,0.0,0.0,0.0,0.0,0.005076,0.003807,0.008883,0.003807,0.0,0.0,0.0,48.222,6.345,3.807,3.807,0.01269,,0.7614,0.0,0.0,0.0,394.0,98.0,0.2,0.0,0.0,1.3,0.0,0.3,0.0,0.0,0.0,0.0,0.0,0.0,0.004,0.003,0.007,0.003,0.0,0.0,0.0,38.0,5.0,3.0,3.0,0.01,,0.6,0.0,0.0,0.0,0.9995,false,1.0,99.5,true,,,
Base.Candycane,food,per_item,16.6|4.33|0.0|0.0,167990,sr_legacy,"Candies, hard",close,prepared,,4.3,vanilla_implied,,zero:sugar,,16.6,4.33,0.0,0.0,-10.0,,16.942,4.214,0.0086,0.0,0.0,0.0559,0.0,0.0129,0.0,0.0,0.0,0.0,0.0,0.0,0.000172,0.000129,0.000301,0.000129,0.0,0.0,0.0,1.634,0.215,0.129,0.129,0.00043,,0.0258,0.0,0.0,0.0,394.0,98.0,0.2,0.0,0.0,1.3,0.0,0.3,0.0,0.0,0.0,0.0,0.0,0.0,0.004,0.003,0.007,0.003,0.0,0.0,0.0,38.0,5.0,3.0,3.0,0.01,,0.6,0.0,0.0,0.0,0.9995,false,1.0206,99.5,true,,,
Base.CannedBellPepper,food,per_item,180.0|42.0|0.0|6.0,168546,sr_legacy,"Peppers, sweet, red, canned, solids and liquids",close,canned,3788,1000.0,judgement,,zero:vegetable,,180.0,42.0,0.0,6.0,-48.0,,180.0,39.0,3.0,8.0,12.0,912.5,465.0,8.0,0.0,0.0,,0.0,,,0.25,0.3,5.5,1.78,160.0,0.0,,13690.0,1460.0,410.0,110.0,1.8,,3.0,1.61,,,18.0,3.9,0.3,0.8,1.2,91.25,46.5,0.8,0.0,0.0,,0.0,,,0.025,0.03,0.55,0.178,16.0,0.0,,1369.0,146.0,41.0,11.0,0.18,,0.3,0.161,,,1.0611,false,1.0,96.25,true,true,,
Base.CannedBellPepper_Open,food,per_item,180.0|42.0|0.0|6.0,168546,sr_legacy,"Peppers, sweet, red, canned, solids and liquids",close,canned,,1000.0,judgement,,zero:vegetable,,180.0,42.0,0.0,6.0,-48.0,,180.0,39.0,3.0,8.0,12.0,912.5,465.0,8.0,0.0,0.0,,0.0,,,0.25,0.3,5.5,1.78,160.0,0.0,,13690.0,1460.0,410.0,110.0,1.8,,3.0,1.61,,,18.0,3.9,0.3,0.8,1.2,91.25,46.5,0.8,0.0,0.0,,0.0,,,0.025,0.03,0.55,0.178,16.0,0.0,,1369.0,146.0,41.0,11.0,0.18,,0.3,0.161,,,1.0611,false,1.0,96.25,true,,,
Base.CannedBolognese,food,per_item,540.0|68.0|22.0|18.0,172099,sr_legacy,"Spaghetti, with meatballs in tomato sauce, canned",close,canned,,540.0,judgement,,,,540.0,68.0,22.0,18.0,,,540.0,61.83,22.194,23.598,14.58,425.52,10.26,5.562,,27.0,761.4,1.08,2.7,9.72,0.4374,0.3564,10.8918,0.3726,156.6,1.026,56.7,1512.0,1171.8,156.6,70.2,2.754,,48.6,2.862,0.0,0.0,100.0,11.45,4.11,4.37,2.7,78.8,1.9,1.03,,5.0,141.0,0.2,0.5,1.8,0.081,0.066,2.017,0.069,29.0,0.19,10.5,280.0,217.0,29.0,13.0,0.51,,9.0,0.53,0.0,0.0,0.9487,false,1.0,98.73,true,,,
Base.CannedBologneseOpen,food,per_item,540.0|68.0|22.0|18.0,172099,sr_legacy,"Spaghetti, with meatballs in tomato sauce, canned",close,canned,770,540.0,judgement,,,,540.0,68.0,22.0,18.0,-24.0,,540.0,61.83,22.194,23.598,14.58,425.52,10.26,5.562,,27.0,761.4,1.08,2.7,9.72,0.4374,0.3564,10.8918,0.3726,156.6,1.026,56.7,1512.0,1171.8,156.6,70.2,2.754,,48.6,2.862,0.0,0.0,100.0,11.45,4.11,4.37,2.7,78.8,1.9,1.03,,5.0,141.0,0.2,0.5,1.8,0.081,0.066,2.017,0.069,29.0,0.19,10.5,280.0,217.0,29.0,13.0,0.51,,9.0,0.53,0.0,0.0,0.9487,false,1.0,98.73,true,true,,
Base.CannedBroccoli,food,per_item,55.0|10.0|0.5|4.5,169967,sr_legacy,"Broccoli, cooked, boiled, drained, without salt",proxy,canned,3788,157.1,judgement,,zero:vegetable,,55.0,10.0,0.5,4.5,-45.0,,54.985,11.27978,0.64411,3.73898,5.1843,140.21175,101.9579,1.05257,0.0,0.0,1459.459,0.0,2.27795,221.6681,0.098973,0.193233,0.868763,0.3142,169.668,0.0,62.9971,64.411,460.303,62.84,32.991,0.70695,,2.5136,0.26707,0.0,0.0,35.0,7.18,0.41,2.38,3.3,89.25,64.9,0.67,0.0,0.0,929.0,0.0,1.45,141.1,0.063,0.123,0.553,0.2,108.0,0.0,40.1,41.0,293.0,40.0,21.0,0.45,,1.6,0.17,0.0,0.0,1.0094,false,0.9997,99.22,true,true,,
Base.CannedBroccoli_Open,food,per_item,55.0|10.0|0.5|4.5,169967,sr_legacy,"Broccoli, cooked, boiled, drained, without salt",proxy,canned,,157.1,judgement,,zero:vegetable,,55.0,10.0,0.5,4.5,-45.0,,54.985,11.27978,0.64411,3.73898,5.1843,140.21175,101.9579,1.05257,0.0,0.0,1459.459,0.0,2.27795,221.6681,0.098973,0.193233,0.868763,0.3142,169.668,0.0,62.9971,64.411,460.303,62.84,32.991,0.70695,,2.5136,0.26707,0.0,0.0,35.0,7.18,0.41,2.38,3.3,89.25,64.9,0.67,0.0,0.0,929.0,0.0,1.45,141.1,0.063,0.123,0.553,0.2,108.0,0.0,40.1,41.0,293.0,40.0,21.0,0.45,,1.6,0.17,0.0,0.0,1.0094,false,0.9997,99.22,true,,,
Base.CannedCabbage,food,per_item,360.0|82.0|1.4|18.0,169976,sr_legacy,"Cabbage, cooked, boiled, drained, without salt",proxy,canned,3018,1565.2,judgement,,zero:vegetable,,360.0,82.0,1.4,18.0,-48.0,,359.996,86.24252,0.93912,19.87804,29.7388,1448.90564,586.95,2.66084,0.0,0.0,751.296,0.0,2.19128,1701.3724,0.954772,0.594776,3.881696,1.753024,469.56,0.0,317.7356,125.216,3067.792,751.296,234.78,3.1304,,9.3912,0.359996,0.0,0.0,23.0,5.51,0.06,1.27,1.9,92.57,37.5,0.17,0.0,0.0,48.0,0.0,0.14,108.7,0.061,0.038,0.248,0.112,30.0,0.0,20.3,8.0,196.0,48.0,15.0,0.2,,0.6,0.023,0.0,0.0,1.0374,false,1.0,99.41,true,true,,
Base.CannedCabbage_Open,food,per_item,360.0|82.0|1.4|18.0,169976,sr_legacy,"Cabbage, cooked, boiled, drained, without salt",proxy,canned,,1565.2,judgement,,zero:vegetable,,360.0,82.0,1.4,18.0,-48.0,,359.996,86.24252,0.93912,19.87804,29.7388,1448.90564,586.95,2.66084,0.0,0.0,751.296,0.0,2.19128,1701.3724,0.954772,0.594776,3.881696,1.753024,469.56,0.0,317.7356,125.216,3067.792,751.296,234.78,3.1304,,9.3912,0.359996,0.0,0.0,23.0,5.51,0.06,1.27,1.9,92.57,37.5,0.17,0.0,0.0,48.0,0.0,0.14,108.7,0.061,0.038,0.248,0.112,30.0,0.0,20.3,8.0,196.0,48.0,15.0,0.2,,0.6,0.023,0.0,0.0,1.0374,false,1.0,99.41,true,,,
Base.CannedCarrots,food,per_item,125.0|30.0|0.75|3.0,170395,sr_legacy,"Carrots, canned, regular pack, solids and liquids",close,canned,3468,538.8,vanilla_implied,,zero:vegetable,,125.0,30.0,0.75,3.0,-40.0,,123.924,28.93356,0.75432,3.12504,9.6984,501.03012,10.776,2.80176,0.0,0.0,32004.72,0.0,3.93324,52.8024,0.102372,0.145476,2.268348,0.603456,43.104,0.0,33.9444,1293.12,932.124,167.028,48.492,1.56252,,2.1552,0.344832,,0.0,23.0,5.37,0.14,0.58,1.8,92.99,2.0,0.52,0.0,0.0,5940.0,0.0,0.73,9.8,0.019,0.027,0.421,0.112,8.0,0.0,6.3,240.0,173.0,31.0,9.0,0.29,,0.4,0.064,,0.0,0.933,false,0.9914,99.08,true,true,,
Base.CannedCarrots2,food,per_item,10.5|28.0|0.0|0.0,170395,sr_legacy,"Carrots, canned, regular pack, solids and liquids",close,canned,,454.0,fdc_portion:2,,zero:vegetable,,10.5,28.0,0.0,0.0,,,104.42,24.3798,0.6356,2.6332,8.172,422.1746,9.08,2.3608,0.0,0.0,26967.6,0.0,3.3142,44.492,0.08626,0.12258,1.91134,0.50848,36.32,0.0,28.602,1089.6,785.42,140.74,40.86,1.3166,,1.816,0.29056,,0.0,23.0,5.37,0.14,0.58,1.8,92.99,2.0,0.52,0.0,0.0,5940.0,0.0,0.73,9.8,0.019,0.027,0.421,0.112,8.0,0.0,6.3,240.0,173.0,31.0,9.0,0.29,,0.4,0.064,,0.0,0.933,false,9.9448,99.08,true,,,
Base.CannedCarrotsOpen,food,per_item,10.5|28.0|0.0|0.0,170395,sr_legacy,"Carrots, canned, regular pack, solids and liquids",close,canned,3468,454.0,fdc_portion:2,,zero:vegetable,,10.5,28.0,0.0,0.0,-12.0,-4.0,104.42,24.3798,0.6356,2.6332,8.172,422.1746,9.08,2.3608,0.0,0.0,26967.6,0.0,3.3142,44.492,0.08626,0.12258,1.91134,0.50848,36.32,0.0,28.602,1089.6,785.42,140.74,40.86,1.3166,,1.816,0.29056,,0.0,23.0,5.37,0.14,0.58,1.8,92.99,2.0,0.52,0.0,0.0,5940.0,0.0,0.73,9.8,0.019,0.027,0.421,0.112,8.0,0.0,6.3,240.0,173.0,31.0,9.0,0.29,,0.4,0.064,,0.0,0.933,false,9.9448,99.08,true,true,,
Base.CannedCarrots_Open,food,per_item,125.0|30.0|0.75|3.0,170395,sr_legacy,"Carrots, canned, regular pack, solids and liquids",close,canned,,538.8,vanilla_implied,,zero:vegetable,,125.0,30.0,0.75,3.0,-40.0,,123.924,28.93356,0.75432,3.12504,9.6984,501.03012,10.776,2.80176,0.0,0.0,32004.72,0.0,3.93324,52.8024,0.102372,0.145476,2.268348,0.603456,43.104,0.0,33.9444,1293.12,932.124,167.028,48.492,1.56252,,2.1552,0.344832,,0.0,23.0,5.37,0.14,0.58,1.8,92.99,2.0,0.52,0.0,0.0,5940.0,0.0,0.73,9.8,0.019,0.027,0.421,0.112,8.0,0.0,6.3,240.0,173.0,31.0,9.0,0.29,,0.4,0.064,,0.0,0.933,false,0.9914,99.08,true,,,
Base.CannedChili,food,per_item,260.0|33.0|7.0|16.0,175207,sr_legacy,"Chili with beans, canned",close,canned,,252.4,judgement,,,,260.0,33.0,7.0,16.0,,,259.972,33.41776,9.49024,15.44688,8.3292,190.58724,4.2908,8.65732,,0.0,454.32,0.0,1.31248,4.7956,0.121152,0.26502,0.903592,0.333168,58.052,0.0,50.9848,1067.652,921.26,118.628,113.58,5.048,,3.2812,0.625952,0.0,0.0,103.0,13.24,3.76,6.12,3.3,75.51,1.7,3.43,,0.0,180.0,0.0,0.52,1.9,0.048,0.105,0.358,0.132,23.0,0.0,20.2,423.0,365.0,47.0,45.0,2.0,,1.3,0.248,0.0,0.0,1.0163,false,0.9999,98.63,true,,,
Base.CannedChiliOpen,food,per_item,260.0|33.0|7.0|16.0,175207,sr_legacy,"Chili with beans, canned",close,canned,770,252.4,judgement,,,,260.0,33.0,7.0,16.0,-16.0,,259.972,33.41776,9.49024,15.44688,8.3292,190.58724,4.2908,8.65732,,0.0,454.32,0.0,1.31248,4.7956,0.121152,0.26502,0.903592,0.333168,58.052,0.0,50.9848,1067.652,921.26,118.628,113.58,5.048,,3.2812,0.625952,0.0,0.0,103.0,13.24,3.76,6.12,3.3,75.51,1.7,3.43,,0.0,180.0,0.0,0.52,1.9,0.048,0.105,0.358,0.132,23.0,0.0,20.2,423.0,365.0,47.0,45.0,2.0,,1.3,0.248,0.0,0.0,1.0163,false,0.9999,98.63,true,true,,
Base.CannedCorn,food,per_item,315.0|70.0|1.75|7.0,169214,sr_legacy,"Corn, sweet, yellow, canned, whole kernel, drained solids",close,canned,3788,470.1,judgement,iodine:corn-canned-drained,,,315.0,70.0,1.75,7.0,,,314.967,67.41234,5.73522,10.76529,9.402,382.70841,8.4618,1.26927,,0.0,65.814,0.0,0.42309,0.0,0.183339,0.418389,4.724505,0.173937,183.339,0.0,83.6778,963.705,620.532,14.103,61.113,1.50432,1.4103,2.8206,2.355201,0.0,0.0,67.0,14.34,1.22,2.29,2.0,81.41,1.8,0.27,,0.0,14.0,0.0,0.09,0.0,0.039,0.089,1.005,0.037,39.0,0.0,17.8,205.0,132.0,3.0,13.0,0.32,0.3,0.6,0.501,0.0,0.0,1.097,false,0.9999,99.26,true,true,,
Base.CannedCornOpen,food,per_item,315.0|70.0|1.75|7.0,169214,sr_legacy,"Corn, sweet, yellow, canned, whole kernel, drained solids",close,canned,3788,470.1,judgement,,,,315.0,70.0,1.75,7.0,-16.0,-4.0,314.967,67.41234,5.73522,10.76529,9.402,382.70841,8.4618,1.26927,,0.0,65.814,0.0,0.42309,0.0,0.183339,0.418389,4.724505,0.173937,183.339,0.0,83.6778,963.705,620.532,14.103,61.113,1.50432,,2.8206,2.355201,0.0,0.0,67.0,14.34,1.22,2.29,2.0,81.41,1.8,0.27,,0.0,14.0,0.0,0.09,0.0,0.039,0.089,1.005,0.037,39.0,0.0,17.8,205.0,132.0,3.0,13.0,0.32,,0.6,0.501,0.0,0.0,1.097,false,0.9999,99.26,true,true,,
Base.CannedCornedBeef,food,per_item,720.0|0.0|48.0|78.0,170602,sr_legacy,"Beef, cured, corned beef, canned",close,canned,,288.0,judgement,,zero:meat,,720.0,0.0,48.0,78.0,,,720.0,0.0,42.9984,78.048,0.0,166.2336,0.0,5.9904,0.0,0.0,0.0,0.576,0.432,4.608,0.0576,0.42336,6.9984,0.3744,25.92,4.6656,256.896,2583.36,391.68,34.56,40.32,10.2816,,123.552,1.8144,0.0,0.0,250.0,0.0,14.93,27.1,0.0,57.72,0.0,2.08,0.0,0.0,0.0,0.2,0.15,1.6,0.02,0.147,2.43,0.13,9.0,1.62,89.2,897.0,136.0,12.0,14.0,3.57,,42.9,0.63,0.0,0.0,0.9711,false,1.0,99.75,true,,,
Base.CannedCornedBeefOpen,food,per_item,720.0|0.0|48.0|78.0,170602,sr_legacy,"Beef, cured, corned beef, canned",close,canned,770,288.0,judgement,,zero:meat,,720.0,0.0,48.0,78.0,-24.0,,720.0,0.0,42.9984,78.048,0.0,166.2336,0.0,5.9904,0.0,0.0,0.0,0.576,0.432,4.608,0.0576,0.42336,6.9984,0.3744,25.92,4.6656,256.896,2583.36,391.68,34.56,40.32,10.2816,,123.552,1.8144,0.0,0.0,250.0,0.0,14.93,27.1,0.0,57.72,0.0,2.08,0.0,0.0,0.0,0.2,0.15,1.6,0.02,0.147,2.43,0.13,9.0,1.62,89.2,897.0,136.0,12.0,14.0,3.57,,42.9,0.63,0.0,0.0,0.9711,false,1.0,99.75,true,true,,
Base.CannedEggplant,food,per_item,342.0|81.0|2.4|13.5,169229,sr_legacy,"Eggplant, cooked, boiled, drained, without salt",proxy,canned,3788,977.1,judgement,,zero:vegetable,,342.0,81.0,2.4,13.5,-48.0,,341.985,85.30083,2.24733,8.10993,24.4275,876.16557,12.7023,2.44275,0.0,0.0,214.962,0.0,4.00611,28.3359,0.742596,0.19542,5.8626,0.840306,136.794,0.0,91.8474,9.771,1201.833,58.626,107.481,1.17252,,0.9771,0.908703,0.0,0.0,35.0,8.73,0.23,0.83,2.5,89.67,1.3,0.25,0.0,0.0,22.0,0.0,0.41,2.9,0.076,0.02,0.6,0.086,14.0,0.0,9.4,1.0,123.0,6.0,11.0,0.12,,0.1,0.093,0.0,0.0,1.0089,false,1.0,99.46,true,true,,
Base.CannedEggplant_Open,food,per_item,342.0|81.0|2.4|13.5,169229,sr_legacy,"Eggplant, cooked, boiled, drained, without salt",proxy,canned,,977.1,judgement,,zero:vegetable,,342.0,81.0,2.4,13.5,-48.0,,341.985,85.30083,2.24733,8.10993,24.4275,876.16557,12.7023,2.44275,0.0,0.0,214.962,0.0,4.00611,28.3359,0.742596,0.19542,5.8626,0.840306,136.794,0.0,91.8474,9.771,1201.833,58.626,107.481,1.17252,,0.9771,0.908703,0.0,0.0,35.0,8.73,0.23,0.83,2.5,89.67,1.3,0.25,0.0,0.0,22.0,0.0,0.41,2.9,0.076,0.02,0.6,0.086,14.0,0.0,9.4,1.0,123.0,6.0,11.0,0.12,,0.1,0.093,0.0,0.0,1.0089,false,1.0,99.46,true,,,
Base.CannedFruitBeverage,food,per_item,250.0|0.0|24.0|10.0,171914,sr_legacy,"Beverages, fruit punch drink, without added nutrients, canned",close,canned,,520.8,judgement,,zero:sugar,,250.0,0.0,24.0,10.0,,,249.984,62.33976,0.0,0.0,0.0,458.14776,2.0832,0.46872,0.0,0.0,0.0,0.0,0.10416,0.0,0.114576,0.119784,0.109368,0.057288,20.832,0.0,2.604,52.08,130.2,41.664,15.624,0.05208,,1.0416,0.0,0.0,0.0,48.0,11.97,0.0,0.0,0.0,87.97,0.4,0.09,0.0,0.0,0.0,0.0,0.02,0.0,0.022,0.023,0.021,0.011,4.0,0.0,0.5,10.0,25.0,8.0,3.0,0.01,,0.2,0.0,0.0,0.0,0.9975,false,0.9999,99.94,true,,,
Base.CannedFruitBeverageOpen,food,per_item,250.0|0.0|24.0|10.0,171914,sr_legacy,"Beverages, fruit punch drink, without added nutrients, canned",close,canned,,520.8,judgement,,zero:sugar,,250.0,0.0,24.0,10.0,-15.0,-85.0,249.984,62.33976,0.0,0.0,0.0,458.14776,2.0832,0.46872,0.0,0.0,0.0,0.0,0.10416,0.0,0.114576,0.119784,0.109368,0.057288,20.832,0.0,2.604,52.08,130.2,41.664,15.624,0.05208,,1.0416,0.0,0.0,0.0,48.0,11.97,0.0,0.0,0.0,87.97,0.4,0.09,0.0,0.0,0.0,0.0,0.02,0.0,0.022,0.023,0.021,0.011,4.0,0.0,0.5,10.0,25.0,8.0,3.0,0.01,,0.2,0.0,0.0,0.0,0.9975,false,0.9999,99.94,true,,,
Base.CannedFruitCocktail,food,per_item,250.0|0.0|24.0|10.0,173028,sr_legacy,"Fruit cocktail, (peach and pineapple and pear and grape and cherry), canned, heavy syrup, solids and liquids",close,canned,,342.5,judgement,iodine:fruit-cocktail-canned,zero:fruit,,250.0,0.0,24.0,10.0,,,250.025,64.76675,0.23975,1.33575,3.425,275.37,6.5075,0.99325,0.0,0.0,356.2,0.0,1.37,8.905,0.06165,0.065075,1.28095,0.17125,10.275,0.0,12.6725,20.55,301.4,20.55,17.125,0.274,13.3575,1.7125,0.106175,0.0,0.0,73.0,18.91,0.07,0.39,1.0,80.4,1.9,0.29,0.0,0.0,104.0,0.0,0.4,2.6,0.018,0.019,0.374,0.05,3.0,0.0,3.7,6.0,88.0,6.0,5.0,0.08,3.9,0.5,0.031,0.0,0.0,1.0388,false,1.0001,99.77,true,,,
Base.CannedFruitCocktailOpen,food,per_item,250.0|0.0|24.0|10.0,173028,sr_legacy,"Fruit cocktail, (peach and pineapple and pear and grape and cherry), canned, heavy syrup, solids and liquids",close,canned,,342.5,judgement,,zero:fruit,,250.0,0.0,24.0,10.0,-15.0,,250.025,64.76675,0.23975,1.33575,3.425,275.37,6.5075,0.99325,0.0,0.0,356.2,0.0,1.37,8.905,0.06165,0.065075,1.28095,0.17125,10.275,0.0,12.6725,20.55,301.4,20.55,17.125,0.274,,1.7125,0.106175,0.0,0.0,73.0,18.91,0.07,0.39,1.0,80.4,1.9,0.29,0.0,0.0,104.0,0.0,0.4,2.6,0.018,0.019,0.374,0.05,3.0,0.0,3.7,6.0,88.0,6.0,5.0,0.08,,0.5,0.031,0.0,0.0,1.0388,false,1.0001,99.77,true,,,
Base.CannedLeek,food,per_item,216.0|560.0|1.2|15.2,168426,sr_legacy,"Leeks, (bulb and lower leaf-portion), cooked, boiled, drained, without salt",proxy,canned,3788,696.8,judgement,,zero:vegetable,,216.0,560.0,1.2,15.2,-48.0,,216.008,53.09616,1.3936,5.64408,6.968,632.6944,29.2656,7.6648,0.0,0.0,3393.416,0.0,3.484,176.9872,0.181168,0.13936,1.3936,0.787384,167.232,0.0,,69.68,606.216,209.04,97.552,0.41808,,3.484,0.773448,,,31.0,7.62,0.2,0.81,1.0,90.8,4.2,1.1,0.0,0.0,487.0,0.0,0.5,25.4,0.026,0.02,0.2,0.113,24.0,0.0,,10.0,87.0,30.0,14.0,0.06,,0.5,0.111,,,1.0813,false,1.0,99.43,true,true,,
Base.CannedLeek_Open,food,per_item,216.0|560.0|1.2|15.2,168426,sr_legacy,"Leeks, (bulb and lower leaf-portion), cooked, boiled, drained, without salt",proxy,canned,,696.8,judgement,,zero:vegetable,,216.0,560.0,1.2,15.2,-48.0,,216.008,53.09616,1.3936,5.64408,6.968,632.6944,29.2656,7.6648,0.0,0.0,3393.416,0.0,3.484,176.9872,0.181168,0.13936,1.3936,0.787384,167.232,0.0,,69.68,606.216,209.04,97.552,0.41808,,3.484,0.773448,,,31.0,7.62,0.2,0.81,1.0,90.8,4.2,1.1,0.0,0.0,487.0,0.0,0.5,25.4,0.026,0.02,0.2,0.113,24.0,0.0,,10.0,87.0,30.0,14.0,0.06,,0.5,0.111,,,1.0813,false,1.0,99.43,true,,,
Base.CannedMilk,food,per_item,472.0|23.6|23.6|23.6,171276,sr_legacy,"Milk, canned, evaporated, with added vitamin D and without added vitamin A",close,canned,,369.0,fdc_portion:3,,zero:dairy,,472.0,23.6,23.6,23.6,,,494.46,37.0476,27.8964,25.1289,0.0,273.2076,7.011,0.7011,0.0,236.16,44.28,7.38,0.5166,1.845,0.17343,1.16604,0.71586,0.1845,29.52,0.5904,117.342,391.14,1118.07,963.09,88.56,2.8413,,8.487,0.90405,0.0,0.0,134.0,10.04,7.56,6.81,0.0,74.04,1.9,0.19,0.0,64.0,12.0,2.0,0.14,0.5,0.047,0.316,0.194,0.05,8.0,0.16,31.8,106.0,303.0,261.0,24.0,0.77,,2.3,0.245,0.0,0.0,1.0107,false,1.0476,98.45,true,,,
Base.CannedMilkOpen,food,per_item,472.0|23.6|23.6|23.6,172194,sr_legacy,"Milk, canned, evaporated, with added vitamin A",close,canned,,352.2,judgement,,zero:dairy,,472.0,23.6,23.6,23.6,-10.0,-10.0,471.948,35.36088,26.62632,23.98482,0.0,260.76888,6.6918,0.66918,0.0,,,,,,0.165534,1.112952,0.683268,0.1761,28.176,0.56352,,373.332,1067.166,919.242,84.528,2.71194,,8.1006,0.86289,,,134.0,10.04,7.56,6.81,0.0,74.04,1.9,0.19,0.0,,,,,,0.047,0.316,0.194,0.05,8.0,0.16,,106.0,303.0,261.0,24.0,0.77,,2.3,0.245,,,1.0107,false,0.9999,98.45,true,,,
Base.CannedMushroomSoup,food,per_item,160.0|19.0|8.0|3.0,171155,sr_legacy,"Soup, cream of mushroom, canned, condensed",close,canned,,202.5,judgement,,,,160.0,19.0,8.0,3.0,,,159.975,13.77,10.7325,2.73375,1.4175,171.5175,0.0,0.3645,,4.05,0.0,0.405,1.0125,39.69,0.0243,0.0324,0.698625,0.030375,4.05,0.0,19.6425,1399.275,129.6,24.3,6.075,0.22275,,5.8725,5.86845,0.0,0.0,79.0,6.8,5.3,1.35,0.7,84.7,0.0,0.18,,2.0,0.0,0.2,0.5,19.6,0.012,0.016,0.345,0.015,2.0,0.0,9.7,691.0,64.0,12.0,3.0,0.11,,2.9,2.898,0.0,0.0,0.9987,false,0.9998,98.15,true,,,
Base.CannedMushroomSoupOpen,food,per_item,160.0|19.0|8.0|3.0,171155,sr_legacy,"Soup, cream of mushroom, canned, condensed",close,canned,3788,202.5,judgement,,,,160.0,19.0,8.0,3.0,-10.0,-4.0,159.975,13.77,10.7325,2.73375,1.4175,171.5175,0.0,0.3645,,4.05,0.0,0.405,1.0125,39.69,0.0243,0.0324,0.698625,0.030375,4.05,0.0,19.6425,1399.275,129.6,24.3,6.075,0.22275,,5.8725,5.86845,0.0,0.0,79.0,6.8,5.3,1.35,0.7,84.7,0.0,0.18,,2.0,0.0,0.2,0.5,19.6,0.012,0.016,0.345,0.015,2.0,0.0,9.7,691.0,64.0,12.0,3.0,0.11,,2.9,2.898,0.0,0.0,0.9987,false,0.9998,98.15,true,true,,
Base.CannedPeaches,food,per_item,250.0|0.0|24.0|10.0,169112,sr_legacy,"Peaches, canned, heavy syrup pack, solids and liquids",close,canned,,337.8,judgement,iodine:peach-canned,zero:fruit,,250.0,0.0,24.0,10.0,,,249.972,67.35732,0.3378,1.5201,4.3914,267.80784,9.4584,0.91206,0.0,0.0,557.37,0.0,1.65522,5.7426,0.037158,0.081072,2.074092,0.064182,10.134,0.0,13.8498,20.268,310.776,10.134,16.89,0.30402,20.9436,1.0134,0.158766,0.0,0.0,74.0,19.94,0.1,0.45,1.3,79.28,2.8,0.27,0.0,0.0,165.0,0.0,0.49,1.7,0.011,0.024,0.614,0.019,3.0,0.0,4.1,6.0,92.0,3.0,5.0,0.09,6.2,0.3,0.047,0.0,0.0,1.0792,false,0.9999,99.77,true,,,
Base.CannedPeachesOpen,food,per_item,250.0|0.0|24.0|10.0,169112,sr_legacy,"Peaches, canned, heavy syrup pack, solids and liquids",close,canned,,337.8,judgement,,zero:fruit,,250.0,0.0,24.0,10.0,-15.0,,249.972,67.35732,0.3378,1.5201,4.3914,267.80784,9.4584,0.91206,0.0,0.0,557.37,0.0,1.65522,5.7426,0.037158,0.081072,2.074092,0.064182,10.134,0.0,13.8498,20.268,310.776,10.134,16.89,0.30402,,1.0134,0.158766,0.0,0.0,74.0,19.94,0.1,0.45,1.3,79.28,2.8,0.27,0.0,0.0,165.0,0.0,0.49,1.7,0.011,0.024,0.614,0.019,3.0,0.0,4.1,6.0,92.0,3.0,5.0,0.09,,0.3,0.047,0.0,0.0,1.0792,false,0.9999,99.77,true,,,
Base.CannedPeas,food,per_item,280.0|52.5|0.0|14.0,170421,sr_legacy,"Peas, green, canned, regular pack, solids and liquids",exact,canned,,481.1,vanilla_implied,,,,280.0,52.5,0.0,14.0,,,279.038,50.9966,2.30928,14.48111,15.8763,409.56043,37.5258,6.20619,,0.0,4378.01,0.0,0.09622,99.5877,0.370447,0.115464,4.786945,0.312715,115.464,0.0,96.22,890.035,509.966,96.22,91.409,3.46392,,6.2543,1.087286,0.0,0.0,58.0,10.6,0.48,3.01,3.3,85.13,7.8,1.29,,0.0,910.0,0.0,0.02,20.7,0.077,0.024,0.995,0.065,24.0,0.0,20.0,185.0,106.0,20.0,19.0,0.72,,1.3,0.226,0.0,0.0,0.8993,true,0.9966,99.22,true,,,"atwater: 52.16 kcal from the macros against 58.0, ratio 0.8993 outside +/-10 %"
Base.CannedPeasOpen,food,per_item,280.0|52.5|0.0|14.0,170421,sr_legacy,"Peas, green, canned, regular pack, solids and liquids",exact,canned,3788,481.1,vanilla_implied,,,,280.0,52.5,0.0,14.0,-16.0,-3.0,279.038,50.9966,2.30928,14.48111,15.8763,409.56043,37.5258,6.20619,,0.0,4378.01,0.0,0.09622,99.5877,0.370447,0.115464,4.786945,0.312715,115.464,0.0,96.22,890.035,509.966,96.22,91.409,3.46392,,6.2543,1.087286,0.0,0.0,58.0,10.6,0.48,3.01,3.3,85.13,7.8,1.29,,0.0,910.0,0.0,0.02,20.7,0.077,0.024,0.995,0.065,24.0,0.0,20.0,185.0,106.0,20.0,19.0,0.72,,1.3,0.226,0.0,0.0,0.8993,true,0.9966,99.22,true,true,,"atwater: 52.16 kcal from the macros against 58.0, ratio 0.8993 outside +/-10 %"
Base.CannedPineapple,food,per_item,250.0|0.0|24.0|10.0,169944,sr_legacy,"Pineapple, canned, heavy syrup pack, solids and liquids",close,canned,,320.5,judgement,iodine:pineapple-canned,zero:fruit,,250.0,0.0,24.0,10.0,,,249.99,64.741,0.35255,1.12175,2.564,253.16295,23.717,1.2179,0.0,0.0,25.64,0.0,0.03205,0.9615,0.28845,0.080125,0.919835,0.23717,16.025,0.0,12.179,3.205,333.32,44.87,51.28,0.3846,5.769,1.282,0.1282,0.0,0.0,78.0,20.2,0.11,0.35,0.8,78.99,7.4,0.38,0.0,0.0,8.0,0.0,0.01,0.3,0.09,0.025,0.287,0.074,5.0,0.0,3.8,1.0,104.0,14.0,16.0,0.12,1.8,0.4,0.04,0.0,0.0,1.046,false,1.0,99.65,true,,,
Base.CannedPineappleOpen,food,per_item,250.0|0.0|24.0|10.0,169944,sr_legacy,"Pineapple, canned, heavy syrup pack, solids and liquids",close,canned,,320.5,judgement,,zero:fruit,,250.0,0.0,24.0,10.0,-15.0,,249.99,64.741,0.35255,1.12175,2.564,253.16295,23.717,1.2179,0.0,0.0,25.64,0.0,0.03205,0.9615,0.28845,0.080125,0.919835,0.23717,16.025,0.0,12.179,3.205,333.32,44.87,51.28,0.3846,,1.282,0.1282,0.0,0.0,78.0,20.2,0.11,0.35,0.8,78.99,7.4,0.38,0.0,0.0,8.0,0.0,0.01,0.3,0.09,0.025,0.287,0.074,5.0,0.0,3.8,1.0,104.0,14.0,16.0,0.12,,0.4,0.04,0.0,0.0,1.046,false,1.0,99.65,true,,,
Base.CannedPotato,food,per_item,210.0|45.0|0.45|9.0,170443,sr_legacy,"Potatoes, canned, solids and liquids",close,canned,3379,477.3,judgement,,,,210.0,45.0,0.45,9.0,-48.0,,210.012,47.20497,0.52503,5.7276,6.6822,419.21259,36.2748,3.43656,,0.0,,0.0,,,0.162282,0.09546,4.243197,0.653901,23.865,0.0,,1035.741,978.465,186.147,66.822,1.86147,,3.3411,0.219558,,0.0,44.0,9.89,0.11,1.2,1.4,87.83,7.6,0.72,,0.0,,0.0,,,0.034,0.02,0.889,0.137,5.0,0.0,,217.0,205.0,39.0,14.0,0.39,,0.7,0.046,,0.0,0.967,false,1.0001,99.03,true,true,,
Base.CannedPotato2,food,per_item,175.0|35.0|0.0|2.5,170443,sr_legacy,"Potatoes, canned, solids and liquids",close,canned,,454.0,fdc_portion:2,,,,175.0,35.0,0.0,2.5,,,199.76,44.9006,0.4994,5.448,6.356,398.7482,34.504,3.2688,,0.0,,0.0,,,0.15436,0.0908,4.03606,0.62198,22.7,0.0,,985.18,930.7,177.06,63.56,1.7706,,3.178,0.20884,,0.0,44.0,9.89,0.11,1.2,1.4,87.83,7.6,0.72,,0.0,,0.0,,,0.034,0.02,0.889,0.137,5.0,0.0,,217.0,205.0,39.0,14.0,0.39,,0.7,0.046,,0.0,0.967,false,1.1415,99.03,true,,,
Base.CannedPotatoOpen,food,per_item,175.0|35.0|0.0|2.5,170443,sr_legacy,"Potatoes, canned, solids and liquids",close,canned,3371,454.0,fdc_portion:2,,,,175.0,35.0,0.0,2.5,-18.0,-7.0,199.76,44.9006,0.4994,5.448,6.356,398.7482,34.504,3.2688,,0.0,,0.0,,,0.15436,0.0908,4.03606,0.62198,22.7,0.0,,985.18,930.7,177.06,63.56,1.7706,,3.178,0.20884,,0.0,44.0,9.89,0.11,1.2,1.4,87.83,7.6,0.72,,0.0,,0.0,,,0.034,0.02,0.889,0.137,5.0,0.0,,217.0,205.0,39.0,14.0,0.39,,0.7,0.046,,0.0,0.967,false,1.1415,99.03,true,true,,
Base.CannedPotato_Open,food,per_item,210.0|45.0|0.45|9.0,170443,sr_legacy,"Potatoes, canned, solids and liquids",close,canned,,477.3,judgement,,zero:vegetable,,210.0,45.0,0.45,9.0,-48.0,,210.012,47.20497,0.52503,5.7276,6.6822,419.21259,36.2748,3.43656,0.0,0.0,,0.0,,,0.162282,0.09546,4.243197,0.653901,23.865,0.0,,1035.741,978.465,186.147,66.822,1.86147,,3.3411,0.219558,,0.0,44.0,9.89,0.11,1.2,1.4,87.83,7.6,0.72,0.0,0.0,,0.0,,,0.034,0.02,0.889,0.137,5.0,0.0,,217.0,205.0,39.0,14.0,0.39,,0.7,0.046,,0.0,0.967,false,1.0001,99.03,true,,,
Base.CannedRedRadish,food,per_item,15.0|2.25|0.0|0.0,169889,sr_legacy,"Radishes, hawaiian style, pickled",proxy,canned,3468,53.6,judgement,,zero:vegetable,,15.0,2.25,0.0,0.0,-45.0,,15.008,2.7872,0.1608,0.5896,1.1792,49.044,0.0,0.12328,0.0,0.0,0.0,0.0,0.0,0.268,0.01072,0.01608,0.16616,0.0536,4.824,0.0,6.2176,422.904,178.488,15.008,4.288,0.11792,,0.3752,0.07236,0.0,0.0,28.0,5.2,0.3,1.1,2.2,91.5,0.0,0.23,0.0,0.0,0.0,0.0,0.0,0.5,0.02,0.03,0.31,0.1,9.0,0.0,11.6,789.0,333.0,28.0,8.0,0.22,,0.7,0.135,0.0,0.0,0.8393,true,1.0005,98.1,true,true,,"atwater: 23.5 kcal from the macros against 28.0, ratio 0.8393 outside +/-10 %"
Base.CannedRedRadish_Open,food,per_item,15.0|2.25|0.0|0.0,169889,sr_legacy,"Radishes, hawaiian style, pickled",proxy,canned,,53.6,judgement,,zero:vegetable,,15.0,2.25,0.0,0.0,-45.0,,15.008,2.7872,0.1608,0.5896,1.1792,49.044,0.0,0.12328,0.0,0.0,0.0,0.0,0.0,0.268,0.01072,0.01608,0.16616,0.0536,4.824,0.0,6.2176,422.904,178.488,15.008,4.288,0.11792,,0.3752,0.07236,0.0,0.0,28.0,5.2,0.3,1.1,2.2,91.5,0.0,0.23,0.0,0.0,0.0,0.0,0.0,0.5,0.02,0.03,0.31,0.1,9.0,0.0,11.6,789.0,333.0,28.0,8.0,0.22,,0.7,0.135,0.0,0.0,0.8393,true,1.0005,98.1,true,,,"atwater: 23.5 kcal from the macros against 28.0, ratio 0.8393 outside +/-10 %"
Base.CannedRoe,food,per_item,56.0|14.0|0.8|5.2,174188,sr_legacy,"Fish, caviar, black and red, granular",close,canned,2554,21.2,judgement,,zero:fish,,56.0,14.0,0.8,5.2,-48.0,,55.968,0.848,3.7948,5.2152,0.0,10.07,0.0,2.51856,0.0,57.452,0.0,0.6148,0.40068,0.1272,0.04028,0.13144,0.02544,0.06784,10.6,4.24,104.0708,318.0,38.372,58.3,63.6,0.2014,,13.886,0.020776,0.0,0.0,264.0,4.0,17.9,24.6,0.0,47.5,0.0,11.88,0.0,271.0,0.0,2.9,1.89,0.6,0.19,0.62,0.12,0.32,50.0,20.0,490.9,1500.0,181.0,275.0,300.0,0.95,,65.5,0.098,0.0,0.0,1.0436,false,0.9994,94.0,true,true,,
Base.CannedRoe_Open,food,per_item,150.0|0.0|11.0|14.0,174188,sr_legacy,"Fish, caviar, black and red, granular",close,prepared,,58.4,vanilla_implied,,zero:fish,,150.0,0.0,11.0,14.0,-10.0,,154.176,2.336,10.4536,14.3664,0.0,27.74,0.0,6.93792,0.0,158.264,0.0,1.6936,1.10376,0.3504,0.11096,0.36208,0.07008,0.18688,29.2,11.68,286.6856,876.0,105.704,160.6,175.2,0.5548,,38.252,0.057232,0.0,0.0,264.0,4.0,17.9,24.6,0.0,47.5,0.0,11.88,0.0,271.0,0.0,2.9,1.89,0.6,0.19,0.62,0.12,0.32,50.0,20.0,490.9,1500.0,181.0,275.0,300.0,0.95,,65.5,0.098,0.0,0.0,1.0436,false,1.0278,94.0,true,,,
Base.CannedSardines,food,per_item,150.0|0.0|11.0|14.0,175139,sr_legacy,"Fish, sardine, Atlantic, canned in oil, drained solids with bone",close,canned,,72.1,judgement,,zero:fish,,150.0,0.0,11.0,14.0,,,149.968,0.0,8.25545,17.75102,0.0,42.97881,0.0,2.10532,0.0,23.072,0.0,3.4608,1.47084,1.8746,0.05768,0.163667,3.781645,0.120407,7.21,6.44574,54.075,221.347,286.237,275.422,28.119,0.94451,,37.9967,2.913561,0.0,0.0,208.0,0.0,11.45,24.62,0.0,59.61,0.0,2.92,0.0,32.0,0.0,4.8,2.04,2.6,0.08,0.227,5.245,0.167,10.0,8.94,75.0,307.0,397.0,382.0,39.0,1.31,,52.7,4.041,0.0,0.0,0.9689,false,0.9998,95.68,true,,,
Base.CannedSardinesOpen,food,per_item,150.0|0.0|11.0|14.0,175139,sr_legacy,"Fish, sardine, Atlantic, canned in oil, drained solids with bone",close,canned,2554,72.1,judgement,,zero:fish,,150.0,0.0,11.0,14.0,-14.0,,149.968,0.0,8.25545,17.75102,0.0,42.97881,0.0,2.10532,0.0,23.072,0.0,3.4608,1.47084,1.8746,0.05768,0.163667,3.781645,0.120407,7.21,6.44574,54.075,221.347,286.237,275.422,28.119,0.94451,,37.9967,2.913561,0.0,0.0,208.0,0.0,11.45,24.62,0.0,59.61,0.0,2.92,0.0,32.0,0.0,4.8,2.04,2.6,0.08,0.227,5.245,0.167,10.0,8.94,75.0,307.0,397.0,382.0,39.0,1.31,,52.7,4.041,0.0,0.0,0.9689,false,0.9998,95.68,true,true,,
Base.CannedTomato,food,per_item,56.0|14.0|0.8|5.2,170051,sr_legacy,"Tomatoes, red, ripe, canned, packed in tomato juice",close,canned,3754,350.0,judgement,,zero:vegetable,,56.0,14.0,0.8,5.2,-48.0,,56.0,12.145,0.875,2.765,6.65,331.625,44.1,1.995,0.0,0.0,857.5,0.0,2.065,9.1,2.0125,0.1925,2.492,0.3885,28.0,0.0,22.4,402.5,668.5,115.5,35.0,0.42,,2.45,0.3535,0.0,0.0,16.0,3.47,0.25,0.79,1.9,94.75,12.6,0.57,0.0,0.0,245.0,0.0,0.59,2.6,0.575,0.055,0.712,0.111,8.0,0.0,6.4,115.0,191.0,33.0,10.0,0.12,,0.7,0.101,0.0,0.0,0.9681,false,1.0,99.26,true,true,,
Base.CannedTomato2,food,per_item,90.0|18.0|0.0|3.0,170051,sr_legacy,"Tomatoes, red, ripe, canned, packed in tomato juice",close,canned,,562.5,judgement,,zero:vegetable,,90.0,18.0,0.0,3.0,,,90.0,19.51875,1.40625,4.44375,10.6875,532.96875,70.875,3.20625,0.0,0.0,1378.125,0.0,3.31875,14.625,3.234375,0.309375,4.005,0.624375,45.0,0.0,36.0,646.875,1074.375,185.625,56.25,0.675,,3.9375,0.568125,0.0,0.0,16.0,3.47,0.25,0.79,1.9,94.75,12.6,0.57,0.0,0.0,245.0,0.0,0.59,2.6,0.575,0.055,0.712,0.111,8.0,0.0,6.4,115.0,191.0,33.0,10.0,0.12,,0.7,0.101,0.0,0.0,0.9681,false,1.0,99.26,true,,,
Base.CannedTomatoOpen,food,per_item,90.0|18.0|0.0|3.0,170051,sr_legacy,"Tomatoes, red, ripe, canned, packed in tomato juice",close,canned,3754,562.5,judgement,,zero:vegetable,,90.0,18.0,0.0,3.0,-12.0,-8.0,90.0,19.51875,1.40625,4.44375,10.6875,532.96875,70.875,3.20625,0.0,0.0,1378.125,0.0,3.31875,14.625,3.234375,0.309375,4.005,0.624375,45.0,0.0,36.0,646.875,1074.375,185.625,56.25,0.675,,3.9375,0.568125,0.0,0.0,16.0,3.47,0.25,0.79,1.9,94.75,12.6,0.57,0.0,0.0,245.0,0.0,0.59,2.6,0.575,0.055,0.712,0.111,8.0,0.0,6.4,115.0,191.0,33.0,10.0,0.12,,0.7,0.101,0.0,0.0,0.9681,false,1.0,99.26,true,true,,
Base.CannedTomato_Open,food,per_item,56.0|14.0|0.8|5.2,170051,sr_legacy,"Tomatoes, red, ripe, canned, packed in tomato juice",close,canned,,350.0,judgement,,zero:vegetable,,56.0,14.0,0.8,5.2,-48.0,,56.0,12.145,0.875,2.765,6.65,331.625,44.1,1.995,0.0,0.0,857.5,0.0,2.065,9.1,2.0125,0.1925,2.492,0.3885,28.0,0.0,22.4,402.5,668.5,115.5,35.0,0.42,,2.45,0.3535,0.0,0.0,16.0,3.47,0.25,0.79,1.9,94.75,12.6,0.57,0.0,0.0,245.0,0.0,0.59,2.6,0.575,0.055,0.712,0.111,8.0,0.0,6.4,115.0,191.0,33.0,10.0,0.12,,0.7,0.101,0.0,0.0,0.9681,false,1.0,99.26,true,,,
Base.Canteen,fluid_container,none,,,,,,,,,,,,fluid_sourced,,,,,,-50.0,,,,,,,,,,,,,,,,,,,,,,,,,,,,,,,,,,,,,,,,,,,,,,,,,,,,,,,,,,,,,,,,,,,,,,
Base.CanteenClay,fluid_container,none,,,,,,,,,,,,empty_container,,,,,,,,,,,,,,,,,,,,,,,,,,,,,,,,,,,,,,,,,,,,,,,,,,,,,,,,,,,,,,,,,,,,,,,,,,,,
Base.CanteenCowboy,fluid_container,none,,,,,,,,,,,,fluid_sourced,,,,,,-50.0,,,,,,,,,,,,,,,,,,,,,,,,,,,,,,,,,,,,,,,,,,,,,,,,,,,,,,,,,,,,,,,,,,,,,,
Base.CanteenMilitary,fluid_container,none,,,,,,,,,,,,empty_container,,,,,,,,,,,,,,,,,,,,,,,,,,,,,,,,,,,,,,,,,,,,,,,,,,,,,,,,,,,,,,,,,,,,,,,,,,,,
Base.CanteenMilitaryFull,fluid_container,none,,,,,,,,,,,,fluid_sourced,,,,,,-50.0,,,,,,,,,,,,,,,,,,,,,,,,,,,,,,,,,,,,,,,,,,,,,,,,,,,,,,,,,,,,,,,,,,,,,,
Base.Capers,food,per_item,10.0|2.0|0.0|1.0,172238,sr_legacy,"Capers, canned",exact,canned,,42.3,vanilla_implied,,zero:vegetable,,10.0,2.0,0.0,1.0,-5.0,,9.729,2.06847,0.36378,0.99828,1.3536,35.46855,1.8189,0.70641,0.0,0.0,35.109,0.0,0.37224,10.4058,0.007614,0.058797,0.275796,0.009729,9.729,0.0,2.7495,993.204,16.92,16.92,13.959,0.13536,,0.5076,0.124362,0.0,0.0,23.0,4.89,0.86,2.36,3.2,83.85,4.3,1.67,0.0,0.0,83.0,0.0,0.88,24.6,0.018,0.139,0.652,0.023,23.0,0.0,6.5,2348.0,40.0,40.0,33.0,0.32,,1.2,0.294,0.0,0.0,1.3191,true,0.9729,91.96,true,,,"atwater: 30.34 kcal from the macros against 23.0, ratio 1.3191 outside +/-10 %"
Base.CarBattery1,drainable,none,,,,,,,,,,,,not_food,,,,,,,,,,,,,,,,,,,,,,,,,,,,,,,,,,,,,,,,,,,,,,,,,,,,,,,,,,,,,,,,,,,,,,,,,,,,
Base.CarBattery2,drainable,none,,,,,,,,,,,,not_food,,,,,,,,,,,,,,,,,,,,,,,,,,,,,,,,,,,,,,,,,,,,,,,,,,,,,,,,,,,,,,,,,,,,,,,,,,,,
Base.CarBattery3,drainable,none,,,,,,,,,,,,not_food,,,,,,,,,,,,,,,,,,,,,,,,,,,,,,,,,,,,,,,,,,,,,,,,,,,,,,,,,,,,,,,,,,,,,,,,,,,,
Base.Carrots,food,per_item,25.0|6.0|0.15|0.6,170393,sr_legacy,"Carrots, raw",exact,raw,3451,62.7,vanilla_implied,,zero:vegetable,,25.0,6.0,0.15,0.6,-8.0,-4.0,25.707,6.00666,0.15048,0.58311,1.7556,55.35783,3.6993,0.1881,0.0,0.0,5194.695,0.0,0.41382,8.2764,0.041382,0.036366,0.616341,0.086526,11.913,0.0,5.5176,43.263,200.64,20.691,7.524,0.15048,,0.0627,0.063954,0.0,0.0,41.0,9.58,0.24,0.93,2.8,88.29,5.9,0.3,0.0,0.0,8285.0,0.0,0.66,13.2,0.066,0.058,0.983,0.138,19.0,0.0,8.8,69.0,320.0,33.0,12.0,0.24,,0.1,0.102,0.0,0.0,0.9415,false,1.0283,99.04,true,true,,
Base.CatFoodBag,food,none,,,,,,,,,,,,not_food,,,,,-60.0,,,,,,,,,,,,,,,,,,,,,,,,,,,,,,,,,,,,,,,,,,,,,,,,,,,,,,,,,,,,,,,,,,,,,,,
Base.CatTreats,food,per_item,70.0|12.0|6.0|1.0,174975,sr_legacy,"Crackers, cheese, regular",proxy,prepared,,14.3,judgement,,,,70.0,12.0,6.0,1.0,-5.0,,69.927,8.49706,3.25182,1.56299,0.3289,0.50765,0.0,0.69784,,1.573,9.009,0.0,0.31317,1.3442,0.080366,0.048334,0.874159,0.02431,34.463,0.04862,1.2441,139.139,22.308,19.448,3.575,0.17017,,1.9305,1.440582,0.0,0.0,489.0,59.42,22.74,10.93,2.3,3.55,0.0,4.88,,11.0,63.0,0.0,2.19,9.4,0.562,0.338,6.113,0.17,241.0,0.34,8.7,973.0,156.0,136.0,25.0,1.19,,13.5,10.074,0.0,0.0,0.9846,false,0.999,96.64,true,,,
Base.Cauliflower,food,per_item,24.0|3.0|0.0|4.0,169986,sr_legacy,"Cauliflower, raw",close,raw,3771,96.0,judgement,,zero:vegetable,,24.0,3.0,0.0,4.0,-9.0,-4.0,24.0,4.7712,0.2688,1.8432,1.92,88.3872,46.272,0.4032,0.0,0.0,0.0,0.0,0.0768,14.88,0.048,0.0576,0.48672,0.17664,54.72,0.0,42.528,28.8,287.04,21.12,14.4,0.2592,,0.576,0.02976,0.0,0.0,25.0,4.97,0.28,1.92,2.0,92.07,48.2,0.42,0.0,0.0,0.0,0.0,0.08,15.5,0.05,0.06,0.507,0.184,57.0,0.0,44.3,30.0,299.0,22.0,15.0,0.27,,0.6,0.031,0.0,0.0,1.0432,false,1.0,99.24,true,true,,
Base.Caviar,food,per_item,150.0|0.0|11.0|14.0,174188,sr_legacy,"Fish, caviar, black and red, granular",exact,prepared,,58.4,vanilla_implied,,zero:fish,,150.0,0.0,11.0,14.0,-10.0,,154.176,2.336,10.4536,14.3664,0.0,27.74,0.0,6.93792,0.0,158.264,0.0,1.6936,1.10376,0.3504,0.11096,0.36208,0.07008,0.18688,29.2,11.68,286.6856,876.0,105.704,160.6,175.2,0.5548,,38.252,0.057232,0.0,0.0,264.0,4.0,17.9,24.6,0.0,47.5,0.0,11.88,0.0,271.0,0.0,2.9,1.89,0.6,0.19,0.62,0.12,0.32,50.0,20.0,490.9,1500.0,181.0,275.0,300.0,0.95,,65.5,0.098,0.0,0.0,1.0436,false,1.0278,94.0,true,,,
Base.Centipede,food,per_item,60.0|3.5|6.5|15.21,kim2017:scolopendra-subspinipes,literature,"centipede (Scolopendra subspinipes mutilans) dried product, per-region mean on dry matter (Kim 2017 J Life Sci 27:1308-1314 Table 1; S1191)",guess,raw,,37.0,judgement,,,,60.0,3.5,6.5,15.21,-1.0,,59.99994,0.62382,3.4299,6.65889,0.51615,25.9,,,,,,,,,,,,,,,,,,,,,,,,,,162.162,1.686,9.27,17.997,1.395,70.0,,,,,,,,,,,,,,,,,,,,,,,,,,0.9828,false,1.0,98.953,true,,,
Base.Centipede2,food,per_item,60.0|3.5|6.5|15.21,kim2017:scolopendra-subspinipes,literature,"centipede (Scolopendra subspinipes mutilans) dried product, per-region mean on dry matter (Kim 2017 J Life Sci 27:1308-1314 Table 1; S1191)",guess,raw,,37.0,judgement,,,,60.0,3.5,6.5,15.21,-1.0,,59.99994,0.62382,3.4299,6.65889,0.51615,25.9,,,,,,,,,,,,,,,,,,,,,,,,,,162.162,1.686,9.27,17.997,1.395,70.0,,,,,,,,,,,,,,,,,,,,,,,,,,0.9828,false,1.0,98.953,true,,,
Base.CeramicCrucible,fluid_container,none,,,,,,,,,,,,empty_container,,,,,,,,,,,,,,,,,,,,,,,,,,,,,,,,,,,,,,,,,,,,,,,,,,,,,,,,,,,,,,,,,,,,,,,,,,,,
Base.CeramicCrucibleSmall,fluid_container,none,,,,,,,,,,,,empty_container,,,,,,,,,,,,,,,,,,,,,,,,,,,,,,,,,,,,,,,,,,,,,,,,,,,,,,,,,,,,,,,,,,,,,,,,,,,,
Base.CeramicCrucibleSmall_Iron,drainable,none,,,,,,,,,,,,not_food,,,,,,,,,,,,,,,,,,,,,,,,,,,,,,,,,,,,,,,,,,,,,,,,,,,,,,,,,,,,,,,,,,,,,,,,,,,,
Base.CeramicCrucibleSmall_Steel,drainable,none,,,,,,,,,,,,not_food,,,,,,,,,,,,,,,,,,,,,,,,,,,,,,,,,,,,,,,,,,,,,,,,,,,,,,,,,,,,,,,,,,,,,,,,,,,,
Base.CeramicCrucibleWithGlass,drainable,none,,,,,,,,,,,,not_food,,,,,,,,,,,,,,,,,,,,,,,,,,,,,,,,,,,,,,,,,,,,,,,,,,,,,,,,,,,,,,,,,,,,,,,,,,,,
Base.CeramicCrucible_Iron,drainable,none,,,,,,,,,,,,not_food,,,,,,,,,,,,,,,,,,,,,,,,,,,,,,,,,,,,,,,,,,,,,,,,,,,,,,,,,,,,,,,,,,,,,,,,,,,,
Base.CeramicCrucible_Steel,drainable,none,,,,,,,,,,,,not_food,,,,,,,,,,,,,,,,,,,,,,,,,,,,,,,,,,,,,,,,,,,,,,,,,,,,,,,,,,,,,,,,,,,,,,,,,,,,
Base.CeramicTeacup,fluid_container,none,,,,,,,,,,,,empty_container,,,,,,,,,,,,,,,,,,,,,,,,,,,,,,,,,,,,,,,,,,,,,,,,,,,,,,,,,,,,,,,,,,,,,,,,,,,,
Base.Cereal,food,per_item,2360.0|572.0|26.0|52.0,173911,sr_legacy,"Cereals ready-to-eat, POST, Shredded Wheat, original spoon-size",close,prepared,,672.4,judgement,,,,2360.0,572.0,26.0,52.0,-40.0,,2360.124,547.3336,14.1204,79.3432,83.3776,20.172,0.0,16.81,,0.0,0.0,0.0,4.3706,10.086,1.94996,0.60516,37.92336,0.94136,268.96,0.0,155.3244,13.448,2602.188,389.992,894.292,20.5082,,39.6716,8.721028,0.0,0.0,351.0,81.4,2.1,11.8,12.4,3.0,0.0,2.5,,0.0,0.0,0.0,0.65,1.5,0.29,0.09,5.64,0.14,40.0,0.0,23.1,2.0,387.0,58.0,133.0,3.05,,5.9,1.297,0.0,0.0,1.0453,false,1.0001,98.3,true,,,
Base.CerealBowl,food,per_item,295.0|71.5|3.25|6.5,173911,sr_legacy,"Cereals ready-to-eat, POST, Shredded Wheat, original spoon-size",close,prepared,,84.0,judgement,,,,295.0,71.5,3.25,6.5,-20.0,-15.0,294.84,68.376,1.764,9.912,10.416,2.52,0.0,2.1,,0.0,0.0,0.0,0.546,1.26,0.2436,0.0756,4.7376,0.1176,33.6,0.0,19.404,1.68,325.08,48.72,111.72,2.562,,4.956,1.08948,0.0,0.0,351.0,81.4,2.1,11.8,12.4,3.0,0.0,2.5,,0.0,0.0,0.0,0.65,1.5,0.29,0.09,5.64,0.14,40.0,0.0,23.1,2.0,387.0,58.0,133.0,3.05,,5.9,1.297,0.0,0.0,1.0453,false,0.9995,98.3,true,,,
Base.Chamomile,food,none,0.1|0.0|0.0|0.0,,,,,,,,,,,spice_only,0.1,0.0,0.0,0.0,-1.0,,,,,,,,,,,,,,,,,,,,,,,,,,,,,,,,,,,,,,,,,,,,,,,,,,,,,,,,,,,,,,,,,,,,,,,
Base.ChamomileDried,food,none,0.1|0.0|0.0|0.0,,,,,,,,,,,spice_only,0.1,0.0,0.0,0.0,-5.0,,,,,,,,,,,,,,,,,,,,,,,,,,,,,,,,,,,,,,,,,,,,,,,,,,,,,,,,,,,,,,,,,,,,,,,
Base.Champagne,fluid_container,none,581.0|25.0|0.0|0.0,,,,,,,,,,,fluid_sourced,581.0,25.0,0.0,0.0,-20.0,-20.0,,,,,,,,,,,,,,,,,,,,,,,,,,,,,,,,,,,,,,,,,,,,,,,,,,,,,,,,,,,,,,,,,,,,,,
Base.ChannelCatfish,food,per_item,159.0|1.0|1.0|35.0,174186,sr_legacy,"Fish, catfish, channel, wild, raw",close,raw,2305,167.4,judgement,,zero:fish,,159.0,1.0,1.0,35.0,-15.0,,159.03,0.0,4.72068,27.42012,0.0,134.52264,1.1718,0.5022,0.0,25.11,,20.925,,,0.35154,0.120528,3.192318,0.194184,16.74,3.73302,,71.982,599.292,23.436,38.502,0.85374,,21.0924,0.287928,,0.0,95.0,0.0,2.82,16.38,0.0,80.36,0.7,0.3,0.0,15.0,,12.5,,,0.21,0.072,1.907,0.116,10.0,2.23,,43.0,358.0,14.0,23.0,0.51,,12.6,0.172,,0.0,0.9568,false,1.0002,99.56,true,true,,
Base.Cheese,food,per_item,113.0|0.87|9.33|6.4,173414,sr_legacy,"Cheese, cheddar (Includes foods for USDA's Food Distribution Program)",close,prepared,,27.5,vanilla_implied,iodine:cheese-cheddar,zero:dairy,,113.0,0.87,9.33,6.4,-15.0,,110.825,0.92675,9.16025,6.28925,0.0,10.10625,0.0,0.0385,0.0,90.75,23.375,0.165,0.19525,0.66,0.007975,0.1177,0.016225,0.01815,7.425,0.3025,4.5375,179.575,20.9,195.25,7.425,1.001,12.65,7.8375,0.353375,0.0,0.0,403.0,3.37,33.31,22.87,0.0,36.75,0.0,0.14,0.0,330.0,85.0,0.6,0.71,2.4,0.029,0.428,0.059,0.066,27.0,1.1,16.5,653.0,76.0,710.0,27.0,3.64,46.0,28.5,1.285,0.0,0.0,1.0043,false,0.9808,96.3,true,,,
Base.Cherry,food,per_item,5.0|1.31|0.0|0.09,171719,sr_legacy,"Cherries, sweet, raw",exact,raw,,8.2,vanilla_implied,,zero:fruit,,5.0,1.31,0.0,0.09,-3.0,-1.0,5.166,1.31282,0.0164,0.08692,0.1722,6.7445,0.574,0.02952,0.0,0.0,3.116,0.0,0.00574,0.1722,0.002214,0.002706,0.012628,0.004018,0.328,0.0,0.5002,0.0,18.204,1.066,0.902,0.00574,,0.0,0.004346,0.0,0.0,63.0,16.01,0.2,1.06,2.1,82.25,7.0,0.36,0.0,0.0,38.0,0.0,0.07,2.1,0.027,0.033,0.154,0.049,4.0,0.0,6.1,0.0,222.0,13.0,11.0,0.07,,0.0,0.053,0.0,0.0,1.0457,false,1.0332,99.52,true,,,
Base.Chicken,food,per_item,230.0|0.0|9.0|38.0,173619,sr_legacy,"Chicken, broilers or fryers, leg, meat only, raw",close,raw,801,191.7,judgement,iodine:chicken-thigh-roasted,zero:meat,,230.0,0.0,9.0,38.0,-33.0,,230.04,0.0,8.08974,36.72972,0.0,146.47797,0.0,1.49526,0.0,19.17,0.0,0.0,0.34506,5.3676,0.166779,0.343143,10.693026,0.778302,7.668,1.09269,93.1662,184.032,456.246,19.17,44.091,3.37392,1.7253,40.257,1.512513,0.0,0.0,120.0,0.0,4.22,19.16,0.0,76.41,0.0,0.78,0.0,10.0,0.0,0.0,0.18,2.8,0.087,0.179,5.578,0.406,4.0,0.57,48.6,96.0,238.0,10.0,23.0,1.76,0.9,21.0,0.789,0.0,0.0,0.9552,false,1.0002,99.79,true,true,,
Base.ChickenFeather,food,none,,,,,,,,,,,,inedible_body_part,,,,,,,,,,,,,,,,,,,,,,,,,,,,,,,,,,,,,,,,,,,,,,,,,,,,,,,,,,,,,,,,,,,,,,,,,,,,
Base.ChickenFillet,food,per_item,230.0|0.0|9.0|38.0,171077,sr_legacy,"Chicken, broiler or fryers, breast, skinless, boneless, meat only, raw",close,raw,801,191.7,judgement,iodine:chicken-breast-roasted,zero:meat,,230.0,0.0,9.0,38.0,-30.0,,230.04,0.0,5.02254,43.1325,0.0,141.6663,0.0,0.70929,0.0,17.253,0.0,0.0,1.07352,0.0,0.180198,0.339309,18.4032,1.554687,17.253,0.40257,157.3857,86.265,640.278,9.585,53.676,1.30356,2.3004,43.7076,0.636444,0.0,0.0,120.0,0.0,2.62,22.5,0.0,73.9,0.0,0.37,0.0,9.0,0.0,0.0,0.56,0.0,0.094,0.177,9.6,0.811,9.0,0.21,82.1,45.0,334.0,5.0,28.0,0.68,1.2,22.8,0.332,0.0,0.0,0.9465,false,1.0002,99.02,true,true,,
Base.ChickenFoot,food,per_item,70.0|17.0|14.0|16.0,171119,sr_legacy,"Chicken, feet, boiled",close,raw,,32.6,judgement,,zero:meat,,70.0,17.0,14.0,16.0,-12.0,,70.09,0.0652,4.7596,6.3244,0.0,21.4508,0.0,0.29666,0.0,9.78,0.0,0.0652,0.08802,0.0652,0.01956,0.0652,0.1304,0.00326,28.036,0.15322,4.3358,21.842,10.106,28.688,1.63,0.22494,,1.1736,0.873028,0.0,0.0,215.0,0.2,14.6,19.4,0.0,65.8,0.0,0.91,0.0,30.0,0.0,0.2,0.27,0.2,0.06,0.2,0.4,0.01,86.0,0.47,13.3,67.0,31.0,88.0,5.0,0.69,,3.6,2.678,0.0,0.0,0.9758,false,1.0013,100.0,true,,,
Base.ChickenFried,food,per_item,260.0|17.0|14.0|16.0,170718,sr_legacy,"Fast foods, chicken, breaded and fried, boneless pieces, plain",close,cooked,,84.7,judgement,,,,260.0,17.0,14.0,16.0,-15.0,,260.029,12.64571,17.24492,13.48424,0.7623,39.41091,0.5082,0.70301,,4.235,0.0,0.1694,0.94864,5.929,0.077924,0.172788,5.069295,0.125356,12.705,0.27951,34.4729,503.118,212.597,9.317,20.328,0.49973,,14.5684,5.425035,0.0,0.0,307.0,14.93,20.36,15.92,0.9,46.53,0.6,0.83,,5.0,0.0,0.2,1.12,7.0,0.092,0.204,5.985,0.148,15.0,0.33,40.7,594.0,251.0,11.0,24.0,0.59,,17.2,6.405,0.0,0.0,0.993,false,1.0001,97.74,true,,,
Base.ChickenNuggets,food,per_item,230.0|10.2|8.1|26.441,172112,sr_legacy,"Chicken, nuggets, white meat, precooked, frozen, not reheated",close,prepared,864,88.1,judgement,iodine:chicken-nuggets,,,230.0,10.2,8.1,26.441,-10.0,,229.941,14.30744,13.58502,12.65116,0.6167,45.7239,0.0,1.25983,,14.096,0.0,,1.03958,8.81,0.093386,0.048455,5.934416,0.291611,4.405,0.20263,40.0855,473.978,247.561,33.478,30.835,0.66075,0.7929,14.977,5.355599,0.0,0.0,261.0,16.24,15.42,14.36,0.7,51.9,0.0,1.43,,16.0,0.0,,1.18,10.0,0.106,0.055,6.736,0.331,5.0,0.23,45.5,538.0,281.0,38.0,35.0,0.75,0.9,17.0,6.079,0.0,0.0,0.9953,false,0.9997,97.92,true,true,,
Base.ChickenWhole,food,per_item,1495.0|0.0|41.0|99.8,171447,sr_legacy,"Chicken, broilers or fryers, meat and skin, raw",close,raw,805,695.3,judgement,iodine:chicken-breast-roasted,zero:meat,,1495.0,0.0,41.0,99.8,-160.0,,1494.895,0.0,104.71218,129.3258,0.0,458.82847,11.1248,6.2577,0.0,285.073,0.0,1.3906,2.0859,10.4295,0.41718,0.83436,47.287353,2.43355,41.718,2.15543,415.0941,486.71,1314.117,76.483,139.06,9.10843,8.3436,100.1232,20.99806,0.0,0.0,215.0,0.0,15.06,18.6,0.0,65.99,1.6,0.9,0.0,41.0,0.0,0.2,0.3,1.5,0.06,0.12,6.801,0.35,6.0,0.31,59.7,70.0,189.0,11.0,20.0,1.31,1.2,14.4,3.02,0.0,0.0,0.9765,false,0.9999,99.65,true,true,,
Base.ChickenWings,food,per_item,190.0|0.0|6.0|22.0,172390,sr_legacy,"Chicken, broilers or fryers, wing, meat and skin, raw",close,raw,801,107.0,fdc_portion:2,iodine:chicken-thigh-roasted,zero:meat,,190.0,0.0,6.0,22.0,-19.0,,204.37,0.0,13.7495,18.7464,0.0,74.0333,0.0,0.4922,0.0,9.63,0.0,0.107,0.6848,0.0,0.05778,0.11021,6.09579,0.56496,7.49,0.2675,87.74,89.88,200.09,11.77,17.12,1.2947,0.963,18.832,2.50273,0.0,0.0,191.0,0.0,12.85,17.52,0.0,69.19,0.0,0.46,0.0,9.0,0.0,0.1,0.64,0.0,0.054,0.103,5.697,0.528,7.0,0.25,82.0,84.0,187.0,11.0,16.0,1.21,0.9,17.6,2.339,0.0,0.0,0.9724,false,1.0756,99.56,true,true,,
Base.Chicken_Chick_Head,food,none,,,,,,,,,,,,inedible_body_part,,,,,,,,,,,,,,,,,,,,,,,,,,,,,,,,,,,,,,,,,,,,,,,,,,,,,,,,,,,,,,,,,,,,,,,,,,,,
Base.Chicken_Hen_Brown_Head,food,none,,,,,,,,,,,,inedible_body_part,,,,,,,,,,,,,,,,,,,,,,,,,,,,,,,,,,,,,,,,,,,,,,,,,,,,,,,,,,,,,,,,,,,,,,,,,,,,
Base.Chicken_Hen_White_Head,food,none,,,,,,,,,,,,inedible_body_part,,,,,,,,,,,,,,,,,,,,,,,,,,,,,,,,,,,,,,,,,,,,,,,,,,,,,,,,,,,,,,,,,,,,,,,,,,,,
Base.Chicken_Rooster_Head_Brown,food,none,,,,,,,,,,,,inedible_body_part,,,,,,,,,,,,,,,,,,,,,,,,,,,,,,,,,,,,,,,,,,,,,,,,,,,,,,,,,,,,,,,,,,,,,,,,,,,,
Base.Chicken_Rooster_Head_White,food,none,,,,,,,,,,,,inedible_body_part,,,,,,,,,,,,,,,,,,,,,,,,,,,,,,,,,,,,,,,,,,,,,,,,,,,,,,,,,,,,,,,,,,,,,,,,,,,,
Base.Chives,food,none,0.1|0.0|0.0|0.0,,,,,,,,,,,spice_only,0.1,0.0,0.0,0.0,-1.0,,,,,,,,,,,,,,,,,,,,,,,,,,,,,,,,,,,,,,,,,,,,,,,,,,,,,,,,,,,,,,,,,,,,,,,
Base.ChivesDried,food,none,0.1|0.0|0.0|0.0,,,,,,,,,,,spice_only,0.1,0.0,0.0,0.0,-5.0,,,,,,,,,,,,,,,,,,,,,,,,,,,,,,,,,,,,,,,,,,,,,,,,,,,,,,,,,,,,,,,,,,,,,,,
Base.ChocoCakes,food,per_item,200.0|30.0|8.0|1.8,174942,sr_legacy,"Cake, snack cakes, creme-filled, chocolate with frosting",close,prepared,,49.9,vanilla_implied,,,,200.0,30.0,8.0,1.8,-10.0,,199.101,30.09469,7.94907,1.81137,1.5968,9.26643,0.9481,1.7964,,0.499,0.0,0.0,0.54391,5.2894,0.018463,0.037425,0.461575,0.071357,17.465,0.02994,10.2794,165.668,87.824,57.884,17.964,0.51896,,1.6966,0.909178,2.994,0.0,399.0,60.31,15.93,3.63,3.2,18.57,1.9,3.6,,1.0,0.0,0.0,1.09,10.6,0.037,0.075,0.925,0.143,35.0,0.06,20.6,332.0,176.0,116.0,36.0,1.04,,3.4,1.822,6.0,0.0,0.9843,false,0.9955,98.44,true,,,
Base.Chocolate,food,per_item,850.0|110.0|66.0|10.0,167587,sr_legacy,"Candies, milk chocolate",close,prepared,,158.9,judgement,iodine:candy-milk-chocolate,,,850.0,110.0,66.0,10.0,-20.0,,850.115,94.3866,47.12974,12.15585,5.4026,2.3835,0.0,3.73415,,93.751,0.0,0.0,0.81039,9.0573,0.177968,0.473522,0.613354,0.057204,17.479,1.19175,73.2529,125.531,591.108,300.321,100.107,3.6547,73.094,7.1505,2.12926,31.78,0.0,535.0,59.4,29.66,7.65,3.4,1.5,0.0,2.35,,59.0,0.0,0.0,0.51,5.7,0.112,0.298,0.386,0.036,11.0,0.75,46.1,79.0,372.0,189.0,63.0,2.3,46.0,4.5,1.34,20.0,0.0,0.9876,false,1.0001,98.21,true,,,
Base.ChocolateChips,food,per_item,50.0|17.0|8.0|1.0,167976,sr_legacy,"Candies, semisweet chocolate",close,prepared,,14.5,fdc_portion:1,,,,50.0,17.0,8.0,1.0,-6.0,,69.6,9.2655,4.35,0.609,0.8555,0.1015,0.0,0.45385,,0.0,0.0,0.0,0.0377,0.812,0.007975,0.01305,0.061915,0.005075,1.885,0.0,3.19,1.595,52.925,4.64,16.675,0.2349,,0.609,0.14007,8.99,0.0,480.0,63.9,30.0,4.2,5.9,0.7,0.0,3.13,,0.0,0.0,0.0,0.26,5.6,0.055,0.09,0.427,0.035,13.0,0.0,22.0,11.0,365.0,32.0,115.0,1.62,,4.2,0.966,62.0,0.0,1.1054,true,1.392,98.8,true,,,"atwater: 530.6 kcal from the macros against 480.0, ratio 1.1054 outside +/-10 %"
Base.ChocolateCoveredCoffeeBeans,food,per_item,40.0|10.0|0.5|0.0,169637,sr_legacy,"Candies, milk chocolate coated coffee beans",close,prepared,,7.3,judgement,,,,40.0,10.0,0.5,0.0,-5.0,,40.077,4.03325,2.42214,0.54093,0.4161,0.17666,0.0,0.16717,,3.723,0.0,0.0,0.03212,0.3942,0.007154,0.022995,0.024236,0.002263,0.73,0.04745,2.9565,5.11,30.149,12.337,4.672,0.14746,,0.3139,0.09563,58.4,0.0,549.0,55.25,33.18,7.41,5.7,2.42,0.0,2.29,,51.0,0.0,0.0,0.44,5.4,0.098,0.315,0.332,0.031,10.0,0.65,40.5,70.0,413.0,169.0,64.0,2.02,,4.3,1.31,800.0,0.0,0.9797,false,1.0019,98.26,true,,,
Base.Chocolate_Butterchunkers,food,per_item,230.0|29.0|12.0|2.0,167565,sr_legacy,"Candies, NESTLE, BUTTERFINGER Bar",close,prepared,,50.1,judgement,,,,230.0,29.0,12.0,2.0,-20.0,,229.959,36.5229,9.4689,2.7054,1.002,0.61623,0.0,0.39579,,0.0,0.0,0.0,0.86172,1.1022,0.060621,0.031062,1.327149,0.034569,14.028,0.02004,7.515,115.23,110.22,18.036,24.048,0.501,,1.4529,1.585665,0.501,0.0,459.0,72.9,18.9,5.4,2.0,1.23,0.0,0.79,,0.0,0.0,0.0,1.72,2.2,0.121,0.062,2.649,0.069,28.0,0.04,15.0,230.0,220.0,36.0,48.0,1.0,,2.9,3.165,1.0,0.0,1.0442,false,0.9998,98.43,true,,,
Base.Chocolate_Candy,food,per_item,110.0|27.0|0.0|0.0,169583,sr_legacy,"Candies, MARS SNACKFOOD US, M&M's Milk Chocolate Candies",close,prepared,,22.4,judgement,,,,110.0,27.0,0.0,0.0,-5.0,,110.208,15.94656,4.73312,0.96992,0.6272,0.3808,0.112,0.24864,,12.544,0.0,0.0,0.08064,0.896,0.017696,0.047712,0.06048,0.0056,1.792,0.11872,4.8608,13.664,58.464,23.52,9.856,0.36064,,0.7392,0.206304,3.136,0.0,492.0,71.19,21.13,4.33,2.8,1.7,0.5,1.11,,56.0,0.0,0.0,0.36,4.0,0.079,0.213,0.27,0.025,8.0,0.53,21.7,61.0,261.0,105.0,44.0,1.61,,3.3,0.921,14.0,0.0,0.9891,false,1.0019,98.35,true,,,
Base.Chocolate_Crackle,food,per_item,230.0|29.0|12.0|2.0,167993,sr_legacy,"Candies, KRACKEL Chocolate Bar",close,prepared,,44.0,judgement,,,,230.0,29.0,12.0,2.0,-20.0,,230.12,28.3096,11.6952,2.9128,0.968,0.5148,0.352,0.4664,,,,,,,0.022,0.0836,0.1144,0.0176,2.64,,,86.24,143.0,69.52,5.72,0.2156,,1.54,,,0.0,523.0,64.34,26.58,6.62,2.2,1.17,0.8,1.06,,,,,,,0.05,0.19,0.26,0.04,6.0,,,196.0,325.0,158.0,13.0,0.49,,3.5,,,0.0,0.9917,false,1.0005,98.71,true,,,
Base.Chocolate_Deux,food,per_item,250.0|34.0|12.0|2.0,168768,sr_legacy,"Candies, MARS SNACKFOOD US, TWIX Caramel Cookie Bars",close,prepared,,49.8,judgement,,,,250.0,34.0,12.0,2.0,-20.0,,249.996,32.2704,12.3753,2.44518,0.5478,2.10654,0.2988,0.40338,,9.96,0.0,0.0,0.36852,2.7888,0.07719,0.103584,0.552282,0.01245,19.422,0.16434,10.4082,98.604,92.628,52.788,13.446,0.52788,,2.1414,0.312744,3.486,0.0,502.0,64.8,24.85,4.91,1.1,4.23,0.6,0.81,,20.0,0.0,0.0,0.74,5.6,0.155,0.208,1.109,0.025,39.0,0.33,20.9,198.0,186.0,106.0,27.0,1.06,,4.3,0.628,7.0,0.0,0.9966,false,1.0,98.79,true,,,
Base.Chocolate_GalacticDairy,food,per_item,190.0|30.0|8.0|2.0,168756,sr_legacy,"Candies, MARS SNACKFOOD US, MILKY WAY Bar",close,prepared,,41.7,judgement,,,,190.0,30.0,8.0,2.0,-20.0,,190.152,29.67789,7.18491,1.67217,0.417,2.6271,0.2919,0.20433,,12.927,1.668,0.1668,0.37113,1.5012,0.019182,0.042951,0.064218,0.005838,1.668,0.07506,6.8805,69.639,51.708,47.955,8.34,0.28773,,0.834,0.10842,2.502,0.0,456.0,71.17,17.23,4.01,1.0,6.3,0.7,0.49,,31.0,4.0,0.4,0.89,3.6,0.046,0.103,0.154,0.014,4.0,0.18,16.5,167.0,124.0,115.0,20.0,0.69,,2.0,0.26,6.0,0.0,0.9952,false,1.0008,98.71,true,,,
Base.Chocolate_HeartBox,food,per_item,1700.0|220.0|130.0|20.0,167587,sr_legacy,"Candies, milk chocolate",close,prepared,,317.8,judgement,iodine:candy-milk-chocolate,,,1700.0,220.0,130.0,20.0,-40.0,,1700.23,188.7732,94.25948,24.3117,10.8052,4.767,0.0,7.4683,,187.502,0.0,0.0,1.62078,18.1146,0.355936,0.947044,1.226708,0.114408,34.958,2.3835,146.5058,251.062,1182.216,600.642,200.214,7.3094,146.188,14.301,4.25852,63.56,0.0,535.0,59.4,29.66,7.65,3.4,1.5,0.0,2.35,,59.0,0.0,0.0,0.51,5.7,0.112,0.298,0.386,0.036,11.0,0.75,46.1,79.0,372.0,189.0,63.0,2.3,46.0,4.5,1.34,20.0,0.0,0.9876,false,1.0001,98.21,true,,,
Base.Chocolate_RoysPBPucks,food,per_item,230.0|26.0|13.0|5.0,168763,sr_legacy,"Candies, REESE'S Peanut Butter Cups",close,prepared,,44.7,judgement,,,,230.0,26.0,13.0,5.0,-20.0,,230.205,24.74592,13.64691,4.57728,1.6092,0.64368,0.1341,0.54087,,7.599,0.0,0.0,0.06705,0.894,0.07152,0.04917,2.00703,0.0447,22.35,0.11622,15.8238,159.579,153.321,34.866,27.714,0.57216,,0.6258,2.441067,3.129,0.0,515.0,55.36,30.53,10.24,3.6,1.44,0.3,1.21,,17.0,0.0,0.0,0.15,2.0,0.16,0.11,4.49,0.1,50.0,0.26,35.4,357.0,343.0,78.0,62.0,1.28,,1.4,5.461,7.0,0.0,1.0291,false,1.0009,97.57,true,,,
Base.Chocolate_Smirkers,food,per_item,280.0|35.0|14.0|4.0,169589,sr_legacy,"Candies, MARS SNACKFOOD US, SNICKERS Bar",close,prepared,,57.0,judgement,,,,280.0,35.0,14.0,4.0,-20.0,,279.87,35.0607,13.5945,4.2921,1.311,3.1635,0.285,0.4104,,25.65,3.42,0.0,0.855,1.083,0.0342,0.0741,2.052,0.0513,17.67,0.0912,21.945,136.23,184.11,53.01,41.04,1.425,,4.446,1.71798,4.56,0.0,491.0,61.51,23.85,7.53,2.3,5.55,0.5,0.72,,45.0,6.0,0.0,1.5,1.9,0.06,0.13,3.6,0.09,31.0,0.16,38.5,239.0,323.0,93.0,72.0,2.5,,7.8,3.014,8.0,0.0,0.9902,false,0.9995,98.44,true,,,
Base.Chocolate_SnikSnak,food,per_item,230.0|29.0|12.0|3.0,167992,sr_legacy,"Candies, KIT KAT Wafer Bar",close,prepared,,45.4,vanilla_implied,,,,230.0,29.0,12.0,3.0,-20.0,,235.172,29.32386,11.79946,2.95554,0.454,0.74002,0.0,0.454,,10.896,0.0,0.0,0.15436,2.3608,0.053118,0.09534,0.227,0.00908,8.172,0.25424,14.074,24.516,104.874,56.75,16.798,0.04086,,2.27,0.406784,6.356,0.0,518.0,64.59,25.99,6.51,1.0,1.63,0.0,1.0,,24.0,0.0,0.0,0.34,5.2,0.117,0.21,0.5,0.02,18.0,0.56,31.0,54.0,231.0,125.0,37.0,0.09,,5.0,0.896,14.0,0.0,0.9967,false,1.0225,98.72,true,,,
Base.Chum,food,none,,,,,,,,,,,,not_food,,,,,0.0,,,,,,,,,,,,,,,,,,,,,,,,,,,,,,,,,,,,,,,,,,,,,,,,,,,,,,,,,,,,,,,,,,,,,,,
Base.Cider,fluid_container,none,190.0|8.0|0.0|0.0,,,,,,,,,,,fluid_sourced,190.0,8.0,0.0,0.0,-20.0,-20.0,,,,,,,,,,,,,,,,,,,,,,,,,,,,,,,,,,,,,,,,,,,,,,,,,,,,,,,,,,,,,,,,,,,,,,
Base.Cigar,food,none,,,,,,,,,,,,tobacco_or_drug,,,,,0.0,,,,,,,,,,,,,,,,,,,,,,,,,,,,,,,,,,,,,,,,,,,,,,,,,,,,,,,,,,,,,,,,,,,,,,,
Base.CigarettePack,drainable,none,,,,,,,,,,,,tobacco_or_drug,,,,,,,,,,,,,,,,,,,,,,,,,,,,,,,,,,,,,,,,,,,,,,,,,,,,,,,,,,,,,,,,,,,,,,,,,,,,
Base.CigaretteRolled,food,none,,,,,,,,,,,,tobacco_or_drug,,,,,0.0,,,,,,,,,,,,,,,,,,,,,,,,,,,,,,,,,,,,,,,,,,,,,,,,,,,,,,,,,,,,,,,,,,,,,,,
Base.CigaretteRollingPapers,drainable,none,,,,,,,,,,,,not_food,,,,,,,,,,,,,,,,,,,,,,,,,,,,,,,,,,,,,,,,,,,,,,,,,,,,,,,,,,,,,,,,,,,,,,,,,,,,
Base.CigaretteSingle,food,none,,,,,,,,,,,,tobacco_or_drug,,,,,0.0,,,,,,,,,,,,,,,,,,,,,,,,,,,,,,,,,,,,,,,,,,,,,,,,,,,,,,,,,,,,,,,,,,,,,,,
Base.Cigarillo,food,none,,,,,,,,,,,,tobacco_or_drug,,,,,0.0,,,,,,,,,,,,,,,,,,,,,,,,,,,,,,,,,,,,,,,,,,,,,,,,,,,,,,,,,,,,,,,,,,,,,,,
Base.Cilantro,food,none,0.1|0.0|0.0|0.0,,,,,,,,,,,spice_only,0.1,0.0,0.0,0.0,-1.0,,,,,,,,,,,,,,,,,,,,,,,,,,,,,,,,,,,,,,,,,,,,,,,,,,,,,,,,,,,,,,,,,,,,,,,
Base.CilantroDried,food,none,0.1|0.0|0.0|0.0,,,,,,,,,,,spice_only,0.1,0.0,0.0,0.0,-5.0,,,,,,,,,,,,,,,,,,,,,,,,,,,,,,,,,,,,,,,,,,,,,,,,,,,,,,,,,,,,,,,,,,,,,,,
Base.CilantroSeed,food,none,0.1|0.0|0.0|0.0,,,,,,,,,,,spice_only,0.1,0.0,0.0,0.0,-1.0,,,,,,,,,,,,,,,,,,,,,,,,,,,,,,,,,,,,,,,,,,,,,,,,,,,,,,,,,,,,,,,,,,,,,,,
Base.Cinnamon,food,none,1.0|0.0|0.0|0.0,,,,,,,,,,,spice_only,1.0,0.0,0.0,0.0,-5.0,,,,,,,,,,,,,,,,,,,,,,,,,,,,,,,,,,,,,,,,,,,,,,,,,,,,,,,,,,,,,,,,,,,,,,,
Base.CinnamonRoll,food,per_item,350.0|50.0|24.0|4.0,167940,sr_legacy,"Cinnamon buns, frosted (includes honey buns)",close,prepared,,65.0,fdc_portion:1,iodine:cinnamon-roll-iced,,,350.0,50.0,24.0,4.0,-12.0,,293.8,31.59,17.2965,2.8925,0.78,12.337,0.195,0.8905,,0.0,0.65,0.0,0.7475,9.88,0.13715,0.0897,1.5626,0.0247,70.85,0.104,6.89,198.25,66.3,118.95,9.1,0.3445,2.47,8.45,2.37965,0.0,0.0,452.0,48.6,26.61,4.45,1.2,18.98,0.3,1.37,,0.0,1.0,0.0,1.15,15.2,0.211,0.138,2.404,0.038,109.0,0.16,10.6,305.0,102.0,183.0,14.0,0.53,3.8,13.0,3.661,0.0,0.0,0.994,false,0.8394,98.64,true,,,
Base.ClayBowl,fluid_container,none,,,,,,,,,,,,empty_container,,,,,,,,,,,,,,,,,,,,,,,,,,,,,,,,,,,,,,,,,,,,,,,,,,,,,,,,,,,,,,,,,,,,,,,,,,,,
Base.ClayJar,fluid_container,none,,,,,,,,,,,,empty_container,,,,,,,,,,,,,,,,,,,,,,,,,,,,,,,,,,,,,,,,,,,,,,,,,,,,,,,,,,,,,,,,,,,,,,,,,,,,
Base.ClayJarGlazed,fluid_container,none,,,,,,,,,,,,empty_container,,,,,,,,,,,,,,,,,,,,,,,,,,,,,,,,,,,,,,,,,,,,,,,,,,,,,,,,,,,,,,,,,,,,,,,,,,,,
Base.ClayMug,fluid_container,none,,,,,,,,,,,,empty_container,,,,,,,,,,,,,,,,,,,,,,,,,,,,,,,,,,,,,,,,,,,,,,,,,,,,,,,,,,,,,,,,,,,,,,,,,,,,
Base.Claybag,drainable,none,,,,,,,,,,,,not_food,,,,,,,,,,,,,,,,,,,,,,,,,,,,,,,,,,,,,,,,,,,,,,,,,,,,,,,,,,,,,,,,,,,,,,,,,,,,
Base.CleaningLiquid2,fluid_container,none,,,,,,,,,,,,fluid_sourced,,,,,,,,,,,,,,,,,,,,,,,,,,,,,,,,,,,,,,,,,,,,,,,,,,,,,,,,,,,,,,,,,,,,,,,,,,,,
Base.Cockroach,food,per_item,30.0|1.27|3.9|7.41,rumpold2013:blattodea,literature,"per-order mean, dry matter (Rumpold 2013 as reproduced in Lee 2020 Table 4; S1185)",guess,raw,,19.4,judgement,,,,30.0,1.27,3.9,7.41,-1.0,,30.055644,0.572688,1.74018,3.33486,0.309042,13.58,,,,,,,,,,,,,,,,,,,,,,,,,,154.926,2.952,8.97,17.19,1.593,70.0,,,,,,,,,,,,,,,,,,,,,,,,,,1.0206,false,1.0019,99.112,true,,,
Base.CocoaPowder,food,per_item,60.0|8.0|5.0|2.0,169593,sr_legacy,"Cocoa, dry powder, unsweetened",close,prepared,,26.3,judgement,,,,60.0,8.0,5.0,2.0,-30.0,50.0,59.964,15.2277,3.6031,5.1548,9.731,0.789,0.0,3.64518,,0.0,0.0,0.0,0.0263,0.6575,0.020514,0.063383,0.574655,0.031034,8.416,0.0,3.156,5.523,400.812,33.664,131.237,1.79103,,3.7609,0.11572,60.49,0.0,228.0,57.9,13.7,19.6,37.0,3.0,0.0,13.86,,0.0,0.0,0.0,0.1,2.5,0.078,0.241,2.185,0.118,32.0,0.0,12.0,21.0,1524.0,128.0,499.0,6.81,,14.3,0.44,230.0,0.0,1.5759,true,0.9994,94.2,true,,,"atwater: 359.3 kcal from the macros against 228.0, ratio 1.5759 outside +/-10 %"
Base.Coffee2,food,per_item,2.0|0.0|0.0|1.0,171893,sr_legacy,"Beverages, coffee, instant, regular, powder",close,prepared,,2.0,fdc_portion:2,,,,2.0,0.0,0.0,1.0,-30.0,60.0,7.06,1.508,0.01,0.244,0.0,0.062,0.0,0.0882,,0.0,0.0,0.0,0.0,0.038,0.00016,0.00148,0.56346,0.00058,0.0,0.0,2.038,0.74,70.7,2.82,6.54,0.007,,0.252,0.0039,62.84,0.0,353.0,75.4,0.5,12.2,0.0,3.1,0.0,4.41,,0.0,0.0,0.0,0.0,1.9,0.008,0.074,28.173,0.029,0.0,0.0,101.9,37.0,3535.0,141.0,327.0,0.35,,12.6,0.195,3142.0,0.0,1.0054,false,3.53,91.2,true,,,
Base.CoffeeLiquer,fluid_container,none,3260.0|21.0|16.0|2.0,,,,,,,,,,,fluid_sourced,3260.0,21.0,16.0,2.0,-20.0,-20.0,,,,,,,,,,,,,,,,,,,,,,,,,,,,,,,,,,,,,,,,,,,,,,,,,,,,,,,,,,,,,,,,,,,,,,
Base.Cologne,fluid_container,none,,,,,,,,,,,,fluid_sourced,,,,,,,,,,,,,,,,,,,,,,,,,,,,,,,,,,,,,,,,,,,,,,,,,,,,,,,,,,,,,,,,,,,,,,,,,,,,
Base.Comfrey,food,none,,,,,,,,,,,,not_food,,,,,,,,,,,,,,,,,,,,,,,,,,,,,,,,,,,,,,,,,,,,,,,,,,,,,,,,,,,,,,,,,,,,,,,,,,,,
Base.ComfreyDried,food,none,,,,,,,,,,,,not_food,,,,,,,,,,,,,,,,,,,,,,,,,,,,,,,,,,,,,,,,,,,,,,,,,,,,,,,,,,,,,,,,,,,,,,,,,,,,
Base.CommonMallow,food,none,0.1|0.0|0.0|0.0,,,,,,,,,,,spice_only,0.1,0.0,0.0,0.0,-1.0,,,,,,,,,,,,,,,,,,,,,,,,,,,,,,,,,,,,,,,,,,,,,,,,,,,,,,,,,,,,,,,,,,,,,,,
Base.CommonMallowDried,food,none,0.1|0.0|0.0|0.0,,,,,,,,,,,spice_only,0.1,0.0,0.0,0.0,-1.0,,,,,,,,,,,,,,,,,,,,,,,,,,,,,,,,,,,,,,,,,,,,,,,,,,,,,,,,,,,,,,,,,,,,,,,
Base.CompostBag,drainable,none,,,,,,,,,,,,not_food,,,,,,,,,,,,,,,,,,,,,,,,,,,,,,,,,,,,,,,,,,,,,,,,,,,,,,,,,,,,,,,,,,,,,,,,,,,,
Base.Cone,food,per_item,15.0|10.0|5.0|2.0,175000,sr_legacy,"Ice cream cones, cake or wafer-type",close,prepared,,4.0,fdc_portion:2,,,,15.0,10.0,5.0,2.0,-5.0,,16.68,3.16,0.276,0.324,0.12,0.212,0.0,0.144,,0.0,0.0,0.0,0.0312,0.072,0.01,0.01416,0.17708,0.0012,11.64,0.0,0.376,10.24,4.48,1.0,1.04,0.0268,,0.192,0.13056,0.0,0.0,417.0,79.0,6.9,8.1,3.0,5.3,0.0,3.6,,0.0,0.0,0.0,0.78,1.8,0.25,0.354,4.427,0.03,291.0,0.0,9.4,256.0,112.0,25.0,26.0,0.67,,4.8,3.264,0.0,0.0,0.97,false,1.112,99.3,true,,,
Base.ConeIcecream,food,per_item,470.0|120.0|44.0|20.0,171306,sr_legacy,Ice cream sundae cone,close,prepared,,185.0,judgement,,,,470.0,120.0,44.0,20.0,-15.0,,469.9,53.4465,25.9,5.55,1.85,98.6235,0.0,0.666,,214.6,25.9,0.185,0.2035,0.925,0.1665,0.39405,2.05535,0.0925,53.65,0.6475,22.015,212.75,377.4,111.0,37.0,1.036,,4.255,1.3431,0.0,0.0,254.0,28.89,14.0,3.0,1.0,53.31,0.0,0.36,,116.0,14.0,0.1,0.11,0.5,0.09,0.213,1.111,0.05,29.0,0.35,11.9,115.0,204.0,60.0,20.0,0.56,,2.3,0.726,0.0,0.0,0.9904,false,0.9998,99.2,true,,,
Base.ConeIcecreamMelted,food,per_item,470.0|120.0|44.0|20.0,171306,sr_legacy,Ice cream sundae cone,close,prepared,,185.0,judgement,,,,470.0,120.0,44.0,20.0,-15.0,,469.9,53.4465,25.9,5.55,1.85,98.6235,0.0,0.666,,214.6,25.9,0.185,0.2035,0.925,0.1665,0.39405,2.05535,0.0925,53.65,0.6475,22.015,212.75,377.4,111.0,37.0,1.036,,4.255,1.3431,0.0,0.0,254.0,28.89,14.0,3.0,1.0,53.31,0.0,0.36,,116.0,14.0,0.1,0.11,0.5,0.09,0.213,1.111,0.05,29.0,0.35,11.9,115.0,204.0,60.0,20.0,0.56,,2.3,0.726,0.0,0.0,0.9904,false,0.9998,99.2,true,,,
Base.ConeIcecreamToppings,food,none,470.0|120.0|44.0|20.0,,,,,,,,,,,vessel_only,470.0,120.0,44.0,20.0,-15.0,,,,,,,,,,,,,,,,,,,,,,,,,,,,,,,,,,,,,,,,,,,,,,,,,,,,,,,,,,,,,,,,,,,,,,,
Base.CookieChocolateChip,food,per_item,160.0|22.0|8.0|1.0,174954,sr_legacy,"Cookies, chocolate chip, refrigerated dough, baked",close,prepared,,32.5,judgement,iodine:cookies-chocolate-chip,,,160.0,22.0,8.0,1.0,-5.0,,159.9,22.165,7.345,1.5925,0.5525,0.975,0.0,0.8125,,5.85,,,,,0.05395,0.062075,0.641875,0.001625,22.75,0.02275,,75.4,65.0,9.1,8.775,0.182,0.3575,1.82,0.747825,,,492.0,68.2,22.6,4.9,1.7,3.0,0.0,2.5,,18.0,,,,,0.166,0.191,1.975,0.005,70.0,0.07,,232.0,200.0,28.0,27.0,0.56,1.1,5.6,2.301,,,1.0008,false,0.9994,98.7,true,,,
Base.CookieChocolateChipDough,food,per_item,960.0|132.0|48.0|1.0,174953,sr_legacy,"Cookies, chocolate chip, refrigerated dough",close,raw,301,212.9,judgement,,,,960.0,132.0,48.0,1.0,-23.0,,960.179,129.91158,45.41157,8.47342,3.1935,25.71832,0.0,4.258,,,,,,,0.398123,0.406639,4.204775,0.080902,193.739,0.17032,,683.409,383.22,29.806,51.096,1.0645,,10.645,4.57735,19.161,0.0,451.0,61.02,21.33,3.98,1.5,12.08,0.0,2.0,,,,,,,0.187,0.191,1.975,0.038,91.0,0.08,,321.0,180.0,14.0,24.0,0.5,,5.0,2.15,9.0,0.0,0.9955,false,1.0002,98.41,true,true,,
Base.CookieJelly,food,per_item,160.0|22.0|8.0|1.0,174967,sr_legacy,"Cookies, shortbread, commercially prepared, plain",close,prepared,,31.1,judgement,,,,160.0,22.0,8.0,1.0,-5.0,,159.854,19.83558,8.15442,1.67007,0.4043,1.1196,0.0,0.92678,,0.0,0.311,0.0,0.75884,3.421,0.109783,0.097654,1.018525,0.022081,38.564,0.0,0.2799,109.783,27.368,4.043,4.354,0.15239,,1.9282,2.578812,0.0,0.0,514.0,63.78,26.22,5.37,1.3,3.6,0.0,2.98,,0.0,1.0,0.0,2.44,11.0,0.353,0.314,3.275,0.071,124.0,0.0,0.9,353.0,88.0,13.0,14.0,0.49,,6.2,8.292,0.0,0.0,0.9922,false,0.9991,98.97,true,,,
Base.CookiesChocolate,food,per_item,170.0|25.0|9.0|2.0,172714,sr_legacy,"Cookies, chocolate wafers",proxy,prepared,,39.3,judgement,,,,170.0,25.0,9.0,2.0,-5.0,,170.169,28.5711,5.5806,2.5938,1.3362,1.7685,0.0,1.57593,,1.179,0.0,0.0,0.28296,0.9432,0.079779,0.104538,1.123194,0.020043,29.475,0.03537,5.6199,227.94,82.53,12.183,20.829,0.42837,,2.2401,1.624662,3.93,0.0,433.0,72.7,14.2,6.6,3.4,4.5,0.0,4.01,,3.0,0.0,0.0,0.72,2.4,0.203,0.266,2.858,0.051,75.0,0.09,14.3,580.0,210.0,31.0,53.0,1.09,,5.7,4.134,10.0,0.0,1.012,false,1.001,98.0,true,,,
Base.CookiesChocolateDough,food,per_item,1020.0|150.0|54.0|12.0,174953,sr_legacy,"Cookies, chocolate chip, refrigerated dough",proxy,raw,301,226.2,judgement,,,,1020.0,150.0,54.0,12.0,-23.0,,1020.162,138.02724,48.24846,9.00276,3.393,27.32496,0.0,4.524,,,,,,,0.422994,0.432042,4.46745,0.085956,205.842,0.18096,,726.102,407.16,31.668,54.288,1.131,,11.31,4.8633,20.358,0.0,451.0,61.02,21.33,3.98,1.5,12.08,0.0,2.0,,,,,,,0.187,0.191,1.975,0.038,91.0,0.08,,321.0,180.0,14.0,24.0,0.5,,5.0,2.15,9.0,0.0,0.9955,false,1.0002,98.41,true,true,,
Base.CookiesOatmeal,food,per_item,110.0|20.0|6.0|1.0,174962,sr_legacy,"Cookies, oatmeal, refrigerated dough, baked",close,prepared,,23.4,judgement,,,,110.0,20.0,6.0,1.0,-5.0,,110.214,15.3738,4.914,1.404,0.6552,1.3572,0.0234,0.55692,,0.0,,,,,0.048672,0.034632,0.43641,0.01287,9.594,0.00936,,76.518,38.142,8.19,7.488,0.16614,,2.3634,0.69498,,,471.0,65.7,21.0,6.0,2.8,5.8,0.1,2.38,,0.0,,,,,0.208,0.148,1.865,0.055,41.0,0.04,,327.0,163.0,35.0,32.0,0.71,,10.1,2.97,,,0.9983,false,1.0019,98.5,true,,,
Base.CookiesOatmealDough,food,per_item,660.0|120.0|36.0|6.0,174961,sr_legacy,"Cookies, oatmeal, refrigerated dough",close,raw,301,155.7,judgement,,,,660.0,120.0,36.0,6.0,-23.0,,660.168,92.0187,29.4273,8.4078,3.8925,23.8221,0.0,3.33198,,0.0,,,,,0.364338,0.230436,2.903805,0.063837,82.521,0.06228,,457.758,228.879,48.267,43.596,0.99648,,14.1687,4.023288,,0.0,424.0,59.1,18.9,5.4,2.5,15.3,0.0,2.14,,0.0,,,,,0.234,0.148,1.865,0.041,53.0,0.04,,294.0,147.0,31.0,28.0,0.64,,9.1,2.584,,0.0,0.9979,false,1.0003,98.7,true,true,,
Base.CookiesShortbread,food,per_item,120.0|22.0|8.0|2.0,174967,sr_legacy,"Cookies, shortbread, commercially prepared, plain",close,prepared,,23.3,judgement,,,,120.0,22.0,8.0,2.0,-5.0,,119.762,14.86074,6.10926,1.25121,0.3029,0.8388,0.0,0.69434,,0.0,0.233,0.0,0.56852,2.563,0.082249,0.073162,0.763075,0.016543,28.892,0.0,0.2097,82.249,20.504,3.029,3.262,0.11417,,1.4446,1.932036,0.0,0.0,514.0,63.78,26.22,5.37,1.3,3.6,0.0,2.98,,0.0,1.0,0.0,2.44,11.0,0.353,0.314,3.275,0.071,124.0,0.0,0.9,353.0,88.0,13.0,14.0,0.49,,6.2,8.292,0.0,0.0,0.9922,false,0.998,98.97,true,,,
Base.CookiesShortbreadDough,food,per_item,720.0|132.0|48.0|12.0,174972,sr_legacy,"Cookies, sugar, refrigerated dough",proxy,raw,301,165.1,judgement,,,,720.0,132.0,48.0,12.0,-23.0,,719.836,101.07422,32.16148,6.604,1.4859,23.24608,0.0,3.05435,,18.161,0.0,,0.31369,14.5288,0.338455,0.201422,3.982212,0.031369,104.013,0.03302,,541.528,242.697,13.208,11.557,0.39624,,5.1181,4.069715,0.0,0.0,436.0,61.22,19.48,4.0,0.9,14.08,0.0,1.85,,11.0,0.0,,0.19,8.8,0.205,0.122,2.412,0.019,63.0,0.02,,328.0,147.0,8.0,7.0,0.24,,3.1,2.465,0.0,0.0,0.9963,false,0.9998,98.78,true,true,,
Base.CookiesSugar,food,per_item,120.0|22.0|8.0|2.0,172735,sr_legacy,"Cookies, sugar, refrigerated dough, baked",close,prepared,,24.5,judgement,,,,120.0,22.0,8.0,2.0,-5.0,,119.805,16.072,5.6595,1.1515,0.2205,1.225,0.0,0.4508,,2.94,0.0,0.0,0.05145,2.401,0.04459,0.02989,0.59094,0.005635,27.685,0.01715,2.5725,88.69,39.935,22.05,1.96,0.06615,,0.8575,0.70413,0.0,0.0,489.0,65.6,23.1,4.7,0.9,5.0,0.0,1.84,,12.0,0.0,0.0,0.21,9.8,0.182,0.122,2.412,0.023,113.0,0.07,10.5,362.0,163.0,90.0,8.0,0.27,,3.5,2.874,0.0,0.0,0.9965,false,0.9984,98.4,true,,,
Base.CookiesSugarDough,food,per_item,720.0|132.0|48.0|12.0,174972,sr_legacy,"Cookies, sugar, refrigerated dough",close,raw,301,165.1,judgement,,,,720.0,132.0,48.0,12.0,-23.0,,719.836,101.07422,32.16148,6.604,1.4859,23.24608,0.0,3.05435,,18.161,0.0,,0.31369,14.5288,0.338455,0.201422,3.982212,0.031369,104.013,0.03302,,541.528,242.697,13.208,11.557,0.39624,,5.1181,4.069715,0.0,0.0,436.0,61.22,19.48,4.0,0.9,14.08,0.0,1.85,,11.0,0.0,,0.19,8.8,0.205,0.122,2.412,0.019,63.0,0.02,,328.0,147.0,8.0,7.0,0.24,,3.1,2.465,0.0,0.0,0.9963,false,0.9998,98.78,true,true,,
Base.CopperCup,fluid_container,none,,,,,,,,,,,,empty_container,,,,,,,,,,,,,,,,,,,,,,,,,,,,,,,,,,,,,,,,,,,,,,,,,,,,,,,,,,,,,,,,,,,,,,,,,,,,
Base.Corn,food,per_item,88.0|26.74|1.93|4.68,169998,sr_legacy,"Corn, sweet, yellow, raw",close,raw,3771,143.0,fdc_portion:2,,,,88.0,26.74,1.93,4.68,-14.0,-4.0,122.98,26.741,1.9305,4.6761,2.86,108.7515,9.724,0.7436,,0.0,67.21,0.0,0.1001,0.429,0.22165,0.07865,2.5311,0.13299,60.06,0.0,32.89,21.45,386.1,2.86,52.91,0.6578,,0.858,0.69498,0.0,0.0,86.0,18.7,1.35,3.27,2.0,76.05,6.8,0.52,,0.0,47.0,0.0,0.07,0.3,0.155,0.055,1.77,0.093,42.0,0.0,23.0,15.0,270.0,2.0,37.0,0.46,,0.6,0.486,0.0,0.0,1.1166,true,1.3975,99.37,true,true,,"atwater: 96.03 kcal from the macros against 86.0, ratio 1.1166 outside +/-10 %"
Base.CornFrozen,food,per_item,396.0|94.0|5.0|15.0,168398,sr_legacy,"Corn, sweet, yellow, frozen, kernels cut off cob, unprepared (Includes foods for USDA's Food Distribution Program)",close,frozen,,450.0,judgement,,,,396.0,94.0,5.0,15.0,-20.0,-5.0,396.0,93.195,3.51,13.59,9.45,337.5,28.8,1.89,,0.0,220.5,0.0,0.36,1.35,0.3735,0.306,7.8255,0.756,162.0,0.0,108.0,13.5,958.5,18.0,81.0,1.71,,3.15,1.647,0.0,0.0,88.0,20.71,0.78,3.02,2.1,75.0,6.4,0.42,,0.0,49.0,0.0,0.08,0.3,0.083,0.068,1.739,0.168,36.0,0.0,24.0,3.0,213.0,4.0,18.0,0.38,,0.7,0.366,0.0,0.0,1.1107,true,1.0,99.51,true,,,"atwater: 97.74 kcal from the macros against 88.0, ratio 1.1107 outside +/-10 %"
Base.CornSeed,food,per_item,24.8|7.6|0.56|1.32,170288,sr_legacy,"Corn grain, yellow",close,dried,,6.8,judgement,,,,24.8,7.6,0.56,1.32,-4.0,,24.82,5.04968,0.32232,0.64056,0.4964,0.70516,0.0,0.18428,,0.0,6.596,0.0,0.03332,0.0204,0.02618,0.013668,0.246636,0.042296,1.292,0.0,,2.38,19.516,0.476,8.636,0.15028,,1.054,0.147016,0.0,0.0,365.0,74.26,4.74,9.42,7.3,10.37,0.0,2.71,,0.0,97.0,0.0,0.49,0.3,0.385,0.201,3.627,0.622,19.0,0.0,,35.0,287.0,7.0,127.0,2.21,,15.5,2.162,0.0,0.0,0.9939,false,1.0008,98.79,true,,,
Base.Cornbread,food,per_item,300.0|54.0|10.0|7.0,174910,sr_legacy,"Bread, cornbread, prepared from recipe, made with low fat (2%) milk",close,prepared,,112.8,judgement,iodine:cornbread-homemade,,,300.0,54.0,10.0,7.0,-10.0,,300.048,49.068,8.0088,7.5576,,44.1048,0.3384,2.82,,,,,,,0.328248,0.331632,2.542512,0.127464,133.104,0.1692,,742.224,165.816,280.872,28.2,0.6768,30.456,11.3928,3.59832,,,266.0,43.5,7.1,6.7,,39.1,0.3,2.5,,,,,,,0.291,0.294,2.254,0.113,118.0,0.15,,658.0,147.0,249.0,25.0,0.6,27.0,10.1,3.19,,,0.9951,false,1.0002,96.4,,,,
Base.Corndog,food,per_item,180.0|7.0|9.0|19.0,173345,sr_legacy,"Corn dogs, frozen, prepared",close,prepared,,72.0,judgement,,,,180.0,7.0,9.0,19.0,-12.0,,180.0,19.4112,8.6544,6.1704,0.72,36.2304,0.36,1.368,,33.84,2.16,0.288,0.432,4.176,0.10152,0.1116,2.00592,0.08424,69.84,0.3456,19.368,480.96,90.0,51.84,12.24,0.612,,19.872,2.33856,0.0,0.0,250.0,26.96,12.02,8.57,1.0,50.32,0.5,1.9,,47.0,3.0,0.4,0.6,5.8,0.141,0.155,2.786,0.117,97.0,0.48,26.9,668.0,125.0,72.0,17.0,0.85,,27.6,3.248,0.0,0.0,0.9932,false,1.0,97.87,true,,,
Base.Cornflour2,food,none,,,,,,,,,,,,spice_only,,,,,-60.0,,,,,,,,,,,,,,,,,,,,,,,,,,,,,,,,,,,,,,,,,,,,,,,,,,,,,,,,,,,,,,,,,,,,,,,
Base.Cornmeal2,food,none,,,,,,,,,,,,spice_only,,,,,-20.0,,,,,,,,,,,,,,,,,,,,,,,,,,,,,,,,,,,,,,,,,,,,,,,,,,,,,,,,,,,,,,,,,,,,,,,
Base.CorpseAnimal,food,none,,,,,,,,,,,,inedible_body_part,,,,,,,,,,,,,,,,,,,,,,,,,,,,,,,,,,,,,,,,,,,,,,,,,,,,,,,,,,,,,,,,,,,,,,,,,,,,
Base.CorrectionFluid,drainable,none,,,,,,,,,,,,hazard,,,,,,,,,,,,,,,,,,,,,,,,,,,,,,,,,,,,,,,,,,,,,,,,,,,,,,,,,,,,,,,,,,,,,,,,,,,,
Base.Cow_Head_Angus,food,none,,,,,,,,,,,,inedible_body_part,,,,,,,,,,,,,,,,,,,,,,,,,,,,,,,,,,,,,,,,,,,,,,,,,,,,,,,,,,,,,,,,,,,,,,,,,,,,
Base.Cow_Head_Holstein,food,none,,,,,,,,,,,,inedible_body_part,,,,,,,,,,,,,,,,,,,,,,,,,,,,,,,,,,,,,,,,,,,,,,,,,,,,,,,,,,,,,,,,,,,,,,,,,,,,
Base.Cow_Head_Simmental,food,none,,,,,,,,,,,,inedible_body_part,,,,,,,,,,,,,,,,,,,,,,,,,,,,,,,,,,,,,,,,,,,,,,,,,,,,,,,,,,,,,,,,,,,,,,,,,,,,
Base.Crackers,food,per_item,70.0|12.0|6.0|1.0,174982,sr_legacy,"Crackers, standard snack-type, regular",close,prepared,,16.0,fdc_portion:1,iodine:crackers-butter,,,70.0,12.0,6.0,1.0,-5.0,,81.6,9.808,4.2288,1.0624,0.368,0.5024,0.0,0.6448,,0.0,0.0,0.0,0.4848,11.088,0.06656,0.07296,0.69632,0.01008,24.0,0.0,1.536,116.16,18.88,19.2,2.88,0.0784,0.048,1.072,2.09872,0.0,0.0,510.0,61.3,26.43,6.64,2.3,3.14,0.0,4.03,,0.0,0.0,0.0,3.03,69.3,0.416,0.456,4.352,0.063,150.0,0.0,9.6,726.0,118.0,120.0,18.0,0.49,0.3,6.7,13.117,0.0,0.0,0.9903,false,1.1657,97.51,true,,,
Base.Crayfish,food,per_item,40.0|0.0|2.0|8.0,174206,sr_legacy,"Crustaceans, crayfish, mixed species, wild, raw",close,raw,2701,51.9,judgement,,zero:fish,,40.0,0.0,2.0,8.0,-10.0,,39.963,0.0,0.49305,8.28843,0.0,42.68256,0.6228,0.43596,0.0,8.304,0.0,0.0,1.47915,0.0519,0.03633,0.016608,1.145952,0.056052,19.203,1.038,41.9871,30.102,156.738,14.013,14.013,0.6747,,16.4004,0.043596,0.0,0.0,77.0,0.0,0.95,15.97,0.0,82.24,1.2,0.84,0.0,16.0,0.0,0.0,2.85,0.1,0.07,0.032,2.208,0.108,37.0,2.0,80.9,58.0,302.0,27.0,27.0,1.3,,31.6,0.084,0.0,0.0,0.9406,false,0.9991,99.16,true,true,,
Base.Creamocle,food,per_item,100.0|19.0|1.5|1.0,167721,sr_legacy,"Frozen novelties, juice type, juice with cream",close,frozen,,87.0,judgement,,,,100.0,19.0,1.5,1.0,-15.0,,100.05,20.9757,1.2267,1.2267,0.087,63.1359,18.444,0.2436,,12.18,51.33,0.0,0.0522,0.174,0.02175,0.08787,0.13137,0.02523,9.57,0.1218,13.572,36.54,104.4,122.67,7.83,0.2349,,0.696,0.0,0.0,0.0,115.0,24.11,1.41,1.41,0.1,72.57,21.2,0.28,,14.0,59.0,0.0,0.06,0.2,0.025,0.101,0.151,0.029,11.0,0.14,15.6,42.0,120.0,141.0,9.0,0.27,,0.8,0.0,0.0,0.0,0.9963,false,1.0005,99.5,true,,,
Base.Creamocle_Melted,food,per_item,100.0|19.0|1.5|1.0,167721,sr_legacy,"Frozen novelties, juice type, juice with cream",close,prepared,,87.0,judgement,,,,100.0,19.0,1.5,1.0,-15.0,,100.05,20.9757,1.2267,1.2267,0.087,63.1359,18.444,0.2436,,12.18,51.33,0.0,0.0522,0.174,0.02175,0.08787,0.13137,0.02523,9.57,0.1218,13.572,36.54,104.4,122.67,7.83,0.2349,,0.696,0.0,0.0,0.0,115.0,24.11,1.41,1.41,0.1,72.57,21.2,0.28,,14.0,59.0,0.0,0.06,0.2,0.025,0.101,0.151,0.029,11.0,0.14,15.6,42.0,120.0,141.0,9.0,0.27,,0.8,0.0,0.0,0.0,0.9963,false,1.0005,99.5,true,,,
Base.Cricket,food,per_item,20.0|1.34|1.32|3.6,rumpold2013:orthoptera,literature,"per-order mean, dry matter (Rumpold 2013 as reproduced in Lee 2020 Table 4; S1183)",guess,raw,,15.6,judgement,,,,20.0,1.34,1.32,3.6,-1.0,,19.9485,1.054404,0.627588,2.869776,0.44694,10.92,,,,,,,,,,,,,,,,,,,,,,,,,,127.875,6.759,4.023,18.396,2.865,70.0,,,,,,,,,,,,,,,,,,,,,,,,,,1.0252,false,0.9974,99.178,true,,,
Base.Crisps,food,per_item,720.0|72.0|45.0|4.5,169677,sr_legacy,"Snacks, potato chips, plain, salted",close,prepared,,135.3,judgement,iodine:chips-potato,,,720.0,72.0,45.0,4.5,-15.0,,719.796,72.83199,45.97494,8.64567,4.1943,2.51658,29.2248,1.73184,,0.0,0.0,0.0,14.13885,29.9013,0.288189,0.119064,6.442986,0.718443,39.237,0.0,16.3713,713.031,1618.188,28.413,85.239,1.47477,3.1119,3.3825,11.178486,0.0,0.0,532.0,53.83,33.98,6.39,3.1,1.86,21.6,1.28,,0.0,0.0,0.0,10.45,22.1,0.213,0.088,4.762,0.531,29.0,0.0,12.1,527.0,1196.0,21.0,63.0,1.09,2.3,2.5,8.262,0.0,0.0,1.016,false,0.9997,96.06,true,,,
Base.Crisps2,food,per_item,720.0|72.0|45.0|4.5,169677,sr_legacy,"Snacks, potato chips, plain, salted",close,prepared,,135.3,judgement,iodine:chips-potato,,,720.0,72.0,45.0,4.5,-15.0,,719.796,72.83199,45.97494,8.64567,4.1943,2.51658,29.2248,1.73184,,0.0,0.0,0.0,14.13885,29.9013,0.288189,0.119064,6.442986,0.718443,39.237,0.0,16.3713,713.031,1618.188,28.413,85.239,1.47477,3.1119,3.3825,11.178486,0.0,0.0,532.0,53.83,33.98,6.39,3.1,1.86,21.6,1.28,,0.0,0.0,0.0,10.45,22.1,0.213,0.088,4.762,0.531,29.0,0.0,12.1,527.0,1196.0,21.0,63.0,1.09,2.3,2.5,8.262,0.0,0.0,1.016,false,0.9997,96.06,true,,,
Base.Crisps3,food,per_item,720.0|72.0|45.0|4.5,169677,sr_legacy,"Snacks, potato chips, plain, salted",close,prepared,,135.3,judgement,iodine:chips-potato,,,720.0,72.0,45.0,4.5,-15.0,,719.796,72.83199,45.97494,8.64567,4.1943,2.51658,29.2248,1.73184,,0.0,0.0,0.0,14.13885,29.9013,0.288189,0.119064,6.442986,0.718443,39.237,0.0,16.3713,713.031,1618.188,28.413,85.239,1.47477,3.1119,3.3825,11.178486,0.0,0.0,532.0,53.83,33.98,6.39,3.1,1.86,21.6,1.28,,0.0,0.0,0.0,10.45,22.1,0.213,0.088,4.762,0.531,29.0,0.0,12.1,527.0,1196.0,21.0,63.0,1.09,2.3,2.5,8.262,0.0,0.0,1.016,false,0.9997,96.06,true,,,
Base.Crisps4,food,per_item,720.0|72.0|45.0|4.5,169677,sr_legacy,"Snacks, potato chips, plain, salted",close,prepared,,135.3,judgement,iodine:chips-potato,,,720.0,72.0,45.0,4.5,-15.0,,719.796,72.83199,45.97494,8.64567,4.1943,2.51658,29.2248,1.73184,,0.0,0.0,0.0,14.13885,29.9013,0.288189,0.119064,6.442986,0.718443,39.237,0.0,16.3713,713.031,1618.188,28.413,85.239,1.47477,3.1119,3.3825,11.178486,0.0,0.0,532.0,53.83,33.98,6.39,3.1,1.86,21.6,1.28,,0.0,0.0,0.0,10.45,22.1,0.213,0.088,4.762,0.531,29.0,0.0,12.1,527.0,1196.0,21.0,63.0,1.09,2.3,2.5,8.262,0.0,0.0,1.016,false,0.9997,96.06,true,,,
Base.CrispyRiceSquare,food,per_item,140.0|28.0|3.0|1.0,174097,sr_legacy,"Cookies, marshmallow, with rice cereal and chocolate chips",close,prepared,,32.2,judgement,,,,140.0,28.0,3.0,1.0,-10.0,,140.07,20.36972,5.85396,1.4651,0.0,3.95094,0.0,0.52808,,12.88,10.304,0.2898,0.23184,2.2218,0.219604,0.248906,1.75651,0.292698,18.998,0.01288,2.6404,109.802,73.094,0.0,16.422,0.35742,,1.3524,0.570906,2.576,0.0,435.0,63.26,18.18,4.55,0.0,12.27,0.0,1.64,,40.0,32.0,0.9,0.72,6.9,0.682,0.773,5.455,0.909,59.0,0.04,8.2,341.0,227.0,0.0,51.0,1.11,,4.2,1.773,8.0,0.0,0.9997,false,1.0005,98.26,true,,,
Base.Croissant,food,per_item,180.0|32.0|15.0|4.0,174987,sr_legacy,"Croissants, butter",close,prepared,,42.0,fdc_portion:3,,,,180.0,32.0,15.0,4.0,-8.0,,170.52,19.236,8.82,3.444,1.092,9.744,0.084,0.8526,,84.84,15.96,0.0,0.3528,0.756,0.16296,0.10122,0.91896,0.02436,54.6,0.0672,16.296,161.28,49.56,15.54,6.72,0.315,,9.534,0.45528,0.0,0.0,406.0,45.8,21.0,8.2,2.6,23.2,0.2,2.03,,202.0,38.0,0.0,0.84,1.8,0.388,0.241,2.188,0.058,130.0,0.16,38.8,384.0,118.0,37.0,16.0,0.75,,22.7,1.084,0.0,0.0,0.9847,false,0.9473,98.2,true,,,
Base.Cucumber,food,per_item,33.0|6.1|0.63|2.37,168409,sr_legacy,"Cucumber, with peel, raw",close,raw,,220.0,judgement,,zero:vegetable,,33.0,6.1,0.63,2.37,-10.0,-10.0,33.0,7.986,0.242,1.43,1.1,209.506,6.16,0.616,0.0,0.0,99.0,0.0,0.066,36.08,0.0594,0.0726,0.2156,0.088,15.4,0.0,13.2,4.4,323.4,35.2,28.6,0.44,,0.66,0.0726,0.0,0.0,15.0,3.63,0.11,0.65,0.5,95.23,2.8,0.28,0.0,0.0,45.0,0.0,0.03,16.4,0.027,0.033,0.098,0.04,7.0,0.0,6.0,2.0,147.0,16.0,13.0,0.2,,0.3,0.033,0.0,0.0,1.1407,true,1.0,99.62,true,,,"atwater: 17.11 kcal from the macros against 15.0, ratio 1.1407 outside +/-10 %"
Base.Cupcake,food,per_item,305.0|67.0|4.0|4.0,174942,sr_legacy,"Cake, snack cakes, creme-filled, chocolate with frosting",close,prepared,,76.4,judgement,,,,305.0,67.0,4.0,4.0,-20.0,,304.836,46.07684,12.17052,2.77332,2.4448,14.18748,1.4516,2.7504,,0.764,0.0,0.0,0.83276,8.0984,0.028268,0.0573,0.7067,0.109252,26.74,0.04584,15.7384,253.648,134.464,88.624,27.504,0.79456,,2.5976,1.392008,4.584,0.0,399.0,60.31,15.93,3.63,3.2,18.57,1.9,3.6,,1.0,0.0,0.0,1.09,10.6,0.037,0.075,0.925,0.143,35.0,0.06,20.6,332.0,176.0,116.0,36.0,1.04,,3.4,1.822,6.0,0.0,0.9843,false,0.9995,98.44,true,,,
Base.Curacao,fluid_container,none,2430.0|236.0|0.0|4.0,,,,,,,,,,,fluid_sourced,2430.0,236.0,0.0,4.0,-20.0,-20.0,,,,,,,,,,,,,,,,,,,,,,,,,,,,,,,,,,,,,,,,,,,,,,,,,,,,,,,,,,,,,,,,,,,,,,
Base.Daikon,food,per_item,54.0|12.59|0.27|1.34,168451,sr_legacy,"Radishes, oriental, raw",close,raw,,300.0,judgement,,zero:vegetable,,54.0,12.59,0.27,1.34,-12.0,-5.0,54.0,12.3,0.3,1.8,4.8,283.86,66.0,1.2,0.0,0.0,0.0,0.0,0.0,0.9,0.06,0.06,0.6,0.138,84.0,0.0,21.9,63.0,681.0,81.0,48.0,0.45,,2.1,0.135,0.0,0.0,18.0,4.1,0.1,0.6,1.6,94.62,22.0,0.4,0.0,0.0,0.0,0.0,0.0,0.3,0.02,0.02,0.2,0.046,28.0,0.0,7.3,21.0,227.0,27.0,16.0,0.15,,0.7,0.045,0.0,0.0,0.9167,false,1.0,99.42,true,,,
Base.Dandelions,food,per_item,25.0|5.0|0.5|1.5,169226,sr_legacy,"Dandelion greens, raw",close,raw,,55.0,fdc_portion:1,,zero:vegetable,,25.0,5.0,0.5,1.5,-5.0,,24.75,5.06,0.385,1.485,1.925,47.08,19.25,1.705,0.0,0.0,3219.7,0.0,1.892,428.12,0.1045,0.143,0.4433,0.13805,14.85,0.0,19.415,41.8,218.35,102.85,19.8,0.2255,,0.275,0.16775,0.0,0.0,45.0,9.2,0.7,2.7,3.5,85.6,35.0,3.1,0.0,0.0,5854.0,0.0,3.44,778.4,0.19,0.26,0.806,0.251,27.0,0.0,35.3,76.0,397.0,187.0,36.0,0.41,,0.5,0.305,0.0,0.0,1.0422,false,0.99,98.2,true,,,
Base.Danish,food,per_item,263.0|34.0|13.0|4.0,172753,sr_legacy,"Danish pastry, cinnamon, enriched",close,prepared,,65.3,judgement,,,,263.0,34.0,13.0,4.0,-7.0,,263.159,29.1238,14.6272,4.571,0.8489,15.8679,0.0653,1.27988,,3.918,1.306,0.0,0.25467,6.1382,0.1959,0.171739,1.872151,0.024814,60.076,0.0653,14.2354,270.342,81.625,46.363,12.407,0.47016,,11.101,1.90676,0.0,0.0,403.0,44.6,22.4,7.0,1.3,24.3,0.1,1.96,,6.0,2.0,0.0,0.39,9.4,0.3,0.263,2.867,0.038,92.0,0.1,21.8,414.0,125.0,71.0,19.0,0.72,,17.0,2.92,0.0,0.0,1.006,false,1.0006,98.3,true,,,
Base.DeadBird,food,per_item,161.0|0.5|2.0|22.0,171079,sr_legacy,"Squab, (pigeon), meat only, raw",proxy,raw,805,168.0,fdc_portion:2,,zero:meat,,161.0,0.5,2.0,22.0,-15.0,,238.56,0.0,12.6,29.4,0.0,122.304,12.096,7.5768,0.0,47.04,,,,,0.47544,0.4788,11.5248,0.8904,11.76,0.7896,,85.68,398.16,21.84,42.0,4.536,,22.68,1.7304,,,142.0,0.0,7.5,17.5,0.0,72.8,7.2,4.51,0.0,28.0,,,,,0.283,0.285,6.86,0.53,7.0,0.47,,51.0,237.0,13.0,25.0,2.7,,13.5,1.03,,,0.9683,false,1.4817,97.8,true,true,,
Base.DeadMouse,food,per_item,220.0|0.7|3.15|9.5,172518,sr_legacy,"Game meat, muskrat, raw",proxy,raw,1004,45.8,judgement,,zero:meat,,220.0,0.7,3.15,9.5,-10.0,,74.196,0.0,3.7098,9.50808,0.0,31.7623,2.29,,0.0,0.0,,,,,0.04122,0.23816,2.8396,,,,,37.556,126.408,11.45,10.076,,,4.1678,,,,162.0,0.0,8.1,20.76,0.0,69.35,5.0,,0.0,0.0,,,,,0.09,0.52,6.2,,,,,82.0,276.0,25.0,22.0,,,9.1,,,,0.9626,false,0.3373,98.21,true,true,,
Base.DeadMousePups,food,per_item,110.0|0.35|1.58|4.2,172518,sr_legacy,"Game meat, muskrat, raw",proxy,raw,1004,20.2,judgement,,zero:meat,,110.0,0.35,1.58,4.2,-5.0,,32.724,0.0,1.6362,4.19352,0.0,14.0087,1.01,,0.0,0.0,,,,,0.01818,0.10504,1.2524,,,,,16.564,55.752,5.05,4.444,,,1.8382,,,,162.0,0.0,8.1,20.76,0.0,69.35,5.0,,0.0,0.0,,,,,0.09,0.52,6.2,,,,,82.0,276.0,25.0,22.0,,,9.1,,,,0.9626,false,0.2975,98.21,true,true,,
Base.DeadMousePupsSkinned,food,per_item,110.0|0.35|1.58|4.2,172518,sr_legacy,"Game meat, muskrat, raw",proxy,raw,1004,20.2,judgement,,zero:meat,,110.0,0.35,1.58,4.2,-5.0,,32.724,0.0,1.6362,4.19352,0.0,14.0087,1.01,,0.0,0.0,,,,,0.01818,0.10504,1.2524,,,,,16.564,55.752,5.05,4.444,,,1.8382,,,,162.0,0.0,8.1,20.76,0.0,69.35,5.0,,0.0,0.0,,,,,0.09,0.52,6.2,,,,,82.0,276.0,25.0,22.0,,,9.1,,,,0.9626,false,0.2975,98.21,true,true,,
Base.DeadMouseSkinned,food,per_item,220.0|0.7|3.15|9.5,172518,sr_legacy,"Game meat, muskrat, raw",proxy,raw,1004,45.8,judgement,,zero:meat,,220.0,0.7,3.15,9.5,-10.0,,74.196,0.0,3.7098,9.50808,0.0,31.7623,2.29,,0.0,0.0,,,,,0.04122,0.23816,2.8396,,,,,37.556,126.408,11.45,10.076,,,4.1678,,,,162.0,0.0,8.1,20.76,0.0,69.35,5.0,,0.0,0.0,,,,,0.09,0.52,6.2,,,,,82.0,276.0,25.0,22.0,,,9.1,,,,0.9626,false,0.3373,98.21,true,true,,
Base.DeadRabbit,food,per_item,1730.0|0.0|35.0|330.0,174347,sr_legacy,"Game meat, rabbit, wild, raw",proxy,raw,1004,1513.5,vanilla_implied,,zero:meat,,1730.0,0.0,35.0,330.0,-45.0,,1725.39,0.0,35.1132,329.79165,0.0,1127.70885,0.0,48.432,0.0,0.0,,,,,0.45405,0.9081,98.3775,,,,,756.75,5721.03,181.62,438.915,,,142.269,6.81075,,,114.0,0.0,2.32,21.79,0.0,74.51,0.0,3.2,0.0,0.0,,,,,0.03,0.06,6.5,,,,,50.0,378.0,12.0,29.0,,,9.4,0.45,,,0.9477,false,0.9973,98.62,true,true,,
Base.DeadRat,food,per_item,324.0|0.0|16.0|40.0,172518,sr_legacy,"Game meat, muskrat, raw",proxy,raw,1004,196.7,vanilla_implied,,zero:meat,,324.0,0.0,16.0,40.0,-22.0,,318.654,0.0,15.9327,40.83492,0.0,136.41145,9.835,,0.0,0.0,,,,,0.17703,1.02284,12.1954,,,,,161.294,542.892,49.175,43.274,,,17.8997,,,,162.0,0.0,8.1,20.76,0.0,69.35,5.0,,0.0,0.0,,,,,0.09,0.52,6.2,,,,,82.0,276.0,25.0,22.0,,,9.1,,,,0.9626,false,0.9835,98.21,true,true,,
Base.DeadRatBaby,food,per_item,174.6|0.0|8.6|21.6,172518,sr_legacy,"Game meat, muskrat, raw",proxy,raw,1004,106.0,vanilla_implied,,zero:meat,,174.6,0.0,8.6,21.6,-12.0,,171.72,0.0,8.586,22.0056,0.0,73.511,5.3,,0.0,0.0,,,,,0.0954,0.5512,6.572,,,,,86.92,292.56,26.5,23.32,,,9.646,,,,162.0,0.0,8.1,20.76,0.0,69.35,5.0,,0.0,0.0,,,,,0.09,0.52,6.2,,,,,82.0,276.0,25.0,22.0,,,9.1,,,,0.9626,false,0.9835,98.21,true,true,,
Base.DeadRatBabySkinned,food,per_item,174.6|0.0|8.6|21.6,172518,sr_legacy,"Game meat, muskrat, raw",proxy,raw,1004,106.0,vanilla_implied,,zero:meat,,174.6,0.0,8.6,21.6,-12.0,,171.72,0.0,8.586,22.0056,0.0,73.511,5.3,,0.0,0.0,,,,,0.0954,0.5512,6.572,,,,,86.92,292.56,26.5,23.32,,,9.646,,,,162.0,0.0,8.1,20.76,0.0,69.35,5.0,,0.0,0.0,,,,,0.09,0.52,6.2,,,,,82.0,276.0,25.0,22.0,,,9.1,,,,0.9626,false,0.9835,98.21,true,true,,
Base.DeadRatSkinned,food,per_item,324.0|0.0|16.0|40.0,172518,sr_legacy,"Game meat, muskrat, raw",proxy,raw,1004,196.7,vanilla_implied,,zero:meat,,324.0,0.0,16.0,40.0,-22.0,,318.654,0.0,15.9327,40.83492,0.0,136.41145,9.835,,0.0,0.0,,,,,0.17703,1.02284,12.1954,,,,,161.294,542.892,49.175,43.274,,,17.8997,,,,162.0,0.0,8.1,20.76,0.0,69.35,5.0,,0.0,0.0,,,,,0.09,0.52,6.2,,,,,82.0,276.0,25.0,22.0,,,9.1,,,,0.9626,false,0.9835,98.21,true,true,,
Base.DeadSquirrel,food,per_item,480.0|0.0|15.0|84.8,172523,sr_legacy,"Game meat, squirrel, raw",close,raw,1004,399.7,judgement,,zero:meat,,480.0,0.0,15.0,84.8,-32.0,,479.64,0.0,12.83037,84.85631,0.0,295.09851,0.0,18.7859,0.0,0.0,,,,,0.27979,0.83937,15.988,,,,,411.691,1215.088,7.994,95.928,,,37.1721,3.75718,,,120.0,0.0,3.21,21.23,0.0,73.83,0.0,4.7,0.0,0.0,,,,,0.07,0.21,4.0,,,,,103.0,304.0,2.0,24.0,,,9.3,0.94,,,0.9484,false,0.9992,98.27,true,true,,
Base.DebugFluid,fluid_container,none,,,,,,,,,,,,fluid_sourced,,,,,,-50.0,,,,,,,,,,,,,,,,,,,,,,,,,,,,,,,,,,,,,,,,,,,,,,,,,,,,,,,,,,,,,,,,,,,,,,
Base.Deer_Buck_Head,food,none,,,,,,,,,,,,inedible_body_part,,,,,,,,,,,,,,,,,,,,,,,,,,,,,,,,,,,,,,,,,,,,,,,,,,,,,,,,,,,,,,,,,,,,,,,,,,,,
Base.Deer_Doe_Head,food,none,,,,,,,,,,,,inedible_body_part,,,,,,,,,,,,,,,,,,,,,,,,,,,,,,,,,,,,,,,,,,,,,,,,,,,,,,,,,,,,,,,,,,,,,,,,,,,,
Base.Deer_Fawn_Head,food,none,,,,,,,,,,,,inedible_body_part,,,,,,,,,,,,,,,,,,,,,,,,,,,,,,,,,,,,,,,,,,,,,,,,,,,,,,,,,,,,,,,,,,,,,,,,,,,,
Base.DehydratedMeatStick,food,per_item,100.0|5.3|5.1|21.63,167536,sr_legacy,"Snacks, beef jerky, chopped and formed",close,prepared,,20.0,fdc_portion:2,,zero:meat,,100.0,5.3,5.1,21.63,-10.0,,82.0,2.2,5.12,6.64,0.36,4.672,0.0,1.084,0.0,0.0,0.0,0.06,0.098,0.46,0.0308,0.0284,0.3464,0.0358,26.8,0.198,21.82,357.0,119.4,4.0,10.2,1.622,,2.14,0.199,0.0,0.0,410.0,11.0,25.6,33.2,1.8,23.36,0.0,5.42,0.0,0.0,0.0,0.3,0.49,2.3,0.154,0.142,1.732,0.179,134.0,0.99,109.1,1785.0,597.0,20.0,51.0,8.11,,10.7,0.995,0.0,0.0,0.9844,false,0.82,93.16,true,,,
Base.DentalFloss,drainable,none,,,,,,,,,,,,not_food,,,,,,,,,,,,,,,,,,,,,,,,,,,,,,,,,,,,,,,,,,,,,,,,,,,,,,,,,,,,,,,,,,,,,,,,,,,,
Base.DentedCan,food,none,,,,,,,,,,,,not_food,,,,,,,,,,,,,,,,,,,,,,,,,,,,,,,,,,,,,,,,,,,,,,,,,,,,,,,,,,,,,,,,,,,,,,,,,,,,
Base.Dip_NachoCheese,food,per_item,630.0|56.0|42.0|14.0,172200,sr_legacy,"Cheese sauce, prepared from recipe",close,prepared,,319.8,judgement,,,,630.0,56.0,42.0,14.0,-16.0,,630.006,17.52504,47.71416,33.03534,0.3198,213.81828,1.9188,1.1193,,255.84,83.148,3.198,0.28782,2.8782,0.140712,0.777114,0.652392,0.14391,35.178,1.1193,16.3098,1576.614,454.116,994.578,60.762,4.02948,,21.1068,4.467606,0.0,0.0,197.0,5.48,14.92,10.33,0.1,66.86,0.6,0.35,,80.0,26.0,1.0,0.09,0.9,0.044,0.243,0.204,0.045,11.0,0.35,5.1,493.0,142.0,311.0,19.0,1.26,,6.6,1.397,0.0,0.0,1.0016,false,1.0,97.59,true,,,
Base.Dip_Ranch,food,per_item,867.0|29.0|72.0|14.5,173592,sr_legacy,"Salad dressing, ranch dressing, regular",close,prepared,,201.6,judgement,,,,867.0,29.0,72.0,14.5,-16.0,,866.88,11.8944,89.79264,2.66112,0.0,92.09088,0.0,0.6048,,26.208,28.224,0.2016,4.47552,270.7488,0.03024,0.175392,0.108864,0.06048,8.064,0.34272,66.1248,1816.416,129.024,56.448,10.08,0.34272,,7.056,51.889824,0.0,0.0,430.0,5.9,44.54,1.32,0.0,45.68,0.0,0.3,,13.0,14.0,0.1,2.22,134.3,0.015,0.087,0.054,0.03,4.0,0.17,32.8,901.0,64.0,28.0,5.0,0.17,,3.5,25.739,0.0,0.0,0.9994,false,0.9999,97.44,true,,,
Base.Dip_Salsa,food,per_item,140.0|28.0|0.0|0.0,174524,sr_legacy,"Sauce, salsa, ready-to-serve",close,prepared,,482.8,judgement,,,,140.0,28.0,0.0,0.0,-16.0,,140.012,32.05792,0.82076,7.33856,9.1732,431.04384,9.1732,2.02776,,0.0,1332.528,0.0,6.17984,20.7604,0.159324,0.154496,5.267348,0.830416,19.312,0.0,61.7984,3432.708,1327.7,144.84,72.42,0.86904,,4.3452,0.376584,0.0,0.0,29.0,6.64,0.17,1.52,1.9,89.28,1.9,0.42,,0.0,276.0,0.0,1.28,4.3,0.033,0.032,1.091,0.172,4.0,0.0,12.8,711.0,275.0,30.0,15.0,0.18,,0.9,0.078,0.0,0.0,1.0472,false,1.0001,97.61,true,,,
Base.Dirtbag,drainable,none,,,,,,,,,,,,not_food,,,,,,,,,,,,,,,,,,,,,,,,,,,,,,,,,,,,,,,,,,,,,,,,,,,,,,,,,,,,,,,,,,,,,,,,,,,,
Base.DishCloth,drainable,none,,,,,,,,,,,,not_food,,,,,,,,,,,,,,,,,,,,,,,,,,,,,,,,,,,,,,,,,,,,,,,,,,,,,,,,,,,,,,,,,,,,,,,,,,,,
Base.Disinfectant,fluid_container,none,,,,,,,,,,,,fluid_sourced,,,,,,,,,,,,,,,,,,,,,,,,,,,,,,,,,,,,,,,,,,,,,,,,,,,,,,,,,,,,,,,,,,,,,,,,,,,,
Base.DogFoodBag,food,none,,,,,,,,,,,,not_food,,,,,-60.0,,,,,,,,,,,,,,,,,,,,,,,,,,,,,,,,,,,,,,,,,,,,,,,,,,,,,,,,,,,,,,,,,,,,,,,
Base.Dogfood,food,per_item,498.0|77.56|12.58|16.04,173332,sr_legacy,"Beef, corned beef hash, with potato, canned",proxy,canned,,303.7,judgement,,,,498.0,77.56,12.58,16.04,,,498.068,28.15299,31.09888,26.51301,3.3407,213.56184,2.7333,3.037,,0.0,0.0,0.0,0.12148,5.4666,0.209553,0.15185,4.774164,0.701547,21.259,1.24517,47.3772,1251.244,522.364,57.703,39.481,4.2518,,22.7775,0.908063,0.0,0.0,164.0,9.27,10.24,8.73,1.1,70.32,0.9,1.0,,0.0,0.0,0.0,0.04,1.8,0.069,0.05,1.572,0.231,7.0,0.41,15.6,412.0,172.0,19.0,13.0,1.4,,7.5,0.299,0.0,0.0,0.9876,false,1.0001,98.56,true,,,
Base.DogfoodOpen,food,per_item,498.0|77.56|12.58|16.04,173332,sr_legacy,"Beef, corned beef hash, with potato, canned",proxy,canned,770,303.7,judgement,,,,498.0,77.56,12.58,16.04,-30.0,,498.068,28.15299,31.09888,26.51301,3.3407,213.56184,2.7333,3.037,,0.0,0.0,0.0,0.12148,5.4666,0.209553,0.15185,4.774164,0.701547,21.259,1.24517,47.3772,1251.244,522.364,57.703,39.481,4.2518,,22.7775,0.908063,0.0,0.0,164.0,9.27,10.24,8.73,1.1,70.32,0.9,1.0,,0.0,0.0,0.0,0.04,1.8,0.069,0.05,1.572,0.231,7.0,0.41,15.6,412.0,172.0,19.0,13.0,1.4,,7.5,0.299,0.0,0.0,0.9876,false,1.0001,98.56,true,true,,
Base.Dough,food,per_item,532.0|99.0|6.66|17.7,172675,sr_legacy,"Bread, french or vienna (includes sourdough)",proxy,raw,301,195.6,judgement,iodine:bread-white,,,532.0,99.0,6.66,17.7,-15.0,20.0,532.032,101.47728,4.73352,21.027,4.3032,64.548,0.0,7.64796,,0.0,0.0,0.0,0.41076,1.3692,1.38876,0.835212,9.422052,0.209292,332.52,0.0,15.648,1177.512,228.852,101.712,62.592,2.03424,3.5208,55.9416,1.670424,0.0,0.0,272.0,51.88,2.42,10.75,2.2,33.0,0.0,3.91,,0.0,0.0,0.0,0.21,0.7,0.71,0.427,4.817,0.107,170.0,0.0,8.0,602.0,117.0,52.0,32.0,1.04,1.8,28.6,0.854,0.0,0.0,0.9849,false,1.0001,98.05,true,true,,
Base.DoughnutChocolate,food,per_item,180.0|35.0|15.0|3.0,174991,sr_legacy,"Doughnuts, cake-type, plain, chocolate-coated or frosted",close,prepared,,43.0,fdc_portion:3,,,,180.0,35.0,15.0,3.0,-7.0,,194.36,22.0719,10.8575,2.1199,0.817,7.2068,0.559,1.72,,1.29,0.86,0.0,0.8686,3.397,0.07009,0.05375,0.6837,0.01032,38.7,0.043,12.513,140.18,86.43,10.32,12.9,0.4214,,2.924,0.8428,0.86,0.0,452.0,51.33,25.25,4.93,1.9,16.76,1.3,4.0,,3.0,2.0,0.0,2.02,7.9,0.163,0.125,1.59,0.024,90.0,0.1,29.1,326.0,201.0,24.0,30.0,0.98,,6.8,1.96,2.0,0.0,0.9922,false,1.0798,98.27,true,,,
Base.DoughnutFrosted,food,per_item,180.0|35.0|15.0|3.0,174991,sr_legacy,"Doughnuts, cake-type, plain, chocolate-coated or frosted",close,prepared,,43.0,fdc_portion:3,,,,180.0,35.0,15.0,3.0,-7.0,,194.36,22.0719,10.8575,2.1199,0.817,7.2068,0.559,1.72,,1.29,0.86,0.0,0.8686,3.397,0.07009,0.05375,0.6837,0.01032,38.7,0.043,12.513,140.18,86.43,10.32,12.9,0.4214,,2.924,0.8428,0.86,0.0,452.0,51.33,25.25,4.93,1.9,16.76,1.3,4.0,,3.0,2.0,0.0,2.02,7.9,0.163,0.125,1.59,0.024,90.0,0.1,29.1,326.0,201.0,24.0,30.0,0.98,,6.8,1.96,2.0,0.0,0.9922,false,1.0798,98.27,true,,,
Base.DoughnutJelly,food,per_item,180.0|35.0|15.0|3.0,172759,sr_legacy,"Doughnuts, yeast-leavened, with jelly filling",close,prepared,,52.9,judgement,,,,180.0,35.0,15.0,3.0,-7.0,,179.86,20.631,9.8923,3.1211,0.4761,18.8324,0.0,0.93104,,8.464,4.232,0.0,0.22747,3.7559,0.165048,0.075118,1.130473,0.0529,55.016,0.11638,15.3939,240.695,41.791,13.225,10.58,0.39675,,6.6125,1.229396,0.0,0.0,340.0,39.0,18.7,5.9,0.9,35.6,0.0,1.76,,16.0,8.0,0.0,0.43,7.1,0.312,0.142,2.137,0.1,104.0,0.22,29.1,455.0,79.0,25.0,20.0,0.75,,12.5,2.324,0.0,0.0,1.0179,false,0.9992,99.2,true,,,
Base.DoughnutPlain,food,per_item,180.0|35.0|15.0|3.0,174990,sr_legacy,"Doughnuts, cake-type, plain (includes unsugared, old-fashioned)",close,prepared,,40.0,fdc_portion:1,iodine:doughnut-cake-plain,,,180.0,35.0,15.0,3.0,-7.0,,173.6,18.824,9.972,2.124,0.68,8.328,0.0,1.012,,1.2,0.4,0.0,0.796,3.92,0.156,0.1204,1.164,0.02,58.0,0.024,14.92,190.8,53.6,16.0,6.8,0.2,6.0,4.04,1.5572,0.0,0.0,434.0,47.06,24.93,5.31,1.7,20.82,0.0,2.53,,3.0,1.0,0.0,1.99,9.8,0.39,0.301,2.91,0.05,145.0,0.06,37.3,477.0,134.0,40.0,17.0,0.5,15.0,10.1,3.893,0.0,0.0,0.9918,false,0.9644,98.12,true,,,
Base.DriedApricots,food,per_item,241.0|62.6|0.5|3.4,173941,sr_legacy,"Apricots, dried, sulfured, uncooked",exact,dried,,99.6,vanilla_implied,,zero:fruit,,241.0,62.6,0.5,3.4,-16.0,,240.036,62.38944,0.50796,3.37644,7.2708,30.76644,0.996,2.64936,0.0,0.0,2154.348,0.0,4.31268,3.0876,0.01494,0.073704,2.578644,0.142428,9.96,0.0,13.8444,9.96,1157.352,54.78,31.872,0.38844,,2.1912,0.073704,0.0,0.0,241.0,62.64,0.51,3.39,7.3,30.89,1.0,2.66,0.0,0.0,2163.0,0.0,4.33,3.1,0.015,0.074,2.589,0.143,10.0,0.0,13.9,10.0,1162.0,55.0,32.0,0.39,,2.2,0.074,0.0,0.0,1.0544,false,0.996,97.43,true,,,
Base.DriedBlackBeans,food,per_item,3084.0|580.0|0.0|199.0,173734,sr_legacy,"Beans, black, mature seeds, raw",exact,dried,,918.6,vanilla_implied,,schlemmer2009:kidney-beans,,3084.0,580.0,0.0,199.0,-60.0,,3132.426,572.83896,13.04412,198.4176,142.383,101.22972,0.0,46.11372,12219.685686,0.0,0.0,0.0,1.92906,51.4416,8.2674,1.772898,17.95863,2.627196,4078.584,0.0,609.9504,45.93,13622.838,1129.878,1570.806,33.5289,,29.3952,5.60346,0.0,0.0,341.0,62.36,1.42,21.6,15.5,11.02,0.0,5.02,1330.251,0.0,0.0,0.0,0.21,5.6,0.9,0.193,1.955,0.286,444.0,0.0,66.4,5.0,1483.0,123.0,171.0,3.65,,3.2,0.61,0.0,0.0,0.9314,false,1.0157,96.4,true,,,
Base.DriedChickpeas,food,per_item,2851.0|544.0|0.0|181.0,173756,sr_legacy,"Chickpeas (garbanzo beans, bengal gram), mature seeds, raw",close,dried,,754.2,judgement,,schlemmer2009:chickpeas,,2851.0,544.0,0.0,181.0,-60.0,,2850.876,474.7689,45.55368,154.38474,92.0124,57.92256,30.168,32.50602,6545.007936,0.0,301.68,0.0,6.18444,67.878,3.597534,1.598904,11.622222,4.03497,4200.894,0.0,748.9206,181.008,5415.156,429.894,595.818,20.81592,,0.0,20.597202,0.0,0.0,378.0,62.95,6.04,20.47,12.2,7.68,4.0,4.31,867.808,0.0,40.0,0.0,0.82,9.0,0.477,0.212,1.541,0.535,557.0,0.0,99.3,24.0,718.0,57.0,79.0,2.76,,0.0,2.731,0.0,0.0,0.962,false,1.0,97.14,true,,,
Base.DriedKidneyBeans,food,per_item,3265.0|508.0|13.0|272.0,175193,sr_legacy,"Beans, kidney, all types, mature seeds, raw",close,dried,,980.5,judgement,,schlemmer2009:kidney-beans,,3265.0,508.0,13.0,272.0,-60.0,,3265.065,588.39805,8.13815,231.2019,244.1445,115.20875,44.1225,80.401,12936.104188,0.0,0.0,0.0,2.1571,186.295,5.186845,2.147295,20.1983,3.892585,3863.17,0.0,,235.32,13785.83,1402.115,1372.7,27.35595,,31.376,4.480885,0.0,0.0,333.0,60.01,0.83,23.58,24.9,11.75,4.5,8.2,1319.3375,0.0,0.0,0.0,0.22,19.0,0.529,0.219,2.06,0.397,394.0,0.0,,24.0,1406.0,143.0,140.0,2.79,,3.2,0.457,0.0,0.0,0.877,true,1.0,96.17,true,,,"atwater: 292.03 kcal from the macros against 333.0, ratio 0.877 outside +/-10 %"
Base.DriedLentils,food,per_item,3000.0|540.0|0.0|220.0,172420,sr_legacy,"Lentils, raw",exact,dried,,866.0,vanilla_implied,,schlemmer2009:lentils,,3000.0,540.0,0.0,220.0,-60.0,,3048.32,548.611,9.1796,213.2958,92.662,71.5316,38.97,56.3766,7070.76876,0.0,199.18,0.0,4.2434,43.3,7.56018,1.82726,22.5593,4.6764,4148.14,0.0,834.824,51.96,5862.82,303.1,407.02,28.3182,,0.866,4.55516,0.0,0.0,352.0,63.35,1.06,24.63,10.7,8.26,4.5,6.51,816.486,0.0,23.0,0.0,0.49,5.0,0.873,0.211,2.605,0.54,479.0,0.0,96.4,6.0,677.0,35.0,47.0,3.27,,0.1,0.526,0.0,0.0,0.9661,false,1.0161,97.3,true,,,
Base.DriedSplitPeas,food,per_item,2217.0|544.0|0.0|221.0,172428,sr_legacy,"Peas, green, split, mature seeds, raw",close,dried,,609.1,judgement,,schlemmer2009:peas,,2217.0,544.0,0.0,221.0,-60.0,,2217.124,375.38833,23.69399,140.82392,135.2202,52.93079,10.9638,28.81043,4004.418312,0.0,542.099,0.0,0.73092,96.8469,4.379429,1.486204,21.976328,0.85274,91.365,0.0,955.6779,30.455,5189.532,280.186,383.733,21.25759,,65.1737,6.206729,0.0,0.0,364.0,61.63,3.89,23.12,22.2,8.69,1.8,4.73,657.432,0.0,89.0,0.0,0.12,15.9,0.719,0.244,3.608,0.14,15.0,0.0,156.9,5.0,852.0,46.0,63.0,3.49,,10.7,1.019,0.0,0.0,0.9055,false,1.0001,97.33,true,,,
Base.DriedWhiteBeans,food,per_item,2823.0|527.0|10.0|188.0,175202,sr_legacy,"Beans, white, mature seeds, raw",close,dried,,847.7,judgement,,schlemmer2009:kidney-beans,,2823.0,527.0,10.0,188.0,-60.0,,2822.841,510.90879,7.20545,198.02272,128.8504,95.95964,0.0,88.49988,11238.518382,0.0,0.0,0.0,1.78017,47.4712,3.704449,1.237642,4.060483,2.695686,3289.076,0.0,561.1774,135.632,15216.215,2034.48,1610.63,31.11059,,108.5056,3.085628,0.0,0.0,333.0,60.27,0.85,23.36,15.2,11.32,0.0,10.44,1325.766,0.0,0.0,0.0,0.21,5.6,0.437,0.146,0.479,0.318,388.0,0.0,66.2,16.0,1795.0,240.0,190.0,3.67,,12.8,0.364,0.0,0.0,0.9362,false,0.9999,95.8,true,,,
Base.DrinkingGlass,fluid_container,none,,,,,,,,,,,,empty_container,,,,,,,,,,,,,,,,,,,,,,,,,,,,,,,,,,,,,,,,,,,,,,,,,,,,,,,,,,,,,,,,,,,,,,,,,,,,
Base.DuctTape,drainable,none,,,,,,,,,,,,not_food,,,,,,,,,,,,,,,,,,,,,,,,,,,,,,,,,,,,,,,,,,,,,,,,,,,,,,,,,,,,,,,,,,,,,,,,,,,,
Base.Dung_Chicken,food,none,,,,,,,,,,,,not_food,,,,,,,,,,,,,,,,,,,,,,,,,,,,,,,,,,,,,,,,,,,,,,,,,,,,,,,,,,,,,,,,,,,,,,,,,,,,
Base.Dung_Cow,food,none,,,,,,,,,,,,not_food,,,,,,,,,,,,,,,,,,,,,,,,,,,,,,,,,,,,,,,,,,,,,,,,,,,,,,,,,,,,,,,,,,,,,,,,,,,,
Base.Dung_Deer,food,none,,,,,,,,,,,,not_food,,,,,,,,,,,,,,,,,,,,,,,,,,,,,,,,,,,,,,,,,,,,,,,,,,,,,,,,,,,,,,,,,,,,,,,,,,,,
Base.Dung_Mouse,food,none,,,,,,,,,,,,not_food,,,,,,,,,,,,,,,,,,,,,,,,,,,,,,,,,,,,,,,,,,,,,,,,,,,,,,,,,,,,,,,,,,,,,,,,,,,,
Base.Dung_Pig,food,none,,,,,,,,,,,,not_food,,,,,,,,,,,,,,,,,,,,,,,,,,,,,,,,,,,,,,,,,,,,,,,,,,,,,,,,,,,,,,,,,,,,,,,,,,,,
Base.Dung_Rabbit,food,none,,,,,,,,,,,,not_food,,,,,,,,,,,,,,,,,,,,,,,,,,,,,,,,,,,,,,,,,,,,,,,,,,,,,,,,,,,,,,,,,,,,,,,,,,,,
Base.Dung_Raccoon,food,none,,,,,,,,,,,,not_food,,,,,,,,,,,,,,,,,,,,,,,,,,,,,,,,,,,,,,,,,,,,,,,,,,,,,,,,,,,,,,,,,,,,,,,,,,,,
Base.Dung_Rat,food,none,,,,,,,,,,,,not_food,,,,,,,,,,,,,,,,,,,,,,,,,,,,,,,,,,,,,,,,,,,,,,,,,,,,,,,,,,,,,,,,,,,,,,,,,,,,
Base.Dung_Sheep,food,none,,,,,,,,,,,,not_food,,,,,,,,,,,,,,,,,,,,,,,,,,,,,,,,,,,,,,,,,,,,,,,,,,,,,,,,,,,,,,,,,,,,,,,,,,,,
Base.Dung_Turkey,food,none,,,,,,,,,,,,not_food,,,,,,,,,,,,,,,,,,,,,,,,,,,,,,,,,,,,,,,,,,,,,,,,,,,,,,,,,,,,,,,,,,,,,,,,,,,,
Base.Edamame,food,per_item,25.0|10.45|0.45|3.95,169282,sr_legacy,"Soybeans, green, raw",close,raw,,17.0,judgement,,,,25.0,10.45,0.45,3.95,-5.0,,24.99,1.8785,1.156,2.2015,0.714,11.475,4.93,0.6035,,0.0,,0.0,,,0.07395,0.02975,0.2805,0.01105,28.05,0.0,,2.55,105.4,33.49,11.05,0.1683,,0.255,0.54383,0.0,,147.0,11.05,6.8,12.95,4.2,67.5,29.0,3.55,,0.0,,0.0,,,0.435,0.175,1.65,0.065,165.0,0.0,,15.0,620.0,197.0,65.0,0.99,,1.5,3.199,0.0,,1.0122,false,0.9996,98.3,true,,,
Base.Egg,food,per_item,63.0|0.32|4.18|5.55,171287,sr_legacy,"Egg, whole, raw, fresh",exact,raw,103,44.2,vanilla_implied,iodine:egg-whole-raw,zero:egg,,63.0,0.32,4.18,5.55,-7.0,,63.206,0.31824,4.20342,5.55152,0.0,33.6583,0.0,0.7735,0.0,70.72,0.0,0.884,0.4641,0.1326,0.01768,0.201994,0.03315,0.07514,20.774,0.39338,129.8596,62.764,60.996,24.752,5.304,0.57018,21.658,13.5694,0.708526,0.0,0.0,143.0,0.72,9.51,12.56,0.0,76.15,0.0,1.75,0.0,160.0,0.0,2.0,1.05,0.3,0.04,0.457,0.075,0.17,47.0,0.89,293.8,142.0,138.0,56.0,12.0,1.29,49.0,30.7,1.603,0.0,0.0,0.97,false,1.0033,98.94,true,true,,
Base.EggBoiled,food,per_item,63.0|0.32|4.18|5.55,173424,sr_legacy,"Egg, whole, cooked, hard-boiled",close,cooked,,40.6,judgement,iodine:egg-hard-boiled,zero:egg,,63.0,0.32,4.18,5.55,-10.0,,62.93,0.45472,4.30766,5.10748,0.0,30.29572,0.0,0.48314,0.0,60.088,4.466,0.8932,0.41818,0.1218,0.026796,0.208278,0.025984,0.049126,17.864,0.45066,119.2828,50.344,51.156,20.3,4.06,0.4263,24.766,12.5048,0.496538,0.0,0.0,155.0,1.12,10.61,12.58,0.0,74.62,0.0,1.19,0.0,148.0,11.0,2.2,1.03,0.3,0.066,0.513,0.064,0.121,44.0,1.11,293.8,124.0,126.0,50.0,10.0,1.05,61.0,30.8,1.223,0.0,0.0,0.9696,false,0.9989,98.93,true,,,
Base.EggCarton,food,none,,,,,,,,,,,,not_food,,,,,,,,,,,,,,,,,,,,,,,,,,,,,,,,,,,,,,,,,,,,,,,,,,,,,,,,,,,,,,,,,,,,,,,,,,,,
Base.EggOmelette,food,per_item,120.0|0.52|6.18|10.55,172185,sr_legacy,"Egg, whole, cooked, omelet",close,cooked,,61.0,fdc_portion:2,iodine:egg-scrambled,zero:egg,,120.0,0.52,6.18,10.55,-20.0,,93.94,0.3904,7.1126,6.4477,0.0,46.4393,0.0,0.9028,0.0,103.09,17.08,1.037,0.7869,2.745,0.02074,0.23546,0.03904,0.08723,23.79,0.4636,151.036,94.55,71.37,29.28,6.71,0.6649,26.23,15.738,1.49572,0.0,0.0,154.0,0.64,11.66,10.57,0.0,76.13,0.0,1.48,0.0,169.0,28.0,1.7,1.29,4.5,0.034,0.386,0.064,0.143,39.0,0.76,247.6,155.0,117.0,48.0,11.0,1.09,43.0,25.8,2.452,0.0,0.0,0.9726,false,0.7828,99.0,true,,,
Base.EggPoached,food,per_item,63.0|0.32|4.18|5.55,172186,sr_legacy,"Egg, whole, cooked, poached",exact,cooked,,44.4,vanilla_implied,iodine:egg-whole-raw,zero:egg,,63.0,0.32,4.18,5.55,-10.0,,63.492,0.31524,4.20468,5.55444,0.0,33.6774,0.0,0.777,0.0,70.596,0.0,0.888,0.46176,0.1332,0.014208,0.171828,0.027972,0.063936,15.54,0.31524,103.9404,131.868,61.272,24.864,5.328,0.57276,21.756,13.5864,0.709068,0.0,0.0,143.0,0.71,9.47,12.51,0.0,75.85,0.0,1.75,0.0,159.0,0.0,2.0,1.04,0.3,0.032,0.387,0.063,0.144,35.0,0.71,234.1,297.0,138.0,56.0,12.0,1.29,49.0,30.6,1.597,0.0,0.0,0.9658,false,1.0078,98.54,true,,,
Base.EggScrambled,food,per_item,120.0|0.52|6.18|10.55,172187,sr_legacy,"Egg, whole, cooked, scrambled",close,cooked,,61.0,fdc_portion:1,iodine:egg-scrambled,zero:egg,,120.0,0.52,6.18,10.55,-20.0,,90.89,0.9821,6.6978,6.0939,0.0,46.604,0.0,0.7991,0.0,96.99,15.86,1.098,0.7015,2.44,0.0244,0.22936,0.04636,0.08174,21.96,0.4636,134.81,88.45,80.52,40.26,6.71,0.6344,26.23,14.335,1.34261,0.0,0.0,149.0,1.61,10.98,9.99,0.0,76.4,0.0,1.31,0.0,159.0,26.0,1.8,1.15,4.0,0.04,0.376,0.076,0.134,36.0,0.76,221.0,145.0,132.0,66.0,11.0,1.04,43.0,23.5,2.201,0.0,0.0,0.9746,false,0.7574,98.98,true,,,
Base.Eggplant,food,per_item,114.0|27.0|0.8|4.5,169228,sr_legacy,"Eggplant, raw",exact,raw,3771,454.7,vanilla_implied,,zero:vegetable,,114.0,27.0,0.8,4.5,-16.0,-9.0,113.675,26.73636,0.81846,4.45606,13.641,419.6881,10.0034,1.04581,0.0,0.0,63.658,0.0,1.3641,15.9145,0.177333,0.168239,2.951003,0.381948,100.034,0.0,31.3743,9.094,1041.263,40.923,63.658,0.72752,,1.3641,0.345572,0.0,0.0,25.0,5.88,0.18,0.98,3.0,92.3,2.2,0.23,0.0,0.0,14.0,0.0,0.3,3.5,0.039,0.037,0.649,0.084,22.0,0.0,6.9,2.0,229.0,9.0,14.0,0.16,,0.3,0.076,0.0,0.0,0.9224,false,0.9971,99.34,true,true,,
Base.EmptyJar,fluid_container,none,,,,,,,,,,,,empty_container,,,,,,,,,,,,,,,,,,,,,,,,,,,,,,,,,,,,,,,,,,,,,,,,,,,,,,,,,,,,,,,,,,,,,,,,,,,,
Base.Epoxy,drainable,none,,,,,,,,,,,,not_food,,,,,,,,,,,,,,,,,,,,,,,,,,,,,,,,,,,,,,,,,,,,,,,,,,,,,,,,,,,,,,,,,,,,,,,,,,,,
Base.Extinguisher,drainable,none,,,,,,,,,,,,not_food,,,,,,,,,,,,,,,,,,,,,,,,,,,,,,,,,,,,,,,,,,,,,,,,,,,,,,,,,,,,,,,,,,,,,,,,,,,,
Base.FabricRoll_Cotton,drainable,none,,,,,,,,,,,,not_food,,,,,,,,,,,,,,,,,,,,,,,,,,,,,,,,,,,,,,,,,,,,,,,,,,,,,,,,,,,,,,,,,,,,,,,,,,,,
Base.FabricRoll_DenimBlack,drainable,none,,,,,,,,,,,,not_food,,,,,,,,,,,,,,,,,,,,,,,,,,,,,,,,,,,,,,,,,,,,,,,,,,,,,,,,,,,,,,,,,,,,,,,,,,,,
Base.FabricRoll_DenimBlue,drainable,none,,,,,,,,,,,,not_food,,,,,,,,,,,,,,,,,,,,,,,,,,,,,,,,,,,,,,,,,,,,,,,,,,,,,,,,,,,,,,,,,,,,,,,,,,,,
Base.FabricRoll_DenimDarkBlue,drainable,none,,,,,,,,,,,,not_food,,,,,,,,,,,,,,,,,,,,,,,,,,,,,,,,,,,,,,,,,,,,,,,,,,,,,,,,,,,,,,,,,,,,,,,,,,,,
Base.FeedingBottle,fluid_container,none,,,,,,,,,,,,empty_container,,,,,,,,,,,,,,,,,,,,,,,,,,,,,,,,,,,,,,,,,,,,,,,,,,,,,,,,,,,,,,,,,,,,,,,,,,,,
Base.Fertilizer,drainable,none,,,,,,,,,,,,not_food,,,,,,,,,,,,,,,,,,,,,,,,,,,,,,,,,,,,,,,,,,,,,,,,,,,,,,,,,,,,,,,,,,,,,,,,,,,,
Base.FiberglassTape,drainable,none,,,,,,,,,,,,not_food,,,,,,,,,,,,,,,,,,,,,,,,,,,,,,,,,,,,,,,,,,,,,,,,,,,,,,,,,,,,,,,,,,,,,,,,,,,,
Base.FishFillet,food,per_item,205.0|1.0|12.0|28.52,174184,sr_legacy,"Fish, bass, fresh water, mixed species, raw",close,raw,2305,179.8,judgement,iodine:fish-trout-rainbow-wild-raw,zero:fish,,205.0,1.0,12.0,28.52,-25.0,,204.972,0.0,6.63462,33.91028,0.0,136.03668,3.596,2.67902,0.0,53.94,,,,,0.13485,0.133052,2.2475,0.21576,26.97,3.596,,125.86,640.088,143.84,53.94,1.1687,13.3052,22.6548,0.356004,,,114.0,0.0,3.69,18.86,0.0,75.66,2.0,1.49,0.0,30.0,,,,,0.075,0.074,1.25,0.12,15.0,2.0,,70.0,356.0,80.0,30.0,0.65,7.4,12.6,0.198,,,0.9531,false,0.9999,98.21,true,true,,
Base.FishFingers,food,per_item,230.0|10.2|8.1|26.441,174195,sr_legacy,"Fish, fish sticks, frozen, prepared",close,prepared,2605,83.0,judgement,iodine:fish-sticks,,,230.0,10.2,8.1,26.441,-10.0,,229.91,17.9778,13.4709,9.1383,1.245,41.085,0.0,0.6972,,2.49,2.49,0.0,5.7104,3.901,0.10126,0.09628,1.27488,0.06474,19.92,0.7968,35.524,333.66,153.55,13.28,20.75,0.3486,55.61,13.031,6.36444,0.0,0.0,277.0,21.66,16.23,11.01,1.5,49.5,0.0,0.84,,3.0,3.0,0.0,6.88,4.7,0.122,0.116,1.536,0.078,24.0,0.96,42.8,402.0,185.0,16.0,25.0,0.42,67.0,15.7,7.668,0.0,0.0,0.9883,false,0.9996,98.4,true,true,,
Base.FishFried,food,per_item,210.0|7.0|12.0|16.0,174187,sr_legacy,"Fish, catfish, channel, cooked, breaded and fried",close,cooked,,89.3,vanilla_implied,iodine:fish-catfish-pan-cooked,,,210.0,7.0,12.0,16.0,-30.0,,204.497,7.17972,11.90369,16.15437,0.6251,52.51733,0.0,1.27699,,,,,,,0.065189,0.118769,2.037826,0.16967,34.827,1.6967,,250.04,303.62,39.292,24.111,0.76798,2.8576,12.4127,2.495042,,,229.0,8.04,13.33,18.09,0.7,58.81,0.0,1.43,,,,,,,0.073,0.133,2.282,0.19,39.0,1.9,,280.0,340.0,44.0,27.0,0.86,3.2,13.9,2.794,,,0.9742,false,0.9738,98.27,true,,,
Base.FishGuts,food,none,,,,,,,,,,,,inedible_body_part,,,,,-5.0,,,,,,,,,,,,,,,,,,,,,,,,,,,,,,,,,,,,,,,,,,,,,,,,,,,,,,,,,,,,,,,,,,,,,,,
Base.FishRoe,food,per_item,63.0|0.32|4.18|5.55,175132,sr_legacy,"Fish, roe, mixed species, raw",close,raw,,44.1,judgement,,zero:fish,,63.0,0.32,4.18,5.55,-10.0,,63.063,0.6615,2.83122,9.84312,0.0,29.86893,7.056,0.2646,0.0,39.69,0.0,5.3361,3.087,0.0882,0.10584,0.32634,0.7938,0.07056,35.28,4.41,147.9114,40.131,97.461,9.702,8.82,0.441,,17.7723,0.015435,0.0,0.0,143.0,1.5,6.42,22.32,0.0,67.73,16.0,0.6,0.0,90.0,0.0,12.1,7.0,0.2,0.24,0.74,1.8,0.16,80.0,10.0,335.4,91.0,221.0,22.0,20.0,1.0,,40.3,0.035,0.0,0.0,1.0703,false,1.001,97.97,true,,,
Base.FishRoeSac,food,per_item,56.0|14.0|0.8|5.2,175132,sr_legacy,"Fish, roe, mixed species, raw",close,raw,,39.2,judgement,,zero:fish,,56.0,14.0,0.8,5.2,-5.0,,56.056,0.588,2.51664,8.74944,0.0,26.55016,6.272,0.2352,0.0,35.28,0.0,4.7432,2.744,0.0784,0.09408,0.29008,0.7056,0.06272,31.36,3.92,131.4768,35.672,86.632,8.624,7.84,0.392,,15.7976,0.01372,0.0,0.0,143.0,1.5,6.42,22.32,0.0,67.73,16.0,0.6,0.0,90.0,0.0,12.1,7.0,0.2,0.24,0.74,1.8,0.16,80.0,10.0,335.4,91.0,221.0,22.0,20.0,1.0,,40.3,0.035,0.0,0.0,1.0703,false,1.001,97.97,true,,,
Base.FishingLine,drainable,none,,,,,,,,,,,,not_food,,,,,,,,,,,,,,,,,,,,,,,,,,,,,,,,,,,,,,,,,,,,,,,,,,,,,,,,,,,,,,,,,,,,,,,,,,,,
Base.FlashLight_AngleHead,drainable,none,,,,,,,,,,,,not_food,,,,,,,,,,,,,,,,,,,,,,,,,,,,,,,,,,,,,,,,,,,,,,,,,,,,,,,,,,,,,,,,,,,,,,,,,,,,
Base.FlashLight_AngleHead_Army,drainable,none,,,,,,,,,,,,not_food,,,,,,,,,,,,,,,,,,,,,,,,,,,,,,,,,,,,,,,,,,,,,,,,,,,,,,,,,,,,,,,,,,,,,,,,,,,,
Base.Flashlight_Crafted,drainable,none,,,,,,,,,,,,not_food,,,,,,,,,,,,,,,,,,,,,,,,,,,,,,,,,,,,,,,,,,,,,,,,,,,,,,,,,,,,,,,,,,,,,,,,,,,,
Base.Flask,fluid_container,none,2630.0|0.0|0.0|0.0,,,,,,,,,,,fluid_sourced,2630.0,0.0,0.0,0.0,-20.0,-20.0,,,,,,,,,,,,,,,,,,,,,,,,,,,,,,,,,,,,,,,,,,,,,,,,,,,,,,,,,,,,,,,,,,,,,,
Base.FlatheadCatfish,food,per_item,159.0|1.0|1.0|35.0,174186,sr_legacy,"Fish, catfish, channel, wild, raw",close,raw,2305,167.4,judgement,,zero:fish,,159.0,1.0,1.0,35.0,-15.0,,159.03,0.0,4.72068,27.42012,0.0,134.52264,1.1718,0.5022,0.0,25.11,,20.925,,,0.35154,0.120528,3.192318,0.194184,16.74,3.73302,,71.982,599.292,23.436,38.502,0.85374,,21.0924,0.287928,,0.0,95.0,0.0,2.82,16.38,0.0,80.36,0.7,0.3,0.0,15.0,,12.5,,,0.21,0.072,1.907,0.116,10.0,2.23,,43.0,358.0,14.0,23.0,0.51,,12.6,0.172,,0.0,0.9568,false,1.0002,99.56,true,true,,
Base.Flax,food,none,,,,,,,,,,,,not_food,,,,,,,,,,,,,,,,,,,,,,,,,,,,,,,,,,,,,,,,,,,,,,,,,,,,,,,,,,,,,,,,,,,,,,,,,,,,
Base.FlaxRippled,food,none,,,,,,,,,,,,not_food,,,,,,,,,,,,,,,,,,,,,,,,,,,,,,,,,,,,,,,,,,,,,,,,,,,,,,,,,,,,,,,,,,,,,,,,,,,,
Base.FlaxSeed,food,per_item,71.0|0.0|4.5|0.0,169414,sr_legacy,"Seeds, flaxseed",close,raw,,10.3,fdc_portion:1,,,,71.0,0.0,4.5,0.0,-1.0,,55.002,2.97464,4.34248,1.88387,2.8119,0.71688,0.0618,0.59019,,0.0,0.0,0.0,0.03193,0.4429,0.169332,0.016583,0.31724,0.048719,8.961,0.0,8.1061,3.09,83.739,26.265,40.376,0.44702,,2.6162,2.957748,0.0,0.0,534.0,28.88,42.16,18.29,27.3,6.96,0.6,5.73,,0.0,0.0,0.0,0.31,4.3,1.644,0.161,3.08,0.473,87.0,0.0,78.7,30.0,813.0,255.0,392.0,4.34,,25.4,28.716,0.0,0.0,0.9616,false,0.7747,96.29,true,,,
Base.Flour2,food,per_item,50.0|21.0|0.0|5.0,168894,sr_legacy,"Wheat flour, white, all-purpose, enriched, bleached",close,prepared,,13.7,judgement,,,,50.0,21.0,0.0,5.0,-60.0,,49.868,10.45447,0.13426,1.41521,0.3699,1.63304,0.0,0.63568,,0.0,0.0,0.0,0.00822,0.0411,0.107545,0.067678,0.808848,0.006028,39.867,0.0,1.4248,0.274,14.659,2.055,3.014,0.0959,,4.6443,0.056581,0.0,0.0,364.0,76.31,0.98,10.33,2.7,11.92,0.0,4.64,,0.0,0.0,0.0,0.06,0.3,0.785,0.494,5.904,0.044,291.0,0.0,10.4,2.0,107.0,15.0,22.0,0.7,,33.9,0.413,0.0,0.0,0.9615,false,0.9974,99.54,true,,,
Base.FountainCup,fluid_container,none,,,,,,,,,,,,empty_container,,,,,,,,,,,,,,,,,,,,,,,,,,,,,,,,,,,,,,,,,,,,,,,,,,,,,,,,,,,,,,,,,,,,,,,,,,,,
Base.FountainCupWater,fluid_container,none,,,,,,,,,,,,fluid_sourced,,,,,,-50.0,,,,,,,,,,,,,,,,,,,,,,,,,,,,,,,,,,,,,,,,,,,,,,,,,,,,,,,,,,,,,,,,,,,,,,
Base.FourLeafClover,food,none,1.0|0.0|0.0|0.0,,,,,,,,,,,spice_only,1.0,0.0,0.0,0.0,-1.0,,,,,,,,,,,,,,,,,,,,,,,,,,,,,,,,,,,,,,,,,,,,,,,,,,,,,,,,,,,,,,,,,,,,,,,
Base.FrenchFries,food,per_item,203.0|35.97|5.19|3.35,170523,sr_legacy,"Potatoes, french fried, all types, salt not added in processing, frozen, as purchased",close,frozen,3381,138.1,judgement,,,,203.0,35.97,5.19,3.35,-10.0,,203.007,34.26261,6.43546,3.09344,2.6239,91.98841,23.8913,0.85622,,,,0.0,0.1381,3.0382,0.135338,0.066288,2.814478,0.245818,48.335,0.0,,31.763,563.448,12.429,29.001,0.48335,,,0.365965,0.0,0.0,147.0,24.81,4.66,2.24,1.9,66.61,17.3,0.62,,,,0.0,0.1,2.2,0.098,0.048,2.038,0.178,35.0,0.0,,23.0,408.0,9.0,21.0,0.35,,,0.265,0.0,0.0,0.9955,false,1.0,98.32,true,true,,
Base.FreshwaterDrum,food,per_item,159.0|1.0|1.0|35.0,171960,sr_legacy,"Fish, drum, freshwater, raw",close,raw,2305,133.6,judgement,,zero:fish,,159.0,1.0,1.0,35.0,-15.0,,158.984,0.0,6.58648,23.43344,0.0,103.31288,1.336,1.2024,0.0,68.136,,,,,0.09352,0.22712,3.1396,0.4008,20.04,2.672,,100.2,367.4,80.16,40.08,0.88176,,16.8336,0.359384,,,119.0,0.0,4.93,17.54,0.0,77.33,1.0,0.9,0.0,51.0,,,,,0.07,0.17,2.35,0.3,15.0,2.0,,75.0,275.0,60.0,30.0,0.66,,12.6,0.269,,,0.9624,false,0.9999,99.8,true,true,,
Base.FriedOnionRings,food,per_item,200.0|22.0|12.0|2.0,170697,sr_legacy,"Fast foods, onion rings, breaded and fried",exact,cooked,,49.6,vanilla_implied,,,,200.0,22.0,12.0,2.0,-10.0,,203.856,21.61568,12.51408,1.91456,1.3392,12.16192,0.6944,0.38688,,0.0,0.992,0.0,2.44032,27.6768,0.05456,0.031248,0.333808,0.065968,20.832,0.0,4.1664,384.896,82.832,57.04,9.424,0.25296,,2.8272,6.014496,0.0,0.0,411.0,43.58,25.23,3.86,2.7,24.52,1.4,0.78,,0.0,2.0,0.0,4.92,55.8,0.11,0.063,0.673,0.133,42.0,0.0,8.4,776.0,167.0,115.0,19.0,0.51,,5.7,12.126,0.0,0.0,1.001,false,1.0193,97.19,true,,,
Base.FriedOnionRingsCraft,food,per_item,200.0|22.0|12.0|2.0,170697,sr_legacy,"Fast foods, onion rings, breaded and fried",close,cooked,,49.6,vanilla_implied,,,,200.0,22.0,12.0,2.0,-10.0,,203.856,21.61568,12.51408,1.91456,1.3392,12.16192,0.6944,0.38688,,0.0,0.992,0.0,2.44032,27.6768,0.05456,0.031248,0.333808,0.065968,20.832,0.0,4.1664,384.896,82.832,57.04,9.424,0.25296,,2.8272,6.014496,0.0,0.0,411.0,43.58,25.23,3.86,2.7,24.52,1.4,0.78,,0.0,2.0,0.0,4.92,55.8,0.11,0.063,0.673,0.133,42.0,0.0,8.4,776.0,167.0,115.0,19.0,0.51,,5.7,12.126,0.0,0.0,1.001,false,1.0193,97.19,true,,,
Base.Fries,food,per_item,203.0|35.97|5.19|3.35,170698,sr_legacy,"Fast foods, potato, french fried in vegetable oil",close,cooked,,65.1,judgement,,,,203.0,35.97,5.19,3.35,-10.0,,203.112,26.97744,9.58923,2.23293,2.4738,25.09605,3.0597,0.52731,,0.0,0.0,0.0,1.08717,7.2912,0.11067,0.025389,1.955604,0.242172,19.53,0.0,23.9568,136.71,376.929,11.718,22.785,0.3255,,0.5859,3.504984,0.0,0.0,312.0,41.44,14.73,3.43,3.8,38.55,4.7,0.81,,0.0,0.0,0.0,1.67,11.2,0.17,0.039,3.004,0.372,30.0,0.0,36.8,210.0,579.0,18.0,35.0,0.5,,0.9,5.384,0.0,0.0,0.9758,false,1.0006,98.15,true,,,
Base.FrogMeat,food,per_item,66.0|0.0|0.28|14.6,168148,sr_legacy,"Frog legs, raw",exact,raw,2909,90.9,vanilla_implied,,zero:meat,,66.0,0.0,0.28,14.6,-10.0,,66.357,0.0,0.2727,14.9076,0.0,74.4471,0.0,1.3635,0.0,13.635,0.0,0.1818,0.909,0.0909,0.12726,0.22725,1.0908,0.10908,13.635,0.3636,59.085,52.722,259.065,16.362,18.18,0.909,,12.8169,0.02727,0.0,0.0,73.0,0.0,0.3,16.4,0.0,81.9,0.0,1.5,0.0,15.0,0.0,0.2,1.0,0.1,0.14,0.25,1.2,0.12,15.0,0.4,65.0,58.0,285.0,18.0,20.0,1.0,,14.1,0.03,0.0,0.0,0.9356,false,1.0054,98.6,true,true,,
Base.Frozen_ChickenNuggets,food,none,,,,,,,,,,,,not_food,,,,,,,,,,,,,,,,,,,,,,,,,,,,,,,,,,,,,,,,,,,,,,,,,,,,,,,,,,,,,,,,,,,,,,,,,,,,
Base.Frozen_FishFingers,food,none,,,,,,,,,,,,not_food,,,,,,,,,,,,,,,,,,,,,,,,,,,,,,,,,,,,,,,,,,,,,,,,,,,,,,,,,,,,,,,,,,,,,,,,,,,,
Base.Frozen_FrenchFries,food,none,,,,,,,,,,,,not_food,,,,,,,,,,,,,,,,,,,,,,,,,,,,,,,,,,,,,,,,,,,,,,,,,,,,,,,,,,,,,,,,,,,,,,,,,,,,
Base.Frozen_TatoDots,food,none,,,,,,,,,,,,not_food,,,,,,,,,,,,,,,,,,,,,,,,,,,,,,,,,,,,,,,,,,,,,,,,,,,,,,,,,,,,,,,,,,,,,,,,,,,,
Base.FruitSalad,food,none,97.0|25.0|0.5|1.4,,,,,,,,,,,vessel_only,97.0,25.0,0.5,1.4,-60.0,,,,,,,,,,,,,,,,,,,,,,,,,,,,,,,,,,,,,,,,,,,,,,,,,,,,,,,,,,,,,,,,,,,,,,,
Base.FruitSaladClay,food,none,97.0|25.0|0.5|1.4,,,,,,,,,,,vessel_only,97.0,25.0,0.5,1.4,-60.0,,,,,,,,,,,,,,,,,,,,,,,,,,,,,,,,,,,,,,,,,,,,,,,,,,,,,,,,,,,,,,,,,,,,,,,
Base.FudgeePop,food,per_item,100.0|18.0|2.5|2.0,170258,sr_legacy,"Frozen novelties, No Sugar Added, FUDGSICLE pops",close,frozen,,80.6,judgement,,,,100.0,18.0,2.5,2.0,-15.0,,99.944,18.62666,1.50722,2.95802,1.209,56.36358,0.0,1.27348,,0.0,0.0,0.0,0.2418,0.0806,0.05642,0.18538,0.14105,0.046748,4.836,0.05642,9.4302,77.376,203.918,186.186,21.762,0.4433,,1.3702,0.120094,3.224,0.0,124.0,23.11,1.87,3.67,1.5,69.93,0.0,1.58,,0.0,0.0,0.0,0.3,0.1,0.07,0.23,0.175,0.058,6.0,0.07,11.7,96.0,253.0,231.0,27.0,0.55,,1.7,0.149,4.0,0.0,0.9754,false,0.9994,98.58,true,,,
Base.FudgeePop_Melted,food,per_item,100.0|18.0|2.5|2.0,170258,sr_legacy,"Frozen novelties, No Sugar Added, FUDGSICLE pops",close,prepared,,80.6,judgement,,,,100.0,18.0,2.5,2.0,-15.0,,99.944,18.62666,1.50722,2.95802,1.209,56.36358,0.0,1.27348,,0.0,0.0,0.0,0.2418,0.0806,0.05642,0.18538,0.14105,0.046748,4.836,0.05642,9.4302,77.376,203.918,186.186,21.762,0.4433,,1.3702,0.120094,3.224,0.0,124.0,23.11,1.87,3.67,1.5,69.93,0.0,1.58,,0.0,0.0,0.0,0.3,0.1,0.07,0.23,0.175,0.058,6.0,0.07,11.7,96.0,253.0,231.0,27.0,0.55,,1.7,0.149,4.0,0.0,0.9754,false,0.9994,98.58,true,,,
Base.Garbagebag_box,drainable,none,,,,,,,,,,,,not_food,,,,,,,,,,,,,,,,,,,,,,,,,,,,,,,,,,,,,,,,,,,,,,,,,,,,,,,,,,,,,,,,,,,,,,,,,,,,
Base.GardeningSprayAphids,drainable,none,,,,,,,,,,,,not_food,,,,,,,,,,,,,,,,,,,,,,,,,,,,,,,,,,,,,,,,,,,,,,,,,,,,,,,,,,,,,,,,,,,,,,,,,,,,
Base.GardeningSprayCigarettes,drainable,none,,,,,,,,,,,,hazard,,,,,,,,,,,,,,,,,,,,,,,,,,,,,,,,,,,,,,,,,,,,,,,,,,,,,,,,,,,,,,,,,,,,,,,,,,,,
Base.GardeningSprayMilk,drainable,none,,,,,,,,,,,,not_food,,,,,,,,,,,,,,,,,,,,,,,,,,,,,,,,,,,,,,,,,,,,,,,,,,,,,,,,,,,,,,,,,,,,,,,,,,,,
Base.Garlic,food,per_item,14.0|3.27|0.035|0.385,169230,sr_legacy,"Garlic, raw",close,raw,3460,9.0,fdc_portion:4,,zero:vegetable,,14.0,3.27,0.035,0.385,-5.0,,13.41,2.9754,0.045,0.5724,0.189,5.2722,2.808,0.153,0.0,0.0,0.45,0.0,0.0072,0.153,0.018,0.0099,0.063,0.11115,0.27,0.0,2.088,1.53,36.09,16.29,2.25,0.1044,,1.278,0.02241,0.0,0.0,149.0,33.06,0.5,6.36,2.1,58.58,31.2,1.7,0.0,0.0,5.0,0.0,0.08,1.7,0.2,0.11,0.7,1.235,3.0,0.0,23.2,17.0,401.0,181.0,25.0,1.16,,14.2,0.249,0.0,0.0,1.0603,false,0.9579,98.5,true,true,,
Base.GasmaskFilter,drainable,none,,,,,,,,,,,,not_food,,,,,,,,,,,,,,,,,,,,,,,,,,,,,,,,,,,,,,,,,,,,,,,,,,,,,,,,,,,,,,,,,,,,,,,,,,,,
Base.GasmaskFilterCrafted,drainable,none,,,,,,,,,,,,not_food,,,,,,,,,,,,,,,,,,,,,,,,,,,,,,,,,,,,,,,,,,,,,,,,,,,,,,,,,,,,,,,,,,,,,,,,,,,,
Base.Gin,fluid_container,none,2630.0|0.0|0.0|0.0,,,,,,,,,,,fluid_sourced,2630.0,0.0,0.0,0.0,-20.0,-20.0,,,,,,,,,,,,,,,,,,,,,,,,,,,,,,,,,,,,,,,,,,,,,,,,,,,,,,,,,,,,,,,,,,,,,,
Base.GingerPickled,food,per_item,23.0|0.22|1.18|2.55,169765,sr_legacy,"Ginger root, pickled, canned, with artificial sweetener",close,prepared,,115.0,judgement,,zero:vegetable,,23.0,0.22,1.18,2.55,-5.0,,23.0,5.5545,0.115,0.3795,2.99,106.145,0.0,0.322,0.0,0.0,0.0,0.0,0.207,2.53,0.023,0.01725,0.0253,0.04255,1.15,0.0,12.075,1041.9,41.4,85.1,4.6,0.046,,0.46,0.0391,0.0,0.0,20.0,4.83,0.1,0.33,2.6,92.3,0.0,0.28,0.0,0.0,0.0,0.0,0.18,2.2,0.02,0.015,0.022,0.037,1.0,0.0,10.5,906.0,36.0,74.0,4.0,0.04,,0.4,0.034,0.0,0.0,0.817,true,1.0,97.56,true,,,"atwater: 16.34 kcal from the macros against 20.0, ratio 0.817 outside +/-10 %"
Base.GingerRoot,food,per_item,46.0|0.44|2.36|5.1,169231,sr_legacy,"Ginger root, raw",close,raw,,57.5,judgement,,zero:vegetable,,46.0,0.44,2.36,5.1,-5.0,,46.0,10.21775,0.43125,1.0465,1.15,45.36175,2.875,0.345,0.0,0.0,0.0,0.0,0.1495,0.0575,0.014375,0.01955,0.43125,0.092,6.325,0.0,16.56,7.475,238.625,9.2,24.725,0.1955,,0.4025,0.08855,0.0,0.0,80.0,17.77,0.75,1.82,2.0,78.89,5.0,0.6,0.0,0.0,0.0,0.0,0.26,0.1,0.025,0.034,0.75,0.16,11.0,0.0,28.8,13.0,415.0,16.0,43.0,0.34,,0.7,0.154,0.0,0.0,1.0139,false,1.0,99.23,true,,,
Base.Gingerbreadman,food,per_item,160.0|22.0|8.0|1.0,174956,sr_legacy,"Cookies, gingersnaps",close,prepared,,38.5,judgement,,,,160.0,22.0,8.0,1.0,-5.0,,160.16,29.6065,3.773,2.156,0.847,2.0405,0.0,2.464,,0.0,0.385,0.0,0.37345,0.9625,0.077,0.112805,1.245475,0.03773,55.825,0.0,3.388,213.675,133.21,29.645,18.865,0.21175,,1.9635,0.527835,0.0,0.0,416.0,76.9,9.8,5.6,2.2,5.3,0.0,6.4,,0.0,1.0,0.0,0.97,2.5,0.2,0.293,3.235,0.098,145.0,0.0,8.8,555.0,346.0,77.0,49.0,0.55,,5.1,1.371,0.0,0.0,0.9947,false,1.001,97.6,true,,,
Base.Ginseng,food,none,0.1|0.0|0.0|0.0,,,,,,,,,,,spice_only,0.1,0.0,0.0,0.0,-1.0,,,,,,,,,,,,,,,,,,,,,,,,,,,,,,,,,,,,,,,,,,,,,,,,,,,,,,,,,,,,,,,,,,,,,,,
Base.GlassChampagne,fluid_container,none,,,,,,,,,,,,empty_container,,,,,,,,,,,,,,,,,,,,,,,,,,,,,,,,,,,,,,,,,,,,,,,,,,,,,,,,,,,,,,,,,,,,,,,,,,,,
Base.GlassTumbler,fluid_container,none,,,,,,,,,,,,empty_container,,,,,,,,,,,,,,,,,,,,,,,,,,,,,,,,,,,,,,,,,,,,,,,,,,,,,,,,,,,,,,,,,,,,,,,,,,,,
Base.GlassWine,fluid_container,none,,,,,,,,,,,,empty_container,,,,,,,,,,,,,,,,,,,,,,,,,,,,,,,,,,,,,,,,,,,,,,,,,,,,,,,,,,,,,,,,,,,,,,,,,,,,
Base.Glue,drainable,none,,,,,,,,,,,,not_food,,,,,,,,,,,,,,,,,,,,,,,,,,,,,,,,,,,,,,,,,,,,,,,,,,,,,,,,,,,,,,,,,,,,,,,,,,,,
Base.Goblet,fluid_container,none,,,,,,,,,,,,empty_container,,,,,,,,,,,,,,,,,,,,,,,,,,,,,,,,,,,,,,,,,,,,,,,,,,,,,,,,,,,,,,,,,,,,,,,,,,,,
Base.Goblet_Gold,fluid_container,none,,,,,,,,,,,,empty_container,,,,,,,,,,,,,,,,,,,,,,,,,,,,,,,,,,,,,,,,,,,,,,,,,,,,,,,,,,,,,,,,,,,,,,,,,,,,
Base.Goblet_Silver,fluid_container,none,,,,,,,,,,,,empty_container,,,,,,,,,,,,,,,,,,,,,,,,,,,,,,,,,,,,,,,,,,,,,,,,,,,,,,,,,,,,,,,,,,,,,,,,,,,,
Base.Goblet_Wood,fluid_container,none,,,,,,,,,,,,empty_container,,,,,,,,,,,,,,,,,,,,,,,,,,,,,,,,,,,,,,,,,,,,,,,,,,,,,,,,,,,,,,,,,,,,,,,,,,,,
Base.GoldCup,fluid_container,none,,,,,,,,,,,,empty_container,,,,,,,,,,,,,,,,,,,,,,,,,,,,,,,,,,,,,,,,,,,,,,,,,,,,,,,,,,,,,,,,,,,,,,,,,,,,
Base.GrahamCrackers,food,per_item,70.0|12.0|6.0|1.0,174957,sr_legacy,"Cookies, graham crackers, plain or honey (includes cinnamon)",close,prepared,,15.0,fdc_portion:2,iodine:crackers-graham,,,70.0,12.0,6.0,1.0,-5.0,,64.5,11.649,1.59,1.0035,0.51,0.5085,0.0,0.567,,0.0,0.15,0.0,0.2265,2.145,0.03975,0.04755,0.66585,0.0234,21.3,0.0,0.885,77.4,25.5,11.55,6.0,0.144,0.135,0.945,0.80685,0.0,0.0,430.0,77.66,10.6,6.69,3.4,3.39,0.0,3.78,,0.0,1.0,0.0,1.51,14.3,0.265,0.317,4.439,0.156,142.0,0.0,5.9,516.0,170.0,77.0,40.0,0.96,0.9,6.3,5.379,0.0,0.0,0.9907,false,0.9214,98.34,true,,,
Base.GranolaBar,food,per_item,270.0|120.0|44.0|20.0,167954,sr_legacy,"Snacks, granola bars, soft, uncoated, plain",close,prepared,,60.9,judgement,,,,270.0,120.0,44.0,20.0,-15.0,,269.787,40.9857,10.4748,4.5066,2.8014,3.8976,0.0,1.55904,,0.0,,,,,0.179655,0.100485,0.313635,0.0609,14.616,0.23751,,169.302,197.925,63.945,45.066,0.9135,,9.8658,3.23988,,,443.0,67.3,17.2,7.4,4.6,6.4,0.0,2.56,,0.0,,,,,0.295,0.165,0.515,0.1,24.0,0.39,,278.0,325.0,105.0,74.0,1.5,,16.2,5.32,,,1.0032,false,0.9992,98.3,true,,,
Base.GrapeLeaves,food,per_item,73.0|11.0|2.0|4.0,168575,sr_legacy,"Grape leaves, raw",close,raw,,78.5,judgement,,zero:vegetable,,73.0,11.0,2.0,4.0,-4.0,,73.005,13.58835,1.6642,4.396,8.635,57.5562,8.7135,2.06455,0.0,0.0,12712.29,0.0,1.57,85.251,0.0314,0.27789,1.85417,0.314,65.155,0.0,10.048,7.065,213.52,284.955,74.575,0.52595,,0.7065,0.78814,0.0,0.0,93.0,17.31,2.12,5.6,11.0,73.32,11.1,2.63,0.0,0.0,16194.0,0.0,2.0,108.6,0.04,0.354,2.362,0.4,83.0,0.0,12.8,9.0,272.0,363.0,95.0,0.67,,0.9,1.004,0.0,0.0,0.954,false,1.0001,98.35,true,,,
Base.Grapefruit,food,per_item,15.0|101.11|3.78|17.56,173033,sr_legacy,"Grapefruit, raw, pink and red and white, all areas",close,raw,,256.0,judgement,,zero:fruit,,15.0,101.11,3.78,17.56,-20.0,-50.0,81.92,20.6848,0.256,1.6128,2.816,232.6784,88.064,0.2304,0.0,0.0,1413.12,0.0,0.3328,0.0,0.09216,0.0512,0.64,0.10752,25.6,0.0,19.712,0.0,355.84,30.72,20.48,0.1792,,0.768,0.06144,0.0,0.0,32.0,8.08,0.1,0.63,1.1,90.89,34.4,0.09,0.0,0.0,552.0,0.0,0.13,0.0,0.036,0.02,0.25,0.042,10.0,0.0,7.7,0.0,139.0,12.0,8.0,0.07,,0.3,0.024,0.0,0.0,1.0481,false,5.4613,99.7,true,,,
Base.Grapes,food,per_item,62.0|15.78|0.32|0.58,174682,sr_legacy,"Grapes, american type (slip skin), raw",exact,raw,,92.0,vanilla_implied,,zero:fruit,,62.0,15.78,0.32,0.58,-15.0,-5.0,61.64,15.778,0.322,0.5796,0.828,74.796,3.68,0.2668,0.0,0.0,54.28,0.0,0.1748,13.432,0.08464,0.05244,0.276,0.1012,3.68,0.0,5.152,1.84,175.72,12.88,4.6,0.0368,,0.092,0.09476,0.0,0.0,67.0,17.15,0.35,0.63,0.9,81.3,4.0,0.29,0.0,0.0,59.0,0.0,0.19,14.6,0.092,0.057,0.3,0.11,4.0,0.0,5.6,2.0,191.0,14.0,5.0,0.04,,0.1,0.103,0.0,0.0,1.0816,false,0.9942,99.43,true,,,
Base.GrassBag,drainable,none,,,,,,,,,,,,not_food,,,,,,,,,,,,,,,,,,,,,,,,,,,,,,,,,,,,,,,,,,,,,,,,,,,,,,,,,,,,,,,,,,,,,,,,,,,,
Base.GrassTuft,food,none,,,,,,,,,,,,not_food,,,,,-7.0,,,,,,,,,,,,,,,,,,,,,,,,,,,,,,,,,,,,,,,,,,,,,,,,,,,,,,,,,,,,,,,,,,,,,,,
Base.Grasshopper,food,per_item,25.0|3.0|0.24|5.55,rumpold2013:orthoptera,literature,"per-order mean, dry matter (Rumpold 2013 as reproduced in Lee 2020 Table 4; S1183)",guess,raw,,19.6,judgement,,,,25.0,3.0,0.24,5.55,-1.0,,25.0635,1.324764,0.788508,3.605616,0.56154,13.72,,,,,,,,,,,,,,,,,,,,,,,,,,127.875,6.759,4.023,18.396,2.865,70.0,,,,,,,,,,,,,,,,,,,,,,,,,,1.0252,false,1.0025,99.178,true,,,
Base.Gravelbag,drainable,none,,,,,,,,,,,,not_food,,,,,,,,,,,,,,,,,,,,,,,,,,,,,,,,,,,,,,,,,,,,,,,,,,,,,,,,,,,,,,,,,,,,,,,,,,,,
Base.Gravy,food,per_item,79.0|5.0|6.0|2.0,171564,sr_legacy,"Gravy, beef, canned, ready-to-serve",close,prepared,,149.1,judgement,,,,79.0,5.0,6.0,2.0,-8.0,,79.023,7.17171,3.51876,5.59125,0.5964,130.43268,0.0,1.0437,,1.491,0.0,0.0,0.02982,0.1491,0.047712,0.053676,0.98406,0.01491,2.982,0.1491,9.3933,943.803,120.771,8.946,2.982,1.491,,1.491,0.11928,0.0,0.0,53.0,4.81,2.36,3.75,0.4,87.48,0.0,0.7,,1.0,0.0,0.0,0.02,0.1,0.032,0.036,0.66,0.01,2.0,0.1,6.3,633.0,81.0,6.0,2.0,1.0,,1.0,0.08,0.0,0.0,1.0317,false,1.0003,98.4,true,,,
Base.GravyMix,drainable,none,,,,,,,,,,,,not_food,,,,,,,,,,,,,,,,,,,,,,,,,,,,,,,,,,,,,,,,,,,,,,,,,,,,,,,,,,,,,,,,,,,,,,,,,,,,
Base.GreenOnions,food,none,0.1|0.0|0.0|0.0,,,,,,,,,,,spice_only,0.1,0.0,0.0,0.0,-3.0,,,,,,,,,,,,,,,,,,,,,,,,,,,,,,,,,,,,,,,,,,,,,,,,,,,,,,,,,,,,,,,,,,,,,,,
Base.GreenSunfish,food,per_item,159.0|1.0|1.0|35.0,175151,sr_legacy,"Fish, sunfish, pumpkin seed, raw",close,raw,2305,178.7,judgement,,zero:fish,,159.0,1.0,1.0,35.0,-15.0,,159.043,0.0,1.2509,34.6678,0.0,142.0665,1.787,2.1444,0.0,26.805,,,,,0.14296,0.12509,2.1444,0.21444,26.805,3.574,,142.96,625.45,142.96,53.61,2.76985,,22.5162,0.044675,,,89.0,0.0,0.7,19.4,0.0,79.5,1.0,1.2,0.0,15.0,,,,,0.08,0.07,1.2,0.12,15.0,2.0,,80.0,350.0,80.0,30.0,1.55,,12.6,0.025,,,0.9427,false,1.0003,99.6,true,true,,
Base.Greenpeas,food,per_item,70.0|13.125|0.0|3.5,170419,sr_legacy,"Peas, green, raw",close,raw,3771,86.4,judgement,,,,70.0,13.125,0.0,3.5,-4.0,-1.0,69.984,12.4848,0.3456,4.68288,4.9248,68.13504,34.56,1.27008,,0.0,387.936,0.0,0.11232,21.4272,0.229824,0.114048,1.80576,0.146016,56.16,0.0,24.5376,4.32,210.816,21.6,28.512,1.07136,,1.5552,0.161568,0.0,0.0,81.0,14.45,0.4,5.42,5.7,78.86,40.0,1.47,,0.0,449.0,0.0,0.13,24.8,0.266,0.132,2.09,0.169,65.0,0.0,28.4,5.0,244.0,25.0,33.0,1.24,,1.8,0.187,0.0,0.0,0.8849,true,0.9998,99.13,true,true,,"atwater: 71.68 kcal from the macros against 81.0, ratio 0.8849 outside +/-10 %"
Base.GreenpeasSeed,food,per_item,17.5|3.25|0.0|0.875,172428,sr_legacy,"Peas, green, split, mature seeds, raw",close,dried,,4.8,judgement,,schlemmer2009:peas,,17.5,3.25,0.0,0.875,-1.0,,17.472,2.95824,0.18672,1.10976,1.0656,0.41712,0.0864,0.22704,31.556736,0.0,4.272,0.0,0.00576,0.7632,0.034512,0.011712,0.173184,0.00672,0.72,0.0,7.5312,0.24,40.896,2.208,3.024,0.16752,,0.5136,0.048912,0.0,0.0,364.0,61.63,3.89,23.12,22.2,8.69,1.8,4.73,657.432,0.0,89.0,0.0,0.12,15.9,0.719,0.244,3.608,0.14,15.0,0.0,156.9,5.0,852.0,46.0,63.0,3.49,,10.7,1.019,0.0,0.0,0.9055,false,0.9984,97.33,true,,,
Base.Grenadine,fluid_container,none,2780.0|670.0|0.0|0.0,,,,,,,,,,,fluid_sourced,2780.0,670.0,0.0,0.0,-20.0,-15.0,,,,,,,,,,,,,,,,,,,,,,,,,,,,,,,,,,,,,,,,,,,,,,,,,,,,,,,,,,,,,,,,,,,,,,
Base.GriddlePanFriedVegetables,food,none,190.0|25.0|2.0|11.0,,,,,,,,,,,vessel_only,190.0,25.0,2.0,11.0,-10.0,,,,,,,,,,,,,,,,,,,,,,,,,,,,,,,,,,,,,,,,,,,,,,,,,,,,,,,,,,,,,,,,,,,,,,,
Base.Guacamole,food,per_item,182.0|2.0|16.6|4.6,171705,sr_legacy,"Avocados, raw, all commercial varieties",proxy,prepared,,113.8,judgement,,zero:fruit,,182.0,2.0,16.6,4.6,-8.0,,182.08,9.70714,16.68308,2.276,7.6246,83.33574,11.38,0.6259,0.0,0.0,70.556,0.0,2.35566,23.898,0.076246,0.14794,1.977844,0.292466,92.178,0.0,16.1596,7.966,551.93,13.656,33.002,0.72832,,0.4552,2.047262,0.0,0.0,160.0,8.53,14.66,2.0,6.7,73.23,10.0,0.55,0.0,0.0,62.0,0.0,2.07,21.0,0.067,0.13,1.738,0.257,81.0,0.0,14.2,7.0,485.0,12.0,29.0,0.64,,0.4,1.799,0.0,0.0,1.0041,false,1.0004,98.42,true,,,
Base.Gum,food,per_item,30.0|10.0|0.0|0.0,168771,sr_legacy,Chewing gum,close,prepared,,8.0,fdc_portion:3,,zero:sugar,,30.0,10.0,0.0,0.0,-1.0,,28.8,7.736,0.024,0.0,0.192,0.208,0.0,0.0,0.0,0.0,0.0,0.0,0.0,0.0,0.0,0.0,0.0,0.0,0.0,0.0,0.0,0.08,0.16,0.0,0.0,0.0,,0.048,0.01096,0.0,0.0,360.0,96.7,0.3,0.0,2.4,2.6,0.0,0.0,0.0,0.0,0.0,0.0,0.0,0.0,0.0,0.0,0.0,0.0,0.0,0.0,0.0,1.0,2.0,0.0,0.0,0.0,,0.6,0.137,0.0,0.0,1.0686,false,0.96,99.6,true,,,
Base.GummyBears,food,per_item,40.0|10.0|0.5|0.0,167989,sr_legacy,"Candies, gumdrops, starch jelly pieces",close,prepared,,10.1,vanilla_implied,,zero:sugar,,40.0,10.0,0.5,0.0,-5.0,,39.996,9.9889,0.0,0.0,0.0101,0.101,0.0,0.0404,0.0,0.0,0.0,0.0,0.0,0.0,0.000606,0.001313,0.00101,0.000505,0.0,0.0,0.0,4.444,0.505,0.303,0.101,0.0,,0.0808,0.0,0.0,0.0,396.0,98.9,0.0,0.0,0.1,1.0,0.0,0.4,0.0,0.0,0.0,0.0,0.0,0.0,0.006,0.013,0.01,0.005,0.0,0.0,0.0,44.0,5.0,3.0,1.0,0.0,,0.8,0.0,0.0,0.0,0.9985,false,0.9999,99.9,true,,,
Base.GummyWorms,food,per_item,40.0|10.0|0.5|0.0,167989,sr_legacy,"Candies, gumdrops, starch jelly pieces",close,prepared,,10.1,vanilla_implied,,zero:sugar,,40.0,10.0,0.5,0.0,-5.0,,39.996,9.9889,0.0,0.0,0.0101,0.101,0.0,0.0404,0.0,0.0,0.0,0.0,0.0,0.0,0.000606,0.001313,0.00101,0.000505,0.0,0.0,0.0,4.444,0.505,0.303,0.101,0.0,,0.0808,0.0,0.0,0.0,396.0,98.9,0.0,0.0,0.1,1.0,0.0,0.4,0.0,0.0,0.0,0.0,0.0,0.0,0.006,0.013,0.01,0.005,0.0,0.0,0.0,44.0,5.0,3.0,1.0,0.0,,0.8,0.0,0.0,0.0,0.9985,false,0.9999,99.9,true,,,
Base.GunPowder,drainable,none,,,,,,,,,,,,not_food,,,,,,,,,,,,,,,,,,,,,,,,,,,,,,,,,,,,,,,,,,,,,,,,,,,,,,,,,,,,,,,,,,,,,,,,,,,,
Base.HairDyeCommon,fluid_container,none,,,,,,,,,,,,fluid_sourced,,,,,,,,,,,,,,,,,,,,,,,,,,,,,,,,,,,,,,,,,,,,,,,,,,,,,,,,,,,,,,,,,,,,,,,,,,,,
Base.HairDyeRare,fluid_container,none,,,,,,,,,,,,fluid_sourced,,,,,,,,,,,,,,,,,,,,,,,,,,,,,,,,,,,,,,,,,,,,,,,,,,,,,,,,,,,,,,,,,,,,,,,,,,,,
Base.HairDyeUncommon,fluid_container,none,,,,,,,,,,,,fluid_sourced,,,,,,,,,,,,,,,,,,,,,,,,,,,,,,,,,,,,,,,,,,,,,,,,,,,,,,,,,,,,,,,,,,,,,,,,,,,,
Base.Hairgel,drainable,none,,,,,,,,,,,,not_food,,,,,,,,,,,,,,,,,,,,,,,,,,,,,,,,,,,,,,,,,,,,,,,,,,,,,,,,,,,,,,,,,,,,,,,,,,,,
Base.Hairspray2,drainable,none,,,,,,,,,,,,not_food,,,,,,,,,,,,,,,,,,,,,,,,,,,,,,,,,,,,,,,,,,,,,,,,,,,,,,,,,,,,,,,,,,,,,,,,,,,,
Base.HalloweenPumpkin,food,per_item,404.0|20.45|20.61|34.53,168448,sr_legacy,"Pumpkin, raw",close,raw,3771,1553.8,judgement,,zero:vegetable,,404.0,20.45,20.61,34.53,-40.0,,403.988,100.997,1.5538,15.538,7.769,1423.2808,139.842,12.4304,0.0,0.0,48167.8,0.0,16.47028,17.0918,0.7769,1.70918,9.3228,0.947818,248.608,0.0,127.4116,15.538,5282.92,326.298,186.456,4.97216,,4.6614,0.07769,0.0,0.0,26.0,6.5,0.1,1.0,0.5,91.6,9.0,0.8,0.0,0.0,3100.0,0.0,1.06,1.1,0.05,0.11,0.6,0.061,16.0,0.0,8.2,1.0,340.0,21.0,12.0,0.32,,0.3,0.005,0.0,0.0,1.15,true,1.0,99.2,true,true,,"atwater: 29.9 kcal from the macros against 26.0, ratio 1.15 outside +/-10 %"
Base.Ham,food,per_item,1560.0|91.0|78.0|117.0,167872,sr_legacy,"Pork, cured, ham, boneless, regular (approximately 11% fat), roasted",close,prepared,1459,876.4,judgement,iodine:ham-cured-baked,zero:meat,,1560.0,91.0,78.0,117.0,-60.0,,1559.992,0.0,79.05128,198.24168,0.0,565.62856,0.0,11.74376,0.0,0.0,0.0,7.0112,2.71684,0.0,6.39772,2.89212,53.8986,2.71684,26.292,6.1348,774.7376,13146.0,3584.476,70.112,192.808,21.64708,6.1348,173.5272,12.35724,0.0,0.0,178.0,0.0,9.02,22.62,0.0,64.54,0.0,1.34,0.0,0.0,0.0,0.8,0.31,0.0,0.73,0.33,6.15,0.31,3.0,0.7,88.4,1500.0,409.0,8.0,22.0,2.47,0.7,19.8,1.41,0.0,0.0,0.9644,false,1.0,96.18,true,true,,
Base.HamSlice,food,per_item,260.0|15.16|13.0|19.5,173864,sr_legacy,"Ham, sliced, regular (approximately 11% fat)",close,prepared,1451,158.5,judgement,iodine:ham-cured-baked,zero:meat,,260.0,15.16,13.0,19.5,-10.0,,259.94,5.75355,13.948,26.311,2.0605,106.62295,6.34,1.6167,0.0,0.0,0.0,1.1095,0.1268,0.0,0.99221,0.28213,4.60284,0.521465,11.095,0.6657,129.8115,1290.19,454.895,38.04,34.87,2.13975,1.1095,32.8095,1.190335,0.0,0.0,164.0,3.63,8.8,16.6,1.3,67.27,4.0,1.02,0.0,0.0,0.0,0.7,0.08,0.0,0.626,0.178,2.904,0.329,7.0,0.42,81.9,814.0,287.0,24.0,22.0,1.35,0.7,20.7,0.751,0.0,0.0,0.9605,false,0.9998,96.3,true,true,,
Base.HandTorch,drainable,none,,,,,,,,,,,,not_food,,,,,,,,,,,,,,,,,,,,,,,,,,,,,,,,,,,,,,,,,,,,,,,,,,,,,,,,,,,,,,,,,,,,,,,,,,,,
Base.HardCandies,food,per_item,40.0|10.0|0.5|0.0,167990,sr_legacy,"Candies, hard",close,prepared,,10.2,judgement,,zero:sugar,,40.0,10.0,0.5,0.0,-5.0,,40.188,9.996,0.0204,0.0,0.0,0.1326,0.0,0.0306,0.0,0.0,0.0,0.0,0.0,0.0,0.000408,0.000306,0.000714,0.000306,0.0,0.0,0.0,3.876,0.51,0.306,0.306,0.00102,,0.0612,0.0,0.0,0.0,394.0,98.0,0.2,0.0,0.0,1.3,0.0,0.3,0.0,0.0,0.0,0.0,0.0,0.0,0.004,0.003,0.007,0.003,0.0,0.0,0.0,38.0,5.0,3.0,3.0,0.01,,0.6,0.0,0.0,0.0,0.9995,false,1.0047,99.5,true,,,
Base.HayTuft,food,none,,,,,,,,,,,,not_food,,,,,-12.0,,,,,,,,,,,,,,,,,,,,,,,,,,,,,,,,,,,,,,,,,,,,,,,,,,,,,,,,,,,,,,,,,,,,,,,
Base.HempBundle,food,none,,,,,,,,,,,,not_food,,,,,-5.0,,,,,,,,,,,,,,,,,,,,,,,,,,,,,,,,,,,,,,,,,,,,,,,,,,,,,,,,,,,,,,,,,,,,,,,
Base.HempBundleDried,food,none,,,,,,,,,,,,not_food,,,,,-5.0,,,,,,,,,,,,,,,,,,,,,,,,,,,,,,,,,,,,,,,,,,,,,,,,,,,,,,,,,,,,,,,,,,,,,,,
Base.HiHis,food,per_item,200.0|30.0|8.0|1.8,174942,sr_legacy,"Cake, snack cakes, creme-filled, chocolate with frosting",close,prepared,,49.9,vanilla_implied,,,,200.0,30.0,8.0,1.8,-10.0,,199.101,30.09469,7.94907,1.81137,1.5968,9.26643,0.9481,1.7964,,0.499,0.0,0.0,0.54391,5.2894,0.018463,0.037425,0.461575,0.071357,17.465,0.02994,10.2794,165.668,87.824,57.884,17.964,0.51896,,1.6966,0.909178,2.994,0.0,399.0,60.31,15.93,3.63,3.2,18.57,1.9,3.6,,1.0,0.0,0.0,1.09,10.6,0.037,0.075,0.925,0.143,35.0,0.06,20.6,332.0,176.0,116.0,36.0,1.04,,3.4,1.822,6.0,0.0,0.9843,false,0.9955,98.44,true,,,
Base.HollyBerry,food,per_item,23.0|5.0|0.0|4.0,173946,sr_legacy,"Blackberries, raw",proxy,raw,,53.5,judgement,,zero:fruit,,23.0,5.0,0.0,4.0,-10.0,-1.0,23.005,5.14135,0.26215,0.74365,2.8355,47.16025,11.235,0.3317,0.0,0.0,68.48,0.0,0.62595,10.593,0.0107,0.01391,0.34561,0.01605,13.375,0.0,4.5475,0.535,86.67,15.515,10.7,0.28355,,0.214,0.1498,0.0,0.0,43.0,9.61,0.49,1.39,5.3,88.15,21.0,0.62,0.0,0.0,128.0,0.0,1.17,19.8,0.02,0.026,0.646,0.03,25.0,0.0,8.5,1.0,162.0,29.0,20.0,0.53,,0.4,0.28,0.0,0.0,0.8793,true,1.0002,99.64,true,,,"atwater: 37.81 kcal from the macros against 43.0, ratio 0.8793 outside +/-10 %"
Base.Honey,food,per_item,660.0|187.0|0.0|0.0,169640,sr_legacy,Honey,exact,raw,,222.0,vanilla_implied,,zero:sugar,,660.0,187.0,0.0,0.0,-20.0,,674.88,182.928,0.0,0.666,0.444,37.962,1.11,0.9324,0.0,0.0,0.0,0.0,0.0,0.0,0.0,0.08436,0.26862,0.05328,4.44,0.0,4.884,8.88,115.44,13.32,4.44,0.4884,,1.776,0.0,0.0,0.0,304.0,82.4,0.0,0.3,0.2,17.1,0.5,0.42,0.0,0.0,0.0,0.0,0.0,0.0,0.0,0.038,0.121,0.024,2.0,0.0,2.2,4.0,52.0,6.0,2.0,0.22,,0.8,0.0,0.0,0.0,1.0868,false,1.0225,99.8,true,,,
Base.Hops,food,none,,,,,,,,,,,,not_food,,,,,,,,,,,,,,,,,,,,,,,,,,,,,,,,,,,,,,,,,,,,,,,,,,,,,,,,,,,,,,,,,,,,,,,,,,,,
Base.HopsDried,food,none,,,,,,,,,,,,not_food,,,,,,,,,,,,,,,,,,,,,,,,,,,,,,,,,,,,,,,,,,,,,,,,,,,,,,,,,,,,,,,,,,,,,,,,,,,,
Base.HotDrink,food,none,,,,,,,,,,,,vessel_only,,,,,,-20.0,,,,,,,,,,,,,,,,,,,,,,,,,,,,,,,,,,,,,,,,,,,,,,,,,,,,,,,,,,,,,,,,,,,,,,
Base.HotDrinkClay,food,none,,,,,,,,,,,,vessel_only,,,,,,-20.0,,,,,,,,,,,,,,,,,,,,,,,,,,,,,,,,,,,,,,,,,,,,,,,,,,,,,,,,,,,,,,,,,,,,,,
Base.HotDrinkCopper,food,none,,,,,,,,,,,,vessel_only,,,,,,-20.0,,,,,,,,,,,,,,,,,,,,,,,,,,,,,,,,,,,,,,,,,,,,,,,,,,,,,,,,,,,,,,,,,,,,,,
Base.HotDrinkGold,food,none,,,,,,,,,,,,vessel_only,,,,,,-20.0,,,,,,,,,,,,,,,,,,,,,,,,,,,,,,,,,,,,,,,,,,,,,,,,,,,,,,,,,,,,,,,,,,,,,,
Base.HotDrinkMetal,food,none,,,,,,,,,,,,vessel_only,,,,,,-20.0,,,,,,,,,,,,,,,,,,,,,,,,,,,,,,,,,,,,,,,,,,,,,,,,,,,,,,,,,,,,,,,,,,,,,,
Base.HotDrinkRed,food,none,,,,,,,,,,,,vessel_only,,,,,,-20.0,,,,,,,,,,,,,,,,,,,,,,,,,,,,,,,,,,,,,,,,,,,,,,,,,,,,,,,,,,,,,,,,,,,,,,
Base.HotDrinkSilver,food,none,,,,,,,,,,,,vessel_only,,,,,,-20.0,,,,,,,,,,,,,,,,,,,,,,,,,,,,,,,,,,,,,,,,,,,,,,,,,,,,,,,,,,,,,,,,,,,,,,
Base.HotDrinkSpiffo,food,none,,,,,,,,,,,,vessel_only,,,,,,-20.0,,,,,,,,,,,,,,,,,,,,,,,,,,,,,,,,,,,,,,,,,,,,,,,,,,,,,,,,,,,,,,,,,,,,,,
Base.HotDrinkTea,food,none,,,,,,,,,,,,vessel_only,,,,,,-20.0,,,,,,,,,,,,,,,,,,,,,,,,,,,,,,,,,,,,,,,,,,,,,,,,,,,,,,,,,,,,,,,,,,,,,,
Base.HotDrinkTeaCeramic,food,none,,,,,,,,,,,,vessel_only,,,,,,-20.0,,,,,,,,,,,,,,,,,,,,,,,,,,,,,,,,,,,,,,,,,,,,,,,,,,,,,,,,,,,,,,,,,,,,,,
Base.HotDrinkTumbler,food,none,,,,,,,,,,,,vessel_only,,,,,,-20.0,,,,,,,,,,,,,,,,,,,,,,,,,,,,,,,,,,,,,,,,,,,,,,,,,,,,,,,,,,,,,,,,,,,,,,
Base.HotDrinkWhite,food,none,,,,,,,,,,,,vessel_only,,,,,,-20.0,,,,,,,,,,,,,,,,,,,,,,,,,,,,,,,,,,,,,,,,,,,,,,,,,,,,,,,,,,,,,,,,,,,,,,
Base.HotWaterBottle,fluid_container,none,,,,,,,,,,,,empty_container,,,,,,,,,,,,,,,,,,,,,,,,,,,,,,,,,,,,,,,,,,,,,,,,,,,,,,,,,,,,,,,,,,,,,,,,,,,,
Base.Hotdog,food,per_item,100.0|2.0|12.0|2.0,172968,sr_legacy,"Frankfurter, meat",close,prepared,,52.0,fdc_portion:1,iodine:frankfurter,zero:meat,,100.0,2.0,12.0,2.0,-20.0,,150.8,2.1684,13.3952,5.3352,0.0,29.2812,0.0,0.5668,0.0,0.0,,,0.0988,,0.0286,0.06292,1.3858,0.08632,3.12,0.8164,,566.8,79.04,51.48,7.8,0.624,4.576,6.5,2.236,0.0,0.0,290.0,4.17,25.76,10.26,0.0,56.31,0.0,1.09,0.0,0.0,,,0.19,,0.055,0.121,2.665,0.166,6.0,1.57,,1090.0,152.0,99.0,15.0,1.2,8.8,12.5,4.3,0.0,0.0,0.9985,false,1.508,96.5,true,,,
Base.HotdogPack,food,per_item,270.0|5.0|8.0|5.0,173875,sr_legacy,"Frankfurter, meat and poultry, unheated",close,prepared,,97.5,judgement,,zero:meat,,270.0,5.0,8.0,5.0,,,270.075,4.8945,23.5755,9.477,0.0,56.1405,21.9375,1.014,0.0,30.225,0.0,0.6825,0.429,0.0975,0.045825,0.141375,2.742675,0.061425,5.85,0.69225,48.945,951.6,350.025,103.35,10.725,1.1115,,12.09,4.938375,0.0,0.0,277.0,5.02,24.18,9.72,0.0,57.58,22.5,1.04,0.0,31.0,0.0,0.7,0.44,0.1,0.047,0.145,2.813,0.063,6.0,0.71,50.2,976.0,359.0,106.0,11.0,1.14,,12.4,5.065,0.0,0.0,0.9985,false,1.0003,96.5,true,,,
Base.Hotdog_single,food,per_item,65.0|1.25|2.0|1.25,172968,sr_legacy,"Frankfurter, meat",close,prepared,1659,52.0,fdc_portion:1,iodine:frankfurter,zero:meat,,65.0,1.25,2.0,1.25,-10.0,,150.8,2.1684,13.3952,5.3352,0.0,29.2812,0.0,0.5668,0.0,0.0,,,0.0988,,0.0286,0.06292,1.3858,0.08632,3.12,0.8164,,566.8,79.04,51.48,7.8,0.624,4.576,6.5,2.236,0.0,0.0,290.0,4.17,25.76,10.26,0.0,56.31,0.0,1.09,0.0,0.0,,,0.19,,0.055,0.121,2.665,0.166,6.0,1.57,,1090.0,152.0,99.0,15.0,1.2,8.8,12.5,4.3,0.0,0.0,0.9985,false,2.32,96.5,true,true,,
Base.Hotsauce,food,per_item,430.0|270.0|0.0|0.0,171186,sr_legacy,"Sauce, hot chile, sriracha",close,prepared,,150.0,judgement,,,,430.0,270.0,0.0,0.0,-16.0,,139.5,28.74,1.395,2.895,3.3,107.76,40.35,2.46,,,1891.5,,7.2,16.35,0.1155,0.333,1.872,0.6825,33.0,,,3186.0,481.5,27.0,24.0,0.36,,0.6,,,,93.0,19.16,0.93,1.93,2.2,71.84,26.9,1.64,,,1261.0,,4.8,10.9,0.077,0.222,1.248,0.455,22.0,,,2124.0,321.0,18.0,16.0,0.24,,0.4,,,,0.9498,false,0.3244,93.86,true,,,
Base.Icecream,food,per_item,1680.0|180.0|84.0|26.0,167575,sr_legacy,"Ice creams, vanilla",exact,prepared,,770.2,vanilla_implied,,zero:dairy,,1680.0,180.0,84.0,26.0,-30.0,,1594.314,181.7672,84.722,26.957,5.3914,469.822,4.6212,0.69318,0.0,893.432,146.338,1.5404,2.3106,2.3106,0.315782,1.84848,0.893432,0.369696,38.51,3.00378,200.252,616.16,1532.698,985.856,107.828,5.31438,,13.8636,3.4659,0.0,0.0,207.0,23.6,11.0,3.5,0.7,61.0,0.6,0.09,0.0,116.0,19.0,0.2,0.3,0.3,0.041,0.24,0.116,0.048,5.0,0.39,26.0,80.0,199.0,128.0,14.0,0.69,,1.8,0.45,0.0,0.0,0.9952,false,0.949,99.1,true,,,
Base.IcecreamMelted,food,per_item,1680.0|180.0|84.0|26.0,167575,sr_legacy,"Ice creams, vanilla",exact,prepared,,770.2,vanilla_implied,,zero:dairy,,1680.0,180.0,84.0,26.0,-30.0,,1594.314,181.7672,84.722,26.957,5.3914,469.822,4.6212,0.69318,0.0,893.432,146.338,1.5404,2.3106,2.3106,0.315782,1.84848,0.893432,0.369696,38.51,3.00378,200.252,616.16,1532.698,985.856,107.828,5.31438,,13.8636,3.4659,0.0,0.0,207.0,23.6,11.0,3.5,0.7,61.0,0.6,0.09,0.0,116.0,19.0,0.2,0.3,0.3,0.041,0.24,0.116,0.048,5.0,0.39,26.0,80.0,199.0,128.0,14.0,0.69,,1.8,0.45,0.0,0.0,0.9952,false,0.949,99.1,true,,,
Base.IcecreamSandwich,food,per_item,140.0|26.0|3.0|2.0,172226,sr_legacy,Ice cream sandwich,close,prepared,,70.0,fdc_portion:1,,zero:dairy,,140.0,26.0,3.0,2.0,-15.0,,165.9,25.998,5.999,3.003,0.0,34.23,0.0,0.182,0.0,60.2,0.0,0.0,0.28,0.91,0.0777,0.1022,1.0962,0.0196,37.1,0.035,5.6,90.3,80.5,60.2,20.3,0.42,,2.17,1.5862,2.8,0.0,237.0,37.14,8.57,4.29,0.0,48.9,0.0,0.26,0.0,86.0,0.0,0.0,0.4,1.3,0.111,0.146,1.566,0.028,53.0,0.05,8.0,129.0,115.0,86.0,29.0,0.6,,3.1,2.266,4.0,0.0,1.0247,false,1.185,98.9,true,,,
Base.IcecreamSandwich_Melted,food,per_item,140.0|26.0|3.0|2.0,172226,sr_legacy,Ice cream sandwich,close,prepared,,70.0,fdc_portion:1,,zero:dairy,,140.0,26.0,3.0,2.0,-15.0,,165.9,25.998,5.999,3.003,0.0,34.23,0.0,0.182,0.0,60.2,0.0,0.0,0.28,0.91,0.0777,0.1022,1.0962,0.0196,37.1,0.035,5.6,90.3,80.5,60.2,20.3,0.42,,2.17,1.5862,2.8,0.0,237.0,37.14,8.57,4.29,0.0,48.9,0.0,0.26,0.0,86.0,0.0,0.0,0.4,1.3,0.111,0.146,1.566,0.028,53.0,0.05,8.0,129.0,115.0,86.0,29.0,0.6,,3.1,2.266,4.0,0.0,1.0247,false,1.185,98.9,true,,,
Base.Icing,food,per_item,110.0|80.0|44.0|16.0,169620,sr_legacy,"Frostings, vanilla, creamy, ready-to-eat",close,prepared,,26.3,judgement,,,,110.0,80.0,44.0,16.0,-10.0,,109.934,17.85507,4.26849,0.0,0.0,3.96341,0.0,0.04208,,0.0,0.0,0.0,0.40239,3.419,0.00263,0.079426,0.05786,0.0,2.104,0.0,0.6049,48.392,8.942,0.789,0.263,0.01841,,0.0263,2.091113,0.0,0.0,418.0,67.89,16.23,0.0,0.0,15.07,0.0,0.16,,0.0,0.0,0.0,1.53,13.0,0.01,0.302,0.22,0.0,8.0,0.0,2.3,184.0,34.0,3.0,1.0,0.07,,0.1,7.951,0.0,0.0,0.9991,false,0.9994,99.19,true,,,
Base.IndustrialDye,fluid_container,none,,,,,,,,,,,,fluid_sourced,,,,,,,,,,,,,,,,,,,,,,,,,,,,,,,,,,,,,,,,,,,,,,,,,,,,,,,,,,,,,,,,,,,,,,,,,,,,
Base.InsectRepellent,drainable,none,,,,,,,,,,,,not_food,,,,,,,,,,,,,,,,,,,,,,,,,,,,,,,,,,,,,,,,,,,,,,,,,,,,,,,,,,,,,,,,,,,,,,,,,,,,
Base.JamFruit,food,per_item,550.0|130.0|0.0|1.0,169641,sr_legacy,Jams and preserves,close,prepared,,197.8,judgement,,zero:fruit,,550.0,130.0,0.0,1.0,-30.0,,549.884,136.20508,0.13846,0.73186,2.1758,60.26966,17.4064,0.96922,0.0,0.0,0.0,0.0,0.23736,0.0,0.031648,0.150328,0.071208,0.03956,21.758,0.0,20.1756,63.296,152.306,39.56,7.912,0.11868,,3.956,0.0,0.0,0.0,278.0,68.86,0.07,0.37,1.1,30.47,8.8,0.49,0.0,0.0,0.0,0.0,0.12,0.0,0.016,0.076,0.036,0.02,11.0,0.0,10.2,32.0,77.0,20.0,4.0,0.06,,2.0,0.0,0.0,0.0,0.9905,false,0.9998,99.77,true,,,
Base.JamMarmalade,food,per_item,550.0|130.0|0.0|1.0,168819,sr_legacy,"Marmalade, orange",close,prepared,,223.6,judgement,,zero:fruit,,550.0,130.0,0.0,1.0,-30.0,,550.056,148.2468,0.0,0.6708,1.5652,74.2352,10.7328,0.3354,0.0,0.0,33.54,0.0,0.13416,0.0,0.01118,0.0559,0.116272,0.042484,20.124,0.0,6.708,125.216,82.732,84.968,4.472,0.08944,,1.3416,0.0,0.0,0.0,246.0,66.3,0.0,0.3,0.7,33.2,4.8,0.15,0.0,0.0,15.0,0.0,0.06,0.0,0.005,0.025,0.052,0.019,9.0,0.0,3.0,56.0,37.0,38.0,2.0,0.04,,0.6,0.0,0.0,0.0,1.0772,false,1.0001,99.8,true,,,
Base.JarCrafted,fluid_container,none,,,,,,,,,,,,empty_container,,,,,,,,,,,,,,,,,,,,,,,,,,,,,,,,,,,,,,,,,,,,,,,,,,,,,,,,,,,,,,,,,,,,,,,,,,,,
Base.JellyBeans,food,per_item,40.0|10.0|0.5|0.0,167991,sr_legacy,"Candies, jellybeans",close,prepared,,11.0,fdc_portion:1,,zero:sugar,,40.0,10.0,0.5,0.0,-5.0,,41.25,10.2905,0.0055,0.0,0.022,0.693,0.0,0.0143,0.0,0.0,0.0,0.0,0.0,0.0,0.00044,0.00121,0.00088,0.00044,0.0,0.0,0.0,5.5,4.07,0.33,0.22,0.0055,,0.121,0.0,0.0,0.0,375.0,93.55,0.05,0.0,0.2,6.3,0.0,0.13,0.0,0.0,0.0,0.0,0.0,0.0,0.004,0.011,0.008,0.004,0.0,0.0,0.0,50.0,37.0,3.0,2.0,0.05,,1.1,0.0,0.0,0.0,0.998,false,1.0312,99.9,true,,,
Base.JellyRoll,food,per_item,230.0|41.0|7.0|1.0,172706,sr_legacy,"Cake, sponge, commercially prepared",close,prepared,,79.3,judgement,,,,230.0,41.0,7.0,1.0,-7.0,,229.97,48.373,2.1411,4.2822,0.3965,23.5521,0.0,2.15696,,34.892,3.172,0.1586,0.19032,0.1586,0.192699,0.213317,1.532076,0.041236,56.303,0.19032,29.4203,494.039,78.507,55.51,8.723,0.40443,,7.2163,0.320372,0.0,0.0,290.0,61.0,2.7,5.4,0.5,29.7,0.0,2.72,,44.0,4.0,0.2,0.24,0.2,0.243,0.269,1.932,0.052,71.0,0.24,37.1,623.0,99.0,70.0,11.0,0.51,,9.1,0.404,0.0,0.0,0.9962,false,0.9999,98.8,true,,,
Base.JerryCan,fluid_container,none,,,,,,,,,,,,fluid_sourced,,,,,,,,,,,,,,,,,,,,,,,,,,,,,,,,,,,,,,,,,,,,,,,,,,,,,,,,,,,,,,,,,,,,,,,,,,,,
Base.JuiceBox,fluid_container,none,400.0|120.0|0.0|0.0,,,,,,,,,,,fluid_sourced,400.0,120.0,0.0,0.0,-10.0,-30.0,,,,,,,,,,,,,,,,,,,,,,,,,,,,,,,,,,,,,,,,,,,,,,,,,,,,,,,,,,,,,,,,,,,,,,
Base.JuiceBoxApple,fluid_container,none,480.0|120.0|0.0|0.0,,,,,,,,,,,fluid_sourced,480.0,120.0,0.0,0.0,-10.0,-30.0,,,,,,,,,,,,,,,,,,,,,,,,,,,,,,,,,,,,,,,,,,,,,,,,,,,,,,,,,,,,,,,,,,,,,,
Base.JuiceBoxFruitpunch,fluid_container,none,400.0|100.0|0.0|0.0,,,,,,,,,,,fluid_sourced,400.0,100.0,0.0,0.0,-10.0,-30.0,,,,,,,,,,,,,,,,,,,,,,,,,,,,,,,,,,,,,,,,,,,,,,,,,,,,,,,,,,,,,,,,,,,,,,
Base.JuiceBoxOrange,fluid_container,none,400.0|120.0|0.0|0.0,,,,,,,,,,,fluid_sourced,400.0,120.0,0.0,0.0,-10.0,-30.0,,,,,,,,,,,,,,,,,,,,,,,,,,,,,,,,,,,,,,,,,,,,,,,,,,,,,,,,,,,,,,,,,,,,,,
Base.JuiceCranberry,fluid_container,none,400.0|100.0|0.0|0.0,,,,,,,,,,,fluid_sourced,400.0,100.0,0.0,0.0,-10.0,-30.0,,,,,,,,,,,,,,,,,,,,,,,,,,,,,,,,,,,,,,,,,,,,,,,,,,,,,,,,,,,,,,,,,,,,,,
Base.JuiceFruitpunch,fluid_container,none,400.0|100.0|0.0|0.0,,,,,,,,,,,fluid_sourced,400.0,100.0,0.0,0.0,-10.0,-30.0,,,,,,,,,,,,,,,,,,,,,,,,,,,,,,,,,,,,,,,,,,,,,,,,,,,,,,,,,,,,,,,,,,,,,,
Base.JuiceGrape,fluid_container,none,400.0|120.0|0.0|0.0,,,,,,,,,,,fluid_sourced,400.0,120.0,0.0,0.0,-10.0,-30.0,,,,,,,,,,,,,,,,,,,,,,,,,,,,,,,,,,,,,,,,,,,,,,,,,,,,,,,,,,,,,,,,,,,,,,
Base.JuiceLemon,fluid_container,none,400.0|120.0|0.0|0.0,,,,,,,,,,,fluid_sourced,400.0,120.0,0.0,0.0,-10.0,-30.0,,,,,,,,,,,,,,,,,,,,,,,,,,,,,,,,,,,,,,,,,,,,,,,,,,,,,,,,,,,,,,,,,,,,,,
Base.JuiceOrange,fluid_container,none,400.0|120.0|0.0|0.0,,,,,,,,,,,fluid_sourced,400.0,120.0,0.0,0.0,-10.0,-30.0,,,,,,,,,,,,,,,,,,,,,,,,,,,,,,,,,,,,,,,,,,,,,,,,,,,,,,,,,,,,,,,,,,,,,,
Base.JuiceTomato,fluid_container,none,420.0|130.0|0.0|0.0,,,,,,,,,,,fluid_sourced,420.0,130.0,0.0,0.0,-10.0,-30.0,,,,,,,,,,,,,,,,,,,,,,,,,,,,,,,,,,,,,,,,,,,,,,,,,,,,,,,,,,,,,,,,,,,,,,
Base.Jujubes,food,per_item,40.0|10.0|0.5|0.0,167989,sr_legacy,"Candies, gumdrops, starch jelly pieces",close,prepared,,10.1,vanilla_implied,,zero:sugar,,40.0,10.0,0.5,0.0,-5.0,,39.996,9.9889,0.0,0.0,0.0101,0.101,0.0,0.0404,0.0,0.0,0.0,0.0,0.0,0.0,0.000606,0.001313,0.00101,0.000505,0.0,0.0,0.0,4.444,0.505,0.303,0.101,0.0,,0.0808,0.0,0.0,0.0,396.0,98.9,0.0,0.0,0.1,1.0,0.0,0.4,0.0,0.0,0.0,0.0,0.0,0.0,0.006,0.013,0.01,0.005,0.0,0.0,0.0,44.0,5.0,3.0,1.0,0.0,,0.8,0.0,0.0,0.0,0.9985,false,0.9999,99.9,true,,,
Base.Kale,food,per_item,178.0|41.41|0.71|9.14,168421,sr_legacy,"Kale, raw",close,raw,3001,508.6,judgement,,zero:vegetable,,178.0,41.41,0.71,9.14,-16.0,-10.0,178.01,22.48012,7.57814,14.85112,20.8526,455.85818,475.0324,8.1376,0.0,0.0,14612.078,0.0,3.35676,1981.5056,0.574718,1.764842,6.00148,0.747642,315.332,0.0,2.543,269.558,1769.928,1291.844,167.838,1.98354,,4.5774,3.402534,0.0,0.0,35.0,4.42,1.49,2.92,4.1,89.63,93.4,1.6,0.0,0.0,2873.0,0.0,0.66,389.6,0.113,0.347,1.18,0.147,62.0,0.0,0.5,53.0,348.0,254.0,33.0,0.39,,0.9,0.669,0.0,0.0,0.9877,false,1.0001,98.46,true,true,,
Base.Ketchup,food,per_item,1480.0|370.0|0.0|0.0,168556,sr_legacy,Catsup,exact,prepared,,1407.9,vanilla_implied,,,,1480.0,370.0,0.0,0.0,-20.0,,1421.979,385.7646,1.4079,14.64216,4.2237,964.55229,57.7239,4.92765,,0.0,4448.964,0.0,20.55534,42.237,0.154869,2.337114,20.189286,2.224482,126.711,0.0,175.9875,12769.653,3956.199,211.185,183.027,2.39343,,9.8553,0.56316,0.0,0.0,101.0,27.4,0.1,1.04,0.3,68.51,4.1,0.35,,0.0,316.0,0.0,1.46,3.0,0.011,0.166,1.434,0.158,9.0,0.0,12.5,907.0,281.0,15.0,13.0,0.17,,0.7,0.04,0.0,0.0,1.1293,true,0.9608,97.05,true,,,"atwater: 114.06 kcal from the macros against 101.0, ratio 1.1293 outside +/-10 %"
Base.Kettle,fluid_container,none,,,,,,,,,,,,empty_container,,,,,,,,,,,,,,,,,,,,,,,,,,,,,,,,,,,,,,,,,,,,,,,,,,,,,,,,,,,,,,,,,,,,,,,,,,,,
Base.Kettle_Copper,fluid_container,none,,,,,,,,,,,,empty_container,,,,,,,,,,,,,,,,,,,,,,,,,,,,,,,,,,,,,,,,,,,,,,,,,,,,,,,,,,,,,,,,,,,,,,,,,,,,
Base.KnapsackSprayer,fluid_container,none,,,,,,,,,,,,empty_container,,,,,,,,,,,,,,,,,,,,,,,,,,,,,,,,,,,,,,,,,,,,,,,,,,,,,,,,,,,,,,,,,,,,,,,,,,,,
Base.KnapsackSprayer_Stowed,fluid_container,none,,,,,,,,,,,,empty_container,,,,,,,,,,,,,,,,,,,,,,,,,,,,,,,,,,,,,,,,,,,,,,,,,,,,,,,,,,,,,,,,,,,,,,,,,,,,
Base.Ladybug,food,per_item,1.5|0.0|0.05|0.25,rumpold2013:coleoptera,literature,"per-order mean, dry matter (Rumpold 2013 as reproduced in Lee 2020 Table 4; S1181)",guess,raw,,1.02,judgement,,,,1.5,0.0,0.05,0.25,-1.0,,1.500318,0.073256,0.102204,0.124511,0.032864,0.714,,,,,,,,,,,,,,,,,,,,,,,,,,147.09,7.182,10.02,12.207,3.222,70.0,,,,,,,,,,,,,,,,,,,,,,,,,,1.0966,false,1.0002,99.409,true,,,
Base.Lantern_CraftedElectric,drainable,none,,,,,,,,,,,,not_food,,,,,,,,,,,,,,,,,,,,,,,,,,,,,,,,,,,,,,,,,,,,,,,,,,,,,,,,,,,,,,,,,,,,,,,,,,,,
Base.Lantern_Hurricane,drainable,none,,,,,,,,,,,,not_food,,,,,,,,,,,,,,,,,,,,,,,,,,,,,,,,,,,,,,,,,,,,,,,,,,,,,,,,,,,,,,,,,,,,,,,,,,,,
Base.Lantern_HurricaneLit,drainable,none,,,,,,,,,,,,not_food,,,,,,,,,,,,,,,,,,,,,,,,,,,,,,,,,,,,,,,,,,,,,,,,,,,,,,,,,,,,,,,,,,,,,,,,,,,,
Base.Lantern_Hurricane_Copper,drainable,none,,,,,,,,,,,,not_food,,,,,,,,,,,,,,,,,,,,,,,,,,,,,,,,,,,,,,,,,,,,,,,,,,,,,,,,,,,,,,,,,,,,,,,,,,,,
Base.Lantern_Hurricane_CopperLit,drainable,none,,,,,,,,,,,,not_food,,,,,,,,,,,,,,,,,,,,,,,,,,,,,,,,,,,,,,,,,,,,,,,,,,,,,,,,,,,,,,,,,,,,,,,,,,,,
Base.Lantern_Hurricane_Forged,drainable,none,,,,,,,,,,,,not_food,,,,,,,,,,,,,,,,,,,,,,,,,,,,,,,,,,,,,,,,,,,,,,,,,,,,,,,,,,,,,,,,,,,,,,,,,,,,
Base.Lantern_Hurricane_ForgedLit,drainable,none,,,,,,,,,,,,not_food,,,,,,,,,,,,,,,,,,,,,,,,,,,,,,,,,,,,,,,,,,,,,,,,,,,,,,,,,,,,,,,,,,,,,,,,,,,,
Base.Lantern_Hurricane_Gold,drainable,none,,,,,,,,,,,,not_food,,,,,,,,,,,,,,,,,,,,,,,,,,,,,,,,,,,,,,,,,,,,,,,,,,,,,,,,,,,,,,,,,,,,,,,,,,,,
Base.Lantern_Hurricane_GoldLit,drainable,none,,,,,,,,,,,,not_food,,,,,,,,,,,,,,,,,,,,,,,,,,,,,,,,,,,,,,,,,,,,,,,,,,,,,,,,,,,,,,,,,,,,,,,,,,,,
Base.Lantern_Hurricane_Silver,drainable,none,,,,,,,,,,,,not_food,,,,,,,,,,,,,,,,,,,,,,,,,,,,,,,,,,,,,,,,,,,,,,,,,,,,,,,,,,,,,,,,,,,,,,,,,,,,
Base.Lantern_Hurricane_SilverLit,drainable,none,,,,,,,,,,,,not_food,,,,,,,,,,,,,,,,,,,,,,,,,,,,,,,,,,,,,,,,,,,,,,,,,,,,,,,,,,,,,,,,,,,,,,,,,,,,
Base.Lantern_Propane,drainable,none,,,,,,,,,,,,not_food,,,,,,,,,,,,,,,,,,,,,,,,,,,,,,,,,,,,,,,,,,,,,,,,,,,,,,,,,,,,,,,,,,,,,,,,,,,,
Base.Lard,food,per_item,4095.0|0.0|454.0|0.0,171401,sr_legacy,Lard,exact,prepared,,454.0,vanilla_implied,,zero:oil,,4095.0,0.0,454.0,0.0,-24.0,,4095.08,0.0,454.0,0.0,0.0,0.0,0.0,0.0,0.0,0.0,0.0,11.35,2.724,0.0,0.0,0.0,0.0,0.0,0.0,0.0,225.638,0.0,0.0,0.0,0.0,0.4994,,0.908,50.848,0.0,0.0,902.0,0.0,100.0,0.0,0.0,0.0,0.0,0.0,0.0,0.0,0.0,2.5,0.6,0.0,0.0,0.0,0.0,0.0,0.0,0.0,49.7,0.0,0.0,0.0,0.0,0.11,,0.2,11.2,0.0,0.0,0.9978,false,1.0,100.0,true,,,
Base.LargemouthBass,food,per_item,159.0|1.0|1.0|35.0,174184,sr_legacy,"Fish, bass, fresh water, mixed species, raw",close,raw,2309,139.5,judgement,,zero:fish,,159.0,1.0,1.0,35.0,-15.0,,159.03,0.0,5.14755,26.3097,0.0,105.5457,2.79,2.07855,0.0,41.85,,,,,0.104625,0.10323,1.74375,0.1674,20.925,2.79,,97.65,496.62,111.6,41.85,0.90675,,17.577,0.27621,,,114.0,0.0,3.69,18.86,0.0,75.66,2.0,1.49,0.0,30.0,,,,,0.075,0.074,1.25,0.12,15.0,2.0,,70.0,356.0,80.0,30.0,0.65,,12.6,0.198,,,0.9531,false,1.0002,98.21,true,true,,
Base.Lavender,food,none,0.1|0.0|0.0|0.0,,,,,,,,,,,spice_only,0.1,0.0,0.0,0.0,-1.0,,,,,,,,,,,,,,,,,,,,,,,,,,,,,,,,,,,,,,,,,,,,,,,,,,,,,,,,,,,,,,,,,,,,,,,
Base.LavenderPetalsDried,food,none,0.1|0.0|0.0|0.0,,,,,,,,,,,spice_only,0.1,0.0,0.0,0.0,-1.0,,,,,,,,,,,,,,,,,,,,,,,,,,,,,,,,,,,,,,,,,,,,,,,,,,,,,,,,,,,,,,,,,,,,,,,
Base.Leech,food,per_item,90.0|2.11|1.9|17.41,167744,sr_legacy,"Mollusks, snail, raw",proxy,raw,2755,100.0,judgement,,zero:fish,,90.0,2.11,1.9,17.41,-1.0,,90.0,2.0,1.4,16.1,0.0,79.2,0.0,3.5,0.0,30.0,0.0,0.0,5.0,0.1,0.01,0.12,1.4,0.13,6.0,0.5,65.0,70.0,382.0,10.0,250.0,1.0,,27.4,0.017,0.0,0.0,90.0,2.0,1.4,16.1,0.0,79.2,0.0,3.5,0.0,30.0,0.0,0.0,5.0,0.1,0.01,0.12,1.4,0.13,6.0,0.5,65.0,70.0,382.0,10.0,250.0,1.0,,27.4,0.017,0.0,0.0,0.9444,false,1.0,98.7,true,true,,
Base.Leek,food,per_item,54.0|140.0|0.3|1.3,169246,sr_legacy,"Leeks, (bulb and lower leaf-portion), raw",close,raw,3771,89.0,fdc_portion:2,,zero:vegetable,,54.0,140.0,0.3,1.3,-12.0,-5.0,54.29,12.5935,0.267,1.335,1.602,73.87,10.68,1.869,0.0,0.0,890.0,0.0,0.8188,41.83,0.0534,0.0267,0.356,0.20737,56.96,0.0,8.455,17.8,160.2,52.51,24.92,0.1068,,0.89,0.14774,0.0,0.0,61.0,14.15,0.3,1.5,1.8,83.0,12.0,2.1,0.0,0.0,1000.0,0.0,0.92,47.0,0.06,0.03,0.4,0.233,64.0,0.0,9.5,20.0,180.0,59.0,28.0,0.12,,1.0,0.166,0.0,0.0,1.0115,false,1.0054,98.95,true,true,,
Base.Lemon,food,per_item,17.0|5.41|0.17|0.64,167746,sr_legacy,"Lemons, raw, without peel",exact,raw,,57.9,vanilla_implied,,zero:fruit,,17.0,5.41,0.17,0.64,-10.0,-5.0,16.791,5.39628,0.1737,0.6369,1.6212,51.51942,30.687,0.3474,0.0,0.0,1.737,0.0,0.08685,0.0,0.02316,0.01158,0.0579,0.04632,6.369,0.0,2.9529,1.158,79.902,15.054,4.632,0.03474,,0.2316,0.051531,0.0,0.0,29.0,9.32,0.3,1.1,2.8,88.98,53.0,0.6,0.0,0.0,3.0,0.0,0.15,0.0,0.04,0.02,0.1,0.08,11.0,0.0,5.1,2.0,138.0,26.0,8.0,0.06,,0.4,0.089,0.0,0.0,1.3372,true,0.9877,99.7,true,,,"atwater: 38.78 kcal from the macros against 29.0, ratio 1.3372 outside +/-10 %"
Base.LemonBar,food,per_item,156.0|22.0|11.0|2.0,172785,sr_legacy,"Pie, lemon meringue, commercially prepared",proxy,prepared,,58.2,judgement,,,,156.0,22.0,11.0,2.0,-7.0,,155.976,27.4704,5.0634,0.873,0.6984,24.2694,1.8624,0.35502,,29.682,0.582,0.1164,0.61692,1.2222,0.036084,0.121638,0.377718,0.01746,20.37,0.09894,3.6084,100.104,51.798,32.592,8.73,0.28518,,1.746,2.106258,0.0,0.0,268.0,47.2,8.7,1.5,1.2,41.7,3.2,0.61,,51.0,1.0,0.2,1.06,2.1,0.062,0.209,0.649,0.03,35.0,0.17,6.2,172.0,89.0,56.0,15.0,0.49,,3.0,3.619,0.0,0.0,1.0101,false,0.9998,99.1,true,,,
Base.LemonGrass,food,none,0.1|0.0|0.0|0.0,,,,,,,,,,,spice_only,0.1,0.0,0.0,0.0,-1.0,,,,,,,,,,,,,,,,,,,,,,,,,,,,,,,,,,,,,,,,,,,,,,,,,,,,,,,,,,,,,,,,,,,,,,,
Base.Lettuce,food,per_item,54.0|10.33|0.54|4.9,169249,sr_legacy,"Lettuce, green leaf, raw",exact,raw,,360.1,vanilla_implied,,zero:vegetable,,54.0,10.33,0.54,4.9,-15.0,-7.0,54.015,10.33487,0.54015,4.89736,4.6813,342.02298,33.1292,3.09686,0.0,0.0,15999.243,0.0,0.79222,454.8063,0.25207,0.28808,1.350375,0.32409,136.838,0.0,48.9736,100.828,698.594,129.636,46.813,0.64818,,2.1606,0.295282,0.0,0.0,15.0,2.87,0.15,1.36,1.3,94.98,9.2,0.86,0.0,0.0,4443.0,0.0,0.22,126.3,0.07,0.08,0.375,0.09,38.0,0.0,13.6,28.0,194.0,36.0,13.0,0.18,,0.6,0.082,0.0,0.0,1.0447,false,1.0003,99.36,true,,,
Base.LicoriceBlack,food,per_item,22.0|7.0|0.0|0.0,167583,sr_legacy,"Candies, TWIZZLERS Strawberry Twists Candy",proxy,prepared,,6.3,judgement,,zero:sugar,,22.0,7.0,0.0,0.0,-2.0,,21.924,4.98708,0.14616,0.16128,0.0,0.945,0.0,0.03213,0.0,,,,,,,,,,,,,18.081,,0.0,,,,,,,,348.0,79.16,2.32,2.56,0.0,15.0,0.0,0.51,0.0,,,,,,,,,,,,,287.0,,0.0,,,,,,,,0.9993,false,0.9965,99.04,true,,,
Base.LicoriceRed,food,per_item,22.0|7.0|0.0|0.0,167583,sr_legacy,"Candies, TWIZZLERS Strawberry Twists Candy",close,prepared,,6.3,judgement,,zero:sugar,,22.0,7.0,0.0,0.0,-2.0,,21.924,4.98708,0.14616,0.16128,0.0,0.945,0.0,0.03213,0.0,,,,,,,,,,,,,18.081,,0.0,,,,,,,,348.0,79.16,2.32,2.56,0.0,15.0,0.0,0.51,0.0,,,,,,,,,,,,,287.0,,0.0,,,,,,,,0.9993,false,0.9965,99.04,true,,,
Base.Lighter,drainable,none,,,,,,,,,,,,not_food,,,,,,,,,,,,,,,,,,,,,,,,,,,,,,,,,,,,,,,,,,,,,,,,,,,,,,,,,,,,,,,,,,,,,,,,,,,,
Base.LighterBBQ,drainable,none,,,,,,,,,,,,not_food,,,,,,,,,,,,,,,,,,,,,,,,,,,,,,,,,,,,,,,,,,,,,,,,,,,,,,,,,,,,,,,,,,,,,,,,,,,,
Base.LighterDisposable,drainable,none,,,,,,,,,,,,not_food,,,,,,,,,,,,,,,,,,,,,,,,,,,,,,,,,,,,,,,,,,,,,,,,,,,,,,,,,,,,,,,,,,,,,,,,,,,,
Base.LighterFluid,drainable,none,,,,,,,,,,,,not_food,,,,,,,,,,,,,,,,,,,,,,,,,,,,,,,,,,,,,,,,,,,,,,,,,,,,,,,,,,,,,,,,,,,,,,,,,,,,
Base.Lighter_Battery,drainable,none,,,,,,,,,,,,not_food,,,,,,,,,,,,,,,,,,,,,,,,,,,,,,,,,,,,,,,,,,,,,,,,,,,,,,,,,,,,,,,,,,,,,,,,,,,,
Base.Lime,food,per_item,17.0|5.41|0.17|0.64,168155,sr_legacy,"Limes, raw",close,raw,,67.0,fdc_portion:1,,zero:fruit,,17.0,5.41,0.17,0.64,-10.0,-5.0,20.1,7.0618,0.134,0.469,1.876,59.1342,19.497,0.402,0.0,0.0,20.1,0.0,0.1474,0.402,0.0201,0.0134,0.134,0.02881,5.36,0.0,3.417,1.34,68.34,22.11,4.02,0.0737,,0.268,0.03685,0.0,0.0,30.0,10.54,0.2,0.7,2.8,88.26,29.1,0.6,0.0,0.0,30.0,0.0,0.22,0.6,0.03,0.02,0.2,0.043,8.0,0.0,5.1,2.0,102.0,33.0,6.0,0.11,,0.4,0.055,0.0,0.0,1.372,true,1.1824,99.7,true,,,"atwater: 41.16 kcal from the macros against 30.0, ratio 1.372 outside +/-10 %"
Base.Lipstick,drainable,none,,,,,,,,,,,,not_food,,,,,,,,,,,,,,,,,,,,,,,,,,,,,,,,,,,,,,,,,,,,,,,,,,,,,,,,,,,,,,,,,,,,,,,,,,,,
Base.Lobster,food,per_item,120.0|0.0|7.0|28.0,174208,sr_legacy,"Crustaceans, lobster, northern, raw",close,raw,2701,150.0,fdc_portion:1,iodine:lobster-cooked,zero:fish,,120.0,0.0,7.0,28.0,-40.0,,115.5,0.0,1.125,24.78,0.0,121.425,0.0,0.39,0.0,1.5,0.0,0.0,1.305,0.0,0.03,0.021,2.3865,0.156,15.0,1.875,105.45,634.5,300.0,126.0,57.0,5.295,277.5,95.4,0.114,0.0,0.0,77.0,0.0,0.75,16.52,0.0,80.95,0.0,0.26,0.0,1.0,0.0,0.0,0.87,0.0,0.02,0.014,1.591,0.104,10.0,1.25,70.3,423.0,200.0,84.0,38.0,3.53,185.0,63.6,0.076,0.0,0.0,0.9458,false,0.9625,98.22,true,true,,
Base.Lollipop,food,per_item,40.0|10.0|0.5|0.0,167990,sr_legacy,"Candies, hard",close,prepared,,10.2,judgement,,zero:sugar,,40.0,10.0,0.5,0.0,-5.0,,40.188,9.996,0.0204,0.0,0.0,0.1326,0.0,0.0306,0.0,0.0,0.0,0.0,0.0,0.0,0.000408,0.000306,0.000714,0.000306,0.0,0.0,0.0,3.876,0.51,0.306,0.306,0.00102,,0.0612,0.0,0.0,0.0,394.0,98.0,0.2,0.0,0.0,1.3,0.0,0.3,0.0,0.0,0.0,0.0,0.0,0.0,0.004,0.003,0.007,0.003,0.0,0.0,0.0,38.0,5.0,3.0,3.0,0.01,,0.6,0.0,0.0,0.0,0.9995,false,1.0047,99.5,true,,,
Base.Macandcheese,food,per_item,690.0|126.0|12.0|21.0,173340,sr_legacy,"Macaroni and cheese dinner with dry sauce mix, boxed, uncooked",close,prepared,,182.1,judgement,,,,690.0,126.0,12.0,21.0,,,690.159,127.68852,8.77722,25.23906,5.8272,14.65905,1.2747,5.00775,,30.957,9.105,0.0,0.23673,0.3642,1.89384,1.139946,7.069122,0.258582,608.214,1.40217,65.556,1238.28,631.887,265.866,89.229,2.23983,,86.4975,1.480473,0.0,0.0,379.0,70.12,4.82,13.86,3.2,8.05,0.7,2.75,,17.0,5.0,0.0,0.13,0.2,1.04,0.626,3.882,0.142,334.0,0.77,36.0,680.0,347.0,146.0,49.0,1.23,,47.5,0.813,0.0,0.0,0.9839,false,1.0002,96.85,true,,,
Base.Macaroni,food,per_item,3360.0|656.0|16.0|112.0,169736,sr_legacy,"Pasta, dry, enriched",close,dried,,905.7,judgement,,,,3360.0,656.0,16.0,112.0,-60.0,60.0,3360.147,676.28619,13.67607,118.10328,28.9824,89.6643,0.0,29.8881,,0.0,0.0,0.0,0.99627,0.9057,8.069787,3.6228,65.002089,1.286094,3541.287,0.0,136.7607,54.342,2019.711,190.197,480.021,12.77037,,572.4024,5.108148,0.0,0.0,371.0,74.67,1.51,13.04,3.2,9.9,0.0,3.3,,0.0,0.0,0.0,0.11,0.1,0.891,0.4,7.177,0.142,391.0,0.0,15.1,6.0,223.0,21.0,53.0,1.41,,63.2,0.564,0.0,0.0,0.965,false,1.0,99.12,true,,,
Base.Maggots,food,per_item,1.5|0.0|0.05|0.25,rumpold2013:diptera,literature,"per-order mean, dry matter (Rumpold 2013 as reproduced in Lee 2020 Table 4; S1187)",guess,raw,,1.2,judgement,,,,1.5,0.0,0.05,0.25,-1.0,,1.475208,0.070452,0.0819,0.178128,0.048816,0.84,,,,,,,,,,,,,,,,,,,,,,,,,,122.934,5.871,6.825,14.844,4.068,70.0,,,,,,,,,,,,,,,,,,,,,,,,,,1.1075,true,0.9835,97.54,true,,,"atwater: 136.149 kcal from the macros against 122.934, ratio 1.1075 outside +/-10 %"
Base.MagnesiumFirestarter,drainable,none,,,,,,,,,,,,not_food,,,,,,,,,,,,,,,,,,,,,,,,,,,,,,,,,,,,,,,,,,,,,,,,,,,,,,,,,,,,,,,,,,,,,,,,,,,,
Base.MakeupEyeshadow,drainable,none,,,,,,,,,,,,not_food,,,,,,,,,,,,,,,,,,,,,,,,,,,,,,,,,,,,,,,,,,,,,,,,,,,,,,,,,,,,,,,,,,,,,,,,,,,,
Base.MakeupFoundation,drainable,none,,,,,,,,,,,,not_food,,,,,,,,,,,,,,,,,,,,,,,,,,,,,,,,,,,,,,,,,,,,,,,,,,,,,,,,,,,,,,,,,,,,,,,,,,,,
Base.Maki,food,per_item,12.0|5.0|1.0|2.0,168932,sr_legacy,"Rice, white, short-grain, cooked, unenriched",proxy,prepared,,9.2,judgement,,,,12.0,5.0,1.0,2.0,-10.0,,11.96,2.64316,0.01748,0.21712,,6.30476,0.0,0.0184,,,,0.0,,,0.00184,0.001472,0.0368,0.005428,0.184,0.0,,0.0,2.392,0.092,0.736,0.0368,,,0.0046,,,130.0,28.73,0.19,2.36,,68.53,0.0,0.2,,,,0.0,,,0.02,0.016,0.4,0.059,2.0,0.0,,0.0,26.0,1.0,8.0,0.4,,,0.05,,,0.9698,false,0.9967,99.81,,,,
Base.Mango,food,per_item,252.0|78.7|1.09|3.89,169910,sr_legacy,"Mangos, raw",close,raw,,420.0,judgement,,zero:fruit,,252.0,78.7,1.09,3.89,-20.0,-13.0,252.0,62.916,1.596,3.444,6.72,350.532,152.88,0.672,0.0,0.0,2688.0,0.0,3.78,17.64,0.1176,0.1596,2.8098,0.4998,180.6,0.0,31.92,4.2,705.6,46.2,42.0,0.378,,2.52,0.294,0.0,0.0,60.0,14.98,0.38,0.82,1.6,83.46,36.4,0.16,0.0,0.0,640.0,0.0,0.9,4.2,0.028,0.038,0.669,0.119,43.0,0.0,7.6,1.0,168.0,11.0,10.0,0.09,,0.6,0.07,0.0,0.0,1.057,false,1.0,99.64,true,,,
Base.MapleSyrup,food,per_item,1100.0|270.0|0.0|0.0,169661,sr_legacy,"Syrups, maple",exact,prepared,,412.9,vanilla_implied,,zero:sugar,,1100.0,270.0,0.0,0.0,-45.0,,1073.54,276.80816,0.24774,0.16516,0.0,133.73831,0.0,0.45419,0.0,0.0,0.0,0.0,0.0,0.0,0.272514,5.24383,0.334449,0.008258,0.0,0.0,6.6064,49.548,875.348,421.158,86.709,6.06963,,2.4774,0.070193,0.0,0.0,260.0,67.04,0.06,0.04,0.0,32.39,0.0,0.11,0.0,0.0,0.0,0.0,0.0,0.0,0.066,1.27,0.081,0.002,0.0,0.0,1.6,12.0,212.0,102.0,21.0,1.47,,0.6,0.017,0.0,0.0,1.0341,false,0.9759,99.53,true,,,
Base.Margarine,food,per_item,3255.0|4.0|368.0|1.0,171435,sr_legacy,"Margarine, regular, 80% fat, composite, stick, with salt, with added vitamin D",close,prepared,,454.0,judgement,,zero:oil,,3255.0,4.0,368.0,1.0,-24.0,,3255.18,3.178,366.4234,0.7264,0.0,75.0008,0.908,0.2724,0.0,3486.72,2769.4,48.578,40.86,422.22,0.0454,0.16798,0.10442,0.04086,4.54,0.454,56.296,3409.54,81.72,13.62,13.62,0.0,,0.0,110.28568,0.0,0.0,717.0,0.7,80.71,0.16,0.0,16.52,0.2,0.06,0.0,768.0,610.0,10.7,9.0,93.0,0.01,0.037,0.023,0.009,1.0,0.1,12.4,751.0,18.0,3.0,3.0,0.0,,0.0,24.292,0.0,0.0,1.0179,false,1.0001,98.09,true,,,
Base.Marigold,food,none,0.1|0.0|0.0|0.0,,,,,,,,,,,spice_only,0.1,0.0,0.0,0.0,-1.0,,,,,,,,,,,,,,,,,,,,,,,,,,,,,,,,,,,,,,,,,,,,,,,,,,,,,,,,,,,,,,,,,,,,,,,
Base.MarigoldDried,food,none,0.1|0.0|0.0|0.0,,,,,,,,,,,spice_only,0.1,0.0,0.0,0.0,-1.0,,,,,,,,,,,,,,,,,,,,,,,,,,,,,,,,,,,,,,,,,,,,,,,,,,,,,,,,,,,,,,,,,,,,,,,
Base.Marinara,food,per_item,350.0|55.0|7.5|10.0,171192,sr_legacy,"Sauce, pasta, spaghetti/marinara, ready-to-serve",close,prepared,,700.0,judgement,,,,350.0,55.0,7.5,10.0,-10.0,,350.0,52.01,11.27,9.73,12.6,615.09,14.0,5.11,,0.0,2590.0,0.0,16.8,97.3,0.168,0.427,27.419,1.211,91.0,0.0,95.9,3059.0,2240.0,182.0,126.0,1.4,,9.8,4.711,0.0,0.0,50.0,7.43,1.61,1.39,1.8,87.87,2.0,0.73,,0.0,370.0,0.0,2.4,13.9,0.024,0.061,3.917,0.173,13.0,0.0,13.7,437.0,320.0,26.0,18.0,0.2,,1.4,0.673,0.0,0.0,0.9234,false,1.0,98.3,true,,,
Base.Marshmallows,food,per_item,30.0|8.0|0.0|0.5,167995,sr_legacy,"Candies, marshmallows",close,prepared,,9.4,judgement,,zero:sugar,,30.0,8.0,0.0,0.5,-5.0,,29.892,7.6422,0.0188,0.1692,0.0094,1.5416,0.0,0.02162,0.0,0.0,0.0,0.0,0.0,0.0,9.4e-05,9.4e-05,0.007332,0.000282,0.094,0.0,0.0094,7.52,0.47,0.282,0.188,0.00376,,0.1598,0.004324,0.0,0.0,318.0,81.3,0.2,1.8,0.1,16.4,0.0,0.23,0.0,0.0,0.0,0.0,0.0,0.0,0.001,0.001,0.078,0.003,1.0,0.0,0.1,80.0,5.0,3.0,2.0,0.04,,1.7,0.046,0.0,0.0,1.0503,false,0.9964,99.7,true,,,
Base.Matchbox,drainable,none,,,,,,,,,,,,not_food,,,,,,,,,,,,,,,,,,,,,,,,,,,,,,,,,,,,,,,,,,,,,,,,,,,,,,,,,,,,,,,,,,,,,,,,,,,,
Base.Matches,drainable,none,,,,,,,,,,,,not_food,,,,,,,,,,,,,,,,,,,,,,,,,,,,,,,,,,,,,,,,,,,,,,,,,,,,,,,,,,,,,,,,,,,,,,,,,,,,
Base.MayonnaiseEmpty,fluid_container,none,,,,,,,,,,,,empty_container,,,,,,,,,,,,,,,,,,,,,,,,,,,,,,,,,,,,,,,,,,,,,,,,,,,,,,,,,,,,,,,,,,,,,,,,,,,,
Base.MayonnaiseFull,food,per_item,3000.0|0.0|330.0|0.0,171009,sr_legacy,"Salad dressing, mayonnaise, regular",exact,prepared,,441.0,vanilla_implied,,,,3000.0,0.0,330.0,0.0,-30.0,,2998.8,2.5137,330.0885,4.2336,0.0,95.4765,0.0,0.9261,,66.15,26.46,0.882,14.4648,718.83,0.0441,0.08379,0.0,0.03528,22.05,0.5292,150.822,2800.35,88.2,35.28,4.41,0.6615,,10.143,196.69482,0.0,0.0,680.0,0.57,74.85,0.96,0.0,21.65,0.0,0.21,,15.0,6.0,0.2,3.28,163.0,0.01,0.019,0.0,0.008,5.0,0.12,34.2,635.0,20.0,8.0,1.0,0.15,,2.3,44.602,0.0,0.0,0.9997,false,0.9996,98.03,true,,,
Base.MeatDumpling,food,per_item,28.0|8.0|3.0|15.0,169773,sr_legacy,"Potsticker or wonton, pork and vegetable, frozen, unprepared",close,prepared,,29.0,judgement,,,,28.0,8.0,3.0,15.0,-10.0,,39.44,3.8512,1.6008,2.4012,0.406,20.5726,2.407,0.2146,,0.29,13.05,0.058,0.0725,15.95,0.10643,0.03683,0.64844,0.07192,5.22,0.0754,15.196,127.89,82.36,8.12,6.09,0.4843,,5.133,0.21489,0.0,0.0,136.0,13.28,5.52,8.28,1.4,70.94,8.3,0.74,,1.0,45.0,0.2,0.25,55.0,0.367,0.127,2.236,0.248,18.0,0.26,52.4,441.0,284.0,28.0,21.0,1.67,,17.7,0.741,0.0,0.0,0.9788,false,1.4086,98.02,true,,,
Base.MeatPatty,food,per_item,612.0|0.0|30.0|46.0,171796,sr_legacy,"Beef, ground, 85% lean meat / 15% fat, raw (Includes foods for USDA's Food Distribution Program)",close,raw,603,113.0,fdc_portion:1,iodine:beef-ground-cooked,zero:meat,,612.0,0.0,30.0,46.0,-40.0,,242.95,0.0,16.95,21.0067,0.0,74.1958,0.0,2.3617,0.0,4.52,0.0,0.113,0.1921,1.469,0.04746,0.17063,5.25337,0.39098,6.78,2.4521,69.156,74.58,333.35,16.95,20.34,5.0624,8.475,17.854,0.43505,0.0,0.0,215.0,0.0,15.0,18.59,0.0,65.66,0.0,2.09,0.0,4.0,0.0,0.1,0.17,1.3,0.042,0.151,4.649,0.346,6.0,2.17,61.2,66.0,295.0,15.0,18.0,4.48,7.5,15.8,0.385,0.0,0.0,0.9738,false,0.397,99.25,true,true,,
Base.MeatSteamBun,food,per_item,35.0|12.0|4.0|18.0,172103,sr_legacy,"Egg rolls, pork, refrigerated, heated",proxy,prepared,,85.0,fdc_portion:1,,,,35.0,12.0,4.0,18.0,-15.0,,192.95,24.2165,6.953,8.449,0.0,43.6305,24.905,1.3175,,0.0,3268.25,0.085,0.2295,19.21,0.204,0.0935,1.9125,0.14705,87.55,0.1275,34.34,345.95,180.2,28.9,17.0,0.765,,19.38,2.057,0.0,0.0,227.0,28.49,8.18,9.94,0.0,51.33,29.3,1.55,,0.0,3845.0,0.1,0.27,22.6,0.24,0.11,2.25,0.173,103.0,0.15,40.4,407.0,212.0,34.0,20.0,0.9,,22.8,2.42,0.0,0.0,1.0015,false,5.5129,97.94,true,,,
Base.MetalCup,fluid_container,none,,,,,,,,,,,,empty_container,,,,,,,,,,,,,,,,,,,,,,,,,,,,,,,,,,,,,,,,,,,,,,,,,,,,,,,,,,,,,,,,,,,,,,,,,,,,
Base.Milk,fluid_container,none,615.0|46.0|22.0|33.0,,,,,,,,,,,fluid_sourced,615.0,46.0,22.0,33.0,-50.0,-50.0,,,,,,,,,,,,,,,,,,,,,,,,,,,,,,,,,,,,,,,,,,,,,,,,,,,,,,,,,,,,,,,,,,,,,,
Base.MilkBottle,fluid_container,none,615.0|46.0|22.0|33.0,,,,,,,,,,,fluid_sourced,615.0,46.0,22.0,33.0,-50.0,-50.0,,,,,,,,,,,,,,,,,,,,,,,,,,,,,,,,,,,,,,,,,,,,,,,,,,,,,,,,,,,,,,,,,,,,,,
Base.MilkChocolate_Personalsized,fluid_container,none,615.0|46.0|22.0|33.0,,,,,,,,,,,fluid_sourced,615.0,46.0,22.0,33.0,-20.0,-15.0,,,,,,,,,,,,,,,,,,,,,,,,,,,,,,,,,,,,,,,,,,,,,,,,,,,,,,,,,,,,,,,,,,,,,,
Base.Milk_Personalsized,fluid_container,none,615.0|46.0|22.0|33.0,,,,,,,,,,,fluid_sourced,615.0,46.0,22.0,33.0,-50.0,-50.0,,,,,,,,,,,,,,,,,,,,,,,,,,,,,,,,,,,,,,,,,,,,,,,,,,,,,,,,,,,,,,,,,,,,,,
Base.Millipede,food,per_item,60.0|3.5|6.5|15.21,oonincx2012:porcellio-scaber,literature,JUDGEMENT: the woodlouse row stands in for the millipede (Oonincx & Dierenfeld 2012 Table 1; S1190; S1192 not used),guess,raw,,68.9,judgement,,,,60.0,3.5,6.5,15.21,-1.0,,60.010789,3.239332,2.549782,9.134872,3.108517,46.72798,,,,,,,,,,,,,,,,,,,,,,,,,,87.098388,4.701498,3.7007,13.25816,4.511636,67.82,,,,,,,,,,,,,,,,,,,,,,,,,,1.1036,true,1.0002,89.480358,true,,,"atwater: 96.12166 kcal from the macros against 87.098388, ratio 1.1036 outside +/-10 %"
Base.Millipede2,food,per_item,60.0|3.5|6.5|15.21,oonincx2012:porcellio-scaber,literature,JUDGEMENT: the woodlouse row stands in for the millipede (Oonincx & Dierenfeld 2012 Table 1; S1190; S1192 not used),guess,raw,,68.9,judgement,,,,60.0,3.5,6.5,15.21,-1.0,,60.010789,3.239332,2.549782,9.134872,3.108517,46.72798,,,,,,,,,,,,,,,,,,,,,,,,,,87.098388,4.701498,3.7007,13.25816,4.511636,67.82,,,,,,,,,,,,,,,,,,,,,,,,,,1.1036,true,1.0002,89.480358,true,,,"atwater: 96.12166 kcal from the macros against 87.098388, ratio 1.1036 outside +/-10 %"
Base.MincedMeat,food,per_item,300.0|0.0|30.0|46.0,171796,sr_legacy,"Beef, ground, 85% lean meat / 15% fat, raw (Includes foods for USDA's Food Distribution Program)",close,raw,603,139.5,judgement,iodine:beef-ground-cooked,zero:meat,,300.0,0.0,30.0,46.0,-40.0,,299.925,0.0,20.925,25.93305,0.0,91.5957,0.0,2.91555,0.0,5.58,0.0,0.1395,0.23715,1.8135,0.05859,0.210645,6.485355,0.48267,8.37,3.02715,85.374,92.07,411.525,20.925,25.11,6.2496,10.4625,22.041,0.537075,0.0,0.0,215.0,0.0,15.0,18.59,0.0,65.66,0.0,2.09,0.0,4.0,0.0,0.1,0.17,1.3,0.042,0.151,4.649,0.346,6.0,2.17,61.2,66.0,295.0,15.0,18.0,4.48,7.5,15.8,0.385,0.0,0.0,0.9738,false,0.9998,99.25,true,true,,
Base.MintCandy,food,per_item,60.0|15.0|0.0|0.0,167990,sr_legacy,"Candies, hard",close,prepared,,15.3,vanilla_implied,,zero:sugar,,60.0,15.0,0.0,0.0,-2.0,,60.282,14.994,0.0306,0.0,0.0,0.1989,0.0,0.0459,0.0,0.0,0.0,0.0,0.0,0.0,0.000612,0.000459,0.001071,0.000459,0.0,0.0,0.0,5.814,0.765,0.459,0.459,0.00153,,0.0918,0.0,0.0,0.0,394.0,98.0,0.2,0.0,0.0,1.3,0.0,0.3,0.0,0.0,0.0,0.0,0.0,0.0,0.004,0.003,0.007,0.003,0.0,0.0,0.0,38.0,5.0,3.0,3.0,0.01,,0.6,0.0,0.0,0.0,0.9995,false,1.0047,99.5,true,,,
Base.MintHerb,food,none,0.1|0.0|0.0|0.0,,,,,,,,,,,spice_only,0.1,0.0,0.0,0.0,-1.0,,,,,,,,,,,,,,,,,,,,,,,,,,,,,,,,,,,,,,,,,,,,,,,,,,,,,,,,,,,,,,,,,,,,,,,
Base.MintHerbDried,food,none,0.1|0.0|0.0|0.0,,,,,,,,,,,spice_only,0.1,0.0,0.0,0.0,-1.0,,,,,,,,,,,,,,,,,,,,,,,,,,,,,,,,,,,,,,,,,,,,,,,,,,,,,,,,,,,,,,,,,,,,,,,
Base.MixedVegetables,food,per_item,271.0|37.0|0.0|9.0,170471,sr_legacy,"Vegetables, mixed, frozen, unprepared",close,frozen,,284.0,fdc_portion:2,,,,271.0,37.0,0.0,9.0,-20.0,-5.0,204.48,38.2548,1.4768,9.4572,11.36,233.1072,29.536,2.698,,0.0,,0.0,,,0.34648,0.2414,3.55568,0.27264,82.36,0.0,,133.48,602.08,71.0,68.16,1.278,,1.136,0.67024,,0.0,72.0,13.47,0.52,3.33,4.0,82.08,10.4,0.95,,0.0,,0.0,,,0.122,0.085,1.252,0.096,29.0,0.0,,47.0,212.0,25.0,24.0,0.45,,0.4,0.236,,0.0,0.8872,true,0.7545,99.4,true,,,"atwater: 63.88 kcal from the macros against 72.0, ratio 0.8872 outside +/-10 %"
Base.Modjeska,food,per_item,60.0|15.0|0.0|0.0,167974,sr_legacy,"Candies, caramels",close,prepared,,15.7,judgement,,zero:sugar,,60.0,15.0,0.0,0.0,-10.0,,59.974,12.089,1.2717,0.7222,0.0,1.3345,0.0628,0.02198,0.0,1.727,0.314,0.0,0.07222,0.2826,0.016171,0.040192,0.023236,0.008792,0.628,0.0471,1.256,38.465,33.598,21.666,2.669,0.06908,,0.2826,0.545104,0.0,0.0,382.0,77.0,8.1,4.6,0.0,8.5,0.4,0.14,0.0,11.0,2.0,0.0,0.46,1.8,0.103,0.256,0.148,0.056,4.0,0.3,8.0,245.0,214.0,138.0,17.0,0.44,,1.8,3.472,0.0,0.0,1.0453,false,0.9996,98.2,true,,,
Base.MonarchCaterpillar,food,per_item,27.0|3.0|20.24|27.55,rumpold2013:lepidoptera,literature,"per-order mean, dry matter (Rumpold 2013 as reproduced in Lee 2020 Table 4; S1182)",guess,raw,,17.7,judgement,,,,27.0,3.0,20.24,27.55,-1.0,,27.022059,1.346616,1.468746,2.409678,0.35046,12.39,,,,,,,,,,,,,,,,,,,,,,,,,,152.667,7.608,8.298,13.614,1.98,70.0,,,,,,,,,,,,,,,,,,,,,,,,,,1.0193,false,1.0008,99.52,true,,,
Base.MuffinFruit,food,per_item,120.0|10.45|12.61|14.53,172765,sr_legacy,"Muffins, blueberry, commercially prepared (Includes mini-muffins)",close,prepared,,31.0,fdc_portion:7,,,,120.0,10.45,12.61,14.53,-7.0,,116.25,16.43,4.9817,1.3919,0.341,7.7376,0.279,0.403,,6.51,0.62,0.031,0.5053,12.152,0.05208,0.05053,0.43958,0.0124,22.63,0.0496,28.675,104.16,37.51,13.64,3.1,0.1147,,2.542,2.49643,0.0,0.0,375.0,53.0,16.07,4.49,1.1,24.96,0.9,1.3,,21.0,2.0,0.1,1.63,39.2,0.168,0.163,1.418,0.04,73.0,0.16,92.5,336.0,121.0,44.0,10.0,0.37,,8.2,8.053,0.0,0.0,0.993,false,0.9688,98.52,true,,,
Base.MuffinGeneric,food,per_item,120.0|10.45|12.61|14.53,172764,sr_legacy,"Muffins, plain, prepared from recipe, made with low fat (2%) milk",close,prepared,,57.0,fdc_portion:2,,,,120.0,10.45,12.61,14.53,-7.0,,168.72,23.598,6.498,3.933,1.539,21.489,0.171,1.3623,,22.23,,,,,0.16188,0.17157,1.31556,0.02394,44.46,0.0855,24.738,266.19,68.97,114.0,9.69,0.3192,,10.26,3.25185,,,296.0,41.4,11.4,6.9,2.7,37.7,0.3,2.39,,39.0,,,,,0.284,0.301,2.308,0.042,78.0,0.15,43.4,467.0,121.0,200.0,17.0,0.56,,18.0,5.705,,,0.9811,false,1.406,97.4,true,,,
Base.Muffintray_Biscuit,food,per_item,960.0|132.0|48.0|6.0,172668,sr_legacy,"Biscuits, plain or buttermilk, refrigerated dough, higher fat",close,raw,301,312.7,judgement,,,,960.0,132.0,48.0,6.0,-23.0,,959.989,144.84264,33.08366,20.82582,2.1889,103.66005,0.3127,7.75496,,6.254,0.0,,2.15763,19.3874,1.222657,0.90683,10.344116,0.197001,278.303,0.15635,,3055.079,506.574,159.477,53.159,1.5635,,25.016,2.129487,0.0,0.0,307.0,46.32,10.58,6.66,0.7,33.15,0.1,2.48,,2.0,0.0,,0.69,6.2,0.391,0.29,3.308,0.063,89.0,0.05,,977.0,162.0,51.0,17.0,0.5,,8.0,0.681,0.0,0.0,0.9959,false,1.0,96.71,true,true,,
Base.MugSpiffo,fluid_container,none,,,,,,,,,,,,empty_container,,,,,,,,,,,,,,,,,,,,,,,,,,,,,,,,,,,,,,,,,,,,,,,,,,,,,,,,,,,,,,,,,,,,,,,,,,,,
Base.MugWhite,fluid_container,none,,,,,,,,,,,,empty_container,,,,,,,,,,,,,,,,,,,,,,,,,,,,,,,,,,,,,,,,,,,,,,,,,,,,,,,,,,,,,,,,,,,,,,,,,,,,
Base.Mugl,fluid_container,none,,,,,,,,,,,,empty_container,,,,,,,,,,,,,,,,,,,,,,,,,,,,,,,,,,,,,,,,,,,,,,,,,,,,,,,,,,,,,,,,,,,,,,,,,,,,
Base.MushroomGeneric1,food,per_item,30.0|2.12|0.24|2.04,169251,sr_legacy,"Mushrooms, white, raw",proxy,raw,3771,70.0,fdc_portion:1,,zero:vegetable,,30.0,2.12,0.24,2.04,-13.0,-1.0,15.4,2.282,0.238,2.163,0.7,64.715,1.47,0.35,0.0,0.0,0.0,0.14,0.007,0.0,0.0567,0.2814,2.5249,0.0728,11.9,0.028,12.11,3.5,222.6,2.1,6.3,0.364,,6.51,0.112,0.0,0.0,22.0,3.26,0.34,3.09,1.0,92.45,2.1,0.5,0.0,0.0,0.0,0.2,0.01,0.0,0.081,0.402,3.607,0.104,17.0,0.04,17.3,5.0,318.0,3.0,9.0,0.52,,9.3,0.16,0.0,0.0,1.2027,true,0.5133,99.14,true,true,,"atwater: 26.46 kcal from the macros against 22.0, ratio 1.2027 outside +/-10 %"
Base.MushroomGeneric2,food,per_item,30.0|2.12|0.24|2.04,169251,sr_legacy,"Mushrooms, white, raw",proxy,raw,3771,70.0,fdc_portion:1,,zero:vegetable,,30.0,2.12,0.24,2.04,-13.0,-1.0,15.4,2.282,0.238,2.163,0.7,64.715,1.47,0.35,0.0,0.0,0.0,0.14,0.007,0.0,0.0567,0.2814,2.5249,0.0728,11.9,0.028,12.11,3.5,222.6,2.1,6.3,0.364,,6.51,0.112,0.0,0.0,22.0,3.26,0.34,3.09,1.0,92.45,2.1,0.5,0.0,0.0,0.0,0.2,0.01,0.0,0.081,0.402,3.607,0.104,17.0,0.04,17.3,5.0,318.0,3.0,9.0,0.52,,9.3,0.16,0.0,0.0,1.2027,true,0.5133,99.14,true,true,,"atwater: 26.46 kcal from the macros against 22.0, ratio 1.2027 outside +/-10 %"
Base.MushroomGeneric3,food,per_item,32.0|2.56|0.32|2.36,169251,sr_legacy,"Mushrooms, white, raw",proxy,raw,3771,70.0,fdc_portion:1,,zero:vegetable,,32.0,2.56,0.32,2.36,-15.0,-1.0,15.4,2.282,0.238,2.163,0.7,64.715,1.47,0.35,0.0,0.0,0.0,0.14,0.007,0.0,0.0567,0.2814,2.5249,0.0728,11.9,0.028,12.11,3.5,222.6,2.1,6.3,0.364,,6.51,0.112,0.0,0.0,22.0,3.26,0.34,3.09,1.0,92.45,2.1,0.5,0.0,0.0,0.0,0.2,0.01,0.0,0.081,0.402,3.607,0.104,17.0,0.04,17.3,5.0,318.0,3.0,9.0,0.52,,9.3,0.16,0.0,0.0,1.2027,true,0.4813,99.14,true,true,,"atwater: 26.46 kcal from the macros against 22.0, ratio 1.2027 outside +/-10 %"
Base.MushroomGeneric4,food,per_item,30.0|2.12|0.24|2.04,169251,sr_legacy,"Mushrooms, white, raw",proxy,raw,3771,70.0,fdc_portion:1,,zero:vegetable,,30.0,2.12,0.24,2.04,-13.0,-1.0,15.4,2.282,0.238,2.163,0.7,64.715,1.47,0.35,0.0,0.0,0.0,0.14,0.007,0.0,0.0567,0.2814,2.5249,0.0728,11.9,0.028,12.11,3.5,222.6,2.1,6.3,0.364,,6.51,0.112,0.0,0.0,22.0,3.26,0.34,3.09,1.0,92.45,2.1,0.5,0.0,0.0,0.0,0.2,0.01,0.0,0.081,0.402,3.607,0.104,17.0,0.04,17.3,5.0,318.0,3.0,9.0,0.52,,9.3,0.16,0.0,0.0,1.2027,true,0.5133,99.14,true,true,,"atwater: 26.46 kcal from the macros against 22.0, ratio 1.2027 outside +/-10 %"
Base.MushroomGeneric5,food,per_item,32.0|2.56|0.32|2.36,169251,sr_legacy,"Mushrooms, white, raw",proxy,raw,3771,70.0,fdc_portion:1,,zero:vegetable,,32.0,2.56,0.32,2.36,-15.0,-1.0,15.4,2.282,0.238,2.163,0.7,64.715,1.47,0.35,0.0,0.0,0.0,0.14,0.007,0.0,0.0567,0.2814,2.5249,0.0728,11.9,0.028,12.11,3.5,222.6,2.1,6.3,0.364,,6.51,0.112,0.0,0.0,22.0,3.26,0.34,3.09,1.0,92.45,2.1,0.5,0.0,0.0,0.0,0.2,0.01,0.0,0.081,0.402,3.607,0.104,17.0,0.04,17.3,5.0,318.0,3.0,9.0,0.52,,9.3,0.16,0.0,0.0,1.2027,true,0.4813,99.14,true,true,,"atwater: 26.46 kcal from the macros against 22.0, ratio 1.2027 outside +/-10 %"
Base.MushroomGeneric6,food,per_item,30.0|2.12|0.24|2.04,169251,sr_legacy,"Mushrooms, white, raw",proxy,raw,3771,70.0,fdc_portion:1,,zero:vegetable,,30.0,2.12,0.24,2.04,-13.0,-1.0,15.4,2.282,0.238,2.163,0.7,64.715,1.47,0.35,0.0,0.0,0.0,0.14,0.007,0.0,0.0567,0.2814,2.5249,0.0728,11.9,0.028,12.11,3.5,222.6,2.1,6.3,0.364,,6.51,0.112,0.0,0.0,22.0,3.26,0.34,3.09,1.0,92.45,2.1,0.5,0.0,0.0,0.0,0.2,0.01,0.0,0.081,0.402,3.607,0.104,17.0,0.04,17.3,5.0,318.0,3.0,9.0,0.52,,9.3,0.16,0.0,0.0,1.2027,true,0.5133,99.14,true,true,,"atwater: 26.46 kcal from the macros against 22.0, ratio 1.2027 outside +/-10 %"
Base.MushroomGeneric7,food,per_item,32.0|2.12|0.24|2.04,169251,sr_legacy,"Mushrooms, white, raw",proxy,raw,3771,70.0,fdc_portion:1,,zero:vegetable,,32.0,2.12,0.24,2.04,-13.0,-1.0,15.4,2.282,0.238,2.163,0.7,64.715,1.47,0.35,0.0,0.0,0.0,0.14,0.007,0.0,0.0567,0.2814,2.5249,0.0728,11.9,0.028,12.11,3.5,222.6,2.1,6.3,0.364,,6.51,0.112,0.0,0.0,22.0,3.26,0.34,3.09,1.0,92.45,2.1,0.5,0.0,0.0,0.0,0.2,0.01,0.0,0.081,0.402,3.607,0.104,17.0,0.04,17.3,5.0,318.0,3.0,9.0,0.52,,9.3,0.16,0.0,0.0,1.2027,true,0.4813,99.14,true,true,,"atwater: 26.46 kcal from the macros against 22.0, ratio 1.2027 outside +/-10 %"
Base.MushroomsButton,food,per_item,15.0|1.06|0.12|1.02,169251,sr_legacy,"Mushrooms, white, raw",close,raw,3771,35.0,fdc_portion:7,,zero:vegetable,,15.0,1.06,0.12,1.02,-7.0,,7.7,1.141,0.119,1.0815,0.35,32.3575,0.735,0.175,0.0,0.0,0.0,0.07,0.0035,0.0,0.02835,0.1407,1.26245,0.0364,5.95,0.014,6.055,1.75,111.3,1.05,3.15,0.182,,3.255,0.056,0.0,0.0,22.0,3.26,0.34,3.09,1.0,92.45,2.1,0.5,0.0,0.0,0.0,0.2,0.01,0.0,0.081,0.402,3.607,0.104,17.0,0.04,17.3,5.0,318.0,3.0,9.0,0.52,,9.3,0.16,0.0,0.0,1.2027,true,0.5133,99.14,true,true,,"atwater: 26.46 kcal from the macros against 22.0, ratio 1.2027 outside +/-10 %"
Base.Muskellunge,food,per_item,159.0|1.0|1.0|35.0,173680,sr_legacy,"Fish, pike, northern, raw",close,raw,2309,198.0,fdc_portion:2,,zero:fish,,159.0,1.0,1.0,35.0,-15.0,,174.24,0.0,1.3662,38.1348,0.0,156.2616,7.524,1.089,0.0,41.58,0.0,4.95,0.396,0.198,0.11484,0.12474,4.554,0.23166,29.7,3.96,128.7,77.22,512.82,112.86,61.38,1.3266,,24.948,0.10494,0.0,0.0,88.0,0.0,0.69,19.26,0.0,78.92,3.8,0.55,0.0,21.0,0.0,2.5,0.2,0.1,0.058,0.063,2.3,0.117,15.0,2.0,65.0,39.0,259.0,57.0,31.0,0.67,,12.6,0.053,0.0,0.0,0.946,false,1.0958,98.87,true,true,,
Base.Mussels,food,per_item,15.0|10.0|4.0|22.0,174216,sr_legacy,"Mollusks, mussel, blue, raw",close,raw,2701,20.0,fdc_portion:3,,zero:fish,,15.0,10.0,4.0,22.0,-5.0,,17.2,0.738,0.448,2.38,0.0,16.116,1.6,0.79,0.0,9.6,0.0,0.0,0.11,0.02,0.032,0.042,0.32,0.01,8.4,2.4,13.0,57.2,64.0,5.2,6.8,0.32,,8.96,0.0076,0.0,0.0,86.0,3.69,2.24,11.9,0.0,80.58,8.0,3.95,0.0,48.0,0.0,0.0,0.55,0.1,0.16,0.21,1.6,0.05,42.0,12.0,65.0,286.0,320.0,26.0,34.0,1.6,,44.8,0.038,0.0,0.0,0.9595,false,1.1467,98.41,true,true,,
Base.Mustard,food,per_item,510.0|0.0|0.0|0.0,172234,sr_legacy,"Mustard, prepared, yellow",close,prepared,,249.0,fdc_portion:2,,,,510.0,0.0,0.0,0.0,-20.0,,149.4,14.5167,8.3166,9.3126,9.96,208.4628,0.747,4.0089,,0.0,126.99,0.0,0.8964,3.486,0.44073,0.1743,1.40685,0.1743,17.43,0.0,55.776,2748.96,378.48,156.87,119.52,1.5936,,83.415,1.83513,0.0,0.0,60.0,5.83,3.34,3.74,4.0,83.72,0.3,1.61,,0.0,51.0,0.0,0.36,1.4,0.177,0.07,0.565,0.07,7.0,0.0,22.4,1104.0,152.0,63.0,48.0,0.64,,33.5,0.737,0.0,0.0,1.0057,false,0.2929,96.63,true,,,
Base.MuttonChop,food,per_item,234.0|0.08|11.0|33.0,173810,sr_legacy,"Lamb, New Zealand, imported, loin chop, separable lean only, raw",close,raw,1001,163.3,vanilla_implied,iodine:lamb-chop,zero:meat,,234.0,0.08,11.0,33.0,-30.0,,231.886,0.0,11.23504,32.62734,0.0,116.5962,0.0,2.48216,0.0,8.165,0.0,0.0,0.35926,,0.194327,0.251482,8.813301,0.26128,,3.1027,,125.741,533.991,29.394,37.559,4.39277,4.0825,8.9815,0.540523,0.0,0.0,142.0,0.0,6.88,19.98,0.0,71.4,0.0,1.52,0.0,5.0,0.0,0.0,0.22,,0.119,0.154,5.397,0.16,,1.9,,77.0,327.0,18.0,23.0,2.69,2.5,5.5,0.331,0.0,0.0,0.9989,false,0.991,98.26,true,true,,
Base.MysteryCan,food,none,,,,,,,,,,,,not_food,,,,,,,,,,,,,,,,,,,,,,,,,,,,,,,,,,,,,,,,,,,,,,,,,,,,,,,,,,,,,,,,,,,,,,,,,,,,
Base.Nettles,food,per_item,50.0|15.0|0.0|2.0,169819,sr_legacy,"Stinging Nettles, blanched (Northern Plains Indians)",close,raw,,119.0,judgement,,zero:vegetable,,50.0,15.0,0.0,2.0,-4.0,,49.98,8.9131,0.1309,3.2249,8.211,104.3273,,1.9516,0.0,,1368.5,,,593.334,0.00952,0.1904,0.46172,0.12257,16.66,,20.706,4.76,397.46,572.39,67.83,0.4046,,0.357,,,,42.0,7.49,0.11,2.71,6.9,87.67,,1.64,0.0,,1150.0,,,498.6,0.008,0.16,0.388,0.103,14.0,,17.4,4.0,334.0,481.0,57.0,0.34,,0.3,,,,0.6664,true,0.9996,97.98,true,,,"atwater: 27.99 kcal from the macros against 42.0, ratio 0.6664 outside +/-10 %"
Base.NoodleSoup,food,per_item,52.0|0.0|14.0|10.0,172909,sr_legacy,"Soup, chicken noodle, canned, prepared with equal volume water",close,prepared,,248.0,fdc_portion:1,,,,52.0,0.0,14.0,10.0,-10.0,,59.52,7.3656,1.8848,2.8768,1.24,233.5416,0.0,0.8184,,2.48,295.12,0.0,0.0744,0.0,0.09672,0.08432,1.48304,0.05208,24.8,0.1488,13.64,830.8,59.52,12.4,9.92,0.3472,,7.688,0.39432,0.0,0.0,24.0,2.97,0.76,1.16,0.5,94.17,0.0,0.33,,1.0,119.0,0.0,0.03,0.0,0.039,0.034,0.598,0.021,10.0,0.06,5.5,335.0,24.0,5.0,4.0,0.14,,3.1,0.159,0.0,0.0,0.9317,false,1.1446,99.06,true,,,
Base.Oatmeal,food,per_item,300.0|81.0|9.0|15.0,173904,sr_legacy,"Cereals, oats, regular and quick, not fortified, dry",close,raw,352,81.0,fdc_portion:1,,,,300.0,81.0,9.0,15.0,-10.0,,306.99,54.837,5.2812,10.6515,8.181,8.7804,0.0,3.4425,,0.0,0.0,0.0,0.3402,1.62,0.3726,0.12555,0.91125,0.081,25.92,0.0,32.724,4.86,293.22,42.12,111.78,2.9484,,23.409,1.863,0.0,0.0,379.0,67.7,6.52,13.15,10.1,10.84,0.0,4.25,,0.0,0.0,0.0,0.42,2.0,0.46,0.155,1.125,0.1,32.0,0.0,40.4,6.0,362.0,52.0,138.0,3.64,,28.9,2.3,0.0,0.0,0.9548,false,1.0233,98.21,true,true,,
Base.OatsRaw,food,per_item,1500.0|405.0|45.0|75.0,173904,sr_legacy,"Cereals, oats, regular and quick, not fortified, dry",close,raw,,395.8,judgement,,,,1500.0,405.0,45.0,75.0,-50.0,,1500.082,267.9566,25.80616,52.0477,39.9758,42.90472,0.0,16.8215,,0.0,0.0,0.0,1.66236,7.916,1.82068,0.61349,4.45275,0.3958,126.656,0.0,159.9032,23.748,1432.796,205.816,546.204,14.40712,,114.3862,9.1034,0.0,0.0,379.0,67.7,6.52,13.15,10.1,10.84,0.0,4.25,,0.0,0.0,0.0,0.42,2.0,0.46,0.155,1.125,0.1,32.0,0.0,40.4,6.0,362.0,52.0,138.0,3.64,,28.9,2.3,0.0,0.0,0.9548,false,1.0001,98.21,true,,,
Base.OilOlive,food,per_item,2480.0|0.0|150.0|0.0,171413,sr_legacy,"Oil, olive, salad or cooking",close,prepared,,280.5,judgement,,zero:oil,,2480.0,0.0,150.0,0.0,-30.0,,2479.62,0.0,280.5,0.0,0.0,0.0,0.0,1.5708,0.0,0.0,0.0,0.0,40.25175,168.861,0.0,0.0,0.0,0.0,0.0,0.0,0.8415,5.61,2.805,2.805,0.0,0.0,,0.0,29.517015,0.0,0.0,884.0,0.0,100.0,0.0,0.0,0.0,0.0,0.56,0.0,0.0,0.0,0.0,14.35,60.2,0.0,0.0,0.0,0.0,0.0,0.0,0.3,2.0,1.0,1.0,0.0,0.0,,0.0,10.523,0.0,0.0,1.0181,false,0.9998,100.0,true,,,
Base.OilVegetable,food,per_item,2120.0|0.0|130.0|0.0,171411,sr_legacy,"Oil, soybean, salad or cooking",close,prepared,,239.8,judgement,,zero:oil,,2120.0,0.0,130.0,0.0,-30.0,,2119.832,0.0,239.8,0.0,0.0,0.0,0.0,0.1199,0.0,0.0,0.0,0.0,19.61564,440.9922,0.0,0.0,0.0,0.0,0.0,0.0,0.4796,0.0,0.0,0.0,0.0,0.02398,,0.0,138.462918,0.0,0.0,884.0,0.0,100.0,0.0,0.0,0.0,0.0,0.05,0.0,0.0,0.0,0.0,8.18,183.9,0.0,0.0,0.0,0.0,0.0,0.0,0.2,0.0,0.0,0.0,0.0,0.01,,0.0,57.741,0.0,0.0,1.0181,false,0.9999,100.0,true,,,
Base.Olives,food,per_item,47.0|2.0|4.7|0.0,169094,sr_legacy,"Olives, ripe, canned (small-extra large)",close,canned,,40.5,judgement,,zero:fruit,,47.0,2.0,4.7,0.0,-5.0,,46.98,2.4462,4.4145,0.3402,0.648,32.39595,0.3645,2.5434,0.0,0.0,80.19,0.0,0.66825,0.567,0.001215,0.0,0.014985,0.003645,0.0,0.0,4.1715,297.675,3.24,35.64,1.62,0.0891,,0.3645,0.254745,0.0,0.0,116.0,6.04,10.9,0.84,1.6,79.99,0.9,6.28,0.0,0.0,198.0,0.0,1.65,1.4,0.003,0.0,0.037,0.009,0.0,0.0,10.3,735.0,8.0,88.0,4.0,0.22,,0.9,0.629,0.0,0.0,1.0553,false,0.9996,97.77,true,,,
Base.OmeletteRecipe,food,per_item,123.0|2.0|8.33|11.0,171287,sr_legacy,"Egg, whole, raw, fresh",close,raw,103,86.0,judgement,iodine:egg-whole-raw,zero:egg,,123.0,2.0,8.33,11.0,-14.0,,122.98,0.6192,8.1786,10.8016,0.0,65.489,0.0,1.505,0.0,137.6,0.0,1.72,0.903,0.258,0.0344,0.39302,0.0645,0.1462,40.42,0.7654,252.668,122.12,118.68,48.16,10.32,1.1094,42.14,26.402,1.37858,0.0,0.0,143.0,0.72,9.51,12.56,0.0,76.15,0.0,1.75,0.0,160.0,0.0,2.0,1.05,0.3,0.04,0.457,0.075,0.17,47.0,0.89,293.8,142.0,138.0,56.0,12.0,1.29,49.0,30.7,1.603,0.0,0.0,0.97,false,0.9998,98.94,true,true,,
Base.OmeletteRecipeForged,food,per_item,123.0|2.0|8.33|11.0,171287,sr_legacy,"Egg, whole, raw, fresh",close,raw,103,86.0,judgement,iodine:egg-whole-raw,zero:egg,,123.0,2.0,8.33,11.0,-14.0,,122.98,0.6192,8.1786,10.8016,0.0,65.489,0.0,1.505,0.0,137.6,0.0,1.72,0.903,0.258,0.0344,0.39302,0.0645,0.1462,40.42,0.7654,252.668,122.12,118.68,48.16,10.32,1.1094,42.14,26.402,1.37858,0.0,0.0,143.0,0.72,9.51,12.56,0.0,76.15,0.0,1.75,0.0,160.0,0.0,2.0,1.05,0.3,0.04,0.457,0.075,0.17,47.0,0.89,293.8,142.0,138.0,56.0,12.0,1.29,49.0,30.7,1.603,0.0,0.0,0.97,false,0.9998,98.94,true,true,,
Base.Onigiri,food,per_item,25.0|12.0|4.0|18.0,168932,sr_legacy,"Rice, white, short-grain, cooked, unenriched",proxy,prepared,,19.2,judgement,,,,25.0,12.0,4.0,18.0,-12.0,,24.96,5.51616,0.03648,0.45312,,13.15776,0.0,0.0384,,,,0.0,,,0.00384,0.003072,0.0768,0.011328,0.384,0.0,,0.0,4.992,0.192,1.536,0.0768,,,0.0096,,,130.0,28.73,0.19,2.36,,68.53,0.0,0.2,,,,0.0,,,0.02,0.016,0.4,0.059,2.0,0.0,,0.0,26.0,1.0,8.0,0.4,,,0.05,,,0.9698,false,0.9984,99.81,,,,
Base.Onion,food,per_item,28.0|6.54|0.07|0.77,170000,sr_legacy,"Onions, raw",exact,raw,3451,70.0,vanilla_implied,,zero:vegetable,,28.0,6.54,0.07,0.77,-10.0,,28.0,6.538,0.07,0.77,1.19,62.377,5.18,0.147,0.0,0.0,0.7,0.0,0.014,0.28,0.0322,0.0189,0.0812,0.084,13.3,0.0,4.27,2.8,102.2,16.1,7.0,0.119,,0.35,0.0119,0.0,0.0,40.0,9.34,0.1,1.1,1.7,89.11,7.4,0.21,0.0,0.0,1.0,0.0,0.02,0.4,0.046,0.027,0.116,0.12,19.0,0.0,6.1,4.0,146.0,23.0,10.0,0.17,,0.5,0.017,0.0,0.0,0.9815,false,1.0,99.65,true,true,,
Base.OpenBeans,food,per_item,170.0|33.0|1.0|7.0,175182,sr_legacy,"Beans, baked, canned, plain or vegetarian",close,canned,550,180.9,judgement,,,,170.0,33.0,1.0,7.0,-24.0,,170.046,38.24226,0.66933,8.59275,7.4169,130.248,0.0,2.15271,,0.0,117.585,0.0,0.27135,1.4472,0.173664,0.070551,0.774252,0.151956,21.708,0.0,56.9835,620.487,405.216,61.506,48.843,4.12452,,9.045,0.12663,0.0,0.0,94.0,21.14,0.37,4.75,4.1,72.0,0.0,1.19,,0.0,65.0,0.0,0.15,0.8,0.096,0.039,0.428,0.084,12.0,0.0,31.5,343.0,224.0,34.0,27.0,2.28,,5.0,0.07,0.0,0.0,1.0499,false,1.0003,98.26,true,true,,
Base.Orange,food,per_item,65.0|16.27|0.3|1.0,169097,sr_legacy,"Oranges, raw, all commercial varieties",close,raw,,138.3,judgement,,zero:fruit,,65.0,16.27,0.3,1.0,-12.0,-8.0,65.001,16.25025,0.16596,1.30002,3.3192,119.97525,73.5756,0.1383,0.0,0.0,98.193,0.0,0.24894,0.0,0.120321,0.05532,0.390006,0.08298,41.49,0.0,11.6172,0.0,250.323,55.32,13.83,0.09681,,0.6915,0.034575,0.0,0.0,47.0,11.75,0.12,0.94,2.4,86.75,53.2,0.1,0.0,0.0,71.0,0.0,0.18,0.0,0.087,0.04,0.282,0.06,30.0,0.0,8.4,0.0,181.0,40.0,10.0,0.07,,0.5,0.025,0.0,0.0,1.0009,false,1.0,99.56,true,,,
Base.Oregano,food,none,0.1|0.0|0.0|0.0,,,,,,,,,,,spice_only,0.1,0.0,0.0,0.0,-1.0,,,,,,,,,,,,,,,,,,,,,,,,,,,,,,,,,,,,,,,,,,,,,,,,,,,,,,,,,,,,,,,,,,,,,,,
Base.OreganoDried,food,none,0.1|0.0|0.0|0.0,,,,,,,,,,,spice_only,0.1,0.0,0.0,0.0,-5.0,,,,,,,,,,,,,,,,,,,,,,,,,,,,,,,,,,,,,,,,,,,,,,,,,,,,,,,,,,,,,,,,,,,,,,,
Base.Oxygen_Tank,drainable,none,,,,,,,,,,,,not_food,,,,,,,,,,,,,,,,,,,,,,,,,,,,,,,,,,,,,,,,,,,,,,,,,,,,,,,,,,,,,,,,,,,,,,,,,,,,
Base.Oysters,food,per_item,15.0|10.0|4.0|22.0,171978,sr_legacy,"Mollusks, oyster, eastern, wild, raw",close,raw,2701,84.0,fdc_portion:1,iodine:oyster-eastern-cooked,zero:fish,,15.0,10.0,4.0,22.0,-5.0,,42.84,2.2848,1.4364,4.7964,0.0,74.7936,0.0,3.8724,0.0,10.92,0.0,0.0,0.714,0.84,0.01512,0.0756,0.777,0.02604,5.88,7.35,54.6,71.4,131.04,49.56,15.12,33.012,91.56,16.548,0.105,0.0,0.0,51.0,2.72,1.71,5.71,0.0,89.04,0.0,4.61,0.0,13.0,0.0,0.0,0.85,1.0,0.018,0.09,0.925,0.031,7.0,8.75,65.0,85.0,156.0,59.0,18.0,39.3,109.0,19.7,0.125,0.0,0.0,0.9629,false,2.856,99.18,true,true,,
Base.OystersFried,food,per_item,25.0|11.0|4.0|20.0,171979,sr_legacy,"Mollusks, oyster, eastern, cooked, breaded and fried",close,cooked,,88.0,fdc_portion:2,iodine:oyster-eastern-cooked,,,25.0,11.0,4.0,20.0,-6.0,,175.12,10.2256,11.0704,7.7176,,56.9536,3.344,6.116,,,,,,,0.132,0.17776,1.452,0.05632,37.84,13.7544,,366.96,214.72,54.56,51.04,76.6744,95.92,58.52,2.28448,,,199.0,11.62,12.58,8.77,,64.72,3.8,6.95,,,,,,,0.15,0.202,1.65,0.064,43.0,15.63,,417.0,244.0,62.0,58.0,87.13,109.0,66.5,2.596,,,0.9788,false,7.0048,97.69,,,,
Base.Paddlefish,food,per_item,159.0|1.0|1.0|35.0,173701,sr_legacy,"Fish, sturgeon, mixed species, raw",proxy,raw,2309,151.4,judgement,,zero:fish,,159.0,1.0,1.0,35.0,-15.0,,158.97,0.0,6.11656,24.43596,0.0,115.8967,0.0,1.0598,0.0,317.94,0.0,15.5942,0.757,0.1514,0.10598,0.10598,12.5662,0.3028,22.71,3.3308,84.784,81.756,429.976,19.682,52.99,0.63588,,19.0764,0.254352,0.0,0.0,105.0,0.0,4.04,16.14,0.0,76.55,0.0,0.7,0.0,210.0,0.0,10.3,0.5,0.1,0.07,0.07,8.3,0.2,15.0,2.2,56.0,54.0,284.0,13.0,35.0,0.42,,12.6,0.168,0.0,0.0,0.9611,false,0.9998,96.73,true,true,,
Base.Painauchocolat,food,per_item,414.0|47.4|21.1|6.9,174987,sr_legacy,"Croissants, butter",close,prepared,,102.0,judgement,,,,414.0,47.4,21.1,6.9,-2.0,,414.12,46.716,21.42,8.364,2.652,23.664,0.204,2.0706,,206.04,38.76,0.0,0.8568,1.836,0.39576,0.24582,2.23176,0.05916,132.6,0.1632,39.576,391.68,120.36,37.74,16.32,0.765,,23.154,1.10568,0.0,0.0,406.0,45.8,21.0,8.2,2.6,23.2,0.2,2.03,,202.0,38.0,0.0,0.84,1.8,0.388,0.241,2.188,0.058,130.0,0.16,38.8,384.0,118.0,37.0,16.0,0.75,,22.7,1.084,0.0,0.0,0.9847,false,1.0003,98.2,true,,,
Base.PaintBlack,drainable,none,,,,,,,,,,,,not_food,,,,,,,,,,,,,,,,,,,,,,,,,,,,,,,,,,,,,,,,,,,,,,,,,,,,,,,,,,,,,,,,,,,,,,,,,,,,
Base.PaintBlue,drainable,none,,,,,,,,,,,,not_food,,,,,,,,,,,,,,,,,,,,,,,,,,,,,,,,,,,,,,,,,,,,,,,,,,,,,,,,,,,,,,,,,,,,,,,,,,,,
Base.PaintBrown,drainable,none,,,,,,,,,,,,not_food,,,,,,,,,,,,,,,,,,,,,,,,,,,,,,,,,,,,,,,,,,,,,,,,,,,,,,,,,,,,,,,,,,,,,,,,,,,,
Base.PaintCyan,drainable,none,,,,,,,,,,,,not_food,,,,,,,,,,,,,,,,,,,,,,,,,,,,,,,,,,,,,,,,,,,,,,,,,,,,,,,,,,,,,,,,,,,,,,,,,,,,
Base.PaintGreen,drainable,none,,,,,,,,,,,,not_food,,,,,,,,,,,,,,,,,,,,,,,,,,,,,,,,,,,,,,,,,,,,,,,,,,,,,,,,,,,,,,,,,,,,,,,,,,,,
Base.PaintGrey,drainable,none,,,,,,,,,,,,not_food,,,,,,,,,,,,,,,,,,,,,,,,,,,,,,,,,,,,,,,,,,,,,,,,,,,,,,,,,,,,,,,,,,,,,,,,,,,,
Base.PaintLightBlue,drainable,none,,,,,,,,,,,,not_food,,,,,,,,,,,,,,,,,,,,,,,,,,,,,,,,,,,,,,,,,,,,,,,,,,,,,,,,,,,,,,,,,,,,,,,,,,,,
Base.PaintLightBrown,drainable,none,,,,,,,,,,,,not_food,,,,,,,,,,,,,,,,,,,,,,,,,,,,,,,,,,,,,,,,,,,,,,,,,,,,,,,,,,,,,,,,,,,,,,,,,,,,
Base.PaintOrange,drainable,none,,,,,,,,,,,,not_food,,,,,,,,,,,,,,,,,,,,,,,,,,,,,,,,,,,,,,,,,,,,,,,,,,,,,,,,,,,,,,,,,,,,,,,,,,,,
Base.PaintPink,drainable,none,,,,,,,,,,,,not_food,,,,,,,,,,,,,,,,,,,,,,,,,,,,,,,,,,,,,,,,,,,,,,,,,,,,,,,,,,,,,,,,,,,,,,,,,,,,
Base.PaintPurple,drainable,none,,,,,,,,,,,,not_food,,,,,,,,,,,,,,,,,,,,,,,,,,,,,,,,,,,,,,,,,,,,,,,,,,,,,,,,,,,,,,,,,,,,,,,,,,,,
Base.PaintRed,drainable,none,,,,,,,,,,,,not_food,,,,,,,,,,,,,,,,,,,,,,,,,,,,,,,,,,,,,,,,,,,,,,,,,,,,,,,,,,,,,,,,,,,,,,,,,,,,
Base.PaintTurquoise,drainable,none,,,,,,,,,,,,not_food,,,,,,,,,,,,,,,,,,,,,,,,,,,,,,,,,,,,,,,,,,,,,,,,,,,,,,,,,,,,,,,,,,,,,,,,,,,,
Base.PaintWhite,drainable,none,,,,,,,,,,,,not_food,,,,,,,,,,,,,,,,,,,,,,,,,,,,,,,,,,,,,,,,,,,,,,,,,,,,,,,,,,,,,,,,,,,,,,,,,,,,
Base.PaintYellow,drainable,none,,,,,,,,,,,,not_food,,,,,,,,,,,,,,,,,,,,,,,,,,,,,,,,,,,,,,,,,,,,,,,,,,,,,,,,,,,,,,,,,,,,,,,,,,,,
Base.PaintbucketEmpty,fluid_container,none,,,,,,,,,,,,empty_container,,,,,,,,,,,,,,,,,,,,,,,,,,,,,,,,,,,,,,,,,,,,,,,,,,,,,,,,,,,,,,,,,,,,,,,,,,,,
Base.PanFriedVegetables,food,none,516.0|36.0|41.5|4.8,,,,,,,,,,,vessel_only,516.0,36.0,41.5,4.8,-10.0,,,,,,,,,,,,,,,,,,,,,,,,,,,,,,,,,,,,,,,,,,,,,,,,,,,,,,,,,,,,,,,,,,,,,,,
Base.PanFriedVegetables2,food,none,180.0|36.0|2.5|6.0,,,,,,,,,,,vessel_only,180.0,36.0,2.5,6.0,-10.0,,,,,,,,,,,,,,,,,,,,,,,,,,,,,,,,,,,,,,,,,,,,,,,,,,,,,,,,,,,,,,,,,,,,,,,
Base.PanFriedVegetablesForged,food,none,516.0|36.0|41.5|4.8,,,,,,,,,,,vessel_only,516.0,36.0,41.5,4.8,-10.0,,,,,,,,,,,,,,,,,,,,,,,,,,,,,,,,,,,,,,,,,,,,,,,,,,,,,,,,,,,,,,,,,,,,,,,
Base.PancakeMix,drainable,none,,,,,,,,,,,,not_food,,,,,,,,,,,,,,,,,,,,,,,,,,,,,,,,,,,,,,,,,,,,,,,,,,,,,,,,,,,,,,,,,,,,,,,,,,,,
Base.Pancakes,food,per_item,210.0|42.0|2.0|6.0,175009,sr_legacy,"Pancakes, plain, prepared from recipe",close,cooked,,77.0,fdc_portion:3,,,,210.0,42.0,2.0,6.0,-16.0,,174.79,21.791,7.469,4.928,,40.733,0.231,1.386,,40.81,,,,,0.15477,0.21637,1.20659,0.03542,43.12,0.1694,,338.03,101.64,168.63,12.32,0.4312,,11.473,3.40571,,,227.0,28.3,9.7,6.4,,52.9,0.3,1.8,,53.0,,,,,0.201,0.281,1.567,0.046,56.0,0.22,,439.0,132.0,219.0,16.0,0.56,,14.9,4.423,,,0.996,false,0.8323,97.3,,,,
Base.PancakesCraft,food,per_item,210.0|42.0|2.0|6.0,175009,sr_legacy,"Pancakes, plain, prepared from recipe",close,raw,,77.0,fdc_portion:3,,,,210.0,42.0,2.0,6.0,-20.0,,174.79,21.791,7.469,4.928,,40.733,0.231,1.386,,40.81,,,,,0.15477,0.21637,1.20659,0.03542,43.12,0.1694,,338.03,101.64,168.63,12.32,0.4312,,11.473,3.40571,,,227.0,28.3,9.7,6.4,,52.9,0.3,1.8,,53.0,,,,,0.201,0.281,1.567,0.046,56.0,0.22,,439.0,132.0,219.0,16.0,0.56,,14.9,4.423,,,0.996,false,0.8323,97.3,,,,
Base.PancakesRecipe,food,per_item,210.0|42.0|2.0|6.0,175009,sr_legacy,"Pancakes, plain, prepared from recipe",close,cooked,,77.0,fdc_portion:3,,,,210.0,42.0,2.0,6.0,-20.0,,174.79,21.791,7.469,4.928,,40.733,0.231,1.386,,40.81,,,,,0.15477,0.21637,1.20659,0.03542,43.12,0.1694,,338.03,101.64,168.63,12.32,0.4312,,11.473,3.40571,,,227.0,28.3,9.7,6.4,,52.9,0.3,1.8,,53.0,,,,,0.201,0.281,1.567,0.046,56.0,0.22,,439.0,132.0,219.0,16.0,0.56,,14.9,4.423,,,0.996,false,0.8323,97.3,,,,
Base.PaperNapkins2,drainable,none,,,,,,,,,,,,not_food,,,,,,,,,,,,,,,,,,,,,,,,,,,,,,,,,,,,,,,,,,,,,,,,,,,,,,,,,,,,,,,,,,,,,,,,,,,,
Base.Parsley,food,none,0.1|0.0|0.0|0.0,,,,,,,,,,,spice_only,0.1,0.0,0.0,0.0,-1.0,,,,,,,,,,,,,,,,,,,,,,,,,,,,,,,,,,,,,,,,,,,,,,,,,,,,,,,,,,,,,,,,,,,,,,,
Base.ParsleyDried,food,none,0.1|0.0|0.0|0.0,,,,,,,,,,,spice_only,0.1,0.0,0.0,0.0,-5.0,,,,,,,,,,,,,,,,,,,,,,,,,,,,,,,,,,,,,,,,,,,,,,,,,,,,,,,,,,,,,,,,,,,,,,,
Base.Pasta,food,per_item,3360.0|656.0|16.0|112.0,169736,sr_legacy,"Pasta, dry, enriched",close,dried,,905.7,judgement,,,,3360.0,656.0,16.0,112.0,-60.0,60.0,3360.147,676.28619,13.67607,118.10328,28.9824,89.6643,0.0,29.8881,,0.0,0.0,0.0,0.99627,0.9057,8.069787,3.6228,65.002089,1.286094,3541.287,0.0,136.7607,54.342,2019.711,190.197,480.021,12.77037,,572.4024,5.108148,0.0,0.0,371.0,74.67,1.51,13.04,3.2,9.9,0.0,3.3,,0.0,0.0,0.0,0.11,0.1,0.891,0.4,7.177,0.142,391.0,0.0,15.1,6.0,223.0,21.0,53.0,1.41,,63.2,0.564,0.0,0.0,0.965,false,1.0,99.12,true,,,
Base.PastaBowl,food,none,330.0|41.0|6.5|24.0,,,,,,,,,,,vessel_only,330.0,41.0,6.5,24.0,-12.0,,,,,,,,,,,,,,,,,,,,,,,,,,,,,,,,,,,,,,,,,,,,,,,,,,,,,,,,,,,,,,,,,,,,,,,
Base.PastaBowlClay,food,none,330.0|41.0|6.5|24.0,,,,,,,,,,,vessel_only,330.0,41.0,6.5,24.0,-12.0,,,,,,,,,,,,,,,,,,,,,,,,,,,,,,,,,,,,,,,,,,,,,,,,,,,,,,,,,,,,,,,,,,,,,,,
Base.PastaPan,food,per_item,560.0|109.3|2.66|18.66,169736,sr_legacy,"Pasta, dry, enriched",close,raw,384,150.9,judgement,,,,560.0,109.3,2.66,18.66,-10.0,,559.839,112.67703,2.27859,19.67736,4.8288,14.9391,0.0,4.9797,,0.0,0.0,0.0,0.16599,0.1509,1.344519,0.6036,10.830093,0.214278,590.019,0.0,22.7859,9.054,336.507,31.689,79.977,2.12769,,95.3688,0.851076,0.0,0.0,371.0,74.67,1.51,13.04,3.2,9.9,0.0,3.3,,0.0,0.0,0.0,0.11,0.1,0.891,0.4,7.177,0.142,391.0,0.0,15.1,6.0,223.0,21.0,53.0,1.41,,63.2,0.564,0.0,0.0,0.965,false,0.9997,99.12,true,true,,
Base.PastaPanCopper,food,per_item,560.0|109.3|2.66|18.66,169736,sr_legacy,"Pasta, dry, enriched",close,raw,384,150.9,judgement,,,,560.0,109.3,2.66,18.66,-10.0,,559.839,112.67703,2.27859,19.67736,4.8288,14.9391,0.0,4.9797,,0.0,0.0,0.0,0.16599,0.1509,1.344519,0.6036,10.830093,0.214278,590.019,0.0,22.7859,9.054,336.507,31.689,79.977,2.12769,,95.3688,0.851076,0.0,0.0,371.0,74.67,1.51,13.04,3.2,9.9,0.0,3.3,,0.0,0.0,0.0,0.11,0.1,0.891,0.4,7.177,0.142,391.0,0.0,15.1,6.0,223.0,21.0,53.0,1.41,,63.2,0.564,0.0,0.0,0.965,false,0.9997,99.12,true,true,,
Base.PastaPot,food,per_item,560.0|109.3|2.66|18.66,169736,sr_legacy,"Pasta, dry, enriched",close,raw,384,150.9,judgement,,,,560.0,109.3,2.66,18.66,-10.0,,559.839,112.67703,2.27859,19.67736,4.8288,14.9391,0.0,4.9797,,0.0,0.0,0.0,0.16599,0.1509,1.344519,0.6036,10.830093,0.214278,590.019,0.0,22.7859,9.054,336.507,31.689,79.977,2.12769,,95.3688,0.851076,0.0,0.0,371.0,74.67,1.51,13.04,3.2,9.9,0.0,3.3,,0.0,0.0,0.0,0.11,0.1,0.891,0.4,7.177,0.142,391.0,0.0,15.1,6.0,223.0,21.0,53.0,1.41,,63.2,0.564,0.0,0.0,0.965,false,0.9997,99.12,true,true,,
Base.PastaPotForged,food,per_item,560.0|109.3|2.66|18.66,169736,sr_legacy,"Pasta, dry, enriched",close,raw,384,150.9,judgement,,,,560.0,109.3,2.66,18.66,-10.0,,559.839,112.67703,2.27859,19.67736,4.8288,14.9391,0.0,4.9797,,0.0,0.0,0.0,0.16599,0.1509,1.344519,0.6036,10.830093,0.214278,590.019,0.0,22.7859,9.054,336.507,31.689,79.977,2.12769,,95.3688,0.851076,0.0,0.0,371.0,74.67,1.51,13.04,3.2,9.9,0.0,3.3,,0.0,0.0,0.0,0.11,0.1,0.891,0.4,7.177,0.142,391.0,0.0,15.1,6.0,223.0,21.0,53.0,1.41,,63.2,0.564,0.0,0.0,0.965,false,0.9997,99.12,true,true,,
Base.Peach,food,per_item,58.0|14.31|0.38|1.36,169928,sr_legacy,"Peaches, yellow, raw",exact,raw,,150.0,vanilla_implied,,zero:fruit,,58.0,14.31,0.38,1.36,-12.0,-5.0,58.5,14.31,0.375,1.365,2.25,133.305,9.9,0.375,0.0,0.0,243.0,0.0,1.095,3.9,0.036,0.0465,1.209,0.0375,6.0,0.0,9.15,0.0,285.0,9.0,13.5,0.255,,0.15,0.129,0.0,0.0,39.0,9.54,0.25,0.91,1.5,88.87,6.6,0.25,0.0,0.0,162.0,0.0,0.73,2.6,0.024,0.031,0.806,0.025,4.0,0.0,6.1,0.0,190.0,6.0,9.0,0.17,,0.1,0.086,0.0,0.0,1.0526,false,1.0086,99.57,true,,,
Base.PeanutButter,food,per_item,2660.0|128.0|224.0|84.0,174266,sr_legacy,"Peanut butter, smooth style, with salt (Includes foods for USDA's Food Distribution Program)",close,prepared,,444.8,judgement,,,,2660.0,128.0,224.0,84.0,-25.0,,2659.904,99.23488,228.44928,98.79008,22.24,5.47104,0.0,7.73952,,0.0,0.0,0.0,40.4768,1.3344,0.6672,0.854016,58.322176,1.961568,386.976,0.0,280.224,1894.848,2481.984,217.952,747.264,11.16448,,18.2368,54.674816,0.0,0.0,598.0,22.31,51.36,22.21,5.0,1.23,0.0,1.74,,0.0,0.0,0.0,9.1,0.3,0.15,0.192,13.112,0.441,87.0,0.0,63.0,426.0,558.0,49.0,168.0,2.51,,4.1,12.292,0.0,0.0,1.054,false,1.0,97.11,true,,,
Base.Peanuts,food,per_item,161.0|4.57|13.96|7.31,172430,sr_legacy,"Peanuts, all types, raw",exact,raw,,28.4,vanilla_implied,,schlemmer2009:peanuts,,161.0,4.57,13.96,7.31,-8.0,,161.028,4.58092,13.98416,7.3272,2.414,1.846,0.0,1.30072,616.0528,0.0,0.0,0.0,2.36572,0.0,0.18176,0.03834,3.426744,0.098832,68.16,0.0,14.91,5.112,200.22,26.128,47.712,0.92868,,2.0448,4.418472,0.0,0.0,567.0,16.13,49.24,25.8,8.5,6.5,0.0,4.58,2169.2,0.0,0.0,0.0,8.33,0.0,0.64,0.135,12.066,0.348,240.0,0.0,52.5,18.0,705.0,92.0,168.0,3.27,,7.2,15.558,0.0,0.0,1.0474,false,1.0002,97.67,true,,,
Base.Pear,food,per_item,75.0|20.13|0.21|0.27,169118,sr_legacy,"Pears, raw",close,raw,,131.6,judgement,,zero:fruit,,75.0,20.13,0.21,0.27,-16.0,-7.0,75.012,20.04268,0.18424,0.47376,4.0796,110.49136,5.6588,0.23688,0.0,0.0,18.424,0.0,0.15792,5.7904,0.015792,0.034216,0.211876,0.038164,9.212,0.0,6.7116,1.316,152.656,11.844,9.212,0.1316,,0.1316,0.123704,0.0,0.0,57.0,15.23,0.14,0.36,3.1,83.96,4.3,0.18,0.0,0.0,14.0,0.0,0.12,4.4,0.012,0.026,0.161,0.029,7.0,0.0,5.1,1.0,116.0,9.0,7.0,0.1,,0.1,0.094,0.0,0.0,1.0074,false,1.0002,99.69,true,,,
Base.Peas,food,per_item,119.0|20.45|0.85|7.95,170016,sr_legacy,"Peas, green, frozen, unprepared (Includes foods for USDA's Food Distribution Program)",close,frozen,,154.5,judgement,,,,119.0,20.45,0.85,7.95,-20.0,-5.0,118.965,21.0429,0.618,8.0649,6.9525,123.5691,27.81,2.36385,,0.0,1892.625,0.0,0.0309,43.1055,0.400155,0.1545,2.662035,0.128235,81.885,0.0,41.715,166.86,236.385,33.99,40.17,1.2669,,2.9355,0.270375,0.0,0.0,77.0,13.62,0.4,5.22,4.5,79.98,18.0,1.53,,0.0,1225.0,0.0,0.02,27.9,0.259,0.1,1.723,0.083,53.0,0.0,27.0,108.0,153.0,22.0,26.0,0.82,,1.9,0.175,0.0,0.0,0.9086,false,0.9997,99.22,true,,,
Base.PenLight,drainable,none,,,,,,,,,,,,not_food,,,,,,,,,,,,,,,,,,,,,,,,,,,,,,,,,,,,,,,,,,,,,,,,,,,,,,,,,,,,,,,,,,,,,,,,,,,,
Base.Pepper,food,none,,,,,,,,,,,,spice_only,,,,,-10.0,20.0,,,,,,,,,,,,,,,,,,,,,,,,,,,,,,,,,,,,,,,,,,,,,,,,,,,,,,,,,,,,,,,,,,,,,,
Base.PepperHabanero,food,per_item,15.0|0.0|0.21|0.0,170106,sr_legacy,"Peppers, hot chili, red, raw",close,raw,3776,45.0,fdc_portion:1,,zero:vegetable,,15.0,0.0,0.21,0.0,-2.0,,18.0,3.9645,0.198,0.8415,0.675,39.609,64.665,0.4635,0.0,0.0,240.3,0.0,0.3105,6.3,0.0324,0.0387,0.5598,0.2277,10.35,0.0,4.905,4.05,144.9,6.3,10.35,0.117,,0.225,0.10755,0.0,0.0,40.0,8.81,0.44,1.87,1.5,88.02,143.7,1.03,0.0,0.0,534.0,0.0,0.69,14.0,0.072,0.086,1.244,0.506,23.0,0.0,10.9,9.0,322.0,14.0,23.0,0.26,,0.5,0.239,0.0,0.0,1.092,false,1.2,99.14,true,true,,
Base.PepperHabaneroDried,food,per_item,15.0|0.0|0.21|0.0,168570,sr_legacy,"Peppers, hot chile, sun-dried",close,dried,,4.6,judgement,,zero:vegetable,,15.0,0.0,0.21,0.0,-1.0,,14.904,3.21356,0.26726,0.48668,1.3202,0.3289,1.4444,0.27784,0.0,0.0,682.824,0.0,0.14444,4.9772,0.003726,0.05543,0.398774,0.03726,2.346,0.0,3.8778,4.186,86.02,2.07,4.048,0.04692,,0.161,0.141634,0.0,0.0,324.0,69.86,5.81,10.58,28.7,7.15,31.4,6.04,0.0,0.0,14844.0,0.0,3.14,108.2,0.081,1.205,8.669,0.81,51.0,0.0,84.3,91.0,1870.0,45.0,88.0,1.02,,3.5,3.079,0.0,0.0,0.9773,false,0.9936,93.4,true,,,
Base.PepperJalapeno,food,per_item,15.0|0.0|0.21|0.0,168576,sr_legacy,"Peppers, jalapeno, raw",exact,raw,3776,54.2,vanilla_implied,,zero:vegetable,,15.0,0.0,0.21,0.0,-2.0,,15.718,3.523,0.20054,0.49322,1.5176,49.69598,64.2812,0.1355,0.0,0.0,304.062,0.0,1.94036,10.027,0.02168,0.03794,0.69376,0.227098,14.634,0.0,4.065,1.626,134.416,6.504,8.13,0.07588,,0.2168,0.060704,0.0,0.0,29.0,6.5,0.37,0.91,2.8,91.69,118.6,0.25,0.0,0.0,561.0,0.0,3.58,18.5,0.04,0.07,1.28,0.419,27.0,0.0,7.5,3.0,248.0,12.0,15.0,0.14,,0.4,0.112,0.0,0.0,0.9438,false,1.0479,99.47,true,true,,
Base.PepperJalapenoDried,food,per_item,15.0|0.0|0.21|0.0,168570,sr_legacy,"Peppers, hot chile, sun-dried",close,dried,,4.6,judgement,,zero:vegetable,,15.0,0.0,0.21,0.0,-1.0,,14.904,3.21356,0.26726,0.48668,1.3202,0.3289,1.4444,0.27784,0.0,0.0,682.824,0.0,0.14444,4.9772,0.003726,0.05543,0.398774,0.03726,2.346,0.0,3.8778,4.186,86.02,2.07,4.048,0.04692,,0.161,0.141634,0.0,0.0,324.0,69.86,5.81,10.58,28.7,7.15,31.4,6.04,0.0,0.0,14844.0,0.0,3.14,108.2,0.081,1.205,8.669,0.81,51.0,0.0,84.3,91.0,1870.0,45.0,88.0,1.02,,3.5,3.079,0.0,0.0,0.9773,false,0.9936,93.4,true,,,
Base.Peppermint,food,per_item,16.6|4.33|0.0|0.0,167990,sr_legacy,"Candies, hard",close,prepared,,4.3,vanilla_implied,,zero:sugar,,16.6,4.33,0.0,0.0,-2.0,,16.942,4.214,0.0086,0.0,0.0,0.0559,0.0,0.0129,0.0,0.0,0.0,0.0,0.0,0.0,0.000172,0.000129,0.000301,0.000129,0.0,0.0,0.0,1.634,0.215,0.129,0.129,0.00043,,0.0258,0.0,0.0,0.0,394.0,98.0,0.2,0.0,0.0,1.3,0.0,0.3,0.0,0.0,0.0,0.0,0.0,0.0,0.004,0.003,0.007,0.003,0.0,0.0,0.0,38.0,5.0,3.0,3.0,0.01,,0.6,0.0,0.0,0.0,0.9995,false,1.0206,99.5,true,,,
Base.Pepperoni,food,per_item,180.0|0.0|4.35|15.62,174575,sr_legacy,"Pepperoni, beef and pork, sliced",close,prepared,,35.7,judgement,iodine:salami-dry,zero:meat,,180.0,0.0,4.35,15.62,-20.0,,179.928,0.42126,16.52196,6.87225,0.0,10.19235,0.0,0.47481,0.0,0.0,0.0,0.4641,0.36771,2.0706,0.096747,0.091749,1.780359,0.129234,1.785,0.4641,18.2784,564.774,97.818,6.783,6.426,0.87108,3.57,10.353,1.455846,0.0,0.0,504.0,1.18,46.28,19.25,0.0,28.55,0.0,1.33,0.0,0.0,0.0,1.3,1.03,5.8,0.271,0.257,4.987,0.362,5.0,1.3,51.2,1582.0,274.0,19.0,18.0,2.44,10.0,29.0,4.078,0.0,0.0,0.9886,false,0.9996,95.26,true,,,
Base.Perfume,fluid_container,none,,,,,,,,,,,,fluid_sourced,,,,,,,,,,,,,,,,,,,,,,,,,,,,,,,,,,,,,,,,,,,,,,,,,,,,,,,,,,,,,,,,,,,,,,,,,,,,
Base.Perogies,food,per_item,160.0|31.0|2.0|5.0,169779,sr_legacy,"Dumpling, potato- or cheese-filled, frozen",close,prepared,,82.1,judgement,,,,160.0,31.0,2.0,5.0,-7.0,,160.095,24.33444,5.04094,4.31846,0.7389,47.00225,4.3513,1.03446,,2.463,0.821,0.0,0.80458,6.4859,0.240553,0.182262,1.804558,0.050902,82.1,0.06568,7.8816,389.154,87.847,28.735,13.136,0.36124,,11.0014,2.657577,0.0,0.0,195.0,29.64,6.14,5.26,0.9,57.25,5.3,1.26,,3.0,1.0,0.0,0.98,7.9,0.293,0.222,2.198,0.062,100.0,0.08,9.6,474.0,107.0,35.0,16.0,0.44,,13.4,3.237,0.0,0.0,0.9901,false,1.0006,98.29,true,,,
Base.PetrolCan,fluid_container,none,,,,,,,,,,,,fluid_sourced,,,,,,,,,,,,,,,,,,,,,,,,,,,,,,,,,,,,,,,,,,,,,,,,,,,,,,,,,,,,,,,,,,,,,,,,,,,,
Base.Pickles,food,per_item,5.0|1.0|0.0|0.0,168558,sr_legacy,"Pickles, cucumber, dill or kosher dill",exact,prepared,,41.6,vanilla_implied,,zero:vegetable,,5.0,1.0,0.0,0.0,-6.0,,4.992,1.00256,0.1248,0.208,0.416,39.24544,0.9568,0.10816,0.0,0.0,22.048,0.0,0.01248,7.1968,0.01872,0.023712,0.045344,0.01456,3.328,0.0,1.4144,336.544,48.672,23.712,2.912,0.0416,,0.0,0.050752,0.0,0.0,12.0,2.41,0.3,0.5,1.0,94.34,2.3,0.26,0.0,0.0,53.0,0.0,0.03,17.3,0.045,0.057,0.109,0.035,8.0,0.0,3.4,809.0,117.0,57.0,7.0,0.1,,0.0,0.122,0.0,0.0,1.0283,false,0.9984,97.55,true,,,
Base.Pie,food,per_item,404.0|20.45|20.61|54.53,172780,sr_legacy,"Pie, cherry, commercially prepared",close,cooked,,125.0,fdc_portion:2,,,,404.0,20.45,20.61,54.53,-30.0,,325.0,49.75,13.75,2.5,1.0,57.75,1.125,0.6,,57.5,86.25,0.0,0.95,9.5,0.02875,0.03625,0.25,0.05125,50.0,0.0125,9.0,307.5,101.25,15.0,10.0,0.225,,1.5,2.56875,0.0,0.0,260.0,39.8,11.0,2.0,0.8,46.2,0.9,0.48,,46.0,69.0,0.0,0.76,7.6,0.023,0.029,0.2,0.041,40.0,0.01,7.2,246.0,81.0,12.0,8.0,0.18,,1.2,2.055,0.0,0.0,1.0177,false,0.8045,99.0,true,,,
Base.PieApple,food,per_item,404.0|20.45|20.61|54.53,175011,sr_legacy,"Pie, apple, commercially prepared, enriched flour",close,cooked,,125.0,fdc_portion:2,,,,404.0,20.45,20.61,54.53,-30.0,,296.25,42.5,13.75,2.375,2.0,65.25,4.0,0.5625,,38.75,11.25,0.0,1.9,4.375,0.035,0.03375,0.32875,0.0475,53.75,0.0125,9.0,251.25,81.25,13.75,8.75,0.2,,1.25,2.73625,0.0,0.0,237.0,34.0,11.0,1.9,1.6,52.2,3.2,0.45,,31.0,9.0,0.0,1.52,3.5,0.028,0.027,0.263,0.038,43.0,0.01,7.2,201.0,65.0,11.0,7.0,0.16,,1.0,2.189,0.0,0.0,1.0101,false,0.7333,99.1,true,,,
Base.PieBlueberry,food,per_item,404.0|20.45|20.61|54.53,172778,sr_legacy,"Pie, blueberry, commercially prepared",close,cooked,,125.0,fdc_portion:2,,,,404.0,20.45,20.61,54.53,-30.0,,290.0,43.625,12.5,2.25,1.25,65.625,3.375,0.375,,51.25,48.75,0.0,1.3,13.125,0.0125,0.0375,0.375,0.04625,53.75,0.0125,9.0,358.75,62.5,10.0,6.25,0.2,,1.75,4.4,0.0,0.0,232.0,34.9,10.0,1.8,1.0,52.5,2.7,0.3,,41.0,39.0,0.0,1.04,10.5,0.01,0.03,0.3,0.037,43.0,0.01,7.2,287.0,50.0,8.0,5.0,0.16,,1.4,3.52,0.0,0.0,1.0121,false,0.7178,99.2,true,,,
Base.PieKeyLime,food,per_item,404.0|20.45|20.61|54.53,172785,sr_legacy,"Pie, lemon meringue, commercially prepared",proxy,cooked,,113.0,fdc_portion:2,,,,404.0,20.45,20.61,54.53,-30.0,,302.84,53.336,9.831,1.695,1.356,47.121,3.616,0.6893,,57.63,1.13,0.226,1.1978,2.373,0.07006,0.23617,0.73337,0.0339,39.55,0.1921,7.006,194.36,100.57,63.28,16.95,0.5537,,3.39,4.08947,0.0,0.0,268.0,47.2,8.7,1.5,1.2,41.7,3.2,0.61,,51.0,1.0,0.2,1.06,2.1,0.062,0.209,0.649,0.03,35.0,0.17,6.2,172.0,89.0,56.0,15.0,0.49,,3.0,3.619,0.0,0.0,1.0101,false,0.7496,99.1,true,,,
Base.PieLemonMeringue,food,per_item,404.0|20.45|20.61|54.53,172785,sr_legacy,"Pie, lemon meringue, commercially prepared",close,cooked,,113.0,fdc_portion:2,,,,404.0,20.45,20.61,54.53,-30.0,,302.84,53.336,9.831,1.695,1.356,47.121,3.616,0.6893,,57.63,1.13,0.226,1.1978,2.373,0.07006,0.23617,0.73337,0.0339,39.55,0.1921,7.006,194.36,100.57,63.28,16.95,0.5537,,3.39,4.08947,0.0,0.0,268.0,47.2,8.7,1.5,1.2,41.7,3.2,0.61,,51.0,1.0,0.2,1.06,2.1,0.062,0.209,0.649,0.03,35.0,0.17,6.2,172.0,89.0,56.0,15.0,0.49,,3.0,3.619,0.0,0.0,1.0101,false,0.7496,99.1,true,,,
Base.PiePrep,food,per_item,189.0|11.2|11.5|9.6,175024,sr_legacy,"Pie crust, standard-type, frozen, ready-to-bake, enriched",close,raw,,41.4,judgement,,,,189.0,11.2,11.5,9.6,-15.0,,189.198,20.12868,10.79298,2.55024,1.035,7.37748,0.0,1.0764,,0.0,0.0,0.0,0.19044,2.2356,0.11385,0.07038,1.1178,0.0207,42.228,0.0,4.8852,169.326,40.158,7.866,6.21,0.1863,,2.3598,1.274706,0.0,0.0,457.0,48.62,26.07,6.16,2.5,17.82,0.0,2.6,,0.0,0.0,0.0,0.46,5.4,0.275,0.17,2.7,0.05,102.0,0.0,11.8,409.0,97.0,19.0,15.0,0.45,,5.7,3.079,0.0,0.0,0.9819,false,1.001,98.67,true,,,
Base.PiePumpkin,food,per_item,404.0|20.45|20.61|54.53,172787,sr_legacy,"Pie, pumpkin, commercially prepared",close,cooked,,133.0,fdc_portion:2,,,,404.0,20.45,20.61,54.53,-30.0,,323.19,46.3239,12.9675,5.187,2.394,67.0187,0.0,1.197,,444.22,1360.59,0.133,1.0108,17.556,0.23541,0.16492,1.47231,0.08379,49.21,0.4655,49.875,317.87,222.11,85.12,18.62,0.5187,,7.182,2.35011,0.0,0.0,243.0,34.83,9.75,3.9,1.8,50.39,0.0,0.9,,334.0,1023.0,0.1,0.76,13.2,0.177,0.124,1.107,0.063,37.0,0.35,37.5,239.0,167.0,64.0,14.0,0.39,,5.4,1.767,0.0,0.0,0.9838,false,0.8,98.87,true,,,
Base.PieWholeRaw,food,per_item,189.0|11.2|11.5|9.6,175024,sr_legacy,"Pie crust, standard-type, frozen, ready-to-bake, enriched",close,raw,301,41.4,judgement,,,,189.0,11.2,11.5,9.6,-15.0,,189.198,20.12868,10.79298,2.55024,1.035,7.37748,0.0,1.0764,,0.0,0.0,0.0,0.19044,2.2356,0.11385,0.07038,1.1178,0.0207,42.228,0.0,4.8852,169.326,40.158,7.866,6.21,0.1863,,2.3598,1.274706,0.0,0.0,457.0,48.62,26.07,6.16,2.5,17.82,0.0,2.6,,0.0,0.0,0.0,0.46,5.4,0.275,0.17,2.7,0.05,102.0,0.0,11.8,409.0,97.0,19.0,15.0,0.45,,5.7,3.079,0.0,0.0,0.9819,false,1.001,98.67,true,true,,
Base.PieWholeRawSweet,food,per_item,189.0|11.2|11.5|9.6,175024,sr_legacy,"Pie crust, standard-type, frozen, ready-to-bake, enriched",close,raw,301,41.4,judgement,,,,189.0,11.2,11.5,9.6,-15.0,,189.198,20.12868,10.79298,2.55024,1.035,7.37748,0.0,1.0764,,0.0,0.0,0.0,0.19044,2.2356,0.11385,0.07038,1.1178,0.0207,42.228,0.0,4.8852,169.326,40.158,7.866,6.21,0.1863,,2.3598,1.274706,0.0,0.0,457.0,48.62,26.07,6.16,2.5,17.82,0.0,2.6,,0.0,0.0,0.0,0.46,5.4,0.275,0.17,2.7,0.05,102.0,0.0,11.8,409.0,97.0,19.0,15.0,0.45,,5.7,3.079,0.0,0.0,0.9819,false,1.001,98.67,true,true,,
Base.Pig_Boar_Head_Black,food,none,,,,,,,,,,,,inedible_body_part,,,,,,,,,,,,,,,,,,,,,,,,,,,,,,,,,,,,,,,,,,,,,,,,,,,,,,,,,,,,,,,,,,,,,,,,,,,,
Base.Pig_Boar_Head_Pink,food,none,,,,,,,,,,,,inedible_body_part,,,,,,,,,,,,,,,,,,,,,,,,,,,,,,,,,,,,,,,,,,,,,,,,,,,,,,,,,,,,,,,,,,,,,,,,,,,,
Base.Pig_Piglet_Head_Black,food,none,,,,,,,,,,,,inedible_body_part,,,,,,,,,,,,,,,,,,,,,,,,,,,,,,,,,,,,,,,,,,,,,,,,,,,,,,,,,,,,,,,,,,,,,,,,,,,,
Base.Pig_Piglet_Head_Pink,food,none,,,,,,,,,,,,inedible_body_part,,,,,,,,,,,,,,,,,,,,,,,,,,,,,,,,,,,,,,,,,,,,,,,,,,,,,,,,,,,,,,,,,,,,,,,,,,,,
Base.Pig_Sow_Head_Black,food,none,,,,,,,,,,,,inedible_body_part,,,,,,,,,,,,,,,,,,,,,,,,,,,,,,,,,,,,,,,,,,,,,,,,,,,,,,,,,,,,,,,,,,,,,,,,,,,,
Base.Pig_Sow_Head_Pink,food,none,,,,,,,,,,,,inedible_body_part,,,,,,,,,,,,,,,,,,,,,,,,,,,,,,,,,,,,,,,,,,,,,,,,,,,,,,,,,,,,,,,,,,,,,,,,,,,,
Base.Pillbug,food,per_item,1.5|0.0|0.05|0.25,oonincx2012:porcellio-scaber,literature,"woodlouse (Porcellio scaber) adults, dry matter with the measured dry-matter fraction (Oonincx & Dierenfeld 2012 Zoo Biol 31:40-54 Table 1; S1190)",guess,raw,,1.7,judgement,,,,1.5,0.0,0.05,0.25,-1.0,,1.480673,0.079925,0.062912,0.225389,0.076698,1.15294,,,,,,,,,,,,,,,,,,,,,,,,,,87.098388,4.701498,3.7007,13.25816,4.511636,67.82,,,,,,,,,,,,,,,,,,,,,,,,,,1.1036,true,0.9871,89.480358,true,,,"atwater: 96.12166 kcal from the macros against 87.098388, ratio 1.1036 outside +/-10 %"
Base.Pills,drainable,none,,,,,,,,,,,,tobacco_or_drug,,,,,,,,,,,,,,,,,,,,,,,,,,,,,,,,,,,,,,,,,,,,,,,,,,,,,,,,,,,,,,,,,,,,,,,,,,,,
Base.PillsAntiDep,drainable,none,,,,,,,,,,,,tobacco_or_drug,,,,,,,,,,,,,,,,,,,,,,,,,,,,,,,,,,,,,,,,,,,,,,,,,,,,,,,,,,,,,,,,,,,,,,,,,,,,
Base.PillsBeta,drainable,none,,,,,,,,,,,,tobacco_or_drug,,,,,,,,,,,,,,,,,,,,,,,,,,,,,,,,,,,,,,,,,,,,,,,,,,,,,,,,,,,,,,,,,,,,,,,,,,,,
Base.PillsSleepingTablets,drainable,none,,,,,,,,,,,,tobacco_or_drug,,,,,,,,,,,,,,,,,,,,,,,,,,,,,,,,,,,,,,,,,,,,,,,,,,,,,,,,,,,,,,,,,,,,,,,,,,,,
Base.PillsVitamins,drainable,none,,,,,,,,,,,,tobacco_or_drug,,,,,,,,,,,,,,,,,,,,,,,,,,,,,,,,,,,,,,,,,,,,,,,,,,,,,,,,,,,,,,,,,,,,,,,,,,,,
Base.Pineapple,food,per_item,452.0|118.7|1.09|4.89,169124,sr_legacy,"Pineapple, raw, all varieties",exact,raw,,905.7,vanilla_implied,,zero:fruit,,452.0,118.7,1.09,4.89,-24.0,-13.0,452.85,118.82784,1.08684,4.89078,12.6798,778.902,432.9246,2.62653,0.0,0.0,316.995,0.0,0.18114,6.3399,0.715503,0.289824,4.5285,1.014384,163.026,0.0,49.8135,9.057,987.213,117.741,108.684,1.08684,,0.9057,0.36228,0.0,0.0,50.0,13.12,0.12,0.54,1.4,86.0,47.8,0.29,0.0,0.0,35.0,0.0,0.02,0.7,0.079,0.032,0.5,0.112,18.0,0.0,5.5,1.0,109.0,13.0,12.0,0.12,,0.1,0.04,0.0,0.0,1.0584,false,1.0019,99.78,true,,,
Base.Pizza,food,per_item,990.0|120.0|39.0|42.0,173292,sr_legacy,"Fast Food, Pizza Chain, 14"" pizza, cheese topping, regular crust",close,cooked,,372.2,judgement,,,,990.0,120.0,39.0,42.0,-25.0,,990.052,124.05426,36.06618,42.39358,8.5606,160.67874,5.2108,9.23056,,227.042,342.424,0.0,3.08926,24.9374,1.45158,0.72579,14.23665,0.29776,480.138,1.56324,61.0408,2225.756,640.184,699.736,89.328,4.98748,,74.0678,6.10408,0.0,0.0,266.0,33.33,9.69,11.39,2.3,43.17,1.4,2.48,,61.0,92.0,0.0,0.83,6.7,0.39,0.195,3.825,0.08,129.0,0.42,16.4,598.0,172.0,188.0,24.0,1.34,,19.9,1.64,0.0,0.0,0.983,false,1.0001,97.58,true,,,
Base.PizzaRecipe,food,per_item,1529.0|231.0|34.0|41.8,173292,sr_legacy,"Fast Food, Pizza Chain, 14"" pizza, cheese topping, regular crust",close,raw,,574.8,judgement,,,,1529.0,231.0,34.0,41.8,-80.0,,1528.968,191.58084,55.69812,65.46972,13.2204,248.14116,8.0472,14.25504,,350.628,528.816,0.0,4.77084,38.5116,2.24172,1.12086,21.9861,0.45984,741.492,2.41416,94.2672,3437.304,988.656,1080.624,137.952,7.70232,,114.3852,9.42672,0.0,0.0,266.0,33.33,9.69,11.39,2.3,43.17,1.4,2.48,,61.0,92.0,0.0,0.83,6.7,0.39,0.195,3.825,0.08,129.0,0.42,16.4,598.0,172.0,188.0,24.0,1.34,,19.9,1.64,0.0,0.0,0.983,false,1.0,97.58,true,,,
Base.PizzaWhole,food,per_item,5940.0|720.0|234.0|252.0,173292,sr_legacy,"Fast Food, Pizza Chain, 14"" pizza, cheese topping, regular crust",close,cooked,,2233.1,judgement,,,,5940.0,720.0,234.0,252.0,-150.0,,5940.046,744.29223,216.38739,254.35009,51.3613,964.02927,31.2634,55.38088,,1362.191,2054.452,0.0,18.53473,149.6177,8.70909,4.354545,85.416075,1.78648,2880.699,9.37902,366.2284,13353.938,3840.932,4198.228,535.944,29.92354,,444.3869,36.62284,0.0,0.0,266.0,33.33,9.69,11.39,2.3,43.17,1.4,2.48,,61.0,92.0,0.0,0.83,6.7,0.39,0.195,3.825,0.08,129.0,0.42,16.4,598.0,172.0,188.0,24.0,1.34,,19.9,1.64,0.0,0.0,0.983,false,1.0,97.58,true,,,
Base.Plantain,food,none,,,,,,,,,,,,not_food,,,,,,,,,,,,,,,,,,,,,,,,,,,,,,,,,,,,,,,,,,,,,,,,,,,,,,,,,,,,,,,,,,,,,,,,,,,,
Base.PlantainDried,food,none,,,,,,,,,,,,not_food,,,,,,,,,,,,,,,,,,,,,,,,,,,,,,,,,,,,,,,,,,,,,,,,,,,,,,,,,,,,,,,,,,,,,,,,,,,,
Base.PlasticCup,fluid_container,none,,,,,,,,,,,,empty_container,,,,,,,,,,,,,,,,,,,,,,,,,,,,,,,,,,,,,,,,,,,,,,,,,,,,,,,,,,,,,,,,,,,,,,,,,,,,
Base.Plonkies,food,per_item,200.0|30.0|8.0|1.8,174943,sr_legacy,"Cake, snack cakes, creme-filled, sponge",close,prepared,,53.5,judgement,,,,200.0,30.0,8.0,1.8,-10.0,,200.09,34.25605,6.1739,1.85645,0.535,10.486,0.0535,0.7276,,2.675,0.0,0.0535,0.3317,5.1895,0.096835,0.08988,0.828715,0.0,28.89,0.10165,20.223,251.45,37.985,12.84,4.28,0.321,,1.8725,0.9951,0.0,0.0,374.0,64.03,11.54,3.47,1.0,19.6,0.1,1.36,,5.0,0.0,0.1,0.62,9.7,0.181,0.168,1.549,0.0,54.0,0.19,37.8,470.0,71.0,24.0,8.0,0.6,,3.5,1.86,0.0,0.0,0.9943,false,1.0005,98.64,true,,,
Base.Pop,fluid_container,none,0.0|0.0|0.0|0.0,,,,,,,,,,,fluid_sourced,0.0,0.0,0.0,0.0,-12.0,-30.0,,,,,,,,,,,,,,,,,,,,,,,,,,,,,,,,,,,,,,,,,,,,,,,,,,,,,,,,,,,,,,,,,,,,,,
Base.Pop2,fluid_container,none,400.0|104.0|0.0|0.0,,,,,,,,,,,fluid_sourced,400.0,104.0,0.0,0.0,-12.0,-30.0,,,,,,,,,,,,,,,,,,,,,,,,,,,,,,,,,,,,,,,,,,,,,,,,,,,,,,,,,,,,,,,,,,,,,,
Base.Pop2Empty,fluid_container,none,,,,,,,,,,,,empty_container,,,,,,,,,,,,,,,,,,,,,,,,,,,,,,,,,,,,,,,,,,,,,,,,,,,,,,,,,,,,,,,,,,,,,,,,,,,,
Base.Pop3,fluid_container,none,400.0|104.0|0.0|0.0,,,,,,,,,,,fluid_sourced,400.0,104.0,0.0,0.0,-12.0,-30.0,,,,,,,,,,,,,,,,,,,,,,,,,,,,,,,,,,,,,,,,,,,,,,,,,,,,,,,,,,,,,,,,,,,,,,
Base.Pop3Empty,fluid_container,none,,,,,,,,,,,,empty_container,,,,,,,,,,,,,,,,,,,,,,,,,,,,,,,,,,,,,,,,,,,,,,,,,,,,,,,,,,,,,,,,,,,,,,,,,,,,
Base.PopBottle,fluid_container,none,400.0|104.0|0.0|0.0,,,,,,,,,,,fluid_sourced,400.0,104.0,0.0,0.0,-12.0,-30.0,,,,,,,,,,,,,,,,,,,,,,,,,,,,,,,,,,,,,,,,,,,,,,,,,,,,,,,,,,,,,,,,,,,,,,
Base.PopBottleRare,fluid_container,none,400.0|104.0|0.0|0.0,,,,,,,,,,,fluid_sourced,400.0,104.0,0.0,0.0,-12.0,-30.0,,,,,,,,,,,,,,,,,,,,,,,,,,,,,,,,,,,,,,,,,,,,,,,,,,,,,,,,,,,,,,,,,,,,,,
Base.PopEmpty,fluid_container,none,,,,,,,,,,,,empty_container,,,,,,,,,,,,,,,,,,,,,,,,,,,,,,,,,,,,,,,,,,,,,,,,,,,,,,,,,,,,,,,,,,,,,,,,,,,,
Base.Popcorn,food,per_item,120.0|20.41|2.69|3.57,173141,sr_legacy,"Popcorn, microwave, regular (butter) flavor, made with palm oil",close,raw,,22.4,judgement,,,,120.0,20.41,2.69,3.57,-10.0,10.0,119.84,12.82624,6.76928,1.87712,2.24,0.2016,0.0,0.46144,,0.0,11.2,0.0,0.65184,0.9632,0.010528,0.01344,0.36176,0.06944,3.36,0.0,3.4496,170.912,88.032,5.152,24.64,0.51968,,1.3216,0.921984,0.0,0.0,535.0,57.26,30.22,8.38,10.0,0.9,0.0,2.06,,0.0,50.0,0.0,2.91,4.3,0.047,0.06,1.615,0.31,15.0,0.0,15.4,763.0,393.0,23.0,110.0,2.32,,5.9,4.116,0.0,0.0,0.9618,false,0.9987,96.76,true,,,
Base.Poppies,food,none,0.1|0.0|0.0|0.0,,,,,,,,,,,not_food,0.1,0.0,0.0,0.0,,,,,,,,,,,,,,,,,,,,,,,,,,,,,,,,,,,,,,,,,,,,,,,,,,,,,,,,,,,,,,,,,,,,,,,,
Base.PoppyPods,food,none,,,,,,,,,,,,not_food,,,,,,,,,,,,,,,,,,,,,,,,,,,,,,,,,,,,,,,,,,,,,,,,,,,,,,,,,,,,,,,,,,,,,,,,,,,,
Base.PoppyPodsDried,food,none,,,,,,,,,,,,not_food,,,,,,,,,,,,,,,,,,,,,,,,,,,,,,,,,,,,,,,,,,,,,,,,,,,,,,,,,,,,,,,,,,,,,,,,,,,,
Base.PoppySeed,food,per_item,31.0|3.0|2.0|1.6,171330,sr_legacy,"Spices, poppy seed",close,dried,,5.9,judgement,,,,31.0,3.0,2.0,1.6,-1.0,,30.975,1.65967,2.45204,1.06141,1.1505,0.35105,0.059,0.57584,,0.0,0.0,0.0,0.10443,0.0,0.050386,0.0059,0.052864,0.014573,4.838,0.0,0.5192,1.534,42.421,84.842,20.473,0.4661,,0.7965,1.685512,0.0,0.0,525.0,28.13,41.56,17.99,19.5,5.95,1.0,9.76,,0.0,0.0,0.0,1.77,0.0,0.854,0.1,0.896,0.247,82.0,0.0,8.8,26.0,719.0,1438.0,347.0,7.9,,13.5,28.568,0.0,0.0,0.9896,false,0.9992,93.63,true,,,
Base.Popsicle,food,per_item,80.0|22.0|0.0|0.0,168813,sr_legacy,"Frozen novelties, ice type, pop",close,prepared,,101.3,judgement,,zero:sugar,,80.0,22.0,0.0,0.0,-15.0,,80.027,19.47999,0.24312,0.0,0.0,81.53637,0.7091,0.54702,0.0,0.0,0.0,0.0,0.0,0.0,0.0,0.0,0.0,0.0,0.0,0.0,0.0,7.091,15.195,0.0,1.013,0.15195,,0.2026,0.015195,0.0,0.0,79.0,19.23,0.24,0.0,0.0,80.49,0.7,0.54,0.0,0.0,0.0,0.0,0.0,0.0,0.0,0.0,0.0,0.0,0.0,0.0,0.0,7.0,15.0,0.0,1.0,0.15,,0.2,0.015,0.0,0.0,1.001,false,1.0003,99.96,true,,,
Base.Popsicle_Melted,food,per_item,80.0|22.0|0.0|0.0,168813,sr_legacy,"Frozen novelties, ice type, pop",close,prepared,,101.3,judgement,,zero:sugar,,80.0,22.0,0.0,0.0,-15.0,,80.027,19.47999,0.24312,0.0,0.0,81.53637,0.7091,0.54702,0.0,0.0,0.0,0.0,0.0,0.0,0.0,0.0,0.0,0.0,0.0,0.0,0.0,7.091,15.195,0.0,1.013,0.15195,,0.2026,0.015195,0.0,0.0,79.0,19.23,0.24,0.0,0.0,80.49,0.7,0.54,0.0,0.0,0.0,0.0,0.0,0.0,0.0,0.0,0.0,0.0,0.0,0.0,0.0,7.0,15.0,0.0,1.0,0.15,,0.2,0.015,0.0,0.0,1.001,false,1.0003,99.96,true,,,
Base.Pork,food,per_item,300.0|0.0|12.0|50.0,168220,sr_legacy,"Pork, fresh, composite of trimmed retail cuts (leg, loin, shoulder), separable lean only, raw",close,raw,1251,223.9,judgement,iodine:pork-chop-cooked,zero:meat,,300.0,0.0,12.0,50.0,-60.0,,300.026,0.0,10.88154,47.4668,0.0,163.82763,0.4478,1.83598,0.0,2.239,0.0,1.1195,0.38063,0.0,1.437438,0.568706,12.477947,1.441916,4.478,1.43296,111.7261,132.101,812.757,29.107,53.736,4.94819,1.1195,75.0065,1.02994,0.0,0.0,134.0,0.0,4.86,21.2,0.0,73.17,0.2,0.82,0.0,1.0,0.0,0.5,0.17,0.0,0.642,0.254,5.573,0.644,2.0,0.64,49.9,59.0,363.0,13.0,24.0,2.21,0.5,33.5,0.46,0.0,0.0,0.9593,false,1.0001,99.23,true,true,,
Base.PorkChop,food,per_item,150.0|0.0|6.0|25.0,167833,sr_legacy,"Pork, fresh, loin, center rib (chops or roasts), bone-in, separable lean only, raw",close,raw,1251,110.3,judgement,iodine:pork-chop-cooked,zero:meat,,150.0,0.0,6.0,25.0,-30.0,,150.008,0.0,5.2944,24.03437,0.0,79.8572,0.0,0.67283,0.0,0.0,0.0,0.5515,0.14339,0.0,0.533852,0.205158,7.373555,0.810705,0.0,0.5515,63.8637,66.18,395.977,26.472,27.575,2.17291,0.5515,42.2449,0.515101,0.0,0.0,136.0,0.0,4.8,21.79,0.0,72.4,0.0,0.61,0.0,0.0,0.0,0.5,0.13,0.0,0.484,0.186,6.685,0.735,0.0,0.5,57.9,60.0,359.0,24.0,25.0,1.97,0.5,38.3,0.467,0.0,0.0,0.9585,false,1.0001,98.99,true,true,,
Base.PorkRinds,food,per_item,240.0|24.0|15.0|1.5,167961,sr_legacy,"Snacks, pork skins, plain",close,prepared,,44.1,judgement,,zero:meat,,240.0,24.0,15.0,1.5,-5.0,,239.904,0.0,13.8033,27.0333,0.0,0.7938,0.2205,0.38808,0.0,5.292,0.0,0.0,0.23373,0.0,0.043659,0.124803,0.683109,0.010143,0.0,0.28224,72.5445,801.738,56.007,13.23,4.851,0.24696,,18.081,1.59201,0.0,0.0,544.0,0.0,31.3,61.3,0.0,1.8,0.5,0.88,0.0,12.0,0.0,0.0,0.53,0.0,0.099,0.283,1.549,0.023,0.0,0.64,164.5,1818.0,127.0,30.0,11.0,0.56,,41.0,3.61,0.0,0.0,0.9686,false,0.9996,94.4,true,,,
Base.Port,fluid_container,none,1570.0|129.0|0.0|0.0,,,,,,,,,,,fluid_sourced,1570.0,129.0,0.0,0.0,-20.0,-20.0,,,,,,,,,,,,,,,,,,,,,,,,,,,,,,,,,,,,,,,,,,,,,,,,,,,,,,,,,,,,,,,,,,,,,,
Base.Pot,fluid_container,none,,,,,,,,,,,,empty_container,,,,,,,,,,,,,,,,,,,,,,,,,,,,,,,,,,,,,,,,,,,,,,,,,,,,,,,,,,,,,,,,,,,,,,,,,,,,
Base.PotForged,fluid_container,none,,,,,,,,,,,,empty_container,,,,,,,,,,,,,,,,,,,,,,,,,,,,,,,,,,,,,,,,,,,,,,,,,,,,,,,,,,,,,,,,,,,,,,,,,,,,
Base.PotForgedSoupRecipe,food,none,202.0|25.0|4.5|14.0,,,,,,,,,,,vessel_only,202.0,25.0,4.5,14.0,-40.0,-40.0,,,,,,,,,,,,,,,,,,,,,,,,,,,,,,,,,,,,,,,,,,,,,,,,,,,,,,,,,,,,,,,,,,,,,,
Base.PotForgedStew,food,none,310.0|26.3|14.5|3.8,,,,,,,,,,,vessel_only,310.0,26.3,14.5,3.8,-40.0,-40.0,,,,,,,,,,,,,,,,,,,,,,,,,,,,,,,,,,,,,,,,,,,,,,,,,,,,,,,,,,,,,,,,,,,,,,
Base.PotOfSoup,food,per_item,202.0|25.0|4.5|14.0,174564,sr_legacy,"Soup, vegetarian vegetable, canned, prepared with equal volume water",proxy,prepared,,721.4,judgement,,,,202.0,25.0,4.5,14.0,-30.0,-30.0,201.992,35.27646,5.69906,6.20404,2.1642,666.64574,4.3284,3.17416,,0.0,5410.5,0.0,4.18412,15.1494,0.158708,0.137066,2.698036,0.165922,28.856,0.0,28.1346,2438.332,620.404,72.14,21.642,1.37066,,12.9852,2.12813,0.0,0.0,28.0,4.89,0.79,0.86,0.3,92.41,0.6,0.44,,0.0,750.0,0.0,0.58,2.1,0.022,0.019,0.374,0.023,4.0,0.0,3.9,338.0,86.0,10.0,3.0,0.19,,1.8,0.295,0.0,0.0,1.0539,false,1.0,98.95,true,,,
Base.PotOfSoupRecipe,food,none,202.0|25.0|4.5|14.0,,,,,,,,,,,vessel_only,202.0,25.0,4.5,14.0,-40.0,-40.0,,,,,,,,,,,,,,,,,,,,,,,,,,,,,,,,,,,,,,,,,,,,,,,,,,,,,,,,,,,,,,,,,,,,,,
Base.PotOfStew,food,per_item,310.0|26.3|14.5|3.8,173330,sr_legacy,"Beef stew, canned entree",close,prepared,,313.1,judgement,,,,310.0,26.3,14.5,3.8,-40.0,-40.0,309.969,24.57835,17.31443,13.80771,2.8179,252.92218,2.1917,7.76488,,0.0,331.886,0.0,0.84537,19.4122,0.228563,0.165943,3.431576,0.272397,43.834,1.5655,48.8436,1214.828,510.353,37.572,25.048,3.131,,14.7157,0.732654,0.0,0.0,99.0,7.85,5.53,4.41,0.9,80.78,0.7,2.48,,0.0,106.0,0.0,0.27,6.2,0.073,0.053,1.096,0.087,14.0,0.5,15.6,388.0,163.0,12.0,8.0,1.0,,4.7,0.234,0.0,0.0,0.9799,false,0.9999,98.57,true,,,
Base.Potato,food,per_item,70.0|15.0|0.15|3.0,170028,sr_legacy,"Potatoes, white, flesh and skin, raw",close,raw,3301,101.4,judgement,,,,70.0,15.0,0.15,3.0,-18.0,-7.0,69.966,15.92994,0.1014,1.70352,2.4336,82.72212,9.2274,0.52728,,0.0,5.07,0.0,0.01014,1.6224,0.071994,0.034476,1.080924,0.205842,18.252,0.0,11.154,16.224,412.698,9.126,21.294,0.29406,,0.3042,0.042588,0.0,0.0,69.0,15.71,0.1,1.68,2.4,81.58,9.1,0.52,,0.0,5.0,0.0,0.01,1.6,0.071,0.034,1.066,0.203,18.0,0.0,11.0,16.0,407.0,9.0,21.0,0.29,,0.3,0.042,0.0,0.0,0.9516,false,0.9995,99.07,true,true,,
Base.PotatoPancakes,food,per_item,268.0|35.0|15.0|6.0,170092,sr_legacy,Potato pancakes,close,cooked,,100.0,judgement,,,,268.0,35.0,15.0,6.0,-15.0,,268.0,27.81,14.76,6.08,3.3,47.77,27.6,1.67,,31.0,4.0,0.3,0.23,2.7,0.158,0.173,1.672,0.448,45.0,0.29,74.2,764.0,622.0,32.0,36.0,0.7,,8.9,7.475,0.0,0.0,268.0,27.81,14.76,6.08,3.3,47.77,27.6,1.67,,31.0,4.0,0.3,0.23,2.7,0.158,0.173,1.672,0.448,45.0,0.29,74.2,764.0,622.0,32.0,36.0,0.7,,8.9,7.475,0.0,0.0,0.9769,false,1.0,96.42,true,,,
Base.PowderedGarlic,food,none,,,,,,,,,,,,spice_only,,,,,-10.0,20.0,,,,,,,,,,,,,,,,,,,,,,,,,,,,,,,,,,,,,,,,,,,,,,,,,,,,,,,,,,,,,,,,,,,,,,
Base.PowderedOnion,food,none,,,,,,,,,,,,spice_only,,,,,-10.0,20.0,,,,,,,,,,,,,,,,,,,,,,,,,,,,,,,,,,,,,,,,,,,,,,,,,,,,,,,,,,,,,,,,,,,,,,
Base.PremiumFishingLine,drainable,none,,,,,,,,,,,,not_food,,,,,,,,,,,,,,,,,,,,,,,,,,,,,,,,,,,,,,,,,,,,,,,,,,,,,,,,,,,,,,,,,,,,,,,,,,,,
Base.Pretzel,food,per_item,80.0|11.0|2.0|1.0,167555,sr_legacy,"Snacks, pretzels, hard, plain, salted",close,prepared,,20.8,judgement,,,,80.0,11.0,2.0,1.0,-5.0,,79.872,16.72112,0.60944,2.08832,0.7072,0.65104,0.4368,0.95264,,0.0,0.0,0.0,0.09776,0.5824,0.088192,0.069056,1.09616,0.015392,34.528,0.0,6.136,257.92,46.384,5.616,6.032,0.21632,,0.9152,0.268528,0.0,0.0,384.0,80.39,2.93,10.04,3.4,3.13,2.1,4.58,,0.0,0.0,0.0,0.47,2.8,0.424,0.332,5.27,0.074,166.0,0.0,29.5,1240.0,223.0,27.0,29.0,1.04,,4.4,1.291,0.0,0.0,0.9929,false,0.9984,96.49,true,,,
Base.Processedcheese,food,per_item,70.0|0.0|6.0|4.0,171290,sr_legacy,"Cheese, pasteurized process, American, without added vitamin D",close,prepared,,21.0,fdc_portion:2,iodine:cheese-american,zero:dairy,,70.0,0.0,6.0,4.0,-5.0,,77.91,0.777,6.6759,3.8073,0.0,8.3181,0.0,0.1323,0.0,51.03,16.8,0.126,0.168,0.546,0.00315,0.04914,0.01596,0.01134,1.68,0.315,7.602,350.91,27.72,219.45,5.46,0.5229,11.97,4.242,0.23961,0.0,0.0,371.0,3.7,31.79,18.13,0.0,39.61,0.0,0.63,0.0,243.0,80.0,0.6,0.8,2.6,0.015,0.234,0.076,0.054,8.0,1.5,36.2,1671.0,132.0,1045.0,26.0,2.49,57.0,20.2,1.141,0.0,0.0,1.0065,false,1.113,93.23,true,,,
Base.PropaneTank,drainable,none,,,,,,,,,,,,not_food,,,,,,,,,,,,,,,,,,,,,,,,,,,,,,,,,,,,,,,,,,,,,,,,,,,,,,,,,,,,,,,,,,,,,,,,,,,,
Base.Propane_Refill,drainable,none,,,,,,,,,,,,not_food,,,,,,,,,,,,,,,,,,,,,,,,,,,,,,,,,,,,,,,,,,,,,,,,,,,,,,,,,,,,,,,,,,,,,,,,,,,,
Base.Pumpkin,food,per_item,404.0|20.45|20.61|34.53,168448,sr_legacy,"Pumpkin, raw",close,raw,3771,1553.8,judgement,,zero:vegetable,,404.0,20.45,20.61,34.53,-40.0,,403.988,100.997,1.5538,15.538,7.769,1423.2808,139.842,12.4304,0.0,0.0,48167.8,0.0,16.47028,17.0918,0.7769,1.70918,9.3228,0.947818,248.608,0.0,127.4116,15.538,5282.92,326.298,186.456,4.97216,,4.6614,0.07769,0.0,0.0,26.0,6.5,0.1,1.0,0.5,91.6,9.0,0.8,0.0,0.0,3100.0,0.0,1.06,1.1,0.05,0.11,0.6,0.061,16.0,0.0,8.2,1.0,340.0,21.0,12.0,0.32,,0.3,0.005,0.0,0.0,1.15,true,1.0,99.2,true,true,,"atwater: 29.9 kcal from the macros against 26.0, ratio 1.15 outside +/-10 %"
Base.PumpkinSeed,food,per_item,155.0|14.12|5.48|4.34,170556,sr_legacy,"Seeds, pumpkin and squash seed kernels, dried",close,raw,2203,28.35,fdc_portion:2,,,,155.0,14.12,5.48,4.34,-5.0,,158.4765,3.036285,13.905675,8.570205,1.701,1.482705,0.53865,2.50047,,0.0,2.5515,0.0,0.61803,2.06955,0.077396,0.043376,1.413814,0.040541,16.443,0.0,17.8605,1.9845,229.3515,13.041,167.832,2.214135,,2.6649,5.905305,0.0,0.0,559.0,10.71,49.05,30.23,6.0,5.23,1.9,8.82,,0.0,9.0,0.0,2.18,7.3,0.273,0.153,4.987,0.143,58.0,0.0,63.0,7.0,809.0,46.0,592.0,7.81,,9.4,20.83,0.0,0.0,1.0612,false,1.0224,95.22,true,true,,
Base.PumpkinSliced,food,per_item,40.0|2.04|2.06|3.45,168448,sr_legacy,"Pumpkin, raw",close,raw,3771,153.8,judgement,,zero:vegetable,,40.0,2.04,2.06,3.45,-4.0,,39.988,9.997,0.1538,1.538,0.769,140.8808,13.842,1.2304,0.0,0.0,4767.8,0.0,1.63028,1.6918,0.0769,0.16918,0.9228,0.093818,24.608,0.0,12.6116,1.538,522.92,32.298,18.456,0.49216,,0.4614,0.00769,0.0,0.0,26.0,6.5,0.1,1.0,0.5,91.6,9.0,0.8,0.0,0.0,3100.0,0.0,1.06,1.1,0.05,0.11,0.6,0.061,16.0,0.0,8.2,1.0,340.0,21.0,12.0,0.32,,0.3,0.005,0.0,0.0,1.15,true,0.9997,99.2,true,true,,"atwater: 29.9 kcal from the macros against 26.0, ratio 1.15 outside +/-10 %"
Base.PumpkinSmashed,food,per_item,80.0|4.09|4.12|6.9,168448,sr_legacy,"Pumpkin, raw",close,raw,3776,307.7,judgement,,zero:vegetable,,80.0,4.09,4.12,6.9,-8.0,,80.002,20.0005,0.3077,3.077,1.5385,281.8532,27.693,2.4616,0.0,0.0,9538.7,0.0,3.26162,3.3847,0.15385,0.33847,1.8462,0.187697,49.232,0.0,25.2314,3.077,1046.18,64.617,36.924,0.98464,,0.9231,0.015385,0.0,0.0,26.0,6.5,0.1,1.0,0.5,91.6,9.0,0.8,0.0,0.0,3100.0,0.0,1.06,1.1,0.05,0.11,0.6,0.061,16.0,0.0,8.2,1.0,340.0,21.0,12.0,0.32,,0.3,0.005,0.0,0.0,1.15,true,1.0,99.2,true,true,,"atwater: 29.9 kcal from the macros against 26.0, ratio 1.15 outside +/-10 %"
Base.QuaggaCakes,food,per_item,200.0|30.0|8.0|1.8,174943,sr_legacy,"Cake, snack cakes, creme-filled, sponge",close,prepared,,53.5,judgement,,,,200.0,30.0,8.0,1.8,-10.0,,200.09,34.25605,6.1739,1.85645,0.535,10.486,0.0535,0.7276,,2.675,0.0,0.0535,0.3317,5.1895,0.096835,0.08988,0.828715,0.0,28.89,0.10165,20.223,251.45,37.985,12.84,4.28,0.321,,1.8725,0.9951,0.0,0.0,374.0,64.03,11.54,3.47,1.0,19.6,0.1,1.36,,5.0,0.0,0.1,0.62,9.7,0.181,0.168,1.549,0.0,54.0,0.19,37.8,470.0,71.0,24.0,8.0,0.6,,3.5,1.86,0.0,0.0,0.9943,false,1.0005,98.64,true,,,
Base.Rabbit_Head_Appalachian,food,none,,,,,,,,,,,,inedible_body_part,,,,,,,,,,,,,,,,,,,,,,,,,,,,,,,,,,,,,,,,,,,,,,,,,,,,,,,,,,,,,,,,,,,,,,,,,,,,
Base.Rabbit_Head_CottonTail,food,none,,,,,,,,,,,,inedible_body_part,,,,,,,,,,,,,,,,,,,,,,,,,,,,,,,,,,,,,,,,,,,,,,,,,,,,,,,,,,,,,,,,,,,,,,,,,,,,
Base.Rabbit_Head_Swamp,food,none,,,,,,,,,,,,inedible_body_part,,,,,,,,,,,,,,,,,,,,,,,,,,,,,,,,,,,,,,,,,,,,,,,,,,,,,,,,,,,,,,,,,,,,,,,,,,,,
Base.Rabbit_Kitten_Head_Appalachian,food,none,,,,,,,,,,,,inedible_body_part,,,,,,,,,,,,,,,,,,,,,,,,,,,,,,,,,,,,,,,,,,,,,,,,,,,,,,,,,,,,,,,,,,,,,,,,,,,,
Base.Rabbit_Kitten_Head_CottonTail,food,none,,,,,,,,,,,,inedible_body_part,,,,,,,,,,,,,,,,,,,,,,,,,,,,,,,,,,,,,,,,,,,,,,,,,,,,,,,,,,,,,,,,,,,,,,,,,,,,
Base.Rabbit_Kitten_Head_Swamp,food,none,,,,,,,,,,,,inedible_body_part,,,,,,,,,,,,,,,,,,,,,,,,,,,,,,,,,,,,,,,,,,,,,,,,,,,,,,,,,,,,,,,,,,,,,,,,,,,,
Base.Rabbitmeat,food,per_item,969.0|20.0|20.0|185.0,174347,sr_legacy,"Game meat, rabbit, wild, raw",proxy,raw,1001,853.7,vanilla_implied,,zero:meat,,969.0,20.0,20.0,185.0,-30.0,,973.218,0.0,19.80584,186.02123,0.0,636.09187,0.0,27.3184,0.0,0.0,,,,,0.25611,0.51222,55.4905,,,,,426.85,3226.986,102.444,247.573,,,80.2478,3.84165,,,114.0,0.0,2.32,21.79,0.0,74.51,0.0,3.2,0.0,0.0,,,,,0.03,0.06,6.5,,,,,50.0,378.0,12.0,29.0,,,9.4,0.45,,,0.9477,false,1.0044,98.62,true,true,,
Base.Raccoon_Boar_Head,food,none,,,,,,,,,,,,inedible_body_part,,,,,,,,,,,,,,,,,,,,,,,,,,,,,,,,,,,,,,,,,,,,,,,,,,,,,,,,,,,,,,,,,,,,,,,,,,,,
Base.Raccoon_Kit_Head,food,none,,,,,,,,,,,,inedible_body_part,,,,,,,,,,,,,,,,,,,,,,,,,,,,,,,,,,,,,,,,,,,,,,,,,,,,,,,,,,,,,,,,,,,,,,,,,,,,
Base.Raccoon_Sow_Head,food,none,,,,,,,,,,,,inedible_body_part,,,,,,,,,,,,,,,,,,,,,,,,,,,,,,,,,,,,,,,,,,,,,,,,,,,,,,,,,,,,,,,,,,,,,,,,,,,,
Base.RagFilter,drainable,none,,,,,,,,,,,,not_food,,,,,,,,,,,,,,,,,,,,,,,,,,,,,,,,,,,,,,,,,,,,,,,,,,,,,,,,,,,,,,,,,,,,,,,,,,,,
Base.Ramen,food,per_item,52.0|0.0|14.0|10.0,171177,sr_legacy,"Soup, ramen noodle, any flavor, dry",close,dried,,81.0,fdc_portion:1,,,,52.0,0.0,14.0,10.0,-10.0,40.0,356.4,48.8106,14.2479,8.2377,2.349,5.2812,0.243,3.3291,,0.0,4.86,0.0,1.9764,7.209,0.36288,0.20655,4.37481,0.03078,133.65,0.2025,4.455,1502.55,146.61,17.01,20.25,0.486,,18.711,1.7739,0.0,0.0,440.0,60.26,17.59,10.17,2.9,6.52,0.3,4.11,,0.0,6.0,0.0,2.44,8.9,0.448,0.255,5.401,0.038,165.0,0.25,5.5,1855.0,181.0,21.0,25.0,0.6,,23.1,2.19,0.0,0.0,0.9869,false,6.8538,94.54,true,,,
Base.RamenBowl,food,none,52.0|0.0|14.0|10.0,,,,,,,,,,,vessel_only,52.0,0.0,14.0,10.0,-10.0,,,,,,,,,,,,,,,,,,,,,,,,,,,,,,,,,,,,,,,,,,,,,,,,,,,,,,,,,,,,,,,,,,,,,,,
Base.RatKing,food,per_item,1620.0|0.0|96.0|240.0,172518,sr_legacy,"Game meat, muskrat, raw",proxy,raw,1004,1000.0,judgement,,zero:meat,,1620.0,0.0,96.0,240.0,-110.0,,1620.0,0.0,81.0,207.6,0.0,693.5,50.0,,0.0,0.0,,,,,0.9,5.2,62.0,,,,,820.0,2760.0,250.0,220.0,,,91.0,,,,162.0,0.0,8.1,20.76,0.0,69.35,5.0,,0.0,0.0,,,,,0.09,0.52,6.2,,,,,82.0,276.0,25.0,22.0,,,9.1,,,,0.9626,false,1.0,98.21,true,true,,
Base.RatPoison,drainable,none,,,,,,,,,,,,hazard,,,,,,,,,,,,,,,,,,,,,,,,,,,,,,,,,,,,,,,,,,,,,,,,,,,,,,,,,,,,,,,,,,,,,,,,,,,,
Base.RedRadish,food,per_item,1.0|0.15|0.0|0.0,169276,sr_legacy,"Radishes, raw",close,raw,,6.2,judgement,,zero:vegetable,,1.0,0.15,0.0,0.0,-3.0,-1.0,0.992,0.2108,0.0062,0.04216,0.0992,5.90674,0.9176,0.02108,0.0,0.0,0.248,0.0,0.0,0.0806,0.000744,0.002418,0.015748,0.004402,1.55,0.0,0.403,2.418,14.446,1.55,0.62,0.01736,,0.0372,0.002976,0.0,0.0,16.0,3.4,0.1,0.68,1.6,95.27,14.8,0.34,0.0,0.0,4.0,0.0,0.0,1.3,0.012,0.039,0.254,0.071,25.0,0.0,6.5,39.0,233.0,25.0,10.0,0.28,,0.6,0.048,0.0,0.0,0.8762,true,0.992,99.45,true,,,"atwater: 14.02 kcal from the macros against 16.0, ratio 0.8762 outside +/-10 %"
Base.RedearSunfish,food,per_item,159.0|1.0|1.0|35.0,175151,sr_legacy,"Fish, sunfish, pumpkin seed, raw",close,raw,2309,178.7,judgement,,zero:fish,,159.0,1.0,1.0,35.0,-15.0,,159.043,0.0,1.2509,34.6678,0.0,142.0665,1.787,2.1444,0.0,26.805,,,,,0.14296,0.12509,2.1444,0.21444,26.805,3.574,,142.96,625.45,142.96,53.61,2.76985,,22.5162,0.044675,,,89.0,0.0,0.7,19.4,0.0,79.5,1.0,1.2,0.0,15.0,,,,,0.08,0.07,1.2,0.12,15.0,2.0,,80.0,350.0,80.0,30.0,1.55,,12.6,0.025,,,0.9427,false,1.0003,99.6,true,true,,
Base.RefriedBeans,food,per_item,70.0|25.0|1.5|10.0,172438,sr_legacy,"Refried beans, canned, traditional style",close,canned,,77.8,judgement,,,,70.0,25.0,1.5,10.0,-10.0,,70.02,10.5419,1.56378,3.87444,2.8786,60.4895,4.668,1.12032,,0.0,0.0,0.0,0.07002,1.6338,0.059128,0.061462,0.285526,0.080134,8.558,0.0,16.4936,287.86,248.182,22.562,27.23,0.45124,,4.5124,0.41234,0.0,0.0,90.0,13.55,2.01,4.98,3.7,77.75,6.0,1.44,,0.0,0.0,0.0,0.09,2.1,0.076,0.079,0.367,0.103,11.0,0.0,21.2,370.0,319.0,29.0,35.0,0.58,,5.8,0.53,0.0,0.0,0.9423,false,1.0003,98.29,true,,,
Base.RemouladeEmpty,fluid_container,none,,,,,,,,,,,,empty_container,,,,,,,,,,,,,,,,,,,,,,,,,,,,,,,,,,,,,,,,,,,,,,,,,,,,,,,,,,,,,,,,,,,,,,,,,,,,
Base.RemouladeFull,food,per_item,150.0|0.0|50.0|0.0,171826,sr_legacy,"Sauce, tartar, ready-to-serve",close,prepared,,299.4,judgement,,,,150.0,0.0,50.0,0.0,-10.0,,631.734,39.8202,49.9998,2.994,1.497,200.598,6.8862,0.7485,,8.982,200.598,0.0,5.02992,150.8976,0.047904,0.086826,0.278442,0.131736,14.97,0.05988,23.952,1996.998,203.592,77.844,17.964,0.35928,,2.6946,27.032826,0.0,0.0,211.0,13.3,16.7,1.0,0.5,67.0,2.3,0.25,,3.0,67.0,0.0,1.68,50.4,0.016,0.029,0.093,0.044,5.0,0.02,8.0,667.0,68.0,26.0,6.0,0.12,,0.9,9.029,0.0,0.0,0.9787,false,4.2116,98.0,true,,,
Base.RespiratorFilters,drainable,none,,,,,,,,,,,,not_food,,,,,,,,,,,,,,,,,,,,,,,,,,,,,,,,,,,,,,,,,,,,,,,,,,,,,,,,,,,,,,,,,,,,,,,,,,,,
Base.RespiratorFiltersRecharged,drainable,none,,,,,,,,,,,,not_food,,,,,,,,,,,,,,,,,,,,,,,,,,,,,,,,,,,,,,,,,,,,,,,,,,,,,,,,,,,,,,,,,,,,,,,,,,,,
Base.Rice,food,per_item,2880.0|648.0|0.0|72.0,168877,sr_legacy,"Rice, white, long-grain, regular, raw, enriched",close,dried,,789.0,judgement,,,,2880.0,648.0,0.0,72.0,-60.0,,2879.85,630.8055,5.2074,56.2557,10.257,91.6818,0.0,34.0059,,0.0,0.0,0.0,0.8679,0.789,4.54464,0.38661,33.07488,1.29396,3053.43,0.0,45.762,39.45,907.35,220.92,197.25,8.6001,,119.139,1.39653,0.0,0.0,365.0,79.95,0.66,7.13,1.3,11.62,0.0,4.31,,0.0,0.0,0.0,0.11,0.1,0.576,0.049,4.192,0.164,387.0,0.0,5.8,5.0,115.0,28.0,25.0,1.09,,15.1,0.177,0.0,0.0,0.9635,false,0.9999,99.36,true,,,
Base.RiceBowl,food,none,160.0|36.0|0.0|3.0,,,,,,,,,,,vessel_only,160.0,36.0,0.0,3.0,-12.0,,,,,,,,,,,,,,,,,,,,,,,,,,,,,,,,,,,,,,,,,,,,,,,,,,,,,,,,,,,,,,,,,,,,,,,
Base.RiceBowlClay,food,none,160.0|36.0|0.0|3.0,,,,,,,,,,,vessel_only,160.0,36.0,0.0,3.0,-12.0,,,,,,,,,,,,,,,,,,,,,,,,,,,,,,,,,,,,,,,,,,,,,,,,,,,,,,,,,,,,,,,,,,,,,,,
Base.RicePan,food,none,720.0|0.0|48.0|78.0,,,,,,,,,,,vessel_only,720.0,0.0,48.0,78.0,-10.0,,,,,,,,,,,,,,,,,,,,,,,,,,,,,,,,,,,,,,,,,,,,,,,,,,,,,,,,,,,,,,,,,,,,,,,
Base.RicePanCopper,food,none,720.0|0.0|48.0|78.0,,,,,,,,,,,vessel_only,720.0,0.0,48.0,78.0,-10.0,,,,,,,,,,,,,,,,,,,,,,,,,,,,,,,,,,,,,,,,,,,,,,,,,,,,,,,,,,,,,,,,,,,,,,,
Base.RicePaper,food,per_item,10.0|0.0|0.0|0.0,169742,sr_legacy,"Rice noodles, dry",proxy,prepared,,2.7,judgement,,,,10.0,0.0,0.0,0.0,-4.0,,9.828,2.16486,0.01512,0.16065,0.0432,0.32157,0.0,0.0189,,0.0,0.0,0.0,0.00297,0.0,0.000837,0.000459,0.005967,0.000405,0.081,0.0,0.1485,4.914,0.81,0.486,0.324,0.01998,,0.4077,0.00405,0.0,0.0,364.0,80.18,0.56,5.95,1.6,11.91,0.0,0.7,,0.0,0.0,0.0,0.11,0.0,0.031,0.017,0.221,0.015,3.0,0.0,5.5,182.0,30.0,18.0,12.0,0.74,,15.1,0.15,0.0,0.0,0.9515,false,0.9828,98.6,true,,,
Base.RicePot,food,per_item,720.0|0.0|48.0|78.0,168877,sr_legacy,"Rice, white, long-grain, regular, raw, enriched",proxy,raw,,197.3,judgement,,,,720.0,0.0,48.0,78.0,-10.0,,720.145,157.74135,1.30218,14.06749,2.5649,22.92626,0.0,8.50363,,0.0,0.0,0.0,0.21703,0.1973,1.136448,0.096677,8.270816,0.323572,763.551,0.0,11.4434,9.865,226.895,55.244,49.325,2.15057,,29.7923,0.349221,0.0,0.0,365.0,79.95,0.66,7.13,1.3,11.62,0.0,4.31,,0.0,0.0,0.0,0.11,0.1,0.576,0.049,4.192,0.164,387.0,0.0,5.8,5.0,115.0,28.0,25.0,1.09,,15.1,0.177,0.0,0.0,0.9635,false,1.0002,99.36,true,,,
Base.RicePotForged,food,none,720.0|0.0|48.0|78.0,,,,,,,,,,,vessel_only,720.0,0.0,48.0,78.0,-10.0,,,,,,,,,,,,,,,,,,,,,,,,,,,,,,,,,,,,,,,,,,,,,,,,,,,,,,,,,,,,,,,,,,,,,,,
Base.RiceVinegar,food,per_item,20.0|0.0|0.0|0.0,172237,sr_legacy,"Vinegar, distilled",proxy,prepared,,111.1,judgement,,,,20.0,0.0,0.0,0.0,-20.0,,19.998,0.04444,0.0,0.0,0.0,105.30058,0.0,0.03333,,0.0,0.0,0.0,0.0,0.0,0.0,0.0,0.0,0.0,0.0,0.0,0.0,2.222,2.222,6.666,1.111,0.01111,,0.5555,0.0,0.0,0.0,18.0,0.04,0.0,0.0,0.0,94.78,0.0,0.03,,0.0,0.0,0.0,0.0,0.0,0.0,0.0,0.0,0.0,0.0,0.0,0.0,2.0,2.0,6.0,1.0,0.01,,0.5,0.0,0.0,0.0,0.0089,true,0.9999,94.82,true,,,"atwater: 0.16 kcal from the macros against 18.0, ratio 0.0089 outside +/-10 %"
Base.RockCandy,food,per_item,40.0|60.0|0.0|0.0,169655,sr_legacy,"Sugars, granulated",close,prepared,,10.3,judgement,,zero:sugar,,40.0,60.0,0.0,0.0,-5.0,,39.861,10.29794,0.0,0.0,0.0,0.00206,0.0,0.00515,0.0,0.0,0.0,0.0,0.0,0.0,0.0,0.001957,0.0,0.0,0.0,0.0,0.0,0.103,0.206,0.103,0.0,0.00103,,0.0618,0.0,0.0,0.0,387.0,99.98,0.0,0.0,0.0,0.02,0.0,0.05,0.0,0.0,0.0,0.0,0.0,0.0,0.0,0.019,0.0,0.0,0.0,0.0,0.0,1.0,2.0,1.0,0.0,0.01,,0.6,0.0,0.0,0.0,1.0334,false,0.9965,100.0,true,,,
Base.RosePetalsDried,food,none,0.1|0.0|0.0|0.0,,,,,,,,,,,spice_only,0.1,0.0,0.0,0.0,-1.0,,,,,,,,,,,,,,,,,,,,,,,,,,,,,,,,,,,,,,,,,,,,,,,,,,,,,,,,,,,,,,,,,,,,,,,
Base.Rosehips,food,per_item,81.0|19.0|0.0|2.0,168998,sr_legacy,"Rose Hips, wild (Northern Plains Indians)",close,raw,,50.0,judgement,,zero:fruit,,81.0,19.0,0.0,2.0,-6.0,,81.0,19.11,0.17,0.8,12.05,29.33,213.0,0.53,0.0,,1175.0,,2.92,12.95,0.008,0.083,0.65,0.038,1.5,,6.0,2.0,214.5,84.5,34.5,0.125,,,,,,162.0,38.22,0.34,1.6,24.1,58.66,426.0,1.06,0.0,,2350.0,,5.84,25.9,0.016,0.166,1.3,0.076,3.0,,12.0,4.0,429.0,169.0,69.0,0.25,,,,,,0.7046,true,1.0,98.82,true,,,"atwater: 114.14 kcal from the macros against 162.0, ratio 0.7046 outside +/-10 %"
Base.Rosemary,food,none,0.1|0.0|0.0|0.0,,,,,,,,,,,spice_only,0.1,0.0,0.0,0.0,-1.0,,,,,,,,,,,,,,,,,,,,,,,,,,,,,,,,,,,,,,,,,,,,,,,,,,,,,,,,,,,,,,,,,,,,,,,
Base.RosemaryDried,food,none,0.1|0.0|0.0|0.0,,,,,,,,,,,spice_only,0.1,0.0,0.0,0.0,-5.0,,,,,,,,,,,,,,,,,,,,,,,,,,,,,,,,,,,,,,,,,,,,,,,,,,,,,,,,,,,,,,,,,,,,,,,
Base.Roses,food,none,0.1|0.0|0.0|0.0,,,,,,,,,,,spice_only,0.1,0.0,0.0,0.0,-1.0,,,,,,,,,,,,,,,,,,,,,,,,,,,,,,,,,,,,,,,,,,,,,,,,,,,,,,,,,,,,,,,,,,,,,,,
Base.Rum,fluid_container,none,2310.0|0.0|0.0|0.0,,,,,,,,,,,fluid_sourced,2310.0,0.0,0.0,0.0,-20.0,-20.0,,,,,,,,,,,,,,,,,,,,,,,,,,,,,,,,,,,,,,,,,,,,,,,,,,,,,,,,,,,,,,,,,,,,,,
Base.RyeSeed,food,none,,,,,,,,,,,,not_food,,,,,-5.0,,,,,,,,,,,,,,,,,,,,,,,,,,,,,,,,,,,,,,,,,,,,,,,,,,,,,,,,,,,,,,,,,,,,,,,
Base.RyeSheaf,food,none,,,,,,,,,,,,not_food,,,,,-5.0,,,,,,,,,,,,,,,,,,,,,,,,,,,,,,,,,,,,,,,,,,,,,,,,,,,,,,,,,,,,,,,,,,,,,,,
Base.RyeSheafDried,food,none,,,,,,,,,,,,not_food,,,,,-5.0,,,,,,,,,,,,,,,,,,,,,,,,,,,,,,,,,,,,,,,,,,,,,,,,,,,,,,,,,,,,,,,,,,,,,,,
Base.Sage,food,none,0.1|0.0|0.0|0.0,,,,,,,,,,,spice_only,0.1,0.0,0.0,0.0,-1.0,,,,,,,,,,,,,,,,,,,,,,,,,,,,,,,,,,,,,,,,,,,,,,,,,,,,,,,,,,,,,,,,,,,,,,,
Base.SageDried,food,none,0.1|0.0|0.0|0.0,,,,,,,,,,,spice_only,0.1,0.0,0.0,0.0,-5.0,,,,,,,,,,,,,,,,,,,,,,,,,,,,,,,,,,,,,,,,,,,,,,,,,,,,,,,,,,,,,,,,,,,,,,,
Base.Salad,food,none,,,,,,,,,,,,vessel_only,,,,,-60.0,,,,,,,,,,,,,,,,,,,,,,,,,,,,,,,,,,,,,,,,,,,,,,,,,,,,,,,,,,,,,,,,,,,,,,,
Base.SaladClay,food,none,,,,,,,,,,,,vessel_only,,,,,-60.0,,,,,,,,,,,,,,,,,,,,,,,,,,,,,,,,,,,,,,,,,,,,,,,,,,,,,,,,,,,,,,,,,,,,,,,
Base.Salami,food,per_item,330.0|2.0|26.0|22.0,172936,sr_legacy,"Salami, cooked, beef and pork",close,prepared,,98.2,judgement,iodine:salami-luncheon,zero:meat,,330.0,2.0,26.0,22.0,-20.0,,329.952,2.3568,25.4338,21.4567,0.0,44.37658,0.0,1.53192,0.0,0.0,0.0,0.982,0.21604,3.1424,0.360394,0.350574,5.944046,0.450738,2.946,1.49264,91.817,1708.68,310.312,14.73,18.658,2.87726,11.784,30.7366,2.339124,0.0,0.0,336.0,2.4,25.9,21.85,0.0,45.19,0.0,1.56,0.0,0.0,0.0,1.0,0.22,3.2,0.367,0.357,6.053,0.459,3.0,1.52,93.5,1740.0,316.0,15.0,19.0,2.93,12.0,31.3,2.382,0.0,0.0,0.9824,false,0.9999,95.34,true,,,
Base.SalamiSlice,food,per_item,66.0|0.4|5.2|4.4,172936,sr_legacy,"Salami, cooked, beef and pork",close,prepared,1659,19.6,judgement,iodine:salami-luncheon,zero:meat,,66.0,0.4,5.2,4.4,-4.0,,65.856,0.4704,5.0764,4.2826,0.0,8.85724,0.0,0.30576,0.0,0.0,0.0,0.196,0.04312,0.6272,0.071932,0.069972,1.186388,0.089964,0.588,0.29792,18.326,341.04,61.936,2.94,3.724,0.57428,2.352,6.1348,0.466872,0.0,0.0,336.0,2.4,25.9,21.85,0.0,45.19,0.0,1.56,0.0,0.0,0.0,1.0,0.22,3.2,0.367,0.357,6.053,0.459,3.0,1.52,93.5,1740.0,316.0,15.0,19.0,2.93,12.0,31.3,2.382,0.0,0.0,0.9824,false,0.9978,95.34,true,true,,
Base.Salmon,food,per_item,270.0|0.0|10.55|34.28,173686,sr_legacy,"Fish, salmon, Atlantic, wild, raw",close,raw,2455,190.1,judgement,iodine:fish-salmon-atlantic-farmed-raw,zero:fish,,270.0,0.0,10.55,34.28,-30.0,,269.942,0.0,12.05234,37.71584,0.0,130.2185,0.0,1.5208,0.0,22.812,,,,,0.429626,0.72238,14.94186,1.555018,47.525,6.04518,,83.644,931.49,22.812,55.129,1.21664,6.0832,69.3865,0.887767,,,142.0,0.0,6.34,19.84,0.0,68.5,0.0,0.8,0.0,12.0,,,,,0.226,0.38,7.86,0.818,25.0,3.18,,44.0,490.0,12.0,29.0,0.64,3.2,36.5,0.467,,,0.9607,false,0.9998,94.68,true,true,,
Base.Salt,food,none,,,,,,,,,,,,spice_only,,,,,-10.0,20.0,,,,,,,,,,,,,,,,,,,,,,,,,,,,,,,,,,,,,,,,,,,,,,,,,,,,,,,,,,,,,,,,,,,,,,
Base.Sandbag,drainable,none,,,,,,,,,,,,not_food,,,,,,,,,,,,,,,,,,,,,,,,,,,,,,,,,,,,,,,,,,,,,,,,,,,,,,,,,,,,,,,,,,,,,,,,,,,,
Base.Sandwich,food,per_item,360.0|42.0|8.5|5.8,170695,sr_legacy,"Fast foods, roast beef sandwich, plain",proxy,prepared,,147.5,judgement,,,,360.0,42.0,8.5,5.8,-10.0,,359.9,32.75975,15.1925,22.37575,1.9175,73.61725,0.0,3.894,,2.95,0.0,0.0,0.63425,4.13,0.320075,0.423325,6.405925,0.317125,88.5,1.416,59.1475,963.175,330.4,81.125,33.925,3.34825,,26.845,2.523725,0.0,0.0,244.0,22.21,10.3,15.17,1.3,49.91,0.0,2.64,,2.0,0.0,0.0,0.43,2.8,0.217,0.287,4.343,0.215,60.0,0.96,40.1,653.0,224.0,55.0,23.0,2.27,,18.2,1.711,0.0,0.0,0.982,false,0.9997,97.59,true,,,
Base.Saucepan,fluid_container,none,,,,,,,,,,,,empty_container,,,,,,,,,,,,,,,,,,,,,,,,,,,,,,,,,,,,,,,,,,,,,,,,,,,,,,,,,,,,,,,,,,,,,,,,,,,,
Base.SaucepanCopper,fluid_container,none,,,,,,,,,,,,empty_container,,,,,,,,,,,,,,,,,,,,,,,,,,,,,,,,,,,,,,,,,,,,,,,,,,,,,,,,,,,,,,,,,,,,,,,,,,,,
Base.Sauger,food,per_item,159.0|1.0|1.0|35.0,175128,sr_legacy,"Fish, pike, walleye, raw",close,raw,2309,159.0,fdc_portion:2,,zero:fish,,159.0,1.0,1.0,35.0,-15.0,,147.87,0.0,1.9398,30.4326,0.0,126.1029,0.0,2.067,0.0,33.39,,,,,0.4293,0.2544,3.657,0.1908,23.85,3.18,,81.09,618.51,174.9,47.7,0.9858,,20.034,0.0636,,0.0,93.0,0.0,1.22,19.14,0.0,79.31,0.0,1.3,0.0,21.0,,,,,0.27,0.16,2.3,0.12,15.0,2.0,,51.0,389.0,110.0,30.0,0.62,,12.6,0.04,,0.0,0.9413,false,0.93,99.67,true,true,,
Base.Sausage,food,per_item,180.0|0.0|4.35|15.62,172934,sr_legacy,"Pork sausage, link/patty, unprepared",close,raw,1709,25.0,fdc_portion:1,iodine:sausage-pork-cooked,zero:meat,,180.0,0.0,4.35,15.62,-20.0,,72.0,0.2325,6.2,3.8475,0.0,14.1475,0.0,0.255,0.0,6.75,0.0,0.35,0.2475,0.075,0.05575,0.03675,1.3545,0.0435,0.5,0.23,13.125,184.75,76.75,2.0,3.75,0.5025,1.05,4.45,0.997,0.0,0.0,288.0,0.93,24.8,15.39,0.0,56.59,0.0,1.02,0.0,27.0,0.0,1.4,0.99,0.3,0.223,0.147,5.418,0.174,2.0,0.92,52.5,739.0,307.0,8.0,15.0,2.01,4.2,17.8,3.988,0.0,0.0,1.0017,false,0.4,97.71,true,true,,
Base.SawflyLarva,food,per_item,27.0|3.0|20.24|27.55,rumpold2013:hymenoptera,literature,"per-order mean, dry matter (Rumpold 2013 as reproduced in Lee 2020 Table 4; S1184)",guess,raw,,18.6,judgement,,,,27.0,3.0,20.24,27.55,-1.0,,27.03231,1.448568,1.400022,2.593026,0.318618,13.02,,,,,,,,,,,,,,,,,,,,,,,,,,145.335,7.788,7.527,13.941,1.713,70.0,,,,,,,,,,,,,,,,,,,,,,,,,,1.0406,false,1.0012,99.256,true,,,
Base.Scotch,fluid_container,none,2270.0|0.0|0.0|0.0,,,,,,,,,,,fluid_sourced,2270.0,0.0,0.0,0.0,-20.0,-20.0,,,,,,,,,,,,,,,,,,,,,,,,,,,,,,,,,,,,,,,,,,,,,,,,,,,,,,,,,,,,,,,,,,,,,,
Base.ScoutCookies,food,per_item,1200.0|290.0|13.0|26.0,174967,sr_legacy,"Cookies, shortbread, commercially prepared, plain",close,prepared,,233.5,judgement,,,,1200.0,290.0,13.0,26.0,-20.0,,1200.19,148.9263,61.2237,12.53895,3.0355,8.406,0.0,6.9583,,0.0,2.335,0.0,5.6974,25.685,0.824255,0.73319,7.647125,0.165785,289.54,0.0,2.1015,824.255,205.48,30.355,32.69,1.14415,,14.477,19.36182,0.0,0.0,514.0,63.78,26.22,5.37,1.3,3.6,0.0,2.98,,0.0,1.0,0.0,2.44,11.0,0.353,0.314,3.275,0.071,124.0,0.0,0.9,353.0,88.0,13.0,14.0,0.49,,6.2,8.292,0.0,0.0,0.9922,false,1.0002,98.97,true,,,
Base.SeasoningSalt,food,none,,,,,,,,,,,,spice_only,,,,,-10.0,20.0,,,,,,,,,,,,,,,,,,,,,,,,,,,,,,,,,,,,,,,,,,,,,,,,,,,,,,,,,,,,,,,,,,,,,,
Base.Seasoning_Basil,food,none,0.4|0.0|0.0|0.0,,,,,,,,,,,spice_only,0.4,0.0,0.0,0.0,-20.0,,,,,,,,,,,,,,,,,,,,,,,,,,,,,,,,,,,,,,,,,,,,,,,,,,,,,,,,,,,,,,,,,,,,,,,
Base.Seasoning_Chives,food,none,0.4|0.0|0.0|0.0,,,,,,,,,,,spice_only,0.4,0.0,0.0,0.0,-20.0,,,,,,,,,,,,,,,,,,,,,,,,,,,,,,,,,,,,,,,,,,,,,,,,,,,,,,,,,,,,,,,,,,,,,,,
Base.Seasoning_Cilantro,food,none,0.4|0.0|0.0|0.0,,,,,,,,,,,spice_only,0.4,0.0,0.0,0.0,-20.0,,,,,,,,,,,,,,,,,,,,,,,,,,,,,,,,,,,,,,,,,,,,,,,,,,,,,,,,,,,,,,,,,,,,,,,
Base.Seasoning_Oregano,food,none,0.4|0.0|0.0|0.0,,,,,,,,,,,spice_only,0.4,0.0,0.0,0.0,-20.0,,,,,,,,,,,,,,,,,,,,,,,,,,,,,,,,,,,,,,,,,,,,,,,,,,,,,,,,,,,,,,,,,,,,,,,
Base.Seasoning_Parsley,food,none,0.4|0.0|0.0|0.0,,,,,,,,,,,spice_only,0.4,0.0,0.0,0.0,-20.0,,,,,,,,,,,,,,,,,,,,,,,,,,,,,,,,,,,,,,,,,,,,,,,,,,,,,,,,,,,,,,,,,,,,,,,
Base.Seasoning_Rosemary,food,none,0.4|0.0|0.0|0.0,,,,,,,,,,,spice_only,0.4,0.0,0.0,0.0,-20.0,,,,,,,,,,,,,,,,,,,,,,,,,,,,,,,,,,,,,,,,,,,,,,,,,,,,,,,,,,,,,,,,,,,,,,,
Base.Seasoning_Sage,food,none,0.4|0.0|0.0|0.0,,,,,,,,,,,spice_only,0.4,0.0,0.0,0.0,-20.0,,,,,,,,,,,,,,,,,,,,,,,,,,,,,,,,,,,,,,,,,,,,,,,,,,,,,,,,,,,,,,,,,,,,,,,
Base.Seasoning_Thyme,food,none,0.4|0.0|0.0|0.0,,,,,,,,,,,spice_only,0.4,0.0,0.0,0.0,-20.0,,,,,,,,,,,,,,,,,,,,,,,,,,,,,,,,,,,,,,,,,,,,,,,,,,,,,,,,,,,,,,,,,,,,,,,
Base.Seaweed,food,none,3.0|0.0|0.0|0.0,,,,,,,,,,,spice_only,3.0,0.0,0.0,0.0,-3.0,,,,,,,,,,,,,,,,,,,,,,,,,,,,,,,,,,,,,,,,,,,,,,,,,,,,,,,,,,,,,,,,,,,,,,,
Base.SeedPaste,food,per_item,2120.0|0.0|130.0|0.0,170155,sr_legacy,"Seeds, sunflower seed butter, without salt",close,prepared,,343.6,judgement,,,,2120.0,0.0,130.0,0.0,-30.0,,2120.012,80.12752,189.6672,59.37408,19.5852,2.13032,9.2772,14.15632,,0.0,,0.0,78.65004,,0.182108,0.560068,23.182692,1.8898,814.332,0.0,,10.308,1979.136,219.904,1068.596,16.80204,,358.7184,33.624696,,,617.0,23.32,55.2,17.28,5.7,0.62,2.7,4.12,,0.0,,0.0,22.89,,0.053,0.163,6.747,0.55,237.0,0.0,,3.0,576.0,64.0,311.0,4.89,,104.4,9.786,,,1.0499,false,1.0,96.42,true,,,
Base.SeedPasteBowl,food,per_item,2120.0|0.0|130.0|0.0,170155,sr_legacy,"Seeds, sunflower seed butter, without salt",close,prepared,,343.6,judgement,,,,2120.0,0.0,130.0,0.0,-30.0,,2120.012,80.12752,189.6672,59.37408,19.5852,2.13032,9.2772,14.15632,,0.0,,0.0,78.65004,,0.182108,0.560068,23.182692,1.8898,814.332,0.0,,10.308,1979.136,219.904,1068.596,16.80204,,358.7184,33.624696,,,617.0,23.32,55.2,17.28,5.7,0.62,2.7,4.12,,0.0,,0.0,22.89,,0.053,0.163,6.747,0.55,237.0,0.0,,3.0,576.0,64.0,311.0,4.89,,104.4,9.786,,,1.0499,false,1.0,96.42,true,,,
Base.SesameOil,food,per_item,120.0|0.0|14.0|0.0,171016,sr_legacy,"Oil, sesame, salad or cooking",exact,prepared,,13.8,vanilla_implied,,zero:oil,,120.0,0.0,14.0,0.0,-10.0,40.0,121.992,0.0,13.8,0.0,0.0,0.0,0.0,0.0,0.0,0.0,0.0,0.0,0.1932,1.8768,0.0,0.0,0.0,0.0,0.0,0.0,0.0276,0.0,0.0,0.0,0.0,0.0,,0.0,5.7408,0.0,0.0,884.0,0.0,100.0,0.0,0.0,0.0,0.0,0.0,0.0,0.0,0.0,0.0,1.4,13.6,0.0,0.0,0.0,0.0,0.0,0.0,0.2,0.0,0.0,0.0,0.0,0.0,,0.0,41.6,0.0,0.0,1.0181,false,1.0166,100.0,true,,,
Base.SheepElectricShears,drainable,none,,,,,,,,,,,,not_food,,,,,,,,,,,,,,,,,,,,,,,,,,,,,,,,,,,,,,,,,,,,,,,,,,,,,,,,,,,,,,,,,,,,,,,,,,,,
Base.Sheep_Ewe_Head_Black,food,none,,,,,,,,,,,,inedible_body_part,,,,,,,,,,,,,,,,,,,,,,,,,,,,,,,,,,,,,,,,,,,,,,,,,,,,,,,,,,,,,,,,,,,,,,,,,,,,
Base.Sheep_Ewe_Head_White,food,none,,,,,,,,,,,,inedible_body_part,,,,,,,,,,,,,,,,,,,,,,,,,,,,,,,,,,,,,,,,,,,,,,,,,,,,,,,,,,,,,,,,,,,,,,,,,,,,
Base.Sheep_Lamb_Head_Black,food,none,,,,,,,,,,,,inedible_body_part,,,,,,,,,,,,,,,,,,,,,,,,,,,,,,,,,,,,,,,,,,,,,,,,,,,,,,,,,,,,,,,,,,,,,,,,,,,,
Base.Sheep_Lamb_Head_White,food,none,,,,,,,,,,,,inedible_body_part,,,,,,,,,,,,,,,,,,,,,,,,,,,,,,,,,,,,,,,,,,,,,,,,,,,,,,,,,,,,,,,,,,,,,,,,,,,,
Base.Sheep_Ram_Head_Black,food,none,,,,,,,,,,,,inedible_body_part,,,,,,,,,,,,,,,,,,,,,,,,,,,,,,,,,,,,,,,,,,,,,,,,,,,,,,,,,,,,,,,,,,,,,,,,,,,,
Base.Sheep_Ram_Head_White,food,none,,,,,,,,,,,,inedible_body_part,,,,,,,,,,,,,,,,,,,,,,,,,,,,,,,,,,,,,,,,,,,,,,,,,,,,,,,,,,,,,,,,,,,,,,,,,,,,
Base.Sherry,fluid_container,none,1520.0|69.0|0.0|0.0,,,,,,,,,,,fluid_sourced,1520.0,69.0,0.0,0.0,-20.0,-20.0,,,,,,,,,,,,,,,,,,,,,,,,,,,,,,,,,,,,,,,,,,,,,,,,,,,,,,,,,,,,,,,,,,,,,,
Base.Shrimp,food,per_item,80.0|0.0|7.0|10.0,174210,sr_legacy,"Crustaceans, shrimp, mixed species, raw (may contain additives to retain moisture)",close,raw,2755,112.7,judgement,iodine:shrimp-raw,zero:fish,,80.0,0.0,7.0,10.0,-10.0,,80.017,1.02557,1.13827,15.33847,0.0,93.55227,0.0,0.23667,0.0,60.858,0.0,0.1127,1.48764,0.3381,0.02254,0.016905,2.003806,0.181447,21.413,1.25097,91.1743,637.882,127.351,60.858,24.794,1.09319,15.778,33.3592,0.113827,0.0,0.0,71.0,0.91,1.01,13.61,0.0,83.01,0.0,0.21,0.0,54.0,0.0,0.1,1.32,0.3,0.02,0.015,1.778,0.161,19.0,1.11,80.9,566.0,113.0,54.0,22.0,0.97,14.0,29.6,0.101,0.0,0.0,0.9461,false,1.0002,98.54,true,true,,
Base.ShrimpDumpling,food,per_item,120.0|5.0|7.0|15.0,169773,sr_legacy,"Potsticker or wonton, pork and vegetable, frozen, unprepared",proxy,prepared,,88.2,judgement,,,,120.0,5.0,7.0,15.0,-15.0,,119.952,11.71296,4.86864,7.30296,1.2348,62.56908,7.3206,0.65268,,0.882,39.69,0.1764,0.2205,48.51,0.323694,0.112014,1.972152,0.218736,15.876,0.22932,46.2168,388.962,250.488,24.696,18.522,1.47294,,15.6114,0.653562,0.0,0.0,136.0,13.28,5.52,8.28,1.4,70.94,8.3,0.74,,1.0,45.0,0.2,0.25,55.0,0.367,0.127,2.236,0.248,18.0,0.26,52.4,441.0,284.0,28.0,21.0,1.67,,17.7,0.741,0.0,0.0,0.9788,false,0.9996,98.02,true,,,
Base.ShrimpFried,food,per_item,160.0|17.0|14.0|16.0,171970,sr_legacy,"Crustaceans, shrimp, mixed species, cooked, breaded and fried",close,cooked,,66.1,judgement,iodine:shrimp-breaded-fried,,,160.0,17.0,14.0,16.0,-15.0,,159.962,7.58167,8.11708,14.13879,0.2644,34.94046,0.9915,0.83286,,,,0.0661,0.8593,0.661,0.085269,0.089896,2.02927,0.064778,25.779,1.23607,60.2832,227.384,148.725,44.287,26.44,0.91218,4.8914,27.5637,3.158258,0.0,0.0,242.0,11.47,12.28,21.39,0.4,52.86,1.5,1.26,,,,0.1,1.3,1.0,0.129,0.136,3.07,0.098,39.0,1.87,91.2,344.0,225.0,67.0,40.0,1.38,7.4,41.7,4.778,0.0,0.0,0.9965,false,0.9998,98.0,true,,,
Base.ShrimpFriedCraft,food,per_item,160.0|17.0|14.0|16.0,171970,sr_legacy,"Crustaceans, shrimp, mixed species, cooked, breaded and fried",close,cooked,2756,66.1,judgement,iodine:shrimp-breaded-fried,,,160.0,17.0,14.0,16.0,-15.0,,159.962,7.58167,8.11708,14.13879,0.2644,34.94046,0.9915,0.83286,,,,0.0661,0.8593,0.661,0.085269,0.089896,2.02927,0.064778,25.779,1.23607,60.2832,227.384,148.725,44.287,26.44,0.91218,4.8914,27.5637,3.158258,0.0,0.0,242.0,11.47,12.28,21.39,0.4,52.86,1.5,1.26,,,,0.1,1.3,1.0,0.129,0.136,3.07,0.098,39.0,1.87,91.2,344.0,225.0,67.0,40.0,1.38,7.4,41.7,4.778,0.0,0.0,0.9965,false,0.9998,98.0,true,true,,
Base.SilkMothCaterpillar,food,per_item,27.0|3.0|20.24|27.55,rumpold2013:lepidoptera,literature,"per-order mean, dry matter (Rumpold 2013 as reproduced in Lee 2020 Table 4; S1182)",guess,raw,,17.7,judgement,,,,27.0,3.0,20.24,27.55,-1.0,,27.022059,1.346616,1.468746,2.409678,0.35046,12.39,,,,,,,,,,,,,,,,,,,,,,,,,,152.667,7.608,8.298,13.614,1.98,70.0,,,,,,,,,,,,,,,,,,,,,,,,,,1.0193,false,1.0008,99.52,true,,,
Base.SilverCup,fluid_container,none,,,,,,,,,,,,empty_container,,,,,,,,,,,,,,,,,,,,,,,,,,,,,,,,,,,,,,,,,,,,,,,,,,,,,,,,,,,,,,,,,,,,,,,,,,,,
Base.SimpleSyrup,fluid_container,none,0.0|0.0|0.0|0.0,,,,,,,,,,,fluid_sourced,0.0,0.0,0.0,0.0,-10.0,-30.0,,,,,,,,,,,,,,,,,,,,,,,,,,,,,,,,,,,,,,,,,,,,,,,,,,,,,,,,,,,,,,,,,,,,,,
Base.Slug,food,per_item,90.0|2.11|1.9|17.41,167744,sr_legacy,"Mollusks, snail, raw",proxy,raw,2755,100.0,judgement,,zero:fish,,90.0,2.11,1.9,17.41,-1.0,,90.0,2.0,1.4,16.1,0.0,79.2,0.0,3.5,0.0,30.0,0.0,0.0,5.0,0.1,0.01,0.12,1.4,0.13,6.0,0.5,65.0,70.0,382.0,10.0,250.0,1.0,,27.4,0.017,0.0,0.0,90.0,2.0,1.4,16.1,0.0,79.2,0.0,3.5,0.0,30.0,0.0,0.0,5.0,0.1,0.01,0.12,1.4,0.13,6.0,0.5,65.0,70.0,382.0,10.0,250.0,1.0,,27.4,0.017,0.0,0.0,0.9444,false,1.0,98.7,true,true,,
Base.Slug2,food,per_item,90.0|2.11|1.9|17.41,167744,sr_legacy,"Mollusks, snail, raw",proxy,raw,2755,100.0,judgement,,zero:fish,,90.0,2.11,1.9,17.41,-1.0,,90.0,2.0,1.4,16.1,0.0,79.2,0.0,3.5,0.0,30.0,0.0,0.0,5.0,0.1,0.01,0.12,1.4,0.13,6.0,0.5,65.0,70.0,382.0,10.0,250.0,1.0,,27.4,0.017,0.0,0.0,90.0,2.0,1.4,16.1,0.0,79.2,0.0,3.5,0.0,30.0,0.0,0.0,5.0,0.1,0.01,0.12,1.4,0.13,6.0,0.5,65.0,70.0,382.0,10.0,250.0,1.0,,27.4,0.017,0.0,0.0,0.9444,false,1.0,98.7,true,true,,
Base.SlugRepellent,drainable,none,,,,,,,,,,,,not_food,,,,,,,,,,,,,,,,,,,,,,,,,,,,,,,,,,,,,,,,,,,,,,,,,,,,,,,,,,,,,,,,,,,,,,,,,,,,
Base.Smallanimalmeat,food,per_item,201.0|5.0|7.25|45.0,172523,sr_legacy,"Game meat, squirrel, raw",proxy,raw,1001,167.5,judgement,,zero:meat,,201.0,5.0,7.25,45.0,-15.0,,201.0,0.0,5.37675,35.56025,0.0,123.66525,0.0,7.8725,0.0,0.0,,,,,0.11725,0.35175,6.7,,,,,172.525,509.2,3.35,40.2,,,15.5775,1.5745,,,120.0,0.0,3.21,21.23,0.0,73.83,0.0,4.7,0.0,0.0,,,,,0.07,0.21,4.0,,,,,103.0,304.0,2.0,24.0,,,9.3,0.94,,,0.9484,false,1.0,98.27,true,true,,
Base.Smallbirdmeat,food,per_item,261.0|5.0|8.25|90.0,171079,sr_legacy,"Squab, (pigeon), meat only, raw",proxy,raw,801,168.0,fdc_portion:2,,zero:meat,,261.0,5.0,8.25,90.0,-15.0,,238.56,0.0,12.6,29.4,0.0,122.304,12.096,7.5768,0.0,47.04,,,,,0.47544,0.4788,11.5248,0.8904,11.76,0.7896,,85.68,398.16,21.84,42.0,4.536,,22.68,1.7304,,,142.0,0.0,7.5,17.5,0.0,72.8,7.2,4.51,0.0,28.0,,,,,0.283,0.285,6.86,0.53,7.0,0.47,,51.0,237.0,13.0,25.0,2.7,,13.5,1.03,,,0.9683,false,0.914,97.8,true,true,,
Base.SmallmouthBass,food,per_item,159.0|1.0|1.0|35.0,174184,sr_legacy,"Fish, bass, fresh water, mixed species, raw",close,raw,2309,139.5,judgement,,zero:fish,,159.0,1.0,1.0,35.0,-15.0,,159.03,0.0,5.14755,26.3097,0.0,105.5457,2.79,2.07855,0.0,41.85,,,,,0.104625,0.10323,1.74375,0.1674,20.925,2.79,,97.65,496.62,111.6,41.85,0.90675,,17.577,0.27621,,,114.0,0.0,3.69,18.86,0.0,75.66,2.0,1.49,0.0,30.0,,,,,0.075,0.074,1.25,0.12,15.0,2.0,,70.0,356.0,80.0,30.0,0.65,,12.6,0.198,,,0.9531,false,1.0002,98.21,true,true,,
Base.SmokingPipe_Tobacco,food,none,,,,,,,,,,,,tobacco_or_drug,,,,,0.0,,,,,,,,,,,,,,,,,,,,,,,,,,,,,,,,,,,,,,,,,,,,,,,,,,,,,,,,,,,,,,,,,,,,,,,
Base.Smore,food,per_item,200.0|33.0|10.0|3.0,172723,sr_legacy,"Cookies, marshmallow, chocolate-coated (includes marshmallow pies)",proxy,prepared,,39.0,fdc_portion:3,,,,200.0,33.0,10.0,3.0,-10.0,,164.19,26.403,6.591,1.56,0.78,3.939,0.039,0.9867,,0.39,0.0,0.0,0.0546,2.73,0.03627,0.08112,0.30576,0.02418,14.43,0.0663,5.304,73.32,70.98,17.94,14.04,0.2535,,1.716,0.75777,1.95,0.0,421.0,67.7,16.9,4.0,2.0,10.1,0.1,2.53,,1.0,0.0,0.0,0.14,7.0,0.093,0.208,0.784,0.062,37.0,0.17,13.6,188.0,182.0,46.0,36.0,0.65,,4.4,1.943,5.0,0.0,1.033,false,0.8209,98.7,true,,,
Base.Snail,food,per_item,90.0|2.11|1.9|17.41,167744,sr_legacy,"Mollusks, snail, raw",close,raw,2755,100.0,judgement,,zero:fish,,90.0,2.11,1.9,17.41,-1.0,,90.0,2.0,1.4,16.1,0.0,79.2,0.0,3.5,0.0,30.0,0.0,0.0,5.0,0.1,0.01,0.12,1.4,0.13,6.0,0.5,65.0,70.0,382.0,10.0,250.0,1.0,,27.4,0.017,0.0,0.0,90.0,2.0,1.4,16.1,0.0,79.2,0.0,3.5,0.0,30.0,0.0,0.0,5.0,0.1,0.01,0.12,1.4,0.13,6.0,0.5,65.0,70.0,382.0,10.0,250.0,1.0,,27.4,0.017,0.0,0.0,0.9444,false,1.0,98.7,true,true,,
Base.SnoGlobes,food,per_item,200.0|30.0|8.0|1.8,174942,sr_legacy,"Cake, snack cakes, creme-filled, chocolate with frosting",close,prepared,,49.9,vanilla_implied,,,,200.0,30.0,8.0,1.8,-10.0,,199.101,30.09469,7.94907,1.81137,1.5968,9.26643,0.9481,1.7964,,0.499,0.0,0.0,0.54391,5.2894,0.018463,0.037425,0.461575,0.071357,17.465,0.02994,10.2794,165.668,87.824,57.884,17.964,0.51896,,1.6966,0.909178,2.994,0.0,399.0,60.31,15.93,3.63,3.2,18.57,1.9,3.6,,1.0,0.0,0.0,1.09,10.6,0.037,0.075,0.925,0.143,35.0,0.06,20.6,332.0,176.0,116.0,36.0,1.04,,3.4,1.822,6.0,0.0,0.9843,false,0.9955,98.44,true,,,
Base.Soap2,drainable,none,,,,,,,,,,,,not_food,,,,,,,,,,,,,,,,,,,,,,,,,,,,,,,,,,,,,,,,,,,,,,,,,,,,,,,,,,,,,,,,,,,,,,,,,,,,
Base.SodaCan,fluid_container,none,400.0|104.0|0.0|0.0,,,,,,,,,,,fluid_sourced,400.0,104.0,0.0,0.0,-12.0,-30.0,,,,,,,,,,,,,,,,,,,,,,,,,,,,,,,,,,,,,,,,,,,,,,,,,,,,,,,,,,,,,,,,,,,,,,
Base.SoupBowl,food,per_item,124.0|15.0|4.7|6.3,174564,sr_legacy,"Soup, vegetarian vegetable, canned, prepared with equal volume water",proxy,prepared,,442.9,judgement,,,,124.0,15.0,4.7,6.3,-15.0,-15.0,124.012,21.65781,3.49891,3.80894,1.3287,409.28389,2.6574,1.94876,,0.0,3321.75,0.0,2.56882,9.3009,0.097438,0.084151,1.656446,0.101867,17.716,0.0,17.2731,1497.002,380.894,44.29,13.287,0.84151,,7.9722,1.306555,0.0,0.0,28.0,4.89,0.79,0.86,0.3,92.41,0.6,0.44,,0.0,750.0,0.0,0.58,2.1,0.022,0.019,0.374,0.023,4.0,0.0,3.9,338.0,86.0,10.0,3.0,0.19,,1.8,0.295,0.0,0.0,1.0539,false,1.0001,98.95,true,,,
Base.SoupBowlClay,food,none,124.0|15.0|4.7|6.3,,,,,,,,,,,vessel_only,124.0,15.0,4.7,6.3,-15.0,-15.0,,,,,,,,,,,,,,,,,,,,,,,,,,,,,,,,,,,,,,,,,,,,,,,,,,,,,,,,,,,,,,,,,,,,,,
Base.SourCream,food,per_item,420.0|370.0|14.0|2.0,171257,sr_legacy,"Cream, sour, cultured",close,prepared,,230.0,fdc_portion:2,,zero:dairy,,420.0,370.0,14.0,2.0,-16.0,,455.4,10.649,44.505,5.612,0.0,168.061,2.07,0.161,0.0,278.3,57.5,0.0,0.874,3.45,0.046,0.3864,0.2139,0.0943,13.8,0.483,44.16,71.3,287.5,232.3,23.0,0.759,,8.51,1.6606,0.0,0.0,198.0,4.63,19.35,2.44,0.0,73.07,0.9,0.07,0.0,121.0,25.0,0.0,0.38,1.5,0.02,0.168,0.093,0.041,6.0,0.21,19.2,31.0,125.0,101.0,10.0,0.33,,3.7,0.722,0.0,0.0,1.0224,false,1.0843,99.49,true,,,
Base.Soybeans,food,per_item,25.0|10.45|0.45|3.95,169282,sr_legacy,"Soybeans, green, raw",close,raw,,17.0,judgement,,,,25.0,10.45,0.45,3.95,-5.0,,24.99,1.8785,1.156,2.2015,0.714,11.475,4.93,0.6035,,0.0,,0.0,,,0.07395,0.02975,0.2805,0.01105,28.05,0.0,,2.55,105.4,33.49,11.05,0.1683,,0.255,0.54383,0.0,,147.0,11.05,6.8,12.95,4.2,67.5,29.0,3.55,,0.0,,0.0,,,0.435,0.175,1.65,0.065,165.0,0.0,,15.0,620.0,197.0,65.0,0.99,,1.5,3.199,0.0,,1.0122,false,0.9996,98.3,true,,,
Base.SoybeansSeed,food,per_item,5.0|2.0|0.1|0.8,174270,sr_legacy,"Soybeans, mature seeds, raw",close,dried,,1.1,judgement,,schlemmer2009:soybeans,,5.0,2.0,0.1,0.8,-1.0,,4.906,0.33176,0.21934,0.40139,0.1023,0.09394,0.066,0.1727,16.197566,0.0,0.143,0.0,0.00935,0.517,0.009614,0.00957,0.017853,0.004147,4.125,0.0,1.2749,0.022,19.767,3.047,3.08,0.05379,,0.1958,0.123805,0.0,0.0,446.0,30.16,19.94,36.49,9.3,8.54,6.0,15.7,1472.506,0.0,13.0,0.0,0.85,47.0,0.874,0.87,1.623,0.377,375.0,0.0,115.9,2.0,1797.0,277.0,280.0,4.89,,17.8,11.255,0.0,0.0,0.9584,false,0.9812,95.13,true,,,
Base.Soysauce,food,per_item,20.0|0.0|0.0|0.0,174277,sr_legacy,Soy sauce made from soy and wheat (shoyu),close,prepared,,37.7,judgement,,,,20.0,0.0,0.0,0.0,-10.0,40.0,19.981,1.85861,0.21489,3.06878,0.3016,26.82355,0.0,0.54665,,0.0,0.0,0.0,0.0,0.0,0.012441,0.062205,0.827892,0.055796,5.278,0.0,6.8991,2070.861,163.995,12.441,27.898,0.32799,,0.1885,0.099151,0.0,0.0,53.0,4.93,0.57,8.14,0.8,71.15,0.0,1.45,,0.0,0.0,0.0,0.0,0.0,0.033,0.165,2.196,0.148,14.0,0.0,18.3,5493.0,435.0,33.0,74.0,0.87,,0.5,0.263,0.0,0.0,1.053,false,0.9991,84.79,true,,,
Base.Spinach,food,per_item,24.0|3.0|0.0|4.0,168462,sr_legacy,"Spinach, raw",close,raw,3001,104.3,judgement,,zero:vegetable,,24.0,3.0,0.0,4.0,-5.0,,23.989,3.78609,0.40677,2.98298,2.2946,95.3302,29.3083,2.82653,0.0,0.0,5867.918,0.0,2.11729,503.6647,0.081354,0.197127,0.755132,0.203385,202.342,0.0,20.1299,82.397,581.994,103.257,82.397,0.55279,,1.043,0.171052,0.0,0.0,23.0,3.63,0.39,2.86,2.2,91.4,28.1,2.71,0.0,0.0,5626.0,0.0,2.03,482.9,0.078,0.189,0.724,0.195,194.0,0.0,19.3,79.0,558.0,99.0,79.0,0.53,,1.0,0.164,0.0,0.0,1.09,false,0.9995,98.28,true,true,,
Base.Sportsbottle,fluid_container,none,,,,,,,,,,,,fluid_sourced,,,,,,-50.0,,,,,,,,,,,,,,,,,,,,,,,,,,,,,,,,,,,,,,,,,,,,,,,,,,,,,,,,,,,,,,,,,,,,,,
Base.SpottedBass,food,per_item,159.0|1.0|1.0|35.0,174184,sr_legacy,"Fish, bass, fresh water, mixed species, raw",close,raw,2309,139.5,judgement,,zero:fish,,159.0,1.0,1.0,35.0,-15.0,,159.03,0.0,5.14755,26.3097,0.0,105.5457,2.79,2.07855,0.0,41.85,,,,,0.104625,0.10323,1.74375,0.1674,20.925,2.79,,97.65,496.62,111.6,41.85,0.90675,,17.577,0.27621,,,114.0,0.0,3.69,18.86,0.0,75.66,2.0,1.49,0.0,30.0,,,,,0.075,0.074,1.25,0.12,15.0,2.0,,70.0,356.0,80.0,30.0,0.65,,12.6,0.198,,,0.9531,false,1.0002,98.21,true,true,,
Base.SprayPaint,drainable,none,,,,,,,,,,,,not_food,,,,,,,,,,,,,,,,,,,,,,,,,,,,,,,,,,,,,,,,,,,,,,,,,,,,,,,,,,,,,,,,,,,,,,,,,,,,
Base.Springroll,food,per_item,180.0|22.0|17.0|9.0,172105,sr_legacy,"Egg rolls, vegetable, frozen, prepared",close,prepared,,68.0,fdc_portion:1,,,,180.0,22.0,17.0,9.0,-20.0,,145.52,21.6036,4.7396,4.046,1.632,36.2916,4.556,1.326,,0.0,335.92,0.0,0.51,26.792,0.18972,0.1666,1.71292,0.0646,51.0,0.0,9.996,333.2,150.96,34.0,15.64,0.306,,7.548,2.31132,0.0,0.0,214.0,31.77,6.97,5.95,2.4,53.37,6.7,1.95,,0.0,494.0,0.0,0.75,39.4,0.279,0.245,2.519,0.095,75.0,0.0,14.7,490.0,222.0,50.0,23.0,0.45,,11.1,3.399,0.0,0.0,0.9757,false,0.8084,98.06,true,,,
Base.Squash,food,per_item,202.0|10.22|10.3|17.26,170489,sr_legacy,"Squash, winter, all varieties, raw",close,raw,3771,594.1,judgement,,zero:vegetable,,202.0,10.22,10.3,17.26,-20.0,,201.994,51.03319,0.77233,5.64395,8.9115,533.26416,73.0743,3.44578,0.0,0.0,4871.62,0.0,0.71292,6.5351,0.17823,0.368342,2.9705,0.926796,142.584,0.0,59.41,23.764,2079.35,166.348,83.174,1.24761,,2.3764,0.332696,0.0,0.0,34.0,8.59,0.13,0.95,1.5,89.76,12.3,0.58,0.0,0.0,820.0,0.0,0.12,1.1,0.03,0.062,0.5,0.156,24.0,0.0,10.0,4.0,350.0,28.0,14.0,0.21,,0.4,0.056,0.0,0.0,1.0685,false,1.0,99.43,true,true,,
Base.Squid,food,per_item,205.0|1.0|13.0|32.52,174223,sr_legacy,"Mollusks, squid, mixed species, raw",close,raw,,222.8,judgement,,zero:fish,,205.0,1.0,13.0,32.52,-30.0,,204.976,6.86224,3.07464,34.71224,0.0,175.0094,10.4716,1.51504,0.0,22.28,0.0,0.0,2.6736,0.0,0.04456,0.917936,4.8459,0.124768,11.14,2.8964,144.82,98.032,548.088,71.296,73.524,3.40884,,99.8144,0.013368,0.0,0.0,92.0,3.08,1.38,15.58,0.0,78.55,4.7,0.68,0.0,10.0,0.0,0.0,1.2,0.0,0.02,0.412,2.175,0.056,5.0,1.3,65.0,44.0,246.0,32.0,33.0,1.53,,44.8,0.006,0.0,0.0,0.9463,false,0.9999,98.59,true,,,
Base.SquidCalamari,food,per_item,105.0|3.0|0.0|18.0,174223,sr_legacy,"Mollusks, squid, mixed species, raw",close,raw,2755,114.1,judgement,,zero:fish,,105.0,3.0,0.0,18.0,-10.0,,104.972,3.51428,1.57458,17.77678,0.0,89.62555,5.3627,0.77588,0.0,11.41,0.0,0.0,1.3692,0.0,0.02282,0.470092,2.481675,0.063896,5.705,1.4833,74.165,50.204,280.686,36.512,37.653,1.74573,,51.1168,0.006846,0.0,0.0,92.0,3.08,1.38,15.58,0.0,78.55,4.7,0.68,0.0,10.0,0.0,0.0,1.2,0.0,0.02,0.412,2.175,0.056,5.0,1.3,65.0,44.0,246.0,32.0,33.0,1.53,,44.8,0.006,0.0,0.0,0.9463,false,0.9997,98.59,true,true,,
Base.Staples,drainable,none,,,,,,,,,,,,not_food,,,,,,,,,,,,,,,,,,,,,,,,,,,,,,,,,,,,,,,,,,,,,,,,,,,,,,,,,,,,,,,,,,,,,,,,,,,,
Base.Steak,food,per_item,220.0|0.0|9.35|31.62,169462,sr_legacy,"Beef, short loin, porterhouse steak, separable lean only, trimmed to 1/8"" fat, all grades, raw",close,raw,602,141.8,vanilla_implied,iodine:beef-steak-broiled,zero:meat,,220.0,0.0,9.35,31.62,-40.0,,219.79,0.0,9.3588,31.64976,0.0,99.71376,0.0,2.93526,0.0,2.836,0.0,0.1418,0.36868,1.8434,0.076572,0.364426,7.624586,0.977002,4.254,2.7651,79.9752,72.318,388.532,25.524,15.598,5.07644,6.6646,31.196,0.408384,0.0,0.0,155.0,0.0,6.6,22.32,0.0,70.32,0.0,2.07,0.0,2.0,0.0,0.1,0.26,1.3,0.054,0.257,5.377,0.689,3.0,1.95,56.4,51.0,274.0,18.0,11.0,3.58,4.7,22.0,0.288,0.0,0.0,0.9592,false,0.999,99.24,true,true,,
Base.SteelWool,drainable,none,,,,,,,,,,,,not_food,,,,,,,,,,,,,,,,,,,,,,,,,,,,,,,,,,,,,,,,,,,,,,,,,,,,,,,,,,,,,,,,,,,,,,,,,,,,
Base.StewBowl,food,per_item,250.0|34.0|3.0|23.0,173330,sr_legacy,"Beef stew, canned entree",close,prepared,,252.5,judgement,,,,250.0,34.0,3.0,23.0,-15.0,,249.975,19.82125,13.96325,11.13525,2.2725,203.9695,1.7675,6.262,,0.0,267.65,0.0,0.68175,15.655,0.184325,0.133825,2.7674,0.219675,35.35,1.2625,39.39,979.7,411.575,30.3,20.2,2.525,,11.8675,0.59085,0.0,0.0,99.0,7.85,5.53,4.41,0.9,80.78,0.7,2.48,,0.0,106.0,0.0,0.27,6.2,0.073,0.053,1.096,0.087,14.0,0.5,15.6,388.0,163.0,12.0,8.0,1.0,,4.7,0.234,0.0,0.0,0.9799,false,0.9999,98.57,true,,,
Base.StewBowlClay,food,none,250.0|34.0|3.0|23.0,,,,,,,,,,,vessel_only,250.0,34.0,3.0,23.0,-15.0,,,,,,,,,,,,,,,,,,,,,,,,,,,,,,,,,,,,,,,,,,,,,,,,,,,,,,,,,,,,,,,,,,,,,,,
Base.Strewberrie,food,per_item,4.0|0.92|0.04|0.08,167762,sr_legacy,"Strawberries, raw",close,raw,,12.5,judgement,,zero:fruit,,4.0,0.92,0.04,0.08,-5.0,-1.0,4.0,0.96,0.0375,0.08375,0.25,11.36875,7.35,0.05125,0.0,0.0,0.875,0.0,0.03625,0.275,0.003,0.00275,0.04825,0.005875,3.0,0.0,0.7125,0.125,19.125,2.0,1.625,0.0175,,0.05,0.019375,0.0,0.0,32.0,7.68,0.3,0.67,2.0,90.95,58.8,0.41,0.0,0.0,7.0,0.0,0.29,2.2,0.024,0.022,0.386,0.047,24.0,0.0,5.7,1.0,153.0,16.0,13.0,0.14,,0.4,0.155,0.0,0.0,1.0031,false,1.0,99.6,true,,,
Base.StripedBass,food,per_item,159.0|1.0|1.0|35.0,171948,sr_legacy,"Fish, bass, striped, raw",close,raw,2309,159.0,fdc_portion:2,,zero:fish,,159.0,1.0,1.0,35.0,-15.0,,154.23,0.0,3.7047,28.1907,0.0,125.9598,0.0,1.3356,0.0,42.93,,,,,0.159,0.0477,3.339,0.477,14.31,6.0738,,109.71,407.04,23.85,63.6,0.636,,58.035,0.0477,,0.0,97.0,0.0,2.33,17.73,0.0,79.22,0.0,0.84,0.0,27.0,,,,,0.1,0.03,2.1,0.3,9.0,3.82,,69.0,256.0,15.0,40.0,0.4,,36.5,0.03,,0.0,0.9473,false,0.97,99.28,true,true,,
Base.Sugar,food,per_item,387.0|100.0|0.0|0.0,169655,sr_legacy,"Sugars, granulated",exact,prepared,,100.0,vanilla_implied,,zero:sugar,,387.0,100.0,0.0,0.0,-30.0,,387.0,99.98,0.0,0.0,0.0,0.02,0.0,0.05,0.0,0.0,0.0,0.0,0.0,0.0,0.0,0.019,0.0,0.0,0.0,0.0,0.0,1.0,2.0,1.0,0.0,0.01,,0.6,0.0,0.0,0.0,387.0,99.98,0.0,0.0,0.0,0.02,0.0,0.05,0.0,0.0,0.0,0.0,0.0,0.0,0.0,0.019,0.0,0.0,0.0,0.0,0.0,1.0,2.0,1.0,0.0,0.01,,0.6,0.0,0.0,0.0,1.0334,false,1.0,100.0,true,,,
Base.SugarBeet,food,per_item,24.0|3.0|0.0|4.0,169145,sr_legacy,"Beets, raw",proxy,raw,3451,55.8,judgement,,zero:vegetable,,24.0,3.0,0.0,4.0,-9.0,-4.0,23.994,5.33448,0.09486,0.89838,1.5624,48.86964,2.7342,0.4464,0.0,0.0,11.16,0.0,0.02232,0.1116,0.017298,0.02232,0.186372,0.037386,60.822,0.0,3.348,43.524,181.35,8.928,12.834,0.1953,,0.3906,0.03348,0.0,0.0,43.0,9.56,0.17,1.61,2.8,87.58,4.9,0.8,0.0,0.0,20.0,0.0,0.04,0.2,0.031,0.04,0.334,0.067,109.0,0.0,6.0,78.0,325.0,16.0,23.0,0.35,,0.7,0.06,0.0,0.0,0.9444,false,0.9998,98.92,true,true,,
Base.SugarBeetPulpPot,food,per_item,216.0|27.0|0.0|36.0,169145,sr_legacy,"Beets, raw",proxy,raw,3456,502.3,judgement,,zero:vegetable,,216.0,27.0,0.0,36.0,-45.0,,215.989,48.01988,0.85391,8.08703,14.0644,439.91434,24.6127,4.0184,0.0,0.0,100.46,0.0,0.20092,1.0046,0.155713,0.20092,1.677682,0.336541,547.507,0.0,30.138,391.794,1632.475,80.368,115.529,1.75805,,3.5161,0.30138,0.0,0.0,43.0,9.56,0.17,1.61,2.8,87.58,4.9,0.8,0.0,0.0,20.0,0.0,0.04,0.2,0.031,0.04,0.334,0.067,109.0,0.0,6.0,78.0,325.0,16.0,23.0,0.35,,0.7,0.06,0.0,0.0,0.9444,false,0.9999,98.92,true,true,,
Base.SugarBeetSugarPot,food,per_item,387.0|100.0|0.0|0.0,169655,sr_legacy,"Sugars, granulated",close,prepared,,100.0,vanilla_implied,,zero:sugar,,387.0,100.0,0.0,0.0,-30.0,,387.0,99.98,0.0,0.0,0.0,0.02,0.0,0.05,0.0,0.0,0.0,0.0,0.0,0.0,0.0,0.019,0.0,0.0,0.0,0.0,0.0,1.0,2.0,1.0,0.0,0.01,,0.6,0.0,0.0,0.0,387.0,99.98,0.0,0.0,0.0,0.02,0.0,0.05,0.0,0.0,0.0,0.0,0.0,0.0,0.0,0.019,0.0,0.0,0.0,0.0,0.0,1.0,2.0,1.0,0.0,0.01,,0.6,0.0,0.0,0.0,1.0334,false,1.0,100.0,true,,,
Base.SugarBeetSyrupPot,food,per_item,387.0|100.0|0.0|0.0,168820,sr_legacy,Molasses,proxy,prepared,,133.6,vanilla_implied,,zero:sugar,,387.0,100.0,0.0,0.0,-30.0,,387.44,99.83928,0.1336,0.0,0.0,29.21832,0.0,6.30592,0.0,0.0,0.0,0.0,0.0,0.0,0.054776,0.002672,1.24248,0.89512,0.0,0.0,17.7688,49.432,1955.904,273.88,323.312,0.38744,,23.7808,0.0668,0.0,0.0,290.0,74.73,0.1,0.0,0.0,21.87,0.0,4.72,0.0,0.0,0.0,0.0,0.0,0.0,0.041,0.002,0.93,0.67,0.0,0.0,13.3,37.0,1464.0,205.0,242.0,0.29,,17.8,0.05,0.0,0.0,1.0339,false,1.0011,96.7,true,,,
Base.SugarBrown,food,per_item,337.0|90.0|0.0|0.0,168833,sr_legacy,"Sugars, brown",exact,prepared,,90.2,vanilla_implied,,zero:sugar,,337.0,90.0,0.0,0.0,-30.0,,342.76,88.47718,0.0,0.10824,0.0,1.20868,0.0,0.64042,0.0,0.0,0.0,0.0,0.0,0.0,0.0,0.0,0.09922,0.036982,0.902,0.0,2.0746,25.256,119.966,74.866,8.118,0.02706,,1.0824,0.0,0.0,0.0,380.0,98.09,0.0,0.12,0.0,1.34,0.0,0.71,0.0,0.0,0.0,0.0,0.0,0.0,0.0,0.0,0.11,0.041,1.0,0.0,2.3,28.0,133.0,83.0,9.0,0.03,,1.2,0.0,0.0,0.0,1.0338,false,1.0171,99.55,true,,,
Base.SugarCubes,food,per_item,44.0|12.0|0.0|0.0,169655,sr_legacy,"Sugars, granulated",exact,prepared,,11.7,vanilla_implied,,zero:sugar,,44.0,12.0,0.0,0.0,-4.0,,45.279,11.69766,0.0,0.0,0.0,0.00234,0.0,0.00585,0.0,0.0,0.0,0.0,0.0,0.0,0.0,0.002223,0.0,0.0,0.0,0.0,0.0,0.117,0.234,0.117,0.0,0.00117,,0.0702,0.0,0.0,0.0,387.0,99.98,0.0,0.0,0.0,0.02,0.0,0.05,0.0,0.0,0.0,0.0,0.0,0.0,0.0,0.019,0.0,0.0,0.0,0.0,0.0,1.0,2.0,1.0,0.0,0.01,,0.6,0.0,0.0,0.0,1.0334,false,1.0291,100.0,true,,,
Base.SugarPacket,food,per_item,11.0|3.0|0.0|0.0,169655,sr_legacy,"Sugars, granulated",exact,prepared,,2.9,vanilla_implied,,zero:sugar,,11.0,3.0,0.0,0.0,-1.0,,11.223,2.89942,0.0,0.0,0.0,0.00058,0.0,0.00145,0.0,0.0,0.0,0.0,0.0,0.0,0.0,0.000551,0.0,0.0,0.0,0.0,0.0,0.029,0.058,0.029,0.0,0.00029,,0.0174,0.0,0.0,0.0,387.0,99.98,0.0,0.0,0.0,0.02,0.0,0.05,0.0,0.0,0.0,0.0,0.0,0.0,0.0,0.019,0.0,0.0,0.0,0.0,0.0,1.0,2.0,1.0,0.0,0.01,,0.6,0.0,0.0,0.0,1.0334,false,1.0203,100.0,true,,,
Base.SunflowerHead,food,none,,,,,,,,,,,,not_food,,,,,,,,,,,,,,,,,,,,,,,,,,,,,,,,,,,,,,,,,,,,,,,,,,,,,,,,,,,,,,,,,,,,,,,,,,,,
Base.SunflowerHeadDried,food,none,,,,,,,,,,,,not_food,,,,,,,,,,,,,,,,,,,,,,,,,,,,,,,,,,,,,,,,,,,,,,,,,,,,,,,,,,,,,,,,,,,,,,,,,,,,
Base.SunflowerSeeds,food,per_item,355.0|0.0|22.5|0.0,170562,sr_legacy,"Seeds, sunflower seed kernels, dried",close,dried,,60.8,judgement,,,,355.0,0.0,22.5,0.0,-5.0,,355.072,12.16,31.28768,12.63424,5.2288,2.87584,0.8512,3.192,,0.0,18.24,0.0,21.38336,0.0,0.89984,0.21584,5.06768,0.81776,138.016,0.0,33.5008,5.472,392.16,47.424,197.6,3.04,,32.224,14.05088,0.0,0.0,584.0,20.0,51.46,20.78,8.6,4.73,1.4,5.25,,0.0,30.0,0.0,35.17,0.0,1.48,0.355,8.335,1.345,227.0,0.0,55.1,9.0,645.0,78.0,325.0,5.0,,53.0,23.11,0.0,0.0,1.0429,false,1.0002,96.97,true,,,
Base.SushiEgg,food,per_item,19.0|7.0|3.0|12.0,168932,sr_legacy,"Rice, white, short-grain, cooked, unenriched",proxy,prepared,,14.6,judgement,,,,19.0,7.0,3.0,12.0,-8.0,,18.98,4.19458,0.02774,0.34456,,10.00538,0.0,0.0292,,,,0.0,,,0.00292,0.002336,0.0584,0.008614,0.292,0.0,,0.0,3.796,0.146,1.168,0.0584,,,0.0073,,,130.0,28.73,0.19,2.36,,68.53,0.0,0.2,,,,0.0,,,0.02,0.016,0.4,0.059,2.0,0.0,,0.0,26.0,1.0,8.0,0.4,,,0.05,,,0.9698,false,0.9989,99.81,,,,
Base.SushiFish,food,per_item,19.0|5.0|0.0|10.0,168932,sr_legacy,"Rice, white, short-grain, cooked, unenriched",proxy,prepared,,14.6,judgement,,,,19.0,5.0,0.0,10.0,-8.0,,18.98,4.19458,0.02774,0.34456,,10.00538,0.0,0.0292,,,,0.0,,,0.00292,0.002336,0.0584,0.008614,0.292,0.0,,0.0,3.796,0.146,1.168,0.0584,,,0.0073,,,130.0,28.73,0.19,2.36,,68.53,0.0,0.2,,,,0.0,,,0.02,0.016,0.4,0.059,2.0,0.0,,0.0,26.0,1.0,8.0,0.4,,,0.05,,,0.9698,false,0.9989,99.81,,,,
Base.SwallowtailCaterpillar,food,per_item,27.0|3.0|20.24|27.55,rumpold2013:lepidoptera,literature,"per-order mean, dry matter (Rumpold 2013 as reproduced in Lee 2020 Table 4; S1182)",guess,raw,,17.7,judgement,,,,27.0,3.0,20.24,27.55,-1.0,,27.022059,1.346616,1.468746,2.409678,0.35046,12.39,,,,,,,,,,,,,,,,,,,,,,,,,,152.667,7.608,8.298,13.614,1.98,70.0,,,,,,,,,,,,,,,,,,,,,,,,,,1.0193,false,1.0008,99.52,true,,,
Base.SweetPotato,food,per_item,70.0|14.52|0.15|2.88,168482,sr_legacy,"Sweet potato, raw, unprepared (Includes foods for USDA's Food Distribution Program)",close,raw,3701,81.4,judgement,,zero:vegetable,,70.0,14.52,0.15,2.88,-18.0,-7.0,70.004,16.37768,0.0407,1.27798,2.442,62.90592,1.9536,0.49654,0.0,0.0,6926.326,0.0,0.21164,1.4652,0.063492,0.049654,0.453398,0.170126,8.954,0.0,10.0122,44.77,274.318,24.42,20.35,0.2442,,0.4884,0.011396,0.0,0.0,86.0,20.12,0.05,1.57,3.0,77.28,2.4,0.61,0.0,0.0,8509.0,0.0,0.26,1.8,0.078,0.061,0.557,0.209,11.0,0.0,12.3,55.0,337.0,30.0,25.0,0.3,,0.6,0.014,0.0,0.0,0.9443,false,1.0001,99.02,true,true,,
Base.TVDinner,food,per_item,670.0|81.0|25.0|30.0,173334,sr_legacy,"Lasagna with meat & sauce, frozen entree",proxy,frozen,385,540.3,judgement,,,,670.0,81.0,25.0,30.0,-23.0,,669.972,77.74917,23.88126,35.82189,7.5642,394.9593,22.1523,3.51195,,97.254,1199.466,0.0,4.70061,31.8777,0.280956,0.27015,7.704678,0.669972,118.866,3.99822,82.6659,1874.841,994.152,394.419,97.254,4.26837,,79.9644,1.826214,0.0,0.0,124.0,14.39,4.42,6.63,1.4,73.1,4.1,0.65,,18.0,222.0,0.0,0.87,5.9,0.052,0.05,1.426,0.124,22.0,0.74,15.3,347.0,184.0,73.0,18.0,0.79,,14.8,0.338,0.0,0.0,0.9763,false,1.0,98.54,true,true,,
Base.Taco,food,per_item,400.0|80.0|28.0|32.0,170689,sr_legacy,"Fast foods, taco with beef, cheese and lettuce, hard shell",close,prepared,,69.0,fdc_portion:1,,,,400.0,80.0,28.0,32.0,-25.0,,155.94,13.6965,8.763,6.1134,2.691,39.3438,0.276,0.8211,,11.04,31.74,0.069,0.414,10.557,0.0345,0.0414,1.1385,0.0621,14.49,0.6417,22.08,273.93,144.21,61.41,22.08,1.2075,,6.348,2.06103,0.0,0.0,226.0,19.85,12.7,8.86,3.9,57.02,0.4,1.19,,16.0,46.0,0.1,0.6,15.3,0.05,0.06,1.65,0.09,21.0,0.93,32.0,397.0,209.0,89.0,32.0,1.75,,9.2,2.987,0.0,0.0,0.9794,false,0.3898,98.43,true,,,
Base.TacoRecipe,food,per_item,55.0|8.4|3.0|0.8,172800,sr_legacy,"Taco shells, baked",close,prepared,,12.9,fdc_portion:1,,,,55.0,8.4,3.0,0.8,-5.0,,61.404,8.19021,2.81091,0.82689,0.8643,0.8256,0.0,0.21156,,0.0,0.387,0.0,0.08901,1.1094,0.027864,0.01032,0.240843,0.026187,10.965,0.0,3.8571,41.796,29.799,12.9,10.707,0.20769,,0.6192,0.705114,0.0,0.0,476.0,63.49,21.79,6.41,6.7,6.4,0.0,1.64,,0.0,3.0,0.0,0.69,8.6,0.216,0.08,1.867,0.203,85.0,0.0,29.9,324.0,231.0,100.0,83.0,1.61,,4.8,5.466,0.0,0.0,0.9712,false,1.1164,98.09,true,,,
Base.TacoShell,food,per_item,55.0|8.4|3.0|0.8,172800,sr_legacy,"Taco shells, baked",close,prepared,,12.9,fdc_portion:1,,,,55.0,8.4,3.0,0.8,-5.0,,61.404,8.19021,2.81091,0.82689,0.8643,0.8256,0.0,0.21156,,0.0,0.387,0.0,0.08901,1.1094,0.027864,0.01032,0.240843,0.026187,10.965,0.0,3.8571,41.796,29.799,12.9,10.707,0.20769,,0.6192,0.705114,0.0,0.0,476.0,63.49,21.79,6.41,6.7,6.4,0.0,1.64,,0.0,3.0,0.0,0.69,8.6,0.216,0.08,1.867,0.203,85.0,0.0,29.9,324.0,231.0,100.0,83.0,1.61,,4.8,5.466,0.0,0.0,0.9712,false,1.1164,98.09,true,,,
Base.Tadpole,food,per_item,90.0|2.11|1.9|17.41,167744,sr_legacy,"Mollusks, snail, raw",proxy,raw,2755,100.0,judgement,,zero:fish,,90.0,2.11,1.9,17.41,-1.0,,90.0,2.0,1.4,16.1,0.0,79.2,0.0,3.5,0.0,30.0,0.0,0.0,5.0,0.1,0.01,0.12,1.4,0.13,6.0,0.5,65.0,70.0,382.0,10.0,250.0,1.0,,27.4,0.017,0.0,0.0,90.0,2.0,1.4,16.1,0.0,79.2,0.0,3.5,0.0,30.0,0.0,0.0,5.0,0.1,0.01,0.12,1.4,0.13,6.0,0.5,65.0,70.0,382.0,10.0,250.0,1.0,,27.4,0.017,0.0,0.0,0.9444,false,1.0,98.7,true,true,,
Base.TatoDots,food,per_item,203.0|35.97|5.19|3.35,170047,sr_legacy,"Potato puffs, frozen, unprepared",close,frozen,3381,114.0,judgement,,,,203.0,35.97,5.19,3.35,-10.0,,202.92,28.272,9.9294,2.2002,2.622,71.592,7.866,0.5358,,0.0,3.42,0.0,0.1254,2.85,0.20976,0.06954,2.0691,0.22116,19.38,0.0,28.386,487.92,281.58,14.82,18.24,0.2964,,0.342,3.57162,0.0,0.0,178.0,24.8,8.71,1.93,2.3,62.8,6.9,0.47,,0.0,3.0,0.0,0.11,2.5,0.184,0.061,1.815,0.194,17.0,0.0,24.9,428.0,247.0,13.0,16.0,0.26,,0.3,3.133,0.0,0.0,1.0152,false,0.9996,98.24,true,true,,
Base.Teabag2,food,none,,,,,,,,,,,,spice_only,,,,,-5.0,10.0,,,,,,,,,,,,,,,,,,,,,,,,,,,,,,,,,,,,,,,,,,,,,,,,,,,,,,,,,,,,,,,,,,,,,,
Base.Teacup,fluid_container,none,,,,,,,,,,,,empty_container,,,,,,,,,,,,,,,,,,,,,,,,,,,,,,,,,,,,,,,,,,,,,,,,,,,,,,,,,,,,,,,,,,,,,,,,,,,,
Base.Tequila,fluid_container,none,2100.0|0.0|0.0|0.0,,,,,,,,,,,fluid_sourced,2100.0,0.0,0.0,0.0,-20.0,-20.0,,,,,,,,,,,,,,,,,,,,,,,,,,,,,,,,,,,,,,,,,,,,,,,,,,,,,,,,,,,,,,,,,,,,,,
Base.Termites,food,per_item,2.5|0.0|0.5|0.5,rumpold2013:isoptera,literature,"per-order mean, dry matter (Rumpold 2013 as reproduced in Lee 2020 Table 4; S1186)",guess,raw,,1.6,judgement,,,,2.5,0.0,0.5,0.5,-1.0,,2.531424,0.13392,0.157152,0.169632,0.024288,1.12,,,,,,,,,,,,,,,,,,,,,,,,,,158.214,8.37,9.822,10.602,1.518,70.0,,,,,,,,,,,,,,,,,,,,,,,,,,1.0192,false,1.0126,98.794,true,,,
Base.TestDebugWater,fluid_container,none,,,,,,,,,,,,fluid_sourced,,,,,,-50.0,,,,,,,,,,,,,,,,,,,,,,,,,,,,,,,,,,,,,,,,,,,,,,,,,,,,,,,,,,,,,,,,,,,,,,
Base.TestHotDrink,food,none,,,,,,,,,,,,vessel_only,,,,,,-20.0,,,,,,,,,,,,,,,,,,,,,,,,,,,,,,,,,,,,,,,,,,,,,,,,,,,,,,,,,,,,,,,,,,,,,,
Base.TestWaterMug,drainable,none,,,,,,,,,,,,not_food,,,,,,,,,,,,,,,,,,,,,,,,,,,,,,,,,,,,,,,,,,,,,,,,,,,,,,,,,,,,,,,,,,,,,,,,,,,,
Base.Thistle,food,per_item,45.0|18.0|0.0|3.0,169205,sr_legacy,"Artichokes, (globe or french), raw",proxy,raw,,95.7,judgement,,zero:vegetable,,45.0,18.0,0.0,3.0,-4.0,,44.979,10.05807,0.14355,3.12939,5.1678,81.28758,11.1969,1.22496,0.0,0.0,7.656,0.0,0.18183,14.1636,0.068904,0.063162,1.001022,0.111012,65.076,0.0,32.9208,89.958,354.09,42.108,57.42,0.46893,,0.1914,0.060291,,0.0,47.0,10.51,0.15,3.27,5.4,84.94,11.7,1.28,0.0,0.0,8.0,0.0,0.19,14.8,0.072,0.066,1.046,0.116,68.0,0.0,34.4,94.0,370.0,44.0,60.0,0.49,,0.2,0.063,,0.0,0.9717,false,0.9995,98.87,true,,,
Base.Thread,drainable,none,,,,,,,,,,,,not_food,,,,,,,,,,,,,,,,,,,,,,,,,,,,,,,,,,,,,,,,,,,,,,,,,,,,,,,,,,,,,,,,,,,,,,,,,,,,
Base.Thread_Aramid,drainable,none,,,,,,,,,,,,not_food,,,,,,,,,,,,,,,,,,,,,,,,,,,,,,,,,,,,,,,,,,,,,,,,,,,,,,,,,,,,,,,,,,,,,,,,,,,,
Base.Thread_Sinew,drainable,none,,,,,,,,,,,,not_food,,,,,,,,,,,,,,,,,,,,,,,,,,,,,,,,,,,,,,,,,,,,,,,,,,,,,,,,,,,,,,,,,,,,,,,,,,,,
Base.Thyme,food,none,0.1|0.0|0.0|0.0,,,,,,,,,,,spice_only,0.1,0.0,0.0,0.0,-1.0,,,,,,,,,,,,,,,,,,,,,,,,,,,,,,,,,,,,,,,,,,,,,,,,,,,,,,,,,,,,,,,,,,,,,,,
Base.ThymeDried,food,none,0.1|0.0|0.0|0.0,,,,,,,,,,,spice_only,0.1,0.0,0.0,0.0,-5.0,,,,,,,,,,,,,,,,,,,,,,,,,,,,,,,,,,,,,,,,,,,,,,,,,,,,,,,,,,,,,,,,,,,,,,,
Base.TinCanEmpty,fluid_container,none,,,,,,,,,,,,empty_container,,,,,,,,,,,,,,,,,,,,,,,,,,,,,,,,,,,,,,,,,,,,,,,,,,,,,,,,,,,,,,,,,,,,,,,,,,,,
Base.TinnedBeans,food,per_item,170.0|33.0|1.0|7.0,175182,sr_legacy,"Beans, baked, canned, plain or vegetarian",close,canned,,180.9,judgement,,,,170.0,33.0,1.0,7.0,,,170.046,38.24226,0.66933,8.59275,7.4169,130.248,0.0,2.15271,,0.0,117.585,0.0,0.27135,1.4472,0.173664,0.070551,0.774252,0.151956,21.708,0.0,56.9835,620.487,405.216,61.506,48.843,4.12452,,9.045,0.12663,0.0,0.0,94.0,21.14,0.37,4.75,4.1,72.0,0.0,1.19,,0.0,65.0,0.0,0.15,0.8,0.096,0.039,0.428,0.084,12.0,0.0,31.5,343.0,224.0,34.0,27.0,2.28,,5.0,0.07,0.0,0.0,1.0499,false,1.0003,98.26,true,,,
Base.TinnedSoup,food,per_item,125.0|20.0|2.5|7.5,171161,sr_legacy,"Soup, vegetarian vegetable, canned, condensed",close,canned,,211.9,judgement,,,,125.0,20.0,2.5,7.5,,,125.021,20.72382,3.34802,3.64468,1.0595,179.92429,2.5428,1.86472,,0.0,3178.5,0.0,2.47923,8.8998,0.093236,0.078403,1.582893,0.095355,19.071,0.0,16.7401,1093.404,362.349,36.023,12.714,0.80522,,7.4165,1.25021,0.0,0.0,59.0,9.78,1.58,1.72,0.5,84.91,1.2,0.88,,0.0,1500.0,0.0,1.17,4.2,0.044,0.037,0.747,0.045,9.0,0.0,7.9,516.0,171.0,17.0,6.0,0.38,,3.5,0.59,0.0,0.0,1.0037,false,1.0002,97.99,true,,,
Base.TinnedSoupOpen,food,per_item,125.0|20.0|2.5|7.5,171161,sr_legacy,"Soup, vegetarian vegetable, canned, condensed",close,canned,3788,211.9,judgement,,,,125.0,20.0,2.5,7.5,-25.0,-4.0,125.021,20.72382,3.34802,3.64468,1.0595,179.92429,2.5428,1.86472,,0.0,3178.5,0.0,2.47923,8.8998,0.093236,0.078403,1.582893,0.095355,19.071,0.0,16.7401,1093.404,362.349,36.023,12.714,0.80522,,7.4165,1.25021,0.0,0.0,59.0,9.78,1.58,1.72,0.5,84.91,1.2,0.88,,0.0,1500.0,0.0,1.17,4.2,0.044,0.037,0.747,0.045,9.0,0.0,7.9,516.0,171.0,17.0,6.0,0.38,,3.5,0.59,0.0,0.0,1.0037,false,1.0002,97.99,true,true,,
Base.Tissue,drainable,none,,,,,,,,,,,,not_food,,,,,,,,,,,,,,,,,,,,,,,,,,,,,,,,,,,,,,,,,,,,,,,,,,,,,,,,,,,,,,,,,,,,,,,,,,,,
Base.TissueBox,drainable,none,,,,,,,,,,,,not_food,,,,,,,,,,,,,,,,,,,,,,,,,,,,,,,,,,,,,,,,,,,,,,,,,,,,,,,,,,,,,,,,,,,,,,,,,,,,
Base.Toast,food,per_item,177.0|33.0|2.22|5.9,174925,sr_legacy,"Bread, white, commercially prepared, toasted",close,cooked,,61.0,judgement,iodine:bread-white,,,177.0,33.0,2.22,5.9,-8.0,,176.9,33.245,2.44,5.49,1.769,18.544,0.0,2.0313,,0.0,0.0,0.0,0.1464,2.074,0.25315,0.20557,2.39486,0.03843,97.6,0.0122,9.76,327.57,79.91,72.59,15.86,0.4148,1.098,18.91,1.27368,0.0,0.0,290.0,54.5,4.0,9.0,2.9,30.4,0.0,3.33,,0.0,0.0,0.0,0.24,3.4,0.415,0.337,3.926,0.063,160.0,0.02,16.0,537.0,131.0,119.0,26.0,0.68,1.8,31.0,2.088,0.0,0.0,0.98,false,0.9994,97.9,true,,,
Base.Tobacco,food,none,,,,,,,,,,,,tobacco_or_drug,,,,,,,,,,,,,,,,,,,,,,,,,,,,,,,,,,,,,,,,,,,,,,,,,,,,,,,,,,,,,,,,,,,,,,,,,,,,
Base.TobaccoChewing,drainable,none,,,,,,,,,,,,tobacco_or_drug,,,,,,,,,,,,,,,,,,,,,,,,,,,,,,,,,,,,,,,,,,,,,,,,,,,,,,,,,,,,,,,,,,,,,,,,,,,,
Base.TobaccoLoose,drainable,none,,,,,,,,,,,,tobacco_or_drug,,,,,,,,,,,,,,,,,,,,,,,,,,,,,,,,,,,,,,,,,,,,,,,,,,,,,,,,,,,,,,,,,,,,,,,,,,,,
Base.Tofu,food,per_item,30.0|1.0|1.0|5.0,172476,sr_legacy,"Tofu, raw, regular, prepared with calcium sulfate",close,prepared,550,39.5,judgement,,,,30.0,1.0,1.0,5.0,-10.0,,30.02,0.73865,1.8881,3.1916,0.1185,33.39725,0.0395,2.1172,,,,0.0,0.00395,0.948,0.031995,0.02054,0.077025,0.018565,5.925,0.0,11.376,2.765,47.795,138.25,11.85,0.316,,3.5155,1.066105,0.0,0.0,76.0,1.87,4.78,8.08,0.3,84.55,0.1,5.36,,,,0.0,0.01,2.4,0.081,0.052,0.195,0.047,15.0,0.0,28.8,7.0,121.0,350.0,30.0,0.8,,8.9,2.699,0.0,0.0,1.0818,false,1.0007,99.28,true,true,,
Base.TofuFried,food,per_item,35.0|3.0|1.0|5.0,172451,sr_legacy,"Tofu, fried",close,cooked,,13.0,judgement,,,,35.0,3.0,1.0,5.0,-15.0,,35.1,1.1518,2.6234,2.4466,0.507,6.5676,0.0,0.6331,,0.0,2.08,0.0,0.0052,1.014,0.0221,0.0065,0.013,0.01287,3.51,0.0,13.819,2.08,18.98,48.36,7.8,0.2587,,3.705,1.4807,0.0,0.0,270.0,8.86,20.18,18.82,3.9,50.52,0.0,4.87,,0.0,16.0,0.0,0.04,7.8,0.17,0.05,0.1,0.099,27.0,0.0,106.3,16.0,146.0,372.0,60.0,1.99,,28.5,11.39,0.0,0.0,1.0539,false,1.0029,98.38,true,,,
Base.ToiletPaper,drainable,none,,,,,,,,,,,,not_food,,,,,,,,,,,,,,,,,,,,,,,,,,,,,,,,,,,,,,,,,,,,,,,,,,,,,,,,,,,,,,,,,,,,,,,,,,,,
Base.Tomato,food,per_item,14.0|3.5|0.2|1.3,170457,sr_legacy,"Tomatoes, red, ripe, raw, year round average",close,raw,3751,91.0,fdc_portion:9,,zero:vegetable,,14.0,3.5,0.2,1.3,-12.0,-8.0,16.38,3.5399,0.182,0.8008,1.092,86.0132,12.467,0.2457,0.0,0.0,408.59,0.0,0.4914,7.189,0.03367,0.01729,0.54054,0.0728,13.65,0.0,6.097,4.55,215.67,9.1,10.01,0.1547,,0.0,0.07553,0.0,0.0,18.0,3.89,0.2,0.88,1.2,94.52,13.7,0.27,0.0,0.0,449.0,0.0,0.54,7.9,0.037,0.019,0.594,0.08,15.0,0.0,6.7,5.0,237.0,10.0,11.0,0.17,,0.0,0.083,0.0,0.0,1.0267,false,1.17,99.49,true,true,,
Base.TomatoPaste,food,per_item,120.0|32.0|8.0|0.0,170459,sr_legacy,"Tomato products, canned, paste, without salt added (Includes foods for USDA's Food Distribution Program)",close,prepared,,170.0,fdc_portion:4,,,,120.0,32.0,8.0,0.0,-15.0,,139.4,32.147,0.799,7.344,6.97,124.95,37.23,5.066,,0.0,1531.7,0.0,7.31,19.38,0.102,0.2601,5.2292,0.3672,20.4,0.0,65.45,100.3,1723.8,61.2,71.4,1.071,,9.01,0.2703,0.0,0.0,82.0,18.91,0.47,4.32,4.1,73.5,21.9,2.98,,0.0,901.0,0.0,4.3,11.4,0.06,0.153,3.076,0.216,12.0,0.0,38.5,59.0,1014.0,36.0,42.0,0.63,,5.3,0.159,0.0,0.0,1.0848,false,1.1617,97.2,true,,,
Base.Torch,drainable,none,,,,,,,,,,,,not_food,,,,,,,,,,,,,,,,,,,,,,,,,,,,,,,,,,,,,,,,,,,,,,,,,,,,,,,,,,,,,,,,,,,,,,,,,,,,
Base.Tortilla,food,per_item,40.0|0.0|2.0|2.0,167535,sr_legacy,"Tortillas, ready-to-bake or -fry, flour, shelf stable",close,prepared,,49.0,fdc_portion:1,,,,40.0,0.0,2.0,2.0,-5.0,,145.53,24.1423,3.7142,3.9249,1.176,15.8907,0.0,1.6268,,0.0,0.0,0.0,0.4214,2.058,0.23863,0.06076,2.05359,0.01372,92.12,0.0,3.332,363.58,65.17,79.87,10.29,0.2793,,10.731,1.05399,0.0,0.0,297.0,49.27,7.58,8.01,2.4,32.43,0.0,3.32,,0.0,0.0,0.0,0.86,4.2,0.487,0.124,4.191,0.028,188.0,0.0,6.8,742.0,133.0,163.0,21.0,0.57,,21.9,2.151,0.0,0.0,0.985,false,3.6383,97.29,true,,,
Base.TortillaChips,food,per_item,420.0|42.0|40.0|2.5,173143,sr_legacy,"Tortilla chips, yellow, plain, salted",close,prepared,,84.5,judgement,,,,420.0,42.0,40.0,2.5,-15.0,,419.965,56.9361,18.86885,5.5939,3.9715,1.6393,0.0,1.1154,,0.0,32.955,0.0,2.50965,0.507,0.10985,0.036335,1.26581,0.17069,18.59,0.0,16.1395,261.95,174.07,87.88,70.98,1.2337,,7.098,7.7402,0.0,0.0,497.0,67.38,22.33,6.62,4.7,1.94,0.0,1.32,,0.0,39.0,0.0,2.97,0.6,0.13,0.043,1.498,0.202,22.0,0.0,19.1,310.0,206.0,104.0,84.0,1.46,,8.4,9.16,0.0,0.0,0.981,false,0.9999,98.27,true,,,
Base.TortillaChipsBaked,food,per_item,120.0|0.0|6.0|6.0,168137,sr_legacy,"Snacks, tortilla chips, light (baked with less oil)",close,cooked,,25.8,judgement,,,,120.0,0.0,6.0,6.0,-15.0,,119.97,18.9372,3.9216,2.2446,1.4706,0.3354,0.0516,0.42054,,0.0,9.546,0.0,0.91074,0.1806,0.05676,0.07224,0.10836,0.04644,4.128,0.01548,6.0372,103.2,70.176,41.022,25.026,0.2967,,4.0506,1.296192,0.0,0.0,465.0,73.4,15.2,8.7,5.7,1.3,0.2,1.63,,0.0,37.0,0.0,3.53,0.7,0.22,0.28,0.42,0.18,16.0,0.06,23.4,400.0,272.0,159.0,97.0,1.15,,15.7,5.024,0.0,0.0,0.9759,false,0.9998,98.6,true,,,
Base.TrophyBronze,fluid_container,none,,,,,,,,,,,,empty_container,,,,,,,,,,,,,,,,,,,,,,,,,,,,,,,,,,,,,,,,,,,,,,,,,,,,,,,,,,,,,,,,,,,,,,,,,,,,
Base.TrophyGold,fluid_container,none,,,,,,,,,,,,empty_container,,,,,,,,,,,,,,,,,,,,,,,,,,,,,,,,,,,,,,,,,,,,,,,,,,,,,,,,,,,,,,,,,,,,,,,,,,,,
Base.TrophySilver,fluid_container,none,,,,,,,,,,,,empty_container,,,,,,,,,,,,,,,,,,,,,,,,,,,,,,,,,,,,,,,,,,,,,,,,,,,,,,,,,,,,,,,,,,,,,,,,,,,,
Base.TunaTin,food,per_item,370.0|0.0|34.0|15.0,173708,sr_legacy,"Fish, tuna, light, canned in oil, drained solids",close,canned,,171.0,fdc_portion:3,iodine:tuna-canned,zero:fish,,370.0,0.0,34.0,15.0,,,338.58,0.0,14.0391,49.8123,0.0,102.3093,0.0,2.3769,0.0,39.33,0.0,11.457,1.4877,75.24,0.06498,0.2052,21.204,0.1881,8.55,3.762,50.103,711.36,353.97,22.23,53.01,1.539,14.877,129.96,4.71447,0.0,0.0,198.0,0.0,8.21,29.13,0.0,59.83,0.0,1.39,0.0,23.0,0.0,6.7,0.87,44.0,0.038,0.12,12.4,0.11,5.0,2.2,29.3,416.0,207.0,13.0,31.0,0.9,8.7,76.0,2.757,0.0,0.0,0.9617,false,0.9151,97.17,true,,,
Base.TunaTinOpen,food,per_item,370.0|0.0|34.0|15.0,173708,sr_legacy,"Fish, tuna, light, canned in oil, drained solids",close,canned,2554,171.0,fdc_portion:3,iodine:tuna-canned-water,zero:fish,,370.0,0.0,34.0,15.0,-18.0,,338.58,0.0,14.0391,49.8123,0.0,102.3093,0.0,2.3769,0.0,39.33,0.0,11.457,1.4877,75.24,0.06498,0.2052,21.204,0.1881,8.55,3.762,50.103,711.36,353.97,22.23,53.01,1.539,14.877,129.96,4.71447,0.0,0.0,198.0,0.0,8.21,29.13,0.0,59.83,0.0,1.39,0.0,23.0,0.0,6.7,0.87,44.0,0.038,0.12,12.4,0.11,5.0,2.2,29.3,416.0,207.0,13.0,31.0,0.9,8.7,76.0,2.757,0.0,0.0,0.9617,false,0.9151,97.17,true,true,,
Base.TurkeyEgg,food,per_item,71.0|0.37|4.54|5.78,172192,sr_legacy,"Egg, turkey, whole, fresh, raw",close,raw,103,41.5,judgement,iodine:egg-whole-raw,zero:egg,,71.0,0.37,4.54,5.78,-10.0,,70.965,0.47725,4.9302,5.6772,0.0,30.0875,0.0,1.7015,0.0,68.89,,,,,0.04565,0.19505,0.00996,0.054365,29.465,0.70135,,62.665,58.93,41.085,5.395,0.6557,20.335,14.2345,0.516675,,,171.0,1.15,11.88,13.68,0.0,72.5,0.0,4.1,0.0,166.0,,,,,0.11,0.47,0.024,0.131,71.0,1.69,,151.0,142.0,99.0,13.0,1.58,49.0,34.3,1.245,,,0.9722,false,0.9995,99.21,true,true,,
Base.TurkeyFeather,food,none,,,,,,,,,,,,inedible_body_part,,,,,,,,,,,,,,,,,,,,,,,,,,,,,,,,,,,,,,,,,,,,,,,,,,,,,,,,,,,,,,,,,,,,,,,,,,,,
Base.TurkeyFillet,food,per_item,230.0|0.0|10.0|32.0,171093,sr_legacy,"Turkey, all classes, breast, meat and skin, raw",close,raw,1805,145.0,vanilla_implied,iodine:turkey-breast-roasted,zero:meat,,230.0,0.0,10.0,32.0,-50.0,,227.65,0.0,10.179,31.7405,0.0,101.5725,0.0,1.74,0.0,2.9,,,,,0.0841,0.16675,7.54,0.696,10.15,0.609,,85.55,398.75,18.85,34.8,2.2765,6.96,32.48,2.175,,,157.0,0.0,7.02,21.89,0.0,70.05,0.0,1.2,0.0,2.0,,,,,0.058,0.115,5.2,0.48,7.0,0.42,,59.0,275.0,13.0,24.0,1.57,4.8,22.4,1.5,,,0.9601,false,0.9898,98.96,true,true,,
Base.TurkeyLegs,food,per_item,230.0|0.0|9.0|38.0,171493,sr_legacy,"Turkey, all classes, leg, meat and skin, raw",close,raw,1805,159.7,judgement,iodine:turkey-breast-roasted,zero:meat,,230.0,0.0,9.0,38.0,-42.0,,229.968,0.0,10.73184,31.20538,0.0,116.08593,0.0,2.74684,0.0,1.597,,,,,0.122969,0.336967,4.706359,0.54298,15.97,0.62283,,118.178,435.981,27.149,33.537,4.93473,7.6656,42.1608,2.58714,,,144.0,0.0,6.72,19.54,0.0,72.69,0.0,1.72,0.0,1.0,,,,,0.077,0.211,2.947,0.34,10.0,0.39,,74.0,273.0,17.0,21.0,3.09,4.8,26.4,1.62,,,0.9628,false,0.9999,98.95,true,true,,
Base.TurkeyWhole,food,per_item,1821.0|0.0|53.3|104.2,171081,sr_legacy,"Turkey, whole, meat and skin, raw",close,raw,1805,1264.6,judgement,iodine:turkey-breast-roasted,zero:meat,,1821.0,0.0,53.3,104.2,-224.0,,1821.024,1.77044,71.32344,273.65944,0.0,919.23774,0.0,10.87556,0.0,214.982,0.0,3.7938,1.13814,0.0,0.607008,2.33951,96.501626,7.574954,88.522,15.42812,733.468,1416.352,2832.704,139.106,316.15,22.50988,60.7008,269.3598,17.527356,0.0,0.0,144.0,0.14,5.64,21.64,0.0,72.69,0.0,0.86,0.0,17.0,0.0,0.3,0.09,0.0,0.048,0.185,7.631,0.599,7.0,1.22,58.0,112.0,224.0,11.0,25.0,1.78,4.8,21.3,1.386,0.0,0.0,0.9575,false,1.0,100.11,true,true,,
Base.TurkeyWings,food,per_item,200.0|0.0|10.0|32.0,171495,sr_legacy,"Turkey, all classes, wing, meat and skin, raw",close,raw,1805,101.5,judgement,iodine:turkey-breast-roasted,zero:meat,,200.0,0.0,10.0,32.0,-30.0,,199.955,0.0,12.5048,20.5233,0.0,67.48735,0.0,1.2789,0.0,3.045,,,,,0.05075,0.11165,4.491375,0.41615,7.105,0.39585,,55.825,243.6,14.21,21.315,1.5631,4.872,22.736,2.7405,,,197.0,0.0,12.32,20.22,0.0,66.49,0.0,1.26,0.0,3.0,,,,,0.05,0.11,4.425,0.41,7.0,0.39,,55.0,240.0,14.0,21.0,1.54,4.8,22.4,2.7,,,0.9734,false,0.9998,99.03,true,true,,
Base.Turkey_Gobbler_Head,food,none,,,,,,,,,,,,inedible_body_part,,,,,,,,,,,,,,,,,,,,,,,,,,,,,,,,,,,,,,,,,,,,,,,,,,,,,,,,,,,,,,,,,,,,,,,,,,,,
Base.Turkey_Hen_Head,food,none,,,,,,,,,,,,inedible_body_part,,,,,,,,,,,,,,,,,,,,,,,,,,,,,,,,,,,,,,,,,,,,,,,,,,,,,,,,,,,,,,,,,,,,,,,,,,,,
Base.Turkey_Poult_Head,food,none,,,,,,,,,,,,inedible_body_part,,,,,,,,,,,,,,,,,,,,,,,,,,,,,,,,,,,,,,,,,,,,,,,,,,,,,,,,,,,,,,,,,,,,,,,,,,,,
Base.Turnip,food,per_item,70.0|14.52|0.15|2.88,170465,sr_legacy,"Turnips, raw",close,raw,3451,250.0,judgement,,zero:vegetable,,70.0,14.52,0.15,2.88,-18.0,-7.0,70.0,16.075,0.25,2.25,4.5,229.675,52.5,0.75,0.0,0.0,0.0,0.0,0.075,0.25,0.1,0.075,1.0,0.225,37.5,0.0,27.75,167.5,477.5,75.0,27.5,0.675,,1.75,0.13,0.0,0.0,28.0,6.43,0.1,0.9,1.8,91.87,21.0,0.3,0.0,0.0,0.0,0.0,0.03,0.1,0.04,0.03,0.4,0.09,15.0,0.0,11.1,67.0,191.0,30.0,11.0,0.27,,0.7,0.052,0.0,0.0,0.9507,false,1.0,99.3,true,true,,
Base.Twine,drainable,none,,,,,,,,,,,,not_food,,,,,,,,,,,,,,,,,,,,,,,,,,,,,,,,,,,,,,,,,,,,,,,,,,,,,,,,,,,,,,,,,,,,,,,,,,,,
Base.Venison,food,per_item,440.0|0.0|18.7|62.62,173855,sr_legacy,"Game meat, deer, raw",close,raw,1001,366.7,judgement,,zero:meat,,440.0,0.0,18.7,62.62,-80.0,,440.04,0.0,8.87414,84.19432,0.0,269.78119,0.0,12.4678,0.0,0.0,0.0,,0.7334,4.0337,0.80674,1.76016,23.35879,1.35679,14.668,23.13877,,187.017,1166.106,18.335,84.341,7.66403,,35.5699,1.39346,0.0,0.0,120.0,0.0,2.42,22.96,0.0,73.57,0.0,3.4,0.0,0.0,0.0,,0.2,1.1,0.22,0.48,6.37,0.37,4.0,6.31,,51.0,318.0,5.0,23.0,2.09,,9.7,0.38,0.0,0.0,0.9468,false,1.0001,98.95,true,true,,
Base.Vermouth,fluid_container,none,1110.0|33.0|0.0|0.0,,,,,,,,,,,fluid_sourced,1110.0,33.0,0.0,0.0,-20.0,-20.0,,,,,,,,,,,,,,,,,,,,,,,,,,,,,,,,,,,,,,,,,,,,,,,,,,,,,,,,,,,,,,,,,,,,,,
Base.Vinegar2,drainable,none,0.0|0.0|0.0|0.0,,,,,,,,,,,spice_only,0.0,0.0,0.0,0.0,-10.0,,,,,,,,,,,,,,,,,,,,,,,,,,,,,,,,,,,,,,,,,,,,,,,,,,,,,,,,,,,,,,,,,,,,,,,
Base.Vinegar_Jug,drainable,none,0.0|0.0|0.0|0.0,,,,,,,,,,,spice_only,0.0,0.0,0.0,0.0,-100.0,,,,,,,,,,,,,,,,,,,,,,,,,,,,,,,,,,,,,,,,,,,,,,,,,,,,,,,,,,,,,,,,,,,,,,,
Base.Violets,food,per_item,27.0|7.0|0.0|1.0,169226,sr_legacy,"Dandelion greens, raw",proxy,raw,,60.0,judgement,,zero:vegetable,,27.0,7.0,0.0,1.0,-2.0,,27.0,5.52,0.42,1.62,2.1,51.36,21.0,1.86,0.0,0.0,3512.4,0.0,2.064,467.04,0.114,0.156,0.4836,0.1506,16.2,0.0,21.18,45.6,238.2,112.2,21.6,0.246,,0.3,0.183,0.0,0.0,45.0,9.2,0.7,2.7,3.5,85.6,35.0,3.1,0.0,0.0,5854.0,0.0,3.44,778.4,0.19,0.26,0.806,0.251,27.0,0.0,35.3,76.0,397.0,187.0,36.0,0.41,,0.5,0.305,0.0,0.0,1.0422,false,1.0,98.2,true,,,
Base.Vodka,fluid_container,none,2310.0|0.0|0.0|0.0,,,,,,,,,,,fluid_sourced,2310.0,0.0,0.0,0.0,-20.0,-20.0,,,,,,,,,,,,,,,,,,,,,,,,,,,,,,,,,,,,,,,,,,,,,,,,,,,,,,,,,,,,,,,,,,,,,,
Base.Waffles,food,per_item,80.0|13.0|4.0|3.0,175039,sr_legacy,"Waffles, plain, prepared from recipe",close,cooked,,27.5,judgement,,,,80.0,13.0,4.0,3.0,-15.0,,80.025,9.0475,3.8775,2.1725,,11.55,0.11,0.63525,,17.6,,,,,0.072325,0.095425,0.570075,0.0154,18.7,0.06875,,140.525,43.725,70.125,5.225,0.187,,12.705,1.858175,,,291.0,32.9,14.1,7.9,,42.0,0.4,2.31,,64.0,,,,,0.263,0.347,2.073,0.056,68.0,0.25,,511.0,159.0,255.0,19.0,0.68,,46.2,6.757,,,0.9969,false,1.0003,96.9,,,,
Base.WafflesRecipe,food,per_item,80.0|13.0|4.0|3.0,175039,sr_legacy,"Waffles, plain, prepared from recipe",close,cooked,,27.5,judgement,,,,80.0,13.0,4.0,3.0,-15.0,,80.025,9.0475,3.8775,2.1725,,11.55,0.11,0.63525,,17.6,,,,,0.072325,0.095425,0.570075,0.0154,18.7,0.06875,,140.525,43.725,70.125,5.225,0.187,,12.705,1.858175,,,291.0,32.9,14.1,7.9,,42.0,0.4,2.31,,64.0,,,,,0.263,0.347,2.073,0.056,68.0,0.25,,511.0,159.0,255.0,19.0,0.68,,46.2,6.757,,,0.9969,false,1.0003,96.9,,,,
Base.Walleye,food,per_item,159.0|1.0|1.0|35.0,175128,sr_legacy,"Fish, pike, walleye, raw",close,raw,2309,159.0,fdc_portion:2,,zero:fish,,159.0,1.0,1.0,35.0,-15.0,,147.87,0.0,1.9398,30.4326,0.0,126.1029,0.0,2.067,0.0,33.39,,,,,0.4293,0.2544,3.657,0.1908,23.85,3.18,,81.09,618.51,174.9,47.7,0.9858,,20.034,0.0636,,0.0,93.0,0.0,1.22,19.14,0.0,79.31,0.0,1.3,0.0,21.0,,,,,0.27,0.16,2.3,0.12,15.0,2.0,,51.0,389.0,110.0,30.0,0.62,,12.6,0.04,,0.0,0.9413,false,0.93,99.67,true,true,,
Base.Wallpaper_BeigeStripe,drainable,none,,,,,,,,,,,,not_food,,,,,,,,,,,,,,,,,,,,,,,,,,,,,,,,,,,,,,,,,,,,,,,,,,,,,,,,,,,,,,,,,,,,,,,,,,,,
Base.Wallpaper_BlackFloral,drainable,none,,,,,,,,,,,,not_food,,,,,,,,,,,,,,,,,,,,,,,,,,,,,,,,,,,,,,,,,,,,,,,,,,,,,,,,,,,,,,,,,,,,,,,,,,,,
Base.Wallpaper_BlueStripe,drainable,none,,,,,,,,,,,,not_food,,,,,,,,,,,,,,,,,,,,,,,,,,,,,,,,,,,,,,,,,,,,,,,,,,,,,,,,,,,,,,,,,,,,,,,,,,,,
Base.Wallpaper_GreenDiamond,drainable,none,,,,,,,,,,,,not_food,,,,,,,,,,,,,,,,,,,,,,,,,,,,,,,,,,,,,,,,,,,,,,,,,,,,,,,,,,,,,,,,,,,,,,,,,,,,
Base.Wallpaper_GreenFloral,drainable,none,,,,,,,,,,,,not_food,,,,,,,,,,,,,,,,,,,,,,,,,,,,,,,,,,,,,,,,,,,,,,,,,,,,,,,,,,,,,,,,,,,,,,,,,,,,
Base.Wallpaper_PinkChevron,drainable,none,,,,,,,,,,,,not_food,,,,,,,,,,,,,,,,,,,,,,,,,,,,,,,,,,,,,,,,,,,,,,,,,,,,,,,,,,,,,,,,,,,,,,,,,,,,
Base.Wallpaper_PinkFloral,drainable,none,,,,,,,,,,,,not_food,,,,,,,,,,,,,,,,,,,,,,,,,,,,,,,,,,,,,,,,,,,,,,,,,,,,,,,,,,,,,,,,,,,,,,,,,,,,
Base.Wasabi,food,none,,,,,,,,,,,,spice_only,,,,,-10.0,20.0,,,,,,,,,,,,,,,,,,,,,,,,,,,,,,,,,,,,,,,,,,,,,,,,,,,,,,,,,,,,,,,,,,,,,,
Base.WaterBottle,fluid_container,none,,,,,,,,,,,,fluid_sourced,,,,,,-50.0,,,,,,,,,,,,,,,,,,,,,,,,,,,,,,,,,,,,,,,,,,,,,,,,,,,,,,,,,,,,,,,,,,,,,,
Base.WaterDish,fluid_container,none,,,,,,,,,,,,fluid_sourced,,,,,,-50.0,,,,,,,,,,,,,,,,,,,,,,,,,,,,,,,,,,,,,,,,,,,,,,,,,,,,,,,,,,,,,,,,,,,,,,
Base.WaterDispenserBottle,fluid_container,none,,,,,,,,,,,,fluid_sourced,,,,,,-50.0,,,,,,,,,,,,,,,,,,,,,,,,,,,,,,,,,,,,,,,,,,,,,,,,,,,,,,,,,,,,,,,,,,,,,,
Base.WaterPotForgedPasta,food,per_item,560.0|109.3|2.66|18.66,169736,sr_legacy,"Pasta, dry, enriched",close,raw,384,150.9,judgement,,,,560.0,109.3,2.66,18.66,-10.0,,559.839,112.67703,2.27859,19.67736,4.8288,14.9391,0.0,4.9797,,0.0,0.0,0.0,0.16599,0.1509,1.344519,0.6036,10.830093,0.214278,590.019,0.0,22.7859,9.054,336.507,31.689,79.977,2.12769,,95.3688,0.851076,0.0,0.0,371.0,74.67,1.51,13.04,3.2,9.9,0.0,3.3,,0.0,0.0,0.0,0.11,0.1,0.891,0.4,7.177,0.142,391.0,0.0,15.1,6.0,223.0,21.0,53.0,1.41,,63.2,0.564,0.0,0.0,0.965,false,0.9997,99.12,true,true,,
Base.WaterPotForgedRice,food,per_item,480.0|108.0|0.0|12.0,168877,sr_legacy,"Rice, white, long-grain, regular, raw, enriched",close,raw,432,131.5,judgement,,,,480.0,108.0,0.0,12.0,-10.0,,479.975,105.13425,0.8679,9.37595,1.7095,15.2803,0.0,5.66765,,0.0,0.0,0.0,0.14465,0.1315,0.75744,0.064435,5.51248,0.21566,508.905,0.0,7.627,6.575,151.225,36.82,32.875,1.43335,,19.8565,0.232755,0.0,0.0,365.0,79.95,0.66,7.13,1.3,11.62,0.0,4.31,,0.0,0.0,0.0,0.11,0.1,0.576,0.049,4.192,0.164,387.0,0.0,5.8,5.0,115.0,28.0,25.0,1.09,,15.1,0.177,0.0,0.0,0.9635,false,0.9999,99.36,true,true,,
Base.WaterPotPasta,food,per_item,560.0|109.3|2.66|18.66,169736,sr_legacy,"Pasta, dry, enriched",close,raw,384,150.9,judgement,,,,560.0,109.3,2.66,18.66,-10.0,,559.839,112.67703,2.27859,19.67736,4.8288,14.9391,0.0,4.9797,,0.0,0.0,0.0,0.16599,0.1509,1.344519,0.6036,10.830093,0.214278,590.019,0.0,22.7859,9.054,336.507,31.689,79.977,2.12769,,95.3688,0.851076,0.0,0.0,371.0,74.67,1.51,13.04,3.2,9.9,0.0,3.3,,0.0,0.0,0.0,0.11,0.1,0.891,0.4,7.177,0.142,391.0,0.0,15.1,6.0,223.0,21.0,53.0,1.41,,63.2,0.564,0.0,0.0,0.965,false,0.9997,99.12,true,true,,
Base.WaterPotRice,food,per_item,480.0|108.0|0.0|12.0,168877,sr_legacy,"Rice, white, long-grain, regular, raw, enriched",close,raw,432,131.5,judgement,,,,480.0,108.0,0.0,12.0,-10.0,,479.975,105.13425,0.8679,9.37595,1.7095,15.2803,0.0,5.66765,,0.0,0.0,0.0,0.14465,0.1315,0.75744,0.064435,5.51248,0.21566,508.905,0.0,7.627,6.575,151.225,36.82,32.875,1.43335,,19.8565,0.232755,0.0,0.0,365.0,79.95,0.66,7.13,1.3,11.62,0.0,4.31,,0.0,0.0,0.0,0.11,0.1,0.576,0.049,4.192,0.164,387.0,0.0,5.8,5.0,115.0,28.0,25.0,1.09,,15.1,0.177,0.0,0.0,0.9635,false,0.9999,99.36,true,true,,
Base.WaterPurificationTablets,drainable,none,,,,,,,,,,,,not_food,,,,,,,,,,,,,,,,,,,,,,,,,,,,,,,,,,,,,,,,,,,,,,,,,,,,,,,,,,,,,,,,,,,,,,,,,,,,
Base.WaterRationCan,food,none,,,,,,,,,,,,not_food,,,,,,,,,,,,,,,,,,,,,,,,,,,,,,,,,,,,,,,,,,,,,,,,,,,,,,,,,,,,,,,,,,,,,,,,,,,,
Base.WaterRationCanEmpty,fluid_container,none,,,,,,,,,,,,empty_container,,,,,,,,,,,,,,,,,,,,,,,,,,,,,,,,,,,,,,,,,,,,,,,,,,,,,,,,,,,,,,,,,,,,,,,,,,,,
Base.WaterSaucepanPasta,food,per_item,560.0|109.3|2.66|18.66,169736,sr_legacy,"Pasta, dry, enriched",close,raw,384,150.9,judgement,,,,560.0,109.3,2.66,18.66,-10.0,,559.839,112.67703,2.27859,19.67736,4.8288,14.9391,0.0,4.9797,,0.0,0.0,0.0,0.16599,0.1509,1.344519,0.6036,10.830093,0.214278,590.019,0.0,22.7859,9.054,336.507,31.689,79.977,2.12769,,95.3688,0.851076,0.0,0.0,371.0,74.67,1.51,13.04,3.2,9.9,0.0,3.3,,0.0,0.0,0.0,0.11,0.1,0.891,0.4,7.177,0.142,391.0,0.0,15.1,6.0,223.0,21.0,53.0,1.41,,63.2,0.564,0.0,0.0,0.965,false,0.9997,99.12,true,true,,
Base.WaterSaucepanPastaCopper,food,per_item,560.0|109.3|2.66|18.66,169736,sr_legacy,"Pasta, dry, enriched",close,raw,384,150.9,judgement,,,,560.0,109.3,2.66,18.66,-10.0,,559.839,112.67703,2.27859,19.67736,4.8288,14.9391,0.0,4.9797,,0.0,0.0,0.0,0.16599,0.1509,1.344519,0.6036,10.830093,0.214278,590.019,0.0,22.7859,9.054,336.507,31.689,79.977,2.12769,,95.3688,0.851076,0.0,0.0,371.0,74.67,1.51,13.04,3.2,9.9,0.0,3.3,,0.0,0.0,0.0,0.11,0.1,0.891,0.4,7.177,0.142,391.0,0.0,15.1,6.0,223.0,21.0,53.0,1.41,,63.2,0.564,0.0,0.0,0.965,false,0.9997,99.12,true,true,,
Base.WaterSaucepanRice,food,per_item,480.0|108.0|0.0|12.0,168877,sr_legacy,"Rice, white, long-grain, regular, raw, enriched",close,raw,432,131.5,judgement,,,,480.0,108.0,0.0,12.0,-10.0,,479.975,105.13425,0.8679,9.37595,1.7095,15.2803,0.0,5.66765,,0.0,0.0,0.0,0.14465,0.1315,0.75744,0.064435,5.51248,0.21566,508.905,0.0,7.627,6.575,151.225,36.82,32.875,1.43335,,19.8565,0.232755,0.0,0.0,365.0,79.95,0.66,7.13,1.3,11.62,0.0,4.31,,0.0,0.0,0.0,0.11,0.1,0.576,0.049,4.192,0.164,387.0,0.0,5.8,5.0,115.0,28.0,25.0,1.09,,15.1,0.177,0.0,0.0,0.9635,false,0.9999,99.36,true,true,,
Base.WaterSaucepanRiceCopper,food,per_item,480.0|108.0|0.0|12.0,168877,sr_legacy,"Rice, white, long-grain, regular, raw, enriched",close,raw,432,131.5,judgement,,,,480.0,108.0,0.0,12.0,-10.0,,479.975,105.13425,0.8679,9.37595,1.7095,15.2803,0.0,5.66765,,0.0,0.0,0.0,0.14465,0.1315,0.75744,0.064435,5.51248,0.21566,508.905,0.0,7.627,6.575,151.225,36.82,32.875,1.43335,,19.8565,0.232755,0.0,0.0,365.0,79.95,0.66,7.13,1.3,11.62,0.0,4.31,,0.0,0.0,0.0,0.11,0.1,0.576,0.049,4.192,0.164,387.0,0.0,5.8,5.0,115.0,28.0,25.0,1.09,,15.1,0.177,0.0,0.0,0.9635,false,0.9999,99.36,true,true,,
Base.WateredCan,fluid_container,none,,,,,,,,,,,,empty_container,,,,,,,,,,,,,,,,,,,,,,,,,,,,,,,,,,,,,,,,,,,,,,,,,,,,,,,,,,,,,,,,,,,,,,,,,,,,
Base.Watermelon,food,per_item,1355.0|341.11|6.78|27.56,167765,sr_legacy,"Watermelon, raw",exact,raw,,4518.2,vanilla_implied,,zero:fruit,,1355.0,341.11,6.78,27.56,-60.0,-140.0,1355.46,341.1241,6.7773,27.56102,18.0728,4131.8939,365.9742,10.84368,0.0,0.0,13690.146,0.0,2.2591,4.5182,1.491006,0.948822,8.042396,2.03319,135.546,0.0,185.2462,45.182,5060.384,316.274,451.82,4.5182,,18.0728,2.2591,0.0,0.0,30.0,7.55,0.15,0.61,0.4,91.45,8.1,0.24,0.0,0.0,303.0,0.0,0.05,0.1,0.033,0.021,0.178,0.045,3.0,0.0,4.1,1.0,112.0,7.0,10.0,0.1,,0.4,0.05,0.0,0.0,1.1063,true,1.0003,99.76,true,,,"atwater: 33.19 kcal from the macros against 30.0, ratio 1.1063 outside +/-10 %"
Base.WatermelonSliced,food,per_item,135.5|34.11|0.67|2.75,167765,sr_legacy,"Watermelon, raw",exact,raw,,450.2,vanilla_implied,,zero:fruit,,135.5,34.11,0.67,2.75,-6.0,-20.0,135.06,33.9901,0.6753,2.74622,1.8008,411.7079,36.4662,1.08048,0.0,0.0,1364.106,0.0,0.2251,0.4502,0.148566,0.094542,0.801356,0.20259,13.506,0.0,18.4582,4.502,504.224,31.514,45.02,0.4502,,1.8008,0.2251,0.0,0.0,30.0,7.55,0.15,0.61,0.4,91.45,8.1,0.24,0.0,0.0,303.0,0.0,0.05,0.1,0.033,0.021,0.178,0.045,3.0,0.0,4.1,1.0,112.0,7.0,10.0,0.1,,0.4,0.05,0.0,0.0,1.1063,true,0.9968,99.76,true,,,"atwater: 33.19 kcal from the macros against 30.0, ratio 1.1063 outside +/-10 %"
Base.WatermelonSmashed,food,per_item,271.0|68.2|1.35|5.51,167765,sr_legacy,"Watermelon, raw",exact,raw,,902.5,vanilla_implied,,zero:fruit,,271.0,68.2,1.35,5.51,-12.0,-25.0,270.75,68.13875,1.35375,5.50525,3.61,825.33625,73.1025,2.166,0.0,0.0,2734.575,0.0,0.45125,0.9025,0.297825,0.189525,1.60645,0.406125,27.075,0.0,37.0025,9.025,1010.8,63.175,90.25,0.9025,,3.61,0.45125,0.0,0.0,30.0,7.55,0.15,0.61,0.4,91.45,8.1,0.24,0.0,0.0,303.0,0.0,0.05,0.1,0.033,0.021,0.178,0.045,3.0,0.0,4.1,1.0,112.0,7.0,10.0,0.1,,0.4,0.05,0.0,0.0,1.1063,true,0.9991,99.76,true,,,"atwater: 33.19 kcal from the macros against 30.0, ratio 1.1063 outside +/-10 %"
Base.WeldingRods,drainable,none,,,,,,,,,,,,not_food,,,,,,,,,,,,,,,,,,,,,,,,,,,,,,,,,,,,,,,,,,,,,,,,,,,,,,,,,,,,,,,,,,,,,,,,,,,,
Base.WheatSeed,food,none,,,,,,,,,,,,not_food,,,,,-5.0,,,,,,,,,,,,,,,,,,,,,,,,,,,,,,,,,,,,,,,,,,,,,,,,,,,,,,,,,,,,,,,,,,,,,,,
Base.WheatSheaf,food,none,,,,,,,,,,,,not_food,,,,,-5.0,,,,,,,,,,,,,,,,,,,,,,,,,,,,,,,,,,,,,,,,,,,,,,,,,,,,,,,,,,,,,,,,,,,,,,,
Base.WheatSheafDried,food,none,,,,,,,,,,,,not_food,,,,,-5.0,,,,,,,,,,,,,,,,,,,,,,,,,,,,,,,,,,,,,,,,,,,,,,,,,,,,,,,,,,,,,,,,,,,,,,,
Base.Whiskey,fluid_container,none,2500.0|0.0|0.0|0.0,,,,,,,,,,,fluid_sourced,2500.0,0.0,0.0,0.0,-20.0,-20.0,,,,,,,,,,,,,,,,,,,,,,,,,,,,,,,,,,,,,,,,,,,,,,,,,,,,,,,,,,,,,,,,,,,,,,
Base.WhiteBass,food,per_item,159.0|1.0|1.0|35.0,171948,sr_legacy,"Fish, bass, striped, raw",close,raw,2309,163.9,judgement,,zero:fish,,159.0,1.0,1.0,35.0,-15.0,,158.983,0.0,3.81887,29.05947,0.0,129.84158,0.0,1.37676,0.0,44.253,,,,,0.1639,0.04917,3.4419,0.4917,14.751,6.26098,,113.091,419.584,24.585,65.56,0.6556,,59.8235,0.04917,,0.0,97.0,0.0,2.33,17.73,0.0,79.22,0.0,0.84,0.0,27.0,,,,,0.1,0.03,2.1,0.3,9.0,3.82,,69.0,256.0,15.0,40.0,0.4,,36.5,0.03,,0.0,0.9473,false,0.9999,99.28,true,true,,
Base.WhiteCrappie,food,per_item,159.0|1.0|1.0|35.0,175151,sr_legacy,"Fish, sunfish, pumpkin seed, raw",close,raw,2309,178.7,judgement,,zero:fish,,159.0,1.0,1.0,35.0,-15.0,,159.043,0.0,1.2509,34.6678,0.0,142.0665,1.787,2.1444,0.0,26.805,,,,,0.14296,0.12509,2.1444,0.21444,26.805,3.574,,142.96,625.45,142.96,53.61,2.76985,,22.5162,0.044675,,,89.0,0.0,0.7,19.4,0.0,79.5,1.0,1.2,0.0,15.0,,,,,0.08,0.07,1.2,0.12,15.0,2.0,,80.0,350.0,80.0,30.0,1.55,,12.6,0.025,,,0.9427,false,1.0003,99.6,true,true,,
Base.WildEggs,food,per_item,63.0|0.32|4.18|5.55,171287,sr_legacy,"Egg, whole, raw, fresh",proxy,raw,103,44.2,vanilla_implied,iodine:egg-whole-raw,zero:egg,,63.0,0.32,4.18,5.55,-7.0,,63.206,0.31824,4.20342,5.55152,0.0,33.6583,0.0,0.7735,0.0,70.72,0.0,0.884,0.4641,0.1326,0.01768,0.201994,0.03315,0.07514,20.774,0.39338,129.8596,62.764,60.996,24.752,5.304,0.57018,21.658,13.5694,0.708526,0.0,0.0,143.0,0.72,9.51,12.56,0.0,76.15,0.0,1.75,0.0,160.0,0.0,2.0,1.05,0.3,0.04,0.457,0.075,0.17,47.0,0.89,293.8,142.0,138.0,56.0,12.0,1.29,49.0,30.7,1.603,0.0,0.0,0.97,false,1.0033,98.94,true,true,,
Base.WildGarlic2,food,none,0.1|0.0|0.0|0.0,,,,,,,,,,,spice_only,0.1,0.0,0.0,0.0,-1.0,,,,,,,,,,,,,,,,,,,,,,,,,,,,,,,,,,,,,,,,,,,,,,,,,,,,,,,,,,,,,,,,,,,,,,,
Base.WildGarlicDried,food,none,0.1|0.0|0.0|0.0,,,,,,,,,,,spice_only,0.1,0.0,0.0,0.0,-1.0,,,,,,,,,,,,,,,,,,,,,,,,,,,,,,,,,,,,,,,,,,,,,,,,,,,,,,,,,,,,,,,,,,,,,,,
Base.Wine,fluid_container,none,481.0|0.0|0.0|0.0,,,,,,,,,,,fluid_sourced,481.0,0.0,0.0,0.0,-20.0,-20.0,,,,,,,,,,,,,,,,,,,,,,,,,,,,,,,,,,,,,,,,,,,,,,,,,,,,,,,,,,,,,,,,,,,,,,
Base.Wine2,fluid_container,none,481.0|0.0|0.0|0.0,,,,,,,,,,,fluid_sourced,481.0,0.0,0.0,0.0,-20.0,-20.0,,,,,,,,,,,,,,,,,,,,,,,,,,,,,,,,,,,,,,,,,,,,,,,,,,,,,,,,,,,,,,,,,,,,,,
Base.Wine2Open,fluid_container,none,481.0|0.0|0.0|0.0,,,,,,,,,,,fluid_sourced,481.0,0.0,0.0,0.0,-20.0,-20.0,,,,,,,,,,,,,,,,,,,,,,,,,,,,,,,,,,,,,,,,,,,,,,,,,,,,,,,,,,,,,,,,,,,,,,
Base.WineAged,fluid_container,none,481.0|0.0|0.0|0.0,,,,,,,,,,,fluid_sourced,481.0,0.0,0.0,0.0,-20.0,-20.0,,,,,,,,,,,,,,,,,,,,,,,,,,,,,,,,,,,,,,,,,,,,,,,,,,,,,,,,,,,,,,,,,,,,,,
Base.WineBox,fluid_container,none,481.0|0.0|0.0|0.0,,,,,,,,,,,fluid_sourced,481.0,0.0,0.0,0.0,-20.0,-20.0,,,,,,,,,,,,,,,,,,,,,,,,,,,,,,,,,,,,,,,,,,,,,,,,,,,,,,,,,,,,,,,,,,,,,,
Base.WineOpen,fluid_container,none,481.0|0.0|0.0|0.0,,,,,,,,,,,fluid_sourced,481.0,0.0,0.0,0.0,-20.0,-20.0,,,,,,,,,,,,,,,,,,,,,,,,,,,,,,,,,,,,,,,,,,,,,,,,,,,,,,,,,,,,,,,,,,,,,,
Base.WineScrewtop,fluid_container,none,481.0|0.0|0.0|0.0,,,,,,,,,,,fluid_sourced,481.0,0.0,0.0,0.0,-20.0,-20.0,,,,,,,,,,,,,,,,,,,,,,,,,,,,,,,,,,,,,,,,,,,,,,,,,,,,,,,,,,,,,,,,,,,,,,
Base.WinterBerry,food,per_item,23.0|5.0|0.0|4.0,173946,sr_legacy,"Blackberries, raw",proxy,raw,,53.5,judgement,,zero:fruit,,23.0,5.0,0.0,4.0,-10.0,-1.0,23.005,5.14135,0.26215,0.74365,2.8355,47.16025,11.235,0.3317,0.0,0.0,68.48,0.0,0.62595,10.593,0.0107,0.01391,0.34561,0.01605,13.375,0.0,4.5475,0.535,86.67,15.515,10.7,0.28355,,0.214,0.1498,0.0,0.0,43.0,9.61,0.49,1.39,5.3,88.15,21.0,0.62,0.0,0.0,128.0,0.0,1.17,19.8,0.02,0.026,0.646,0.03,25.0,0.0,8.5,1.0,162.0,29.0,20.0,0.53,,0.4,0.28,0.0,0.0,0.8793,true,1.0002,99.64,true,,,"atwater: 37.81 kcal from the macros against 43.0, ratio 0.8793 outside +/-10 %"
Base.Wire,drainable,none,,,,,,,,,,,,not_food,,,,,,,,,,,,,,,,,,,,,,,,,,,,,,,,,,,,,,,,,,,,,,,,,,,,,,,,,,,,,,,,,,,,,,,,,,,,
Base.Woodglue,drainable,none,,,,,,,,,,,,not_food,,,,,,,,,,,,,,,,,,,,,,,,,,,,,,,,,,,,,,,,,,,,,,,,,,,,,,,,,,,,,,,,,,,,,,,,,,,,
Base.Worm,food,per_item,3.0|0.0|0.1|0.5,kavle2023:eisenia-andrei,literature,"earthworm (Eisenia andrei) freeze-dried powder, dry matter with the measured fresh moisture (Kavle 2023 Foods 12:1948 section 3.1; S1189)",guess,raw,,3.8,judgement,,,,3.0,0.0,0.1,0.5,-1.0,,2.998846,0.144249,0.119691,0.333336,,3.17984,,,,,,,,,,,,,,,,,,,,,,,,,,78.916992,3.796032,3.14976,8.772,,83.68,,,,,,,,,,,,,,,,,,,,,,,,,,0.9962,false,0.9996,99.397792,,,,
Base.Yeast,drainable,none,,,,,,,,,,,,not_food,,,,,,,,,,,,,,,,,,,,,,,,,,,,,,,,,,,,,,,,,,,,,,,,,,,,,,,,,,,,,,,,,,,,,,,,,,,,
Base.YellowPerch,food,per_item,159.0|1.0|1.0|35.0,173678,sr_legacy,"Fish, perch, mixed species, raw",close,raw,2309,174.7,judgement,,zero:fish,,159.0,1.0,1.0,35.0,-15.0,,158.977,0.0,1.60724,33.87433,0.0,138.24011,2.9699,1.5723,0.0,15.723,0.0,5.241,0.3494,0.1747,0.12229,0.1747,2.65544,0.20964,8.735,3.3193,113.555,108.314,469.943,139.76,52.41,1.93917,,22.0122,0.040181,0.0,0.0,91.0,0.0,0.92,19.39,0.0,79.13,1.7,0.9,0.0,9.0,0.0,3.0,0.2,0.1,0.07,0.1,1.52,0.12,5.0,1.9,65.0,62.0,269.0,80.0,30.0,1.11,,12.6,0.023,0.0,0.0,0.9433,false,0.9999,99.44,true,true,,
Base.Yoghurt,food,per_item,30.0|1.0|1.0|5.0,171304,sr_legacy,"Yogurt, Greek, plain, whole milk",close,prepared,,30.9,judgement,iodine:yoghurt,zero:dairy,,30.0,1.0,1.0,5.0,-10.0,,29.973,1.22982,1.545,2.781,0.0,25.1217,0.0,0.0,0.0,0.309,2.163,0.0,0.00309,0.0,0.007107,0.085902,0.064272,0.019467,1.545,0.23175,4.6659,10.815,43.569,30.9,3.399,0.16068,12.978,2.9973,0.071688,0.0,0.0,97.0,3.98,5.0,9.0,0.0,81.3,0.0,0.0,0.0,1.0,7.0,0.0,0.01,0.0,0.023,0.278,0.208,0.063,5.0,0.75,15.1,35.0,141.0,100.0,11.0,0.52,42.0,9.7,0.232,0.0,0.0,0.9992,false,0.9991,99.28,true,,,
Base.Zucchini,food,per_item,33.0|6.1|0.63|2.37,169291,sr_legacy,"Squash, summer, zucchini, includes skin, raw",exact,raw,3771,195.8,vanilla_implied,,zero:vegetable,,33.0,6.1,0.63,2.37,-10.0,-10.0,33.286,6.08938,0.62656,2.36918,1.958,185.59882,35.0482,0.72446,0.0,0.0,234.96,0.0,0.23496,8.4194,0.08811,0.184052,0.883058,0.319154,46.992,0.0,18.601,15.664,511.038,31.328,35.244,0.62656,,0.3916,0.178178,0.0,0.0,17.0,3.11,0.32,1.21,1.0,94.79,17.9,0.37,0.0,0.0,120.0,0.0,0.12,4.3,0.045,0.094,0.451,0.163,24.0,0.0,9.5,8.0,261.0,16.0,18.0,0.32,,0.2,0.091,0.0,0.0,1.0682,false,1.0087,99.43,true,true,,
Base.cheese_powdered,food,per_item,130.0|20.7|9.7|21.0,171584,sr_legacy,"Sauce, cheese sauce mix, dry",close,prepared,,29.7,judgement,,,,130.0,20.7,9.7,21.0,-14.0,14.0,130.086,17.97444,5.44401,2.28096,0.297,1.12266,0.2673,0.1485,,16.335,,,,,0.062667,0.201366,0.712503,0.054054,39.798,0.13662,,950.994,127.116,60.588,10.692,0.32967,,,0.284823,,0.0,438.0,60.52,18.33,7.68,1.0,3.78,0.9,0.5,,55.0,,,,,0.211,0.678,2.399,0.182,134.0,0.46,,3202.0,428.0,204.0,36.0,1.11,,,0.959,,0.0,0.9949,false,1.0007,90.31,true,,,
Acid,fluid,none,,,,,,,,,,,,hazard,,,,,,,,,,,,,,,,,,,,,,,,,,,,,,,,,,,,,,,,,,,,,,,,,,,,,,,,,,,,,,,,,,,,,,,,,,,,
AnimalBlood,fluid,none,,,,,,,,,,,,not_food,,,,,,,,,,,,,,,,,,,,,,,,,,,,,,,,,,,,,,,,,,,,,,,,,,,,,,,,,,,,,,,,,,,,,,,,,,,,
AnimalGrease,fluid,none,,,,,,,,,,,,not_food,,,,,,,,,,,,,,,,,,,,,,,,,,,,,,,,,,,,,,,,,,,,,,,,,,,,,,,,,,,,,,,,,,,,,,,,,,,,
AnimalMilk,fluid,per_litre,615.0|46.0|22.0|33.0,171265,sr_legacy,"Milk, whole, 3.25% milkfat, with added vitamin D",close,raw,,1030.0,judgement,iodine:milk-whole,zero:dairy,,615.0,46.0,22.0,33.0,-50.0,-50.0,628.3,49.44,33.475,32.445,0.0,907.739,0.0,0.309,0.0,463.5,72.1,13.39,0.721,3.09,0.4738,1.7407,0.9167,0.3708,51.5,4.635,147.29,442.9,1359.6,1163.9,103.0,3.811,350.2,38.11,2.0085,0.0,0.0,61.0,4.8,3.25,3.15,0.0,88.13,0.0,0.03,0.0,45.0,7.0,1.3,0.07,0.3,0.046,0.169,0.089,0.036,5.0,0.45,14.3,43.0,132.0,113.0,10.0,0.37,34.0,3.7,0.195,0.0,0.0,1.0008,false,1.0216,99.33,true,,,
Beer,fluid,per_litre,500.0|36.0|0.0|4.0,168746,sr_legacy,"Alcoholic beverage, beer, regular, all",close,prepared,,1010.0,judgement,,,,500.0,36.0,0.0,4.0,-10.0,-20.0,434.72,35.855,0.0,4.646,0.0,928.796,0.0,0.202,,0.0,0.0,0.0,0.0,0.0,0.0505,0.2525,5.1813,0.4646,60.6,0.202,102.01,40.4,272.7,40.4,60.6,0.101,,6.06,0.0,0.0,39.45,43.0,3.55,0.0,0.46,0.0,91.96,0.0,0.02,,0.0,0.0,0.0,0.0,0.0,0.005,0.025,0.513,0.046,6.0,0.02,10.1,4.0,27.0,4.0,6.0,0.01,,0.6,0.0,0.0,3.9,1.0079,false,0.8694,95.97,true,,,"ethanol: per_litre 39.45 g from the alcohol property 0.05 x 789; the FDC entry gives 39.39 g, ratio 1.0015 | calories: per_litre 434.72 kcal = the entry's 434.3 kcal - 7.0 x (39.39 - 39.45 g ethanol)"
Bleach,fluid,none,,,,,,,,,,,,hazard,,,,,,-20.0,,,,,,,,,,,,,,,,,,,,,,,,,,,,,,,,,,,,,,,,,,,,,,,,,,,,,,,,,,,,,,,,,,,,,,
Blood,fluid,none,,,,,,,,,,,,not_food,,,,,,,,,,,,,,,,,,,,,,,,,,,,,,,,,,,,,,,,,,,,,,,,,,,,,,,,,,,,,,,,,,,,,,,,,,,,
Brandy,fluid,per_litre,2000.0|0.0|0.0|0.0,174815,sr_legacy,"Alcoholic beverage, distilled, all (gin, rum, vodka, whiskey) 80 proof",close,prepared,,948.0,judgement,,,,2000.0,0.0,0.0,0.0,-20.0,-20.0,2182.656,0.0,0.0,0.0,0.0,631.368,0.0,0.3792,,0.0,0.0,0.0,0.0,0.0,0.05688,0.03792,0.12324,0.00948,0.0,0.0,0.0,9.48,18.96,0.0,0.0,0.3792,,0.0,0.0,0.0,315.6,231.0,0.0,0.0,0.0,0.0,66.6,0.0,0.04,,0.0,0.0,0.0,0.0,0.0,0.006,0.004,0.013,0.001,0.0,0.0,0.0,1.0,2.0,0.0,0.0,0.04,,0.0,0.0,0.0,33.4,1.0121,false,1.0913,66.6,true,,,"ethanol: per_litre 315.6 g from the alcohol property 0.4 x 789; the FDC entry gives 316.632 g, ratio 0.9967 | calories: per_litre 2182.656 kcal = the entry's 2189.88 kcal - 7.0 x (316.632 - 315.6 g ethanol)"
CarbonatedWater,fluid,per_litre,,174842,sr_legacy,"Beverages, carbonated, club soda",close,prepared,,1000.0,judgement,,,,,,,,,-50.0,0.0,0.0,0.0,0.0,0.0,999.0,0.0,0.1,,0.0,0.0,0.0,0.0,0.0,0.0,0.0,0.0,0.0,0.0,0.0,0.0,210.0,20.0,50.0,10.0,1.0,,0.0,0.0,0.0,0.0,0.0,0.0,0.0,0.0,0.0,99.9,0.0,0.01,,0.0,0.0,0.0,0.0,0.0,0.0,0.0,0.0,0.0,0.0,0.0,0.0,21.0,2.0,5.0,1.0,0.1,,0.0,0.0,0.0,0.0,,,,99.9,true,,,
Champagne,fluid,per_litre,581.0|25.0|0.0|0.0,174837,sr_legacy,"Alcoholic beverage, wine, table, white",close,prepared,,990.0,judgement,,,,581.0,25.0,0.0,0.0,-20.0,-20.0,760.77,25.74,0.0,0.693,0.0,859.914,0.0,2.673,,0.0,0.0,0.0,0.0,3.96,0.0495,0.1485,1.0692,0.495,9.9,0.0,42.57,49.5,702.9,89.1,99.0,1.188,,0.99,0.0,0.0,94.68,82.0,2.6,0.0,0.07,0.0,86.86,0.0,0.27,,0.0,0.0,0.0,0.0,0.4,0.005,0.015,0.108,0.05,1.0,0.0,4.3,5.0,71.0,9.0,10.0,0.12,,0.1,0.0,0.0,10.3,1.0095,false,1.3094,89.53,true,,,"ethanol: per_litre 94.68 g from the alcohol property 0.12 x 789; the FDC entry gives 101.97 g, ratio 0.9285 | calories: per_litre 760.77 kcal = the entry's 811.8 kcal - 7.0 x (101.97 - 94.68 g ethanol)"
Cider,fluid,per_litre,190.0|8.0|0.0|0.0,174146,sr_legacy,"Beverages, AMBER, hard cider",close,prepared,,1010.0,judgement,,,,190.0,8.0,0.0,0.0,-20.0,-20.0,503.72,59.792,0.0,0.0,0.0,898.9,23.23,0.606,,0.0,141.4,0.0,0.909,11.11,0.0909,0.1313,0.4545,0.2121,10.1,0.0,17.17,40.4,545.4,40.4,30.3,0.202,,0.0,0.0,0.0,31.56,56.0,5.92,0.0,0.0,0.0,89.0,2.3,0.06,,0.0,14.0,0.0,0.09,1.1,0.009,0.013,0.045,0.021,1.0,0.0,1.7,4.0,54.0,4.0,3.0,0.02,,0.0,0.0,0.0,4.0,0.9229,false,2.6512,94.92,true,,,"ethanol: per_litre 31.56 g from the alcohol property 0.04 x 789; the FDC entry gives 40.4 g, ratio 0.7812 | calories: per_litre 503.72 kcal = the entry's 565.6 kcal - 7.0 x (40.4 - 31.56 g ethanol)"
CleaningLiquid,fluid,none,,,,,,,,,,,,hazard,,,,,,,,,,,,,,,,,,,,,,,,,,,,,,,,,,,,,,,,,,,,,,,,,,,,,,,,,,,,,,,,,,,,,,,,,,,,
Coffee,fluid,per_litre,10.0|0.0|0.0|1.0,171890,sr_legacy,"Beverages, coffee, brewed, prepared with tap water",exact,prepared,,1000.0,judgement,,,,10.0,0.0,0.0,1.0,-10.0,-30.0,10.0,0.0,0.2,1.2,0.0,993.9,0.0,0.1,,0.0,0.0,0.0,0.1,1.0,0.14,0.76,1.91,0.01,20.0,0.0,26.0,20.0,490.0,20.0,30.0,0.2,,0.0,0.01,400.0,0.0,1.0,0.0,0.02,0.12,0.0,99.39,0.0,0.01,,0.0,0.0,0.0,0.01,0.1,0.014,0.076,0.191,0.001,2.0,0.0,2.6,2.0,49.0,2.0,3.0,0.02,,0.0,0.001,40.0,0.0,0.66,false,1.0,99.53,true,,,
CoffeeLiqueur,fluid,per_litre,3260.0|21.0|16.0|2.0,175098,sr_legacy,"Alcoholic beverage, liqueur, coffee with cream, 34 proof",close,prepared,,1070.0,judgement,,,,3260.0,21.0,16.0,2.0,-20.0,-20.0,3569.88,223.63,167.99,29.96,0.0,497.55,2.14,1.391,,1829.7,321.0,0.0,4.815,13.91,0.1177,0.6099,0.8346,0.1177,21.4,0.856,86.67,984.4,342.4,171.2,21.4,1.712,,4.28,7.1797,85.6,157.8,327.0,20.9,15.7,2.8,0.0,46.5,0.2,0.13,,171.0,30.0,0.0,0.45,1.3,0.011,0.057,0.078,0.011,2.0,0.08,8.1,92.0,32.0,16.0,2.0,0.16,,0.4,0.671,8.0,13.8,1.0174,false,1.0951,85.9,true,,,"ethanol: per_litre 157.8 g from the alcohol property 0.2 x 789; the FDC entry gives 147.66 g, ratio 1.0687 | calories: per_litre 3569.88 kcal = the entry's 3498.9 kcal - 7.0 x (147.66 - 157.8 g ethanol)"
Cola,fluid,per_litre,400.0|104.0|0.0|0.0,174852,sr_legacy,"Beverages, carbonated, cola, regular",exact,prepared,,1040.0,judgement,,zero:sugar,,400.0,104.0,0.0,0.0,-12.0,-30.0,436.8,107.744,2.6,0.0,0.0,929.344,0.0,0.208,0.0,0.0,0.0,0.0,0.0,0.0,0.0,0.0,0.0,0.0,0.0,0.0,3.12,31.2,52.0,10.4,0.0,0.936,,1.04,0.0,93.6,0.0,42.0,10.36,0.25,0.0,0.0,89.36,0.0,0.02,0.0,0.0,0.0,0.0,0.0,0.0,0.0,0.0,0.0,0.0,0.0,0.0,0.3,3.0,5.0,1.0,0.0,0.09,,0.1,0.0,9.0,0.0,1.0402,false,1.092,99.97,true,,,ethanol: per_litre 0.0 g from the alcohol property 0.0 x 789; the FDC entry gives 0.0 g
ColaDiet,fluid,per_litre,0.0|0.0|0.0|0.0,175099,sr_legacy,"Beverages, carbonated, low calorie, cola or pepper-type, with aspartame, contains caffeine",close,prepared,,1000.0,judgement,,,,0.0,0.0,0.0,0.0,-12.0,-30.0,20.0,2.9,0.3,1.1,0.0,995.4,0.0,1.1,,0.0,0.0,0.0,0.0,0.0,0.05,0.23,0.0,0.0,0.0,0.0,0.0,80.0,80.0,30.0,10.0,0.1,,0.0,0.0,120.0,0.0,2.0,0.29,0.03,0.11,0.0,99.54,0.0,0.11,,0.0,0.0,0.0,0.0,0.0,0.005,0.023,0.0,0.0,0.0,0.0,0.0,8.0,8.0,3.0,1.0,0.01,,0.0,0.0,12.0,0.0,0.935,false,,99.97,true,,,ethanol: per_litre 0.0 g from the alcohol property 0.0 x 789; the FDC entry gives 0.0 g
Cologne,fluid,none,,,,,,,,,,,,hazard,,,,,,,,,,,,,,,,,,,,,,,,,,,,,,,,,,,,,,,,,,,,,,,,,,,,,,,,,,,,,,,,,,,,,,,,,,,,
CowMilk,fluid,per_litre,615.0|46.0|22.0|33.0,171265,sr_legacy,"Milk, whole, 3.25% milkfat, with added vitamin D",exact,raw,,1030.0,judgement,iodine:milk-whole,zero:dairy,,615.0,46.0,22.0,33.0,-50.0,-50.0,628.3,49.44,33.475,32.445,0.0,907.739,0.0,0.309,0.0,463.5,72.1,13.39,0.721,3.09,0.4738,1.7407,0.9167,0.3708,51.5,4.635,147.29,442.9,1359.6,1163.9,103.0,3.811,350.2,38.11,2.0085,0.0,0.0,61.0,4.8,3.25,3.15,0.0,88.13,0.0,0.03,0.0,45.0,7.0,1.3,0.07,0.3,0.046,0.169,0.089,0.036,5.0,0.45,14.3,43.0,132.0,113.0,10.0,0.37,34.0,3.7,0.195,0.0,0.0,1.0008,false,1.0216,99.33,true,,,
Curacao,fluid,per_litre,2430.0|236.0|0.0|4.0,173168,sr_legacy,"Alcoholic beverage, creme de menthe, 72 proof",proxy,prepared,,1040.0,judgement,,,,2430.0,236.0,0.0,4.0,-20.0,-20.0,3898.16,432.64,3.12,0.0,0.0,294.32,0.0,0.728,,0.0,0.0,0.0,0.0,0.0,0.0,0.0,0.0312,0.0,0.0,0.0,0.0,52.0,0.0,0.0,0.0,0.416,,4.16,1.7368,0.0,315.6,371.0,41.6,0.3,0.0,0.0,28.3,0.0,0.07,,0.0,0.0,0.0,0.0,0.0,0.0,0.0,0.003,0.0,0.0,0.0,0.0,5.0,0.0,0.0,0.0,0.04,,0.4,0.167,0.0,29.8,1.0181,false,1.6042,70.2,true,,,"ethanol: per_litre 315.6 g from the alcohol property 0.4 x 789; the FDC entry gives 309.92 g, ratio 1.0183 | calories: per_litre 3898.16 kcal = the entry's 3858.4 kcal - 7.0 x (309.92 - 315.6 g ethanol)"
Dye,fluid,none,,,,,,,,,,,,hazard,,,,,,,,,,,,,,,,,,,,,,,,,,,,,,,,,,,,,,,,,,,,,,,,,,,,,,,,,,,,,,,,,,,,,,,,,,,,
Gin,fluid,per_litre,2630.0|0.0|0.0|0.0,174815,sr_legacy,"Alcoholic beverage, distilled, all (gin, rum, vodka, whiskey) 80 proof",close,prepared,,948.0,judgement,,,,2630.0,0.0,0.0,0.0,-20.0,-20.0,2182.656,0.0,0.0,0.0,0.0,631.368,0.0,0.3792,,0.0,0.0,0.0,0.0,0.0,0.05688,0.03792,0.12324,0.00948,0.0,0.0,0.0,9.48,18.96,0.0,0.0,0.3792,,0.0,0.0,0.0,315.6,231.0,0.0,0.0,0.0,0.0,66.6,0.0,0.04,,0.0,0.0,0.0,0.0,0.0,0.006,0.004,0.013,0.001,0.0,0.0,0.0,1.0,2.0,0.0,0.0,0.04,,0.0,0.0,0.0,33.4,1.0121,false,0.8299,66.6,true,,,"ethanol: per_litre 315.6 g from the alcohol property 0.4 x 789; the FDC entry gives 316.632 g, ratio 0.9967 | calories: per_litre 2182.656 kcal = the entry's 2189.88 kcal - 7.0 x (316.632 - 315.6 g ethanol)"
GingerAle,fluid,per_litre,400.0|104.0|0.0|0.0,174846,sr_legacy,"Beverages, carbonated, ginger ale",close,prepared,,1035.0,judgement,,zero:sugar,,400.0,104.0,0.0,0.0,-12.0,-30.0,351.9,90.666,0.0,0.0,0.0,944.2305,0.0,1.863,0.0,0.0,0.0,0.0,0.0,0.0,0.0,0.0,0.0,0.0,0.0,0.0,0.0,72.45,10.35,31.05,10.35,0.5175,,1.035,0.0,0.0,0.0,34.0,8.76,0.0,0.0,0.0,91.23,0.0,0.18,0.0,0.0,0.0,0.0,0.0,0.0,0.0,0.0,0.0,0.0,0.0,0.0,0.0,7.0,1.0,3.0,1.0,0.05,,0.1,0.0,0.0,0.0,1.0306,false,0.8797,99.99,true,,,ethanol: per_litre 0.0 g from the alcohol property 0.0 x 789; the FDC entry gives 0.0 g
Grenadine,fluid,per_litre,2780.0|670.0|0.0|0.0,168088,sr_legacy,"Syrups, grenadine",close,prepared,,1300.0,judgement,,zero:sugar,,2780.0,670.0,0.0,0.0,-20.0,-15.0,3484.0,869.83,0.0,0.0,0.0,421.2,0.0,0.65,0.0,0.0,0.0,0.0,0.0,0.0,0.0,0.13,0.0,0.0,0.0,0.0,0.0,351.0,364.0,78.0,52.0,1.69,,7.8,0.0,0.0,0.0,268.0,66.91,0.0,0.0,0.0,32.4,0.0,0.05,0.0,0.0,0.0,0.0,0.0,0.0,0.0,0.01,0.0,0.0,0.0,0.0,0.0,27.0,28.0,6.0,4.0,0.13,,0.6,0.0,0.0,0.0,0.9987,false,1.2532,99.31,true,,,ethanol: per_litre 0.0 g from the alcohol property 0.0 x 789; the FDC entry gives 0.0 g
HairDye,fluid,none,,,,,,,,,,,,hazard,,,,,,,,,,,,,,,,,,,,,,,,,,,,,,,,,,,,,,,,,,,,,,,,,,,,,,,,,,,,,,,,,,,,,,,,,,,,
Honey,fluid,per_litre,400.0|0.0|0.0|0.0,169640,sr_legacy,Honey,close,raw,,1420.0,judgement,,zero:sugar,,400.0,0.0,0.0,0.0,-10.0,-20.0,4316.8,1170.08,0.0,4.26,2.84,242.82,7.1,5.964,0.0,0.0,0.0,0.0,0.0,0.0,0.0,0.5396,1.7182,0.3408,28.4,0.0,31.24,56.8,738.4,85.2,28.4,3.124,,11.36,0.0,0.0,0.0,304.0,82.4,0.0,0.3,0.2,17.1,0.5,0.42,0.0,0.0,0.0,0.0,0.0,0.0,0.0,0.038,0.121,0.024,2.0,0.0,2.2,4.0,52.0,6.0,2.0,0.22,,0.8,0.0,0.0,0.0,1.0868,false,10.792,99.8,true,,,
JuiceApple,fluid,per_litre,480.0|120.0|0.0|0.0,173933,sr_legacy,"Apple juice, canned or bottled, unsweetened, without added ascorbic acid",exact,prepared,,1045.0,judgement,,zero:fruit,,480.0,120.0,0.0,0.0,-10.0,-30.0,480.7,118.085,1.3585,1.045,2.09,922.108,9.405,1.254,0.0,0.0,0.0,0.0,0.1045,0.0,0.21945,0.17765,0.76285,0.1881,0.0,0.0,18.81,41.8,1055.45,83.6,52.25,0.209,,1.045,0.418,0.0,0.0,46.0,11.3,0.13,0.1,0.2,88.24,0.9,0.12,0.0,0.0,0.0,0.0,0.01,0.0,0.021,0.017,0.073,0.018,0.0,0.0,1.8,4.0,101.0,8.0,5.0,0.02,,0.1,0.04,0.0,0.0,1.008,false,1.0015,99.77,true,,,
JuiceCranberry,fluid,per_litre,400.0|100.0|0.0|0.0,171903,sr_legacy,"Cranberry juice cocktail, bottled",close,prepared,,1050.0,judgement,,zero:fruit,,400.0,100.0,0.0,0.0,-10.0,-30.0,567.0,141.96,1.05,0.0,0.0,904.785,444.15,1.05,0.0,0.0,52.5,0.0,2.31,10.5,0.0,0.0,0.4305,0.0,0.0,0.0,11.55,21.0,147.0,31.5,10.5,0.315,,2.1,0.609,0.0,0.0,54.0,13.52,0.1,0.0,0.0,86.17,42.3,0.1,0.0,0.0,5.0,0.0,0.22,1.0,0.0,0.0,0.041,0.0,0.0,0.0,1.1,2.0,14.0,3.0,1.0,0.03,,0.2,0.058,0.0,0.0,1.0181,false,1.4175,99.79,true,,,
JuiceFruitpunch,fluid,per_litre,400.0|100.0|0.0|0.0,171914,sr_legacy,"Beverages, fruit punch drink, without added nutrients, canned",close,prepared,,1045.0,judgement,,zero:fruit,,400.0,100.0,0.0,0.0,-10.0,-30.0,501.6,125.0865,0.0,0.0,0.0,919.2865,4.18,0.9405,0.0,0.0,0.0,0.0,0.209,0.0,0.2299,0.24035,0.21945,0.11495,41.8,0.0,5.225,104.5,261.25,83.6,31.35,0.1045,,2.09,0.0,0.0,0.0,48.0,11.97,0.0,0.0,0.0,87.97,0.4,0.09,0.0,0.0,0.0,0.0,0.02,0.0,0.022,0.023,0.021,0.011,4.0,0.0,0.5,10.0,25.0,8.0,3.0,0.01,,0.2,0.0,0.0,0.0,0.9975,false,1.254,99.94,true,,,
JuiceGrape,fluid,per_litre,400.0|120.0|0.0|0.0,173042,sr_legacy,"Grape juice, canned or bottled, unsweetened, without added ascorbic acid",close,prepared,,1060.0,judgement,,zero:fruit,,400.0,120.0,0.0,0.0,-10.0,-30.0,636.0,156.562,1.378,3.922,2.12,895.806,1.06,2.65,0.0,0.0,53.0,0.0,0.0,4.24,0.1802,0.159,1.4098,0.3392,0.0,0.0,33.92,53.0,1102.4,116.6,106.0,0.742,,0.0,0.2332,0.0,0.0,60.0,14.77,0.13,0.37,0.2,84.51,0.1,0.25,0.0,0.0,5.0,0.0,0.0,0.4,0.017,0.015,0.133,0.032,0.0,0.0,3.2,5.0,104.0,11.0,10.0,0.07,,0.0,0.022,0.0,0.0,1.0222,false,1.59,99.78,true,,,
JuiceLemon,fluid,per_litre,400.0|120.0|0.0|0.0,167748,sr_legacy,"Lemon juice from concentrate, canned or bottled",close,prepared,,1030.0,judgement,,zero:fruit,,400.0,120.0,0.0,0.0,-10.0,-30.0,175.1,57.886,0.721,4.635,7.21,964.492,147.29,0.618,0.0,0.0,0.0,0.0,2.369,1.03,0.2163,0.1751,1.854,0.3811,92.7,0.0,52.53,247.2,1122.7,103.0,72.1,1.957,,1.03,0.1751,0.0,0.0,17.0,5.62,0.07,0.45,0.7,93.64,14.3,0.06,0.0,0.0,0.0,0.0,0.23,0.1,0.021,0.017,0.18,0.037,9.0,0.0,5.1,24.0,109.0,10.0,7.0,0.19,,0.1,0.017,0.0,0.0,1.3829,true,0.4377,99.78,true,,,"atwater: 23.51 kcal from the macros against 17.0, ratio 1.3829 outside +/-10 %"
JuiceOrange,fluid,per_litre,400.0|120.0|0.0|0.0,169100,sr_legacy,"Orange juice, chilled, includes from concentrate",close,prepared,,1045.0,judgement,,zero:fruit,,400.0,120.0,0.0,0.0,-10.0,-30.0,512.05,120.593,1.254,7.106,3.135,911.449,351.12,1.3585,0.0,0.0,83.6,0.0,2.09,0.0,0.4807,0.40755,2.926,0.7942,198.55,0.0,64.79,20.9,1860.1,114.95,114.95,0.7315,,1.045,0.3135,0.0,0.0,49.0,11.54,0.12,0.68,0.3,87.22,33.6,0.13,0.0,0.0,8.0,0.0,0.2,0.0,0.046,0.039,0.28,0.076,19.0,0.0,6.2,2.0,178.0,11.0,11.0,0.07,,0.1,0.03,0.0,0.0,1.0073,false,1.2801,99.56,true,,,
JuiceTomato,fluid,per_litre,420.0|130.0|0.0|0.0,170458,sr_legacy,"Tomato juice, canned, with salt added",close,prepared,,1030.0,judgement,,,,420.0,130.0,0.0,0.0,-10.0,-30.0,175.1,36.359,2.987,8.755,4.12,970.672,722.03,4.017,,0.0,2781.0,0.0,3.296,23.69,1.03,0.8034,6.9319,0.721,206.0,0.0,70.04,2605.9,2235.1,103.0,113.3,1.133,,5.15,0.2781,0.0,0.0,17.0,3.53,0.29,0.85,0.4,94.24,70.1,0.39,,0.0,270.0,0.0,0.32,2.3,0.1,0.078,0.673,0.07,20.0,0.0,6.8,253.0,217.0,10.0,11.0,0.11,,0.5,0.027,0.0,0.0,1.1371,true,0.4169,98.91,true,,,"atwater: 19.33 kcal from the macros against 17.0, ratio 1.1371 outside +/-10 %"
Mead,fluid,per_litre,1220.0|0.0|0.0|0.0,174837,sr_legacy,"Alcoholic beverage, wine, table, white",proxy,prepared,,1000.0,judgement,,,,1220.0,0.0,0.0,0.0,,,430.38,26.0,0.0,0.7,0.0,868.6,0.0,2.7,,0.0,0.0,0.0,0.0,4.0,0.05,0.15,1.08,0.5,10.0,0.0,43.0,50.0,710.0,90.0,100.0,1.2,,1.0,0.0,0.0,47.34,82.0,2.6,0.0,0.07,0.0,86.86,0.0,0.27,,0.0,0.0,0.0,0.0,0.4,0.005,0.015,0.108,0.05,1.0,0.0,4.3,5.0,71.0,9.0,10.0,0.12,,0.1,0.0,0.0,10.3,1.0095,false,0.3528,89.53,true,,,"ethanol: per_litre 47.34 g from the alcohol property 0.06 x 789; the FDC entry gives 103.0 g, ratio 0.4596 | calories: per_litre 430.38 kcal = the entry's 820.0 kcal - 7.0 x (103.0 - 47.34 g ethanol)"
MilkChocolate,fluid,per_litre,615.0|46.0|22.0|33.0,170879,sr_legacy,"Milk, chocolate, fluid, commercial, whole, with added vitamin A and vitamin D",close,prepared,,1050.0,judgement,iodine:milk-whole,zero:dairy,,615.0,46.0,22.0,33.0,-20.0,-15.0,871.5,108.57,35.595,33.285,8.4,864.15,9.45,2.52,0.0,273.0,73.5,13.65,0.735,3.15,0.3885,1.701,1.3125,0.42,52.5,3.465,178.5,630.0,1753.5,1176.0,136.5,4.305,357.0,19.95,1.302,10.5,0.0,83.0,10.34,3.39,3.17,0.8,82.3,0.9,0.24,0.0,26.0,7.0,1.3,0.07,0.3,0.037,0.162,0.125,0.04,5.0,0.33,17.0,60.0,167.0,112.0,13.0,0.41,34.0,1.9,0.124,1.0,0.0,0.9994,false,1.4171,99.2,true,,,
Perfume,fluid,none,,,,,,,,,,,,hazard,,,,,,,,,,,,,,,,,,,,,,,,,,,,,,,,,,,,,,,,,,,,,,,,,,,,,,,,,,,,,,,,,,,,,,,,,,,,
Petrol,fluid,none,,,,,,,,,,,,hazard,,,,,,,,,,,,,,,,,,,,,,,,,,,,,,,,,,,,,,,,,,,,,,,,,,,,,,,,,,,,,,,,,,,,,,,,,,,,
PoisonPotent,fluid,none,,,,,,,,,,,,hazard,,,,,,,,,,,,,,,,,,,,,,,,,,,,,,,,,,,,,,,,,,,,,,,,,,,,,,,,,,,,,,,,,,,,,,,,,,,,
Port,fluid,per_litre,1570.0|129.0|0.0|0.0,173176,sr_legacy,"Alcoholic beverage, wine, dessert, sweet",close,prepared,,1030.0,judgement,,,,1570.0,129.0,0.0,0.0,-20.0,-20.0,1428.55,141.007,0.0,2.06,0.0,726.253,0.0,2.472,,0.0,0.0,0.0,0.0,0.0,0.1854,0.1854,2.1939,0.0,0.0,0.0,51.5,92.7,947.6,82.4,92.7,0.721,,5.15,0.0,0.0,126.24,160.0,13.69,0.0,0.2,0.0,70.51,0.0,0.24,,0.0,0.0,0.0,0.0,0.0,0.018,0.018,0.213,0.0,0.0,0.0,5.0,9.0,92.0,8.0,9.0,0.07,,0.5,0.0,0.0,15.3,1.0166,false,0.9099,84.4,true,,,"ethanol: per_litre 126.24 g from the alcohol property 0.16 x 789; the FDC entry gives 157.59 g, ratio 0.8011 | calories: per_litre 1428.55 kcal = the entry's 1648.0 kcal - 7.0 x (157.59 - 126.24 g ethanol)"
RubbingAlcohol,fluid,none,,,,,,,,,,,,hazard,,,,,,,,,,,,,,,,,,,,,,,,,,,,,,,,,,,,,,,,,,,,,,,,,,,,,,,,,,,,,,,,,,,,,,,,,,,,
Rum,fluid,per_litre,2310.0|0.0|0.0|0.0,174817,sr_legacy,"Alcoholic beverage, distilled, rum, 80 proof",exact,prepared,,948.0,judgement,,,,2310.0,0.0,0.0,0.0,-20.0,-20.0,2182.656,0.0,0.0,0.0,0.0,631.368,0.0,1.1376,,0.0,0.0,0.0,0.0,0.0,0.07584,0.0,0.0,0.0,0.0,0.0,0.0,9.48,18.96,0.0,0.0,0.6636,,0.0,0.0,0.0,315.6,231.0,0.0,0.0,0.0,0.0,66.6,0.0,0.12,,0.0,0.0,0.0,0.0,0.0,0.008,0.0,0.0,0.0,0.0,0.0,0.0,1.0,2.0,0.0,0.0,0.07,,0.0,0.0,0.0,33.4,1.0121,false,0.9449,66.6,true,,,"ethanol: per_litre 315.6 g from the alcohol property 0.4 x 789; the FDC entry gives 316.632 g, ratio 0.9967 | calories: per_litre 2182.656 kcal = the entry's 2189.88 kcal - 7.0 x (316.632 - 315.6 g ethanol)"
Scotch,fluid,per_litre,2270.0|0.0|0.0|0.0,174815,sr_legacy,"Alcoholic beverage, distilled, all (gin, rum, vodka, whiskey) 80 proof",close,prepared,,948.0,judgement,,,,2270.0,0.0,0.0,0.0,-20.0,-20.0,2182.656,0.0,0.0,0.0,0.0,631.368,0.0,0.3792,,0.0,0.0,0.0,0.0,0.0,0.05688,0.03792,0.12324,0.00948,0.0,0.0,0.0,9.48,18.96,0.0,0.0,0.3792,,0.0,0.0,0.0,315.6,231.0,0.0,0.0,0.0,0.0,66.6,0.0,0.04,,0.0,0.0,0.0,0.0,0.0,0.006,0.004,0.013,0.001,0.0,0.0,0.0,1.0,2.0,0.0,0.0,0.04,,0.0,0.0,0.0,33.4,1.0121,false,0.9615,66.6,true,,,"ethanol: per_litre 315.6 g from the alcohol property 0.4 x 789; the FDC entry gives 316.632 g, ratio 0.9967 | calories: per_litre 2182.656 kcal = the entry's 2189.88 kcal - 7.0 x (316.632 - 315.6 g ethanol)"
SecretFlavoring,fluid,none,,,,,,,,,,,,not_food,,,,,,,,,,,,,,,,,,,,,,,,,,,,,,,,,,,,,,,,,,,,,,,,,,,,,,,,,,,,,,,,,,,,,,,,,,,,
SheepMilk,fluid,per_litre,823.0|23.0|17.0|23.0,170882,sr_legacy,"Milk, sheep, fluid",close,raw,,1035.0,judgement,,zero:dairy,,823.0,23.0,17.0,23.0,-50.0,-50.0,1117.8,55.476,72.45,61.893,0.0,835.245,43.47,1.035,0.0,455.4,,,,,0.67275,3.67425,4.31595,0.621,72.45,7.3485,,455.4,1417.95,1997.55,186.3,5.589,,17.595,3.1878,,,108.0,5.36,7.0,5.98,0.0,80.7,4.2,0.1,0.0,44.0,,,,,0.065,0.355,0.417,0.06,7.0,0.71,,44.0,137.0,193.0,18.0,0.54,,1.7,0.308,,,1.0033,false,1.3582,99.04,true,,,
Sherry,fluid,per_litre,1520.0|69.0|0.0|0.0,175112,sr_legacy,"Alcoholic beverage, wine, dessert, dry",close,prepared,,990.0,judgement,,,,1520.0,69.0,0.0,0.0,-20.0,-20.0,1272.96,115.533,0.0,1.98,0.0,718.047,0.0,2.376,,0.0,0.0,,0.0,0.0,0.1782,0.1782,2.1087,0.0,0.0,0.0,,89.1,910.8,79.2,89.1,0.693,,4.95,0.0,0.0,118.35,152.0,11.67,0.0,0.2,0.0,72.53,0.0,0.24,,0.0,0.0,,0.0,0.0,0.018,0.018,0.213,0.0,0.0,0.0,,9.0,92.0,8.0,9.0,0.07,,0.5,0.0,0.0,15.3,1.017,false,0.8375,84.4,true,,,"ethanol: per_litre 118.35 g from the alcohol property 0.15 x 789; the FDC entry gives 151.47 g, ratio 0.7813 | calories: per_litre 1272.96 kcal = the entry's 1504.8 kcal - 7.0 x (151.47 - 118.35 g ethanol)"
SimpleSyrup,fluid,per_litre,0.0|0.0|0.0|0.0,169655,sr_legacy,"Sugars, granulated",close,prepared,,615.0,judgement,,zero:sugar,,0.0,0.0,0.0,0.0,-10.0,-30.0,2380.05,614.877,0.0,0.0,0.0,615.0,0.0,0.3075,0.0,0.0,0.0,0.0,0.0,0.0,0.0,0.11685,0.0,0.0,0.0,0.0,0.0,6.15,12.3,6.15,0.0,0.0615,,3.69,0.0,0.0,0.0,387.0,99.98,0.0,0.0,0.0,0.02,0.0,0.05,0.0,0.0,0.0,0.0,0.0,0.0,0.0,0.019,0.0,0.0,0.0,0.0,0.0,1.0,2.0,1.0,0.0,0.01,,0.6,0.0,0.0,0.0,1.0334,false,,100.0,true,,,water: per_litre 615.0 g = the litre's 1230.0 g - the 615.0 g portion; the entry gives 0.123 g
SodaBlueberry,fluid,per_litre,400.0|104.0|0.0|0.0,173203,sr_legacy,"Beverages, carbonated, grape soda",proxy,prepared,,1040.0,judgement,,zero:sugar,,400.0,104.0,0.0,0.0,-12.0,-30.0,447.2,116.48,0.0,0.0,0.0,923.52,0.0,0.832,0.0,0.0,,,,,0.0,0.0,0.0,0.0,0.0,0.0,,156.0,10.4,31.2,10.4,0.728,,0.0,0.0,,0.0,43.0,11.2,0.0,0.0,0.0,88.8,0.0,0.08,0.0,0.0,,,,,0.0,0.0,0.0,0.0,0.0,0.0,,15.0,1.0,3.0,1.0,0.07,,0.0,0.0,,0.0,1.0419,false,1.118,100.0,true,,,ethanol: per_litre 0.0 g from the alcohol property 0.0 x 789; the FDC entry gives 0.0 g
SodaBubblegum,fluid,per_litre,400.0|104.0|0.0|0.0,173203,sr_legacy,"Beverages, carbonated, grape soda",proxy,prepared,,1040.0,judgement,,zero:sugar,,400.0,104.0,0.0,0.0,-12.0,-30.0,447.2,116.48,0.0,0.0,0.0,923.52,0.0,0.832,0.0,0.0,,,,,0.0,0.0,0.0,0.0,0.0,0.0,,156.0,10.4,31.2,10.4,0.728,,0.0,0.0,,0.0,43.0,11.2,0.0,0.0,0.0,88.8,0.0,0.08,0.0,0.0,,,,,0.0,0.0,0.0,0.0,0.0,0.0,,15.0,1.0,3.0,1.0,0.07,,0.0,0.0,,0.0,1.0419,false,1.118,100.0,true,,,ethanol: per_litre 0.0 g from the alcohol property 0.0 x 789; the FDC entry gives 0.0 g
SodaGrape,fluid,per_litre,400.0|104.0|0.0|0.0,173203,sr_legacy,"Beverages, carbonated, grape soda",close,prepared,,1040.0,judgement,,zero:sugar,,400.0,104.0,0.0,0.0,-12.0,-30.0,447.2,116.48,0.0,0.0,0.0,923.52,0.0,0.832,0.0,0.0,,,,,0.0,0.0,0.0,0.0,0.0,0.0,,156.0,10.4,31.2,10.4,0.728,,0.0,0.0,,0.0,43.0,11.2,0.0,0.0,0.0,88.8,0.0,0.08,0.0,0.0,,,,,0.0,0.0,0.0,0.0,0.0,0.0,,15.0,1.0,3.0,1.0,0.07,,0.0,0.0,,0.0,1.0419,false,1.118,100.0,true,,,ethanol: per_litre 0.0 g from the alcohol property 0.0 x 789; the FDC entry gives 0.0 g
SodaLime,fluid,per_litre,400.0|104.0|0.0|0.0,173205,sr_legacy,"Beverages, carbonated, lemon-lime soda, no caffeine",close,prepared,,1040.0,judgement,,zero:sugar,,400.0,104.0,0.0,0.0,-12.0,-30.0,426.4,108.368,0.0,0.936,0.0,930.696,0.0,0.208,0.0,0.0,0.0,0.0,0.0,0.0,0.0,0.0,0.156,0.0,0.0,0.0,4.16,104.0,10.4,20.8,10.4,0.104,,0.0,0.0,0.0,0.0,41.0,10.42,0.0,0.09,0.0,89.49,0.0,0.02,0.0,0.0,0.0,0.0,0.0,0.0,0.0,0.0,0.015,0.0,0.0,0.0,0.4,10.0,1.0,2.0,1.0,0.01,,0.0,0.0,0.0,0.0,1.0254,false,1.066,100.0,true,,,ethanol: per_litre 0.0 g from the alcohol property 0.0 x 789; the FDC entry gives 0.0 g
SodaPineapple,fluid,per_litre,400.0|104.0|0.0|0.0,173203,sr_legacy,"Beverages, carbonated, grape soda",proxy,prepared,,1040.0,judgement,,zero:sugar,,400.0,104.0,0.0,0.0,-12.0,-30.0,447.2,116.48,0.0,0.0,0.0,923.52,0.0,0.832,0.0,0.0,,,,,0.0,0.0,0.0,0.0,0.0,0.0,,156.0,10.4,31.2,10.4,0.728,,0.0,0.0,,0.0,43.0,11.2,0.0,0.0,0.0,88.8,0.0,0.08,0.0,0.0,,,,,0.0,0.0,0.0,0.0,0.0,0.0,,15.0,1.0,3.0,1.0,0.07,,0.0,0.0,,0.0,1.0419,false,1.118,100.0,true,,,ethanol: per_litre 0.0 g from the alcohol property 0.0 x 789; the FDC entry gives 0.0 g
SodaPop,fluid,per_litre,400.0|104.0|0.0|0.0,174854,sr_legacy,"Beverages, carbonated, orange",close,prepared,,1045.0,judgement,,zero:sugar,,400.0,104.0,0.0,0.0,-12.0,-30.0,501.6,128.535,0.0,0.0,0.0,915.42,0.0,0.627,0.0,0.0,,,,,0.0,0.0,0.0,0.0,0.0,0.0,6.27,125.4,20.9,52.25,10.45,1.045,,0.0,0.0,,0.0,48.0,12.3,0.0,0.0,0.0,87.6,0.0,0.06,0.0,0.0,,,,,0.0,0.0,0.0,0.0,0.0,0.0,0.6,12.0,2.0,5.0,1.0,0.1,,0.0,0.0,,0.0,1.025,false,1.254,99.9,true,,,ethanol: per_litre 0.0 g from the alcohol property 0.0 x 789; the FDC entry gives 0.0 g
SodaStrewberry,fluid,per_litre,400.0|104.0|0.0|0.0,173203,sr_legacy,"Beverages, carbonated, grape soda",proxy,prepared,,1040.0,judgement,,zero:sugar,,400.0,104.0,0.0,0.0,-12.0,-30.0,447.2,116.48,0.0,0.0,0.0,923.52,0.0,0.832,0.0,0.0,,,,,0.0,0.0,0.0,0.0,0.0,0.0,,156.0,10.4,31.2,10.4,0.728,,0.0,0.0,,0.0,43.0,11.2,0.0,0.0,0.0,88.8,0.0,0.08,0.0,0.0,,,,,0.0,0.0,0.0,0.0,0.0,0.0,,15.0,1.0,3.0,1.0,0.07,,0.0,0.0,,0.0,1.0419,false,1.118,100.0,true,,,ethanol: per_litre 0.0 g from the alcohol property 0.0 x 789; the FDC entry gives 0.0 g
SpiffoJuice,fluid,per_litre,450.0|160.0|0.0|0.0,171914,sr_legacy,"Beverages, fruit punch drink, without added nutrients, canned",proxy,prepared,,1045.0,judgement,,zero:fruit,,450.0,160.0,0.0,0.0,-10.0,-30.0,501.6,125.0865,0.0,0.0,0.0,919.2865,4.18,0.9405,0.0,0.0,0.0,0.0,0.209,0.0,0.2299,0.24035,0.21945,0.11495,41.8,0.0,5.225,104.5,261.25,83.6,31.35,0.1045,,2.09,0.0,0.0,0.0,48.0,11.97,0.0,0.0,0.0,87.97,0.4,0.09,0.0,0.0,0.0,0.0,0.02,0.0,0.022,0.023,0.021,0.011,4.0,0.0,0.5,10.0,25.0,8.0,3.0,0.01,,0.2,0.0,0.0,0.0,0.9975,false,1.1147,99.94,true,,,
TaintedWater,fluid,per_litre,,173647,sr_legacy,"Beverages, water, tap, drinking",close,raw,,1000.0,judgement,,,,,,,,,-50.0,0.0,0.0,0.0,0.0,0.0,999.0,0.0,0.0,,0.0,0.0,0.0,0.0,0.0,0.0,0.0,0.0,0.0,0.0,0.0,0.0,40.0,0.0,30.0,10.0,0.1,,0.0,0.0,0.0,0.0,0.0,0.0,0.0,0.0,0.0,99.9,0.0,0.0,,0.0,0.0,0.0,0.0,0.0,0.0,0.0,0.0,0.0,0.0,0.0,0.0,4.0,0.0,3.0,1.0,0.01,,0.0,0.0,0.0,0.0,,,,99.9,true,,,
Tea,fluid,per_litre,10.0|0.0|0.0|0.0,173227,sr_legacy,"Beverages, tea, black, brewed, prepared with tap water",exact,prepared,,1000.0,judgement,,,,10.0,0.0,0.0,0.0,-10.0,-30.0,10.0,3.0,0.0,0.0,0.0,997.0,0.0,0.2,,0.0,0.0,0.0,0.0,0.0,0.0,0.14,0.0,0.0,50.0,0.0,4.0,30.0,370.0,0.0,30.0,0.2,,0.0,0.04,200.0,0.0,1.0,0.3,0.0,0.0,0.0,99.7,0.0,0.02,,0.0,0.0,0.0,0.0,0.0,0.0,0.014,0.0,0.0,5.0,0.0,0.4,3.0,37.0,0.0,3.0,0.02,,0.0,0.004,20.0,0.0,1.2,false,1.0,100.0,true,,,
Tequila,fluid,per_litre,2100.0|0.0|0.0|0.0,174815,sr_legacy,"Alcoholic beverage, distilled, all (gin, rum, vodka, whiskey) 80 proof",close,prepared,,948.0,judgement,,,,2100.0,0.0,0.0,0.0,-20.0,-20.0,2182.656,0.0,0.0,0.0,0.0,631.368,0.0,0.3792,,0.0,0.0,0.0,0.0,0.0,0.05688,0.03792,0.12324,0.00948,0.0,0.0,0.0,9.48,18.96,0.0,0.0,0.3792,,0.0,0.0,0.0,315.6,231.0,0.0,0.0,0.0,0.0,66.6,0.0,0.04,,0.0,0.0,0.0,0.0,0.0,0.006,0.004,0.013,0.001,0.0,0.0,0.0,1.0,2.0,0.0,0.0,0.04,,0.0,0.0,0.0,33.4,1.0121,false,1.0394,66.6,true,,,"ethanol: per_litre 315.6 g from the alcohol property 0.4 x 789; the FDC entry gives 316.632 g, ratio 0.9967 | calories: per_litre 2182.656 kcal = the entry's 2189.88 kcal - 7.0 x (316.632 - 315.6 g ethanol)"
Vermouth,fluid,per_litre,1110.0|33.0|0.0|0.0,175112,sr_legacy,"Alcoholic beverage, wine, dessert, dry",close,prepared,,1020.0,judgement,,,,1110.0,33.0,0.0,0.0,-20.0,-20.0,1286.43,119.034,0.0,2.04,0.0,739.806,0.0,2.448,,0.0,0.0,,0.0,0.0,0.1836,0.1836,2.1726,0.0,0.0,0.0,,91.8,938.4,81.6,91.8,0.714,,5.1,0.0,0.0,118.35,152.0,11.67,0.0,0.2,0.0,72.53,0.0,0.24,,0.0,0.0,,0.0,0.0,0.018,0.018,0.213,0.0,0.0,0.0,,9.0,92.0,8.0,9.0,0.07,,0.5,0.0,0.0,15.3,1.017,false,1.1589,84.4,true,,,"ethanol: per_litre 118.35 g from the alcohol property 0.15 x 789; the FDC entry gives 156.06 g, ratio 0.7584 | calories: per_litre 1286.43 kcal = the entry's 1550.4 kcal - 7.0 x (156.06 - 118.35 g ethanol)"
Vodka,fluid,per_litre,2310.0|0.0|0.0|0.0,174818,sr_legacy,"Alcoholic beverage, distilled, vodka, 80 proof",exact,prepared,,948.0,judgement,,,,2310.0,0.0,0.0,0.0,-20.0,-20.0,2182.656,0.0,0.0,0.0,0.0,631.368,0.0,0.0948,,0.0,,,,,0.0474,0.06636,0.0,0.0,0.0,0.0,,9.48,9.48,0.0,0.0,0.0,,0.0,0.0,,315.6,231.0,0.0,0.0,0.0,0.0,66.6,0.0,0.01,,0.0,,,,,0.005,0.007,0.0,0.0,0.0,0.0,,1.0,1.0,0.0,0.0,0.0,,0.0,0.0,,33.4,1.0121,false,0.9449,66.6,true,,,"ethanol: per_litre 315.6 g from the alcohol property 0.4 x 789; the FDC entry gives 316.632 g, ratio 0.9967 | calories: per_litre 2182.656 kcal = the entry's 2189.88 kcal - 7.0 x (316.632 - 315.6 g ethanol)"
Water,fluid,per_litre,,173647,sr_legacy,"Beverages, water, tap, drinking",exact,raw,,1000.0,judgement,,,,,,,,,-50.0,0.0,0.0,0.0,0.0,0.0,999.0,0.0,0.0,,0.0,0.0,0.0,0.0,0.0,0.0,0.0,0.0,0.0,0.0,0.0,0.0,40.0,0.0,30.0,10.0,0.1,,0.0,0.0,0.0,0.0,0.0,0.0,0.0,0.0,0.0,99.9,0.0,0.0,,0.0,0.0,0.0,0.0,0.0,0.0,0.0,0.0,0.0,0.0,0.0,0.0,4.0,0.0,3.0,1.0,0.01,,0.0,0.0,0.0,0.0,,,,99.9,true,,,
Whiskey,fluid,per_litre,2500.0|0.0|0.0|0.0,174815,sr_legacy,"Alcoholic beverage, distilled, all (gin, rum, vodka, whiskey) 80 proof",close,prepared,,948.0,judgement,,,,2500.0,0.0,0.0,0.0,-20.0,-20.0,2182.656,0.0,0.0,0.0,0.0,631.368,0.0,0.3792,,0.0,0.0,0.0,0.0,0.0,0.05688,0.03792,0.12324,0.00948,0.0,0.0,0.0,9.48,18.96,0.0,0.0,0.3792,,0.0,0.0,0.0,315.6,231.0,0.0,0.0,0.0,0.0,66.6,0.0,0.04,,0.0,0.0,0.0,0.0,0.0,0.006,0.004,0.013,0.001,0.0,0.0,0.0,1.0,2.0,0.0,0.0,0.04,,0.0,0.0,0.0,33.4,1.0121,false,0.8731,66.6,true,,,"ethanol: per_litre 315.6 g from the alcohol property 0.4 x 789; the FDC entry gives 316.632 g, ratio 0.9967 | calories: per_litre 2182.656 kcal = the entry's 2189.88 kcal - 7.0 x (316.632 - 315.6 g ethanol)"
Wine,fluid,per_litre,481.0|0.0|0.0|0.0,173185,sr_legacy,"Alcoholic beverage, wine, table, all",close,prepared,,990.0,judgement,,,,481.0,0.0,0.0,0.0,-20.0,-20.0,763.74,26.928,0.0,0.693,0.0,857.142,0.0,3.663,,0.0,0.0,0.0,0.0,0.0,0.0495,0.2277,1.6434,0.5346,9.9,0.0,49.5,49.5,980.1,79.2,108.9,1.287,,1.98,0.0,0.0,94.68,83.0,2.72,0.0,0.07,0.0,86.58,0.0,0.37,,0.0,0.0,0.0,0.0,0.0,0.005,0.023,0.166,0.054,1.0,0.0,5.0,5.0,99.0,8.0,11.0,0.13,,0.2,0.0,0.0,10.4,1.0116,false,1.5878,89.37,true,,,"ethanol: per_litre 94.68 g from the alcohol property 0.12 x 789; the FDC entry gives 102.96 g, ratio 0.9196 | calories: per_litre 763.74 kcal = the entry's 821.7 kcal - 7.0 x (102.96 - 94.68 g ethanol)"
