id,module,name,kind,display_name,display_category,food_type,item_type,tags,nutrition_source,calories,carbohydrates,lipids,proteins,hunger_change,thirst_change,days_fresh,days_totally_rotten,cant_be_frozen,is_cookable,minutes_to_cook,minutes_to_burn,dangerous_uncooked,packaged,canned_food,cant_eat,spice,good_hot,bad_cold,unhappy_change,boredom_change,stress_change,fatigue_change,endurance_change,food_sickness_change,poison_power,alcohol_power,evolved_recipe,evolved_recipe_name,replace_on_cooked,replace_on_rotten,replace_on_use,on_cooked,on_eat,fluid_capacity,fluid_ids,weight,replace_on_deplete,source_file,source_line
Base.Acorn,Base,Acorn,food,Acorn,Food,Nut,base:food,,food_keys,55.0,12.0,24.0,6.0,-10.0,,180,365,,true,10,30,,,,,,,,10,,,,,,,,Soup:10;Bread:10,,,,,,,,,0.1,,items/food.txt,7700
Base.AlcoholWipes,Base,AlcoholWipes,drainable,Alcohol Wipes,FirstAid,,base:drainable,,food_keys,,,,,,,,,,,,,,,,,,,,,,,,,,,4.0,,,,,,,,,,0.3,,items/drainable.txt,1506
Base.AlcoholedCottonBalls,Base,AlcoholedCottonBalls,drainable,Cotton Balls Doused in Alcohol,FirstAid,,base:drainable,,food_keys,,,,,,,,,,,,,,,,,,,,,,,,,,,4.0,,,,,,,,,,0.1,,items/drainable.txt,1491
Base.AligatorGar,Base,AligatorGar,food,Alligator Gar,Food,,base:food,base:fishmeat;base:uncutfish,food_keys,159.0,1.0,1.0,35.0,-15.0,,4,8,,true,20,60,true,,,,,true,true,20,,,,,,,,,,,,,,,,,0.4,,items/food.txt,7620
Base.Allsorts,Base,Allsorts,food,Licorice Allsorts,Food,Candy,base:food,,food_keys,16.6,4.33,0.0,0.0,-10.0,,,,,,,,,,,,,,,-10,,,,,,,,ConeIcecream:5,,,,,,,,,0.2,,items/food.txt,11889
Base.AmericanLadyCaterpillar,Base,AmericanLadyCaterpillar,food,Caterpillar,Food,Insect,base:food,base:nocookingxp,food_keys,27.0,3.0,20.24,27.55,-1.0,,14,21,,true,5,25,,,,,,,,20,,,,,,,,AddBaitToChum:1,,,,,,,,,0.1,,items/food.txt,8113
Base.AnimalFeedBag,Base,AnimalFeedBag,drainable,Animal Feed Bag,Gardening,,base:drainable,base:farmingloot,food_keys,,,,,,,,,,,,,,,,,,,,,,,,,,,,,,,,,,,,,4.0,Base.EmptySandbag,items/drainable.txt,210
Base.AnimalMilkPowder,Base,AnimalMilkPowder,drainable,Milk Powder,Food,,base:drainable,base:farmingloot,food_keys,,,,,,,,,,,,,,,,true,,,,,,,,,,,,,,,,,,,,,1.3,,items/drainable.txt,197
Base.Animal_Brain,Base,Animal_Brain,food,Animal Brain,AnimalPart,,base:food,base:animalbrain,food_keys,,,,,,,,,,,,,,,,,,,,,,,,,,,,,,,,,,,,,0.1,,items/food.txt,652
Base.Animal_Brain_Small,Base,Animal_Brain_Small,food,Small Animal Brain,AnimalPart,,base:food,base:animalbrain,food_keys,,,,,,,,,,,,,,,,,,,,,,,,,,,,,,,,,,,,,0.1,,items/food.txt,662
Base.Antibiotics,Base,Antibiotics,food,Antibiotics,FirstAid,,base:food,,food_keys,,,,,,,,,true,,,,,,,,,,,,,,,,,,,,,,,,,,,,0.1,,items/food.txt,15211
Base.Apple,Base,Apple,food,Apple,Food,Fruits,base:food,,food_keys,95.0,25.13,0.31,0.47,-16.0,-7.0,5,8,,,,,,,,,,,,,,,,,,,,Cake:16;FruitSalad:8;Pancakes:8;Muffin:8;PieSweet:16;Oatmeal:4;Salad:8,,,,,,,,,0.2,,items/food.txt,8658
Base.Avocado,Base,Avocado,food,Avocado,Food,Vegetables,base:food,base:hideuncooked,food_keys,227.0,11.75,20.96,2.67,-16.0,-7.0,6,14,,true,20,40,,,,,,true,,,,,,,,,,Omelette:8;Soup:16;Stew:16;Pie:16;Stir fry:16;Sandwich:8;Salad:16;Rice:16;Pasta:16;Taco:8;Burrito:8;Toast:8,,,,,,,,,0.3,,items/food.txt,14025
Base.BBQSauce,Base,BBQSauce,food,Barbecue Sauce,Food,NoExplicit,base:food,,food_keys,980.0,252.0,0.0,0.0,-20.0,,,,true,,,,,true,,,true,,,30,,,,,,,,Sandwich:2;Burger:2;Rice:2;Pasta:2;Taco:2;Burrito:2,,,,,,,,,0.2,,items/food.txt,11623
Base.BBQStarterFluid,Base,BBQStarterFluid,drainable,Barbecue Starter Fluid,Household,,base:drainable,base:hasmetal,food_keys,,,,,,,,,,,,,,,,,,,,,,,,,,,,,,,,,,,,,0.5,,items/drainable.txt,700
Base.Bacon,Base,Bacon,food,Bacon,Food,Bacon,base:food,,food_keys,160.0,0.0,14.0,10.0,-12.0,,3,5,,true,20,50,true,true,,,,true,true,,,,,,,,,Pizza:12;Stew:12;Pie:12;Stir fry:12;Sandwich:4|Cooked;Burger:4|Cooked;Hotdog:4|Cooked;Rice:12;Pasta:12;Taco:4|Cooked;Burrito:4|Cooked;Toast:4|Cooked,Bacon,,,,,,,,0.3,,items/food.txt,170
Base.BaconBits,Base,BaconBits,food,Bacon Bits,Food,Bacon,base:food,,food_keys,10.0,0.0,0.875,0.6125,-1.0,,3,5,,true,15,30,true,,,,true,true,true,,,,,,,,,Pizza:1;Omelette:1;Stew:1;Pie:1;Stir fry:1;Sandwich:1|Cooked;Burger:1|Cooked;Hotdog:1|Cooked;Salad:1|Cooked;Rice:1;Pasta:1;Taco:1|Cooked;Burrito:1|Cooked;Toast:1|Cooked,Bacon Bits,,,,,,,,0.025,,items/food.txt,225
Base.BaconRashers,Base,BaconRashers,food,Bacon Strip,Food,Bacon,base:food,,food_keys,40.0,0.0,3.5,2.5,-4.0,,3,5,,true,15,35,true,,,,,true,true,,,,,,,,,Pizza:4;Omelette:4;Stew:4;Pie:4;Stir fry:4;Sandwich:4|Cooked;Burger:4|Cooked;Hotdog:4|Cooked;Salad:4|Cooked;Taco:4|Cooked;Burrito:4|Cooked;Toast:4|Cooked,Bacon,,,,,,,,0.1,,items/food.txt,198
Base.Bag_HydrationBackpack,Base,Bag_HydrationBackpack,fluid_container,Hydration Pack,Bag,,base:container,base:ignorezombiedensity,fluid:Water,,,,,,-50.0,,,,,,,,,,,,,,,,,,,,,,,,,,,,,2.0,Water,1.0,,items/container.txt,5975
Base.Bag_HydrationBackpack_Camo,Base,Bag_HydrationBackpack_Camo,fluid_container,Hydration Pack,Bag,,base:container,base:ignorezombiedensity,fluid:Water,,,,,,-50.0,,,,,,,,,,,,,,,,,,,,,,,,,,,,,3.0,Water,1.0,,items/container.txt,6011
Base.Bag_LeatherWaterBag,Base,Bag_LeatherWaterBag,fluid_container,Leather Water Bag,WaterContainer,,base:clothing,,fluid:Water,,,,,,-50.0,,,,,,,,,,,,,,,,,,,,,,,,,,,,,1.0,Water,0.3,,items/clothing.txt,24482
Base.BagelPlain,Base,BagelPlain,food,Bagel,Food,,base:food,base:fitstoaster;base:toastable;base:hideuncooked,food_keys,177.0,33.0,2.22,5.9,-10.0,,1,6,,true,5,10,,,,,,,,,,,,,,,,,,,,,,,,,0.1,,items/food.txt,5483
Base.BagelPoppy,Base,BagelPoppy,food,Poppy Bagel,Food,,base:food,base:fitstoaster;base:toastable;base:hideuncooked,food_keys,177.0,33.0,2.22,5.9,-10.0,,1,6,,true,5,10,,,,,,,,,,,,,,,,,,,,,,,,,0.1,,items/food.txt,5505
Base.BagelSesame,Base,BagelSesame,food,Sesame Bagel,Food,,base:food,base:fitstoaster;base:toastable;base:hideuncooked,food_keys,177.0,33.0,2.22,5.9,-10.0,,1,6,,true,5,10,,,,,,,,,,,,,,,,,,,,,,,,,0.1,,items/food.txt,5527
Base.Baguette,Base,Baguette,food,Baguette,Food,Bread,base:food,base:alreadycooked;base:hidecooked,food_keys,532.0,99.0,6.66,17.7,-23.0,,3,6,,true,0,30,,,,,,,,,,,,,,,,Soup:5;Stew:5;Salad:5;AddBaitToChum:10,Bread,,,,,,,,0.3,,items/food.txt,2055
Base.BaguetteDough,Base,BaguetteDough,food,Baguette,Food,,base:food,,food_keys,532.0,99.0,6.66,17.7,-15.0,15.0,3,6,,true,20,,,,,,,,,10,,,,,,,,AddBaitToChum:10,,Base.Baguette,,,,,,,0.3,,items/food.txt,2807
Base.BaguetteSandwich,Base,BaguetteSandwich,food,Sandwich,Food,,base:food,base:hideuncooked;base:grilled,food_keys,360.0,42.0,8.5,5.8,-10.0,,3,6,,true,5,20,,,,,,,,,,,,,,,,,,,,,,,,,0.2,,items/food.txt,5624
Base.BaitFish,Base,BaitFish,food,Little Bait Fish,Food,,base:food,,food_keys,30.0,0.0,1.5,8.52,-3.0,,4,8,,true,20,60,true,,,,,true,true,20,,,,,,,,AddBaitToChum:5,,,,,,,,,0.1,,items/food.txt,6779
Base.BakingSoda,Base,BakingSoda,drainable,Baking Soda,Cooking,,base:drainable,,food_keys,,,,,,,,,,,,,,,,,,,,,,,,,,,,,,,,,,,,,0.3,,items/drainable.txt,836
Base.BakingTray_Muffin,Base,BakingTray_Muffin,food,Plain Muffins,Food,,base:food,base:hasmetal,food_keys,520.0,50.45,52.61,54.53,-30.0,,3,10,,true,30,60,,,,true,,true,true,,,,,,,,,,,,,Base.MuffinTray,,,,,1.5,,items/food.txt,2832
Base.BakingTray_Muffin_Recipe,Base,BakingTray_Muffin_Recipe,food,Plain Muffins,Food,,base:food,base:hasmetal,food_keys,520.0,50.45,52.61,54.53,-30.0,,3,10,,true,30,60,,,,true,,true,true,,,,,,,,,,,,,Base.MuffinTray,,,,,1.5,,items/food.txt,2857
Base.Baloney,Base,Baloney,food,Baloney,Food,Sausage,base:food,,food_keys,200.0,2.0,6.35,22.65,-30.0,,2,4,,,,,,,,,,,,,,,,,,,,,,,,,,,,,0.2,,items/food.txt,9190
Base.BaloneySlice,Base,BaloneySlice,food,Baloney Slices,Food,Sausage,base:food,base:hideuncooked,food_keys,33.0,0.33,1.06,3.78,-5.0,,2,4,,true,5,20,,,,,,true,,,,,,,,,,Pizza:5;Stew:5;Stir fry:5;Sandwich:5;Pasta:5;Rice:5;Burger:5,Baloney,,,,,,,,0.04,,items/food.txt,9209
Base.BalsamicVinegar,Base,BalsamicVinegar,food,Balsamic Vinegar,Food,NoExplicit,base:food,,food_keys,1250.0,300.0,0.0,0.0,-20.0,,,,true,,,,,true,,,true,,,50,,,,,,,,Sandwich:2;Burger:2;Rice:2;Pasta:2;Stir fry:2;Salad:2;Taco:2;Burrito:2,,,,,,,,,0.2,,items/food.txt,11599
Base.Banana,Base,Banana,food,Banana,Food,Fruits,base:food,,food_keys,105.0,26.95,0.39,1.29,-16.0,-5.0,5,7,,,,,,,,,,,,,,,,,,,,Bread:16;Cake:16;FruitSalad:8;Pancakes:8;Muffin:8;ConeIcecream:4;PieSweet:16;Oatmeal:4;Sandwich:8,,,,,,,,,0.2,,items/food.txt,8679
Base.BandedWoolyBearCaterpillar,Base,BandedWoolyBearCaterpillar,food,Caterpillar,Food,Insect,base:food,base:nocookingxp,food_keys,27.0,3.0,20.24,27.55,-1.0,,14,21,,true,5,25,,,,,,,,20,,,,,,,,AddBaitToChum:1,,,,,,,,,0.1,,items/food.txt,8138
Base.BarleySeed,Base,BarleySeed,food,Barley Seeds,Gardening,,base:food,base:isseed,food_keys,,,,,-5.0,,,,,,,,,,,true,,,,,,,,,,,,,,,,,,,,,0.02,,items/food.txt,1889
Base.BarleySheaf,Base,BarleySheaf,food,Barley Sheaf,Food,,base:food,,food_keys,,,,,-5.0,,7,14,,,,,,,,true,,,,,,,,,,,,,,,,,,,,,1.0,,items/food.txt,305
Base.BarleySheafDried,Base,BarleySheafDried,food,Barley Sheaf (Dried),Food,,base:food,,food_keys,,,,,-5.0,,,,,,,,,,,true,,,,,,,,,,,,,,,,,,,,,1.0,,items/food.txt,319
Base.Basil,Base,Basil,food,Basil,Food,Herb,base:food,base:iscutting;base:isseed,food_keys,0.1,0.0,0.0,0.0,-1.0,,6,10,,,,,,,,,true,,,,,,,,,,,Stir fry:1;Pizza:1;Omelette:1;Pasta:1;Rice:1;Sandwich:1;Salad:1;Soup:1;Stew:1;Bread:1;Burger:1;Hotdog:1,,,,,,,,,0.1,,items/food.txt,13507
Base.BasilDried,Base,BasilDried,food,Basil (Dried),Food,Herb,base:food,,food_keys,0.1,0.0,0.0,0.0,-5.0,,,,,,,,,,,,true,,,,,,,,,,,Stir fry:1;Pizza:1;Omelette:1;Pasta:1;RicePan:1;Rice:1;Sandwich:1;Salad:1;Soup:1;Stew:1;Bread:1;Burger:1,Basil,,,,,,,,0.1,,items/food.txt,13528
Base.BathTowel,Base,BathTowel,drainable,Bath Towel,Household,,base:drainable,base:cleanstains;base:spawnfullunlesslaundry,food_keys,,,,,,,,,,,,,,,,,,,,,,,,,,,,,,,,,,,,,0.3,Base.BathTowelWet,items/drainable.txt,2187
Base.Battery,Base,Battery,drainable,Battery,Electronics,,base:drainable,base:hasmetal,food_keys,,,,,,,,,,,,,,,,,,,,,,,,,,,,,,,,,,,,,0.1,,items/drainable.txt,673
Base.BeanBowl,Base,BeanBowl,food,Bowl of Beans,Food,Bean,base:food,base:dontinheritcondition,food_keys,170.0,33.0,1.0,7.0,-24.0,,2,4,,true,20,40,,,,,,true,,10,,,,,,,,Omelette:8;Soup:24;Stew:24;Rice:24;Sandwich:8;Toast:8;Salad:8,Bean,,,Base.Bowl,,,,,1.5,,items/food.txt,10848
Base.BeautyBerry,Base,BeautyBerry,food,Berries,Food,Berry,base:food,,food_keys,23.0,5.0,0.0,4.0,-10.0,-1.0,6,10,,,,,,,,,,,,,,,,,,,,Cake:10;FruitSalad:10;Pancakes:10;Muffin:10;ConeIcecream:5;PieSweet:10;Oatmeal:5,,,,,,,,,0.1,,items/food.txt,7725
Base.Beef,Base,Beef,food,Beef,Food,Beef,base:food,,food_keys,440.0,0.0,18.7,62.62,-80.0,,2,4,,true,50,70,true,,,,,true,true,,,,,,,,,Pizza:20;Stew:20;Stir fry:20;Sandwich:5|Cooked;Salad:10|Cooked;Pasta:20;Rice:20;Taco:5|Cooked;Burrito:10|Cooked;AddBaitToChum:20,,,,,,,,,0.5,,items/food.txt,9746
Base.BeefJerky,Base,BeefJerky,food,Beef Jerky,Food,Beef,base:food,,food_keys,410.0,11.0,26.0,33.0,-20.0,,,,,,,,,true,,,,,,,,,,,,,,Stew:10;Pie:10;Stir fry:10;Sandwich:5;Salad:5;Rice:10;Pasta:10,,,,,,,,,0.2,,items/food.txt,12691
Base.BeerBottle,Base,BeerBottle,fluid_container,Beer Bottle,Food,,base:normal,base:glass;base:glassbottlesmall,fluid:Beer,500.0,36.0,0.0,4.0,-10.0,-20.0,,,,,,,,,,,,,,-10,,0,0.0,0.0,0,,,,,,,,,,0.3,Beer,0.4,,items/normal.txt,6061
Base.BeerCan,Base,BeerCan,fluid_container,Beer Can,Food,,base:normal,base:cookable;base:lowalcohol;base:hasmetal;base:emptycan;base:sealedbeveragecan,fluid:Beer,500.0,36.0,0.0,4.0,-10.0,-20.0,,,,,,,,true,,,,,,-10,,0,0.0,0.0,0,,,,,,,,,,0.3,Beer,0.3,,items/normal.txt,6094
Base.BeerCanEmpty,Base,BeerCanEmpty,fluid_container,Beer Can,WaterContainer,,base:normal,base:cookable;base:hasmetal;base:emptycan,food_keys,,,,,,,,,,,,,,,,,,,,,,,,,,,,,,,,,,,0.3,,0.1,,items/normal.txt,7378
Base.BeerEmpty,Base,BeerEmpty,fluid_container,Beer Bottle,WaterContainer,,base:normal,base:glass;base:glassbottlesmall,food_keys,,,,,,,,,,,,,,,,,,,,,,,,,,,,,,,,,,,0.3,,0.1,,items/normal.txt,7407
Base.BeerImported,Base,BeerImported,fluid_container,Imported Beer,Food,,base:normal,base:glass;base:glassbottle,fluid:Beer,500.0,36.0,0.0,4.0,-10.0,-20.0,,,,,,,,true,,,,,,-10,,0,0.0,0.0,0,,,,,,,,,,0.3,Beer,0.4,,items/normal.txt,6127
Base.BellPepper,Base,BellPepper,food,Bell Pepper,Food,Vegetables,base:food,base:hideuncooked,food_keys,30.0,7.0,0.0,1.0,-8.0,-2.0,5,8,,true,10,30,,,,,,true,,,,,,,,,,Pizza:8;Omelette:4;Soup:8;Stew:8;Pie:8;Stir fry:8;Sandwich:2;Burger:2;Hotdog:2;Salad:4;Rice:8;Pasta:8;Taco:2;Burrito:4,Pepper,,,,,,,,0.2,,items/food.txt,14051
Base.BerryBlack,Base,BerryBlack,food,Berries,Food,Berry,base:food,,food_keys,23.0,5.0,0.0,4.0,-10.0,-1.0,6,10,,,,,,,,,,,,,,,,,,,,Cake:10;FruitSalad:10;Pancakes:10;Muffin:10;ConeIcecream:5;PieSweet:10;Oatmeal:5,Berry,,,,,,,,0.1,,items/food.txt,9000
Base.BerryBlue,Base,BerryBlue,food,Berries,Food,Berry,base:food,,food_keys,23.0,5.0,0.0,4.0,-10.0,-1.0,6,10,,,,,,,,,,,,,,,,,,,,Cake:10;FruitSalad:10;Pancakes:10;Muffin:10;ConeIcecream:5;PieSweet:10;Oatmeal:5,Berry,,,,,,,,0.1,,items/food.txt,9023
Base.BerryGeneric1,Base,BerryGeneric1,food,Berries,Food,Berry,base:food,,food_keys,12.0,3.0,0.0,2.0,-5.0,-1.0,6,10,,,,,,,,,,,,,,,,,,,,Cake:5;FruitSalad:5;Pancakes:5;Muffin:5;ConeIcecream:5;PieSweet:5;Oatmeal:5,Berry,,,,,RecipeCodeOnEat.consumeWildFoodGeneric,,,0.1,,items/food.txt,9046
Base.BerryGeneric2,Base,BerryGeneric2,food,Berries,Food,Berry,base:food,,food_keys,23.0,5.0,0.0,4.0,-10.0,-1.0,6,10,,,,,,,,,,,,,,,,,,,,Cake:10;FruitSalad:10;Pancakes:10;Muffin:10;ConeIcecream:5;PieSweet:10;Oatmeal:5,Berry,,,,,RecipeCodeOnEat.consumeWildFoodGeneric,,,0.1,,items/food.txt,9070
Base.BerryGeneric3,Base,BerryGeneric3,food,Berries,Food,Berry,base:food,,food_keys,8.0,3.0,0.0,2.0,-5.0,-1.0,6,10,,,,,,,,,,,,,,,,,,,,Cake:5;FruitSalad:5;Pancakes:5;Muffin:5;ConeIcecream:5;PieSweet:5;Oatmeal:5,Berry,,,,,RecipeCodeOnEat.consumeWildFoodGeneric,,,0.1,,items/food.txt,9094
Base.BerryGeneric4,Base,BerryGeneric4,food,Berries,Food,Berry,base:food,,food_keys,23.0,5.0,0.0,4.0,-10.0,-1.0,6,10,,,,,,,,,,,,,,,,,,,,Cake:10;FruitSalad:10;Pancakes:10;Muffin:10;ConeIcecream:5;PieSweet:10;Oatmeal:5,Berry,,,,,RecipeCodeOnEat.consumeWildFoodGeneric,,,0.1,,items/food.txt,9118
Base.BerryGeneric5,Base,BerryGeneric5,food,Berries,Food,Berry,base:food,,food_keys,23.0,5.0,0.0,4.0,-10.0,-1.0,6,10,,,,,,,,,,,,,,,,,,,,Cake:10;FruitSalad:10;Pancakes:10;Muffin:10;ConeIcecream:5;PieSweet:10;Oatmeal:5,Berry,,,,,RecipeCodeOnEat.consumeWildFoodGeneric,,,0.1,,items/food.txt,9142
Base.BerryPoisonIvy,Base,BerryPoisonIvy,food,Berries,Food,Berry,base:food,,food_keys,23.0,5.0,0.0,4.0,-5.0,-1.0,6,10,,,,,,,,,,,,,,,,,,,,Cake:5;FruitSalad:5;Pancakes:5;Muffin:5;ConeIcecream:5;PieSweet:5;Oatmeal:5,Berry,,,,,RecipeCodeOnEat.consumeWildFoodGeneric,,,0.1,,items/food.txt,9166
Base.Biscuit,Base,Biscuit,food,Biscuit,Food,NoExplicit,base:food,base:fitstoaster,food_keys,160.0,22.0,8.0,1.0,-5.0,,3,5,,,,,,,,,,,,,,,,,,,,Soup:5;Stew:5,,,,,,,,,0.1,,items/food.txt,2081
Base.BlackCrappie,Base,BlackCrappie,food,Black Crappie,Food,,base:food,base:fishmeat;base:uncutfish,food_keys,159.0,1.0,1.0,35.0,-15.0,,4,8,,true,20,60,true,,,,,true,true,20,,,,,,,,,,,,,,,,,0.4,,items/food.txt,7260
Base.BlackSage,Base,BlackSage,food,Black Sage,FirstAid,Herb,base:food,base:herbaltea,food_keys,0.1,0.0,0.0,0.0,-1.0,,6,10,,,,,,,,,true,,,,,,,,,,,HotDrink:1,,,,,,,,,0.1,,items/food.txt,7960
Base.BlackSageDried,Base,BlackSageDried,food,Black Sage (Dried),FirstAid,Herb,base:food,base:herbaltea,food_keys,0.1,0.0,0.0,0.0,-1.0,,,,,,,,,,,,true,,,,,,,,,,,HotDrink:1,,,,,,,,,0.1,,items/food.txt,7983
Base.Blackbeans,Base,Blackbeans,food,Black Beans,Food,Bean,base:food,,food_keys,45.0,10.45,0.45,3.95,-10.0,,3,5,,,,,,,,,,,,,,,,,,,,Soup:10;Stew:10;Stir fry:10;Rice:10;Burrito:10;Taco:5;Salad:5,Black Bean,,,,,,,,0.1,,items/food.txt,14078
Base.Bleach,Base,Bleach,fluid_container,Bleach,Household,,base:normal,,fluid:Bleach,,,,,,-20.0,,,,,,,,,,,,,,,,,,,,,,,,,,,,,1.0,Bleach,0.2,,items/normal.txt,3541
Base.BlowTorch,Base,BlowTorch,drainable,Welding Torch,Tool,,base:drainable,,food_keys,,,,,,,,,,,,,,,,,,,,,,,,,,,,,,,,,,,,,1.0,,items/drainable.txt,1562
Base.BlueCatfish,Base,BlueCatfish,food,Blue Catfish,Food,,base:food,base:fishmeat;base:uncutfish,food_keys,159.0,1.0,1.0,35.0,-15.0,,4,8,,true,20,60,true,,,,,true,true,20,,,,,,,,,,,,,,,,,0.4,,items/food.txt,7410
Base.Bluegill,Base,Bluegill,food,Bluegill,Food,,base:food,base:fishmeat;base:uncutfish,food_keys,159.0,1.0,1.0,35.0,-15.0,,4,8,,true,20,60,true,,,,,true,true,20,,,,,,,,,,,,,,,,,0.4,,items/food.txt,7320
Base.BottleCrafted,Base,BottleCrafted,fluid_container,Bottle,WaterContainer,,base:normal,base:glass;base:glassbottle,food_keys,,,,,,,,,,,,,,,,,,,,,,,,,,,,,,,,,,,1.0,,0.1,,items/normal.txt,7225
Base.BouillonCube,Base,BouillonCube,food,Bouillon Cube,Food,Stock,base:food,base:driedfood;base:herbaltea,food_keys,16.0,2.3,0.5,0.6,-3.0,5.0,,,,,,,,,,,true,,,,,,,,,,,Soup:3;Stew:3;HotDrink:1,Bouillon,,,,,,,,0.1,,items/food.txt,5052
Base.Bowl,Base,Bowl,fluid_container,Bowl,Cooking,,base:normal,base:bowl;base:dontinheritcondition,food_keys,,,,,,,,,,,,,,,,,,,,,,,,,,,,,,,,,,,0.3,,0.5,,items/normal.txt,3763
Base.Brandy,Base,Brandy,fluid_container,Brandy,Food,,base:normal,base:glass;base:glassbottle,fluid:Brandy,2000.0,0.0,0.0,0.0,-20.0,-20.0,,,,,,,,,,,,,,-10,,0,0.0,0.0,0,,,,,,,,,,1.0,Brandy,0.5,,items/normal.txt,6161
Base.Bread,Base,Bread,food,Bread,Food,Bread,base:food,,food_keys,532.0,99.0,6.66,17.7,-30.0,,3,6,,,,,,true,,,,,,,,,,,,,,Soup:5;Stew:5;Salad:5;AddBaitToChum:10,,,,,,,,,0.3,,items/food.txt,2102
Base.BreadDough,Base,BreadDough,food,Bread,Food,,base:food,,food_keys,532.0,99.0,6.66,17.7,-24.0,15.0,3,6,,true,20,50,,,,,,,,10,,,,,,,,AddBaitToChum:10,,,,,,,,,0.3,,items/food.txt,2882
Base.BreadSlices,Base,BreadSlices,food,Bread Slices,Food,Bread,base:food,base:hidecooked;base:fitstoaster,food_keys,177.0,33.0,2.22,5.9,-10.0,,3,6,,true,4,,,,,,,,,,,,,,,,,Soup:5;Stew:5;Salad:5,Bread,Base.Toast,,,,,,,0.1,,items/food.txt,2123
Base.Broccoli,Base,Broccoli,food,Broccoli,Food,Vegetables,base:food,base:hideuncooked,food_keys,11.0,2.0,0.1,0.9,-9.0,-4.0,4,6,,true,10,30,,,,,,true,,,,,,,,,,Pizza:9;Omelette:9;Soup:9;Stew:9;Pie:9;Stir fry:9;Salad:9;Rice:9;Pasta:9,,,,,,,,,0.2,,items/food.txt,14098
Base.BrusselSprouts,Base,BrusselSprouts,food,Brussels Sprouts,Food,Vegetables,base:food,,food_keys,119.0,20.45,0.85,7.95,-20.0,-5.0,3,5,,true,10,30,,,,,,true,,10,,,,,,,,Stir fry:9;Pie:9;Salad:9|Cooked,,,,,,,,,0.6,,items/food.txt,14124
Base.Bucket,Base,Bucket,fluid_container,Bucket,WaterContainer,,base:normal,base:bucket;base:cookable;base:hasmetal;base:metalbucket,food_keys,,,,,,,,,,,,,,,,,,,,,,,,,,,,,,,,,,,10.0,,1.0,,items/normal.txt,13864
Base.BucketCarved,Base,BucketCarved,fluid_container,Carved Bucket,WaterContainer,,base:normal,base:bucket;base:isfirefuel,food_keys,,,,,,,,,,,,,,,,,,,,,,,,,,,,,,,,,,,10.0,,2.0,,items/normal.txt,13915
Base.BucketCarvedClayCement,Base,BucketCarvedClayCement,drainable,Carved Bucket of Clay Cement,Material,,base:drainable,base:concrete,food_keys,,,,,,,,,,,,,,,,,,,,,,,,,,,,,,,,,,,,,10.0,Base.BucketCarved,items/drainable.txt,411
Base.BucketCarvedConcreteFull,Base,BucketCarvedConcreteFull,drainable,Carved Bucket of Concrete,Material,,base:drainable,base:concrete,food_keys,,,,,,,,,,,,,,,,,,,,,,,,,,,,,,,,,,,,,10.0,Base.BucketCarved,items/drainable.txt,427
Base.BucketCarvedPlasterFull,Base,BucketCarvedPlasterFull,drainable,Carved Bucket of Plaster,Material,,base:drainable,base:wallpaperpaste;base:plasterbucket,food_keys,,,,,,,,,,,,,,,,,,,,,,,,,,,,,,,,,,,,,10.0,Base.BucketCarved,items/drainable.txt,458
Base.BucketCarvedWallpaperPaste,Base,BucketCarvedWallpaperPaste,drainable,Carved Bucket of Wallpaper Paste,Material,,base:drainable,base:wallpaperpaste,food_keys,,,,,,,,,,,,,,,,,,,,,,,,,,,,,,,,,,,,,10.0,Base.BucketCarved,items/drainable.txt,560
Base.BucketClayCement,Base,BucketClayCement,drainable,Bucket of Clay Cement,Material,,base:drainable,base:hasmetal;base:concrete,food_keys,,,,,,,,,,,,,,,,,,,,,,,,,,,,,,,,,,,,,10.0,Base.Bucket,items/drainable.txt,379
Base.BucketConcreteFull,Base,BucketConcreteFull,drainable,Bucket of Concrete,Material,,base:drainable,base:hasmetal;base:concrete,food_keys,,,,,,,,,,,,,,,,,,,,,,,,,,,,,,,,,,,,,10.0,Base.Bucket,items/drainable.txt,395
Base.BucketEmpty,Base,BucketEmpty,fluid_container,Bucket,WaterContainer,,base:normal,base:bucket;base:cookable;base:hasmetal;base:metalbucket,food_keys,,,,,,,,,,,,,,,,,,,,,,,,,,,,,,,,,,,10.0,,1.0,,items/normal.txt,13225
Base.BucketForged,Base,BucketForged,fluid_container,Bucket,WaterContainer,,base:normal,base:bucket;base:hasmetal;base:metalbucket;base:cookable,food_keys,,,,,,,,,,,,,,,,,,,,,,,,,,,,,,,,,,,10.0,,1.0,,items/normal.txt,13941
Base.BucketLargeWood,Base,BucketLargeWood,fluid_container,Wooden Bucket,WaterContainer,,base:normal,base:bucket;base:hasmetal,food_keys,,,,,,,,,,,,,,,,,,,,,,,,,,,,,,,,,,,20.0,,10.0,,items/normal.txt,1483
Base.BucketOfSoup,Base,BucketOfSoup,food,Bucket of Soup,Food,,base:food,base:hasmetal,food_keys,202.0,25.0,4.5,14.0,-40.0,-40.0,3,5,,true,50,100,,,,,,,,-20,,,,,,,,,,,,Base.Bucket,,,,,3.0,,items/food.txt,6723
Base.BucketOfStew,Base,BucketOfStew,food,Bucket of Stew,Food,,base:food,base:hasmetal,food_keys,202.0,25.0,4.5,14.0,-40.0,-40.0,3,5,,true,50,100,,,,,,,,-20,,,,,,,,,,,,Base.Bucket,,,,,3.0,,items/food.txt,6751
Base.BucketPlasterFull,Base,BucketPlasterFull,drainable,Bucket of Plaster,Material,,base:drainable,base:hasmetal;base:plasterbucket,food_keys,,,,,,,,,,,,,,,,,,,,,,,,,,,,,,,,,,,,,10.0,Base.Bucket,items/drainable.txt,443
Base.BucketWallpaperPaste,Base,BucketWallpaperPaste,drainable,Bucket of Wallpaper Paste,Material,,base:drainable,base:wallpaperpaste;base:hasmetal,food_keys,,,,,,,,,,,,,,,,,,,,,,,,,,,,,,,,,,,,,10.0,Base.Bucket,items/drainable.txt,546
Base.BucketWaterDebug,Base,BucketWaterDebug,fluid_container,Bucket,WaterContainer,,base:normal,base:bucket;base:cookable;base:metalbucket;base:hasmetal,fluid:Water,,,,,,-50.0,,,,,,,,,,,,,,,,,,,,,,,,,,,,,10.0,Water,1.0,,items/normal.txt,13295
Base.BucketWood,Base,BucketWood,fluid_container,Wooden Bucket,WaterContainer,,base:normal,base:bucket;base:hasmetal,food_keys,,,,,,,,,,,,,,,,,,,,,,,,,,,,,,,,,,,10.0,,1.0,,items/normal.txt,13890
Base.Bull_Head_Angus,Base,Bull_Head_Angus,food,Bull Head,AnimalPart,,base:food,base:animalhead,food_keys,,,,,,,5,7,,,,,,,,,,,,,,,,,,,,,,,,,,,,,2.0,,items/food.txt,684
Base.Bull_Head_Holstein,Base,Bull_Head_Holstein,food,Bull Head,AnimalPart,,base:food,base:animalhead,food_keys,,,,,,,5,7,,,,,,,,,,,,,,,,,,,,,,,,,,,,,2.0,,items/food.txt,756
Base.Bull_Head_Simmental,Base,Bull_Head_Simmental,food,Bull Head,AnimalPart,,base:food,base:animalhead,food_keys,,,,,,,5,7,,,,,,,,,,,,,,,,,,,,,,,,,,,,,2.0,,items/food.txt,720
Base.Bullhorn,Base,Bullhorn,drainable,Megaphone,Tool,,base:drainable,base:hasmetal;base:miscelectronic;base:hideremaining;base:megaphone,food_keys,,,,,,,,,,,,,,,,,,,,,,,,,,,,,,,,,,,,,2.0,,items/drainable.txt,2322
Base.BunsHamburger,Base,BunsHamburger,food,Pack of Hamburger Buns,Food,,base:food,,food_keys,708.0,132.0,8.88,23.6,,,3,6,,,,,,true,,true,,,,,,,,,,,,,,,,,,,,,0.4,,items/food.txt,2147
Base.BunsHamburger_single,Base,BunsHamburger_single,food,Hamburger Bun,Food,Bread,base:food,,food_keys,177.0,33.0,2.22,5.9,-10.0,,3,6,,,,,,,,,,,,,,,,,,,,Soup:5;Stew:5;Salad:5,,,,,,,,,0.1,,items/food.txt,2165
Base.BunsHotdog,Base,BunsHotdog,food,Pack of Hotdog Buns,Food,,base:food,,food_keys,532.0,99.0,6.66,17.7,,,3,6,,,,,,true,,true,,,,,,,,,,,,,,,,,,,,,0.3,,items/food.txt,2184
Base.BunsHotdog_single,Base,BunsHotdog_single,food,Hotdog Bun,Food,Bread,base:food,,food_keys,177.0,33.0,2.22,5.9,-10.0,,3,6,,,,,,,,,,,,,,,,,,,,Soup:5;Stew:5;Salad:5,,,,,,,,,0.1,,items/food.txt,2202
Base.Burger,Base,Burger,food,Burger,Food,,base:food,,food_keys,440.0,0.0,37.0,25.0,-25.0,,3,5,,,,,,,,,,,,-10,,,,,,,,,,,,,,,,,0.3,,items/food.txt,5549
Base.BurgerRecipe,Base,BurgerRecipe,food,Burger,Food,,base:food,,food_keys,440.0,30.5,37.0,25.0,-20.0,,3,5,,,,,,,,,,,,-10,,,,,,,,,,,,,,,,,0.3,,items/food.txt,5645
Base.Burrito,Base,Burrito,food,Burrito,Food,,base:food,,food_keys,500.0,100.0,34.0,37.0,-25.0,,3,5,,,,,,,,,,,,-10,,,,,,,,,,,,,,,,,0.3,,items/food.txt,5568
Base.BurritoRecipe,Base,BurritoRecipe,food,Burrito,Food,,base:food,,food_keys,40.0,0.0,2.0,2.0,-5.0,,3,5,,,,,,,,,,,,,,,,,,,,,,,,,,,,,0.1,,items/food.txt,5664
Base.Butter,Base,Butter,food,Butter,Food,,base:food,base:bakingfat;base:minoringredient,food_keys,3200.0,0.0,352.0,0.0,-24.0,,,,,,,,,true,,,true,,,20,,,,,,,,Pancakes:4;Sandwich:4;Stir fry:4;Pasta:4;Taco:4;Burrito:4;Toast:4;Oatmeal:4;Soup:4;Stew:4,,,,,,,,,0.3,,items/food.txt,4535
Base.Cabbage,Base,Cabbage,food,Cabbage,Food,Vegetables,base:food,base:hideuncooked,food_keys,180.0,41.0,0.7,9.0,-24.0,-10.0,2,4,,true,10,30,,,,,,,,,,,,,,,,Soup:12;Stew:12;Stir fry:12;Sandwich:6;Burger:6;Hotdog:6;Salad:12;Taco:6;Burrito:6,,,,,,,,,0.2,,items/food.txt,145
Base.CabbageRoll,Base,CabbageRoll,food,Cabbage Roll,Food,,base:food,,food_keys,110.0,7.0,7.0,5.0,-20.0,,3,5,,,,,,,,,,,,,,,,,,,,,,,,,,,,,0.3,,items/food.txt,11582
Base.CakeBlackForest,Base,CakeBlackForest,food,Black Forest Cake Slice,Food,,base:food,,food_keys,90.0,4.0,12.0,10.0,-10.0,,3,5,,,,,,,,,,,,-15,,,,,,,,,,,,,,,,,0.2,,items/food.txt,2346
Base.CakeCarrot,Base,CakeCarrot,food,Carrot Cake Slice,Food,,base:food,,food_keys,70.0,4.0,12.0,10.0,-7.0,,3,5,,,,,,,,,,,,-10,,,,,,,,,,,,,,,,,0.2,,items/food.txt,2364
Base.CakeCheeseCake,Base,CakeCheeseCake,food,Cheese Cake Slice,Food,,base:food,,food_keys,80.0,4.0,12.0,10.0,-8.0,,3,5,,,,,,,,,,,,-10,,,,,,,,,,,,,,,,,0.2,,items/food.txt,2382
Base.CakeChocolate,Base,CakeChocolate,food,Chocolate Cake Slice,Food,,base:food,,food_keys,90.0,4.0,12.0,10.0,-10.0,,3,5,,,,,,,,,,,,-15,,,,,,,,,,,,,,,,,0.2,,items/food.txt,2400
Base.CakePrep,Base,CakePrep,food,Cake Preparation,Food,,base:food,base:hasmetal,food_keys,800.0,50.0,48.0,8.0,-30.0,,4,9,,true,40,110,,,,,,,,-20,,,,,,,,,,,,Base.BakingPan,RecipeCodeOnCooked.nameCakePrep,,,,0.5,,items/food.txt,2908
Base.CakeRaw,Base,CakeRaw,food,Cake,Food,,base:food,base:hasmetal,food_keys,560.0,9.0,53.0,10.0,-15.0,,4,9,,true,40,110,,,,,,,,-10,,,,,,,,,,,,Base.BakingPan,,,,,0.5,,items/food.txt,2934
Base.CakeRedVelvet,Base,CakeRedVelvet,food,Red Velvet Cake Slice,Food,,base:food,,food_keys,80.0,4.0,12.0,10.0,-8.0,,3,5,,,,,,,,,,,,-10,,,,,,,,,,,,,,,,,0.2,,items/food.txt,2418
Base.CakeSlice,Base,CakeSlice,food,Cake Slice,Food,,base:food,base:spawncooked,food_keys,70.0,1.0,5.0,5.0,-7.0,,3,5,,true,20,50,,,,,,,,-10,,,,,,,,,,,,,,,,,0.2,,items/food.txt,2436
Base.CakeStrawberryShortcake,Base,CakeStrawberryShortcake,food,Strawberry Cake Slice,Food,,base:food,,food_keys,75.0,4.0,12.0,10.0,-8.0,,3,5,,,,,,,,,,,,-10,,,,,,,,,,,,,,,,,0.2,,items/food.txt,2458
Base.Calf_Head_Angus,Base,Calf_Head_Angus,food,Calf Head,AnimalPart,,base:food,base:animalhead,food_keys,,,,,,,5,7,,,,,,,,,,,,,,,,,,,,,,,,,,,,,1.2,,items/food.txt,696
Base.Calf_Head_Holstein,Base,Calf_Head_Holstein,food,Calf Head,AnimalPart,,base:food,base:animalhead,food_keys,,,,,,,5,7,,,,,,,,,,,,,,,,,,,,,,,,,,,,,1.2,,items/food.txt,768
Base.Calf_Head_Simmental,Base,Calf_Head_Simmental,food,Calf Head,AnimalPart,,base:food,base:animalhead,food_keys,,,,,,,5,7,,,,,,,,,,,,,,,,,,,,,,,,,,,,,1.2,,items/food.txt,732
Base.CanPipe_Tobacco,Base,CanPipe_Tobacco,food,Can Pipe with Tobacco,Junk,,base:food,,food_keys,,,,,0.0,,,,true,,,,,,,,,,,,,-15,,,21,,,,,,,Base.CanPipe,,RecipeCodeOnEat.consumeNicotine,,,0.3,,items/food.txt,15394
Base.CandiedApple,Base,CandiedApple,food,Candied Apple,Food,Candy,base:food,,food_keys,250.0,36.0,9.0,6.0,-18.0,-4.0,5,8,,,,,,,,,,,,-10,,-1,,,,,,,,,,,,,,,0.2,,items/food.txt,3210
Base.Candle,Base,Candle,drainable,Candle,LightSource,,base:drainable,,food_keys,,,,,,,,,,,,,,,,,,,,,,,,,,,,,,,,,,,,,0.2,,items/drainable.txt,2153
Base.CandleLit,Base,CandleLit,drainable,Lit Candle,LightSource,,base:drainable,base:startfire,food_keys,,,,,,,,,,,,,,,,,,,,,,,,,,,,,,,,,,,,,0.2,,items/drainable.txt,2167
Base.CandyCaramels,Base,CandyCaramels,food,Caramel Candies,Food,Candy,base:food,,food_keys,170.0,28.0,5.0,1.0,-5.0,,,,,,,,,,,,,,,-10,,-1,,,,,,Cake:5;ConeIcecream:5,Caramel Candy,,,,,,,,0.1,,items/food.txt,3233
Base.CandyCorn,Base,CandyCorn,food,Candy Corn,Food,Candy,base:food,,food_keys,32.0,14.0,0.0,0.0,-10.0,,,,,,,,,,,,,,,-10,,,,,,,,ConeIcecream:5,,,,,,,,,0.2,,items/food.txt,11927
Base.CandyFruitSlices,Base,CandyFruitSlices,food,Candied Fruit Slices,Food,Candy,base:food,,food_keys,40.0,10.0,0.5,0.0,-5.0,,,,,,,,,,,,,,,-10,,,,,,,,Cake:5;ConeIcecream:5,,,,,,,,,0.1,,items/food.txt,11945
Base.CandyGummyfish,Base,CandyGummyfish,food,Gummy Fish Candy,Food,Candy,base:food,,food_keys,110.0,27.0,0.0,0.0,-5.0,,,,,,,,,,,,,,,-10,,-1,,,,,,Cake:5;ConeIcecream:5,Gummy Fish,,,,,,,,0.1,,items/food.txt,3253
Base.CandyMolasses,Base,CandyMolasses,food,Halloween Candy,Food,Candy,base:food,,food_keys,160.0,33.0,3.5,0.1,-5.0,,,,,,,,,,,,,,,-10,,-1,,,,,,Cake:5;ConeIcecream:5,Halloween Candy,,,,,,,,0.1,,items/food.txt,3273
Base.CandyNovapops,Base,CandyNovapops,food,Novapops Candy,Food,Candy,base:food,,food_keys,120.0,24.0,2.5,0.0,-5.0,,,,,,,,,,,,,,,-10,,-1,,,,,,Cake:5;ConeIcecream:5,Novapop,,,,,,,,0.1,,items/food.txt,3293
Base.CandyPackage,Base,CandyPackage,food,Candy Package,Food,,base:food,,food_keys,500.0,125.0,2.5,0.0,,,,,,,,,,true,,true,,,,,,,,,,,,,,,,,,,,,0.6,,items/food.txt,11963
Base.Candycane,Base,Candycane,food,Candy Cane,Food,Candy,base:food,,food_keys,16.6,4.33,0.0,0.0,-10.0,,,,,,,,,,,,true,,,-10,,,,,,,,Cake:10;ConeIcecream:10;Muffin:10;HotDrink:10,,,,,,,,,0.2,,items/food.txt,11907
Base.CannedBellPepper,Base,CannedBellPepper,food,Jar of Bell Peppers,Food,,base:food,base:hasmetal;base:hidehungerchange;base:spawncooked;base:preservedfood,food_keys,180.0,42.0,0.0,6.0,-48.0,,30,60,,true,60,120,,,,true,,,,,,,,,,,,,,,,,RecipeCodeOnCooked.cannedFood,,,,0.8,,items/food.txt,1342
Base.CannedBellPepper_Open,Base,CannedBellPepper_Open,food,Jar of Bell Peppers (Open),Food,Vegetables,base:food,,food_keys,180.0,42.0,0.0,6.0,-48.0,,2,4,,,,,,,,,,,,,,,,,,,,Pizza:8;Omelette:4;Soup:8;Stew:8;Pie:8;Stir fry:8;Sandwich:2;Burger:2;Salad:4;Rice:8;Pasta:8;Taco:2;Burrito:4,Pepper,,,Base.EmptyJar,,,,,0.8,,items/food.txt,1549
Base.CannedBolognese,Base,CannedBolognese,food,Canned Spaghetti Bolognese,Food,,base:food,base:hasmetal,food_keys,540.0,68.0,22.0,18.0,,,,,,,,,,true,true,true,,,,,,,,,,,,,,,,,,,,,0.8,,items/food.txt,3624
Base.CannedBologneseOpen,Base,CannedBologneseOpen,food,Canned Spaghetti Bolognese (Open),Food,Meat,base:food,base:hasmetal;base:hideuncooked,food_keys,540.0,68.0,22.0,18.0,-24.0,,3,5,,true,10,30,,true,true,,,true,,,,,,,,,,Burger:12;Stew:24;Stir fry:24;Rice:24;Pasta:24;Omelette:12,Bolognese,,,Base.TinCanEmpty,,,,,0.8,,items/food.txt,3644
Base.CannedBroccoli,Base,CannedBroccoli,food,Jar of Broccoli,Food,,base:food,base:hasmetal;base:hidehungerchange;base:spawncooked;base:preservedfood,food_keys,55.0,10.0,0.5,4.5,-45.0,,30,60,,true,60,120,,,,true,,,,,,,,,,,,,,,,,RecipeCodeOnCooked.cannedFood,,,,0.8,,items/food.txt,1365
Base.CannedBroccoli_Open,Base,CannedBroccoli_Open,food,Jar of Broccoli (Open),Food,Vegetables,base:food,,food_keys,55.0,10.0,0.5,4.5,-45.0,,2,4,,,,,,,,,,,,,,,,,,,,Pizza:9;Omelette:9;Soup:9;Stew:9;Pie:9;Stir fry:9;Salad:9;Rice:9;Pasta:9,Broccoli,,,Base.EmptyJar,,,,,0.8,,items/food.txt,1571
Base.CannedCabbage,Base,CannedCabbage,food,Jar of Cabbage,Food,,base:food,base:hasmetal;base:hidehungerchange;base:spawncooked;base:preservedfood,food_keys,360.0,82.0,1.4,18.0,-48.0,,30,60,,true,60,120,,,,true,,,,,,,,,,,,,,,,,RecipeCodeOnCooked.cannedFood,,,,0.8,,items/food.txt,1388
Base.CannedCabbage_Open,Base,CannedCabbage_Open,food,Jar of Cabbage (Open),Food,Vegetables,base:food,,food_keys,360.0,82.0,1.4,18.0,-48.0,,2,4,,,,,,,,,,,,,,,,,,,,Soup:12;Stew:12;Stir fry:12;Sandwich:6;Burger:6;Salad:12;Taco:6;Burrito:6,Cabbage,,,Base.EmptyJar,,,,,0.8,,items/food.txt,1593
Base.CannedCarrots,Base,CannedCarrots,food,Jar of Carrots,Food,,base:food,base:hasmetal;base:hidehungerchange;base:spawncooked;base:preservedfood,food_keys,125.0,30.0,0.75,3.0,-40.0,,30,60,,true,60,120,,,,true,,,,,,,,,,,,,,,,,RecipeCodeOnCooked.cannedFood,,,,0.8,,items/food.txt,1411
Base.CannedCarrots2,Base,CannedCarrots2,food,Canned Carrots,Food,,base:food,base:hasmetal,food_keys,10.5,28.0,0.0,0.0,,,,,,,,,,true,true,true,,,,,,,,,,,,,,,,,,,,,0.8,,items/food.txt,3675
Base.CannedCarrotsOpen,Base,CannedCarrotsOpen,food,Canned Carrots (Open),Food,Vegetables,base:food,base:hasmetal;base:hideuncooked,food_keys,10.5,28.0,0.0,0.0,-12.0,-4.0,2,4,,true,10,30,,true,true,,,true,,,,,,,,,,Omelette:6;Soup:12;Stew:12;Pie:12;Stir fry:12;Sandwich:6;Salad:6;Rice:12;Pasta:12,Carrot,,,Base.TinCanEmpty,,,,,0.8,,items/food.txt,3695
Base.CannedCarrots_Open,Base,CannedCarrots_Open,food,Jar of Carrots (Open),Food,Vegetables,base:food,,food_keys,125.0,30.0,0.75,3.0,-40.0,,2,4,,,,,,,,,,,,,,,,,,,,Soup:8;Stew:8;Pie:8;Stir fry:8;Sandwich:4;Salad:4;Rice:8;Pasta:8,Carrot,,,Base.EmptyJar,,,,,0.8,,items/food.txt,1615
Base.CannedChili,Base,CannedChili,food,Canned Chili,Food,,base:food,base:hasmetal,food_keys,260.0,33.0,7.0,16.0,,,,,,,,,,true,true,true,,,,,,,,,,,,,,,,,,,,,0.8,,items/food.txt,3727
Base.CannedChiliOpen,Base,CannedChiliOpen,food,Canned Chili (Open),Food,Meat,base:food,base:hasmetal;base:hideuncooked,food_keys,260.0,33.0,7.0,16.0,-16.0,,3,5,,true,10,30,,true,true,,,true,,,,,,,,,,Stew:16;Stir fry:16;Rice:16;Taco:8;Burrito:8;Omelette:8;Burger:8;Hotdog:8;Sandwich:8;Pasta:8,Chili,,,Base.TinCanEmpty,,,,,0.8,,items/food.txt,3747
Base.CannedCorn,Base,CannedCorn,food,Canned Corn,Food,,base:food,base:hasmetal;base:hideuncooked,food_keys,315.0,70.0,1.75,7.0,,,,,,true,10,30,,true,true,true,,,,,,,,,,,,,,,,,,,,,0.8,,items/food.txt,3828
Base.CannedCornOpen,Base,CannedCornOpen,food,Canned Corn (Open),Food,Vegetables,base:food,base:hasmetal;base:hideuncooked,food_keys,315.0,70.0,1.75,7.0,-16.0,-4.0,2,4,,true,10,30,,true,true,,,true,,,,,,,,,,Soup:16;Stew:16;Stir fry:16;Burger:8;Hotdog:8;Salad:16;Rice:16;Pasta:16;Omelette:8;Taco:8;Burrito:8;AddBaitToChum:10,Corn,,,Base.TinCanEmpty,,,,,0.8,,items/food.txt,3851
Base.CannedCornedBeef,Base,CannedCornedBeef,food,Canned Corned Beef,Food,,base:food,base:hasmetal,food_keys,720.0,0.0,48.0,78.0,,,,,,,,,,true,true,true,,,,,,,,,,,,,,,,,,,,,0.8,,items/food.txt,3778
Base.CannedCornedBeefOpen,Base,CannedCornedBeefOpen,food,Canned Corned Beef (Open),Food,Beef,base:food,base:hasmetal;base:hideuncooked,food_keys,720.0,0.0,48.0,78.0,-24.0,,2,4,,true,10,30,,true,true,,,true,,,,,,,,,,Pizza:12;Burger:12;Omelette:8;Stew:12;Stir fry:12;Sandwich:8;Salad:12;Pasta:12;Rice:12,Corned Beef,,,Base.TinCanEmpty,,,,,0.8,,items/food.txt,3797
Base.CannedEggplant,Base,CannedEggplant,food,Jar of Eggplants,Food,,base:food,base:hasmetal;base:hidehungerchange;base:spawncooked;base:preservedfood,food_keys,342.0,81.0,2.4,13.5,-48.0,,30,60,,true,60,120,,,,true,,,,,,,,,,,,,,,,,RecipeCodeOnCooked.cannedFood,,,,0.8,,items/food.txt,1434
Base.CannedEggplant_Open,Base,CannedEggplant_Open,food,Jar of Eggplants (Open),Food,Vegetables,base:food,,food_keys,342.0,81.0,2.4,13.5,-48.0,,2,4,,,,,,,,,,,,,,,,,,,,Pizza:8;Omelette:8;Soup:16;Stew:16;Pie:16;Stir fry:16;Burger:8;Sandwich:4;Salad:8;Rice:16;Pasta:16,Eggplant,,,Base.EmptyJar,,,,,0.8,,items/food.txt,1637
Base.CannedFruitBeverage,Base,CannedFruitBeverage,food,Canned Fruit Beverage,Food,,base:food,base:hasmetal,food_keys,250.0,0.0,24.0,10.0,,,,,,,,,,true,true,true,,,,,,,,,,,,,,,,,,,,,0.8,,items/food.txt,4640
Base.CannedFruitBeverageOpen,Base,CannedFruitBeverageOpen,food,Canned Fruit Beverage (Open),Food,Juice,base:food,base:hasmetal,food_keys,250.0,0.0,24.0,10.0,-15.0,-85.0,5,7,,,,,,true,true,,,,,-10,,,,,,,,Cake:15;FruitSalad:15;Pancakes:15;Muffin:15,Fruit,,,Base.TinCanEmpty,,,,,0.8,,items/food.txt,4659
Base.CannedFruitCocktail,Base,CannedFruitCocktail,food,Canned Fruit Cocktail,Food,,base:food,base:hasmetal,food_keys,250.0,0.0,24.0,10.0,,,,,,,,,,true,true,true,,,,,,,,,,,,,,,,,,,,,0.8,,items/food.txt,3884
Base.CannedFruitCocktailOpen,Base,CannedFruitCocktailOpen,food,Canned Fruit Cocktail (Open),Food,Fruits,base:food,base:hasmetal,food_keys,250.0,0.0,24.0,10.0,-15.0,,5,7,,,,,,true,true,,,,,-10,,,,,,,,Cake:15;FruitSalad:15;Pancakes:15;Muffin:15;ConeIcecream:5;PieSweet:15;Oatmeal:5,Fruit,,,Base.TinCanEmpty,,,,,0.8,,items/food.txt,3904
Base.CannedLeek,Base,CannedLeek,food,Jar of Leeks,Food,,base:food,base:hasmetal;base:hidehungerchange;base:spawncooked;base:preservedfood,food_keys,216.0,560.0,1.2,15.2,-48.0,,30,60,,true,60,120,,,,true,,,,,,,,,,,,,,,,,RecipeCodeOnCooked.cannedFood,,,,0.8,,items/food.txt,1457
Base.CannedLeek_Open,Base,CannedLeek_Open,food,Jar of Leeks (Open),Food,Vegetables,base:food,,food_keys,216.0,560.0,1.2,15.2,-48.0,,2,4,,,,,,,,,,,,,,,,,,,,Omelette:6;Soup:12;Stew:12;Pie:12;Stir fry:12;Salad:6;Rice:12;Pasta:12,Leek,,,Base.EmptyJar,,,,,0.8,,items/food.txt,1659
Base.CannedMilk,Base,CannedMilk,food,Canned Evaporated Milk,Food,,base:food,base:hasmetal,food_keys,472.0,23.6,23.6,23.6,,,,,true,,,,,true,true,,,,,,,,,,,,,,,,,,,,,,0.8,,items/food.txt,3930
Base.CannedMilkOpen,Base,CannedMilkOpen,food,Canned Evaporated Milk (Open),Food,Milk,base:food,base:milk;base:hasmetal;base:wetbeverageingredient,food_keys,472.0,23.6,23.6,23.6,-10.0,-10.0,4,7,true,,,,,true,true,,,,,,,,,,,,,FruitSalad:2;Pancakes:2;HotDrink:2;Oatmeal:2;PieSweet:5;Cake:5,Evaporated Milk,,,Base.TinCanEmpty,,,,,0.8,,items/food.txt,3949
Base.CannedMushroomSoup,Base,CannedMushroomSoup,food,Canned Mushroom Soup,Food,,base:food,base:hasmetal,food_keys,160.0,19.0,8.0,3.0,,,,,,,,,,true,true,true,,,,,,,,,,,,,,,,,,,,,0.8,,items/food.txt,3978
Base.CannedMushroomSoupOpen,Base,CannedMushroomSoupOpen,food,Canned Mushroom Soup (Open),Food,Mushroom,base:food,base:hasmetal;base:hideuncooked,food_keys,160.0,19.0,8.0,3.0,-10.0,-4.0,2,4,,true,10,30,,true,true,,,true,,,,,,,,,,Omelette:5;Soup:10;Stew:10;Stir fry:10;Burger:5;Salad:10;Rice:10;Pasta:10,Mushroom,,,Base.TinCanEmpty,,,,,0.8,,items/food.txt,3998
Base.CannedPeaches,Base,CannedPeaches,food,Canned Peaches,Food,,base:food,base:hasmetal,food_keys,250.0,0.0,24.0,10.0,,,,,,,,,,true,true,true,,,,,,,,,,,,,,,,,,,,,0.8,,items/food.txt,4030
Base.CannedPeachesOpen,Base,CannedPeachesOpen,food,Canned Peaches (Open),Food,Fruits,base:food,base:hasmetal,food_keys,250.0,0.0,24.0,10.0,-15.0,,5,7,,,,,,true,true,,,,,-10,,,,,,,,Cake:15;FruitSalad:15;Pancakes:15;Muffin:15;PieSweet:15;Oatmeal:5,Peach,,,Base.TinCanEmpty,,,,,0.8,,items/food.txt,4050
Base.CannedPeas,Base,CannedPeas,food,Canned Peas,Food,,base:food,base:hasmetal,food_keys,280.0,52.5,0.0,14.0,,,,,,,,,,true,true,true,,,,,,,,,,,,,,,,,,,,,0.8,,items/food.txt,4077
Base.CannedPeasOpen,Base,CannedPeasOpen,food,Canned Peas (Open),Food,Vegetables,base:food,base:hasmetal;base:hideuncooked,food_keys,280.0,52.5,0.0,14.0,-16.0,-3.0,2,4,,true,10,30,,true,true,,,true,,,,,,,,,,Omelette:8;Soup:16;Stew:16;Stir fry:16;Rice:16,Pea,,,Base.TinCanEmpty,,,,,0.8,,items/food.txt,4097
Base.CannedPineapple,Base,CannedPineapple,food,Canned Pineapple,Food,,base:food,base:hasmetal,food_keys,250.0,0.0,24.0,10.0,,,,,,,,,,true,true,true,,,,,,,,,,,,,,,,,,,,,0.8,,items/food.txt,4129
Base.CannedPineappleOpen,Base,CannedPineappleOpen,food,Canned Pineapple (Open),Food,Fruits,base:food,base:hasmetal,food_keys,250.0,0.0,24.0,10.0,-15.0,,5,7,,,,,,true,true,,,,,-10,,,,,,,,Pizza:15;Cake:15;FruitSalad:15;Pancakes:5;Muffin:15;ConeIcecream:5;PieSweet:15;Oatmeal:5,Pineapple,,,Base.TinCanEmpty,,,,,0.8,,items/food.txt,4149
Base.CannedPotato,Base,CannedPotato,food,Jar of Potatoes,Food,,base:food,base:hasmetal;base:hidehungerchange;base:spawncooked;base:preservedfood,food_keys,210.0,45.0,0.45,9.0,-48.0,,30,60,,true,60,120,,,,true,,,,,,,,,,,,,,,,,RecipeCodeOnCooked.cannedFood,,,,0.8,,items/food.txt,1480
Base.CannedPotato2,Base,CannedPotato2,food,Canned Potato,Food,,base:food,base:hasmetal,food_keys,175.0,35.0,0.0,2.5,,,,,,,,,,true,true,true,,,,,,,,,,,,,,,,,,,,,0.8,,items/food.txt,4176
Base.CannedPotatoOpen,Base,CannedPotatoOpen,food,Canned Potato (Open),Food,Vegetables,base:food,base:hasmetal;base:hideuncooked,food_keys,175.0,35.0,0.0,2.5,-18.0,-7.0,2,4,,true,10,30,,true,true,,,true,,,,,,,,,,Omelette:9;Soup:18;Stew:18;Pie:18;Stir fry:18;Salad:9,Potato,,,Base.TinCanEmpty,,,,,0.8,,items/food.txt,4196
Base.CannedPotato_Open,Base,CannedPotato_Open,food,Jar of Potatoes (Open),Food,Vegetables,base:food,,food_keys,210.0,45.0,0.45,9.0,-48.0,,2,4,,,,,,,,,,,,,,,,,,,,Omelette:9;Soup:18;Stew:18;Pie:18;Stir fry:18;Salad:9|Cooked,Potato,,,Base.EmptyJar,,,,,0.8,,items/food.txt,1681
Base.CannedRedRadish,Base,CannedRedRadish,food,Jar of Radishes,Food,,base:food,base:hasmetal;base:hidehungerchange;base:spawncooked;base:preservedfood,food_keys,15.0,2.25,0.0,0.0,-45.0,,30,60,,true,60,120,,,,true,,,,,,,,,,,,,,,,,RecipeCodeOnCooked.cannedFood,,,,0.8,,items/food.txt,1503
Base.CannedRedRadish_Open,Base,CannedRedRadish_Open,food,Jar of Radishes (Open),Food,Vegetables,base:food,,food_keys,15.0,2.25,0.0,0.0,-45.0,,2,4,,,,,,,,,,,,,,,,,,,,Soup:3;Stew:3;Stir fry:3;Burger:3;Salad:3;Sandwich:3,Radish,,,Base.EmptyJar,,,,,0.8,,items/food.txt,1703
Base.CannedRoe,Base,CannedRoe,food,Jar of Fish Roe,Food,,base:food,base:hasmetal;base:hidehungerchange;base:spawncooked;base:preservedfood,food_keys,56.0,14.0,0.8,5.2,-48.0,,30,60,,true,60,120,,,,true,,,,,,,,,,,,,,,,,RecipeCodeOnCooked.cannedFood,,,,0.8,,items/food.txt,15480
Base.CannedRoe_Open,Base,CannedRoe_Open,food,Opened Jar of Fish Roe,Food,Roe,base:food,base:hasmetal,food_keys,150.0,0.0,11.0,14.0,-10.0,,3,5,,,,,,,,,,,,-20,,,,,,,,Salad:2;Sandwich:2;Soup:2;Toast:2,,,,Base.EmptyJar,,,,,0.8,,items/food.txt,15503
Base.CannedSardines,Base,CannedSardines,food,Canned Sardines,Food,,base:food,base:hasmetal,food_keys,150.0,0.0,11.0,14.0,,,,,,,,,,true,true,true,,,,,,,,,,,,,,,,,,,,,0.3,,items/food.txt,4228
Base.CannedSardinesOpen,Base,CannedSardinesOpen,food,Canned Sardines (Open),Food,Fish,base:food,base:hasmetal;base:hideuncooked,food_keys,150.0,0.0,11.0,14.0,-14.0,,2,4,,true,10,30,,true,true,,,true,,,,,,,,,,Pizza:14;Stew:14;Stir fry:14;Rice:14;Sandwich:7;Omelette:7;Toast:7,Sardine,,,Base.TinCanEmpty,,,,,0.3,,items/food.txt,4247
Base.CannedTomato,Base,CannedTomato,food,Jar of Tomatoes,Food,,base:food,base:hasmetal;base:hidehungerchange;base:spawncooked;base:preservedfood,food_keys,56.0,14.0,0.8,5.2,-48.0,,30,60,,true,60,120,,,,true,,,,,,,,,,,,,,,,,RecipeCodeOnCooked.cannedFood,,,,0.8,,items/food.txt,1526
Base.CannedTomato2,Base,CannedTomato2,food,Canned Tomato,Food,,base:food,base:hasmetal,food_keys,90.0,18.0,0.0,3.0,,,,,,,,,,true,true,true,,,,,,,,,,,,,,,,,,,,,0.8,,items/food.txt,4278
Base.CannedTomatoOpen,Base,CannedTomatoOpen,food,Canned Tomato (Open),Food,Vegetables,base:food,base:hasmetal;base:hideuncooked,food_keys,90.0,18.0,0.0,3.0,-12.0,-8.0,2,4,,true,10,30,,true,true,,,true,,,,,,,,,,Pizza:12;Omelette:12;Soup:12;Stew:12;Pie:12;Stir fry:12;Sandwich:6;Burger:6;Salad:6;Rice:12;Pasta:12,Tomato,,,Base.TinCanEmpty,,,,,0.8,,items/food.txt,4298
Base.CannedTomato_Open,Base,CannedTomato_Open,food,Jar of Tomatoes (Open),Food,Vegetables,base:food,,food_keys,56.0,14.0,0.8,5.2,-48.0,,2,4,,,,,,,,,,,,,,,,,,,,Pizza:12;Omelette:6;Soup:12;Stew:12;Pie:12;Stir fry:12;Sandwich:6;Burger:6;Salad:6;Rice:12;Pasta:12;Taco:6;Burrito:6,Tomato,,,Base.EmptyJar,,,,,0.8,,items/food.txt,1725
Base.Canteen,Base,Canteen,fluid_container,Canteen,WaterContainer,,base:normal,base:hasmetal;base:lightwhenattached,fluid:Water,,,,,,-50.0,,,,,,,,,,,,,,,,,,,,,,,,,,,,,0.9,Water,0.2,,items/normal.txt,14019
Base.CanteenClay,Base,CanteenClay,fluid_container,Canteen,WaterContainer,,base:normal,base:lightwhenattached,food_keys,,,,,,,,,,,,,,,,,,,,,,,,,,,,,,,,,,,0.5,,0.2,,items/normal.txt,14048
Base.CanteenCowboy,Base,CanteenCowboy,fluid_container,Western Canteen,WaterContainer,,base:clothing,base:hasmetal;base:ismemento,fluid:Water,,,,,,-50.0,,,,,,,,,,,,,,,,,,,,,,,,,,,,,1.8,Water,0.3,,items/clothing.txt,24510
Base.CanteenMilitary,Base,CanteenMilitary,fluid_container,Canteen,WaterContainer,,base:normal,base:hasmetal;base:lightwhenattached,food_keys,,,,,,,,,,true,,,,,,,,,,,,,,,,,,,,,,,,,0.9,,0.2,,items/normal.txt,13967
Base.CanteenMilitaryFull,Base,CanteenMilitaryFull,fluid_container,Canteen,WaterContainer,,base:normal,base:hasmetal;base:lightwhenattached,fluid:Water,,,,,,-50.0,,,,true,,,,,,,,,,,,,,,,,,,,,,,,,0.9,Water,0.2,,items/normal.txt,13991
Base.Capers,Base,Capers,food,Capers,Food,Vegetable,base:food,,food_keys,10.0,2.0,0.0,1.0,-5.0,,,,,,,,,,,,true,,,,,,,,,,,Pizza:1;Stir fry:1;Salad:1;Pasta:1;Sandwich:1,Caper,,,,,,,,0.1,,items/food.txt,13987
Base.CarBattery1,Base,CarBattery1,drainable,Car Battery,VehicleMaintenance,,base:drainable,base:carbattery,food_keys,,,,,,,,,,,,,,,,,,,,,,,,,,,,,,,,,,,,,5.0,,items/drainable.txt,2336
Base.CarBattery2,Base,CarBattery2,drainable,Car Battery,VehicleMaintenance,,base:drainable,base:carbattery,food_keys,,,,,,,,,,,,,,,,,,,,,,,,,,,,,,,,,,,,,5.0,,items/drainable.txt,2355
Base.CarBattery3,Base,CarBattery3,drainable,Car Battery,VehicleMaintenance,,base:drainable,base:carbattery,food_keys,,,,,,,,,,,,,,,,,,,,,,,,,,,,,,,,,,,,,5.0,,items/drainable.txt,2374
Base.Carrots,Base,Carrots,food,Carrots,Food,Vegetables,base:food,base:hideuncooked,food_keys,25.0,6.0,0.15,0.6,-8.0,-4.0,6,8,,true,10,30,,,,,,true,,,,,,,,,,Soup:8;Stew:8;Pie:8;Stir fry:8;Sandwich:4;Salad:4;Rice:8;Pasta:8,Carrot,,,,,,,,0.2,,items/food.txt,14151
Base.CatFoodBag,Base,CatFoodBag,food,Dry Cat Food,Food,CatFood,base:food,base:driedfood,food_keys,,,,,-60.0,,365,547,,,,,,,,true,,,,20,,,,,,,,Stew:15,Cat Food,,,,,,,,2.0,,items/food.txt,10303
Base.CatTreats,Base,CatTreats,food,Cat Treats,Food,NoExplicit,base:food,,food_keys,70.0,12.0,6.0,1.0,-5.0,,365,547,,,,,,,,,,,,20,,,,,,,,,,,,,,,,,0.1,,items/food.txt,10284
Base.Cauliflower,Base,Cauliflower,food,Cauliflower,Food,Vegetables,base:food,base:hideuncooked,food_keys,24.0,3.0,0.0,4.0,-9.0,-4.0,4,6,,true,10,30,,,,,,true,,,,,,,,,,Pizza:9;Omelette:9;Soup:9;Stew:9;Pie:9;Stir fry:9;Salad:9;Rice:9;Pasta:9,,,,,,,,,0.2,,items/food.txt,14178
Base.Caviar,Base,Caviar,food,Tin of Caviar,Food,Roe,base:food,base:hasmetal,food_keys,150.0,0.0,11.0,14.0,-10.0,,3,5,,,,,,true,,,,,,-20,,,,,,,,Toast:2,Caviar,,,,,,,,0.2,,items/food.txt,12766
Base.Centipede,Base,Centipede,food,Centipede,Food,Insect,base:food,base:nocookingxp,food_keys,60.0,3.5,6.5,15.21,-1.0,,14,21,,true,5,25,true,,,,,,,20,,,,,,,,AddBaitToChum:1,,,,,,,,,0.1,,items/food.txt,8163
Base.Centipede2,Base,Centipede2,food,Centipede,Food,Insect,base:food,base:nocookingxp,food_keys,60.0,3.5,6.5,15.21,-1.0,,14,21,,true,5,25,true,,,,,,,20,,,,,,,,AddBaitToChum:1,,,,,,,,,0.1,,items/food.txt,8189
Base.CeramicCrucible,Base,CeramicCrucible,fluid_container,Large Ceramic Crucible,Material,,base:normal,,food_keys,,,,,,,,,,,,,,,,,,,,,,,,,,,,,,,,,,,3.0,,5.0,,items/normal.txt,9834
Base.CeramicCrucibleSmall,Base,CeramicCrucibleSmall,fluid_container,Small Ceramic Crucible,Material,,base:normal,,food_keys,,,,,,,,,,,,,,,,,,,,,,,,,,,,,,,,,,,1.5,,0.2,,items/normal.txt,9856
Base.CeramicCrucibleSmall_Iron,Base,CeramicCrucibleSmall_Iron,drainable,Small Ceramic Crucible with Iron,Material,,base:drainable,base:hasmetal,food_keys,,,,,,,,,,,,,,,,,,,,,,,,,,,,,,,,,,,,,5.2,Base.CeramicCrucibleSmall,items/drainable.txt,42
Base.CeramicCrucibleSmall_Steel,Base,CeramicCrucibleSmall_Steel,drainable,Small Ceramic Crucible with Steel,Material,,base:drainable,base:hasmetal,food_keys,,,,,,,,,,,,,,,,,,,,,,,,,,,,,,,,,,,,,5.2,Base.CeramicCrucibleSmall,items/drainable.txt,56
Base.CeramicCrucibleWithGlass,Base,CeramicCrucibleWithGlass,drainable,Small Ceramic Crucible with Molten Glass,Material,,base:drainable,,food_keys,,,,,,,,,,,,,,,,,,,,,,,,,,,,,,,,,,,,,6.0,Base.CeramicCrucibleSmall,items/drainable.txt,951
Base.CeramicCrucible_Iron,Base,CeramicCrucible_Iron,drainable,Large Ceramic Crucible with Iron,Material,,base:drainable,base:hasmetal,food_keys,,,,,,,,,,,,,,,,,,,,,,,,,,,,,,,,,,,,,15.0,Base.CeramicCrucible,items/drainable.txt,14
Base.CeramicCrucible_Steel,Base,CeramicCrucible_Steel,drainable,Large Ceramic Crucible with Steel,Material,,base:drainable,base:hasmetal,food_keys,,,,,,,,,,,,,,,,,,,,,,,,,,,,,,,,,,,,,15.0,Base.CeramicCrucible,items/drainable.txt,28
Base.CeramicTeacup,Base,CeramicTeacup,fluid_container,Ceramic Teacup,Cooking,,base:normal,base:cookablemicrowave,food_keys,,,,,,,,,,,,,,,,,,,,,,,,,,,,,,,,,,,0.1,,0.2,,items/normal.txt,9909
Base.Cereal,Base,Cereal,food,Cereal,Food,,base:food,,food_keys,2360.0,572.0,26.0,52.0,-40.0,,,,,,,,,true,,,,,,,,,,,,,,,,,,,,,,,0.2,,items/food.txt,4688
Base.CerealBowl,Base,CerealBowl,food,Bowl of Cereal,Food,,base:food,base:dontinheritcondition,food_keys,295.0,71.5,3.25,6.5,-20.0,-15.0,4,7,,,,,,,,,,,,,,,,,,,,,,,,Base.Bowl,,,,,0.8,,items/food.txt,4705
Base.Chamomile,Base,Chamomile,food,Chamomile,Food,Herb,base:food,base:iscutting;base:isseed;base:herbaltea,food_keys,0.1,0.0,0.0,0.0,-1.0,,6,10,,,,,,,,,true,,,,,-1,,,,,,Salad:1;HotDrink:1,,,,,,,,,0.1,,items/food.txt,13546
Base.ChamomileDried,Base,ChamomileDried,food,Chamomile (Dried),Food,Herb,base:food,base:boostsflurecovery;base:herbaltea,food_keys,0.1,0.0,0.0,0.0,-5.0,,,,,,,,,,,,true,,,,,,,,,,,HotDrink:1,Chamomile,,,,,,,,0.1,,items/food.txt,13568
Base.Champagne,Base,Champagne,fluid_container,Champagne,Food,,base:normal,base:glass;base:glassbottle,fluid:Champagne,581.0,25.0,0.0,0.0,-20.0,-20.0,,,,,,,,true,,,,,,-20,,0,0.0,0.0,0,,,,,,,,,,1.0,Champagne,1.0,,items/normal.txt,6188
Base.ChannelCatfish,Base,ChannelCatfish,food,Channel Catfish,Food,,base:food,base:fishmeat;base:uncutfish,food_keys,159.0,1.0,1.0,35.0,-15.0,,4,8,,true,20,60,true,,,,,true,true,20,,,,,,,,,,,,,,,,,0.4,,items/food.txt,7440
Base.Cheese,Base,Cheese,food,Cheese,Food,Cheese,base:food,base:cheese,food_keys,113.0,0.87,9.33,6.4,-15.0,,14,20,,,,,,,,,,,,,,,,,,,,Pizza:15;Soup:10;Stew:10;Sandwich:5;Burger:5;Hotdog:5;Salad:5;Pasta:10;Taco:5;Burrito:5;Bread:5;Toast:5;Omelette:5;AddBaitToChum:10,,,,,,,,,0.2,,items/food.txt,4555
Base.Cherry,Base,Cherry,food,Cherry,Food,Fruits,base:food,,food_keys,5.0,1.31,0.0,0.09,-3.0,-1.0,4,9,,,,,,,,,,,,,,,,,,,,Cake:3;FruitSalad:3;Pancakes:3;Muffin:3;ConeIcecream:3;PieSweet:3;Oatmeal:5,,,,,,,,,0.1,,items/food.txt,8700
Base.Chicken,Base,Chicken,food,Chicken Leg,Food,Poultry,base:food,,food_keys,230.0,0.0,9.0,38.0,-33.0,,2,4,,true,30,60,true,,,,,true,,,,,,,,,,Pizza:10;Soup:30;Stew:30;Pie:10;Stir fry:30;Sandwich:10|Cooked;Burger:10|Cooked;Salad:10|Cooked;Rice:30;Pasta:30;Taco:10|Cooked;Burrito:10|Cooked,,,,,,,,,0.3,,items/food.txt,9504
Base.ChickenFeather,Base,ChickenFeather,food,Chicken Feather,AnimalPart,,base:food,base:feather,food_keys,,,,,,,,,,,,,,,,,,,,,,,,,,,,,,,,,,,,,0.001,,items/food.txt,924
Base.ChickenFillet,Base,ChickenFillet,food,Chicken Fillet,Food,Poultry,base:food,,food_keys,230.0,0.0,9.0,38.0,-30.0,,2,4,,true,30,60,true,,,,,true,,,,,,,,,,Pizza:12;Soup:18;Stew:18;Pie:12;Stir fry:18;Sandwich:6|Cooked;Burger:12|Cooked;Salad:6|Cooked;Rice:18;Pasta:18;Taco:6|Cooked;Burrito:12|Cooked,,,,,,,,,0.3,,items/food.txt,9530
Base.ChickenFoot,Base,ChickenFoot,food,Chicken Foot,Food,,base:food,,food_keys,70.0,17.0,14.0,16.0,-12.0,,2,4,,,,,,,,,,,,,,,,,,,,,,,,,,,,,0.1,,items/food.txt,10217
Base.ChickenFried,Base,ChickenFried,food,Fried Chicken,Food,NoExplicit,base:food,,food_keys,260.0,17.0,14.0,16.0,-15.0,,2,4,,,,,,,,,,,,,,,,,,,,Sandwich:15;Burger:15;Salad:15;Taco:15;Burrito:15,,,,,,,,,0.1,,items/food.txt,10341
Base.ChickenNuggets,Base,ChickenNuggets,food,Chicken Nuggets,Food,Poultry,base:food,,food_keys,230.0,10.2,8.1,26.441,-10.0,,3,5,,true,20,40,,,,,,true,,,,,,,,,,Sandwich:5;Burger:10;Salad:5;Taco:5;Burrito:10,Chicken Nugget,,,,,,,,0.2,,items/food.txt,10360
Base.ChickenWhole,Base,ChickenWhole,food,Chicken (Whole),Food,Poultry,base:food,,food_keys,1495.0,0.0,41.0,99.8,-160.0,,2,4,,true,30,60,true,,,,,true,,,,,,,,,,,,,,,,,,,1.2,,items/food.txt,10234
Base.ChickenWings,Base,ChickenWings,food,Chicken Wing,Food,Poultry,base:food,,food_keys,190.0,0.0,6.0,22.0,-19.0,,2,4,,true,30,60,true,,,,,true,,,,,,,,,,Pizza:15;Soup:15;Stew:15;Pie:15;Stir fry:15;Sandwich:15|Cooked;Burger:15|Cooked;Salad:15|Cooked;Rice:15;Pasta:15;Taco:15|Cooked;Burrito:15|Cooked,,,,,,,,,0.3,,items/food.txt,9478
Base.Chicken_Chick_Head,Base,Chicken_Chick_Head,food,Chick Head,AnimalPart,,base:food,base:animalhead,food_keys,,,,,,,5,7,,,,,,,,,,,,,,,,,,,,,,,,,,,,,0.4,,items/food.txt,934
Base.Chicken_Hen_Brown_Head,Base,Chicken_Hen_Brown_Head,food,Chicken Head,AnimalPart,,base:food,base:animalhead,food_keys,,,,,,,5,7,,,,,,,,,,,,,,,,,,,,,,,,,,,,,0.4,,items/food.txt,946
Base.Chicken_Hen_White_Head,Base,Chicken_Hen_White_Head,food,Chicken Head,AnimalPart,,base:food,base:animalhead,food_keys,,,,,,,5,7,,,,,,,,,,,,,,,,,,,,,,,,,,,,,0.4,,items/food.txt,958
Base.Chicken_Rooster_Head_Brown,Base,Chicken_Rooster_Head_Brown,food,Rooster Head,AnimalPart,,base:food,base:animalhead,food_keys,,,,,,,5,7,,,,,,,,,,,,,,,,,,,,,,,,,,,,,0.2,,items/food.txt,970
Base.Chicken_Rooster_Head_White,Base,Chicken_Rooster_Head_White,food,Rooster Head,AnimalPart,,base:food,base:animalhead,food_keys,,,,,,,5,7,,,,,,,,,,,,,,,,,,,,,,,,,,,,,0.2,,items/food.txt,982
Base.Chives,Base,Chives,food,Chives,Food,Herb,base:food,base:iscutting;base:isseed,food_keys,0.1,0.0,0.0,0.0,-1.0,,6,10,,,,,,,,,true,,,,,,,,,,,Stir fry:1;Pizza:1;Omelette:1;Pasta:1;Salad:1;Sandwich:1;Soup:1;Stew:1;Bread:1;Toast:1;Burger:1;Hotdog:1,,,,,,,,,0.1,,items/food.txt,13587
Base.ChivesDried,Base,ChivesDried,food,Chives (Dried),Food,Herb,base:food,,food_keys,0.1,0.0,0.0,0.0,-5.0,,,,,,,,,,,,true,,,,,,,,,,,Stir fry:1;Pizza:1;Omelette:1;Pasta:1;Salad:1;Sandwich:1;Soup:1;Stew:1;Bread:1;Toast:1;Burger:1,Chives,,,,,,,,0.1,,items/food.txt,13608
Base.ChocoCakes,Base,ChocoCakes,food,Choco Cakes,Food,,base:food,,food_keys,200.0,30.0,8.0,1.8,-10.0,,,,,,,,,,,,,,,-10,,,,,,,,,,,,,,,,,0.2,,items/food.txt,12808
Base.Chocolate,Base,Chocolate,food,Milk Chocolate Bar,Food,NoExplicit,base:food,,food_keys,850.0,110.0,66.0,10.0,-20.0,,,,,,,,,true,,,,,,-10,,,,,,,,Cake:20;PieSweet:20;Muffin:10;Pancakes:10;Bread:10;ConeIcecream:5;Toast:5,Chocolate,,,,,,,,0.2,,items/food.txt,11979
Base.ChocolateChips,Base,ChocolateChips,food,Chocolate Chips,Food,Chocolate,base:food,,food_keys,50.0,17.0,8.0,1.0,-6.0,,,,,,,,,,,,,,,,,,,,,,,Muffin:3;ConeIcecream:3;Cake:6;Pancakes:3;PieSweet:6;Bread:6,,,,,,,,,0.1,,items/food.txt,5073
Base.ChocolateCoveredCoffeeBeans,Base,ChocolateCoveredCoffeeBeans,food,Chocolate-Covered Coffee Beans,Food,NoExplicit,base:food,,food_keys,40.0,10.0,0.5,0.0,-5.0,,,,,,,,,,,,,,,-10,,,-5.0,,,,,Cake:5;ConeIcecream:5,Chocolate-Covered Coffee Bean,,,,,,,,0.1,,items/food.txt,11999
Base.Chocolate_Butterchunkers,Base,Chocolate_Butterchunkers,food,Butterchunkers Bar,Food,Candy,base:food,,food_keys,230.0,29.0,12.0,2.0,-20.0,,,,,,,,,true,,,,,,-10,,-1,,,,,,Cake:20;PieSweet:20;Muffin:10;Pancakes:10;Bread:10;ConeIcecream:5;Toast:5,Butterchunkers,,,,,,,,0.2,,items/food.txt,3313
Base.Chocolate_Candy,Base,Chocolate_Candy,food,Chocolate Candy,Food,Candy,base:food,,food_keys,110.0,27.0,0.0,0.0,-5.0,,,,,,,,,,,,,,,-10,,-1,,,,,,Cake:5;ConeIcecream:5,Chocolate Candy,,,,,,,,0.1,,items/food.txt,3334
Base.Chocolate_Crackle,Base,Chocolate_Crackle,food,Crackle Bar,Food,Candy,base:food,,food_keys,230.0,29.0,12.0,2.0,-20.0,,,,,,,,,true,,,,,,-10,,-1,,,,,,Cake:20;PieSweet:20;Muffin:10;Pancakes:10;Bread:10;ConeIcecream:5;Toast:5,Crackle,,,,,,,,0.2,,items/food.txt,3354
Base.Chocolate_Deux,Base,Chocolate_Deux,food,Deux Bar,Food,Candy,base:food,,food_keys,250.0,34.0,12.0,2.0,-20.0,,,,,,,,,true,,,,,,-10,,-1,,,,,,Cake:20;PieSweet:20;Muffin:10;Pancakes:10;Bread:10;ConeIcecream:5;Toast:5,Deux,,,,,,,,0.2,,items/food.txt,3375
Base.Chocolate_GalacticDairy,Base,Chocolate_GalacticDairy,food,Galactic Dairy Bar,Food,Candy,base:food,,food_keys,190.0,30.0,8.0,2.0,-20.0,,,,,,,,,true,,,,,,-10,,-1,,,,,,Cake:20;PieSweet:20;Muffin:10;Pancakes:10;Bread:10;ConeIcecream:5;Toast:5,Galactic Dairy,,,,,,,,0.2,,items/food.txt,3396
Base.Chocolate_HeartBox,Base,Chocolate_HeartBox,food,Box of Chocolates,Food,NoExplicit,base:food,,food_keys,1700.0,220.0,130.0,20.0,-40.0,,,,,,,,,true,,,,,,-20,,-2,,,,,,Cake:25;PieSweet:25;Muffin:10;Pancakes:10;Bread:10;ConeIcecream:5;Toast:5,Chocolate,,,,,,,,0.5,,items/food.txt,3417
Base.Chocolate_RoysPBPucks,Base,Chocolate_RoysPBPucks,food,Roy's Peanut Butter Pucks,Food,Candy,base:food,,food_keys,230.0,26.0,13.0,5.0,-20.0,,,,,,,,,true,,,,,,-10,,-1,,,,,,Cake:20;PieSweet:20;Muffin:10;Pancakes:10;Bread:10;ConeIcecream:5;Toast:5,Peanut Butter Puck,,,,,,,,0.2,,items/food.txt,3439
Base.Chocolate_Smirkers,Base,Chocolate_Smirkers,food,Smirkers Bar,Food,Candy,base:food,,food_keys,280.0,35.0,14.0,4.0,-20.0,,,,,,,,,true,,,,,,-10,,-1,,,,,,Cake:20;PieSweet:20;Muffin:10;Pancakes:10;Bread:10;ConeIcecream:5;Toast:5,Smirkers,,,,,,,,0.2,,items/food.txt,3460
Base.Chocolate_SnikSnak,Base,Chocolate_SnikSnak,food,SnikSnak Bar,Food,Candy,base:food,,food_keys,230.0,29.0,12.0,3.0,-20.0,,,,,,,,,true,,,,,,-10,,-2,,,,,,Cake:20;PieSweet:20;Muffin:10;Pancakes:10;Bread:10;ConeIcecream:5;Toast:5,SnikSnak,,,,,,,,0.2,,items/food.txt,3481
Base.Chum,Base,Chum,food,Chum,Fishing,,base:food,,food_keys,,,,,0.0,,,,,false,,,true,,,,,,,20,,,,,,,,,,,,,,,,,0.5,,items/food.txt,2039
Base.Cider,Base,Cider,fluid_container,Cider,Food,,base:normal,base:glass;base:glassbottle,fluid:Cider,190.0,8.0,0.0,0.0,-20.0,-20.0,,,,,,,,,,,,,,-20,,0,0.0,0.0,0,,,,,,,,,,1.0,Cider,1.0,,items/normal.txt,6214
Base.Cigar,Base,Cigar,food,Cigar,Junk,,base:food,base:ignorezombiedensity;base:useall;base:smokable,food_keys,,,,,0.0,,,,true,,,,,,,,,,,-40,-20,-10,,,28,,,,,,,,,RecipeCodeOnEat.consumeNicotine,,,0.2,,items/food.txt,15277
Base.CigarettePack,Base,CigarettePack,drainable,Cigarette Pack,Junk,,base:drainable,base:packed;base:lessfull;base:consumable;base:smokable,food_keys,,,,,,,,,,,,,,,,,,,,,,-5,,,14,,,,,,,,,RecipeCodeOnEat.consumeNicotine,,,0.2,,items/drainable.txt,2087
Base.CigaretteRolled,Base,CigaretteRolled,food,Rolled Cigarette,Junk,,base:food,base:useall;base:smokable,food_keys,,,,,0.0,,,,true,,,,,,,,,,,,,-4,,,14,,,,,,,,,RecipeCodeOnEat.consumeNicotine,,,0.01,,items/food.txt,15325
Base.CigaretteRollingPapers,Base,CigaretteRollingPapers,drainable,Rolling Papers,Junk,,base:drainable,base:rollingpaper;base:lessfull;base:fitswallet,food_keys,,,,,,,,,,,,,,,,,,,,,,,,,,,,,,,,,,,,,0.1,,items/drainable.txt,2111
Base.CigaretteSingle,Base,CigaretteSingle,food,Cigarette,Junk,,base:food,base:useall;base:smokable,food_keys,,,,,0.0,,,,true,,,,,,,,,,,,,-5,,,14,,,,,,,,,RecipeCodeOnEat.consumeNicotine,,,0.01,,items/food.txt,15302
Base.Cigarillo,Base,Cigarillo,food,Cigarillo,Junk,,base:food,base:ignorezombiedensity;base:useall;base:smokable,food_keys,,,,,0.0,,,,true,,,,,,,,,,,,,-8,,,21,,,,,,,,,RecipeCodeOnEat.consumeNicotine,,,0.02,,items/food.txt,15348
Base.Cilantro,Base,Cilantro,food,Cilantro,Food,Herb,base:food,base:iscutting;base:isseed,food_keys,0.1,0.0,0.0,0.0,-1.0,,6,10,,,,,,,,,true,,,,,,,,,,,Stir fry:1;Pizza:1;Omelette:1;Burrito:1;Salad:1;Sandwich:1;Soup:1;Stew:1;Taco:1;Burger:1;Hotdog:1,,,,,,,,,0.1,,items/food.txt,13626
Base.CilantroDried,Base,CilantroDried,food,Cilantro (Dried),Food,Herb,base:food,,food_keys,0.1,0.0,0.0,0.0,-5.0,,,,,,,,,,,,true,,,,,,,,,,,Stir fry:1;Pizza:1;Omelette:1;Burrito:1;Salad:1;Sandwich:1;Soup:1;Stew:1;Taco:1;Burger:1,Cilantro,,,,,,,,0.1,,items/food.txt,13647
Base.CilantroSeed,Base,CilantroSeed,food,Cilantro Seeds,Gardening,Herb,base:food,base:isseed,food_keys,0.1,0.0,0.0,0.0,-1.0,,,,,,,,,,,,true,,,,,,,,,,,Stir fry:1;Pizza:1;Omelette:1;Burrito:1;Salad:1;Sandwich:1;Soup:1;Stew:1;Taco:1;Burger:1,Corriander,,,,,,,,0.02,,items/food.txt,2020
Base.Cinnamon,Base,Cinnamon,food,Cinnamon,Food,Herb,base:food,,food_keys,1.0,0.0,0.0,0.0,-5.0,,,,,,,,,,,,true,,,,,,,,,,,HotDrink:1;Toast:1;Oatmeal:1;Pancakes:1;Muffin:1;Cake:1;PieSweet:1;Soup:1;Stew:1;ConeIceCream:1,,,,,,,,,0.1,,items/food.txt,13665
Base.CinnamonRoll,Base,CinnamonRoll,food,Cinnamon Roll,Food,,base:food,,food_keys,350.0,50.0,24.0,4.0,-12.0,,,,,,,,,,,,,,,,,,,,,,,,,,,,,,,,0.1,,items/food.txt,2221
Base.ClayBowl,Base,ClayBowl,fluid_container,Bowl,Cooking,,base:normal,base:bowl,food_keys,,,,,,,,,,,,,,,,,,,,,,,,,,,,,,,,,,,0.3,,0.5,,items/normal.txt,9602
Base.ClayJar,Base,ClayJar,fluid_container,Ceramic Jar,Material,,base:normal,,food_keys,,,,,,,,,,,,,,,,,,,,,,,,,,,,,,,,,,,2.5,,0.3,,items/normal.txt,9669
Base.ClayJarGlazed,Base,ClayJarGlazed,fluid_container,Glazed Ceramic Jar,Material,,base:normal,,food_keys,,,,,,,,,,,,,,,,,,,,,,,,,,,,,,,,,,,2.5,,0.3,,items/normal.txt,9690
Base.ClayMug,Base,ClayMug,fluid_container,Mug,Cooking,,base:normal,base:coffeemaker,food_keys,,,,,,,,,,,,,,,,,,,,,,,,,,,,,,,,,,,0.2,,0.2,,items/normal.txt,9711
Base.Claybag,Base,Claybag,drainable,Sack of Clay,Material,,base:drainable,,food_keys,,,,,,,,,,,,,,,,,,,,,,,,,,,,,,,,,,,,,2.0,Base.EmptySandbag,items/drainable.txt,316
Base.CleaningLiquid2,Base,CleaningLiquid2,fluid_container,Cleaning Liquid,Household,,base:normal,,fluid:CleaningLiquid,,,,,,,,,,,,,,,,,,,,,,,,,,,,,,,,,,,0.5,CleaningLiquid,0.3,,items/normal.txt,3566
Base.Cockroach,Base,Cockroach,food,Cockroach,Food,Insect,base:food,base:vermin;base:nocookingxp,food_keys,30.0,1.27,3.9,7.41,-1.0,,14,21,,true,5,25,,,,,,,,20,,,,,,,,AddBaitToChum:1,,,,,,,,,0.1,,items/food.txt,8215
Base.CocoaPowder,Base,CocoaPowder,food,Cocoa Powder,Food,Cocoa,base:food,,food_keys,60.0,8.0,5.0,2.0,-30.0,50.0,,,,,,,,true,,,,,,-10,,,,,,,,HotDrink:5;ConeIcecream:5;Pancakes:5,Cocoa,,,,,,,,1.0,,items/food.txt,5091
Base.Coffee2,Base,Coffee2,food,Coffee,Food,Coffee,base:food,,food_keys,2.0,0.0,0.0,1.0,-30.0,60.0,,,,,,,,true,,,,,,20,,,-50.0,,,,,HotDrink:5,,,,,,,,,1.0,,items/food.txt,4728
Base.CoffeeLiquer,Base,CoffeeLiquer,fluid_container,Coffee Liqueur,Food,,base:normal,base:glass;base:glassbottle,fluid:CoffeeLiqueur,3260.0,21.0,16.0,2.0,-20.0,-20.0,,,,,,,,,,,,,,-10,,0,0.0,0.0,0,,,,,,,,,,1.0,CoffeeLiqueur,1.0,,items/normal.txt,6240
Base.Cologne,Base,Cologne,fluid_container,Cologne,Junk,,base:normal,,fluid:Cologne,,,,,,,,,,,,,,,,,,,,,,,,,,,,,,,,,,,0.1,Cologne,0.2,,items/normal.txt,2622
Base.Comfrey,Base,Comfrey,food,Comfrey,FirstAid,,base:food,base:comfrey,food_keys,,,,,,,6,10,,,,,,,,true,,,,,,,,,,,,,,,,,,,,,0.1,,items/food.txt,15225
Base.ComfreyDried,Base,ComfreyDried,food,Comfrey (Dried),FirstAid,,base:food,base:comfrey,food_keys,,,,,,,,,,,,,,,,true,,,,,,,,,,,,,,,,,,,,,0.1,,items/food.txt,15239
Base.CommonMallow,Base,CommonMallow,food,Common Mallow,FirstAid,Herb,base:food,base:herbaltea,food_keys,0.1,0.0,0.0,0.0,-1.0,,6,10,,,,,,,,,true,,,,,,,,,,,HotDrink:1;Soup:1;Stew:1;Stir fry:1;Sandwich:1;Salad:1,,,,,,,,,0.1,,items/food.txt,8004
Base.CommonMallowDried,Base,CommonMallowDried,food,Common Mallow (Dried),FirstAid,Herb,base:food,base:herbaltea;base:commonmallow,food_keys,0.1,0.0,0.0,0.0,-1.0,,,,,,,,,,,,true,,,,,,,,,,,HotDrink:1,,,,,,,,,0.1,,items/food.txt,8027
Base.CompostBag,Base,CompostBag,drainable,Compost Bag,Gardening,,base:drainable,base:compost,food_keys,,,,,,,,,,,,,,,,,,,,,,,,,,,,,,,,,,,,,5.0,Base.EmptySandbag,items/drainable.txt,919
Base.Cone,Base,Cone,food,Cone,Food,,base:food,,food_keys,15.0,10.0,5.0,2.0,-5.0,,15,20,,,,,,,,,,,,,,,,,,,,,,,,,,,,,0.1,,items/food.txt,5113
Base.ConeIcecream,Base,ConeIcecream,food,Ice Cream Cone,Food,,base:food,base:goodfrozen,food_keys,470.0,120.0,44.0,20.0,-15.0,,1,2,,,,,,false,,,,,,-10,,,,,,,,,,,Base.ConeIcecreamMelted,,,,,,0.2,,items/food.txt,12417
Base.ConeIcecreamMelted,Base,ConeIcecreamMelted,food,Ice Cream Cone (Melted),Food,,base:food,,food_keys,470.0,120.0,44.0,20.0,-15.0,,2,3,,,,,,,,,,,,,,,,,,,,,,,,,,,,,0.2,,items/food.txt,12439
Base.ConeIcecreamToppings,Base,ConeIcecreamToppings,food,Ice Cream Cone,Food,,base:food,base:goodfrozen,food_keys,470.0,120.0,44.0,20.0,-15.0,,1,2,,,,,,false,,,,,,-10,,,,,,,,,,,Base.ConeIcecreamMelted,,,,,,0.2,,items/food.txt,12456
Base.CookieChocolateChip,Base,CookieChocolateChip,food,Chocolate Chip Cookie,Food,,base:food,base:fitstoaster,food_keys,160.0,22.0,8.0,1.0,-5.0,,,,,,,,,,,,,,,-10,,,,,,,,,,,,,,,,,0.1,,items/food.txt,2476
Base.CookieChocolateChipDough,Base,CookieChocolateChipDough,food,Baking Tray with Chocolate Chip Cookies,Food,,base:food,base:hasmetal,food_keys,960.0,132.0,48.0,1.0,-23.0,,7,30,,true,30,60,,,,,,,,-30,,,,,,,,,,,,Base.BakingTray,,,,,1.9,,items/food.txt,2959
Base.CookieJelly,Base,CookieJelly,food,Raspberry Shortbread Cookie,Food,,base:food,base:fitstoaster,food_keys,160.0,22.0,8.0,1.0,-5.0,,,,,,,,,,,,,,,-10,,,,,,,,,,,,,,,,,0.1,,items/food.txt,2494
Base.CookiesChocolate,Base,CookiesChocolate,food,Chocolate Cookie,Food,,base:food,base:fitstoaster,food_keys,170.0,25.0,9.0,2.0,-5.0,,,,,,,,,,,,,,,-10,,,,,,,,,,,,,,,,,0.1,,items/food.txt,2511
Base.CookiesChocolateDough,Base,CookiesChocolateDough,food,Baking Tray with Chocolate Cookies,Food,,base:food,base:hasmetal,food_keys,1020.0,150.0,54.0,12.0,-23.0,,7,30,,true,30,60,,,,,,,,-30,,,,,,,,,,,,Base.BakingTray,,,,,1.9,,items/food.txt,2985
Base.CookiesOatmeal,Base,CookiesOatmeal,food,Oatmeal Cookie,Food,,base:food,base:fitstoaster,food_keys,110.0,20.0,6.0,1.0,-5.0,,,,,,,,,,,,,,,-10,,,,,,,,,,,,,,,,,0.1,,items/food.txt,2529
Base.CookiesOatmealDough,Base,CookiesOatmealDough,food,Baking Tray with Oatmeal Cookies,Food,,base:food,base:hasmetal,food_keys,660.0,120.0,36.0,6.0,-23.0,,7,30,,true,30,60,,,,,,,,,,,,,,,,,,,,Base.BakingTray,,,,,1.9,,items/food.txt,3011
Base.CookiesShortbread,Base,CookiesShortbread,food,Shortbread Cookie,Food,,base:food,base:fitstoaster,food_keys,120.0,22.0,8.0,2.0,-5.0,,,,,,,,,,,,,,,-10,,,,,,,,,,,,,,,,,0.1,,items/food.txt,2547
Base.CookiesShortbreadDough,Base,CookiesShortbreadDough,food,Baking Tray with Shortbread Cookies,Food,,base:food,base:hasmetal,food_keys,720.0,132.0,48.0,12.0,-23.0,,7,30,,true,30,60,,,,,,,,-30,,,,,,,,,,,,Base.BakingTray,,,,,1.9,,items/food.txt,3036
Base.CookiesSugar,Base,CookiesSugar,food,Sugar Cookie,Food,,base:food,base:fitstoaster,food_keys,120.0,22.0,8.0,2.0,-5.0,,,,,,,,,,,,,,,-10,,,,,,,,,,,,,,,,,0.1,,items/food.txt,2565
Base.CookiesSugarDough,Base,CookiesSugarDough,food,Baking Tray with Sugar Cookies,Food,,base:food,base:hasmetal,food_keys,720.0,132.0,48.0,12.0,-23.0,,7,30,,true,30,60,,,,,,,,-30,,,,,,,,,,,,Base.BakingTray,,,,,1.9,,items/food.txt,3062
Base.CopperCup,Base,CopperCup,fluid_container,Copper Cup,Cooking,,base:normal,base:coffeemaker;base:hasmetal;base:scrapsmallcopper,food_keys,,,,,,,,,,,,,,,,,,,,,,,,,,,,,,,,,,,0.5,,0.5,,items/normal.txt,14403
Base.Corn,Base,Corn,food,Corn,Food,Vegetables,base:food,base:isseed,food_keys,88.0,26.74,1.93,4.68,-14.0,-4.0,5,8,,true,10,30,,,,,,true,,5,,,,,,,,Soup:14;Stew:14;Stir fry:14;Burger:7;Hotdog:7;Salad:7|Cooked;Rice:14;Pasta:14;Burrito:7|Cooked;Taco:7|Cooked,,,,,,,,,0.2,,items/food.txt,14204
Base.CornFrozen,Base,CornFrozen,food,Packaged Corn,Food,Vegetables,base:food,,food_keys,396.0,94.0,5.0,15.0,-20.0,-5.0,3,5,,,,,,true,,,,,,,,,,,,,,Soup:10;Stew:10;Stir fry:10;Rice:10;Omelette:5;Burrito:5;Taco:5,Corn,,,,,,,,0.6,,items/food.txt,14232
Base.CornSeed,Base,CornSeed,food,Corn (Dried),Gardening,Vegetables,base:food,base:driedfood;base:isseed,food_keys,24.8,7.6,0.56,1.32,-4.0,,,,,,,,,,,true,,,,,,,,,,,,Soup:1;Stew:1;Rice:1;Pasta:1,DriedCorn,,,,,,,,0.02,,items/food.txt,1944
Base.Cornbread,Base,Cornbread,food,Cornbread,Food,NoExplicit,base:food,base:fitstoaster,food_keys,300.0,54.0,10.0,7.0,-10.0,,3,5,,,,,,,,,,,,,,,,,,,,Soup:5;Stew:5,,,,,,,,,0.1,,items/food.txt,2236
Base.Corndog,Base,Corndog,food,Corndog,Food,,base:food,,food_keys,180.0,7.0,9.0,19.0,-12.0,,3,6,,,,,,,,,,,,,,,,,,,,,,,,,,,,,0.1,,items/food.txt,10385
Base.Cornflour2,Base,Cornflour2,food,Cornflour,Food,Thickener,base:food,base:flour;base:minoringredient,food_keys,,,,,-60.0,,,,,,,,,,,true,true,,,,,,,,,,,Soup:6;Stew:6,,,,,,,,,2.0,,items/food.txt,5130
Base.Cornmeal2,Base,Cornmeal2,food,Cornmeal,Food,Thickener,base:food,base:minoringredient,food_keys,,,,,-20.0,,,,,,,,,,,true,true,,,,,,,,,,,Soup:6;Stew:6,,,,,,,,,2.0,,items/food.txt,5146
Base.CorpseAnimal,Base,CorpseAnimal,food,Animal Corpse,Corpse,,base:food,base:animalcorpse,food_keys,,,,,,,5,7,,,,,,,,,,,,,,,,,,,,,,,,,,,,,0.1,,items/food.txt,1331
Base.CorrectionFluid,Base,CorrectionFluid,drainable,Correction Fluid,Household,,base:drainable,base:consumable,food_keys,,,,,,,,,,,,,,,,,,,,,,,,,10,,,,,,,,,RecipeCodeOnEat.consumeCorrectionFluid,,,0.2,,items/drainable.txt,1739
Base.Cow_Head_Angus,Base,Cow_Head_Angus,food,Cow Head,AnimalPart,,base:food,base:animalhead,food_keys,,,,,,,5,7,,,,,,,,,,,,,,,,,,,,,,,,,,,,,2.0,,items/food.txt,672
Base.Cow_Head_Holstein,Base,Cow_Head_Holstein,food,Cow Head,AnimalPart,,base:food,base:animalhead,food_keys,,,,,,,5,7,,,,,,,,,,,,,,,,,,,,,,,,,,,,,2.0,,items/food.txt,744
Base.Cow_Head_Simmental,Base,Cow_Head_Simmental,food,Cow Head,AnimalPart,,base:food,base:animalhead,food_keys,,,,,,,5,7,,,,,,,,,,,,,,,,,,,,,,,,,,,,,2.0,,items/food.txt,708
Base.Crackers,Base,Crackers,food,Crackers,Food,NoExplicit,base:food,,food_keys,70.0,12.0,6.0,1.0,-5.0,,,,,,,,,,,,,,,,,,,,,,,Soup:5;Stew:5,,,,,,,,,0.1,,items/food.txt,12790
Base.Crayfish,Base,Crayfish,food,Crayfish,Food,Seafood,base:food,,food_keys,40.0,0.0,2.0,8.0,-10.0,,2,4,,true,30,60,true,,,,,true,,,,,,,,,,Pizza:10;Soup:10;Stew:10;Pie:10;Stir fry:10;Sandwich:10|Cooked;Burger:10|Cooked;Salad:10|Cooked;Rice:10;Pasta:10;Burrito:10|Cooked;Taco:10|Cooked;AddBaitToChum:10,,,,,,,,,0.2,,items/food.txt,6808
Base.Creamocle,Base,Creamocle,food,Creamocle,Food,,base:food,base:goodfrozen,food_keys,100.0,19.0,1.5,1.0,-15.0,,1,2,,,,,,true,,,,,,-10,,,,,,,,,,,Base.Creamocle_Melted,,,,,,0.2,,items/food.txt,12520
Base.Creamocle_Melted,Base,Creamocle_Melted,food,Creamocle (Melted),Food,,base:food,,food_keys,100.0,19.0,1.5,1.0,-15.0,,2,3,,,,,,true,,,,,,,,,,,,,,,,,,,,,,,0.2,,items/food.txt,12607
Base.Cricket,Base,Cricket,food,Cricket,Food,Insect,base:food,base:nocookingxp,food_keys,20.0,1.34,1.32,3.6,-1.0,,14,21,,true,5,25,,,,,,,,20,,,,,,,,AddBaitToChum:1,,,,,,,,,0.1,,items/food.txt,8241
Base.Crisps,Base,Crisps,food,Chips - Plain,Food,,base:food,,food_keys,720.0,72.0,45.0,4.5,-15.0,,,,true,,,,,true,,,,,,-5,,,,,,,,,,,,,,,,,0.2,,items/food.txt,12319
Base.Crisps2,Base,Crisps2,food,Chips - Barbecue,Food,,base:food,,food_keys,720.0,72.0,45.0,4.5,-15.0,,,,true,,,,,true,,,,,,-5,,,,,,,,,,,,,,,,,0.2,,items/food.txt,12339
Base.Crisps3,Base,Crisps3,food,Chips - Salt & Vinegar,Food,,base:food,,food_keys,720.0,72.0,45.0,4.5,-15.0,,,,true,,,,,true,,,,,,-5,,,,,,,,,,,,,,,,,0.2,,items/food.txt,12359
Base.Crisps4,Base,Crisps4,food,Chips - Sour Cream & Onion,Food,,base:food,,food_keys,720.0,72.0,45.0,4.5,-15.0,,,,true,,,,,true,,,,,,-5,,,,,,,,,,,,,,,,,0.2,,items/food.txt,12379
Base.CrispyRiceSquare,Base,CrispyRiceSquare,food,Crispy Rice Square,Food,,base:food,,food_keys,140.0,28.0,3.0,1.0,-10.0,,,,,,,,,,,,,,,-10,,,,,,,,,,,,,,,,,0.2,,items/food.txt,2257
Base.Croissant,Base,Croissant,food,Croissant,Food,,base:food,base:fitstoaster,food_keys,180.0,32.0,15.0,4.0,-8.0,,3,5,,,,,,,,,,,,-15,,,,,,,,,,,,,,,,,0.1,,items/food.txt,2273
Base.Cucumber,Base,Cucumber,food,Cucumber,Food,Vegetables,base:food,,food_keys,33.0,6.1,0.63,2.37,-10.0,-10.0,6,14,,,,,,,,,,,,,,,,,,,,Soup:10;Stir fry:10;Salad:10;Sandwich:5,,,,,,,,,0.3,,items/food.txt,14255
Base.Cupcake,Base,Cupcake,food,Cupcake,Food,,base:food,,food_keys,305.0,67.0,4.0,4.0,-20.0,,4,8,,,,,,,,,,,,-10,,,,,,,,,,,,,,,,,0.2,,items/food.txt,12824
Base.Curacao,Base,Curacao,fluid_container,Curacao,Food,,base:normal,base:glass;base:glassbottle,fluid:Curacao,2430.0,236.0,0.0,4.0,-20.0,-20.0,,,,,,,,,,,,,,-10,,0,0.0,0.0,0,,,,,,,,,,1.0,Curacao,1.0,,items/normal.txt,6267
Base.Daikon,Base,Daikon,food,Daikon,Food,Vegetables,base:food,,food_keys,54.0,12.59,0.27,1.34,-12.0,-5.0,5,8,,,,,,,,,,,,,,,,,,,,Soup:6;Stew:12;Pie:12;Stir fry:12;Salad:4;Rice:12;Pasta:12,,,,,,,,,0.2,,items/food.txt,14275
Base.Dandelions,Base,Dandelions,food,Dandelions,Food,Greens,base:food,,food_keys,25.0,5.0,0.5,1.5,-5.0,,6,10,,,,,,,,,,,,,,,,,,,,Pizza:5;HotDrink:2;Omelette:5;Sandwich:5;Salad:5;Soup:5;Burger:5,Dandelion,,,,,,,,0.1,,items/food.txt,7747
Base.Danish,Base,Danish,food,Danish,Food,,base:food,,food_keys,263.0,34.0,13.0,4.0,-7.0,,3,5,,,,,,,,,,,,-15,,,,,,,,,,,,,,,,,0.1,,items/food.txt,2292
Base.DeadBird,Base,DeadBird,food,Dead Bird,Food,,base:food,,food_keys,161.0,0.5,2.0,22.0,-15.0,,8,12,,true,25,60,true,,,,,true,true,20,,,,,,,,Soup:10;Stew:10;Pie:10;Stir fry:10;Sandwich:5|Cooked;Burger:10|Cooked;Salad:10|Cooked;Rice:10;Pasta:10,,,,,,,,,0.1,,items/food.txt,9802
Base.DeadMouse,Base,DeadMouse,food,Dead Mouse,Food,,base:food,base:vermin,food_keys,220.0,0.7,3.15,9.5,-10.0,,6,10,,true,15,50,true,,,,,,,30,,,,,,,,Soup:10;Stew:10;Pie:10;Stir fry:10;Sandwich:5|Cooked;Burger:10|Cooked;Salad:10|Cooked;Rice:10;Pasta:10,,,,,,,,,0.05,,items/food.txt,9831
Base.DeadMousePups,Base,DeadMousePups,food,Mouse Pups (Dead),Food,,base:food,base:vermin,food_keys,110.0,0.35,1.58,4.2,-5.0,,6,10,,true,15,50,true,,,,,,,30,,,,,,,,Soup:5;Stew:5;Pie:5;Stir fry:5;Sandwich:5|Cooked;Burger:5|Cooked;Salad:5|Cooked;Rice:5;Pasta:5,,,,,,,,,0.03,,items/food.txt,9885
Base.DeadMousePupsSkinned,Base,DeadMousePupsSkinned,food,Skinned Mouse Pups (Dead),Food,,base:food,base:vermin,food_keys,110.0,0.35,1.58,4.2,-5.0,,6,10,,true,15,50,true,,,,,,,30,,,,,,,,Soup:5;Stew:5;Pie:5;Stir fry:5;Sandwich:5|Cooked;Burger:5|Cooked;Salad:5|Cooked;Rice:5;Pasta:5,,,,,,,,,0.03,,items/food.txt,9912
Base.DeadMouseSkinned,Base,DeadMouseSkinned,food,Skinned Mouse (Dead),Food,,base:food,base:vermin,food_keys,220.0,0.7,3.15,9.5,-10.0,,6,10,,true,15,50,true,,,,,,,30,,,,,,,,Soup:10;Stew:10;Pie:10;Stir fry:10;Sandwich:5|Cooked;Burger:10|Cooked;Salad:10|Cooked;Rice:10;Pasta:10,,,,,,,,,0.05,,items/food.txt,9858
Base.DeadRabbit,Base,DeadRabbit,food,Dead Rabbit,Food,,base:food,,food_keys,1730.0,0.0,35.0,330.0,-45.0,,8,12,,true,25,60,true,,,,,true,true,20,,,,,,,,,,,,,,,,,1.0,,items/food.txt,9939
Base.DeadRat,Base,DeadRat,food,Dead Rat,Food,,base:food,base:vermin,food_keys,324.0,0.0,16.0,40.0,-22.0,,6,10,,true,20,60,true,,,,,,,30,,,,,,,,Soup:15;Stew:15;Pie:15;Stir fry:15;Sandwich:5|Cooked;Burger:10|Cooked;Salad:10|Cooked;Rice:15;Pasta:15,,,,,,,,,0.2,,items/food.txt,9967
Base.DeadRatBaby,Base,DeadRatBaby,food,Rat Baby (Dead),Food,,base:food,base:vermin,food_keys,174.6,0.0,8.6,21.6,-12.0,,6,10,,true,20,60,true,,,,,,,30,,,,,,,,Soup:10;Stew:10;Pie:10;Stir fry:10;Sandwich:5|Cooked;Burger:10|Cooked;Salad:10|Cooked;Rice:10;Pasta:10,,,,,,,,,0.12,,items/food.txt,10021
Base.DeadRatBabySkinned,Base,DeadRatBabySkinned,food,Skinned Rat Baby (Dead),Food,,base:food,base:vermin,food_keys,174.6,0.0,8.6,21.6,-12.0,,6,10,,true,20,60,true,,,,,,,30,,,,,,,,Soup:10;Stew:10;Pie:10;Stir fry:10;Sandwich:5|Cooked;Burger:10|Cooked;Salad:10|Cooked;Rice:10;Pasta:10,,,,,,,,,0.12,,items/food.txt,10048
Base.DeadRatSkinned,Base,DeadRatSkinned,food,Skinned Rat (Dead),Food,,base:food,base:vermin,food_keys,324.0,0.0,16.0,40.0,-22.0,,6,10,,true,20,60,true,,,,,,,30,,,,,,,,Soup:15;Stew:15;Pie:15;Stir fry:15;Sandwich:5|Cooked;Burger:10|Cooked;Salad:10|Cooked;Rice:15;Pasta:15,,,,,,,,,0.2,,items/food.txt,9994
Base.DeadSquirrel,Base,DeadSquirrel,food,Dead Squirrel,Food,,base:food,,food_keys,480.0,0.0,15.0,84.8,-32.0,,8,12,,true,25,60,true,,,,,true,true,20,,,,,,,,Soup:15;Stew:15;Pie:15;Stir fry:15;Sandwich:5|Cooked;Burger:10|Cooked;Salad:10|Cooked;Rice:15;Pasta:15,,,,,,,,,0.4,,items/food.txt,10075
Base.DebugFluid,Base,DebugFluid,fluid_container,WaterSource,Tool,,base:normal,,fluid:Water,,,,,,-50.0,,,,,,,,,,,,,,,,,,,,,,,,,,,,,100.0,Water,0.1,,items/normal.txt,4394
Base.Deer_Buck_Head,Base,Deer_Buck_Head,food,Stag Head,AnimalPart,,base:food,base:animalhead,food_keys,,,,,,,5,7,,,,,,,,,,,,,,,,,,,,,,,,,,,,,1.5,,items/food.txt,1186
Base.Deer_Doe_Head,Base,Deer_Doe_Head,food,Doe Head,AnimalPart,,base:food,base:animalhead,food_keys,,,,,,,5,7,,,,,,,,,,,,,,,,,,,,,,,,,,,,,1.5,,items/food.txt,1174
Base.Deer_Fawn_Head,Base,Deer_Fawn_Head,food,Fawn Head,AnimalPart,,base:food,base:animalhead,food_keys,,,,,,,5,7,,,,,,,,,,,,,,,,,,,,,,,,,,,,,1.0,,items/food.txt,1199
Base.DehydratedMeatStick,Base,DehydratedMeatStick,food,Dehydrated Meat Stick,Food,,base:food,,food_keys,100.0,5.3,5.1,21.63,-10.0,,,,,,,,,,,,,,,,,,,,,,,,,,,,,,,,0.1,,items/food.txt,12709
Base.DentalFloss,Base,DentalFloss,drainable,Dental Floss,Material,,base:drainable,base:thread,food_keys,,,,,,,,,,,,,,,,,,,,,,,,,,,,,,,,,,,,,0.1,,items/drainable.txt,2408
Base.DentedCan,Base,DentedCan,food,Dented Unlabeled Can of Food,Food,,base:food,base:hasmetal,food_keys,,,,,,,,,,,,,,true,true,true,,,,,,,,,,,,,,,,,,,,,0.8,,items/food.txt,3609
Base.Dip_NachoCheese,Base,Dip_NachoCheese,food,Nacho Cheese,Food,NoExplicit,base:food,,food_keys,630.0,56.0,42.0,14.0,-16.0,,60,75,true,,,,,true,,,true,,,-10,,,,,,,,Pizza:4;Omelette:2;Sandwich:2;Burger:2;Rice:2;Pasta:2;Taco:2;Burrito:2;Stir fry:4,,,,,,,,,0.2,,items/food.txt,12019
Base.Dip_Ranch,Base,Dip_Ranch,food,Ranch,Food,NoExplicit,base:food,,food_keys,867.0,29.0,72.0,14.5,-16.0,,60,75,true,,,,,true,,,true,,,,,,,,,,,Pizza:4;Omelette:2;Sandwich:2;Burger:2;Rice:2;Pasta:2;Taco:2;Burrito:2;Stir fry:4,,,,,,,,,0.2,,items/food.txt,12043
Base.Dip_Salsa,Base,Dip_Salsa,food,Salsa,Food,NoExplicit,base:food,,food_keys,140.0,28.0,0.0,0.0,-16.0,,60,75,true,,,,,true,,,true,,,,,,,,,,,Pizza:4;Omelette:2;Sandwich:2;Burger:2;Rice:2;Pasta:2;Taco:2;Burrito:2;Stir fry:4,,,,,,,,,0.2,,items/food.txt,12066
Base.Dirtbag,Base,Dirtbag,drainable,Sack of Dirt,Material,,base:drainable,,food_keys,,,,,,,,,,,,,,,,,,,,,,,,,,,,,,,,,,,,,2.0,Base.EmptySandbag,items/drainable.txt,332
Base.DishCloth,Base,DishCloth,drainable,Dish Towel,Household,,base:drainable,base:cleanstains,food_keys,,,,,,,,,,,,,,,,,,,,,,,,,,,,,,,,,,,,,0.3,Base.DishClothWet,items/drainable.txt,2203
Base.Disinfectant,Base,Disinfectant,fluid_container,Bottle of Disinfectant,FirstAid,,base:normal,,fluid:RubbingAlcohol,,,,,,,,,,,,,,,,,,,,,,,,,,,,,,,,,,,0.5,RubbingAlcohol,0.2,,items/normal.txt,8266
Base.DogFoodBag,Base,DogFoodBag,food,Dry Dog Food,Food,DogFood,base:food,base:driedfood,food_keys,,,,,-60.0,,365,547,,,,,,,,true,,,,20,,,,,,,,Stew:15,Dog Food,,,,,,,,2.0,,items/food.txt,10322
Base.Dogfood,Base,Dogfood,food,Canned Dog Food,Food,,base:food,base:hasmetal,food_keys,498.0,77.56,12.58,16.04,,,,,,,,,,true,true,true,,,,,,,,,,,,,,,,,,,,,0.8,,items/food.txt,4330
Base.DogfoodOpen,Base,DogfoodOpen,food,Canned Dog Food (Open),Food,DogFood,base:food,base:hasmetal;base:hideuncooked,food_keys,498.0,77.56,12.58,16.04,-30.0,,5,7,,true,10,30,,true,true,,,,,50,,,,,,,,Burger:10|Cooked;Burrito:10|Cooked;Sandwich:10|Cooked;Stew:15;Taco:5|Cooked;AddBaitToChum:30,Dog Food,,,Base.TinCanEmpty,,,,,0.8,,items/food.txt,4349
Base.Dough,Base,Dough,food,Dough,Food,,base:food,,food_keys,532.0,99.0,6.66,17.7,-15.0,20.0,3,6,,true,40,80,true,,,,,,,-20,,,,,,,,AddBaitToChum:10,,,,,,,,,0.3,,items/food.txt,3088
Base.DoughnutChocolate,Base,DoughnutChocolate,food,Chocolate Donut,Food,,base:food,base:fitstoaster,food_keys,180.0,35.0,15.0,3.0,-7.0,,3,5,,,,,,,,,,,,-15,,,,,,,,,,,,,,,,,0.1,,items/food.txt,2583
Base.DoughnutFrosted,Base,DoughnutFrosted,food,Frosted Donut,Food,,base:food,base:fitstoaster,food_keys,180.0,35.0,15.0,3.0,-7.0,,3,5,,,,,,,,,,,,-15,,,,,,,,,,,,,,,,,0.1,,items/food.txt,2602
Base.DoughnutJelly,Base,DoughnutJelly,food,Jelly Donut,Food,,base:food,base:fitstoaster,food_keys,180.0,35.0,15.0,3.0,-7.0,,3,5,,,,,,,,,,,,-15,,,,,,,,,,,,,,,,,0.1,,items/food.txt,2621
Base.DoughnutPlain,Base,DoughnutPlain,food,Donut,Food,,base:food,base:fitstoaster,food_keys,180.0,35.0,15.0,3.0,-7.0,,3,5,,,,,,,,,,,,-15,,,,,,,,,,,,,,,,,0.1,,items/food.txt,2640
Base.DriedApricots,Base,DriedApricots,food,Apricots (Dried),Food,Fruits,base:food,,food_keys,241.0,62.6,0.5,3.4,-16.0,,,,,,,,,,,,,,,,,,,,,,,Cake:16;FruitSalad:8;Pancakes:8;Waffles:8;Muffin:8;Oatmeal:8;PieSweet:16;Salad:8,Apricot,,,,,,,,0.2,,items/food.txt,8721
Base.DriedBlackBeans,Base,DriedBlackBeans,food,Black Beans (Dried),Food,Bean,base:food,base:driedfood,food_keys,3084.0,580.0,0.0,199.0,-60.0,,,,,,,,,true,,true,,,,,,,,,,,,Soup:10;Stew:10;Rice:10;Pasta:10,Black Bean,,,,,,,,2.0,,items/food.txt,4786
Base.DriedChickpeas,Base,DriedChickpeas,food,Chick Peas (Dried),Food,Bean,base:food,base:driedfood,food_keys,2851.0,544.0,0.0,181.0,-60.0,,,,,,,,,true,,true,,,,,,,,,,,,Soup:10;Stew:10;Rice:10;Pasta:10,Chick Pea,,,,,,,,2.0,,items/food.txt,4808
Base.DriedKidneyBeans,Base,DriedKidneyBeans,food,Kidney Beans (Dried),Food,Bean,base:food,base:driedfood,food_keys,3265.0,508.0,13.0,272.0,-60.0,,,,,,,,,true,,true,,,,,,,,,,,,Soup:10;Stew:10;Rice:10;Pasta:10,Kidney Bean,,,,,,,,2.0,,items/food.txt,4830
Base.DriedLentils,Base,DriedLentils,food,Lentils (Dried),Food,Vegetables,base:food,base:driedfood,food_keys,3000.0,540.0,0.0,220.0,-60.0,,,,,,,,,true,,true,,,,,,,,,,,,Soup:10;Stew:10;Rice:10;Pasta:10,Lentil,,,,,,,,2.0,,items/food.txt,4852
Base.DriedSplitPeas,Base,DriedSplitPeas,food,Split Peas (Dried),Food,Vegetables,base:food,base:driedfood,food_keys,2217.0,544.0,0.0,221.0,-60.0,,,,,,,,,true,,true,,,,,,,,,,,,Soup:10;Stew:10;Rice:10;Pasta:10,Split Pea,,,,,,,,2.0,,items/food.txt,4874
Base.DriedWhiteBeans,Base,DriedWhiteBeans,food,White Beans (Dried),Food,Bean,base:food,base:driedfood,food_keys,2823.0,527.0,10.0,188.0,-60.0,,,,,,,,,true,,true,,,,,,,,,,,,Soup:10;Stew:10;Rice:10;Pasta:10,White Bean,,,,,,,,2.0,,items/food.txt,4896
Base.DrinkingGlass,Base,DrinkingGlass,fluid_container,Drinking Glass,WaterContainer,,base:normal,base:glass,food_keys,,,,,,,,,,,,,,,,,,,,,,,,,,,,,,,,,,,0.2,,0.3,,items/normal.txt,14070
Base.DuctTape,Base,DuctTape,drainable,Duct Tape,Material,,base:drainable,base:tape;base:inferiorbinding;base:simpleweaponbinding,food_keys,,,,,,,,,,,,,,,,,,,,,,,,,,,,,,,,,,,,,0.5,,items/drainable.txt,473
Base.Dung_Chicken,Base,Dung_Chicken,food,Chicken Droppings,Junk,,base:food,base:iscompostable,food_keys,,,,,,,,,,,,,,,,true,,,,,,,,,,,,,,,,,,,,,0.01,,items/food.txt,1223
Base.Dung_Cow,Base,Dung_Cow,food,Cow Dung,Junk,,base:food,base:iscompostable,food_keys,,,,,,,,,,,,,,,,true,,,,,,,,,,,,,,,,,,,,,1.0,,items/food.txt,1235
Base.Dung_Deer,Base,Dung_Deer,food,Deer Droppings,Junk,,base:food,base:iscompostable,food_keys,,,,,,,,,,,,,,,,true,,,,,,,,,,,,,,,,,,,,,0.5,,items/food.txt,1247
Base.Dung_Mouse,Base,Dung_Mouse,food,Mouse Droppings,Junk,,base:food,base:iscompostable,food_keys,,,,,,,,,,,,,,,,true,,,,,,,,,,,,,,,,,,,,,0.01,,items/food.txt,1259
Base.Dung_Pig,Base,Dung_Pig,food,Pig Dung,Junk,,base:food,base:iscompostable,food_keys,,,,,,,,,,,,,,,,true,,,,,,,,,,,,,,,,,,,,,0.7,,items/food.txt,1271
Base.Dung_Rabbit,Base,Dung_Rabbit,food,Rabbit Droppings,Junk,,base:food,base:iscompostable,food_keys,,,,,,,,,,,,,,,,true,,,,,,,,,,,,,,,,,,,,,0.1,,items/food.txt,1283
Base.Dung_Raccoon,Base,Dung_Raccoon,food,Raccoon Dung,Junk,,base:food,base:iscompostable,food_keys,,,,,,,,,,,,,,,,true,,,,,,,,,,,,,,,,,,,,,0.1,,items/food.txt,1295
Base.Dung_Rat,Base,Dung_Rat,food,Rat Droppings,Junk,,base:food,base:iscompostable,food_keys,,,,,,,,,,,,,,,,true,,,,,,,,,,,,,,,,,,,,,0.01,,items/food.txt,1307
Base.Dung_Sheep,Base,Dung_Sheep,food,Sheep Dung,Junk,,base:food,base:iscompostable,food_keys,,,,,,,,,,,,,,,,true,,,,,,,,,,,,,,,,,,,,,0.5,,items/food.txt,1319
Base.Dung_Turkey,Base,Dung_Turkey,food,Turkey Dung,Junk,,base:food,base:iscompostable,food_keys,,,,,,,,,,,,,,,,true,,,,,,,,,,,,,,,,,,,,,0.01,,items/food.txt,1211
Base.Edamame,Base,Edamame,food,Edamame,Food,Vegetables,base:food,,food_keys,25.0,10.45,0.45,3.95,-5.0,,3,5,,,,,,,,,,,,,,,,,,,,Soup:5;Stew:5;Stir fry:5;Rice:5,,,,,,,,,0.1,,items/food.txt,14295
Base.Egg,Base,Egg,food,Egg,Food,Egg,base:food,base:egg,food_keys,63.0,0.32,4.18,5.55,-7.0,,14,21,false,true,4,20,true,,,,,,,,,,,,,,,Stir fry:7;Rice:7;Pasta:7;Sandwich:7|Cooked;Burger:7|Cooked;Salad:7|Cooked;Burrito:7|Cooked;Taco:3|Cooked;Soup:7;Stew:7,,,,,,,,,0.1,,items/food.txt,5416
Base.EggBoiled,Base,EggBoiled,food,Egg (Boiled),Food,Egg,base:food,,food_keys,63.0,0.32,4.18,5.55,-10.0,,3,6,,,,,,,,,,,,,,,,,,,,Sandwich:10;Burger:10;Salad:10;Burrito:10;Taco:5;Soup:10;Stew:10,Egg,,,,,,,,0.1,,items/food.txt,5340
Base.EggCarton,Base,EggCarton,food,Egg Carton,Food,,base:food,,food_keys,,,,,,,14,21,,,,,,,,,,,,,,,,,,,,,,,,,,,,,1.0,,items/food.txt,5442
Base.EggOmelette,Base,EggOmelette,food,Omelette,Food,Egg,base:food,,food_keys,120.0,0.52,6.18,10.55,-20.0,,3,6,,,,,,,,,,,,,,,,,,,,Sandwich:20;Burger:20;Salad:20;Burrito:20;Taco:10,,,,,,,,,0.1,,items/food.txt,5360
Base.EggPoached,Base,EggPoached,food,Egg (Poached),Food,Egg,base:food,,food_keys,63.0,0.32,4.18,5.55,-10.0,,3,6,,,,,,,,,,,,,,,,,,,,Sandwich:10;Burger:10;Salad:10;Burrito:10;Taco:5,,,,,,,,,0.1,,items/food.txt,5379
Base.EggScrambled,Base,EggScrambled,food,Egg (Scrambled),Food,Egg,base:food,,food_keys,120.0,0.52,6.18,10.55,-20.0,,3,6,,,,,,,,,,,,,,,,,,,,Sandwich:20;Burger:20;Salad:20;Burrito:20;Taco:10,,,,,,,,,0.1,,items/food.txt,5398
Base.Eggplant,Base,Eggplant,food,Eggplant,Food,Vegetables,base:food,,food_keys,114.0,27.0,0.8,4.5,-16.0,-9.0,5,8,,true,30,60,,,,,,true,,10,,,,,,,,Pizza:8;Omelette:8;Soup:16;Stew:16;Pie:16;Stir fry:16;Burger:8|Cooked;Sandwich:4|Cooked;Salad:8|Cooked;Rice:16;Pasta:16,,,,,,,,,0.2,,items/food.txt,14314
Base.EmptyJar,Base,EmptyJar,fluid_container,Jar,Cooking,,base:normal,base:glass;base:jar,food_keys,,,,,,,,,,,,,,,,,,,,,,,,,,,,,,,,,,,1.0,,0.2,,items/normal.txt,3346
Base.Epoxy,Base,Epoxy,drainable,Epoxy,Material,,base:drainable,base:epoxy,food_keys,,,,,,,,,,,,,,,,,,,,,,,,,,,,,,,,,,,,,0.5,,items/drainable.txt,488
Base.Extinguisher,Base,Extinguisher,drainable,Extinguisher,Household,,base:drainable,base:smeltableironsmall,food_keys,,,,,,,,,,,,,,,,,,,,,,,,,,,,,,,,,,,,,2.0,,items/drainable.txt,1595
Base.FabricRoll_Cotton,Base,FabricRoll_Cotton,drainable,Cotton Fabric Roll,Material,,base:drainable,,food_keys,,,,,,,,,,,,,,,,,,,,,,,,,,,,,,,,,,,,,10.0,,items/drainable.txt,2219
Base.FabricRoll_DenimBlack,Base,FabricRoll_DenimBlack,drainable,Black Denim Fabric Roll,Material,,base:drainable,,food_keys,,,,,,,,,,,,,,,,,,,,,,,,,,,,,,,,,,,,,10.0,,items/drainable.txt,2231
Base.FabricRoll_DenimBlue,Base,FabricRoll_DenimBlue,drainable,Blue Denim Fabric Roll,Material,,base:drainable,,food_keys,,,,,,,,,,,,,,,,,,,,,,,,,,,,,,,,,,,,,10.0,,items/drainable.txt,2242
Base.FabricRoll_DenimDarkBlue,Base,FabricRoll_DenimDarkBlue,drainable,Dark Blue Denim Fabric Roll,Material,,base:drainable,,food_keys,,,,,,,,,,,,,,,,,,,,,,,,,,,,,,,,,,,,,10.0,,items/drainable.txt,2253
Base.FeedingBottle,Base,FeedingBottle,fluid_container,Feeding Bottle,WaterContainer,,base:normal,base:farmingloot,food_keys,,,,,,,,,,,,,,,,,,,,,,,,,,,,,,,,,,,1.0,,0.1,,items/normal.txt,13202
Base.Fertilizer,Base,Fertilizer,drainable,Fertilizer,Gardening,,base:drainable,base:fertilizer,food_keys,,,,,,,,,,,,,,,,,,,,,,,,,,,,,,,,,,,,,5.0,,items/drainable.txt,936
Base.FiberglassTape,Base,FiberglassTape,drainable,Fiberglass Tape,Material,,base:drainable,base:fiberglasstape,food_keys,,,,,,,,,,,,,,,,,,,,,,,,,,,,,,,,,,,,,0.8,,items/drainable.txt,502
Base.FishFillet,Base,FishFillet,food,Fish Fillet,Food,Fish,base:food,base:fishmeat,food_keys,205.0,1.0,12.0,28.52,-25.0,,2,4,,true,20,50,true,,,,,true,,,,,,,,,,Pizza:15;Soup:15;Stew:15;Pie:15;Stir fry:15;Sandwich:5|Cooked;Burger:10|Cooked;Salad:10|Cooked;Rice:15;Pasta:15;Taco:10|Cooked;Burrito:15|Cooked;AddBaitToChum:25,Fish,,,,,,,,0.2,,items/food.txt,6834
Base.FishFingers,Base,FishFingers,food,Fish Fingers,Food,Fish,base:food,,food_keys,230.0,10.2,8.1,26.441,-10.0,,3,5,,true,20,40,,,,,,true,,,,,,,,,,Sandwich:5;Burger:10;Salad:5;Taco:5;Burrito:10,Fish Finger,,,,,,,,0.2,,items/food.txt,11505
Base.FishFried,Base,FishFried,food,Fish (Fried),Food,Fish,base:food,,food_keys,210.0,7.0,12.0,16.0,-30.0,,4,7,,,,,,,,,,true,,,,,,,,,,Soup:15;Stew:15;Pie:15;Stir fry:15;Sandwich:5;Burger:10;Salad:10;Rice:15;Pasta:15;Burrito:10;Taco:5,Fish,,,,,,,,0.2,,items/food.txt,10403
Base.FishGuts,Base,FishGuts,food,Fish Guts,Fishing,,base:food,,food_keys,,,,,-5.0,,4,8,,false,,,true,,,,,,,20,,,,,,,,AddBaitToChum:5,,,,,,,,,0.1,,items/food.txt,15443
Base.FishRoe,Base,FishRoe,food,Fish Roe,Food,Roe,base:food,,food_keys,63.0,0.32,4.18,5.55,-10.0,,14,21,,,,,,,,,true,,,,,,,,,,,Salad:2;Sandwich:2;Soup:2;Toast:2,,,,,,,,,0.1,,items/food.txt,6863
Base.FishRoeSac,Base,FishRoeSac,food,Fish Roe Sac,Fishing,,base:food,,food_keys,56.0,14.0,0.8,5.2,-5.0,,4,8,,false,,,true,,,,,,,20,,,,,,,,,,,,,,,,,0.1,,items/food.txt,15460
Base.FishingLine,Base,FishingLine,drainable,Fishing Line,Fishing,,base:drainable,base:fishingline;base:thread,food_keys,,,,,,,,,,,,,,,,,,,,,,,,,,,,,,,,,,,,,0.3,,items/drainable.txt,797
Base.FlashLight_AngleHead,Base,FlashLight_AngleHead,drainable,Flashlight - Angle Headed,LightSource,,base:drainable,base:flashlight;base:flashlightpillar,food_keys,,,,,,,,,,,,,,,,,,,,,,,,,,,,,,,,,,,,,0.5,,items/drainable.txt,1005
Base.FlashLight_AngleHead_Army,Base,FlashLight_AngleHead_Army,drainable,Flashlight - Angle Headed,LightSource,,base:drainable,base:flashlight;base:flashlightpillar,food_keys,,,,,,,,,,,,,,,,,,,,,,,,,,,,,,,,,,,,,0.5,,items/drainable.txt,1031
Base.Flashlight_Crafted,Base,Flashlight_Crafted,drainable,Flashlight - Improvised,LightSource,,base:drainable,base:flashlight;base:hasmetal;base:ignorezombiedensity,food_keys,,,,,,,,,,,,,,,,,,,,,,,,,,,,,,,,,,,,,1.0,,items/drainable.txt,1389
Base.Flask,Base,Flask,fluid_container,Flask,Memento,,base:normal,base:ignorezombiedensity;base:hasmetal;base:ismemento,fluid:Gin,2630.0,0.0,0.0,0.0,-20.0,-20.0,,,,,,,,,,,,,,-10,,0,0.0,0.0,0,,,,,,,,,,0.5,Gin;Rum;Scotch;Vodka;Whiskey,0.1,,items/normal.txt,14295
Base.FlatheadCatfish,Base,FlatheadCatfish,food,Flathead Catfish,Food,,base:food,base:fishmeat;base:uncutfish,food_keys,159.0,1.0,1.0,35.0,-15.0,,4,8,,true,20,60,true,,,,,true,true,20,,,,,,,,,,,,,,,,,0.4,,items/food.txt,7470
Base.Flax,Base,Flax,food,Flax,Material,,base:food,,food_keys,,,,,,,7,14,,,,,,,,true,,,,,,,,,,,,,,,,,,,,,0.2,,items/food.txt,332
Base.FlaxRippled,Base,FlaxRippled,food,Flax (Rippled),Material,,base:food,,food_keys,,,,,,,,,,,,,,,,true,,,,,,,,,,,,,,,,,,,,,0.2,,items/food.txt,344
Base.FlaxSeed,Base,FlaxSeed,food,Flax Seeds,Gardening,Seed,base:food,base:isseed,food_keys,71.0,0.0,4.5,0.0,-1.0,,,,true,,,,,,,,true,,,,,,,,,,,Salad:1;Bread:1;Muffin:1,,,,,,,,,0.02,,items/food.txt,354
Base.Flour2,Base,Flour2,food,Flour,Food,Thickener,base:food,base:flour;base:minoringredient,food_keys,50.0,21.0,0.0,5.0,-60.0,,,,,,,,,,,true,true,,,,,,,,,,,Soup:6;Stew:6,,,,,,,,,2.0,,items/food.txt,5162
Base.FountainCup,Base,FountainCup,fluid_container,Fountain Cup,WaterContainer,,base:normal,,food_keys,,,,,,,,,,,,,,,,,,,,,,,,,,,,,,,,,,,0.3,,0.1,,items/normal.txt,7492
Base.FountainCupWater,Base,FountainCupWater,fluid_container,Fountain Cup of Water,WaterContainer,,base:normal,,fluid:Water,,,,,,-50.0,,,,,,,,,,,,,,,,,,,,,,,,,,,,,0.3,Water,0.3,,items/normal.txt,14093
Base.FourLeafClover,Base,FourLeafClover,food,Four Leaf Clover,Food,Herb,base:food,,food_keys,1.0,0.0,0.0,0.0,-1.0,,6,10,,,,,,,,,true,,,,,,,,,,,Salad:1;HotDrink:1;Soup:1,Clover,,,,,,,,0.1,,items/food.txt,7767
Base.FrenchFries,Base,FrenchFries,food,Fries,Food,Vegetable,base:food,,food_keys,203.0,35.97,5.19,3.35,-10.0,,3,5,,true,20,40,,,,,,true,,-10,,,,,,,,Sandwich:5;Burger:10,Fry,,,,,,,,0.2,,items/food.txt,11530
Base.FreshwaterDrum,Base,FreshwaterDrum,food,Freshwater Drum,Food,,base:food,base:fishmeat;base:uncutfish,food_keys,159.0,1.0,1.0,35.0,-15.0,,4,8,,true,20,60,true,,,,,true,true,20,,,,,,,,,,,,,,,,,0.4,,items/food.txt,7590
Base.FriedOnionRings,Base,FriedOnionRings,food,Fried Onion Rings,Food,Vegetables,base:food,,food_keys,200.0,22.0,12.0,2.0,-10.0,,4,7,,,,,,,,,,,,,,,,,,,,Sandwich:5;Burger:5;Hotdog:5;Salad:5,Fried Onion Ring,,,,,,,,0.1,,items/food.txt,10424
Base.FriedOnionRingsCraft,Base,FriedOnionRingsCraft,food,Fried Onion Rings,Food,Vegetables,base:food,,food_keys,200.0,22.0,12.0,2.0,-10.0,,4,7,,true,10,30,,,,,,true,true,,,,,,,,,Sandwich:5|Cooked;Burger:5|Cooked;Hotdog:5|Cooked;Salad:5|Cooked,Fried Onion Ring,,,,,,,,0.1,,items/food.txt,10880
Base.Fries,Base,Fries,food,Fries,Food,,base:food,,food_keys,203.0,35.97,5.19,3.35,-10.0,,3,5,,,,,,,,,,,,-10,,,,,,,,,,,,,,,,,0.4,,items/food.txt,10444
Base.FrogMeat,Base,FrogMeat,food,Frog Meat,Food,Game,base:food,,food_keys,66.0,0.0,0.28,14.6,-10.0,,4,8,,true,10,40,true,,,,,true,true,,,,,,,,,Soup:10;Stew:10;Stir fry:10;Salad:10|Cooked;AddBaitToChum:8,Frog,,,,,,,,0.2,,items/food.txt,10104
Base.Frozen_ChickenNuggets,Base,Frozen_ChickenNuggets,food,Bag of Chicken Nuggets,Food,,base:food,,food_keys,,,,,,,3,5,,,,,,,,true,,,,,,,,,,,,,,,,,,,,,1.0,,items/food.txt,11457
Base.Frozen_FishFingers,Base,Frozen_FishFingers,food,Bag of Fish Fingers,Food,,base:food,,food_keys,,,,,,,3,5,,,,,,,,true,,,,,,,,,,,,,,,,,,,,,1.0,,items/food.txt,11469
Base.Frozen_FrenchFries,Base,Frozen_FrenchFries,food,Bag of Fries,Food,,base:food,,food_keys,,,,,,,3,5,,,,,,,,true,,,,,,,,,,,,,,,,,,,,,1.0,,items/food.txt,11481
Base.Frozen_TatoDots,Base,Frozen_TatoDots,food,Bag of Tato Dots,Food,,base:food,,food_keys,,,,,,,3,5,,,,,,,,true,,,,,,,,,,,,,,,,,,,,,1.0,,items/food.txt,11493
Base.FruitSalad,Base,FruitSalad,food,Salad,Food,,base:food,base:dontinheritcondition,food_keys,97.0,25.0,0.5,1.4,-60.0,,2,3,,,,,,,,,,,,,,,,,,,,,,,,Base.Bowl,,,,,0.7,,items/food.txt,5681
Base.FruitSaladClay,Base,FruitSaladClay,food,,Food,,base:food,base:dontinheritcondition,food_keys,97.0,25.0,0.5,1.4,-60.0,,2,3,,,,,,,,,,,,,,,,,,,,,,,,Base.ClayBowl,,,,,0.7,,items/food.txt,5702
Base.FudgeePop,Base,FudgeePop,food,Fudgee Pop,Food,,base:food,base:goodfrozen,food_keys,100.0,18.0,2.5,2.0,-15.0,,1,2,,,,,,true,,,,,,-10,,,,,,,,,,,Base.FudgeePop_Melted,,,,,,0.2,,items/food.txt,12542
Base.FudgeePop_Melted,Base,FudgeePop_Melted,food,Fudgee Pop (Melted),Food,,base:food,,food_keys,100.0,18.0,2.5,2.0,-15.0,,2,3,,,,,,true,,,,,,,,,,,,,,,,,,,,,,,0.2,,items/food.txt,12628
Base.Garbagebag_box,Base,Garbagebag_box,drainable,Box of Garbage Bags,Container,,base:drainable,,food_keys,,,,,,,,,,,,,,,,,,,,,,,,,,,,,,,,,,,,,1.0,,items/drainable.txt,3
Base.GardeningSprayAphids,Base,GardeningSprayAphids,drainable,Aphids Spray,Gardening,,base:drainable,,food_keys,,,,,,,,,,,,,,,,,,,,,,,,,,,,,,,,,,,,,1.0,Base.GardeningSprayEmpty,items/drainable.txt,107
Base.GardeningSprayCigarettes,Base,GardeningSprayCigarettes,drainable,Pest Flies Spray,Gardening,,base:drainable,,food_keys,,,,,,,,,,,,,,,,,,,,,,,,,,,,,,,,,,,,,1.0,Base.GardeningSprayEmpty,items/drainable.txt,120
Base.GardeningSprayMilk,Base,GardeningSprayMilk,drainable,Mildew Spray,Gardening,,base:drainable,,food_keys,,,,,,,,,,,,,,,,,,,,,,,,,,,,,,,,,,,,,1.0,Base.GardeningSprayEmpty,items/drainable.txt,94
Base.Garlic,Base,Garlic,food,Garlic,Food,Herb,base:food,base:hideuncooked;base:isseed,food_keys,14.0,3.27,0.035,0.385,-5.0,,14,28,,true,30,60,,,,,true,true,,,,,,,,,,Pizza:1;Omelette:1;Soup:1;Stew:1;Pie:1;Stir fry:1;Sandwich:1;Burger:1;Salad:1;Rice:1;Pasta:1;Taco:1;Burrito:1;Toast:1;Bread:1,,,,,,,,,0.2,,items/food.txt,14341
Base.GasmaskFilter,Base,GasmaskFilter,drainable,Gas Mask Filter,Accessory,,base:drainable,base:gasmaskfilter;base:hasmetal,food_keys,,,,,,,,,,,,,,,,,,,,,,,,,,,,,,,,,,,,,0.3,,items/drainable.txt,1610
Base.GasmaskFilterCrafted,Base,GasmaskFilterCrafted,drainable,Gas Mask Filter - Crafted,Accessory,,base:drainable,base:gasmaskfilter;base:hasmetal,food_keys,,,,,,,,,,,,,,,,,,,,,,,,,,,,,,,,,,,,,0.3,,items/drainable.txt,1639
Base.Gin,Base,Gin,fluid_container,Gin,Food,,base:normal,base:glass;base:glassbottle,fluid:Gin,2630.0,0.0,0.0,0.0,-20.0,-20.0,,,,,,,,,,,,,,-10,,0,0.0,0.0,0,,,,,,,,,,1.0,Gin,1.0,,items/normal.txt,6294
Base.GingerPickled,Base,GingerPickled,food,Ginger (Pickled),Food,NoExplicit,base:food,,food_keys,23.0,0.22,1.18,2.55,-5.0,,14,21,,,,,,,,,true,,,,,,,,,,,Salad:1;Sandwich:1;Soup:1;Stew:1;Stir fry:1,,,,,,,,,0.1,,items/food.txt,15142
Base.GingerRoot,Base,GingerRoot,food,Ginger Root,Food,,base:food,base:herbaltea;base:iscutting;base:isseed,food_keys,46.0,0.44,2.36,5.1,-5.0,,6,10,,,,,,,,,true,,,,,,,,-1,,,Salad:1;Sandwich:1;Soup:2;Stew:2;Stir fry:2;HotDrink:1,Ginger,,,,,,,,0.1,,items/food.txt,13683
Base.Gingerbreadman,Base,Gingerbreadman,food,Gingerbread Man,Food,,base:food,base:fitstoaster,food_keys,160.0,22.0,8.0,1.0,-5.0,,,,,,,,,,,,,,,-10,,-1,,,,,,,,,,,,,,,0.1,,items/food.txt,3502
Base.Ginseng,Base,Ginseng,food,Ginseng,FirstAid,NoExplicit,base:food,base:herbaltea,food_keys,0.1,0.0,0.0,0.0,-1.0,,14,28,,,,,,,,,true,,,,,,,2.0,,,,HotDrink:1,,,,,,,,,0.1,,items/food.txt,8048
Base.GlassChampagne,Base,GlassChampagne,fluid_container,Champagne Glass,WaterContainer,,base:normal,base:glass,food_keys,,,,,,,,,,,,,,,,,,,,,,,,,,,,,,,,,,,0.2,,0.2,,items/normal.txt,3822
Base.GlassTumbler,Base,GlassTumbler,fluid_container,Tumbler,WaterContainer,,base:normal,base:coffeemaker;base:glass,food_keys,,,,,,,,,,,,,,,,,,,,,,,,,,,,,,,,,,,0.2,,0.2,,items/normal.txt,3798
Base.GlassWine,Base,GlassWine,fluid_container,Wine Glass,WaterContainer,,base:normal,base:glass,food_keys,,,,,,,,,,,,,,,,,,,,,,,,,,,,,,,,,,,0.2,,0.2,,items/normal.txt,3847
Base.Glue,Base,Glue,drainable,Glue,Material,,base:drainable,base:glue,food_keys,,,,,,,,,,,,,,,,,,,,,,,,,,,,,,,,,,,,,0.5,,items/drainable.txt,517
Base.Goblet,Base,Goblet,fluid_container,Goblet,Memento,,base:normal,base:hasmetal;base:ismemento;base:omitemptyfromname,food_keys,,,,,,,,,,,,,,,,,,,,,,,,,,,,,,,,,,,0.5,,0.5,,items/normal.txt,14121
Base.Goblet_Gold,Base,Goblet_Gold,fluid_container,Gold Goblet,Memento,,base:normal,base:hasmetal;base:ismemento;base:omitemptyfromname;base:ignorezombiedensity;base:goldscrap,food_keys,,,,,,,,,,,,,,,,,,,,,,,,,,,,,,,,,,,0.5,,0.5,,items/normal.txt,14142
Base.Goblet_Silver,Base,Goblet_Silver,fluid_container,Silver Goblet,Memento,,base:normal,base:hasmetal;base:ismemento;base:omitemptyfromname;base:ignorezombiedensity;base:silverscrap,food_keys,,,,,,,,,,,,,,,,,,,,,,,,,,,,,,,,,,,0.5,,0.5,,items/normal.txt,14166
Base.Goblet_Wood,Base,Goblet_Wood,fluid_container,Wood Goblet,Memento,,base:normal,base:isfirefuel;base:omitemptyfromname;base:ignorezombiedensity,food_keys,,,,,,,,,,,,,,,,,,,,,,,,,,,,,,,,,,,0.5,,0.5,,items/normal.txt,14187
Base.GoldCup,Base,GoldCup,fluid_container,Gold Cup,Cooking,,base:normal,base:coffeemaker;base:hasmetal;base:goldscrap,food_keys,,,,,,,,,,,,,,,,,,,,,,,,,,,,,,,,,,,0.5,,0.5,,items/normal.txt,14424
Base.GrahamCrackers,Base,GrahamCrackers,food,Graham Crackers,Food,,base:food,,food_keys,70.0,12.0,6.0,1.0,-5.0,,,,,,,,,,,,,,,-3,,,,,,,,,,,,,,,,,0.1,,items/food.txt,5182
Base.GranolaBar,Base,GranolaBar,food,Granola Bar,Food,,base:food,,food_keys,270.0,120.0,44.0,20.0,-15.0,,,,,,,,,,,,,,,,,,,,,,,,,,,,,,,,0.2,,items/food.txt,12842
Base.GrapeLeaves,Base,GrapeLeaves,food,Grape Leaves,Food,Vegetables,base:food,,food_keys,73.0,11.0,2.0,4.0,-4.0,,6,10,,,,,,,,,,,,,,,,,,,,Soup:4;Stew:4;Salad:4;Rice:4;Pie:4;Sandwich:4,Grape Leaf,,,,,,,,0.1,,items/food.txt,7788
Base.Grapefruit,Base,Grapefruit,food,Grapefruit,Food,Fruits,base:food,,food_keys,15.0,101.11,3.78,17.56,-20.0,-50.0,6,8,,,,,,,,,,,,,,,,,,,,Salad:10;FruitSalad:10;Pancakes:10;Muffin:10,,,,,,,,,0.3,,items/food.txt,8740
Base.Grapes,Base,Grapes,food,Grapes,Food,Fruits,base:food,,food_keys,62.0,15.78,0.32,0.58,-15.0,-5.0,5,8,,,,,,,,,,,,,,,,,,,,Cake:15;FruitSalad:15;Pancakes:15;Muffin:15;Salad:5,Grape,,,,,,,,0.2,,items/food.txt,8761
Base.GrassBag,Base,GrassBag,drainable,Grass Bag,Gardening,,base:drainable,base:farmingloot,food_keys,,,,,,,,,,,,,,,,,,,,,,,,,,,,,,,,,,,,,2.0,Base.EmptySandbag,items/drainable.txt,228
Base.GrassTuft,Base,GrassTuft,food,Grass Cutting,Food,,base:food,base:farmingloot,food_keys,,,,,-7.0,,,,,,,,,,,true,,,,,,,,,,,,,,,,,,,,,0.1,,items/food.txt,638
Base.Grasshopper,Base,Grasshopper,food,Grasshopper,Food,Insect,base:food,base:nocookingxp,food_keys,25.0,3.0,0.24,5.55,-1.0,,14,21,,true,5,25,,,,,,,,20,,,,,,,,AddBaitToChum:1,,,,,,,,,0.1,,items/food.txt,8267
Base.Gravelbag,Base,Gravelbag,drainable,Sack of Gravel,Material,,base:drainable,,food_keys,,,,,,,,,,,,,,,,,,,,,,,,,,,,,,,,,,,,,2.0,Base.EmptySandbag,items/drainable.txt,348
Base.Gravy,Base,Gravy,food,Gravy,Food,NoExplicit,base:food,,food_keys,79.0,5.0,6.0,2.0,-8.0,,4,7,,,,,,,,,true,,,,,,,,,,,Sandwich:1;Burger:1;Hotdog:1;Rice:4;Stew:4;Pie:4,,,,,,,,,0.2,,items/food.txt,13027
Base.GravyMix,Base,GravyMix,drainable,Gravy Mix,Food,,base:drainable,,food_keys,,,,,,,,,,,,,,,,,,,,,,,,,,,,,,,,,,,,,0.1,,items/drainable.txt,847
Base.GreenOnions,Base,GreenOnions,food,Green Onions,Food,Herb,base:food,,food_keys,0.1,0.0,0.0,0.0,-3.0,,7,14,,,,,,,,,true,,,,,,,,,,,Stir fry:1;Pizza:1;Omelette:1;Pasta:1;Salad:1;Sandwich:1;Soup:1;Stew:1;Bread:1;Toast:1;Burger:1,,,,,,,,,0.2,,items/food.txt,14367
Base.GreenSunfish,Base,GreenSunfish,food,Green Sunfish,Food,,base:food,base:fishmeat;base:uncutfish,food_keys,159.0,1.0,1.0,35.0,-15.0,,4,8,,true,20,60,true,,,,,true,true,20,,,,,,,,,,,,,,,,,0.4,,items/food.txt,7380
Base.Greenpeas,Base,Greenpeas,food,Green Peas,Food,Vegetables,base:food,base:hideuncooked;base:isseed,food_keys,70.0,13.125,0.0,3.5,-4.0,-1.0,3,5,,true,10,30,,,,,,true,,,,,,,,,,Omelette:4;Soup:4;Stew:4;Stir fry:4;Rice:4,Pea,,,,,,,,0.2,,items/food.txt,14387
Base.GreenpeasSeed,Base,GreenpeasSeed,food,Green Peas (Dried),Gardening,Vegetables,base:food,base:driedfood;base:isseed,food_keys,17.5,3.25,0.0,0.875,-1.0,,,,,,,,,,,true,,,,,,,,,,,,Soup:1;Stew:1;Rice:1;Pasta:1,Pea,,,,,,,,0.02,,items/food.txt,1984
Base.Grenadine,Base,Grenadine,fluid_container,Grenadine,Food,,base:normal,base:glass;base:glassbottle,fluid:Grenadine,2780.0,670.0,0.0,0.0,-20.0,-15.0,,,,,,,,,,,,,,-10,,0,0.0,0.0,0,,,,,,,,,,1.0,Grenadine,1.0,,items/normal.txt,6320
Base.GriddlePanFriedVegetables,Base,GriddlePanFriedVegetables,food,Stir Fry,Food,,base:food,base:hasmetal,food_keys,190.0,25.0,2.0,11.0,-10.0,,3,5,,,,,,,,,,,,,,,,,,,,,,,,Base.GridlePan,,,,,1.5,,items/food.txt,5723
Base.Guacamole,Base,Guacamole,food,Guacamole,Food,NoExplicit,base:food,,food_keys,182.0,2.0,16.6,4.6,-8.0,,4,8,,,,,,,,,true,,,,,,,,,,,Taco:2;Burrito:2;Sandwich:2;Burger:2;Hotdog:2;Omelette:2,,,,,,,,,0.1,,items/food.txt,13050
Base.Gum,Base,Gum,food,Gum,Food,,base:food,,food_keys,30.0,10.0,0.0,0.0,-1.0,,,,,,,,,,,,,,,-5,,,,,,,,,,,,,,,,,0.1,,items/food.txt,12089
Base.GummyBears,Base,GummyBears,food,Gummy Bears,Food,Candy,base:food,,food_keys,40.0,10.0,0.5,0.0,-5.0,,,,,,,,,,,,,,,-10,,,,,,,,Cake:5;ConeIcecream:5,Gummy Bear,,,,,,,,0.1,,items/food.txt,12105
Base.GummyWorms,Base,GummyWorms,food,Gummy Worms,Food,Candy,base:food,,food_keys,40.0,10.0,0.5,0.0,-5.0,,,,,,,,,,,,,,,-10,,,,,,,,Cake:5;ConeIcecream:5,Gummy Worm,,,,,,,,0.1,,items/food.txt,12124
Base.GunPowder,Base,GunPowder,drainable,Gunpowder,Material,,base:drainable,,food_keys,,,,,,,,,,,,,,,,,,,,,,,,,,,,,,,,,,,,,0.5,,items/drainable.txt,1654
Base.HairDyeCommon,Base,HairDyeCommon,fluid_container,Bottle of Hair Dye,Appearance,,base:normal,,fluid:HairDye,,,,,,,,,,,,,,,,,,,,,,,,,,,,,,,,,,,1.0,HairDye;HairDye;HairDye;HairDye;HairDye;HairDye;HairDye;HairDye,0.1,,items/normal.txt,2653
Base.HairDyeRare,Base,HairDyeRare,fluid_container,Bottle of Hair Dye,Appearance,,base:normal,,fluid:HairDye,,,,,,,,,,,,,,,,,,,,,,,,,,,,,,,,,,,1.0,HairDye;HairDye;HairDye;HairDye;HairDye;HairDye;HairDye;HairDye;HairDye;HairDye;HairDye;HairDye;HairDye,0.1,,items/normal.txt,2710
Base.HairDyeUncommon,Base,HairDyeUncommon,fluid_container,Bottle of Hair Dye,Appearance,,base:normal,,fluid:HairDye,,,,,,,,,,,,,,,,,,,,,,,,,,,,,,,,,,,1.0,HairDye;HairDye;HairDye;HairDye;HairDye;HairDye;HairDye;HairDye;HairDye,0.1,,items/normal.txt,2681
Base.Hairgel,Base,Hairgel,drainable,Hair Gel,Appearance,,base:drainable,base:dohairdo,food_keys,,,,,,,,,,,,,,,,,,,,,,,,,,,,,,,,,,,,,0.5,,items/drainable.txt,133
Base.Hairspray2,Base,Hairspray2,drainable,Hair Spray,Appearance,,base:drainable,base:dohairdo;base:hasmetal;base:aerosol,food_keys,,,,,,,,,,,,,,,,,,,,,,,,,,,,,,,,,,,,,0.8,,items/drainable.txt,145
Base.HalloweenPumpkin,Base,HalloweenPumpkin,food,Jack-o'-lantern,Food,,base:food,,food_keys,404.0,20.45,20.61,34.53,-40.0,,14,28,,true,30,60,,,,,,,,10,,,,,,,,,,,,,,,,,1.0,,items/food.txt,15162
Base.Ham,Base,Ham,food,Ham,Food,Meat,base:food,base:hideuncooked,food_keys,1560.0,91.0,78.0,117.0,-60.0,,5,10,,true,20,40,,true,,,,true,,,,,,,,,,,,,,,,,,,1.0,,items/food.txt,9235
Base.HamSlice,Base,HamSlice,food,Ham Slice,Food,Meat,base:food,base:hideuncooked,food_keys,260.0,15.16,13.0,19.5,-10.0,,3,6,,true,10,30,,,,,,true,,,,,,,,,,Pizza:10;Soup:10;Stew:10;Omelette:10;Sandwich:10;Burger:10;Salad:10;Rice:10;Pasta:10,Ham,,,,,,,,0.2,,items/food.txt,9262
Base.HandTorch,Base,HandTorch,drainable,Flashlight,LightSource,,base:drainable,base:flashlight;base:flashlightpillar,food_keys,,,,,,,,,,,,,,,,,,,,,,,,,,,,,,,,,,,,,0.5,,items/drainable.txt,979
Base.HardCandies,Base,HardCandies,food,Hard Candies,Food,Candy,base:food,,food_keys,40.0,10.0,0.5,0.0,-5.0,,,,,,,,,,,,,,,-10,,,,,,,,Cake:5;ConeIcecream:5,Hard Candy,,,,,,,,0.1,,items/food.txt,12143
Base.HayTuft,Base,HayTuft,food,Hay,Food,,base:food,base:isfirefuel;base:isfiretinder;base:farmingloot,food_keys,,,,,-12.0,,,,,,,,,,,true,,,,,,,,,,,,,,,,,,,,,0.1,,items/food.txt,624
Base.HempBundle,Base,HempBundle,food,Hemp,Food,,base:food,base:isseed,food_keys,,,,,-5.0,,7,14,,,,,,,,true,,,,,,,,,,,,,,,,,,,,,1.0,,items/food.txt,374
Base.HempBundleDried,Base,HempBundleDried,food,Hemp (Dried),Food,,base:food,,food_keys,,,,,-5.0,,,,,,,,,,,true,,,,,,,,,,,,,,,,,,,,,1.0,,items/food.txt,389
Base.HiHis,Base,HiHis,food,Hi His,Food,,base:food,,food_keys,200.0,30.0,8.0,1.8,-10.0,,,,,,,,,,,,,,,-10,,,,,,,,,,,,,,,,,0.2,,items/food.txt,12857
Base.HollyBerry,Base,HollyBerry,food,Berries,Food,Berry,base:food,,food_keys,23.0,5.0,0.0,4.0,-10.0,-1.0,6,10,,,,,,,,,,,,,,,,,,,,Cake:10;FruitSalad:10;Pancakes:10;Muffin:10;ConeIcecream:5;PieSweet:10;Oatmeal:5,,,,,,,,,0.1,,items/food.txt,7808
Base.Honey,Base,Honey,food,Honey,Food,,base:food,base:boostsflurecovery;base:herbaltea;base:wetbeverageingredient,food_keys,660.0,187.0,0.0,0.0,-20.0,,,,true,,,,,true,,,true,,,,,,,,,,,Cake:5;Sandwich:2;FruitSalad:2;HotDrink:2;Pancakes:2;ConeIcecream:2;PieSweet:5;Toast:2;Oatmeal:2,,,,,,,,,0.4,,items/food.txt,13071
Base.Hops,Base,Hops,food,Hops,Food,,base:food,,food_keys,,,,,,,7,14,,,,,,,,true,,,,,,,,,,,,,,,,,,,,,0.3,,items/food.txt,401
Base.HopsDried,Base,HopsDried,food,Hops (Dried),Food,,base:food,,food_keys,,,,,,,,,,,,,,,,true,,,,,,,,,,,,,,,,,,,,,0.3,,items/food.txt,413
Base.HotDrink,Base,HotDrink,food,Hot Drink,Food,,base:food,base:alcoholicbeverage;base:lowalcohol;base:herbaltea,food_keys,,,,,,-20.0,,,,true,10,50,,,,,,true,,-10,,,,,,,,,,,,Base.Mugl,,,,,0.5,,items/food.txt,6483
Base.HotDrinkClay,Base,HotDrinkClay,food,Hot Drink,Food,,base:food,base:alcoholicbeverage;base:lowalcohol;base:herbaltea,food_keys,,,,,,-20.0,,,,true,10,50,,,,,,true,,-10,,,,,,,,,,,,Base.ClayMug,,,,,0.5,,items/food.txt,6507
Base.HotDrinkCopper,Base,HotDrinkCopper,food,,Food,,base:food,base:alcoholicbeverage;base:lowalcohol;base:herbaltea;base:hasmetal,food_keys,,,,,,-20.0,,,,true,10,50,,,,,,true,,-10,,,,,,,,,,,,Base.CopperCup,,,,,0.5,,items/food.txt,6627
Base.HotDrinkGold,Base,HotDrinkGold,food,,Food,,base:food,base:alcoholicbeverage;base:lowalcohol;base:herbaltea;base:hasmetal,food_keys,,,,,,-20.0,,,,true,10,50,,,,,,true,,-10,,,,,,,,,,,,Base.GoldCup,,,,,0.5,,items/food.txt,6651
Base.HotDrinkMetal,Base,HotDrinkMetal,food,,Food,,base:food,base:alcoholicbeverage;base:lowalcohol;base:herbaltea,food_keys,,,,,,-20.0,,,,true,10,50,,,,,,true,,-10,,,,,,,,,,,,Base.MetalCup,,,,,0.5,,items/food.txt,6603
Base.HotDrinkRed,Base,HotDrinkRed,food,Hot Drink,Food,,base:food,base:alcoholicbeverage;base:lowalcohol;base:herbaltea,food_keys,,,,,,-20.0,,,,true,10,50,,,,,,true,,-10,,,,,,,,,,,,Base.MugRed,,,,,0.5,,items/food.txt,6531
Base.HotDrinkSilver,Base,HotDrinkSilver,food,,Food,,base:food,base:alcoholicbeverage;base:lowalcohol;base:herbaltea;base:hasmetal,food_keys,,,,,,-20.0,,,,true,10,50,,,,,,true,,-10,,,,,,,,,,,,Base.SilverCup,,,,,0.5,,items/food.txt,6675
Base.HotDrinkSpiffo,Base,HotDrinkSpiffo,food,Hot Drink,Food,,base:food,base:alcoholicbeverage;base:lowalcohol;base:herbaltea,food_keys,,,,,,-20.0,,,,true,10,50,,,,,,true,,-10,,,,,,,,,,,,Base.MugSpiffo,,,,,0.5,,items/food.txt,6555
Base.HotDrinkTea,Base,HotDrinkTea,food,Hot Drink,Food,,base:food,base:alcoholicbeverage;base:lowalcohol;base:herbaltea,food_keys,,,,,,-20.0,,,,true,10,50,,,,,,true,,-10,,,,,,,,,,,,Base.Teacup,,,,,0.5,,items/food.txt,6441
Base.HotDrinkTeaCeramic,Base,HotDrinkTeaCeramic,food,Hot Drink,Food,,base:food,base:alcoholicbeverage;base:lowalcohol;base:herbaltea,food_keys,,,,,,-20.0,,,,true,10,50,,,,,,true,,-10,,,,,,,,,,,,Base.CeramicTeacup,,,,,0.5,,items/food.txt,6462
Base.HotDrinkTumbler,Base,HotDrinkTumbler,food,,Food,,base:food,base:alcoholicbeverage;base:lowalcohol;base:herbaltea,food_keys,,,,,,-20.0,,,,true,10,50,,,,,,true,,-10,,,,,,,,,,,,Base.GlassTumbler,,,,,0.5,,items/food.txt,6699
Base.HotDrinkWhite,Base,HotDrinkWhite,food,Hot Drink,Food,,base:food,base:alcoholicbeverage;base:lowalcohol;base:herbaltea,food_keys,,,,,,-20.0,,,,true,10,50,,,,,,true,,-10,,,,,,,,,,,,Base.MugWhite,,,,,0.5,,items/food.txt,6579
Base.HotWaterBottle,Base,HotWaterBottle,fluid_container,Hot Water Bottle,WaterContainer,,base:normal,base:cookablemicrowave,food_keys,,,,,,,,,,true,,,,,,,,,,,,,,,,,,,,,,,,,1.0,,0.4,,items/normal.txt,14208
Base.Hotdog,Base,Hotdog,food,Hot Dog,Food,Meat,base:food,,food_keys,100.0,2.0,12.0,2.0,-20.0,,3,6,,,,,,,,,,,,,,,,,,,,,,,,,,,,,0.3,,items/food.txt,5586
Base.HotdogPack,Base,HotdogPack,food,Pack of Hotdogs,Food,,base:food,,food_keys,270.0,5.0,8.0,5.0,,,3,6,,,,,,true,,true,,,,,,,,,,,,,,,,,,,,,0.6,,items/food.txt,9288
Base.Hotdog_single,Base,Hotdog_single,food,Hotdog Wiener,Food,Meat,base:food,,food_keys,65.0,1.25,2.0,1.25,-10.0,,3,6,,true,20,40,,,,,,true,true,,,,,,,,,Pizza:10;Stew:10;Pie:10;Stir fry:10;Pasta:10;Rice:10,Hotdog,,,,,,,,0.15,,items/food.txt,9306
Base.Hotsauce,Base,Hotsauce,food,Hot Sauce,Food,NoExplicit,base:food,,food_keys,430.0,270.0,0.0,0.0,-16.0,,,,true,,,,,true,,,true,,,20,,,,,,,,Pizza:4;Omelette:2;Sandwich:2;Burger:2;Hotdog:2;Rice:2;Pasta:2;Taco:2;Burrito:2;Stir fry:4,,,,,,,,,0.2,,items/food.txt,13094
Base.Icecream,Base,Icecream,food,Ice Cream,Food,,base:food,base:goodfrozen,food_keys,1680.0,180.0,84.0,26.0,-30.0,,1,2,,,,,,true,,,,,,-10,,-5,,,,,,,,,Base.IcecreamMelted,,,,,,0.2,,items/food.txt,12478
Base.IcecreamMelted,Base,IcecreamMelted,food,Ice Cream (Melted),Food,,base:food,,food_keys,1680.0,180.0,84.0,26.0,-30.0,,2,3,,,,,,true,,,,,,,,,,,,,,,,,,,,,,,0.2,,items/food.txt,12501
Base.IcecreamSandwich,Base,IcecreamSandwich,food,Ice Cream Sandwich,Food,,base:food,base:goodfrozen,food_keys,140.0,26.0,3.0,2.0,-15.0,,1,2,,,,,,true,,,,,,-10,,,,,,,,,,,Base.IcecreamSandwich_Melted,,,,,,0.2,,items/food.txt,12564
Base.IcecreamSandwich_Melted,Base,IcecreamSandwich_Melted,food,Ice Cream Sandwich (Melted),Food,,base:food,,food_keys,140.0,26.0,3.0,2.0,-15.0,,2,3,,,,,,true,,,,,,,,,,,,,,,,,,,,,,,0.2,,items/food.txt,12649
Base.Icing,Base,Icing,food,Icing,Food,NoExplicit,base:food,,food_keys,110.0,80.0,44.0,16.0,-10.0,,4,8,,,,,,,,,,,,-10,,,,,,,,Cake:10;Pancakes:5;Muffin:10;ConeIcecream:5;PieSweet:10;Toast:5;Bread:10,,,,,,,,,0.1,,items/food.txt,13118
Base.IndustrialDye,Base,IndustrialDye,fluid_container,Industrial Dye,Material,,base:normal,,fluid:Dye,,,,,,,,,,,,,,,,,,,,,,,,,,,,,,,,,,,2.0,Dye;Dye;Dye;Dye;Dye;Dye;Dye;Dye;Dye;Dye;Dye;Dye;Dye;Dye;Dye;Dye;Dye;Dye;Dye;Dye;Dye;Dye;Dye;Dye;Dye;Dye;Dye;Dye;Dye;Dye;Dye;Dye,0.1,,items/normal.txt,10381
Base.InsectRepellent,Base,InsectRepellent,drainable,Insect Repellent,Camping,,base:drainable,base:hasmetal;base:aerosol;base:hideremaining,food_keys,,,,,,,,,,,,,,,,,,,,,,,,,,,,,,,,,,,,,0.8,,items/drainable.txt,263
Base.JamFruit,Base,JamFruit,food,Fruit Jam,Food,NoExplicit,base:food,,food_keys,550.0,130.0,0.0,1.0,-30.0,,,,,,,,,,,,,,,-10,,,,,,,,Sandwich:3;Pancakes:5;ConeIcecream:5;Cake:15;Toast:3;Bread:15;Oatmeal:3,,,,,,,,,0.2,,items/food.txt,13138
Base.JamMarmalade,Base,JamMarmalade,food,Marmalade,Food,NoExplicit,base:food,,food_keys,550.0,130.0,0.0,1.0,-30.0,,,,,,,,,,,,,,,-10,,,,,,,,Sandwich:3;Pancakes:5;ConeIcecream:5;Cake:15;Toast:3;Bread:15;Oatmeal:3,,,,,,,,,0.2,,items/food.txt,13157
Base.JarCrafted,Base,JarCrafted,fluid_container,Jar,Cooking,,base:normal,base:glass;base:jar,food_keys,,,,,,,,,,,,,,,,,,,,,,,,,,,,,,,,,,,1.0,,0.2,,items/normal.txt,3371
Base.JellyBeans,Base,JellyBeans,food,Jellybeans,Food,Candy,base:food,,food_keys,40.0,10.0,0.5,0.0,-5.0,,,,,,,,,,,,,,,-10,,,,,,,,Cake:5;ConeIcecream:5,Jellybean,,,,,,,,0.1,,items/food.txt,12161
Base.JellyRoll,Base,JellyRoll,food,Jelly Roll,Food,,base:food,,food_keys,230.0,41.0,7.0,1.0,-7.0,,3,5,,,,,,,,,,,,-15,,-1,,,,,,,,,,,,,,,0.1,,items/food.txt,3521
Base.JerryCan,Base,JerryCan,fluid_container,Jerrycan of Gas,VehicleMaintenance,,base:normal,base:petrol,fluid:Petrol,,,,,,,,,,,,,,,,,,,,,,,,,,,,,,,,,,,20.0,Petrol,4.0,,items/normal.txt,14226
Base.JuiceBox,Base,JuiceBox,fluid_container,Juice Box,Food,,base:normal,,fluid:JuiceGrape,400.0,120.0,0.0,0.0,-10.0,-30.0,,,,,,,,,,,,,,-50,,-20,0.0,,,,,,,,,,,,0.2,JuiceGrape,0.1,,items/normal.txt,6776
Base.JuiceBoxApple,Base,JuiceBoxApple,fluid_container,Juice Box,Food,,base:normal,,fluid:JuiceApple,480.0,120.0,0.0,0.0,-10.0,-30.0,,,,,,,,,,,,,,-50,,-20,0.0,,,,,,,,,,,,0.2,JuiceApple,0.1,,items/normal.txt,6799
Base.JuiceBoxFruitpunch,Base,JuiceBoxFruitpunch,fluid_container,Juice Box,Food,,base:normal,,fluid:JuiceFruitpunch,400.0,100.0,0.0,0.0,-10.0,-30.0,,,,,,,,,,,,,,-50,,-20,0.0,,,,,,,,,,,,0.2,JuiceFruitpunch,0.1,,items/normal.txt,6822
Base.JuiceBoxOrange,Base,JuiceBoxOrange,fluid_container,Juice Box,Food,,base:normal,,fluid:JuiceOrange,400.0,120.0,0.0,0.0,-10.0,-30.0,,,,,,,,,,,,,,-50,,-20,0.0,,,,,,,,,,,,0.2,JuiceOrange,0.1,,items/normal.txt,6845
Base.JuiceCranberry,Base,JuiceCranberry,fluid_container,Bottle,Food,,base:normal,,fluid:JuiceCranberry,400.0,100.0,0.0,0.0,-10.0,-30.0,,,,,,,,true,,,,,,-50,,-20,0.0,,,,,,,,,,,,1.0,JuiceCranberry,0.1,,items/normal.txt,6868
Base.JuiceFruitpunch,Base,JuiceFruitpunch,fluid_container,Bottle,Food,,base:normal,,fluid:JuiceFruitpunch,400.0,100.0,0.0,0.0,-10.0,-30.0,,,,,,,,true,,,,,,-50,,-20,0.0,,,,,,,,,,,,1.0,JuiceFruitpunch,0.1,,items/normal.txt,6892
Base.JuiceGrape,Base,JuiceGrape,fluid_container,Bottle,Food,,base:normal,,fluid:JuiceGrape,400.0,120.0,0.0,0.0,-10.0,-30.0,,,,,,,,true,,,,,,-50,,-20,0.0,,,,,,,,,,,,1.0,JuiceGrape,0.1,,items/normal.txt,6916
Base.JuiceLemon,Base,JuiceLemon,fluid_container,Bottle,Food,,base:normal,,fluid:JuiceLemon,400.0,120.0,0.0,0.0,-10.0,-30.0,,,,,,,,true,,,,,,-50,,-20,0.0,,,,,,,,,,,,1.0,JuiceLemon,0.1,,items/normal.txt,6940
Base.JuiceOrange,Base,JuiceOrange,fluid_container,Bottle,Food,,base:normal,,fluid:JuiceOrange,400.0,120.0,0.0,0.0,-10.0,-30.0,,,,,,,,true,,,,,,-50,,-20,0.0,,,,,,,,,,,,1.0,JuiceOrange,0.1,,items/normal.txt,6964
Base.JuiceTomato,Base,JuiceTomato,fluid_container,Bottle,Food,,base:normal,,fluid:JuiceTomato,420.0,130.0,0.0,0.0,-10.0,-30.0,,,,,,,,true,,,,,,-50,,-20,0.0,,,,,,,,,,,,1.0,JuiceTomato,0.1,,items/normal.txt,6988
Base.Jujubes,Base,Jujubes,food,Jujubes,Food,Candy,base:food,,food_keys,40.0,10.0,0.5,0.0,-5.0,,,,,,,,,,,,,,,-10,,,,,,,,Cake:5;ConeIcecream:5,Jujube,,,,,,,,0.1,,items/food.txt,12180
Base.Kale,Base,Kale,food,Kale,Food,Greens,base:food,base:hideuncooked,food_keys,178.0,41.41,0.71,9.14,-16.0,-10.0,3,5,,true,5,20,,,,,,true,,,,,,,,,,Pizza:8;Omelette:8;Soup:8;Stew:8;Pie:8;Stir fry:8;Salad:8;Rice:8;Pasta:8;Sandwich:8;Burger:8,,,,,,,,,0.2,,items/food.txt,14414
Base.Ketchup,Base,Ketchup,food,Ketchup,Food,NoExplicit,base:food,,food_keys,1480.0,370.0,0.0,0.0,-20.0,,,,true,,,,,true,,,true,,,30,,,,,,,,Sandwich:2;Burger:2;Hotdog:2;Rice:2;Pasta:2;Taco:2;Burrito:2,,,,,,,,,0.2,,items/food.txt,13176
Base.Kettle,Base,Kettle,fluid_container,Kettle,Cooking,,base:normal,base:cookable;base:hasmetal;base:smeltableironsmall,food_keys,,,,,,,,,,true,,,,,,,,,,,,,,,,,,,,,,,,,1.5,,1.0,,items/normal.txt,4105
Base.Kettle_Copper,Base,Kettle_Copper,fluid_container,Copper Kettle,Cooking,,base:normal,base:cookable;base:hasmetal;base:scraplargecopper,food_keys,,,,,,,,,,true,,,,,,,,,,,,,,,,,,,,,,,,,1.5,,1.0,,items/normal.txt,4130
Base.KnapsackSprayer,Base,KnapsackSprayer,fluid_container,Backpack Sprayer,Accessory,,base:clothing,base:sprayer;base:hasmetal;base:replaceprimary;base:equippable,food_keys,,,,,,,,,,,,,,,,,,,,,,,,,,,,,,,,,,,16.0,,5.0,,items/clothing.txt,24538
Base.KnapsackSprayer_Stowed,Base,KnapsackSprayer_Stowed,fluid_container,Backpack Sprayer (Stowed),Accessory,,base:clothing,base:sprayer;base:hasmetal;base:equippable,food_keys,,,,,,,,,,,,,,,,,,,,,,,,,,,,,,,,,,,16.0,,5.0,,items/clothing.txt,24569
Base.Ladybug,Base,Ladybug,food,Ladybug,Food,,base:food,,food_keys,1.5,0.0,0.05,0.25,-1.0,,14,21,,,,,,,,,,,,20,,,,,,,,,,,,,,,,,0.01,,items/food.txt,8293
Base.Lantern_CraftedElectric,Base,Lantern_CraftedElectric,drainable,Improvised Electric Lantern,LightSource,,base:drainable,base:flashlight;base:hasmetal;base:ignorezombiedensity,food_keys,,,,,,,,,,,,,,,,,,,,,,,,,,,,,,,,,,,,,2.0,,items/drainable.txt,1365
Base.Lantern_Hurricane,Base,Lantern_Hurricane,drainable,Hurricane Lantern,LightSource,,base:drainable,base:unlitlantern;base:smeltablesteellarge,food_keys,,,,,,,,,,,,,,,,,,,,,,,,,,,,,,,,,,,,,2.0,,items/drainable.txt,1147
Base.Lantern_HurricaneLit,Base,Lantern_HurricaneLit,drainable,Hurricane Lantern (Lit),LightSource,,base:drainable,base:litlantern,food_keys,,,,,,,,,,,,,,,,,,,,,,,,,,,,,,,,,,,,,2.0,,items/drainable.txt,1123
Base.Lantern_Hurricane_Copper,Base,Lantern_Hurricane_Copper,drainable,Hurricane Lantern - Copper,LightSource,,base:drainable,base:scraplargecopper;base:unlitlantern,food_keys,,,,,,,,,,,,,,,,,,,,,,,,,,,,,,,,,,,,,2.0,,items/drainable.txt,1191
Base.Lantern_Hurricane_CopperLit,Base,Lantern_Hurricane_CopperLit,drainable,Hurricane Lantern - Copper (Lit),LightSource,,base:drainable,base:litlantern,food_keys,,,,,,,,,,,,,,,,,,,,,,,,,,,,,,,,,,,,,2.0,,items/drainable.txt,1167
Base.Lantern_Hurricane_Forged,Base,Lantern_Hurricane_Forged,drainable,Hurricane Lantern,LightSource,,base:drainable,base:scraplargesteel;base:unlitlantern,food_keys,,,,,,,,,,,,,,,,,,,,,,,,,,,,,,,,,,,,,2.0,,items/drainable.txt,1235
Base.Lantern_Hurricane_ForgedLit,Base,Lantern_Hurricane_ForgedLit,drainable,Hurricane Lantern (Lit),LightSource,,base:drainable,base:litlantern,food_keys,,,,,,,,,,,,,,,,,,,,,,,,,,,,,,,,,,,,,2.0,,items/drainable.txt,1211
Base.Lantern_Hurricane_Gold,Base,Lantern_Hurricane_Gold,drainable,Hurricane Lantern - Gold,LightSource,,base:drainable,base:goldscrap;base:unlitlantern,food_keys,,,,,,,,,,,,,,,,,,,,,,,,,,,,,,,,,,,,,2.0,,items/drainable.txt,1279
Base.Lantern_Hurricane_GoldLit,Base,Lantern_Hurricane_GoldLit,drainable,Hurricane Lantern - Gold (Lit),LightSource,,base:drainable,base:litlantern,food_keys,,,,,,,,,,,,,,,,,,,,,,,,,,,,,,,,,,,,,2.0,,items/drainable.txt,1255
Base.Lantern_Hurricane_Silver,Base,Lantern_Hurricane_Silver,drainable,Hurricane Lantern - Silver,LightSource,,base:drainable,base:silverscrap;base:unlitlantern,food_keys,,,,,,,,,,,,,,,,,,,,,,,,,,,,,,,,,,,,,2.0,,items/drainable.txt,1323
Base.Lantern_Hurricane_SilverLit,Base,Lantern_Hurricane_SilverLit,drainable,Hurricane Lantern - Silver (Lit),LightSource,,base:drainable,base:litlantern,food_keys,,,,,,,,,,,,,,,,,,,,,,,,,,,,,,,,,,,,,2.0,,items/drainable.txt,1299
Base.Lantern_Propane,Base,Lantern_Propane,drainable,Propane Lantern,LightSource,,base:drainable,,food_keys,,,,,,,,,,,,,,,,,,,,,,,,,,,,,,,,,,,,,2.0,,items/drainable.txt,1343
Base.Lard,Base,Lard,food,Lard,Food,NoExplicit,base:food,base:bakingfat,food_keys,4095.0,0.0,454.0,0.0,-24.0,,,,,,,,,true,,,true,,,30,,,,,,,,Sandwich:2;Stir fry:4;Pasta:4;Taco:2;Burrito:2;Toast:2;Soup:4;Stew:4,,,,,,,,,0.3,,items/food.txt,13200
Base.LargemouthBass,Base,LargemouthBass,food,Largemouth Bass,Food,,base:food,base:fishmeat;base:uncutfish,food_keys,159.0,1.0,1.0,35.0,-15.0,,4,8,,true,20,60,true,,,,,true,true,20,,,,,,,,,,,,,,,,,0.4,,items/food.txt,7080
Base.Lavender,Base,Lavender,food,Lavender,Food,Herb,base:food,base:herbaltea,food_keys,0.1,0.0,0.0,0.0,-1.0,,6,10,,,,,,,,,true,,,,,-1,,,,,,Salad:1;HotDrink:1,,,,,,,,,0.1,,items/food.txt,1847
Base.LavenderPetalsDried,Base,LavenderPetalsDried,food,Lavender Petals (Dried),Food,Herb,base:food,base:herbaltea,food_keys,0.1,0.0,0.0,0.0,-1.0,,,,,,,,,,,,true,,,,,-1,,,,,,Salad:1;HotDrink:1,,,,,,,,,0.1,,items/food.txt,1869
Base.Leech,Base,Leech,food,Leech,Food,,base:food,,food_keys,90.0,2.11,1.9,17.41,-1.0,,2,4,,true,5,25,true,,,,,,,20,,,,,,,,AddBaitToChum:2,,,,,,,,,0.1,,items/food.txt,7030
Base.Leek,Base,Leek,food,Leek,Food,Vegetables,base:food,,food_keys,54.0,140.0,0.3,1.3,-12.0,-5.0,5,8,,true,10,30,,,,,,true,,5,,,,,,,,Omelette:6;Soup:12;Stew:12;Pie:12;Stir fry:12;Salad:6;Rice:12;Pasta:12,,,,,,,,,0.2,,items/food.txt,14440
Base.Lemon,Base,Lemon,food,Lemon,Food,Citrus,base:food,base:herbaltea,food_keys,17.0,5.41,0.17,0.64,-10.0,-5.0,7,9,,,,,,,,,true,,,,,,,,,,,HotDrink:2;Cake:5;FruitSalad:5;Pancakes:5;Muffin:5;PieSweet:5;Stir fry:5;Soup:10;Taco:2;Burrito:2,,,,,,,,,0.2,,items/food.txt,8783
Base.LemonBar,Base,LemonBar,food,Lemon Bar,Food,,base:food,,food_keys,156.0,22.0,11.0,2.0,-7.0,,3,5,,,,,,,,,,,,-15,,,,,,,,,,,,,,,,,0.1,,items/food.txt,2310
Base.LemonGrass,Base,LemonGrass,food,Lemongrass,Food,Herb,base:food,base:herbaltea;base:iscutting;base:isseed,food_keys,0.1,0.0,0.0,0.0,-1.0,,6,10,,,,,,,,,true,,,,,,,,-12,,,Soup:1;Stew:1;Stir fry:1;Rice:1;HotDrink:1,,,,,,,,,0.1,,items/food.txt,7830
Base.Lettuce,Base,Lettuce,food,Lettuce,Food,Greens,base:food,,food_keys,54.0,10.33,0.54,4.9,-15.0,-7.0,3,5,,,,,,,,,,,,,,,,,,,,Sandwich:3;Burger:3;Hotdog:3;Salad:5;Taco:3;Burrito:3,,,,,,,,,0.2,,items/food.txt,14467
Base.LicoriceBlack,Base,LicoriceBlack,food,Licorice,Food,Candy,base:food,,food_keys,22.0,7.0,0.0,0.0,-2.0,,,,,,,,,,,,,,,-5,,,,,,,,ConeIcecream:2,,,,,,,,,0.1,,items/food.txt,12199
Base.LicoriceRed,Base,LicoriceRed,food,Licorice,Food,Candy,base:food,,food_keys,22.0,7.0,0.0,0.0,-2.0,,,,,,,,,,,,,,,-5,,,,,,,,ConeIcecream:2,,,,,,,,,0.1,,items/food.txt,12217
Base.Lighter,Base,Lighter,drainable,Lighter,FireSource,,base:drainable,base:hasmetal;base:lighter;base:startfire;base:lessfull;base:refillablelighter,food_keys,,,,,,,,,,,,,,,,,,,,,,,,,,,,,,,,,,,,,0.1,,items/drainable.txt,712
Base.LighterBBQ,Base,LighterBBQ,drainable,Lighter - BBQ,FireSource,,base:drainable,base:hasmetal;base:lighter;base:startfire;base:lessfull,food_keys,,,,,,,,,,,,,,,,,,,,,,,,,,,,,,,,,,,,,0.3,,items/drainable.txt,1755
Base.LighterDisposable,Base,LighterDisposable,drainable,Lighter - Disposable,FireSource,,base:drainable,base:hasmetal;base:lighter;base:startfire;base:lessfull,food_keys,,,,,,,,,,,,,,,,,,,,,,,,,,,,,,,,,,,,,0.1,,items/drainable.txt,736
Base.LighterFluid,Base,LighterFluid,drainable,Lighter Fluid,Household,,base:drainable,base:hasmetal;base:lighterfluid,food_keys,,,,,,,,,,,,,,,,,,,,,,,,,,,,,,,,,,,,,0.2,,items/drainable.txt,758
Base.Lighter_Battery,Base,Lighter_Battery,drainable,Lighter - Improvised Battery,FireSource,,base:drainable,base:hasmetal;base:lighter;base:startfire,food_keys,,,,,,,,,,,,,,,,,,,,,,,,,,,,,,,,,,,,,0.1,,items/drainable.txt,2393
Base.Lime,Base,Lime,food,Lime,Food,Citrus,base:food,base:herbaltea,food_keys,17.0,5.41,0.17,0.64,-10.0,-5.0,7,9,,,,,,,,,true,,,,,,,,,,,HotDrink:2;Cake:5;FruitSalad:2;Pancakes:2;Muffin:5;PieSweet:5;Stir fry:5;Soup:10;Taco:2;Burrito:2,,,,,,,,,0.2,,items/food.txt,8806
Base.Lipstick,Base,Lipstick,drainable,Lipstick,Appearance,,base:drainable,,food_keys,,,,,,,,,,,,,,,,,,,,,,,,,,,,,,,,,,,,,0.2,,items/drainable.txt,158
Base.Lobster,Base,Lobster,food,Lobster,Food,Seafood,base:food,,food_keys,120.0,0.0,7.0,28.0,-40.0,,2,4,,true,30,60,true,,,,,true,,,,,,,,,,Taco:5|Cooked;Burrito:10|Cooked;Pizza:10;Soup:20;Stew:20;Pie:10;Stir fry:20;Sandwich:5|Cooked;Burger:10|Cooked;Salad:5|Cooked;Rice:20;Pasta:20,,,,,,,,,0.4,,items/food.txt,6883
Base.Lollipop,Base,Lollipop,food,Lollipop,Food,,base:food,,food_keys,40.0,10.0,0.5,0.0,-5.0,,,,,,,,,,,,,,,-10,,,,,,,,,,,,,,,,,0.1,,items/food.txt,12235
Base.Macandcheese,Base,Macandcheese,food,Mac and Cheese,Food,,base:food,,food_keys,690.0,126.0,12.0,21.0,,,180,365,,,,,,true,,true,,,,,,,,,,,,,,,,,,,,,0.5,,items/food.txt,4918
Base.Macaroni,Base,Macaroni,food,Macaroni,Food,Pasta,base:food,base:pasta;base:driedfood,food_keys,3360.0,656.0,16.0,112.0,-60.0,60.0,,,,,,,,true,,,,,,40,,,,,,,,Soup:10;Stew:10,,,,,,,,,2.0,,items/food.txt,4937
Base.Maggots,Base,Maggots,food,Maggots,Food,Insect,base:food,base:vermin;base:nocookingxp,food_keys,1.5,0.0,0.05,0.25,-1.0,,14,21,,true,5,25,,,,,,,,20,,,,,,,,AddBaitToChum:1,,,,,,,,,0.01,,items/food.txt,8311
Base.MagnesiumFirestarter,Base,MagnesiumFirestarter,drainable,Magnesium Firestarter,Camping,,base:drainable,base:startfire;base:hasmetal,food_keys,,,,,,,,,,,,,,,,,,,,,,,,,,,,,,,,,,,,,0.1,,items/drainable.txt,770
Base.MakeupEyeshadow,Base,MakeupEyeshadow,drainable,Eye Makeup,Appearance,,base:drainable,,food_keys,,,,,,,,,,,,,,,,,,,,,,,,,,,,,,,,,,,,,0.1,,items/drainable.txt,173
Base.MakeupFoundation,Base,MakeupFoundation,drainable,Foundation Makeup,Appearance,,base:drainable,,food_keys,,,,,,,,,,,,,,,,,,,,,,,,,,,,,,,,,,,,,0.2,,items/drainable.txt,185
Base.Maki,Base,Maki,food,Maki,Food,,base:food,,food_keys,12.0,5.0,1.0,2.0,-10.0,,2,4,,,,,,,,,,,,-20,,,,,,,,,,,,,,,,,0.1,,items/food.txt,10463
Base.Mango,Base,Mango,food,Mango,Food,Fruits,base:food,,food_keys,252.0,78.7,1.09,3.89,-20.0,-13.0,6,14,,,,,,,,,,,,,,,,,,,,Cake:10;FruitSalad:10;Pancakes:10;Muffin:10;PieSweet:10;Oatmeal:5,,,,,,,,,0.3,,items/food.txt,8829
Base.MapleSyrup,Base,MapleSyrup,food,Maple Syrup,Food,NoExplicit,base:food,,food_keys,1100.0,270.0,0.0,0.0,-45.0,,,,true,,,,,true,,,true,,,-20,,,,,,,,Pancakes:3;ConeIcecream:3;Oatmeal:3,,,,,,,,,0.2,,items/food.txt,13221
Base.Margarine,Base,Margarine,food,Margarine,Food,NoExplicit,base:food,base:bakingfat;base:minoringredient,food_keys,3255.0,4.0,368.0,1.0,-24.0,,,,,,,,,true,,,true,,,20,,,,,,,,Pancakes:4;Sandwich:4;Stir fry:4;Pasta:4;Taco:4;Burrito:4;Toast:4;Oatmeal:4;Soup:4;Stew:4,,,,,,,,,0.3,,items/food.txt,13245
Base.Marigold,Base,Marigold,food,Marigold,Food,Herb,base:food,base:iscutting;base:isseed;base:herbaltea,food_keys,0.1,0.0,0.0,0.0,-1.0,,6,10,,,,,,,,,true,,,,,,,,,,,Salad:1;HotDrink:1,,,,,,,,,0.1,,items/food.txt,13705
Base.MarigoldDried,Base,MarigoldDried,food,Marigold (Dried),Food,Herb,base:food,base:iscutting;base:isseed;base:herbaltea,food_keys,0.1,0.0,0.0,0.0,-1.0,,,,,,,,,,,,true,,,,,,,,,,,HotDrink:1,,,,,,,,,0.1,,items/food.txt,13728
Base.Marinara,Base,Marinara,food,Marinara,Food,NoExplicit,base:food,,food_keys,350.0,55.0,7.5,10.0,-10.0,,,,true,,,,,true,,,true,,,,,,,,,,,Pizza:5;Sandwich:2;Burger:2;Hotdog:2;Rice:2;Pasta:2,,,,,,,,,0.2,,items/food.txt,13266
Base.Marshmallows,Base,Marshmallows,food,Marshmallows,Food,NoExplicit,base:food,base:toastable;base:hideuncooked,food_keys,30.0,8.0,0.0,0.5,-5.0,,,,,true,5,10,,,,,,,,-5,,,,,,,,Cake:5;Pancakes:5;ConeIcecream:5;PieSweet:5,,,,,,,,,0.1,,items/food.txt,12873
Base.Matchbox,Base,Matchbox,drainable,Matchbox,FireSource,,base:drainable,base:startfire;base:lessfull;base:ignorezombiedensity,food_keys,,,,,,,,,,,,,,,,,,,,,,,,,,,,,,,,,,,,,0.3,,items/drainable.txt,783
Base.Matches,Base,Matches,drainable,Matchbook,FireSource,,base:drainable,base:startfire;base:lessfull;base:fitswallet,food_keys,,,,,,,,,,,,,,,,,,,,,,,,,,,,,,,,,,,,,0.1,,items/drainable.txt,2073
Base.MayonnaiseEmpty,Base,MayonnaiseEmpty,fluid_container,Mayonnaise Bottle,WaterContainer,,base:normal,,food_keys,,,,,,,,,,,,,,,,,,,,,,,,,,,,,,,,,,,0.2,,0.1,,items/normal.txt,7453
Base.MayonnaiseFull,Base,MayonnaiseFull,food,Mayonnaise,Food,NoExplicit,base:food,,food_keys,3000.0,0.0,330.0,0.0,-30.0,,10,13,,,,,,true,,,true,,,5,10,,,,,,,Sandwich:2;Burger:2;Hotdog:2;Salad:2;Rice:2;Pasta:2;Taco:2;Burrito:2,,,,Base.MayonnaiseEmpty,,,,,0.5,,items/food.txt,253
Base.MeatDumpling,Base,MeatDumpling,food,Meat Dumpling,Food,Meat,base:food,,food_keys,28.0,8.0,3.0,15.0,-10.0,,2,4,,,,,,,,,,,,,,,,,,,,Soup:15;Stew:15,,,,,,,,,0.1,,items/food.txt,10481
Base.MeatPatty,Base,MeatPatty,food,Beef Patty,Food,Beef,base:food,,food_keys,612.0,0.0,30.0,46.0,-40.0,,2,4,,true,50,70,true,,,,,true,true,,,,,,,,,Stew:20;Pie:20;Burger:10|Cooked;Taco:10|Cooked;Burrito:10|Cooked;AddBaitToChum:30,Beef,,,,,,,,0.3,,items/food.txt,9420
Base.MeatSteamBun,Base,MeatSteamBun,food,Meat Steam Bun,Food,,base:food,,food_keys,35.0,12.0,4.0,18.0,-15.0,,2,4,,,,,,,,,,,,,,,,,,,,,,,,,,,,,0.1,,items/food.txt,10500
Base.MetalCup,Base,MetalCup,fluid_container,Metal Cup,Cooking,,base:normal,base:coffeemaker;base:hasmetal;base:smeltablesteelsmall,food_keys,,,,,,,,,,,,,,,,,,,,,,,,,,,,,,,,,,,0.5,,0.5,,items/normal.txt,14382
Base.Milk,Base,Milk,fluid_container,Milk Carton,Food,,base:normal,,fluid:CowMilk,615.0,46.0,22.0,33.0,-50.0,-50.0,,,,,,,,,,,,,,,,,,0.0,0,,,,,,,,,,1.0,CowMilk,0.2,,items/normal.txt,6039
Base.MilkBottle,Base,MilkBottle,fluid_container,Bottle,Food,,base:normal,,fluid:CowMilk,615.0,46.0,22.0,33.0,-50.0,-50.0,,,,,,,,,,,,,,,,,,0.0,0,,,,,,,,,,1.0,CowMilk,0.1,,items/normal.txt,14273
Base.MilkChocolate_Personalsized,Base,MilkChocolate_Personalsized,fluid_container,Chocolate Milk - Personal-sized,Food,,base:normal,,fluid:MilkChocolate,615.0,46.0,22.0,33.0,-20.0,-15.0,,,,,,,,,,,,,,-20,,,,,,,,,,,,,,,0.25,MilkChocolate,0.2,,items/normal.txt,14507
Base.Milk_Personalsized,Base,Milk_Personalsized,fluid_container,Milk - Personal-sized,Food,,base:normal,,fluid:CowMilk,615.0,46.0,22.0,33.0,-50.0,-50.0,,,,,,,,,,,,,,,,,,0.0,0,,,,,,,,,,0.25,CowMilk,0.2,,items/normal.txt,14485
Base.Millipede,Base,Millipede,food,Millipede,Food,Insect,base:food,base:nocookingxp,food_keys,60.0,3.5,6.5,15.21,-1.0,,14,21,,true,5,25,true,,,,,,,20,,,,,,1,,AddBaitToChum:1,,,,,,,,,0.1,,items/food.txt,8337
Base.Millipede2,Base,Millipede2,food,Millipede,Food,Insect,base:food,base:nocookingxp,food_keys,60.0,3.5,6.5,15.21,-1.0,,14,21,,true,5,25,true,,,,,,,20,,,,,,1,,AddBaitToChum:1,,,,,,,,,0.1,,items/food.txt,8365
Base.MincedMeat,Base,MincedMeat,food,Ground Beef,Food,Beef,base:food,,food_keys,300.0,0.0,30.0,46.0,-40.0,,2,4,,true,50,70,true,,,,,true,true,,,,,,,,,Pizza:20;Stew:20;Pie:20;Sandwich:5|Cooked;Burger:10|Cooked;Hotdog:10|Cooked;Taco:10|Cooked;Burrito:10|Cooked;Pasta:20;Rice:20;Stir fry:20,Beef,,,,,,,,0.3,,items/food.txt,9449
Base.MintCandy,Base,MintCandy,food,Mint Candy,Food,,base:food,,food_keys,60.0,15.0,0.0,0.0,-2.0,,,,,,,,,,,,,,,-5,,,,,,,,,,,,,,,,,0.1,,items/food.txt,12252
Base.MintHerb,Base,MintHerb,food,Mint,Food,Herb,base:food,base:herbaltea;base:iscutting;base:isseed,food_keys,0.1,0.0,0.0,0.0,-1.0,,6,10,,,,,,,,,true,,,,,-1,,,,,,HotDrink:1,,,,,,,,,0.1,,items/food.txt,13749
Base.MintHerbDried,Base,MintHerbDried,food,Mint (Dried),Food,Herb,base:food,base:boostsflurecovery;base:herbaltea,food_keys,0.1,0.0,0.0,0.0,-1.0,,,,,,,,,,,,true,,,,,-1,,,,,,HotDrink:1,Mint,,,,,,,,0.1,,items/food.txt,13771
Base.MixedVegetables,Base,MixedVegetables,food,Packaged Vegetables,Food,Vegetables,base:food,,food_keys,271.0,37.0,0.0,9.0,-20.0,-5.0,3,5,,,,,,true,,,,,,,,,,,,,,Soup:10;Stew:10;Stir fry:10;Rice:10;Omelette:5,Vegetable,,,,,,,,0.6,,items/food.txt,14487
Base.Modjeska,Base,Modjeska,food,Modjeska,Food,,base:food,,food_keys,60.0,15.0,0.0,0.0,-10.0,,,,,,,,,,,,,,,-10,,,,,,,,,,,,,,,,,0.1,,items/food.txt,12268
Base.MonarchCaterpillar,Base,MonarchCaterpillar,food,Caterpillar,Food,Insect,base:food,base:nocookingxp,food_keys,27.0,3.0,20.24,27.55,-1.0,,14,21,,true,5,25,,,,,,,,20,,,,,,1,,AddBaitToChum:1,,,,,,,,,0.1,,items/food.txt,8393
Base.MuffinFruit,Base,MuffinFruit,food,Fruit Muffin,Food,,base:food,,food_keys,120.0,10.45,12.61,14.53,-7.0,,5,8,,,,,,,,,,,,-10,,,,,,,,,,,,,,,,,0.1,,items/food.txt,2659
Base.MuffinGeneric,Base,MuffinGeneric,food,Muffin,Food,,base:food,,food_keys,120.0,10.45,12.61,14.53,-7.0,,5,8,,,,,,,,,,,,-10,,,,,,,,,,,,,,,,,0.1,,items/food.txt,2677
Base.Muffintray_Biscuit,Base,Muffintray_Biscuit,food,Biscuits,Food,,base:food,base:hasmetal,food_keys,960.0,132.0,48.0,6.0,-23.0,,3,5,,true,30,60,,,,true,,,true,,,,,,,,,,,,,Base.MuffinTray,,,,,1.5,,items/food.txt,3113
Base.MugSpiffo,Base,MugSpiffo,fluid_container,Mug,Memento,,base:normal,base:cookablemicrowave;base:ignorezombiedensity;base:coffeemaker;base:ismemento,food_keys,,,,,,,,,,,,,,,,,,,,,,,,,,,,,,,,,,,0.2,,0.2,,items/normal.txt,3921
Base.MugWhite,Base,MugWhite,fluid_container,Mug,Cooking,,base:normal,base:cookablemicrowave;base:coffeemaker,food_keys,,,,,,,,,,,,,,,,,,,,,,,,,,,,,,,,,,,0.2,,0.2,,items/normal.txt,3896
Base.Mugl,Base,Mugl,fluid_container,Mug,Cooking,,base:normal,base:cookablemicrowave;base:coffeemaker,food_keys,,,,,,,,,,,,,,,,,,,,,,,,,,,,,,,,,,,0.2,,0.2,,items/normal.txt,3872
Base.MushroomGeneric1,Base,MushroomGeneric1,food,Mushrooms,Food,Mushroom,base:food,base:hideuncooked,food_keys,30.0,2.12,0.24,2.04,-13.0,-1.0,3,4,,true,10,30,,,,,,true,,,,,,,,,,Pizza:13;Burger:13;Hotdog:13;Omelette:13;Stir fry:13;Stew:13;Pie:13;Soup:13;Sandwich:13;Salad:13;Rice:13;Pasta:13;HotDrink:6,Mushroom,,,,,RecipeCodeOnEat.consumeWildFoodGeneric,,,0.2,,items/food.txt,14913
Base.MushroomGeneric2,Base,MushroomGeneric2,food,Mushrooms,Food,Mushroom,base:food,base:hideuncooked,food_keys,30.0,2.12,0.24,2.04,-13.0,-1.0,3,4,,true,10,30,,,,,,true,,,,,,,,,,Pizza:13;Burger:13;Hotdog:13;Omelette:13;Stir fry:13;Stew:13;Pie:13;Soup:13;Sandwich:13;Salad:13;Rice:13;Pasta:13;HotDrink:6,Mushroom,,,,,RecipeCodeOnEat.consumeWildFoodGeneric,,,0.2,,items/food.txt,14942
Base.MushroomGeneric3,Base,MushroomGeneric3,food,Mushrooms,Food,Mushroom,base:food,base:hideuncooked,food_keys,32.0,2.56,0.32,2.36,-15.0,-1.0,3,4,,true,10,30,,,,,,true,,,,,,,,,,Pizza:15;Burger:15;Hotdog:15;Omelette:15;Stir fry:15;Stew:15;Pie:15;Soup:15;Sandwich:15;Salad:15;Rice:15;Pasta:15;HotDrink:5,Mushroom,,,,,RecipeCodeOnEat.consumeWildFoodGeneric,,,0.2,,items/food.txt,14971
Base.MushroomGeneric4,Base,MushroomGeneric4,food,Mushrooms,Food,Mushroom,base:food,base:hideuncooked,food_keys,30.0,2.12,0.24,2.04,-13.0,-1.0,3,4,,true,10,30,,,,,,true,,,,,,,,,,Pizza:13;Burger:13;Hotdog:13;Omelette:13;Stir fry:13;Stew:13;Pie:13;Soup:13;Sandwich:13;Salad:13;Rice:13;Pasta:13;HotDrink:5,Mushroom,,,,,RecipeCodeOnEat.consumeWildFoodGeneric,,,0.2,,items/food.txt,15000
Base.MushroomGeneric5,Base,MushroomGeneric5,food,Mushrooms,Food,Mushroom,base:food,base:hideuncooked,food_keys,32.0,2.56,0.32,2.36,-15.0,-1.0,3,4,,true,10,30,,,,,,true,,,,,,,,,,Pizza:15;Burger:15;Hotdog:15;Omelette:15;Stir fry:15;Stew:15;Pie:15;Soup:15;Sandwich:15;Salad:15;Rice:15;Pasta:15;HotDrink:5,Mushroom,,,,,RecipeCodeOnEat.consumeWildFoodGeneric,,,0.2,,items/food.txt,15029
Base.MushroomGeneric6,Base,MushroomGeneric6,food,Mushrooms,Food,Mushroom,base:food,base:hideuncooked,food_keys,30.0,2.12,0.24,2.04,-13.0,-1.0,3,4,,true,10,30,,,,,,true,,,,,,,,,,Pizza:13;Burger:13;Hotdog:13;Omelette:13;Stir fry:13;Stew:13;Pie:13;Soup:13;Sandwich:13;Salad:13;Rice:13;Pasta:13;HotDrink:6,Mushroom,,,,,RecipeCodeOnEat.consumeWildFoodGeneric,,,0.2,,items/food.txt,15058
Base.MushroomGeneric7,Base,MushroomGeneric7,food,Mushrooms,Food,Mushroom,base:food,base:hideuncooked,food_keys,32.0,2.12,0.24,2.04,-13.0,-1.0,3,4,,true,10,30,,,,,,true,,,,,,,,,,Pizza:13;Burger:13;Hotdog:13;Omelette:13;Stir fry:13;Stew:13;Pie:13;Soup:13;Sandwich:13;Salad:13;Rice:13;Pasta:13;HotDrink:6,Mushroom,,,,,RecipeCodeOnEat.consumeWildFoodGeneric,,,0.2,,items/food.txt,15087
Base.MushroomsButton,Base,MushroomsButton,food,Mushrooms,Food,Mushroom,base:food,base:hideuncooked,food_keys,15.0,1.06,0.12,1.02,-7.0,,3,4,,true,10,30,,,,,,true,,,,,,,,,,Pizza:7;Burger:4;Omelette:7;Stir fry:7;Stew:13;Pie:7;Soup:7;Sandwich:4;Salad:4;Rice:7;Pasta:7,Mushroom,,,,,,,,0.2,,items/food.txt,15116
Base.Muskellunge,Base,Muskellunge,food,Muskellunge,Food,,base:food,base:fishmeat;base:uncutfish,food_keys,159.0,1.0,1.0,35.0,-15.0,,4,8,,true,20,60,true,,,,,true,true,20,,,,,,,,,,,,,,,,,0.4,,items/food.txt,7500
Base.Mussels,Base,Mussels,food,Mussels,Food,,base:food,,food_keys,15.0,10.0,4.0,22.0,-5.0,,2,4,,true,10,25,,,,,,,,,,,,,,,,,,,,,,,,,0.1,,items/food.txt,7680
Base.Mustard,Base,Mustard,food,Mustard,Food,NoExplicit,base:food,,food_keys,510.0,0.0,0.0,0.0,-20.0,,,,true,,,,,true,,,true,,,30,,,,,,,,Sandwich:2;Burger:2;Hotdog:2;Salad:2;Rice:2;Pasta:2,,,,,,,,,0.2,,items/food.txt,13287
Base.MuttonChop,Base,MuttonChop,food,Mutton Chop,Food,Meat,base:food,,food_keys,234.0,0.08,11.0,33.0,-30.0,,2,4,,true,50,70,true,,,,,true,true,,,,,,,,,Soup:15;Stew:15;Pie:15;Stir fry:15;Sandwich:5|Cooked;Burger:10|Cooked;Salad:10|Cooked;Rice:15;Pasta:15,Mutton,,,,,,,,0.3,,items/food.txt,9634
Base.MysteryCan,Base,MysteryCan,food,Unlabeled Can of Food,Food,,base:food,base:hasmetal,food_keys,,,,,,,,,,,,,,true,true,true,,,,,,,,,,,,,,,,,,,,,0.8,,items/food.txt,3594
Base.Nettles,Base,Nettles,food,Nettles,Food,Herb,base:food,,food_keys,50.0,15.0,0.0,2.0,-4.0,,6,10,,,,,,,,,true,,,,,,,,,,,Salad:2;HotDrink:2;Soup:2,Nettle,,,,,,,,0.1,,items/food.txt,7853
Base.NoodleSoup,Base,NoodleSoup,food,Bowl of Noodle Soup,Food,,base:food,base:dontinheritcondition,food_keys,52.0,0.0,14.0,10.0,-10.0,,1,3,,,,,,,,,,true,,-20,,,,,,,,,,,,Base.Bowl,,,,,1.0,,items/food.txt,10517
Base.Oatmeal,Base,Oatmeal,food,Bowl of Oatmeal,Food,,base:food,base:dontinheritcondition,food_keys,300.0,81.0,9.0,15.0,-10.0,,1,2,,true,5,30,,,,,,true,,,,,,,,,,,,,,Base.Bowl,,,,,0.8,,items/food.txt,5745
Base.OatsRaw,Base,OatsRaw,food,Can of Oats,Food,,base:food,,food_keys,1500.0,405.0,45.0,75.0,-50.0,,180,365,,,,,,true,,,,,,,,,,,,,,,,,,,,,,,0.8,,items/food.txt,4750
Base.OilOlive,Base,OilOlive,food,Olive Oil,Food,Oil,base:food,base:bakingfat;base:oil;base:minoringredient,food_keys,2480.0,0.0,150.0,0.0,-30.0,,,,true,,,,,true,,,true,,,50,,,,,,,,Pizza:5;Sandwich:2;Burger:2;Rice:2;Pasta:2;Stir fry:2;Salad:2;Taco:2;Burrito:2;Soup:2;Stew:2,,,,,,,,,0.2,,items/food.txt,13309
Base.OilVegetable,Base,OilVegetable,food,Vegetable Oil,Food,Oil,base:food,base:bakingfat;base:oil;base:minoringredient,food_keys,2120.0,0.0,130.0,0.0,-30.0,,,,true,,,,,true,,,true,,,50,,,,,,,,Sandwich:2;Burger:2;Rice:2;Pasta:2;Stir fry:2;Salad:2;Taco:2;Burrito:2;Soup:5;Stew:5,,,,,,,,,0.2,,items/food.txt,13334
Base.Olives,Base,Olives,food,Olives,Food,Vegetable,base:food,,food_keys,47.0,2.0,4.7,0.0,-5.0,,,,,,,,,,,,true,,,,,,,,,,,Pizza:1;Salad:1;Sandwich:1,Olive,,,,,,,,0.1,,items/food.txt,14006
Base.OmeletteRecipe,Base,OmeletteRecipe,food,Omelette,Food,Egg,base:food,base:hasmetal,food_keys,123.0,2.0,8.33,11.0,-14.0,,3,6,,true,10,30,true,,,,,,,,,,,,,,,Sandwich:14|Cooked;Burger:14|Cooked;Burrito:14|Cooked;Taco:7|Cooked,,,,Base.Pan,,,,,0.5,,items/food.txt,5770
Base.OmeletteRecipeForged,Base,OmeletteRecipeForged,food,Omelette,Food,Egg,base:food,base:hasmetal,food_keys,123.0,2.0,8.33,11.0,-14.0,,3,6,,true,10,30,true,,,,,,,,,,,,,,,Sandwich:14|Cooked;Burger:14|Cooked;Burrito:14|Cooked;Taco:7|Cooked,,,,Base.PanForged,,,,,0.5,,items/food.txt,5799
Base.Onigiri,Base,Onigiri,food,Onigiri,Food,,base:food,,food_keys,25.0,12.0,4.0,18.0,-12.0,,2,4,,,,,,,,,,,,-20,,,,,,,,,,,,,,,,,0.1,,items/food.txt,10542
Base.Onion,Base,Onion,food,Onion,Food,Vegetables,base:food,base:hideuncooked;base:isseed,food_keys,28.0,6.54,0.07,0.77,-10.0,,14,28,,true,30,60,,,,,,true,,,,,,,,,,Pizza:5;Omelette:2;Soup:5;Stew:5;Pie:5;Stir fry:5;Sandwich:2;Burger:2;Hotdog:2;Salad:2;Rice:5;Pasta:5;Taco:2;Burrito:2,Onion,,,,,,,,0.2,,items/food.txt,14510
Base.OpenBeans,Base,OpenBeans,food,Canned Beans (Open),Food,Bean,base:food,base:hasmetal;base:hideuncooked,food_keys,170.0,33.0,1.0,7.0,-24.0,,2,4,,true,10,30,,true,true,,,,,10,,,,,,,,Omelette:8;Soup:24;Stew:24;Rice:24;Sandwich:8;Toast:8;Salad:8,Bean,,,Base.TinCanEmpty,,,,,0.8,,items/food.txt,4401
Base.Orange,Base,Orange,food,Orange,Food,Fruits,base:food,,food_keys,65.0,16.27,0.3,1.0,-12.0,-8.0,6,9,,,,,,,,,,,,,,,,,,,,Cake:12;FruitSalad:6;Pancakes:6;Muffin:6;PieSweet:12;Salad:6,,,,,,,,,0.2,,items/food.txt,8850
Base.Oregano,Base,Oregano,food,Oregano,Food,Herb,base:food,base:iscutting;base:isseed,food_keys,0.1,0.0,0.0,0.0,-1.0,,6,10,,,,,,,,,true,,,,,,,,,,,Stir fry:1;Pizza:1;Omelette:1;Pasta:1;Salad:1;Soup:1;Stew:1;Bread:1;Toast:1;Burger:1;Hotdog:1;Burrito:1;Taco:1,,,,,,,,,0.1,,items/food.txt,13792
Base.OreganoDried,Base,OreganoDried,food,Oregano (Dried),Food,Herb,base:food,,food_keys,0.1,0.0,0.0,0.0,-5.0,,,,,,,,,,,,true,,,,,,,,,,,Stir fry:1;Pizza:1;Omelette:1;Pasta:1;Salad:1;Soup:1;Stew:1;Bread:1;Toast:1;Burger:1;Burrito:1;Taco:1,Oregano,,,,,,,,0.1,,items/food.txt,13813
Base.Oxygen_Tank,Base,Oxygen_Tank,drainable,Oxygen Tank,Accessory,,base:drainable,base:hasmetal;base:oxygentank;base:smeltableironsmall,food_keys,,,,,,,,,,,,,,,,,,,,,,,,,,,,,,,,,,,,,5.0,,items/drainable.txt,1666
Base.Oysters,Base,Oysters,food,Oysters,Food,Seafood,base:food,,food_keys,15.0,10.0,4.0,22.0,-5.0,,2,4,,true,10,25,,,,,,,,,,,,,,,,Pizza:5;Soup:5;Stew:5;Pie:5;Stir fry:5;Sandwich:5|Cooked;Burger:5|Cooked;Salad:5|Cooked;Rice:5;Pasta:5,Oyster,,,,,,,,0.1,,items/food.txt,6910
Base.OystersFried,Base,OystersFried,food,Oysters (Fried),Food,Seafood,base:food,,food_keys,25.0,11.0,4.0,20.0,-6.0,,4,7,,,,,,,,,,,,,,,,,,,,Pizza:6;Soup:6;Stew:6;Pie:6;Stir fry:6;Sandwich:6|Cooked;Burger:6|Cooked;Salad:6|Cooked;Rice:6;Pasta:6,Fried Oyster,,,,,,,,0.1,,items/food.txt,10560
Base.Paddlefish,Base,Paddlefish,food,Paddlefish,Food,,base:food,base:fishmeat;base:uncutfish,food_keys,159.0,1.0,1.0,35.0,-15.0,,4,8,,true,20,60,true,,,,,true,true,20,,,,,,,,,,,,,,,,,0.4,,items/food.txt,7650
Base.Painauchocolat,Base,Painauchocolat,food,Chocolate Bread,Food,,base:food,,food_keys,414.0,47.4,21.1,6.9,-2.0,,3,7,,,,,,,,,,,,-5,,,,,,,,,,,,,,,,,0.1,,items/food.txt,2328
Base.PaintBlack,Base,PaintBlack,drainable,Paint - Black,Paint,,base:drainable,base:paint,food_keys,,,,,,,,,,,,,,,,,,,,,,,,,,,,,,,,,,,,,5.0,Base.PaintbucketEmpty,items/drainable.txt,1803
Base.PaintBlue,Base,PaintBlue,drainable,Paint - Blue,Paint,,base:drainable,base:paint,food_keys,,,,,,,,,,,,,,,,,,,,,,,,,,,,,,,,,,,,,5.0,Base.PaintbucketEmpty,items/drainable.txt,1820
Base.PaintBrown,Base,PaintBrown,drainable,Paint - Brown,Paint,,base:drainable,base:paint,food_keys,,,,,,,,,,,,,,,,,,,,,,,,,,,,,,,,,,,,,5.0,Base.PaintbucketEmpty,items/drainable.txt,1837
Base.PaintCyan,Base,PaintCyan,drainable,Paint - Cyan,Paint,,base:drainable,base:paint,food_keys,,,,,,,,,,,,,,,,,,,,,,,,,,,,,,,,,,,,,5.0,Base.PaintbucketEmpty,items/drainable.txt,1854
Base.PaintGreen,Base,PaintGreen,drainable,Paint - Green,Paint,,base:drainable,base:paint,food_keys,,,,,,,,,,,,,,,,,,,,,,,,,,,,,,,,,,,,,5.0,Base.PaintbucketEmpty,items/drainable.txt,1871
Base.PaintGrey,Base,PaintGrey,drainable,Paint - Gray,Paint,,base:drainable,base:paint,food_keys,,,,,,,,,,,,,,,,,,,,,,,,,,,,,,,,,,,,,5.0,Base.PaintbucketEmpty,items/drainable.txt,1888
Base.PaintLightBlue,Base,PaintLightBlue,drainable,Paint - Light Blue,Paint,,base:drainable,base:paint,food_keys,,,,,,,,,,,,,,,,,,,,,,,,,,,,,,,,,,,,,5.0,Base.PaintbucketEmpty,items/drainable.txt,1905
Base.PaintLightBrown,Base,PaintLightBrown,drainable,Paint - Light Brown,Paint,,base:drainable,base:paint,food_keys,,,,,,,,,,,,,,,,,,,,,,,,,,,,,,,,,,,,,5.0,Base.PaintbucketEmpty,items/drainable.txt,1922
Base.PaintOrange,Base,PaintOrange,drainable,Paint - Orange,Paint,,base:drainable,base:paint,food_keys,,,,,,,,,,,,,,,,,,,,,,,,,,,,,,,,,,,,,5.0,Base.PaintbucketEmpty,items/drainable.txt,1939
Base.PaintPink,Base,PaintPink,drainable,Paint - Pink,Paint,,base:drainable,base:paint,food_keys,,,,,,,,,,,,,,,,,,,,,,,,,,,,,,,,,,,,,5.0,Base.PaintbucketEmpty,items/drainable.txt,1956
Base.PaintPurple,Base,PaintPurple,drainable,Paint - Purple,Paint,,base:drainable,base:paint,food_keys,,,,,,,,,,,,,,,,,,,,,,,,,,,,,,,,,,,,,5.0,Base.PaintbucketEmpty,items/drainable.txt,1973
Base.PaintRed,Base,PaintRed,drainable,Paint - Red,Paint,,base:drainable,base:paint,food_keys,,,,,,,,,,,,,,,,,,,,,,,,,,,,,,,,,,,,,5.0,Base.PaintbucketEmpty,items/drainable.txt,1990
Base.PaintTurquoise,Base,PaintTurquoise,drainable,Paint - Turquoise,Paint,,base:drainable,base:paint,food_keys,,,,,,,,,,,,,,,,,,,,,,,,,,,,,,,,,,,,,5.0,Base.PaintbucketEmpty,items/drainable.txt,2007
Base.PaintWhite,Base,PaintWhite,drainable,Paint - White,Paint,,base:drainable,base:paint,food_keys,,,,,,,,,,,,,,,,,,,,,,,,,,,,,,,,,,,,,5.0,Base.PaintbucketEmpty,items/drainable.txt,2024
Base.PaintYellow,Base,PaintYellow,drainable,Paint - Yellow,Paint,,base:drainable,base:paint,food_keys,,,,,,,,,,,,,,,,,,,,,,,,,,,,,,,,,,,,,5.0,Base.PaintbucketEmpty,items/drainable.txt,2041
Base.PaintbucketEmpty,Base,PaintbucketEmpty,fluid_container,Paint Bucket,WaterContainer,,base:normal,base:bucket;base:cookable;base:hasmetal,food_keys,,,,,,,,,,,,,,,,,,,,,,,,,,,,,,,,,,,10.0,,1.0,,items/normal.txt,13251
Base.PanFriedVegetables,Base,PanFriedVegetables,food,Stir Fry,Food,,base:food,base:hasmetal,food_keys,516.0,36.0,41.5,4.8,-10.0,,3,5,,,,,,,,,,,,,,,,,,,,,,,,Base.Pan,,,,,1.5,,items/food.txt,5845
Base.PanFriedVegetables2,Base,PanFriedVegetables2,food,Roast,Food,,base:food,base:hasmetal,food_keys,180.0,36.0,2.5,6.0,-10.0,,3,5,,,,,,,,,,,,,,,,,,,,,,,,Base.RoastingPan,,,,,1.3,,items/food.txt,5868
Base.PanFriedVegetablesForged,Base,PanFriedVegetablesForged,food,Stir Fry,Food,,base:food,base:hasmetal,food_keys,516.0,36.0,41.5,4.8,-10.0,,3,5,,,,,,,,,,,,,,,,,,,,,,,,Base.PanForged,,,,,1.0,,items/food.txt,3
Base.PancakeMix,Base,PancakeMix,drainable,Pancake Mix,Food,,base:drainable,,food_keys,,,,,,,,,,,,,,,,,,,,,,,,,,,,,,,,,,,,,0.1,,items/drainable.txt,858
Base.Pancakes,Base,Pancakes,food,Pancakes,Food,,base:food,base:alreadycooked;base:hidecooked,food_keys,210.0,42.0,2.0,6.0,-16.0,,3,5,,true,0,20,,,,,,,,-10,,,,,,,,,,,,,,,,,0.3,,items/food.txt,10581
Base.PancakesCraft,Base,PancakesCraft,food,Pancakes,Food,,base:food,,food_keys,210.0,42.0,2.0,6.0,-20.0,,3,5,,true,10,30,,,,,,,,10,,,,,,,,,,Base.Pancakes,,,,,,,0.3,,items/food.txt,10906
Base.PancakesRecipe,Base,PancakesRecipe,food,Pancakes,Food,,base:food,,food_keys,210.0,42.0,2.0,6.0,-20.0,,3,5,,,,,,,,,,,,-10,,,,,,,,,,,,,,,,,0.3,,items/food.txt,5827
Base.PaperNapkins2,Base,PaperNapkins2,drainable,Paper Napkins,Junk,,base:drainable,base:mufflesneeze;base:fitswallet;base:isfirefuel;base:isfiretinder,food_keys,,,,,,,,,,,,,,,,,,,,,,,,,,,,,,,,,,,,,0.1,,items/drainable.txt,965
Base.Parsley,Base,Parsley,food,Parsley,Food,Herb,base:food,base:iscutting;base:isseed,food_keys,0.1,0.0,0.0,0.0,-1.0,,6,10,,,,,,,,,true,,,,,,,,,,,Stir fry:1;Pizza:1;Omelette:1;Pasta:1;Rice:1;Salad:1;Sandwich:1;Stew:1;Soup:1;Bread:1;Toast:1;Burger:1;Hotdog:1;Burrito:1;Taco:1,,,,,,,,,0.1,,items/food.txt,13831
Base.ParsleyDried,Base,ParsleyDried,food,Parsley (Dried),Food,Herb,base:food,,food_keys,0.1,0.0,0.0,0.0,-5.0,,,,,,,,,,,,true,,,,,,,,,,,Stir fry:1;Pizza:1;Omelette:1;Pasta:1;Rice:1;Salad:1;Sandwich:1;Stew:1;Soup:1;Bread:1;Toast:1;Burger:1;Burrito:1;Taco:1,Parsley,,,,,,,,0.1,,items/food.txt,13852
Base.Pasta,Base,Pasta,food,Pasta,Food,Pasta,base:food,base:pasta;base:driedfood,food_keys,3360.0,656.0,16.0,112.0,-60.0,60.0,,,,,,,,true,,,,,,40,,,,,,,,Soup:10;Stew:10,,,,,,,,,2.0,,items/food.txt,4959
Base.PastaBowl,Base,PastaBowl,food,Bowl of Pasta,Food,,base:food,base:dontinheritcondition,food_keys,330.0,41.0,6.5,24.0,-12.0,,3,6,,true,10,40,,,,,,true,,,,,,,,,,,,,,Base.Bowl,,,,,1.0,,items/food.txt,10930
Base.PastaBowlClay,Base,PastaBowlClay,food,Bowl of Pasta,Food,,base:food,base:dontinheritcondition,food_keys,330.0,41.0,6.5,24.0,-12.0,,3,6,,true,10,40,,,,,,true,,,,,,,,,,,,,,Base.ClayBowl,,,,,1.0,,items/food.txt,10957
Base.PastaPan,Base,PastaPan,food,Pasta,Food,,base:food,base:hasmetal;base:canbedividedinbowls,food_keys,560.0,109.3,2.66,18.66,-10.0,,4,7,,true,20,50,,,,,,true,true,20,,,,,,,,,Pasta,,,Base.Saucepan,,,,,3.0,,items/food.txt,5890
Base.PastaPanCopper,Base,PastaPanCopper,food,Pasta,Food,,base:food,base:hasmetal;base:canbedividedinbowls,food_keys,560.0,109.3,2.66,18.66,-10.0,,4,7,,true,20,50,,,,,,true,true,20,,,,,,,,,Pasta,,,Base.SaucepanCopper,,,,,3.0,,items/food.txt,5922
Base.PastaPot,Base,PastaPot,food,Pasta,Food,,base:food,base:hasmetal;base:canbedividedinbowls,food_keys,560.0,109.3,2.66,18.66,-10.0,,3,6,,true,20,50,,,,,,true,true,20,,,,,,,,,Pasta,,,Base.Pot,,,,,3.0,,items/food.txt,5954
Base.PastaPotForged,Base,PastaPotForged,food,Pasta,Food,,base:food,base:hasmetal;base:canbedividedinbowls,food_keys,560.0,109.3,2.66,18.66,-10.0,,3,6,,true,20,50,,,,,,true,true,20,,,,,,,,,Pasta,,,Base.PotForged,,,,,3.0,,items/food.txt,5984
Base.Peach,Base,Peach,food,Peach,Food,Fruits,base:food,,food_keys,58.0,14.31,0.38,1.36,-12.0,-5.0,5,8,,,,,,,,,,,,,,,,,,,,Cake:12;FruitSalad:6;Pancakes:6;Muffin:6;PieSweet:12;Oatmeal:5,,,,,,,,,0.2,,items/food.txt,8871
Base.PeanutButter,Base,PeanutButter,food,Peanut Butter,Food,NoExplicit,base:food,,food_keys,2660.0,128.0,224.0,84.0,-25.0,,,,,,,,,true,,,,,,-15,,,,,,,,Soup:5;Stir fry:5;Sandwich:5;Toast:5;ConeIcecream:5,,,,,,,,,0.3,,items/food.txt,13359
Base.Peanuts,Base,Peanuts,food,Peanuts,Food,Nut,base:food,,food_keys,161.0,4.57,13.96,7.31,-8.0,,,,true,,,,,,,,,,,,,,,,,,,Soup:8;Stir fry:8;Salad:4;Rice:8;ConeIcecream:4,Peanut,,,,,,,,0.2,,items/food.txt,12724
Base.Pear,Base,Pear,food,Pear,Food,Fruits,base:food,,food_keys,75.0,20.13,0.21,0.27,-16.0,-7.0,5,8,,,,,,,,,,,,,,,,,,,,Cake:8;FruitSalad:8;Pancakes:8;Muffin:8;PieSweet:8;Oatmeal:4;Salad:8,,,,,,,,,0.2,,items/food.txt,8892
Base.Peas,Base,Peas,food,Packaged Peas,Food,Vegetables,base:food,,food_keys,119.0,20.45,0.85,7.95,-20.0,-5.0,3,5,,,,,,true,,,,,,,,,,,,,,Pie:10;Omelette:5;Soup:10;Stew:10;Stir fry:10;Rice:10;Salad:5,Pea,,,,,,,,0.6,,items/food.txt,14536
Base.PenLight,Base,PenLight,drainable,Penlight,LightSource,,base:drainable,base:flashlight,food_keys,,,,,,,,,,,,,,,,,,,,,,,,,,,,,,,,,,,,,0.2,,items/drainable.txt,1084
Base.Pepper,Base,Pepper,food,Pepper,Food,NoExplicit,base:food,base:minoringredient,food_keys,,,,,-10.0,20.0,,,true,,,,,,,,true,,,20,,,,,,,,Pizza:1;Soup:1;Stew:1;Pie:1;Stir fry:1;Burger:1;Hotdog:1;Salad:1;Rice:1;Pasta:1;Sandwich:1;Taco:1;Burrito:1,,,,,,,,,0.2,,items/food.txt,13469
Base.PepperHabanero,Base,PepperHabanero,food,Habanero,Food,HotPepper,base:food,base:hideuncooked,food_keys,15.0,0.0,0.21,0.0,-2.0,,5,8,,true,10,30,,,,,true,true,,,,,,,,,,Pizza:2;Omelette:1;Burger:1;Hotdog:1;Soup:2;Stew:2;Stir fry:2;Sandwich:1;Salad:1;Pasta:2;Rice:2;Taco:1;Burrito:1,,,,,,,,,0.1,,items/food.txt,14559
Base.PepperHabaneroDried,Base,PepperHabaneroDried,food,Habanero (Dried),Food,HotPepper,base:food,,food_keys,15.0,0.0,0.21,0.0,-1.0,,,,,,,,,,,,true,,,,,,,,,,,Pizza:1;Omelette:1;Burger:1;Hotdog:1;Soup:1;Stew:1;Stir fry:1;Sandwich:1;Salad:1;Pasta:2;Rice:2;Taco:1;Burrito:1,,,,,,,,,0.1,,items/food.txt,14585
Base.PepperJalapeno,Base,PepperJalapeno,food,Jalapeno,Food,HotPepper,base:food,base:hideuncooked,food_keys,15.0,0.0,0.21,0.0,-2.0,,5,8,,true,10,30,,,,,true,true,,,,,,,,,,Pizza:2;Omelette:1;Burger:1;Hotdog:1;Soup:2;Stew:2;Stir fry:2;Sandwich:1;Salad:1;Pasta:2;Rice:2;Taco:1;Burrito:1,,,,,,,,,0.1,,items/food.txt,14603
Base.PepperJalapenoDried,Base,PepperJalapenoDried,food,Jalapeno (Dried),Food,HotPepper,base:food,,food_keys,15.0,0.0,0.21,0.0,-1.0,,,,,,,,,,,,true,,,,,,,,,,,Pizza:1;Omelette:1;Burger:1;Hotdog:1;Soup:1;Stew:1;Stir fry:1;Sandwich:1;Salad:1;Pasta:2;Rice:2;Taco:1;Burrito:1,,,,,,,,,0.1,,items/food.txt,14629
Base.Peppermint,Base,Peppermint,food,Peppermint Candy,Food,,base:food,,food_keys,16.6,4.33,0.0,0.0,-2.0,,,,,,,,,,,,,,,-5,,,,,,,,,,,,,,,,,0.1,,items/food.txt,12284
Base.Pepperoni,Base,Pepperoni,food,Pepperoni,Food,Sausage,base:food,,food_keys,180.0,0.0,4.35,15.62,-20.0,,15,30,,,,,,,,,,,,,,,,,,,,Pizza:20;Stew:20;Stir fry:20;Sandwich:5;Pasta:20;Rice:20,,,,,,,,,0.1,,items/food.txt,9330
Base.Perfume,Base,Perfume,fluid_container,Perfume,Junk,,base:normal,,fluid:Perfume,,,,,,,,,,,,,,,,,,,,,,,,,,,,,,,,,,,0.1,Perfume,0.1,,items/normal.txt,2753
Base.Perogies,Base,Perogies,food,Perogies,Food,,base:food,,food_keys,160.0,31.0,2.0,5.0,-7.0,,3,7,,,,,,,,,,,,,,,,,,,,,,,,,,,,,0.1,,items/food.txt,10603
Base.PetrolCan,Base,PetrolCan,fluid_container,Gas Can,VehicleMaintenance,,base:normal,base:petrol,fluid:Petrol,,,,,,,,,,,,,,,,,,,,,,,,,,,,,,,,,,,10.0,Petrol,1.6,,items/normal.txt,7203
Base.Pickles,Base,Pickles,food,Pickle,Food,NoExplicit,base:food,,food_keys,5.0,1.0,0.0,0.0,-6.0,,,,,,,,,,,,true,,,,,,,,,,,Sandwich:2;Burger:2;Hotdog:2;Salad:2;Rice:2;Pasta:2;ConeIcecream:2,Pickles,,,,,,,,0.1,,items/food.txt,14647
Base.Pie,Base,Pie,food,Cherry Pie Slice,Food,,base:food,base:spawncooked,food_keys,404.0,20.45,20.61,54.53,-30.0,,5,8,,true,20,50,,,,,,,,-10,,,,,,,,,,,,,,,,,0.5,,items/food.txt,2695
Base.PieApple,Base,PieApple,food,Apple Pie Slice,Food,,base:food,,food_keys,404.0,20.45,20.61,54.53,-30.0,,5,8,,,,,,,,,,,,-10,,,,,,,,,,,,,,,,,0.5,,items/food.txt,2717
Base.PieBlueberry,Base,PieBlueberry,food,Blueberry Pie Slice,Food,,base:food,,food_keys,404.0,20.45,20.61,54.53,-30.0,,5,8,,,,,,,,,,,,-10,,,,,,,,,,,,,,,,,0.5,,items/food.txt,2735
Base.PieKeyLime,Base,PieKeyLime,food,Key Lime Pie Slice,Food,,base:food,,food_keys,404.0,20.45,20.61,54.53,-30.0,,5,8,,,,,,,,,,,,-10,,,,,,,,,,,,,,,,,0.5,,items/food.txt,2753
Base.PieLemonMeringue,Base,PieLemonMeringue,food,Lemon Meringue Pie Slice,Food,,base:food,,food_keys,404.0,20.45,20.61,54.53,-30.0,,5,8,,,,,,,,,,,,-10,,,,,,,,,,,,,,,,,0.5,,items/food.txt,2771
Base.PiePrep,Base,PiePrep,food,Pie Preparation,Food,,base:food,base:hasmetal,food_keys,189.0,11.2,11.5,9.6,-15.0,,4,7,,,,,,,,,,,,10,,,,,,,,,,,,Base.BakingPan,,,,,0.5,,items/food.txt,3137
Base.PiePumpkin,Base,PiePumpkin,food,Pumpkin Pie Slice,Food,,base:food,,food_keys,404.0,20.45,20.61,54.53,-30.0,,5,8,,,,,,,,,,,,-10,,,,,,,,,,,,,,,,,0.5,,items/food.txt,2789
Base.PieWholeRaw,Base,PieWholeRaw,food,Pie,Food,,base:food,base:hasmetal,food_keys,189.0,11.2,11.5,9.6,-15.0,,4,9,,true,40,110,,,,,,,,10,,,,,,,,,,,,Base.BakingPan,,,,,0.5,,items/food.txt,3158
Base.PieWholeRawSweet,Base,PieWholeRawSweet,food,Pie,Food,,base:food,base:hasmetal,food_keys,189.0,11.2,11.5,9.6,-15.0,,4,9,,true,40,110,,,,,,,,10,,,,,,,,,,,,Base.BakingPan,,,,,0.5,,items/food.txt,3184
Base.Pig_Boar_Head_Black,Base,Pig_Boar_Head_Black,food,Boar Head,AnimalPart,,base:food,base:animalhead,food_keys,,,,,,,5,7,,,,,,,,,,,,,,,,,,,,,,,,,,,,,1.4,,items/food.txt,900
Base.Pig_Boar_Head_Pink,Base,Pig_Boar_Head_Pink,food,Boar Head,AnimalPart,,base:food,base:animalhead,food_keys,,,,,,,5,7,,,,,,,,,,,,,,,,,,,,,,,,,,,,,1.4,,items/food.txt,864
Base.Pig_Piglet_Head_Black,Base,Pig_Piglet_Head_Black,food,Piglet Head,AnimalPart,,base:food,base:animalhead,food_keys,,,,,,,5,7,,,,,,,,,,,,,,,,,,,,,,,,,,,,,0.8,,items/food.txt,912
Base.Pig_Piglet_Head_Pink,Base,Pig_Piglet_Head_Pink,food,Piglet Head,AnimalPart,,base:food,base:animalhead,food_keys,,,,,,,5,7,,,,,,,,,,,,,,,,,,,,,,,,,,,,,0.8,,items/food.txt,876
Base.Pig_Sow_Head_Black,Base,Pig_Sow_Head_Black,food,Sow Head,AnimalPart,,base:food,base:animalhead,food_keys,,,,,,,5,7,,,,,,,,,,,,,,,,,,,,,,,,,,,,,1.4,,items/food.txt,888
Base.Pig_Sow_Head_Pink,Base,Pig_Sow_Head_Pink,food,Sow Head,AnimalPart,,base:food,base:animalhead,food_keys,,,,,,,5,7,,,,,,,,,,,,,,,,,,,,,,,,,,,,,1.4,,items/food.txt,852
Base.Pillbug,Base,Pillbug,food,Pillbug,Food,Insect,base:food,base:nocookingxp,food_keys,1.5,0.0,0.05,0.25,-1.0,,14,21,,true,5,25,,,,,,,,20,,,,,,,,AddBaitToChum:1,,,,,,,,,0.01,,items/food.txt,8420
Base.Pills,Base,Pills,drainable,Painkillers,FirstAid,,base:drainable,base:consumable,food_keys,,,,,,,,,,,,,,,,,,,,,,,,,,,,,,,,,,,,,0.2,,items/drainable.txt,1414
Base.PillsAntiDep,Base,PillsAntiDep,drainable,Antidepressants,FirstAid,,base:drainable,base:consumable,food_keys,,,,,,,,,,,,,,,,,,,,,,,,,,,,,,,,,,,,,0.2,,items/drainable.txt,1429
Base.PillsBeta,Base,PillsBeta,drainable,Beta Blockers,FirstAid,,base:drainable,base:consumable,food_keys,,,,,,,,,,,,,,,,,,,,,,,,,,,,,,,,,,,,,0.2,,items/drainable.txt,1444
Base.PillsSleepingTablets,Base,PillsSleepingTablets,drainable,Sleeping Pills,FirstAid,,base:drainable,base:consumable,food_keys,,,,,,,,,,,,,,,,,,,,,,,,,,,,,,,,,,,,,0.2,,items/drainable.txt,1459
Base.PillsVitamins,Base,PillsVitamins,drainable,Caffeine Pills,FirstAid,,base:drainable,base:consumable,food_keys,,,,,,,,,,,,,,,,,,,,,,1,-4.0,,,,,,,,,,,,,,0.2,,items/drainable.txt,1474
Base.Pineapple,Base,Pineapple,food,Pineapple,Food,Fruits,base:food,,food_keys,452.0,118.7,1.09,4.89,-24.0,-13.0,6,14,,,,,,,,,,,,,,,,,,,,Pizza:12;Cake:12;FruitSalad:8;Pancakes:8;Muffin:8;ConeIcecream:4;PieSweet:12;Oatmeal:4,,,,,,,,,0.3,,items/food.txt,8913
Base.Pizza,Base,Pizza,food,Pizza Slice,Food,,base:food,,food_keys,990.0,120.0,39.0,42.0,-25.0,,3,5,,,,,,,,,,,,-10,,,,,,,,,,,,,,,,,0.3,,items/food.txt,10620
Base.PizzaRecipe,Base,PizzaRecipe,food,Pizza,Food,,base:food,,food_keys,1529.0,231.0,34.0,41.8,-80.0,,3,5,,true,20,50,,,,,,,,10,,,,,,,,,,,,,,,,,1.5,,items/food.txt,6014
Base.PizzaWhole,Base,PizzaWhole,food,Pizza,Food,,base:food,,food_keys,5940.0,720.0,234.0,252.0,-150.0,,3,5,,,,,,,,,,,,-10,,,,,,,,,,,,,,,,,1.8,,items/food.txt,6039
Base.Plantain,Base,Plantain,food,Plantain,FirstAid,,base:food,base:plantain,food_keys,,,,,,,6,10,,,,,,,,true,,,,,,,,,,,,,,,,,,,,,0.1,,items/food.txt,15251
Base.PlantainDried,Base,PlantainDried,food,Plantain (Dried),FirstAid,,base:food,base:plantain,food_keys,,,,,,,,,,,,,,,,true,,,,,,,,,,,,,,,,,,,,,0.1,,items/food.txt,15265
Base.PlasticCup,Base,PlasticCup,fluid_container,Plastic Cup,WaterContainer,,base:normal,,food_keys,,,,,,,,,,,,,,,,,,,,,,,,,,,,,,,,,,,0.2,,0.1,,items/normal.txt,7432
Base.Plonkies,Base,Plonkies,food,Plonkies,Food,,base:food,base:fitstoaster,food_keys,200.0,30.0,8.0,1.8,-10.0,,,,,,,,,,,,,,,-10,,,,,,,,,,,,,,,,,0.2,,items/food.txt,12897
Base.Pop,Base,Pop,fluid_container,Diet Cola,Food,,base:normal,base:cookable;base:hasmetal;base:sealedbeveragecan,fluid:ColaDiet,0.0,0.0,0.0,0.0,-12.0,-30.0,,,,,,,,,,,,,,-10,,0,-2.0,0.0,0,,,,,,,,,,0.3,ColaDiet,0.3,,items/normal.txt,7012
Base.Pop2,Base,Pop2,fluid_container,Cola,Food,,base:normal,base:cookable;base:hasmetal;base:sealedbeveragecan,fluid:Cola,400.0,104.0,0.0,0.0,-12.0,-30.0,,,,,,,,,,,,,,-10,,0,-2.0,0.0,0,,,,,,,,,,0.3,Cola,0.3,,items/normal.txt,7038
Base.Pop2Empty,Base,Pop2Empty,fluid_container,Pop Can,Junk,,base:normal,base:cookable;base:hasmetal;base:emptycan,food_keys,,,,,,,,,,,,,,,,,,,,,,,,,,,,,,,,,,,0.3,,0.1,,items/normal.txt,7536
Base.Pop3,Base,Pop3,fluid_container,Ginger Ale,Food,,base:normal,base:cookable;base:hasmetal;base:sealedbeveragecan,fluid:GingerAle,400.0,104.0,0.0,0.0,-12.0,-30.0,,,,,,,,,,,,,,-10,,0,-2.0,0.0,0,,,,,,,,,,0.3,GingerAle,0.3,,items/normal.txt,7064
Base.Pop3Empty,Base,Pop3Empty,fluid_container,Pop Can,Junk,,base:normal,base:cookable;base:hasmetal;base:emptycan,food_keys,,,,,,,,,,,,,,,,,,,,,,,,,,,,,,,,,,,0.3,,0.1,,items/normal.txt,7559
Base.PopBottle,Base,PopBottle,fluid_container,Orange Soda,Food,,base:normal,base:cookablemicrowave,fluid:Cola,400.0,104.0,0.0,0.0,-12.0,-30.0,,,,,,,,true,,,,,,-10,,0,-2.0,0.0,0,,,,,,,,,,2.0,Cola;ColaDiet;GingerAle;SodaPop;SodaLime;SodaGrape,0.1,,items/normal.txt,7090
Base.PopBottleRare,Base,PopBottleRare,fluid_container,Bottle,Food,,base:normal,base:cookablemicrowave,fluid:SodaBlueberry,400.0,104.0,0.0,0.0,-12.0,-30.0,,,,,,,,true,,,,,,-10,,0,-2.0,0.0,0,,,,,,,,,,2.0,SodaBlueberry;SodaBubblegum;SodaPineapple;SodaStrewberry,0.1,,items/normal.txt,7125
Base.PopEmpty,Base,PopEmpty,fluid_container,Pop Can,Junk,,base:normal,base:cookable;base:hasmetal;base:emptycan,food_keys,,,,,,,,,,,,,,,,,,,,,,,,,,,,,,,,,,,0.3,,0.1,,items/normal.txt,7513
Base.Popcorn,Base,Popcorn,food,Instant Popcorn,Food,,base:food,,food_keys,120.0,20.41,2.69,3.57,-10.0,10.0,,,true,true,5,10,,true,,,,,,,,,,,,,,,,,,,,,,,0.3,,items/food.txt,12914
Base.Poppies,Base,Poppies,food,Poppies,Gardening,,base:food,,food_keys,0.1,0.0,0.0,0.0,,,6,10,,,,,,,,true,,,,,,,,,,,,,,,,,,,,,0.1,,items/food.txt,1787
Base.PoppyPods,Base,PoppyPods,food,Poppy Pods,Gardening,,base:food,,food_keys,,,,,,,6,10,,,,,,,,true,,,,,,,,,,,,,,,,,,,,,0.1,,items/food.txt,1825
Base.PoppyPodsDried,Base,PoppyPodsDried,food,Poppy Pods (Dried),Gardening,,base:food,,food_keys,,,,,,,,,,,,,,,,true,,,,,,,,,,,,,,,,,,,,,0.1,,items/food.txt,1837
Base.PoppySeed,Base,PoppySeed,food,Poppy Seeds,Food,Seed,base:food,base:isseed,food_keys,31.0,3.0,2.0,1.6,-1.0,,,,true,,,,,,,,true,,,,,,,,,,,Salad:1;Bread:1;Muffin:1,Poppy Seed,,,,,,,,0.1,,items/food.txt,1803
Base.Popsicle,Base,Popsicle,food,Popsicle,Food,,base:food,base:goodfrozen,food_keys,80.0,22.0,0.0,0.0,-15.0,,1,2,,,,,,true,,,,,,-10,,,,,,,,,,,Base.Popsicle_Melted,,,,,,0.2,,items/food.txt,12585
Base.Popsicle_Melted,Base,Popsicle_Melted,food,Popsicle (Melted),Food,,base:food,,food_keys,80.0,22.0,0.0,0.0,-15.0,,2,3,,,,,,true,,,,,,,,,,,,,,,,,,,,,,,0.2,,items/food.txt,12670
Base.Pork,Base,Pork,food,Pork,Food,Meat,base:food,,food_keys,300.0,0.0,12.0,50.0,-60.0,,2,4,,true,50,70,true,,,,,true,true,,,,,,,,,Soup:15;Stew:15;Pie:15;Stir fry:15;Sandwich:5|Cooked;Burger:10|Cooked;Salad:10|Cooked;Rice:15;Pasta:15,Pork,,,,,,,,0.5,,items/food.txt,9690
Base.PorkChop,Base,PorkChop,food,Pork Chop,Food,Meat,base:food,,food_keys,150.0,0.0,6.0,25.0,-30.0,,2,4,,true,50,70,true,,,,,true,true,,,,,,,,,Soup:15;Stew:15;Pie:15;Stir fry:15;Sandwich:5|Cooked;Burger:10|Cooked;Salad:10|Cooked;Rice:15;Pasta:15,Pork,,,,,,,,0.3,,items/food.txt,9662
Base.PorkRinds,Base,PorkRinds,food,Pork Rinds,Food,,base:food,,food_keys,240.0,24.0,15.0,1.5,-5.0,,,,true,,,,,true,,,,,,-2,,,,,,,,,,,,,,,,,0.1,,items/food.txt,12936
Base.Port,Base,Port,fluid_container,Port,Food,,base:normal,base:glass;base:glassbottle,fluid:Port,1570.0,129.0,0.0,0.0,-20.0,-20.0,,,,,,,,,,,,,,-10,,0,0.0,0.0,0,,,,,,,,,,1.0,Port,1.0,,items/normal.txt,6346
Base.Pot,Base,Pot,fluid_container,Cooking Pot,Cooking,,base:normal,base:cookable;base:hasmetal;base:smeltablesteelmedium,food_keys,,,,,,,,,,true,,,,,,,,,,,,,,,,,,,,,,,,,1.5,,1.0,,items/normal.txt,4001
Base.PotForged,Base,PotForged,fluid_container,Cooking Pot,Cooking,,base:normal,base:cookable;base:hasmetal;base:smeltablesteelmedium,food_keys,,,,,,,,,,,,,,,,,,,,,,,,,,,,,,,,,,,1.5,,1.0,,items/normal.txt,1602
Base.PotForgedSoupRecipe,Base,PotForgedSoupRecipe,food,Pot of Soup,Food,,base:food,base:hasmetal;base:canbedividedinbowls,food_keys,202.0,25.0,4.5,14.0,-40.0,-40.0,3,5,,true,50,100,,,,,,,,-20,,,,,,,,,,,,Base.PotForged,,,,,3.0,,items/food.txt,6117
Base.PotForgedStew,Base,PotForgedStew,food,Pot of Stew,Food,,base:food,base:hasmetal;base:canbedividedinbowls,food_keys,310.0,26.3,14.5,3.8,-40.0,-40.0,3,5,,true,70,140,,,,,,,true,-20,,,,,,,,,,,,Base.PotForged,,,,,3.0,,items/food.txt,6176
Base.PotOfSoup,Base,PotOfSoup,food,Pot of Soup,Food,,base:food,base:hasmetal;base:canbedividedinbowls,food_keys,202.0,25.0,4.5,14.0,-30.0,-30.0,3,5,,true,50,100,,,,,,,,-20,,,,,,,,,,,,Base.Pot,,,,,3.0,,items/food.txt,6059
Base.PotOfSoupRecipe,Base,PotOfSoupRecipe,food,Pot of Soup,Food,,base:food,base:hasmetal;base:canbedividedinbowls,food_keys,202.0,25.0,4.5,14.0,-40.0,-40.0,3,5,,true,50,100,,,,,,,,-20,,,,,,,,,,,,Base.Pot,,,,,3.0,,items/food.txt,6088
Base.PotOfStew,Base,PotOfStew,food,Pot of Stew,Food,,base:food,base:hasmetal;base:canbedividedinbowls,food_keys,310.0,26.3,14.5,3.8,-40.0,-40.0,3,5,,true,70,140,,,,,,,true,-20,,,,,,,,,,,,Base.Pot,,,,,3.0,,items/food.txt,6146
Base.Potato,Base,Potato,food,Potato,Food,Vegetables,base:food,base:isseed,food_keys,70.0,15.0,0.15,3.0,-18.0,-7.0,28,280,,true,10,30,,,,,,true,,5,,,,,,,,Omelette:9;Soup:18;Stew:18;Pie:18;Stir fry:18;Salad:9|Cooked,,,,,,,,,0.2,,items/food.txt,117
Base.PotatoPancakes,Base,PotatoPancakes,food,Potato Pancakes,Food,,base:food,,food_keys,268.0,35.0,15.0,6.0,-15.0,,3,7,,,,,,,,,,,,,,,,,,,,,,,,,,,,,0.1,,items/food.txt,10638
Base.PowderedGarlic,Base,PowderedGarlic,food,Garlic (Powdered),Food,NoExplicit,base:food,base:minoringredient;base:driedfood,food_keys,,,,,-10.0,20.0,,,true,,,,,,,,true,,,20,,,,,,,,Pizza:1;Soup:1;Stew:1;Pie:1;Stir fry:1;Burger:1;Salad:1;Rice:1;Pasta:1;Sandwich:1;Taco:1;Burrito:1,Garlic,,,,,,,,0.2,,items/food.txt,11807
Base.PowderedOnion,Base,PowderedOnion,food,Onion (Powdered),Food,NoExplicit,base:food,base:minoringredient;base:driedfood,food_keys,,,,,-10.0,20.0,,,true,,,,,,,,true,,,20,,,,,,,,Pizza:1;Soup:1;Stew:1;Pie:1;Stir fry:1;Burger:1;Salad:1;Rice:1;Pasta:1;Sandwich:1;Taco:1;Burrito:1,Onion,,,,,,,,0.2,,items/food.txt,11827
Base.PremiumFishingLine,Base,PremiumFishingLine,drainable,Premium Fishing Line,Fishing,,base:drainable,base:fishingline;base:thread;base:heavythread,food_keys,,,,,,,,,,,,,,,,,,,,,,,,,,,,,,,,,,,,,0.1,,items/drainable.txt,811
Base.Pretzel,Base,Pretzel,food,Pretzels,Food,,base:food,,food_keys,80.0,11.0,2.0,1.0,-5.0,,,,true,,,,,true,,,,,,,,,,,,,,,,,,,,,,,0.1,,items/food.txt,12955
Base.Processedcheese,Base,Processedcheese,food,Processed Cheese,Food,Cheese,base:food,base:cheese,food_keys,70.0,0.0,6.0,4.0,-5.0,,6,10,,,,,,true,,,,,,,,,,,,,,Sandwich:5;Burger:5;Hotdog:5;Rice:5;Pasta:5;Bread:5;Omelette:5;Toast:5,,,,,,,,,0.1,,items/food.txt,4576
Base.PropaneTank,Base,PropaneTank,drainable,Propane Tank,Material,,base:drainable,base:hasmetal;base:smeltablesteellarge,food_keys,,,,,,,,,,,,,,,,,,,,,,,,,,,,,,,,,,,,,10.0,,items/drainable.txt,1578
Base.Propane_Refill,Base,Propane_Refill,drainable,Propane Lantern Bottle,LightSource,,base:drainable,,food_keys,,,,,,,,,,,,,,,,,,,,,,,,,,,,,,,,,,,,,1.0,,items/drainable.txt,1110
Base.Pumpkin,Base,Pumpkin,food,Pumpkin,Food,NoExplicit,base:food,,food_keys,404.0,20.45,20.61,34.53,-40.0,,14,28,,true,30,60,,,,,,,,10,,,,,,,,PieSweet:20;Stew:20;Soup:20;Stir fry:20;Stir fry Griddle Pan:20,,,,Base.PumpkinSeed,,,,,1.0,,items/food.txt,14666
Base.PumpkinSeed,Base,PumpkinSeed,food,Pumpkin Seeds,Food,Seed,base:food,base:isseed,food_keys,155.0,14.12,5.48,4.34,-5.0,,,,true,true,10,30,,,,,true,,,5,,,,,,,,Salad:1;Bread:5;Muffin:5,Pumpkin Seed,,,,,,,,0.1,,items/food.txt,1902
Base.PumpkinSliced,Base,PumpkinSliced,food,Pumpkin Slice,Food,NoExplicit,base:food,,food_keys,40.0,2.04,2.06,3.45,-4.0,,14,28,,true,10,30,,,,,,,,,,,,,,,,PieSweet:4;Stew:4;Soup:4;Stir fry:4;Stir fry Griddle Pan:4,,,,,,,,,0.1,,items/food.txt,14692
Base.PumpkinSmashed,Base,PumpkinSmashed,food,Pumpkin Chunks,Food,NoExplicit,base:food,,food_keys,80.0,4.09,4.12,6.9,-8.0,,14,28,,true,10,30,,,,,,,,2,,,,,,,,PieSweet:8;Stew:8;Soup:8;Stir fry:8;Stir fry Griddle Pan:8,,,,,,,,,0.2,,items/food.txt,14714
Base.QuaggaCakes,Base,QuaggaCakes,food,Quagga Cakes,Food,,base:food,,food_keys,200.0,30.0,8.0,1.8,-10.0,,,,,,,,,,,,,,,-10,,,,,,,,,,,,,,,,,0.2,,items/food.txt,12988
Base.Rabbit_Head_Appalachian,Base,Rabbit_Head_Appalachian,food,Rabbit Head,AnimalPart,,base:food,base:animalhead,food_keys,,,,,,,5,7,,,,,,,,,,,,,,,,,,,,,,,,,,,,,1.0,,items/food.txt,1102
Base.Rabbit_Head_CottonTail,Base,Rabbit_Head_CottonTail,food,Rabbit Head,AnimalPart,,base:food,base:animalhead,food_keys,,,,,,,5,7,,,,,,,,,,,,,,,,,,,,,,,,,,,,,1.0,,items/food.txt,1126
Base.Rabbit_Head_Swamp,Base,Rabbit_Head_Swamp,food,Rabbit Head,AnimalPart,,base:food,base:animalhead,food_keys,,,,,,,5,7,,,,,,,,,,,,,,,,,,,,,,,,,,,,,1.0,,items/food.txt,1150
Base.Rabbit_Kitten_Head_Appalachian,Base,Rabbit_Kitten_Head_Appalachian,food,Rabbit Kitten Head,AnimalPart,,base:food,base:animalhead,food_keys,,,,,,,5,7,,,,,,,,,,,,,,,,,,,,,,,,,,,,,0.5,,items/food.txt,1114
Base.Rabbit_Kitten_Head_CottonTail,Base,Rabbit_Kitten_Head_CottonTail,food,Rabbit Kitten Head,AnimalPart,,base:food,base:animalhead,food_keys,,,,,,,5,7,,,,,,,,,,,,,,,,,,,,,,,,,,,,,0.5,,items/food.txt,1138
Base.Rabbit_Kitten_Head_Swamp,Base,Rabbit_Kitten_Head_Swamp,food,Rabbit Kitten Head,AnimalPart,,base:food,base:animalhead,food_keys,,,,,,,5,7,,,,,,,,,,,,,,,,,,,,,,,,,,,,,0.5,,items/food.txt,1162
Base.Rabbitmeat,Base,Rabbitmeat,food,Rabbit Meat,Food,Game,base:food,,food_keys,969.0,20.0,20.0,185.0,-30.0,,2,4,,true,25,70,true,,,,,true,true,,,,,,,,,Soup:15;Stew:15;Pie:15;Stir fry:15;Sandwich:5|Cooked;Burger:10|Cooked;Salad:10|Cooked;Rice:15;Pasta:15,Rabbit,,,,,,,,0.3,,items/food.txt,10133
Base.Raccoon_Boar_Head,Base,Raccoon_Boar_Head,food,Raccoon Head,AnimalPart,,base:food,base:animalhead,food_keys,,,,,,,5,7,,,,,,,,,,,,,,,,,,,,,,,,,,,,,1.0,,items/food.txt,1078
Base.Raccoon_Kit_Head,Base,Raccoon_Kit_Head,food,Raccoon Head,AnimalPart,,base:food,base:animalhead,food_keys,,,,,,,5,7,,,,,,,,,,,,,,,,,,,,,,,,,,,,,0.5,,items/food.txt,1090
Base.Raccoon_Sow_Head,Base,Raccoon_Sow_Head,food,Raccoon Head,AnimalPart,,base:food,base:animalhead,food_keys,,,,,,,5,7,,,,,,,,,,,,,,,,,,,,,,,,,,,,,1.0,,items/food.txt,1066
Base.RagFilter,Base,RagFilter,drainable,Rag Filter,Accessory,,base:drainable,base:ragfilter,food_keys,,,,,,,,,,,,,,,,,,,,,,,,,,,,,,,,,,,,,0.1,Base.RippedSheetsDirty,items/drainable.txt,1625
Base.Ramen,Base,Ramen,food,Dry Ramen Noodles,Food,Pasta,base:food,base:driedfood,food_keys,52.0,0.0,14.0,10.0,-10.0,40.0,365,730,,,,,,true,,,,,,20,,,,,,,,Soup:10;Stir fry:10,Ramen,,,,,,,,0.2,,items/food.txt,4982
Base.RamenBowl,Base,RamenBowl,food,Bowl of Ramen Noodles,Food,,base:food,base:dontinheritcondition,food_keys,52.0,0.0,14.0,10.0,-10.0,,1,3,,true,10,20,,,,,,true,true,-20,,,,,,,,,,,,Base.Bowl,,,,,1.0,,items/food.txt,10984
Base.RatKing,Base,RatKing,food,Rat King (Dead),Memento,,base:food,base:vermin;base:ismemento,food_keys,1620.0,0.0,96.0,240.0,-110.0,,0,0,,true,20,60,true,,,,,,,150,,,,,,,,,,,,,,,,,1.0,,items/food.txt,15417
Base.RatPoison,Base,RatPoison,drainable,Rat Poison,Household,,base:drainable,base:consumable;base:showpoison,food_keys,,,,,,,,,,,,,,,,,,,,,,,,,100,,,,,,,,,RecipeCodeOnEat.consumeRatPoison,,,1.0,,items/drainable.txt,1681
Base.RedRadish,Base,RedRadish,food,Radish,Food,Vegetables,base:food,,food_keys,1.0,0.15,0.0,0.0,-3.0,-1.0,3,7,,,,,,,,,,,,,,,,,,,,Soup:3;Stew:3;Stir fry:3;Burger:3;Salad:3;Sandwich:3,,,,,,,,,0.1,,items/food.txt,49
Base.RedearSunfish,Base,RedearSunfish,food,Redear Sunfish,Food,,base:food,base:fishmeat;base:uncutfish,food_keys,159.0,1.0,1.0,35.0,-15.0,,4,8,,true,20,60,true,,,,,true,true,20,,,,,,,,,,,,,,,,,0.4,,items/food.txt,7350
Base.RefriedBeans,Base,RefriedBeans,food,Refried Beans,Food,Bean,base:food,,food_keys,70.0,25.0,1.5,10.0,-10.0,,4,8,true,,,,,,,,,,,,,,,,,,,Burrito:10;Taco:5;Omelette:5;Burger:5;Hotdog:5;Sandwich:5,Refried Bean,,,,,,,,0.2,,items/food.txt,10655
Base.RemouladeEmpty,Base,RemouladeEmpty,fluid_container,Remoulade Bottle,WaterContainer,,base:normal,,food_keys,,,,,,,,,,,,,,,,,,,,,,,,,,,,,,,,,,,2.0,,0.1,,items/normal.txt,7473
Base.RemouladeFull,Base,RemouladeFull,food,Remoulade,Food,NoExplicit,base:food,,food_keys,150.0,0.0,50.0,0.0,-10.0,,8,11,,,,,,true,,,true,,,5,10,,,,,,,Sandwich:2;Burger:2;Hotdog:2;Salad:2,,,,Base.RemouladeEmpty,,,,,0.5,,items/food.txt,279
Base.RespiratorFilters,Base,RespiratorFilters,drainable,Respirator Filters,Accessory,,base:drainable,base:respiratorfilter,food_keys,,,,,,,,,,,,,,,,,,,,,,,,,,,,,,,,,,,,,0.3,,items/drainable.txt,1697
Base.RespiratorFiltersRecharged,Base,RespiratorFiltersRecharged,drainable,Respirator Filters - Recharged,Accessory,,base:drainable,base:respiratorfilter,food_keys,,,,,,,,,,,,,,,,,,,,,,,,,,,,,,,,,,,,,0.3,,items/drainable.txt,1711
Base.Rice,Base,Rice,food,Rice,Food,Rice,base:food,base:driedfood,food_keys,2880.0,648.0,0.0,72.0,-60.0,,,,,,,,,true,,true,,,,,,,,,,,,,,,,,,,,,2.0,,items/food.txt,5006
Base.RiceBowl,Base,RiceBowl,food,Bowl of Rice,Food,,base:food,base:ricerecipe;base:dontinheritcondition,food_keys,160.0,36.0,0.0,3.0,-12.0,,3,6,,true,10,40,,,,,,true,,,,,,,,,,,,,,Base.Bowl,,,,,1.0,,items/food.txt,11013
Base.RiceBowlClay,Base,RiceBowlClay,food,Bowl of Rice,Food,,base:food,base:ricerecipe;base:dontinheritcondition,food_keys,160.0,36.0,0.0,3.0,-12.0,,3,6,,true,10,40,,,,,,true,,,,,,,,,,,,,,Base.ClayBowl,,,,,1.0,,items/food.txt,11040
Base.RicePan,Base,RicePan,food,Rice,Food,,base:food,base:ricerecipe;base:hasmetal;base:canbedividedinbowls,food_keys,720.0,0.0,48.0,78.0,-10.0,,4,7,,true,20,50,,,,,,true,,20,,,,,,,,,,,,Base.Saucepan,,,,,3.0,,items/food.txt,6206
Base.RicePanCopper,Base,RicePanCopper,food,Rice,Food,,base:food,base:ricerecipe;base:hasmetal,food_keys,720.0,0.0,48.0,78.0,-10.0,,4,7,,true,20,50,,,,,,true,,20,,,,,,,,,,,,Base.SaucepanCopper,,,,,3.0,,items/food.txt,6236
Base.RicePaper,Base,RicePaper,food,Rice Paper,Food,,base:food,,food_keys,10.0,0.0,0.0,0.0,-4.0,,,,true,,,,,,,,,,,,,,,,,,,,,,,,,,,,0.1,,items/food.txt,5199
Base.RicePot,Base,RicePot,food,Rice,Food,,base:food,base:ricerecipe;base:hasmetal;base:canbedividedinbowls,food_keys,720.0,0.0,48.0,78.0,-10.0,,3,6,,true,20,50,,,,,,true,,20,,,,,,,,,Rice,,,Base.Pot,,,,,3.0,,items/food.txt,6266
Base.RicePotForged,Base,RicePotForged,food,Rice,Food,,base:food,base:ricerecipe;base:hasmetal;base:canbedividedinbowls,food_keys,720.0,0.0,48.0,78.0,-10.0,,3,6,,true,20,50,,,,,,true,,20,,,,,,,,,Rice,,,Base.PotForged,,,,,3.0,,items/food.txt,6296
Base.RiceVinegar,Base,RiceVinegar,food,Rice Vinegar,Food,NoExplicit,base:food,,food_keys,20.0,0.0,0.0,0.0,-20.0,,,,true,,,,,true,,,true,,,50,,,,,,,,Sandwich:2;Burger:2;Rice:2;Pasta:2;Stir fry:2;Salad:2;Taco:2;Burrito:2,,,,,,,,,0.2,,items/food.txt,13379
Base.RockCandy,Base,RockCandy,food,Rock Candy,Food,Candy,base:food,,food_keys,40.0,60.0,0.0,0.0,-5.0,,,,,,,,,,,,,,,-10,,,,,,,,Cake:5;ConeIcecream:5,,,,,,,,,0.1,,items/food.txt,12300
Base.RosePetalsDried,Base,RosePetalsDried,food,Rose Petals (Dried),Food,Herb,base:food,base:herbaltea,food_keys,0.1,0.0,0.0,0.0,-1.0,,,,,,,,,,,,true,,,,,,,,,,,Salad:1;HotDrink:1,,,,,,,,,0.1,,items/food.txt,1768
Base.Rosehips,Base,Rosehips,food,Rose Hips,Food,Berry,base:food,base:herbaltea,food_keys,81.0,19.0,0.0,2.0,-6.0,,6,10,,,,,,,,,true,,,,,,,,,,,HotDrink:2;Salad:3;FruitSalad:3;Soup:6;PieSweet:6;Bread:6,Rosehip,,,,,,,,0.1,,items/food.txt,7874
Base.Rosemary,Base,Rosemary,food,Rosemary,Food,Herb,base:food,base:iscutting;base:isseed,food_keys,0.1,0.0,0.0,0.0,-1.0,,14,28,,,,,,,,,true,,,,,,,,,,,Omelette:1;Stir fry:1;Soup:1;Stew:1;Bread:1;Toast:1;Burger:1;Hotdog:1;Sandwich:1;Pasta:1,,,,,,,,,0.1,,items/food.txt,13870
Base.RosemaryDried,Base,RosemaryDried,food,Rosemary (Dried),Food,Herb,base:food,,food_keys,0.1,0.0,0.0,0.0,-5.0,,,,,,,,,,,,true,,,,,,,,,,,Omelette:1;Stir fry:1;Soup:1;Stew:1;Bread:1;Toast:1;Burger:1;Sandwich:1;Pasta:1,Rosemary,,,,,,,,0.1,,items/food.txt,13891
Base.Roses,Base,Roses,food,Roses,Food,Herb,base:food,base:herbaltea,food_keys,0.1,0.0,0.0,0.0,-1.0,,6,10,,,,,,,,,true,,,,,,,,,,,Salad:1;HotDrink:1,,,,,,,,,0.1,,items/food.txt,1747
Base.Rum,Base,Rum,fluid_container,Rum,Food,,base:normal,base:glass;base:glassbottle,fluid:Rum,2310.0,0.0,0.0,0.0,-20.0,-20.0,,,,,,,,,,,,,,-10,,0,0.0,0.0,0,,,,,,,,,,1.0,Rum,1.0,,items/normal.txt,6372
Base.RyeSeed,Base,RyeSeed,food,Rye Seeds,Gardening,,base:food,base:isseed,food_keys,,,,,-5.0,,,,,,,,,,,true,,,,,,,,,,,,,,,,,,,,,0.02,,items/food.txt,1931
Base.RyeSheaf,Base,RyeSheaf,food,Rye Sheaf,Food,,base:food,,food_keys,,,,,-5.0,,7,14,,,,,,,,true,,,,,,,,,,,,,,,,,,,,,1.0,,items/food.txt,423
Base.RyeSheafDried,Base,RyeSheafDried,food,Rye Sheaf (Dried),Food,,base:food,,food_keys,,,,,-5.0,,,,,,,,,,,true,,,,,,,,,,,,,,,,,,,,,1.0,,items/food.txt,437
Base.Sage,Base,Sage,food,Sage,Food,Herb,base:food,base:iscutting;base:isseed,food_keys,0.1,0.0,0.0,0.0,-1.0,,6,10,,,,,,,,,true,,,,,,,,,,,Omelette:1;Stir fry:1;Soup:1;Stew:1;Bread:1;Toast:1;Burger:1;Hotdog:1;Sandwich:1;Pasta:1,,,,,,,,,0.1,,items/food.txt,13909
Base.SageDried,Base,SageDried,food,Sage (Dried),Food,Herb,base:food,,food_keys,0.1,0.0,0.0,0.0,-5.0,,,,,,,,,,,,true,,,,,,,,,,,Omelette:1;Stir fry:1;Soup:1;Stew:1;Bread:1;Toast:1;Burger:1;Sandwich:1;Pasta:1,Sage,,,,,,,,0.1,,items/food.txt,13930
Base.Salad,Base,Salad,food,Salad,Food,,base:food,,food_keys,,,,,-60.0,,2,3,,,,,,,,,,,,,-5,,,,,,,,,,,Base.Bowl,,,,,0.5,,items/food.txt,6326
Base.SaladClay,Base,SaladClay,food,Salad,Food,,base:food,,food_keys,,,,,-60.0,,2,3,,,,,,,,,,,,,-5,,,,,,,,,,,Base.ClayBowl,,,,,0.5,,items/food.txt,6343
Base.Salami,Base,Salami,food,Salami,Food,Sausage,base:food,,food_keys,330.0,2.0,26.0,22.0,-20.0,,10,15,,,,,,,,,,,,,,,,,,,,,,,,,,,,,0.1,,items/food.txt,9349
Base.SalamiSlice,Base,SalamiSlice,food,Salami Slices,Food,Sausage,base:food,base:hideuncooked,food_keys,66.0,0.4,5.2,4.4,-4.0,,10,15,,true,5,20,,,,,,true,,,,,,,,,,Pizza:4;Stew:4;Stir fry:4;Sandwich:4;Pasta:4;Rice:4;Burger:4,Salami,,,,,,,,0.02,,items/food.txt,9368
Base.Salmon,Base,Salmon,food,Salmon,Food,Fish,base:food,base:fishmeat;base:uncutfish,food_keys,270.0,0.0,10.55,34.28,-30.0,,2,4,,true,20,60,true,,,,,,,,,,,,,,,Pizza:15;Soup:15;Stew:15;Pie:15;Stir fry:15;Sandwich:5|Cooked;Salad:10|Cooked;Rice:15;Pasta:15;Taco:5|Cooked;Burrito:10|Cooked,,,,,,,,,0.3,,items/food.txt,6935
Base.Salt,Base,Salt,food,Salt,Food,NoExplicit,base:food,base:minoringredient;base:salt,food_keys,,,,,-10.0,20.0,,,true,,,,,,,,true,,,20,,,,,,,,Pizza:1;Soup:1;Stew:1;Pie:1;Stir fry:1;Burger:1;Hotdog:1;Salad:1;Rice:1;Pasta:1;Sandwich:1;Taco:1;Burrito:1,,,,,,,,,0.2,,items/food.txt,13488
Base.Sandbag,Base,Sandbag,drainable,Sack of Sand,Material,,base:drainable,,food_keys,,,,,,,,,,,,,,,,,,,,,,,,,,,,,,,,,,,,,2.0,Base.EmptySandbag,items/drainable.txt,364
Base.Sandwich,Base,Sandwich,food,Sandwich,Food,,base:food,base:hideuncooked;base:grilled,food_keys,360.0,42.0,8.5,5.8,-10.0,,3,6,,true,5,20,,,,,,,,,,,,,,,,,,,,,,,,,0.2,,items/food.txt,6360
Base.Saucepan,Base,Saucepan,fluid_container,Saucepan,CookingWeapon,,base:weapon,base:cookable;base:hasmetal;base:nomaintenancexp;base:smeltablesteelsmall,food_keys,,,,,,,,,,true,,,,,,,,,,,,,,,,,,,,,,,,,0.6,,0.7,,items/weapon.txt,4471
Base.SaucepanCopper,Base,SaucepanCopper,fluid_container,Copper Saucepan,CookingWeapon,,base:weapon,base:cookable;base:hasmetal;base:nomaintenancexp;base:scraplargecopper,food_keys,,,,,,,,,,true,,,,,,,,,,,,,,,,,,,,,,,,,0.6,,0.7,,items/weapon.txt,4529
Base.Sauger,Base,Sauger,food,Sauger,Food,,base:food,base:fishmeat;base:uncutfish,food_keys,159.0,1.0,1.0,35.0,-15.0,,4,8,,true,20,60,true,,,,,true,true,20,,,,,,,,,,,,,,,,,0.4,,items/food.txt,7230
Base.Sausage,Base,Sausage,food,Sausage,Food,Sausage,base:food,,food_keys,180.0,0.0,4.35,15.62,-20.0,,2,4,,true,50,70,true,,,,,true,true,,,,,,,,,Pizza:20;Stew:20;Stir fry:20;Burger:10|Cooked;Pasta:20;Rice:20;Taco:5|Cooked;Burrito:10|Cooked;Sandwich:5|Cooked,,,,,,,,,0.1,,items/food.txt,9394
Base.SawflyLarva,Base,SawflyLarva,food,Caterpillar,Food,Insect,base:food,base:nocookingxp,food_keys,27.0,3.0,20.24,27.55,-1.0,,14,21,,true,5,25,,,,,,,,20,,,,,,,,AddBaitToChum:1,,,,,,,,,0.1,,items/food.txt,8446
Base.Scotch,Base,Scotch,fluid_container,Scotch,Food,,base:normal,base:glass;base:glassbottle,fluid:Scotch,2270.0,0.0,0.0,0.0,-20.0,-20.0,,,,,,,,,,,,,,-10,,0,0.0,0.0,0,,,,,,,,,,1.0,Scotch,1.0,,items/normal.txt,6399
Base.ScoutCookies,Base,ScoutCookies,food,Scout Cookies,Food,,base:food,,food_keys,1200.0,290.0,13.0,26.0,-20.0,,,,,,,,,true,,,,,,,,,,,,,,,,,,,,,,,0.2,,items/food.txt,3540
Base.SeasoningSalt,Base,SeasoningSalt,food,Seasoning Salt,Food,NoExplicit,base:food,base:minoringredient;base:driedfood,food_keys,,,,,-10.0,20.0,,,true,,,,,,,,true,,,20,,,,,,,,Pizza:1;Soup:1;Stew:1;Pie:1;Stir fry:1;Burger:1;Salad:1;Rice:1;Pasta:1;Sandwich:1;Taco:1;Burrito:1,,,,,,,,,0.2,,items/food.txt,11847
Base.Seasoning_Basil,Base,Seasoning_Basil,food,Basil (Dried),Food,Herb,base:food,base:driedfood,food_keys,0.4,0.0,0.0,0.0,-20.0,,,,,,,,,,,,true,,,10,,,,,,,,Stir fry:1;Pizza:1;Omelette:1;Pasta:1;RicePan:1;Rice:1;Sandwich:1;Salad:1;Soup:1;Stew:1;Bread:1;Burger:1,Basil,,,,,,,,0.2,,items/food.txt,11647
Base.Seasoning_Chives,Base,Seasoning_Chives,food,Chives (Dried),Food,Herb,base:food,base:driedfood,food_keys,0.4,0.0,0.0,0.0,-20.0,,,,,,,,,,,,true,,,10,,,,,,,,Stir fry:1;Pizza:1;Omelette:1;Pasta:1;Salad:1;Sandwich:1;Soup:1;Stew:1;Bread:1;Toast:1;Burger:1,Chives,,,,,,,,0.2,,items/food.txt,11667
Base.Seasoning_Cilantro,Base,Seasoning_Cilantro,food,Cilantro (Dried),Food,Herb,base:food,base:driedfood,food_keys,0.4,0.0,0.0,0.0,-20.0,,,,,,,,,,,,true,,,10,,,,,,,,Stir fry:1;Pizza:1;Omelette:1;Burrito:1;Salad:1;Sandwich:1;Soup:1;Stew:1;Taco:1;Burger:1,Cilantro,,,,,,,,0.2,,items/food.txt,11687
Base.Seasoning_Oregano,Base,Seasoning_Oregano,food,Oregano (Dried),Food,Herb,base:food,base:driedfood,food_keys,0.4,0.0,0.0,0.0,-20.0,,,,,,,,,,,,true,,,10,,,,,,,,Stir fry:1;Pizza:1;Omelette:1;Pasta:1;Salad:1;Soup:1;Stew:1;Bread:1;Toast:1;Burger:1;Burrito:1;Taco:1,Oregano,,,,,,,,0.2,,items/food.txt,11707
Base.Seasoning_Parsley,Base,Seasoning_Parsley,food,Parsley (Dried),Food,Herb,base:food,base:driedfood,food_keys,0.4,0.0,0.0,0.0,-20.0,,,,,,,,,,,,true,,,10,,,,,,,,Stir fry:1;Pizza:1;Omelette:1;Pasta:1;Rice:1;Salad:1;Sandwich:1;Stew:1;Soup:1;Bread:1;Toast:1;Burger:1;Burrito:1;Taco:1,Parsley,,,,,,,,0.2,,items/food.txt,11727
Base.Seasoning_Rosemary,Base,Seasoning_Rosemary,food,Rosemary (Dried),Food,Herb,base:food,base:driedfood,food_keys,0.4,0.0,0.0,0.0,-20.0,,,,,,,,,,,,true,,,10,,,,,,,,Omelette:1;Stir fry:1;Soup:1;Stew:1;Bread:1;Toast:1;Burger:1;Sandwich:1;Pasta:1,Rosemary,,,,,,,,0.2,,items/food.txt,11747
Base.Seasoning_Sage,Base,Seasoning_Sage,food,Sage (Dried),Food,Herb,base:food,base:driedfood,food_keys,0.4,0.0,0.0,0.0,-20.0,,,,,,,,,,,,true,,,10,,,,,,,,Omelette:1;Stir fry:1;Soup:1;Stew:1;Bread:1;Toast:1;Burger:1;Sandwich:1;Pasta:1,Sage,,,,,,,,0.2,,items/food.txt,11767
Base.Seasoning_Thyme,Base,Seasoning_Thyme,food,Thyme (Dried),Food,Herb,base:food,base:driedfood,food_keys,0.4,0.0,0.0,0.0,-20.0,,,,,,,,,,,,true,,,10,,,,,,,,Omelette:1;Stir fry:1;Soup:1;Stew:1;Bread:1;Toast:1;Burger:1;Sandwich:1;Pasta:1,Thyme,,,,,,,,0.2,,items/food.txt,11787
Base.Seaweed,Base,Seaweed,food,Seaweed,Food,NoExplicit,base:food,,food_keys,3.0,0.0,0.0,0.0,-3.0,,,,true,,,,,,,,true,,,,,,,,,,,Soup:3,,,,,,,,,0.2,,items/food.txt,5215
Base.SeedPaste,Base,SeedPaste,food,Seed Paste,Tool,,base:food,,food_keys,2120.0,0.0,130.0,0.0,-30.0,,3,5,,,,,,,,,,,,50,,,,,,,,,,,,,,,,,0.2,,items/food.txt,450
Base.SeedPasteBowl,Base,SeedPasteBowl,food,Bowl with Seed Paste,Tool,,base:food,,food_keys,2120.0,0.0,130.0,0.0,-30.0,,3,5,,,,,,,,,,,,50,,,,,,,,,,,,Base.Bowl,,,,,0.3,,items/food.txt,467
Base.SesameOil,Base,SesameOil,food,Sesame Oil,Food,,base:food,base:minoringredient;base:driedfood,food_keys,120.0,0.0,14.0,0.0,-10.0,40.0,,,true,,,,,true,,,true,,,50,,,,,,,,Sandwich:2;Burger:2;Rice:2;Pasta:2;Stir fry:2;Salad:2,,,,,,,,,0.2,,items/food.txt,11866
Base.SheepElectricShears,Base,SheepElectricShears,drainable,Shears - Electric,Tool,,base:drainable,base:hasmetal;base:miscelectronic;base:showcondition;base:shear;base:farmingloot;base:usesbattery,food_keys,,,,,,,,,,,,,,,,,,,,,,,,,,,,,,,,,,,,,0.3,,items/drainable.txt,246
Base.Sheep_Ewe_Head_Black,Base,Sheep_Ewe_Head_Black,food,Ewe Head,AnimalPart,,base:food,base:animalhead,food_keys,,,,,,,5,7,,,,,,,,,,,,,,,,,,,,,,,,,,,,,1.3,,items/food.txt,816
Base.Sheep_Ewe_Head_White,Base,Sheep_Ewe_Head_White,food,Ewe Head,AnimalPart,,base:food,base:animalhead,food_keys,,,,,,,5,7,,,,,,,,,,,,,,,,,,,,,,,,,,,,,1.3,,items/food.txt,780
Base.Sheep_Lamb_Head_Black,Base,Sheep_Lamb_Head_Black,food,Lamb Head,AnimalPart,,base:food,base:animalhead,food_keys,,,,,,,5,7,,,,,,,,,,,,,,,,,,,,,,,,,,,,,0.8,,items/food.txt,840
Base.Sheep_Lamb_Head_White,Base,Sheep_Lamb_Head_White,food,Lamb Head,AnimalPart,,base:food,base:animalhead,food_keys,,,,,,,5,7,,,,,,,,,,,,,,,,,,,,,,,,,,,,,0.8,,items/food.txt,804
Base.Sheep_Ram_Head_Black,Base,Sheep_Ram_Head_Black,food,Ram Head,AnimalPart,,base:food,base:animalhead,food_keys,,,,,,,5,7,,,,,,,,,,,,,,,,,,,,,,,,,,,,,1.3,,items/food.txt,828
Base.Sheep_Ram_Head_White,Base,Sheep_Ram_Head_White,food,Ram Head,AnimalPart,,base:food,base:animalhead,food_keys,,,,,,,5,7,,,,,,,,,,,,,,,,,,,,,,,,,,,,,1.3,,items/food.txt,792
Base.Sherry,Base,Sherry,fluid_container,Sherry,Food,,base:normal,base:glass;base:glassbottle,fluid:Sherry,1520.0,69.0,0.0,0.0,-20.0,-20.0,,,,,,,,,,,,,,-10,,0,0.0,0.0,0,,,,,,,,,,1.0,Sherry,1.0,,items/normal.txt,6425
Base.Shrimp,Base,Shrimp,food,Shrimp,Food,Seafood,base:food,,food_keys,80.0,0.0,7.0,10.0,-10.0,,2,4,,true,10,60,true,,,,,true,,,,,,,,,,Pizza:10;Soup:10;Stew:10;Pie:10;Stir fry:10;Sandwich:10|Cooked;Burger:10|Cooked;Salad:10|Cooked;Rice:10;Pasta:10;Burrito:10|Cooked;Taco:5|Cooked;AddBaitToChum:10,,,,,,,,,0.1,,items/food.txt,6961
Base.ShrimpDumpling,Base,ShrimpDumpling,food,Shrimp Dumpling,Food,Seafood,base:food,,food_keys,120.0,5.0,7.0,15.0,-15.0,,2,4,,,10,,,,,,,true,,,,,,,,,,Soup:15;Stew:15,,,,,,,,,0.1,,items/food.txt,10676
Base.ShrimpFried,Base,ShrimpFried,food,Fried Shrimp,Food,Seafood,base:food,,food_keys,160.0,17.0,14.0,16.0,-15.0,,2,4,,,,,,,,,,,,,,,,,,,,Sandwich:15;Salad:15;Rice:15;Pasta:15;Stir fry:15;Burrito:15;Taco:5,,,,,,,,,0.1,,items/food.txt,10698
Base.ShrimpFriedCraft,Base,ShrimpFriedCraft,food,Fried Shrimp,Food,Seafood,base:food,,food_keys,160.0,17.0,14.0,16.0,-15.0,,2,4,,true,10,30,,,,,,true,true,,,,,,,,,Sandwich:15|Cooked;Salad:15|Cooked;Rice:15;Pasta:15;Stir fry:15;Burrito:15|Cooked;Taco:5|Cooked,,,,,,,,,0.1,,items/food.txt,11067
Base.SilkMothCaterpillar,Base,SilkMothCaterpillar,food,Caterpillar,Food,Insect,base:food,base:nocookingxp,food_keys,27.0,3.0,20.24,27.55,-1.0,,14,21,,true,5,25,,,,,,,,20,,,,,,,,AddBaitToChum:1,,,,,,,,,0.1,,items/food.txt,8472
Base.SilverCup,Base,SilverCup,fluid_container,Silver Cup,Cooking,,base:normal,base:coffeemaker;base:hasmetal;base:silverscrap,food_keys,,,,,,,,,,,,,,,,,,,,,,,,,,,,,,,,,,,0.5,,0.5,,items/normal.txt,14445
Base.SimpleSyrup,Base,SimpleSyrup,fluid_container,Bottle,Food,,base:normal,,fluid:SimpleSyrup,0.0,0.0,0.0,0.0,-10.0,-30.0,,,,,,,,true,,,,,,-50,,-20,0.0,,,,,,,,,,,,1.0,SimpleSyrup,0.1,,items/normal.txt,14249
Base.Slug,Base,Slug,food,Slug,Food,Insect,base:food,base:nocookingxp,food_keys,90.0,2.11,1.9,17.41,-1.0,,4,8,,true,5,25,true,,,,,,,20,,,,,,,,AddBaitToChum:1,,,,,,,,,0.1,,items/food.txt,8498
Base.Slug2,Base,Slug2,food,Slug,Food,Insect,base:food,base:nocookingxp,food_keys,90.0,2.11,1.9,17.41,-1.0,,4,8,,true,5,25,true,,,,,,,20,,,,,,,,AddBaitToChum:1,,,,,,,,,0.1,,items/food.txt,8525
Base.SlugRepellent,Base,SlugRepellent,drainable,Slug Repellent,Gardening,,base:drainable,,food_keys,,,,,,,,,,,,,,,,,,,,,,,,,,,,,,,,,,,,,1.0,,items/drainable.txt,688
Base.Smallanimalmeat,Base,Smallanimalmeat,food,Rodent Meat,Food,Game,base:food,,food_keys,201.0,5.0,7.25,45.0,-15.0,,2,4,,true,20,70,true,,,,,true,true,,,,,,,,,Soup:15;Stew:15;Pie:15;Stir fry:15;Sandwich:5|Cooked;Burger:10|Cooked;Salad:10|Cooked;Rice:15;Pasta:15;AddBaitToChum:15,,,,,,,,,0.3,,items/food.txt,10161
Base.Smallbirdmeat,Base,Smallbirdmeat,food,Small Bird Meat,Food,Game,base:food,,food_keys,261.0,5.0,8.25,90.0,-15.0,,2,4,,true,20,70,true,,,,,true,true,,,,,,,,,Soup:15;Stew:15;Pie:15;Stir fry:15;Sandwich:5|Cooked;Burger:10|Cooked;Salad:10|Cooked;Rice:15;Pasta:15;AddBaitToChum:15,,,,,,,,,0.3,,items/food.txt,10189
Base.SmallmouthBass,Base,SmallmouthBass,food,Smallmouth Bass,Food,,base:food,base:fishmeat;base:uncutfish,food_keys,159.0,1.0,1.0,35.0,-15.0,,4,8,,true,20,60,true,,,,,true,true,20,,,,,,,,,,,,,,,,,0.4,,items/food.txt,7110
Base.SmokingPipe_Tobacco,Base,SmokingPipe_Tobacco,food,Smoking Pipe with Tobacco,Junk,,base:food,,food_keys,,,,,0.0,,,,true,,,,,,,,,,,,,-15,,,21,,,,,,,Base.SmokingPipe,,RecipeCodeOnEat.consumeNicotine,,,0.3,,items/food.txt,15371
Base.Smore,Base,Smore,food,Smore,Food,,base:food,base:toastable;base:hideuncooked,food_keys,200.0,33.0,10.0,3.0,-10.0,,10,15,,true,5,10,,,,,,,,-10,,,,,,,,,,,,,,,,,0.1,,items/food.txt,10717
Base.Snail,Base,Snail,food,Snail,Food,Insect,base:food,base:nocookingxp,food_keys,90.0,2.11,1.9,17.41,-1.0,,4,8,,true,5,25,true,,,,,,,20,,,,,,,,AddBaitToChum:1;Stir fry:1,,,,,,,,,0.1,,items/food.txt,8552
Base.SnoGlobes,Base,SnoGlobes,food,Sno Globes,Food,,base:food,,food_keys,200.0,30.0,8.0,1.8,-10.0,,,,,,,,,,,,,,,-10,,,,,,,,,,,,,,,,,0.2,,items/food.txt,12972
Base.Soap2,Base,Soap2,drainable,Soap,Household,,base:drainable,,food_keys,,,,,,,,,,,,,,,,,,,,,,,,,,,,,,,,,,,,,0.2,,items/drainable.txt,303
Base.SodaCan,Base,SodaCan,fluid_container,Can of Soda,Food,,base:normal,base:cookable;base:hasmetal;base:sealedbeveragecan,fluid:SodaBlueberry,400.0,104.0,0.0,0.0,-12.0,-30.0,,,,,,,,,,,,,,-10,,0,-2.0,0.0,0,,,,,,,,,,0.3,SodaBlueberry;SodaBubblegum;SodaPop;SodaLime;SodaGrape;SodaPineapple;SodaStrewberry,0.3,,items/normal.txt,7161
Base.SoupBowl,Base,SoupBowl,food,Bowl of Soup,Food,,base:food,base:dontinheritcondition,food_keys,124.0,15.0,4.7,6.3,-15.0,-15.0,1,3,,true,15,25,,,,,,,,-20,,,,,,,,,,,,Base.Bowl,,,,,1.0,,items/food.txt,11093
Base.SoupBowlClay,Base,SoupBowlClay,food,Bowl of Soup,Food,,base:food,base:dontinheritcondition,food_keys,124.0,15.0,4.7,6.3,-15.0,-15.0,1,3,,true,15,25,,,,,,,,-20,,,,,,,,,,,,Base.ClayBowl,,,,,1.0,,items/food.txt,11122
Base.SourCream,Base,SourCream,food,Sour Cream,Food,NoExplicit,base:food,,food_keys,420.0,370.0,14.0,2.0,-16.0,,3,5,true,,,,,true,,,true,,,,,,,,,,,Sandwich:2;Burger:2;Rice:2;Pasta:2;Taco:2;Burrito:2,,,,,,,,,0.2,,items/food.txt,4597
Base.Soybeans,Base,Soybeans,food,Soybeans,Food,Bean,base:food,base:isseed,food_keys,25.0,10.45,0.45,3.95,-5.0,,3,5,,,,,,,,,,,,,,,,,,,,Soup:5;Stew:5;Stir fry Griddle Pan:5;Stir fry:5;Roasted Vegetables:5;RicePot:5;RicePan:5,,,,,,,,,0.1,,items/food.txt,14738
Base.SoybeansSeed,Base,SoybeansSeed,food,Soybeans (Dried),Food,Bean,base:food,base:driedfood;base:isseed,food_keys,5.0,2.0,0.1,0.8,-1.0,,,,,,,,,,,true,,,,,,,,,,,,Soup:5;Stew:5;Stir fry:5;Rice:5,,,,,,,,,0.02,,items/food.txt,1965
Base.Soysauce,Base,Soysauce,food,Soy Sauce,Food,NoExplicit,base:food,,food_keys,20.0,0.0,0.0,0.0,-10.0,40.0,,,true,,,,,true,,,true,,,50,,,,,,,,Sandwich:2;Burger:2;Rice:2;Pasta:2;Stir fry:2;Salad:2,,,,,,,,,0.2,,items/food.txt,13403
Base.Spinach,Base,Spinach,food,Spinach,Food,Vegetables,base:food,base:hideuncooked,food_keys,24.0,3.0,0.0,4.0,-5.0,,4,6,,true,10,30,,,,,,true,,,,,,,,,,Soup:10;Stew:10;Salad:5,,,,,,,,,0.1,,items/food.txt,14757
Base.Sportsbottle,Base,Sportsbottle,fluid_container,Sports Bottle,WaterContainer,,base:normal,,fluid:Water,,,,,,-50.0,,,,,,,,,,,,,,,,,,,,,,,,,,,,,1.0,Water,0.1,,items/normal.txt,14328
Base.SpottedBass,Base,SpottedBass,food,Spotted Bass,Food,,base:food,base:fishmeat;base:uncutfish,food_keys,159.0,1.0,1.0,35.0,-15.0,,4,8,,true,20,60,true,,,,,true,true,20,,,,,,,,,,,,,,,,,0.4,,items/food.txt,7140
Base.SprayPaint,Base,SprayPaint,drainable,Spray Paint,Paint,,base:drainable,,food_keys,,,,,,,,,,,,,,,,,,,,,,,,,,,,,,,,,,,,,1.0,,items/drainable.txt,2058
Base.Springroll,Base,Springroll,food,Spring Roll,Food,,base:food,,food_keys,180.0,22.0,17.0,9.0,-20.0,,2,4,,,,,,,,,,,,,,,,,,,,,,,,,,,,,0.1,,items/food.txt,10740
Base.Squash,Base,Squash,food,Squash,Food,NoExplicit,base:food,,food_keys,202.0,10.22,10.3,17.26,-20.0,,14,28,,true,30,60,,,,,,true,,10,,,,,,,,Stir fry:20;Soup:20;Stew:20;Salad:10|Cooked,,,,,,,,,0.5,,items/food.txt,14782
Base.Squid,Base,Squid,food,Squid,Food,Seafood,base:food,,food_keys,205.0,1.0,13.0,32.52,-30.0,,2,4,,,,,,,,,,,,,,,,,,,,Pizza:15;Soup:15;Stew:15;Pie:15;Stir fry:15;Sandwich:5|Cooked;Burger:10|Cooked;Salad:10|Cooked;Rice:15;Pasta:15;Taco:5|Cooked;Burrito:10|Cooked,,,,,,,,,0.2,,items/food.txt,6988
Base.SquidCalamari,Base,SquidCalamari,food,Squid Calamari,Food,Seafood,base:food,,food_keys,105.0,3.0,0.0,18.0,-10.0,,2,4,,true,10,20,,,,,,,,,,,,,,,,Pizza:10;Soup:10;Stew:10;Pie:10;Stir fry:10;Sandwich:5|Cooked;Burger:10|Cooked;Salad:10|Cooked;Rice:10;Pasta:10;Taco:5|Cooked;Burrito:10|Cooked,,,,,,,,,0.1,,items/food.txt,7007
Base.Staples,Base,Staples,drainable,Staples,Junk,,base:drainable,base:hasmetal;base:hideremaining,food_keys,,,,,,,,,,,,,,,,,,,,,,,,,,,,,,,,,,,,,0.1,,items/drainable.txt,1777
Base.Steak,Base,Steak,food,Steak,Food,Beef,base:food,,food_keys,220.0,0.0,9.35,31.62,-40.0,,2,4,,true,50,70,true,,,,,true,true,,,,,,,,,Pizza:20;Stew:20;Stir fry:20;Sandwich:5|Cooked;Salad:10|Cooked;Pasta:20;Rice:20;Taco:5|Cooked;Burrito:10|Cooked;AddBaitToChum:20,,,,,,,,,0.3,,items/food.txt,9774
Base.SteelWool,Base,SteelWool,drainable,Steel Wool,Tool,,base:drainable,base:hasmetal;base:isfiretinder,food_keys,,,,,,,,,,,,,,,,,,,,,,,,,,,,,,,,,,,,,0.3,,items/drainable.txt,2308
Base.StewBowl,Base,StewBowl,food,Bowl of Stew,Food,,base:food,base:dontinheritcondition,food_keys,250.0,34.0,3.0,23.0,-15.0,,2,4,,true,15,25,,,,,,,true,-20,,,,,,,,,,,,Base.Bowl,,,,,1.0,,items/food.txt,11151
Base.StewBowlClay,Base,StewBowlClay,food,Bowl of Stew,Food,,base:food,base:dontinheritcondition,food_keys,250.0,34.0,3.0,23.0,-15.0,,2,4,,true,15,25,,,,,,,true,-20,,,,,,,,,,,,Base.ClayBowl,,,,,1.0,,items/food.txt,11180
Base.Strewberrie,Base,Strewberrie,food,Strawberries,Food,Berry,base:food,,food_keys,4.0,0.92,0.04,0.08,-5.0,-1.0,2,5,,,,,,,,,,,,-10,,,,,,,,Cake:5;FruitSalad:5;Pancakes:5;ConeIcecream:5;Oatmeal:5;PieSweet:5;Salad:5;HotDrink:5,Strawberry,,,,,,,,0.1,,items/food.txt,69
Base.StripedBass,Base,StripedBass,food,Striped Bass,Food,,base:food,base:fishmeat;base:uncutfish,food_keys,159.0,1.0,1.0,35.0,-15.0,,4,8,,true,20,60,true,,,,,true,true,20,,,,,,,,,,,,,,,,,0.4,,items/food.txt,7170
Base.Sugar,Base,Sugar,food,White Sugar,Food,Sugar,base:food,base:sugar,food_keys,387.0,100.0,0.0,0.0,-30.0,,,,,,,,,,,,true,,,,,,,,,,,HotDrink:1;Toast:1;Oatmeal:1,,,,,,,,,0.6,,items/food.txt,5234
Base.SugarBeet,Base,SugarBeet,food,Sugar Beet,Food,Vegetables,base:food,base:hideuncooked,food_keys,24.0,3.0,0.0,4.0,-9.0,-4.0,4,6,,true,10,30,,,,,,,,10,,,,,,,,,,,,,,,,,0.2,,items/food.txt,14809
Base.SugarBeetPulpPot,Base,SugarBeetPulpPot,food,Rice,Food,,base:food,base:hasmetal,food_keys,216.0,27.0,0.0,36.0,-45.0,,3,6,,true,120,150,,,,,,,,30,,,,,,,,,,,,Base.Pot,,,,,3.0,,items/food.txt,548
Base.SugarBeetSugarPot,Base,SugarBeetSugarPot,food,Rice,Food,,base:food,base:hasmetal;base:sugar,food_keys,387.0,100.0,0.0,0.0,-30.0,,,,,,,,,,,,,,,,,,,,,,,,,,,Base.Pot,,,,,3.0,,items/food.txt,602
Base.SugarBeetSyrupPot,Base,SugarBeetSyrupPot,food,Rice,Food,,base:food,base:hasmetal,food_keys,387.0,100.0,0.0,0.0,-30.0,,1,2,,,,,,,,,,,,30,,,,,,,,,,,Base.SugarBeetSugarPot,Base.Pot,,,,,3.0,,items/food.txt,576
Base.SugarBrown,Base,SugarBrown,food,Brown Sugar,Food,Sugar,base:food,base:sugar,food_keys,337.0,90.0,0.0,0.0,-30.0,,,,,,,,,,,,true,,,,,,,,,,,HotDrink:1;Toast:1;Oatmeal:1,,,,,,,,,0.6,,items/food.txt,5257
Base.SugarCubes,Base,SugarCubes,food,Sugar Cubes,Food,Sugar,base:food,base:sugar,food_keys,44.0,12.0,0.0,0.0,-4.0,,,,,,,,,true,,,true,,,,,,,,,,,HotDrink:1;Toast:1;Oatmeal:1,Sugar,,,,,,,,0.02,,items/food.txt,5279
Base.SugarPacket,Base,SugarPacket,food,Sugar Packet,Food,Sugar,base:food,base:sugar,food_keys,11.0,3.0,0.0,0.0,-1.0,,,,,,,,,true,,,true,,,,,,,,,,,HotDrink:1;Toast:1;Oatmeal:1,Sugar,,,,,,,,0.005,,items/food.txt,5300
Base.SunflowerHead,Base,SunflowerHead,food,Sunflower Head,Gardening,,base:food,,food_keys,,,,,,,10,13,,,,,,,,true,,,,,,,,,,,,,,,,,,,,,0.2,,items/food.txt,485
Base.SunflowerHeadDried,Base,SunflowerHeadDried,food,Sunflower Head (Dried),Gardening,,base:food,,food_keys,,,,,,,,,,,,,,,,true,,,,,,,,,,,,,,,,,,,,,0.2,,items/food.txt,498
Base.SunflowerSeeds,Base,SunflowerSeeds,food,Sunflower Seeds,Food,Seed,base:food,base:isseed,food_keys,355.0,0.0,22.5,0.0,-5.0,,,,true,,,,,,,,true,,,,,,,,,,,Salad:5;Bread:5;Muffin:5,Sunflower Seed,,,,,,,,0.1,,items/food.txt,12744
Base.SushiEgg,Base,SushiEgg,food,Egg Sushi,Food,,base:food,,food_keys,19.0,7.0,3.0,12.0,-8.0,,2,4,,,,,,,,,,,,-10,,,,,,,,,,,,,,,,,0.1,,items/food.txt,10757
Base.SushiFish,Base,SushiFish,food,Fish Sushi,Food,,base:food,,food_keys,19.0,5.0,0.0,10.0,-8.0,,2,4,,,,,,,,,,,,-10,,,,,,,,,,,,,,,,,0.1,,items/food.txt,10775
Base.SwallowtailCaterpillar,Base,SwallowtailCaterpillar,food,Caterpillar,Food,Insect,base:food,base:nocookingxp,food_keys,27.0,3.0,20.24,27.55,-1.0,,14,21,,true,5,25,,,,,,,,20,,,,,,1,,AddBaitToChum:1,,,,,,,,,0.1,,items/food.txt,8579
Base.SweetPotato,Base,SweetPotato,food,Sweet Potato,Food,Vegetables,base:food,base:isseed,food_keys,70.0,14.52,0.15,2.88,-18.0,-7.0,28,280,,true,30,60,,,,,,true,,10,,,,,,,,Soup:18;Stew:18;Pie:18;Stir fry:18;Salad:9|Cooked,,,,,,,,,0.2,,items/food.txt,14834
Base.TVDinner,Base,TVDinner,food,TV Dinner,Food,,base:food,,food_keys,670.0,81.0,25.0,30.0,-23.0,,3,5,,true,10,15,true,true,,,,true,true,20,,,,,,,,,,,,,,,,,0.4,,items/food.txt,5026
Base.Taco,Base,Taco,food,Taco,Food,,base:food,,food_keys,400.0,80.0,28.0,32.0,-25.0,,3,5,,,,,,,,,,,,-10,,,,,,,,,,,,,,,,,0.3,,items/food.txt,5605
Base.TacoRecipe,Base,TacoRecipe,food,Taco,Food,,base:food,,food_keys,55.0,8.4,3.0,0.8,-5.0,,15,20,,,,,,,,,,,,,,,,,,,,,,,,,,,,,0.1,,items/food.txt,6381
Base.TacoShell,Base,TacoShell,food,Taco Shell,Food,,base:food,,food_keys,55.0,8.4,3.0,0.8,-5.0,,15,20,,,,,,,,,,,,,,,,,,,,,,,,,,,,,0.1,,items/food.txt,5321
Base.Tadpole,Base,Tadpole,food,Tadpole,Food,,base:food,,food_keys,90.0,2.11,1.9,17.41,-1.0,,2,4,,true,5,25,true,,,,,,,20,,,,,,,,AddBaitToChum:2,,,,,,,,,0.1,,items/food.txt,7055
Base.TatoDots,Base,TatoDots,food,Tato Dots,Food,Vegetable,base:food,,food_keys,203.0,35.97,5.19,3.35,-10.0,,3,5,,true,20,40,,,,,,true,,-10,,,,,,,,Sandwich:5;Burger:10,Tato Dot,,,,,,,,0.2,,items/food.txt,11556
Base.Teabag2,Base,Teabag2,food,Tea Bag,Food,Tea,base:food,,food_keys,,,,,-5.0,10.0,,,,,,,,,,,,,,10,,,-15.0,,,,,HotDrink:5,Tea,,,,,,,,0.1,,items/food.txt,4769
Base.Teacup,Base,Teacup,fluid_container,Teacup,Cooking,,base:normal,base:cookablemicrowave,food_keys,,,,,,,,,,,,,,,,,,,,,,,,,,,,,,,,,,,0.1,,0.2,,items/normal.txt,3945
Base.Tequila,Base,Tequila,fluid_container,Tequila,Food,,base:normal,base:glass;base:glassbottle,fluid:Tequila,2100.0,0.0,0.0,0.0,-20.0,-20.0,,,,,,,,,,,,,,-10,,0,0.0,0.0,0,,,,,,,,,,1.0,Tequila,1.0,,items/normal.txt,6451
Base.Termites,Base,Termites,food,Termites,Food,Insect,base:food,base:nocookingxp,food_keys,2.5,0.0,0.5,0.5,-1.0,,14,21,,true,5,25,,,,,,,,20,,,,,,,,AddBaitToChum:1,,,,,,,,,0.01,,items/food.txt,8606
Base.TestDebugWater,Base,TestDebugWater,fluid_container,WaterSource,Tool,,base:normal,,fluid:Water,,,,,,-50.0,,,,,,,,,,,,,,,,,,,,,,,,,,,,,100.0,Water,0.1,,items/normal.txt,2594
Base.TestHotDrink,Base,TestHotDrink,food,Hot Drink,Food,,base:food,base:alcoholicbeverage;base:lowalcohol;base:herbaltea,food_keys,,,,,,-20.0,,,,true,10,50,,,,,,true,,-10,,,,,,,,,,,,Base.TestMug,,,,,0.5,,items/food.txt,25
Base.TestWaterMug,Base,TestWaterMug,drainable,Mug of Water,Water,,base:drainable,,food_keys,,,,,,,,,,true,,,,,,,,,,,,,,,,,,,,,,,,,,,0.8,Base.TestMug,items/drainable.txt,70
Base.Thistle,Base,Thistle,food,Thistles,Food,Herb,base:food,,food_keys,45.0,18.0,0.0,3.0,-4.0,,6,10,,,,,,,,,true,,,,,,,,,,,Salad:2;HotDrink:2;Soup:2,Thistle,,,,,,,,0.1,,items/food.txt,7896
Base.Thread,Base,Thread,drainable,Thread,Material,,base:drainable,base:thread,food_keys,,,,,,,,,,,,,,,,,,,,,,,,,,,,,,,,,,,,,0.1,,items/drainable.txt,2264
Base.Thread_Aramid,Base,Thread_Aramid,drainable,Aramid Thread,Material,,base:drainable,base:thread;base:heavythread,food_keys,,,,,,,,,,,,,,,,,,,,,,,,,,,,,,,,,,,,,0.2,,items/drainable.txt,2280
Base.Thread_Sinew,Base,Thread_Sinew,drainable,Sinew Thread,Material,,base:drainable,base:thread;base:heavythread,food_keys,,,,,,,,,,,,,,,,,,,,,,,,,,,,,,,,,,,,,0.2,,items/drainable.txt,2294
Base.Thyme,Base,Thyme,food,Thyme,Food,Herb,base:food,base:iscutting;base:isseed,food_keys,0.1,0.0,0.0,0.0,-1.0,,6,10,,,,,,,,,true,,,,,,,,,,,Omelette:1;Stir fry:1;Soup:1;Stew:1;Bread:1;Toast:1;Burger:1;Hotdog:1;Sandwich:1;Pasta:1,,,,,,,,,0.1,,items/food.txt,13948
Base.ThymeDried,Base,ThymeDried,food,Thyme (Dried),Food,Herb,base:food,,food_keys,0.1,0.0,0.0,0.0,-5.0,,,,,,,,,,,,true,,,,,,,,,,,Omelette:1;Stir fry:1;Soup:1;Stew:1;Bread:1;Toast:1;Burger:1;Sandwich:1;Pasta:1,Thyme,,,,,,,,0.1,,items/food.txt,13969
Base.TinCanEmpty,Base,TinCanEmpty,fluid_container,Tin Can,Junk,,base:normal,base:cookable;base:hasmetal;base:tincan;base:emptycan,food_keys,,,,,,,,,,,,,,,,,,,,,,,,,,,,,,,,,,,0.3,,0.2,,items/normal.txt,7582
Base.TinnedBeans,Base,TinnedBeans,food,Canned Beans,Food,,base:food,base:hasmetal,food_keys,170.0,33.0,1.0,7.0,,,,,,,,,,true,true,true,,,,,,,,,,,,,,,,,,,,,0.8,,items/food.txt,4381
Base.TinnedSoup,Base,TinnedSoup,food,Canned Vegetable Soup,Food,,base:food,base:hasmetal,food_keys,125.0,20.0,2.5,7.5,,,,,,,,,,true,true,true,,,,,,,,,,,,,,,,,,,,,0.8,,items/food.txt,4433
Base.TinnedSoupOpen,Base,TinnedSoupOpen,food,Canned Vegetable Soup (Open),Food,Vegetables,base:food,base:hasmetal;base:hideuncooked,food_keys,125.0,20.0,2.5,7.5,-25.0,-4.0,2,4,,true,10,30,,true,true,,,true,,,,,,,,,,Soup:25;Stew:25,Vegetable,,,Base.TinCanEmpty,,,,,0.8,,items/food.txt,4453
Base.Tissue,Base,Tissue,drainable,Tissue,FirstAid,,base:drainable,base:mufflesneeze;base:fitswallet;base:isfirefuel;base:isfirefuelsingleuse;base:isfiretinder,food_keys,,,,,,,,,,,,,,,,,,,,,,,,,,,,,,,,,,,,,0.1,,items/drainable.txt,1521
Base.TissueBox,Base,TissueBox,drainable,Box of Tissues,FirstAid,,base:drainable,base:isfirefuel,food_keys,,,,,,,,,,,,,,,,,,,,,,,,,,,,,,,,,,,,,1.0,,items/drainable.txt,1535
Base.Toast,Base,Toast,food,Toast,Food,,base:food,base:alreadycooked;base:hidecooked;base:fitstoaster,food_keys,177.0,33.0,2.22,5.9,-8.0,,3,6,,true,0,20,,,,,,,,,,,,,,,,,,,,,,,,,0.1,,items/food.txt,6400
Base.Tobacco,Base,Tobacco,food,Tobacco,Tool,,base:food,,food_keys,,,,,,,7,14,,,,,,,,true,,,,,,,,,,,,,,,,,,,,,0.2,,items/food.txt,509
Base.TobaccoChewing,Base,TobaccoChewing,drainable,Chewing Tobacco,Junk,,base:drainable,base:ignorezombiedensity;base:consumable;base:chewingtobacco;base:lessfull,food_keys,,,,,,,,,,,,,,,,,,,,,,-10,,,14,,,,,,,,,RecipeCodeOnEat.consumeNicotine,,,0.3,,items/drainable.txt,2135
Base.TobaccoLoose,Base,TobaccoLoose,drainable,Pouch of Tobacco,Junk,,base:drainable,base:ignorezombiedensity;base:tobacco;base:lessfull,food_keys,,,,,,,,,,,,,,,,,,,,,,,,,,,,,,,,,,,,,0.3,,items/drainable.txt,2123
Base.Tofu,Base,Tofu,food,Tofu,Food,Vegetables,base:food,base:hideuncooked,food_keys,30.0,1.0,1.0,5.0,-10.0,,6,14,,true,10,30,,true,,,,true,,,,,,,,,,Pizza:10;Soup:10;Stew:10;Stir fry:10;Burger:10;Salad:10;Rice:10;Pasta:10;Taco:5;Burrito:10,,,,,,,,,0.3,,items/food.txt,15185
Base.TofuFried,Base,TofuFried,food,Tofu (Fried),Food,Vegetables,base:food,,food_keys,35.0,3.0,1.0,5.0,-15.0,,6,14,,,,,,,,,,,,,,,,,,,,Soup:15;Stew:15;Stir fry:15;Burger:15;Salad:15;Rice:15;Pasta:15;Taco:5;Burrito:15;Sandwich:5,,,,,,,,,0.3,,items/food.txt,10793
Base.ToiletPaper,Base,ToiletPaper,drainable,Toilet Paper,Junk,,base:drainable,base:mufflesneeze;base:isfirefuel;base:isfirefuelsingleuse;base:isfiretinder,food_keys,,,,,,,,,,,,,,,,,,,,,,,,,,,,,,,,,,,,,0.5,,items/drainable.txt,1725
Base.Tomato,Base,Tomato,food,Tomato,Food,Vegetables,base:food,base:hideuncooked,food_keys,14.0,3.5,0.2,1.3,-12.0,-8.0,4,12,,true,10,30,,,,,,true,,,,,,,,,,Pizza:12;Omelette:6;Soup:12;Stew:12;Pie:12;Stir fry:12;Sandwich:6;Burger:6;Hotdog:6;Salad:6;Rice:12;Pasta:12;Taco:6;Burrito:6,,,,,,,,,0.2,,items/food.txt,91
Base.TomatoPaste,Base,TomatoPaste,food,Tomato Paste,Food,NoExplicit,base:food,base:pizzasauce,food_keys,120.0,32.0,8.0,0.0,-15.0,,,,true,,,,,true,,,true,,,20,,,,,,,,Pizza:3;Soup:3;Stew:3;Omelette:3;Rice:3;Pasta:3;Stir fry:3;Pie:3;Salad:3;Sandwich:3,Tomato,,,,,,,,0.2,,items/food.txt,13428
Base.Torch,Base,Torch,drainable,Flashlight - Heavy Duty,LightSource,,base:drainable,base:flashlight;base:flashlightpillar,food_keys,,,,,,,,,,,,,,,,,,,,,,,,,,,,,,,,,,,,,1.0,,items/drainable.txt,1058
Base.Tortilla,Base,Tortilla,food,Tortilla,Food,,base:food,,food_keys,40.0,0.0,2.0,2.0,-5.0,,3,5,,,,,,,,,,,,,,,,,,,,,,,,,,,,,0.1,,items/food.txt,10812
Base.TortillaChips,Base,TortillaChips,food,Tortilla Chips,Food,,base:food,,food_keys,420.0,42.0,40.0,2.5,-15.0,,,,true,,,,,true,,,,,,,,,,,,,,,,,,,,,,,0.2,,items/food.txt,12399
Base.TortillaChipsBaked,Base,TortillaChipsBaked,food,Tortilla Chips,Food,,base:food,base:toastable,food_keys,120.0,0.0,6.0,6.0,-15.0,,3,5,,true,5,10,,,,,,,,,,,,,,,,,,,,,,,,,0.2,,items/food.txt,13004
Base.TrophyBronze,Base,TrophyBronze,fluid_container,Trophy,Memento,,base:normal,base:ignorezombiedensity;base:hasmetal;base:ismemento;base:omitemptyfromname,food_keys,,,,,,,,,,,,,,,,,,,,,,,,,,,,,,,,,,,0.5,,3.0,,items/normal.txt,8394
Base.TrophyGold,Base,TrophyGold,fluid_container,Trophy,Memento,,base:normal,base:ignorezombiedensity;base:hasmetal;base:ismemento;base:omitemptyfromname,food_keys,,,,,,,,,,,,,,,,,,,,,,,,,,,,,,,,,,,0.5,,3.0,,items/normal.txt,8413
Base.TrophySilver,Base,TrophySilver,fluid_container,Trophy,Memento,,base:normal,base:ignorezombiedensity;base:hasmetal;base:ismemento;base:omitemptyfromname,food_keys,,,,,,,,,,,,,,,,,,,,,,,,,,,,,,,,,,,0.5,,3.0,,items/normal.txt,8432
Base.TunaTin,Base,TunaTin,food,Canned Tuna,Food,,base:food,base:hasmetal,food_keys,370.0,0.0,34.0,15.0,,,,,,,,,,true,true,true,,,,,,,,,,,,,,,,,,,,,0.3,,items/food.txt,4485
Base.TunaTinOpen,Base,TunaTinOpen,food,Canned Tuna (Open),Food,Fish,base:food,base:hasmetal,food_keys,370.0,0.0,34.0,15.0,-18.0,,2,4,,true,10,30,,true,true,,,true,,,,,,,,,,Omelette:9;Stew:18;Stir fry:18;Rice:18;Sandwich:9;Taco:9;Burrito:18,Tuna,,,Base.TinCanEmpty,,,,,0.3,,items/food.txt,4504
Base.TurkeyEgg,Base,TurkeyEgg,food,Turkey Egg,Food,Egg,base:food,base:egg,food_keys,71.0,0.37,4.54,5.78,-10.0,,14,21,false,true,4,20,true,,,,,,,,,,,,,,,Stir fry:10;Rice:10;Pasta:10;Sandwich:10|Cooked;Burger:10|Cooked;Salad:10|Cooked;Burrito:10|Cooked;Taco:5|Cooked;Soup:10;Stew:10,,,,,,,,,0.1,,items/food.txt,1040
Base.TurkeyFeather,Base,TurkeyFeather,food,Turkey Feather,AnimalPart,,base:food,base:feather,food_keys,,,,,,,,,,,,,,,,,,,,,,,,,,,,,,,,,,,,,0.001,,items/food.txt,994
Base.TurkeyFillet,Base,TurkeyFillet,food,Turkey Fillet,Food,Poultry,base:food,,food_keys,230.0,0.0,10.0,32.0,-50.0,,2,4,,true,30,60,true,,,,,true,,,,,,,,,,Pizza:20;Soup:20;Stew:20;Pie:20;Stir fry:20;Sandwich:20|Cooked;Burger:20|Cooked;Salad:20|Cooked;Rice:20;Pasta:20;Taco:10|Cooked;Burrito:10|Cooked,,,,,,,,,0.3,,items/food.txt,9582
Base.TurkeyLegs,Base,TurkeyLegs,food,Turkey Leg,Food,Poultry,base:food,,food_keys,230.0,0.0,9.0,38.0,-42.0,,2,4,,true,30,60,true,,,,,true,,,,,,,,,,Pizza:10;Soup:31;Stew:31;Pie:10;Stir fry:31;Sandwich:10|Cooked;Burger:10|Cooked;Salad:10|Cooked;Rice:31;Pasta:31;Taco:10|Cooked;Burrito:10|Cooked,,,,,,,,,0.3,,items/food.txt,9556
Base.TurkeyWhole,Base,TurkeyWhole,food,Turkey (Whole),Food,Poultry,base:food,,food_keys,1821.0,0.0,53.3,104.2,-224.0,,2,4,,true,30,60,true,,,,,true,,,,,,,,,,,,,,,,,,,1.3,,items/food.txt,10259
Base.TurkeyWings,Base,TurkeyWings,food,Turkey Wing,Food,Poultry,base:food,,food_keys,200.0,0.0,10.0,32.0,-30.0,,2,4,,true,30,60,true,,,,,true,,,,,,,,,,Pizza:25;Soup:25;Stew:25;Pie:25;Stir fry:25;Sandwich:25|Cooked;Burger:25|Cooked;Salad:25|Cooked;Rice:25;Pasta:25;Taco:12|Cooked;Burrito:12|Cooked,,,,,,,,,0.3,,items/food.txt,9608
Base.Turkey_Gobbler_Head,Base,Turkey_Gobbler_Head,food,Turkey Tom Head,AnimalPart,,base:food,base:animalhead,food_keys,,,,,,,5,7,,,,,,,,,,,,,,,,,,,,,,,,,,,,,1.0,,items/food.txt,1016
Base.Turkey_Hen_Head,Base,Turkey_Hen_Head,food,Turkey Head,AnimalPart,,base:food,base:animalhead,food_keys,,,,,,,5,7,,,,,,,,,,,,,,,,,,,,,,,,,,,,,1.0,,items/food.txt,1004
Base.Turkey_Poult_Head,Base,Turkey_Poult_Head,food,Turkey Poult Head,AnimalPart,,base:food,base:animalhead,food_keys,,,,,,,5,7,,,,,,,,,,,,,,,,,,,,,,,,,,,,,1.0,,items/food.txt,1028
Base.Turnip,Base,Turnip,food,Turnip,Food,Vegetables,base:food,,food_keys,70.0,14.52,0.15,2.88,-18.0,-7.0,28,280,,true,30,60,,,,,,true,,,,,,,,,,Soup:18;Stew:18;Pie:18;Stir fry:18;Salad:9,,,,,,,,,0.2,,items/food.txt,14862
Base.Twine,Base,Twine,drainable,Twine,Material,,base:drainable,base:fishingline;base:binding;base:twine;base:simpleweaponbinding,food_keys,,,,,,,,,,,,,,,,,,,,,,,,,,,,,,,,,,,,,0.5,,items/drainable.txt,1789
Base.Venison,Base,Venison,food,Venison,Food,Venison,base:food,,food_keys,440.0,0.0,18.7,62.62,-80.0,,2,4,,true,50,70,true,,,,,true,true,,,,,,,,,Pizza:20;Stew:20;Stir fry:20;Sandwich:5|Cooked;Salad:10|Cooked;Pasta:20;Rice:20;Taco:5|Cooked;Burrito:10|Cooked;AddBaitToChum:20,,,,,,,,,0.5,,items/food.txt,9718
Base.Vermouth,Base,Vermouth,fluid_container,Vermouth,Food,,base:normal,base:glass;base:glassbottle,fluid:Vermouth,1110.0,33.0,0.0,0.0,-20.0,-20.0,,,,,,,,,,,,,,-10,,0,0.0,0.0,0,,,,,,,,,,1.0,Vermouth,1.0,,items/normal.txt,6477
Base.Vinegar2,Base,Vinegar2,drainable,Vinegar,Food,Dressing,base:drainable,base:vinegar;base:minoringredient,food_keys,0.0,0.0,0.0,0.0,-10.0,,,,true,,,,,true,,,true,,,50,,,,,,,,Sandwich:1;Burger:1;Rice:1;Pasta:1;Stir fry:1;Salad:1;Taco:1;Burrito:1,,,,,,,,,0.2,,items/drainable.txt,869
Base.Vinegar_Jug,Base,Vinegar_Jug,drainable,Jug of Vinegar,Food,Dressing,base:drainable,base:vinegar;base:minoringredient,food_keys,0.0,0.0,0.0,0.0,-100.0,,,,true,,,,,true,,,true,,,500,,,,,,,,Sandwich:1;Burger:1;Rice:1;Pasta:1;Stir fry:1;Salad:1;Taco:1;Burrito:1,Vinegar,,,,,,,,2.0,,items/drainable.txt,894
Base.Violets,Base,Violets,food,Violets,Food,NoExplicit,base:food,,food_keys,27.0,7.0,0.0,1.0,-2.0,,6,10,,,,,,,,,true,,,,,,,,,,,Salad:2;HotDrink:2,Violet,,,,,,,,0.1,,items/food.txt,7917
Base.Vodka,Base,Vodka,fluid_container,Vodka,Food,,base:normal,base:glass;base:glassbottle,fluid:Vodka,2310.0,0.0,0.0,0.0,-20.0,-20.0,,,,,,,,,,,,,,-10,,0,0.0,0.0,0,,,,,,,,,,1.0,Vodka,1.0,,items/normal.txt,6503
Base.Waffles,Base,Waffles,food,Waffles,Food,,base:food,base:fitstoaster,food_keys,80.0,13.0,4.0,3.0,-15.0,,3,5,,,,,,,,,,,,-10,,,,,,,,,,,,,,,,,0.3,,items/food.txt,10829
Base.WafflesRecipe,Base,WafflesRecipe,food,Waffles,Food,,base:food,,food_keys,80.0,13.0,4.0,3.0,-15.0,,3,5,,,,,,,,,,,,-10,,,,,,,,,,,,,,,,,0.3,,items/food.txt,6423
Base.Walleye,Base,Walleye,food,Walleye,Food,,base:food,base:fishmeat;base:uncutfish,food_keys,159.0,1.0,1.0,35.0,-15.0,,4,8,,true,20,60,true,,,,,true,true,20,,,,,,,,,,,,,,,,,0.4,,items/food.txt,7200
Base.Wallpaper_BeigeStripe,Base,Wallpaper_BeigeStripe,drainable,Wallpaper - Beige Stripe,Material,,base:drainable,base:wallpaper,food_keys,,,,,,,,,,,,,,,,,,,,,,,,,,,,,,,,,,,,,10.0,,items/drainable.txt,575
Base.Wallpaper_BlackFloral,Base,Wallpaper_BlackFloral,drainable,Wallpaper - Black Floral,Material,,base:drainable,base:wallpaper,food_keys,,,,,,,,,,,,,,,,,,,,,,,,,,,,,,,,,,,,,10.0,,items/drainable.txt,589
Base.Wallpaper_BlueStripe,Base,Wallpaper_BlueStripe,drainable,Wallpaper - Blue Stripe,Material,,base:drainable,base:wallpaper,food_keys,,,,,,,,,,,,,,,,,,,,,,,,,,,,,,,,,,,,,10.0,,items/drainable.txt,603
Base.Wallpaper_GreenDiamond,Base,Wallpaper_GreenDiamond,drainable,Wallpaper - Green Diamond,Material,,base:drainable,base:wallpaper,food_keys,,,,,,,,,,,,,,,,,,,,,,,,,,,,,,,,,,,,,10.0,,items/drainable.txt,617
Base.Wallpaper_GreenFloral,Base,Wallpaper_GreenFloral,drainable,Wallpaper - Green Floral,Material,,base:drainable,base:wallpaper,food_keys,,,,,,,,,,,,,,,,,,,,,,,,,,,,,,,,,,,,,10.0,,items/drainable.txt,631
Base.Wallpaper_PinkChevron,Base,Wallpaper_PinkChevron,drainable,Wallpaper - Pink Chevron,Material,,base:drainable,base:wallpaper,food_keys,,,,,,,,,,,,,,,,,,,,,,,,,,,,,,,,,,,,,10.0,,items/drainable.txt,645
Base.Wallpaper_PinkFloral,Base,Wallpaper_PinkFloral,drainable,Wallpaper - Pink Floral,Material,,base:drainable,base:wallpaper,food_keys,,,,,,,,,,,,,,,,,,,,,,,,,,,,,,,,,,,,,10.0,,items/drainable.txt,659
Base.Wasabi,Base,Wasabi,food,Wasabi,Food,NoExplicit,base:food,,food_keys,,,,,-10.0,20.0,4,8,,,,,,,,,true,,,,,,,,,,,Soup:1;Stew:1;Pie:1;Stir fry:1;Burger:1;Salad:1;Rice:1;Pasta:1;Sandwich:1,,,,,,,,,0.2,,items/food.txt,13452
Base.WaterBottle,Base,WaterBottle,fluid_container,Water Bottle,Water,,base:normal,base:cookablemicrowave,fluid:Water,,,,,,-50.0,,,,,,,,,,,,,,,,,,,,,,,,,,,,,1.0,Water;CarbonatedWater,0.1,,items/normal.txt,13321
Base.WaterDish,Base,WaterDish,fluid_container,Water Dish,Animal,,base:normal,base:hasmetal,fluid:TaintedWater,,,,,,-50.0,,,,,,,,,,,,,,,,,,,,,,,,,,,,,0.3,TaintedWater,0.3,,items/normal.txt,9495
Base.WaterDispenserBottle,Base,WaterDispenserBottle,fluid_container,Dispenser Bottle,WaterContainer,,base:normal,,fluid:Water,,,,,,-50.0,,,,,,,,,,,,,,,,,,,,,,,,,,,,,15.0,Water,2.0,,items/normal.txt,14355
Base.WaterPotForgedPasta,Base,WaterPotForgedPasta,food,Cooking Pot with Pasta,Food,,base:food,base:hasmetal;base:canbedividedinbowls,food_keys,560.0,109.3,2.66,18.66,-10.0,,3,6,,true,20,50,,,,,,true,true,20,,,,,,,,,,,,Base.Pot,,,,,3.0,,items/food.txt,11239
Base.WaterPotForgedRice,Base,WaterPotForgedRice,food,Cooking Pot with Rice,Food,Rice,base:food,base:ricerecipe;base:hasmetal;base:canbedividedinbowls,food_keys,480.0,108.0,0.0,12.0,-10.0,,3,6,,true,20,50,,,,,,true,,20,,,,,,,,Soup:10;Stew:10;Burrito:10|Cooked,Rice,,,Base.PotForged,,,,,3.0,,items/food.txt,11301
Base.WaterPotPasta,Base,WaterPotPasta,food,Cooking Pot with Pasta,Food,,base:food,base:hasmetal;base:canbedividedinbowls,food_keys,560.0,109.3,2.66,18.66,-10.0,,3,6,,true,20,50,,,,,,true,true,20,,,,,,,,,,,,Base.Pot,,,,,3.0,,items/food.txt,11209
Base.WaterPotRice,Base,WaterPotRice,food,Cooking Pot with Rice,Food,Rice,base:food,base:ricerecipe;base:hasmetal;base:canbedividedinbowls,food_keys,480.0,108.0,0.0,12.0,-10.0,,3,6,,true,20,50,,,,,,true,,20,,,,,,,,Soup:10;Stew:10;Burrito:10|Cooked,Rice,,,Base.Pot,,,,,3.0,,items/food.txt,11269
Base.WaterPurificationTablets,Base,WaterPurificationTablets,drainable,Water Purification Tablets,Camping,,base:drainable,base:purifywater,food_keys,,,,,,,,,,,,,,,,,,,,,,,,,,,,,,,,,,,,,0.2,,items/drainable.txt,276
Base.WaterRationCan,Base,WaterRationCan,food,Water Ration Can,Food,,base:food,base:hasmetal,food_keys,,,,,,,,,,,,,,true,true,true,,,,,,,,,,,,,,,,,,,,,0.8,,items/food.txt,3579
Base.WaterRationCanEmpty,Base,WaterRationCanEmpty,fluid_container,Tin Can,Junk,,base:normal,base:cookable;base:hasmetal;base:tincan;base:emptycan,food_keys,,,,,,,,,,,,,,,,,,,,,,,,,,,,,,,,,,,0.3,,0.2,,items/normal.txt,7607
Base.WaterSaucepanPasta,Base,WaterSaucepanPasta,food,Saucepan with Pasta,Food,,base:food,base:hasmetal;base:canbedividedinbowls,food_keys,560.0,109.3,2.66,18.66,-10.0,,3,6,,true,20,50,,,,,,true,true,20,,,,,,,,,,,,Base.Saucepan,,,,,3.0,,items/food.txt,11333
Base.WaterSaucepanPastaCopper,Base,WaterSaucepanPastaCopper,food,Copper Saucepan with Pasta,Food,,base:food,base:hasmetal;base:canbedividedinbowls,food_keys,560.0,109.3,2.66,18.66,-10.0,,3,6,,true,20,50,,,,,,true,true,20,,,,,,,,,,,,Base.SaucepanCopper,,,,,3.0,,items/food.txt,11363
Base.WaterSaucepanRice,Base,WaterSaucepanRice,food,Saucepan with Rice,Food,Rice,base:food,base:ricerecipe;base:hasmetal;base:canbedividedinbowls,food_keys,480.0,108.0,0.0,12.0,-10.0,,3,6,,true,20,50,,,,,,true,,20,,,,,,,,Soup:10;Stew:10;Burrito:10|Cooked,Rice,,,Base.Saucepan,,,,,3.0,,items/food.txt,11393
Base.WaterSaucepanRiceCopper,Base,WaterSaucepanRiceCopper,food,Copper Saucepan with Rice,Food,Rice,base:food,base:ricerecipe;base:hasmetal;base:canbedividedinbowls,food_keys,480.0,108.0,0.0,12.0,-10.0,,3,6,,true,20,50,,,,,,true,,20,,,,,,,,Soup:10;Stew:10;Burrito:10|Cooked,Rice,,,Base.SaucepanCopper,,,,,3.0,,items/food.txt,11425
Base.WateredCan,Base,WateredCan,fluid_container,Watering Can,WaterContainer,,base:normal,,food_keys,,,,,,,,,,,,,,,,,,,,,,,,,,,,,,,,,,,8.0,,2.0,,items/normal.txt,13275
Base.Watermelon,Base,Watermelon,food,Watermelon,Food,Fruits,base:food,,food_keys,1355.0,341.11,6.78,27.56,-60.0,-140.0,6,8,,,,,,,,true,,,,,,,,,,,,,Watermelon,,,,,,,,3.0,,items/food.txt,8934
Base.WatermelonSliced,Base,WatermelonSliced,food,Watermelon Slice,Food,Fruits,base:food,,food_keys,135.5,34.11,0.67,2.75,-6.0,-20.0,3,4,,,,,,,,,,,,,,,,,,,,Salad:6;FruitSalad:6;Pancakes:6;Muffin:6,Watermelon,,,,,,,,0.3,,items/food.txt,8957
Base.WatermelonSmashed,Base,WatermelonSmashed,food,Watermelon Chunks,Food,Fruits,base:food,,food_keys,271.0,68.2,1.35,5.51,-12.0,-25.0,2,3,,,,,,,,,,,,,,,,,,,,Salad:12;FruitSalad:12;Pancakes:12;Muffin:12,,,,,,,,,0.6,,items/food.txt,8979
Base.WeldingRods,Base,WeldingRods,drainable,Welding Rods,Material,,base:drainable,,food_keys,,,,,,,,,,,,,,,,,,,,,,,,,,,,,,,,,,,,,1.5,,items/drainable.txt,1548
Base.WheatSeed,Base,WheatSeed,food,Wheat Seeds,Gardening,,base:food,base:isseed,food_keys,,,,,-5.0,,,,,,,,,,,true,,,,,,,,,,,,,,,,,,,,,0.02,,items/food.txt,2006
Base.WheatSheaf,Base,WheatSheaf,food,Wheat Sheaf,Food,,base:food,,food_keys,,,,,-5.0,,7,14,,,,,,,,true,,,,,,,,,,,,,,,,,,,,,1.0,,items/food.txt,521
Base.WheatSheafDried,Base,WheatSheafDried,food,Wheat Sheaf (Dried),Food,,base:food,,food_keys,,,,,-5.0,,,,,,,,,,,true,,,,,,,,,,,,,,,,,,,,,1.0,,items/food.txt,535
Base.Whiskey,Base,Whiskey,fluid_container,Bottle of Whiskey,Food,,base:normal,base:glass;base:glassbottle,fluid:Whiskey,2500.0,0.0,0.0,0.0,-20.0,-20.0,,,,,,,,,,,,,,-10,,0,0.0,0.0,0,,,,,,,,,,1.0,Whiskey,0.7,,items/normal.txt,6529
Base.WhiteBass,Base,WhiteBass,food,White Bass,Food,,base:food,base:fishmeat;base:uncutfish,food_keys,159.0,1.0,1.0,35.0,-15.0,,4,8,,true,20,60,true,,,,,true,true,20,,,,,,,,,,,,,,,,,0.4,,items/food.txt,7530
Base.WhiteCrappie,Base,WhiteCrappie,food,White Crappie,Food,,base:food,base:fishmeat;base:uncutfish,food_keys,159.0,1.0,1.0,35.0,-15.0,,4,8,,true,20,60,true,,,,,true,true,20,,,,,,,,,,,,,,,,,0.4,,items/food.txt,7290
Base.WildEggs,Base,WildEggs,food,Wild Eggs,Food,Egg,base:food,base:egg,food_keys,63.0,0.32,4.18,5.55,-7.0,,14,21,false,true,4,20,true,,,,,,true,,,,,,,,,Stir fry:7;Rice:7;Pasta:7;Sandwich:7|Cooked;Burger:7|Cooked;Salad:7|Cooked;Burrito:7|Cooked;Taco:3|Cooked;Soup:7;Stew:7,Wild Egg,,,,,,,,0.1,,items/food.txt,5454
Base.WildGarlic2,Base,WildGarlic2,food,Wild Garlic,FirstAid,Herb,base:food,base:herbaltea;base:iscutting;base:isseed;base:wildgarlic,food_keys,0.1,0.0,0.0,0.0,-1.0,,6,10,,,,,,,,,true,,,,,,,,,,,Pizza:1;Omelette:1;Soup:1;Stew:1;Pie:1;Stir fry:1;Sandwich:1;Burger:1;Hotdog:1;Salad:1;Rice:1;Pasta:1;Taco:1;Burrito:1;Toast:1,,,,,,,,,0.1,,items/food.txt,8071
Base.WildGarlicDried,Base,WildGarlicDried,food,Wild Garlic (Dried),FirstAid,Herb,base:food,base:herbaltea;base:wildgarlic,food_keys,0.1,0.0,0.0,0.0,-1.0,,,,,,,,,,,,true,,,,,,,,,,,Pizza:1;Omelette:1;Soup:1;Stew:1;Pie:1;Stir fry:1;Sandwich:1;Burger:1;Hotdog:1;Salad:1;Rice:1;Pasta:1;Taco:1;Burrito:1;Toast:1,,,,,,,,,0.1,,items/food.txt,8093
Base.Wine,Base,Wine,fluid_container,White Wine,Food,,base:normal,base:glass;base:glassbottle,fluid:Wine,481.0,0.0,0.0,0.0,-20.0,-20.0,,,,,,,,,,,,,,-20,,0,0.0,0.0,0,,,,,,,,,,1.0,Wine,0.3,,items/normal.txt,6556
Base.Wine2,Base,Wine2,fluid_container,Red Wine,Food,,base:normal,base:glass;base:glassbottle,fluid:Wine,481.0,0.0,0.0,0.0,-20.0,-20.0,,,,,,,,,,,,,,-20,,0,0.0,0.0,0,,,,,,,,,,1.0,Wine,0.3,,items/normal.txt,6584
Base.Wine2Open,Base,Wine2Open,fluid_container,Red Wine (Open),Food,,base:normal,base:glass;base:glassbottle,fluid:Wine,481.0,0.0,0.0,0.0,-20.0,-20.0,,,,,,,,,,,,,,-20,,0,0.0,0.0,0,,,,,,,,,,1.0,Wine,0.3,,items/normal.txt,6640
Base.WineAged,Base,WineAged,fluid_container,Bottle of Fine Red Wine,Food,,base:normal,base:glass;base:glassbottle,fluid:Wine,481.0,0.0,0.0,0.0,-20.0,-20.0,,,,,,,,,,,,,,-20,,0,0.0,0.0,0,,,,,,,,,,1.0,Wine,1.0,,items/normal.txt,6668
Base.WineBox,Base,WineBox,fluid_container,Boxed Red Wine,Food,,base:normal,,fluid:Wine,481.0,0.0,0.0,0.0,-20.0,-20.0,,,,,,,,,,,,,,-20,,0,0.0,0.0,0,,,,,,,,,,1.0,Wine,0.2,,items/normal.txt,14529
Base.WineOpen,Base,WineOpen,fluid_container,White Wine (Open),Food,,base:normal,base:glass;base:glassbottle,fluid:Wine,481.0,0.0,0.0,0.0,-20.0,-20.0,,,,,,,,,,,,,,-20,,0,0.0,0.0,0,,,,,,,,,,1.0,Wine,0.3,,items/normal.txt,6612
Base.WineScrewtop,Base,WineScrewtop,fluid_container,Cheap Red Wine,Food,,base:normal,base:glass;base:glassbottle,fluid:Wine,481.0,0.0,0.0,0.0,-20.0,-20.0,,,,,,,,true,,,,,,-20,,0,0.0,0.0,0,,,,,,,,,,1.0,Wine,1.0,,items/normal.txt,6695
Base.WinterBerry,Base,WinterBerry,food,Berries,Food,Berry,base:food,,food_keys,23.0,5.0,0.0,4.0,-10.0,-1.0,6,10,,,,,,,,,,,,,,,,,,,,Cake:10;FruitSalad:10;Pancakes:10;Muffin:10;ConeIcecream:5;PieSweet:10;Oatmeal:5,,,,,,,,,0.1,,items/food.txt,7938
Base.Wire,Base,Wire,drainable,Wire,Material,,base:drainable,base:wire;base:hasmetal,food_keys,,,,,,,,,,,,,,,,,,,,,,,,,,,,,,,,,,,,,1.0,,items/drainable.txt,531
Base.Woodglue,Base,Woodglue,drainable,Wood Glue,Material,,base:drainable,base:glue,food_keys,,,,,,,,,,,,,,,,,,,,,,,,,,,,,,,,,,,,,1.0,,items/drainable.txt,289
Base.Worm,Base,Worm,food,Worm,Food,Insect,base:food,base:cantcompost;base:nocookingxp,food_keys,3.0,0.0,0.1,0.5,-1.0,,4,8,,true,5,25,,,,,,,,20,,,,,,,,AddBaitToChum:1,,,,,,,,,0.01,,items/food.txt,8632
Base.Yeast,Base,Yeast,drainable,Yeast,Food,,base:drainable,,food_keys,,,,,,,,,,,,,,,,,,,,,,,,,,,,,,,,,,,,,0.2,,items/drainable.txt,825
Base.YellowPerch,Base,YellowPerch,food,Yellow Perch,Food,,base:food,base:fishmeat;base:uncutfish,food_keys,159.0,1.0,1.0,35.0,-15.0,,4,8,,true,20,60,true,,,,,true,true,20,,,,,,,,,,,,,,,,,0.4,,items/food.txt,7560
Base.Yoghurt,Base,Yoghurt,food,Yogurt,Food,NoExplicit,base:food,,food_keys,30.0,1.0,1.0,5.0,-10.0,,10,15,,,,,,true,,,,,,,,,,,,,,Oatmeal:5,,,,,,,,,0.3,,items/food.txt,4619
Base.Zucchini,Base,Zucchini,food,Zucchini,Food,Vegetables,base:food,base:hideuncooked,food_keys,33.0,6.1,0.63,2.37,-10.0,-10.0,6,14,,true,20,40,,,,,,true,,,,,,,,,,Pizza:10;Soup:10;Stew:10;Pie:10;Stir fry:10;Salad:10;Rice:10;Pasta:10;Sandwich:5;Omelette:5,,,,,,,,,0.3,,items/food.txt,14887
Base.cheese_powdered,Base,cheese_powdered,food,Cheese Powder,Food,Cheese,base:food,,food_keys,130.0,20.7,9.7,21.0,-14.0,14.0,,,,,,,,true,,,,,,14,,,,,,,,Pasta:14;Stew:14;Soup:14;Rice:14;Omelette:14,Cheese,,,,,,,,0.1,,items/food.txt,3557
