name,module,category,time,timedAction,tags,skillRequired,xpAward,needToBeLearn,autoLearnAll,autoLearnAny,allowBatchCraft,metaRecipe,onCreate,tooltip,inputTypes,inputTags,inputFluids,outputTypes,itemMappers,fluidIO,foodTypes,deltaCalories,deltaCarbohydrates,deltaLipids,deltaProteins,deltaHungerChange,deltaThirstChange,deltaReason,inputsRaw,outputsRaw,sourceFile,sourceLine
AddACigarette,Base,Miscellaneous,25,AddCigarette,InHandCraft;CanBeDoneInDark,,,,,,,,RecipeCodeOnCreate.addToPack,,Base.CigarettePack;Base.CigaretteSingle,,,,,false,Base.CigarettePack;Base.CigaretteSingle,,,,,,,no-outputs,item 1 [Base.CigaretteSingle] flags[AllowFavorite;InheritFavorite] | item 1 [Base.CigarettePack] mode:keep flags[AllowFavorite;InheritFavorite],,recipes/recipes_packing.txt,711
AddCraftedTriggerToBomb,Base,Electrical,80,MakingElectrical,AnySurfaceCraft,Electricity:2,Electricity:6,true,,Electricity:8,,,,,Base.Aerosolbomb;Base.DuctTape;Base.ElectronicsScrap;Base.FlameTrap;Base.NoiseTrap;Base.PipeBomb;Base.SmokeBomb;Base.TriggerCrafted,,,Base.AerosolbombRemote;Base.FlameTrapRemote;Base.NoiseTrapRemote;Base.PipeBombRemote;Base.SmokeBombRemote,bobOmb,false,Base.DuctTape,,,,,,,multi-type: item 1 [Base.Aerosolbomb;Base.FlameTrap;Base.NoiseTrap;Base.PipeBomb;Base.SmokeBomb] mappers[bobOmb] ; not-in-dataset: item 1 [Base.TriggerCrafted] ; not-in-dataset: item 2 [Base.ElectronicsScrap] ; no-nutrition: item 1 [Base.DuctTape] ; multi-type: item 1 mapper:bobOmb,item 1 [Base.Aerosolbomb;Base.FlameTrap;Base.NoiseTrap;Base.PipeBomb;Base.SmokeBomb] mappers[bobOmb] | item 1 [Base.TriggerCrafted] | item 2 [Base.ElectronicsScrap] | item 1 [Base.DuctTape],item 1 mapper:bobOmb,recipes/recipes_traps.txt,246
AddMotionSensorV1ToBomb,Base,Electrical,80,MakingElectrical,AnySurfaceCraft,Electricity:2,Electricity:6,true,,Electricity:8,,,,,Base.Aerosolbomb;Base.DuctTape;Base.ElectronicsScrap;Base.FlameTrap;Base.MotionSensor;Base.NoiseTrap;Base.PipeBomb;Base.SmokeBomb,,,Base.AerosolbombSensorV1;Base.FlameTrapSensorV1;Base.NoiseTrapSensorV1;Base.PipeBombSensorV1;Base.SmokeBombSensorV1,bobOmb,false,Base.DuctTape,,,,,,,multi-type: item 1 [Base.Aerosolbomb;Base.FlameTrap;Base.NoiseTrap;Base.PipeBomb;Base.SmokeBomb] mappers[bobOmb] ; not-in-dataset: item 1 [Base.MotionSensor] ; not-in-dataset: item 2 [Base.ElectronicsScrap] ; no-nutrition: item 1 [Base.DuctTape] ; multi-type: item 1 mapper:bobOmb,item 1 [Base.Aerosolbomb;Base.FlameTrap;Base.NoiseTrap;Base.PipeBomb;Base.SmokeBomb] mappers[bobOmb] | item 1 [Base.MotionSensor] | item 2 [Base.ElectronicsScrap] | item 1 [Base.DuctTape],item 1 mapper:bobOmb,recipes/recipes_traps.txt,153
AddMotionSensorV2ToBomb,Base,Electrical,80,MakingElectrical,AnySurfaceCraft,Electricity:4,Electricity:10,true,,Electricity:9,,,,,Base.Aerosolbomb;Base.DuctTape;Base.ElectronicsScrap;Base.FlameTrap;Base.MotionSensor;Base.NoiseTrap;Base.PipeBomb;Base.SmokeBomb,,,Base.AerosolbombSensorV2;Base.FlameTrapSensorV2;Base.NoiseTrapSensorV2;Base.PipeBombSensorV2;Base.SmokeBombSensorV2,bobOmb,false,Base.DuctTape,,,,,,,multi-type: item 1 [Base.Aerosolbomb;Base.FlameTrap;Base.NoiseTrap;Base.PipeBomb;Base.SmokeBomb] mappers[bobOmb] ; not-in-dataset: item 1 [Base.MotionSensor] ; not-in-dataset: item 3 [Base.ElectronicsScrap] ; no-nutrition: item 1 [Base.DuctTape] ; multi-type: item 1 mapper:bobOmb,item 1 [Base.Aerosolbomb;Base.FlameTrap;Base.NoiseTrap;Base.PipeBomb;Base.SmokeBomb] mappers[bobOmb] | item 1 [Base.MotionSensor] | item 3 [Base.ElectronicsScrap] | item 1 [Base.DuctTape],item 1 mapper:bobOmb,recipes/recipes_traps.txt,184
AddMotionSensorV3ToBomb,Base,Electrical,80,MakingElectrical,AnySurfaceCraft,Electricity:6,Electricity:14,true,,Electricity:10,,,,,Base.Aerosolbomb;Base.DuctTape;Base.ElectronicsScrap;Base.FlameTrap;Base.MotionSensor;Base.NoiseTrap;Base.PipeBomb;Base.SmokeBomb,,,Base.AerosolbombSensorV3;Base.FlameTrapSensorV3;Base.NoiseTrapSensorV3;Base.PipeBombSensorV3;Base.SmokeBombSensorV3,bobOmb,false,Base.DuctTape,,,,,,,multi-type: item 1 [Base.Aerosolbomb;Base.FlameTrap;Base.NoiseTrap;Base.PipeBomb;Base.SmokeBomb] mappers[bobOmb] ; not-in-dataset: item 1 [Base.MotionSensor] ; not-in-dataset: item 4 [Base.ElectronicsScrap] ; no-nutrition: item 1 [Base.DuctTape] ; multi-type: item 1 mapper:bobOmb,item 1 [Base.Aerosolbomb;Base.FlameTrap;Base.NoiseTrap;Base.PipeBomb;Base.SmokeBomb] mappers[bobOmb] | item 1 [Base.MotionSensor] | item 4 [Base.ElectronicsScrap] | item 1 [Base.DuctTape],item 1 mapper:bobOmb,recipes/recipes_traps.txt,215
AddTimerToBomb,Base,Electrical,80,MakingElectrical,AnySurfaceCraft,,Electricity:2,true,,Electricity:8,,,,,Base.Aerosolbomb;Base.DuctTape;Base.ElectronicsScrap;Base.FlameTrap;Base.NoiseTrap;Base.PipeBomb;Base.SmokeBomb;Base.TimerCrafted,,,Base.AerosolbombTriggered;Base.FlameTrapTriggered;Base.NoiseTrapTriggered;Base.PipeBombTriggered;Base.SmokeBombTriggered,bobOmb,false,Base.DuctTape,,,,,,,multi-type: item 1 [Base.Aerosolbomb;Base.FlameTrap;Base.NoiseTrap;Base.PipeBomb;Base.SmokeBomb] mappers[bobOmb] ; not-in-dataset: item 1 [Base.TimerCrafted] ; not-in-dataset: item 2 [Base.ElectronicsScrap] ; no-nutrition: item 1 [Base.DuctTape] ; multi-type: item 1 mapper:bobOmb,item 1 [Base.Aerosolbomb;Base.FlameTrap;Base.NoiseTrap;Base.PipeBomb;Base.SmokeBomb] mappers[bobOmb] | item 1 [Base.TimerCrafted] | item 2 [Base.ElectronicsScrap] | item 1 [Base.DuctTape],item 1 mapper:bobOmb,recipes/recipes_traps.txt,123
AssembleAdvancedFramepack,Base,Tailoring,200,SewingCloth,AnySurfaceCraft,Tailoring:6,Tailoring:75,true,,,false,,,,Base.LeatherStrips;Base.PackFrame,base:awl;base:heavythread;base:leathercrudetannedlarge;base:scissors;base:sewingneedle;base:sharpknife,,Base.Bag_CraftedFramepack_Large2,,false,,,,,,,,tags-only: item 1 tags[base:leathercrudetannedlarge] ; tags-only: item 4 tags[base:heavythread] ; not-in-dataset: item 6 [Base.LeatherStrips] flags[DontReplace] ; not-in-dataset: item 1 [Base.PackFrame] ; not-in-dataset: item 1 Base.Bag_CraftedFramepack_Large2,item 1 tags[base:scissors;base:sharpknife] mode:keep flags[IsNotDull;MayDegradeLight] | item 1 tags[base:sewingneedle] mode:keep flags[MayDegradeLight] | item 1 tags[base:awl] mode:keep flags[MayDegradeLight] | item 1 tags[base:leathercrudetannedlarge] | item 4 tags[base:heavythread] | item 6 [Base.LeatherStrips] flags[DontReplace] | item 1 [Base.PackFrame],item 1 Base.Bag_CraftedFramepack_Large2,recipes/recipes_tailoring_leatherAndHide.txt,535
AssembleAdvancedLargeFramepack,Base,Tailoring,200,SewingCloth,AnySurfaceCraft,Tailoring:7,Tailoring:90,true,,,false,base:assembleadvancedframepack,,,Base.LeatherStrips;Base.PackFrameLarge,base:awl;base:heavythread;base:leathercrudetannedlarge;base:scissors;base:sewingneedle,,Base.Bag_CraftedFramepack_Large3,,false,,,,,,,,tags-only: item 2 tags[base:leathercrudetannedlarge] ; tags-only: item 8 tags[base:heavythread] ; not-in-dataset: item 8 [Base.LeatherStrips] flags[DontReplace] ; not-in-dataset: item 1 [Base.PackFrameLarge] ; not-in-dataset: item 1 Base.Bag_CraftedFramepack_Large3,item 1 tags[base:scissors] mode:keep flags[IsNotDull;MayDegradeLight] | item 1 tags[base:sewingneedle] mode:keep flags[MayDegradeLight] | item 1 tags[base:awl] mode:keep flags[MayDegradeLight] | item 2 tags[base:leathercrudetannedlarge] | item 8 tags[base:heavythread] | item 8 [Base.LeatherStrips] flags[DontReplace] | item 1 [Base.PackFrameLarge],item 1 Base.Bag_CraftedFramepack_Large3,recipes/recipes_tailoring_leatherAndHide.txt,561
AssembleBlade,Base,Assembly,100,CraftWeapon1H,AnySurfaceCraft,Maintenance:1,Maintenance:1,,,,,,,,Base.CrudeShortSwordBlade;Base.CrudeSwordBlade;Base.CrudeSwordBlade_Broken;Base.HandScytheBlade;Base.HuntingKnifeBlade;Base.KitchenKnifeBlade;Base.LargeKnifeBlade;Base.MacheteBlade;Base.MeatCleaverBlade;Base.ShortSwordBlade;Base.SmallHandle;Base.SwordBlade;Base.SwordBlade_Broken,base:clubhammer;base:hammer;base:mallet,,Base.CrudeShortSword;Base.CrudeSword;Base.CrudeSword_Broken;Base.HandScytheForged;Base.HuntingKnifeForged;Base.KitchenKnifeForged;Base.LargeKnife;Base.MacheteForged;Base.MeatCleaverForged;Base.ShortSword;Base.Sword;Base.Sword_Broken,ThingMapper,false,,,,,,,,multi-type: item 1 [Base.HuntingKnifeBlade;Base.CrudeShortSwordBlade;Base.CrudeSwordBlade;Base.CrudeSwordBlade_Broken;Base.HandScytheBlade;Base.KitchenKnifeBlade;Base.LargeKnifeBlade;Base.MacheteBlade;Base.MeatCleaverBlade;Base.SwordBlade;Base.SwordBlade_Broken;Base.ShortSwordBlade] flags[Prop2;InheritCondition;InheritSharpness] mappers[ThingMapper] ; not-in-dataset: item 1 [Base.SmallHandle] ; multi-type: item 1 mapper:ThingMapper,item 1 tags[base:hammer;base:clubhammer;base:mallet] mode:keep flags[Prop1;MayDegradeLight] | item 1 [Base.HuntingKnifeBlade;Base.CrudeShortSwordBlade;Base.CrudeSwordBlade;Base.CrudeSwordBlade_Broken;Base.HandScytheBlade;Base.KitchenKnifeBlade;Base.LargeKnifeBlade;Base.MacheteBlade;Base.MeatCleaverBlade;Base.SwordBlade;Base.SwordBlade_Broken;Base.ShortSwordBlade] flags[Prop2;InheritCondition;InheritSharpness] mappers[ThingMapper] | item 1 [Base.SmallHandle],item 1 mapper:ThingMapper,recipes/recipes_assembly.txt,3
AssembleLargeFramepack,Base,Tailoring,200,SewingCloth,AnySurfaceCraft,Tailoring:5,Tailoring:55,true,,,false,,,,Base.DenimStrips;Base.DuctTape;Base.LeatherStrips;Base.RippedSheets;Base.Rope;Base.Twine;Base.WoodenStick2,base:awl;base:heavythread;base:leathercrudetannedlarge;base:leatherfurtannedlarge;base:scissors;base:sewingneedle;base:sharpknife,,Base.Bag_CraftedFramepack_Large,,false,Base.DuctTape;Base.Twine,,,,,,,tags-only: item 1 tags[base:leathercrudetannedlarge;base:leatherfurtannedlarge] ; tags-only: item 4 tags[base:heavythread] ; multi-type: item 2 [Base.LeatherStrips;Base.Rope] mode:destroy ; multi-type: item 3 [Base.Twine;Base.RippedSheets;Base.DenimStrips;Base.LeatherStrips;5:Base.DuctTape;2:Base.Rope] flags[DontReplace] ; not-in-dataset: item 5 [Base.WoodenStick2] ; not-in-dataset: item 1 Base.Bag_CraftedFramepack_Large,item 1 tags[base:scissors;base:sharpknife] mode:keep flags[IsNotDull;MayDegradeLight] | item 1 tags[base:sewingneedle] mode:keep flags[MayDegradeLight] | item 1 tags[base:awl] mode:keep flags[MayDegradeLight] | item 1 tags[base:leathercrudetannedlarge;base:leatherfurtannedlarge] | item 4 tags[base:heavythread] | item 2 [Base.LeatherStrips;Base.Rope] mode:destroy | item 3 [Base.Twine;Base.RippedSheets;Base.DenimStrips;Base.LeatherStrips;5:Base.DuctTape;2:Base.Rope] flags[DontReplace] | item 5 [Base.WoodenStick2],item 1 Base.Bag_CraftedFramepack_Large,recipes/recipes_tailoring_leatherAndHide.txt,508
AssembleLargeTarpFramepack,Base,Tailoring,200,SewingCloth,AnySurfaceCraft,Tailoring:5,Tailoring:55,true,,,false,base:assemblelargeframepack,,,Base.DenimStrips;Base.DuctTape;Base.LeatherStrips;Base.RippedSheets;Base.Rope;Base.Tarp;Base.Twine;Base.WoodenStick2,base:scissors;base:sewingneedle;base:sharpknife;base:thread,,Base.Bag_TarpFramepack_Large,,false,Base.DuctTape;Base.Twine,,,,,,,not-in-dataset: item 1 [Base.Tarp] ; tags-only: item 4 tags[base:thread] ; no-nutrition: item 4 [Base.DuctTape] ; multi-type: item 3 [Base.Twine;Base.RippedSheets;Base.DenimStrips;Base.LeatherStrips;5:Base.DuctTape;2:Base.Rope] flags[DontReplace] ; not-in-dataset: item 5 [Base.WoodenStick2] ; not-in-dataset: item 1 Base.Bag_TarpFramepack_Large,item 1 tags[base:scissors;base:sharpknife] mode:keep flags[IsNotDull;MayDegradeLight] | item 1 tags[base:sewingneedle] mode:keep flags[MayDegradeLight] | item 1 [Base.Tarp] | item 4 tags[base:thread] | item 4 [Base.DuctTape] | item 3 [Base.Twine;Base.RippedSheets;Base.DenimStrips;Base.LeatherStrips;5:Base.DuctTape;2:Base.Rope] flags[DontReplace] | item 5 [Base.WoodenStick2],item 1 Base.Bag_TarpFramepack_Large,recipes/recipes_tailoring_garbageTapeAndTarp.txt,610
AssembleLongImplement,Base,Assembly,100,ChoppingBlock_Hammer,AnySurfaceCraft,Maintenance:1,Maintenance:1,,,,,,,,Base.FireAxeHead;Base.LongHandle;Base.OldAxeHead;Base.PickAxeHead;Base.SledgehammerHead;Base.WoodAxeHead,base:clubhammer;base:hammer;base:mallet;base:sharpknife,,Base.Axe;Base.Axe_Old;Base.PickAxeForged;Base.SledgehammerForged;Base.WoodAxeForged,ThingMapper,false,,,,,,,,multi-type: item 1 [Base.OldAxeHead;Base.PickAxeHead;Base.SledgehammerHead;Base.WoodAxeHead;Base.FireAxeHead] flags[IsHeadPart;InheritSharpness] mappers[ThingMapper] ; not-in-dataset: item 1 [Base.LongHandle] flags[Prop2;InheritCondition] ; multi-type: item 1 mapper:ThingMapper,item 1 tags[base:hammer;base:clubhammer;base:mallet] mode:keep flags[Prop1;MayDegradeLight] | item 1 tags[base:sharpknife] mode:keep flags[SharpnessCheck;IsNotDull] | item 1 [Base.OldAxeHead;Base.PickAxeHead;Base.SledgehammerHead;Base.WoodAxeHead;Base.FireAxeHead] flags[IsHeadPart;InheritSharpness] mappers[ThingMapper] | item 1 [Base.LongHandle] flags[Prop2;InheritCondition],item 1 mapper:ThingMapper,recipes/recipes_assembly.txt,39
AssembleLongerImplement,Base,Assembly,100,ChoppingBlock_Hammer,AnySurfaceCraft,Maintenance:1,Maintenance:1,,,,,,,,Base.GardenForkHead;Base.GardenForkHead_Forged;Base.GardenHoeHead;Base.LongStick;Base.RakeHead;Base.ScytheBlade;Base.SpadeHead;Base.SpadeHead_Forged,base:clubhammer;base:hammer;base:mallet;base:sharpknife,,Base.GardenFork_Forged;Base.GardenHoeForged;Base.Rake;Base.ScytheForged;Base.Shovel;Base.SpadeForged,ThingMapper,false,,,,,,,,multi-type: item 1 [Base.GardenHoeHead;Base.RakeHead;Base.ScytheBlade;Base.SpadeHead;Base.SpadeHead_Forged;Base.GardenForkHead;Base.GardenForkHead_Forged] flags[IsHeadPart;InheritSharpness] mappers[ThingMapper] ; not-in-dataset: item 1 [Base.LongStick] flags[Prop2;InheritCondition] ; multi-type: item 1 mapper:ThingMapper,item 1 tags[base:hammer;base:clubhammer;base:mallet] mode:keep flags[Prop1;MayDegradeLight] | item 1 tags[base:sharpknife] mode:keep flags[SharpnessCheck;IsNotDull] | item 1 [Base.GardenHoeHead;Base.RakeHead;Base.ScytheBlade;Base.SpadeHead;Base.SpadeHead_Forged;Base.GardenForkHead;Base.GardenForkHead_Forged] flags[IsHeadPart;InheritSharpness] mappers[ThingMapper] | item 1 [Base.LongStick] flags[Prop2;InheritCondition],item 1 mapper:ThingMapper,recipes/recipes_assembly.txt,69
AssembleMace,Base,Assembly,100,ChoppingBlock_Hammer,AnySurfaceCraft,Maintenance:1,,,,,,,,,Base.LongHandle;Base.MaceHead;Base.ShortBat,base:clubhammer;base:hammer;base:mallet;base:sharpknife,,Base.LongMace;Base.Mace,HandleMapper,false,,,,,,,,not-in-dataset: item 1 [Base.MaceHead] flags[IsHeadPart] ; multi-type: item 1 [Base.ShortBat;Base.LongHandle] mappers[HandleMapper] flags[Prop2;InheritCondition] ; multi-type: item 1 mapper:HandleMapper,item 1 tags[base:hammer;base:clubhammer;base:mallet] mode:keep flags[Prop1;MayDegradeLight] | item 1 tags[base:sharpknife] mode:keep flags[SharpnessCheck;IsNotDull] | item 1 [Base.MaceHead] flags[IsHeadPart] | item 1 [Base.ShortBat;Base.LongHandle] mappers[HandleMapper] flags[Prop2;InheritCondition],item 1 mapper:HandleMapper,recipes/recipes_assembly.txt,101
AssembleShortImplement,Base,Assembly,100,ChoppingBlock_Hammer,AnySurfaceCraft,Maintenance:1,Maintenance:1,,,,,,,,Base.BallPeenHammerHead;Base.ClawhammerHead;Base.ClubHammerHead;Base.HandAxeHead;Base.Handle;Base.OldAxeHead;Base.SmithingHammerHead,base:clubhammer;base:hammer;base:mallet;base:sharpknife,,Base.BallPeenHammerForged;Base.ClubHammerForged;Base.HammerForged;Base.HandAxeForged;Base.HandAxe_Old;Base.SmithingHammer,ThingMapper,false,,,,,,,,multi-type: item 1 [Base.BallPeenHammerHead;Base.ClawhammerHead;Base.ClubHammerHead;Base.HandAxeHead;Base.OldAxeHead;Base.SmithingHammerHead] flags[IsHeadPart;InheritSharpness] mappers[ThingMapper] ; not-in-dataset: item 1 [Base.Handle] flags[Prop2;InheritCondition] ; multi-type: item 1 mapper:ThingMapper,item 1 tags[base:hammer;base:clubhammer;base:mallet] mode:keep flags[Prop1;MayDegradeLight] | item 1 tags[base:sharpknife] mode:keep flags[SharpnessCheck;IsNotDull] | item 1 [Base.BallPeenHammerHead;Base.ClawhammerHead;Base.ClubHammerHead;Base.HandAxeHead;Base.OldAxeHead;Base.SmithingHammerHead] flags[IsHeadPart;InheritSharpness] mappers[ThingMapper] | item 1 [Base.Handle] flags[Prop2;InheritCondition],item 1 mapper:ThingMapper,recipes/recipes_assembly.txt,153
AssembleSmallFramepack,Base,Tailoring,200,SewingCloth,AnySurfaceCraft,Tailoring:5,Tailoring:55,true,,,false,,,,Base.Bag_CrudeLeatherBag;Base.Bag_CrudeTarpBag;Base.DenimStrips;Base.DuctTape;Base.LeatherStrips;Base.RippedSheets;Base.Rope;Base.TreeBranch2;Base.Twine;Base.WoodenStick2,,,Base.Bag_TarpFramepack_Small,BagMapper,false,Base.DuctTape;Base.Twine,,,,,,,multi-type: item 2 [Base.Twine;Base.RippedSheets;Base.DenimStrips;Base.LeatherStrips;3:Base.DuctTape;1:Base.Rope] flags[DontReplace] ; multi-type: item 4 [Base.WoodenStick2;Base.TreeBranch2] ; multi-type: item 1 [Base.Bag_CrudeLeatherBag;Base.Bag_CrudeTarpBag] flags[IsEmpty] mappers[BagMapper] ; not-in-dataset: item 1 mapper:BagMapper,item 2 [Base.Twine;Base.RippedSheets;Base.DenimStrips;Base.LeatherStrips;3:Base.DuctTape;1:Base.Rope] flags[DontReplace] | item 4 [Base.WoodenStick2;Base.TreeBranch2] | item 1 [Base.Bag_CrudeLeatherBag;Base.Bag_CrudeTarpBag] flags[IsEmpty] mappers[BagMapper],item 1 mapper:BagMapper,recipes/recipes_tailoring_leatherAndHide.txt,481
AssembleSpear,Base,Weaponry,100,CraftKnifeSpear,AnySurfaceCraft,Maintenance:1,Maintenance:10,,,,,,,,Base.LongStick;Base.Sapling;Base.SpearHead;Base.SpearLongHead,base:clubhammer;base:hammer;base:mallet;base:sharpknife,,Base.SpearLong;Base.SpearShort,ThingMapper,false,,,,,,,,multi-type: item 1 [Base.SpearLongHead;Base.SpearHead] flags[IsHeadPart;InheritSharpness] mappers[ThingMapper] ; multi-type: item 1 [Base.LongStick;Base.Sapling] flags[Prop2;InheritCondition] ; multi-type: item 1 mapper:ThingMapper,item 1 tags[base:hammer;base:clubhammer;base:mallet] mode:keep flags[MayDegradeLight] | item 1 tags[base:sharpknife] mode:keep flags[Prop1;SharpnessCheck;IsNotDull] | item 1 [Base.SpearLongHead;Base.SpearHead] flags[IsHeadPart;InheritSharpness] mappers[ThingMapper] | item 1 [Base.LongStick;Base.Sapling] flags[Prop2;InheritCondition],item 1 mapper:ThingMapper,recipes/recipes_spears.txt,203
AssembleStoneMace,Base,Assembly,100,ChoppingBlock_Hammer,AnySurfaceCraft,Maintenance:1,,,,,,,,,Base.LongHandle;Base.ShortBat;Base.StoneMaceHead,base:clubhammer;base:hammer;base:mallet;base:sharpknife,,Base.LongMace_Stone;Base.Mace_Stone,HandleMapper,false,,,,,,,,not-in-dataset: item 1 [Base.StoneMaceHead] flags[IsHeadPart] ; multi-type: item 1 [Base.ShortBat;Base.LongHandle] mappers[HandleMapper] flags[Prop2;InheritCondition] ; multi-type: item 1 mapper:HandleMapper,item 1 tags[base:hammer;base:clubhammer;base:mallet] mode:keep flags[Prop1;MayDegradeLight] | item 1 tags[base:sharpknife] mode:keep flags[SharpnessCheck;IsNotDull] | item 1 [Base.StoneMaceHead] flags[IsHeadPart] | item 1 [Base.ShortBat;Base.LongHandle] mappers[HandleMapper] flags[Prop2;InheritCondition],item 1 mapper:HandleMapper,recipes/recipes_assembly.txt,127
Assemble_Articulated_Shin_Armor,Base,Armor,800,HammerMetalStanding,Forge,Blacksmith:8;Tailoring:4,Blacksmith:25;Tailoring:10,true,Blacksmith:9,,,,,,Base.Buckle;Base.LeatherStrips;Base.SmallSheetMetal,base:awl;base:ballpeenhammer;base:charcoal;base:heavythread;base:metalworkingpliers;base:sewingneedle;base:tongs,,Base.ShinKneeGuard_L_Metal,,false,,,,,,,,tags-only: item 7 tags[base:charcoal] ; not-in-dataset: item 3 [Base.SmallSheetMetal] ; not-in-dataset: item 2 [Base.LeatherStrips] mode:destroy ; not-in-dataset: item 2 [Base.Buckle] ; tags-only: item 1 tags[base:heavythread] ; not-in-dataset: item 1 Base.ShinKneeGuard_L_Metal,item 7 tags[base:charcoal] | item 3 [Base.SmallSheetMetal] | item 2 [Base.LeatherStrips] mode:destroy | item 2 [Base.Buckle] | item 1 tags[base:ballpeenhammer] mode:keep flags[Prop1;MayDegradeLight] | item 1 tags[base:metalworkingpliers;base:tongs] mode:keep flags[Prop2;MayDegradeLight] | item 1 tags[base:sewingneedle] mode:keep flags[MayDegradeLight] | item 1 tags[base:awl] mode:keep flags[MayDegradeLight] | item 1 tags[base:heavythread],item 1 Base.ShinKneeGuard_L_Metal,entities/blacksmith/craftRecipes/recipes_blacksmith_armor.txt,178
Assemble_Articulated_Thigh_Armor,Base,Armor,600,HammerMetalStanding,Forge,Blacksmith:8;Tailoring:4,Blacksmith:25;Tailoring:10,true,Blacksmith:9,,,,,,Base.Buckle;Base.LeatherStrips;Base.SmallSheetMetal,base:awl;base:ballpeenhammer;base:charcoal;base:heavythread;base:metalworkingpliers;base:sewingneedle;base:tongs,,Base.Thigh_ArticMetal_L,,false,,,,,,,,tags-only: item 5 tags[base:charcoal] ; not-in-dataset: item 2 [Base.SmallSheetMetal] ; not-in-dataset: item 2 [Base.LeatherStrips] mode:destroy ; not-in-dataset: item 2 [Base.Buckle] ; tags-only: item 1 tags[base:heavythread] ; not-in-dataset: item 1 Base.Thigh_ArticMetal_L,item 5 tags[base:charcoal] | item 2 [Base.SmallSheetMetal] | item 2 [Base.LeatherStrips] mode:destroy | item 2 [Base.Buckle] | item 1 tags[base:ballpeenhammer] mode:keep flags[Prop1;MayDegradeLight] | item 1 tags[base:metalworkingpliers;base:tongs] mode:keep flags[Prop2;MayDegradeLight] | item 1 tags[base:sewingneedle] mode:keep flags[MayDegradeLight] | item 1 tags[base:awl] mode:keep flags[MayDegradeLight] | item 1 tags[base:heavythread],item 1 Base.Thigh_ArticMetal_L,entities/blacksmith/craftRecipes/recipes_blacksmith_armor.txt,150
Assemble_Forearm_Armor,Base,Armor,400,HammerMetalStanding,Forge,Blacksmith:4;Tailoring:2,Blacksmith:10;Tailoring:10,true,Blacksmith:6,,,,,,Base.Buckle;Base.LeatherStrips;Base.SmallSheetMetal,base:awl;base:charcoal;base:heavythread;base:metalworkingpliers;base:sewingneedle;base:smithinghammer;base:tongs,,Base.Vambrace_Left,,false,,,,,,,,tags-only: item 3 tags[base:charcoal] ; not-in-dataset: item 1 [Base.SmallSheetMetal] ; not-in-dataset: item 2 [Base.LeatherStrips] mode:destroy ; not-in-dataset: item 2 [Base.Buckle] ; tags-only: item 1 tags[base:heavythread] ; not-in-dataset: item 1 Base.Vambrace_Left,item 3 tags[base:charcoal] | item 1 [Base.SmallSheetMetal] | item 2 [Base.LeatherStrips] mode:destroy | item 2 [Base.Buckle] | item 1 tags[base:smithinghammer] mode:keep flags[Prop1;MayDegradeLight] | item 1 tags[base:metalworkingpliers;base:tongs] mode:keep flags[Prop2;MayDegradeLight] | item 1 tags[base:sewingneedle] mode:keep flags[MayDegradeLight] | item 1 tags[base:awl] mode:keep flags[MayDegradeLight] | item 1 tags[base:heavythread],item 1 Base.Vambrace_Left,entities/blacksmith/craftRecipes/recipes_blacksmith_armor.txt,94
Assemble_FullMetal_Forearm_Armor,Base,Armor,600,HammerMetalStanding,Forge,Blacksmith:8;Tailoring:4,Blacksmith:25;Tailoring:10,true,Blacksmith:9,,,,,,Base.Buckle;Base.LeatherStrips;Base.SmallSheetMetal,base:awl;base:ballpeenhammer;base:charcoal;base:heavythread;base:metalworkingpliers;base:sewingneedle;base:tongs,,Base.Vambrace_FullMetal_Left,,false,,,,,,,,tags-only: item 5 tags[base:charcoal] ; not-in-dataset: item 2 [Base.SmallSheetMetal] ; not-in-dataset: item 2 [Base.LeatherStrips] mode:destroy ; not-in-dataset: item 2 [Base.Buckle] ; tags-only: item 1 tags[base:heavythread] ; not-in-dataset: item 1 Base.Vambrace_FullMetal_Left,item 5 tags[base:charcoal] | item 2 [Base.SmallSheetMetal] | item 2 [Base.LeatherStrips] mode:destroy | item 2 [Base.Buckle] | item 1 tags[base:ballpeenhammer] mode:keep flags[Prop1;MayDegradeLight] | item 1 tags[base:metalworkingpliers;base:tongs] mode:keep flags[Prop2;MayDegradeLight] | item 1 tags[base:sewingneedle] mode:keep flags[MayDegradeLight] | item 1 tags[base:awl] mode:keep flags[MayDegradeLight] | item 1 tags[base:heavythread],item 1 Base.Vambrace_FullMetal_Left,entities/blacksmith/craftRecipes/recipes_blacksmith_armor.txt,122
Assemble_Shin_Armor,Base,Armor,400,HammerMetalStanding,Forge,Blacksmith:4;Tailoring:2,Blacksmith:10;Tailoring:10,true,Blacksmith:6,,,,,,Base.Buckle;Base.LeatherStrips;Base.SmallSheetMetal,base:awl;base:charcoal;base:heavythread;base:metalworkingpliers;base:sewingneedle;base:smithinghammer;base:tongs,,Base.Greave_Left,,false,,,,,,,,tags-only: item 3 tags[base:charcoal] ; not-in-dataset: item 1 [Base.SmallSheetMetal] ; not-in-dataset: item 2 [Base.LeatherStrips] mode:destroy ; not-in-dataset: item 2 [Base.Buckle] ; tags-only: item 1 tags[base:heavythread] ; not-in-dataset: item 1 Base.Greave_Left,item 3 tags[base:charcoal] | item 1 [Base.SmallSheetMetal] | item 2 [Base.LeatherStrips] mode:destroy | item 2 [Base.Buckle] | item 1 tags[base:smithinghammer] mode:keep flags[Prop1;MayDegradeLight] | item 1 tags[base:metalworkingpliers;base:tongs] mode:keep flags[Prop2;MayDegradeLight] | item 1 tags[base:sewingneedle] mode:keep flags[MayDegradeLight] | item 1 tags[base:awl] mode:keep flags[MayDegradeLight] | item 1 tags[base:heavythread],item 1 Base.Greave_Left,entities/blacksmith/craftRecipes/recipes_blacksmith_armor.txt,206
Assemble_Shoulder_Armor_Left,Base,Armor,600,HammerMetalStanding,Forge,Blacksmith:8;Tailoring:4,Blacksmith:25;Tailoring:10,true,Blacksmith:9,,,base:assemble_shoulder_armor,,,Base.Buckle;Base.LeatherStrips;Base.SmallSheetMetal,base:awl;base:ballpeenhammer;base:charcoal;base:heavythread;base:metalworkingpliers;base:sewingneedle;base:tongs,,Base.Shoulderpad_Articulated_L_Metal,,false,,,,,,,,tags-only: item 5 tags[base:charcoal] ; not-in-dataset: item 2 [Base.SmallSheetMetal] ; not-in-dataset: item 2 [Base.LeatherStrips] mode:destroy ; not-in-dataset: item 1 [Base.Buckle] ; tags-only: item 1 tags[base:heavythread] ; not-in-dataset: item 1 Base.Shoulderpad_Articulated_L_Metal,item 5 tags[base:charcoal] | item 2 [Base.SmallSheetMetal] | item 2 [Base.LeatherStrips] mode:destroy | item 1 [Base.Buckle] | item 1 tags[base:ballpeenhammer] mode:keep flags[Prop1;MayDegradeLight] | item 1 tags[base:metalworkingpliers;base:tongs] mode:keep flags[Prop2;MayDegradeLight] | item 1 tags[base:sewingneedle] mode:keep flags[MayDegradeLight] | item 1 tags[base:awl] mode:keep flags[MayDegradeLight] | item 1 tags[base:heavythread],item 1 Base.Shoulderpad_Articulated_L_Metal,entities/blacksmith/craftRecipes/recipes_blacksmith_armor.txt,290
Assemble_Shoulder_Armor_Right,Base,Armor,600,HammerMetalStanding,Forge,Blacksmith:8;Tailoring:4,Blacksmith:25;Tailoring:10,true,Blacksmith:6,,,base:assemble_shoulder_armor,,,Base.Buckle;Base.LeatherStrips;Base.SmallSheetMetal,base:awl;base:ballpeenhammer;base:charcoal;base:heavythread;base:metalworkingpliers;base:sewingneedle;base:tongs,,Base.Shoulderpad_Articulated_R_Metal,,false,,,,,,,,tags-only: item 5 tags[base:charcoal] ; not-in-dataset: item 2 [Base.SmallSheetMetal] ; not-in-dataset: item 2 [Base.LeatherStrips] mode:destroy ; not-in-dataset: item 1 [Base.Buckle] ; tags-only: item 1 tags[base:heavythread] ; not-in-dataset: item 1 Base.Shoulderpad_Articulated_R_Metal,item 5 tags[base:charcoal] | item 2 [Base.SmallSheetMetal] | item 2 [Base.LeatherStrips] mode:destroy | item 1 [Base.Buckle] | item 1 tags[base:ballpeenhammer] mode:keep flags[Prop1;MayDegradeLight] | item 1 tags[base:metalworkingpliers;base:tongs] mode:keep flags[Prop2;MayDegradeLight] | item 1 tags[base:sewingneedle] mode:keep flags[MayDegradeLight] | item 1 tags[base:awl] mode:keep flags[MayDegradeLight] | item 1 tags[base:heavythread],item 1 Base.Shoulderpad_Articulated_R_Metal,entities/blacksmith/craftRecipes/recipes_blacksmith_armor.txt,319
Assemble_Simple_Shoulder_Armor,Base,Armor,400,HammerMetalStanding,Forge,Blacksmith:4;Tailoring:2,Blacksmith:10;Tailoring:10,true,Blacksmith:6,,,,,,Base.Buckle;Base.LeatherStrips;Base.SmallSheetMetal,base:awl;base:charcoal;base:heavythread;base:metalworkingpliers;base:sewingneedle;base:smithinghammer;base:tongs,,Base.Shoulderpad_Metal_L,,false,,,,,,,,tags-only: item 3 tags[base:charcoal] ; not-in-dataset: item 1 [Base.SmallSheetMetal] ; not-in-dataset: item 2 [Base.LeatherStrips] mode:destroy ; not-in-dataset: item 1 [Base.Buckle] ; tags-only: item 1 tags[base:heavythread] ; not-in-dataset: item 1 Base.Shoulderpad_Metal_L,item 3 tags[base:charcoal] | item 1 [Base.SmallSheetMetal] | item 2 [Base.LeatherStrips] mode:destroy | item 1 [Base.Buckle] | item 1 tags[base:smithinghammer] mode:keep flags[Prop1;MayDegradeLight] | item 1 tags[base:metalworkingpliers;base:tongs] mode:keep flags[Prop2;MayDegradeLight] | item 1 tags[base:sewingneedle] mode:keep flags[MayDegradeLight] | item 1 tags[base:awl] mode:keep flags[MayDegradeLight] | item 1 tags[base:heavythread],item 1 Base.Shoulderpad_Metal_L,entities/blacksmith/craftRecipes/recipes_blacksmith_armor.txt,262
Assemble_Thigh_Armor,Base,Armor,400,HammerMetalStanding,Forge,Blacksmith:4;Tailoring:2,Blacksmith:10;Tailoring:10,true,Blacksmith:6,,,,,,Base.Buckle;Base.LeatherStrips;Base.SmallSheetMetal,base:awl;base:charcoal;base:heavythread;base:metalworkingpliers;base:sewingneedle;base:smithinghammer;base:tongs,,Base.ThighMetal_L,,false,,,,,,,,tags-only: item 3 tags[base:charcoal] ; not-in-dataset: item 1 [Base.SmallSheetMetal] ; not-in-dataset: item 2 [Base.LeatherStrips] mode:destroy ; not-in-dataset: item 2 [Base.Buckle] ; tags-only: item 1 tags[base:heavythread] ; not-in-dataset: item 1 Base.ThighMetal_L,item 3 tags[base:charcoal] | item 1 [Base.SmallSheetMetal] | item 2 [Base.LeatherStrips] mode:destroy | item 2 [Base.Buckle] | item 1 tags[base:smithinghammer] mode:keep flags[Prop1;MayDegradeLight] | item 1 tags[base:metalworkingpliers;base:tongs] mode:keep flags[Prop2;MayDegradeLight] | item 1 tags[base:sewingneedle] mode:keep flags[MayDegradeLight] | item 1 tags[base:awl] mode:keep flags[MayDegradeLight] | item 1 tags[base:heavythread],item 1 Base.ThighMetal_L,entities/blacksmith/craftRecipes/recipes_blacksmith_armor.txt,234
BarbedWireWeapon,Base,Weaponry,600,CraftWeapon2H,AnySurfaceCraft,Maintenance:1,Maintenance:10,true,,Maintenance:3;Blunt:3,,,,,Base.BarbedWire;Base.Broom;Base.IceHockeyStick;Base.Plunger,base:pliers,,Base.Broom_BarbedWire;Base.IceHockeyStick_BarbedWire;Base.Plunger_BarbedWire,BarbedWireMapper,false,,,,,,,,multi-type: item 1 [Base.Broom;Base.IceHockeyStick;Base.Plunger] mappers[BarbedWireMapper] flags[Prop2;InheritCondition] ; not-in-dataset: item 1 [Base.BarbedWire] ; multi-type: item 1 mapper:BarbedWireMapper,item 1 tags[base:pliers] mode:keep flags[MayDegradeLight] | item 1 [Base.Broom;Base.IceHockeyStick;Base.Plunger] mappers[BarbedWireMapper] flags[Prop2;InheritCondition] | item 1 [Base.BarbedWire],item 1 mapper:BarbedWireMapper,recipes/recipes_improvised_weapons.txt,3
BindSpear,Base,Weaponry,300,CraftKnifeSpear,InHandCraft;Survivalist,Maintenance:1,Maintenance:10,true,Maintenance:3;Spear:1,,,,RecipeCodeOnCreate.slightlyMoreDurable,,Base.BrokenGlass;Base.CrudeBlade;Base.CrudeKnife;Base.FightingKnife;Base.FlintKnife;Base.HandFork;Base.HuntingKnife;Base.HuntingKnifeForged;Base.KitchenKnife;Base.KitchenKnifeForged;Base.LargeKnife;Base.LargeKnife_Scrap;Base.LeatherStrips;Base.LongCrudeBlade;Base.LongCrudeKnife;Base.LongStick;Base.Plunger;Base.Sapling;Base.Scissors;Base.Screwdriver;Base.Screwdriver_Old;Base.SharpBoneFragment;Base.SharpBone_Long;Base.SmallKnife;Base.SmashedBottle;Base.SteakKnife;Base.StoneBlade;Base.StoneBladeLong;Base.StoneKnifeLong;Base.Twine;Base.Zipties,,,Base.SpearCrude;Base.SpearCrudeLong;Base.SpearFightingKnife;Base.SpearGlass;Base.SpearHandFork;Base.SpearHuntingKnife;Base.SpearKnife;Base.SpearKnifeSmall;Base.SpearLargeKnife;Base.SpearScissors;Base.SpearScrapKnife;Base.SpearScrewdriver;Base.SpearSteakKnife;Base.SpearStone;Base.SpearStoneLong;Base.Spear_Bone;Base.Spear_BoneLong;Base.Spear_Plunger,SpearMapper,false,Base.Twine,,,,,,,multi-type: item 1 [Base.SmallKnife;Base.LargeKnife;Base.LargeKnife_Scrap;Base.FightingKnife;Base.BrokenGlass;Base.CrudeBlade;Base.CrudeKnife;Base.FlintKnife;Base.HandFork;Base.HuntingKnife;Base.HuntingKnifeForged;Base.KitchenKnife;Base.KitchenKnifeForged;Base.LongCrudeBlade;Base.LongCrudeKnife;Base.Plunger;Base.Scissors;Base.Screwdriver;Base.Screwdriver_Old;Base.SharpBone_Long;Base.SharpBoneFragment;Base.SmashedBottle;Base.StoneBlade;Base.StoneBladeLong;Base.StoneKnifeLong;Base.SteakKnife] mappers[SpearMapper] flags[Prop1;IsHeadPart;InheritSharpness] ; multi-type: item 1 [Base.LongStick;Base.Sapling] flags[Prop2;InheritCondition] ; multi-type: item 2 [Base.Zipties;Base.LeatherStrips;Base.Twine] flags[DontReplace] ; multi-type: item 1 mapper:SpearMapper,item 1 [Base.SmallKnife;Base.LargeKnife;Base.LargeKnife_Scrap;Base.FightingKnife;Base.BrokenGlass;Base.CrudeBlade;Base.CrudeKnife;Base.FlintKnife;Base.HandFork;Base.HuntingKnife;Base.HuntingKnifeForged;Base.KitchenKnife;Base.KitchenKnifeForged;Base.LongCrudeBlade;Base.LongCrudeKnife;Base.Plunger;Base.Scissors;Base.Screwdriver;Base.Screwdriver_Old;Base.SharpBone_Long;Base.SharpBoneFragment;Base.SmashedBottle;Base.StoneBlade;Base.StoneBladeLong;Base.StoneKnifeLong;Base.SteakKnife] mappers[SpearMapper] flags[Prop1;IsHeadPart;InheritSharpness] | item 1 [Base.LongStick;Base.Sapling] flags[Prop2;InheritCondition] | item 2 [Base.Zipties;Base.LeatherStrips;Base.Twine] flags[DontReplace],item 1 mapper:SpearMapper,recipes/recipes_spears.txt,45
BoltBat,Base,Weaponry,600,CraftWeapon2H,AnySurfaceCraft,Maintenance:4,Maintenance:30,false,,Maintenance:7;Blunt:7,,,,,Base.BaseballBat_Metal;Base.NutsBolts,base:drillmetal;base:wrench,,Base.BaseballBat_Metal_Bolts,,false,,,,,,,,not-in-dataset: item 1 [Base.BaseballBat_Metal] flags[Prop2;InheritCondition] ; not-in-dataset: item 2 [Base.NutsBolts] ; not-in-dataset: item 1 Base.BaseballBat_Metal_Bolts,item 1 tags[base:wrench] mode:keep flags[MayDegradeLight] | item 1 tags[base:drillmetal] mode:keep flags[MayDegrade] | item 1 [Base.BaseballBat_Metal] flags[Prop2;InheritCondition] | item 2 [Base.NutsBolts],item 1 Base.BaseballBat_Metal_Bolts,recipes/recipes_improvised_weapons.txt,32
BoneSpikeWeapon,Base,Weaponry,600,CraftWeapon1H,AnySurfaceCraft,Carving:3,Carving:30,true,,Maintenance:6;Blunt:6,,,,,Base.LargeBranch;Base.LeatherStrips;Base.LeatherStripsDirty;Base.SharpBoneFragment;Base.SharpBone_Long;Base.TreeBranch2,base:choptree;base:crudesaw;base:saw;base:sharpknife;base:smallsaw,,Base.Cudgel_Bone;Base.TreeBranch_Bone,HandleMapper,false,,,,,,,,multi-type: item 1 [Base.LargeBranch;Base.TreeBranch2] mappers[HandleMapper] flags[Prop2;InheritCondition] ; not-in-dataset: item 2 [Base.SharpBone_Long] ; not-in-dataset: item 2 [Base.SharpBoneFragment] ; multi-type: item 2 [Base.LeatherStrips;Base.LeatherStripsDirty] ; multi-type: item 1 mapper:HandleMapper,item 1 tags[base:choptree;base:saw;base:smallsaw;base:crudesaw;base:sharpknife] mode:keep flags[Prop1;IsNotDull;MayDegradeLight] | item 1 [Base.LargeBranch;Base.TreeBranch2] mappers[HandleMapper] flags[Prop2;InheritCondition] | item 2 [Base.SharpBone_Long] | item 2 [Base.SharpBoneFragment] | item 2 [Base.LeatherStrips;Base.LeatherStripsDirty],item 1 mapper:HandleMapper,recipes/recipes_bone.txt,304
BreakGlass,Base,,15,SmashBottle,InHandCraft;CanBeDoneInDark,,,,,,,,,,,base:glass,,Base.BrokenGlass,,false,,,,,,,,tags-only: item 1 tags[base:glass] flags[ItemCount] ; not-in-dataset: item 1 Base.BrokenGlass,item 1 tags[base:glass] flags[ItemCount],item 1 Base.BrokenGlass,recipes/recipes.txt,37
ButcherSmallAnimal,Base,Cooking,50,SliceMeat_Surface,AnySurfaceCraft;Cooking,,Butchering:10,,,,,,RecipeCodeOnCreate.cutSmallAnimal,,Base.DeadBird;Base.DeadMouse;Base.DeadRabbit;Base.DeadRat;Base.DeadSquirrel;Base.Frog,base:meatcleaver;base:sharpknife,,Base.DeadMouseSkinned;Base.DeadRatSkinned;Base.FrogMeat;Base.Rabbitmeat;Base.Smallbirdmeat,animalType,false,Base.DeadBird;Base.DeadMouse;Base.DeadMouseSkinned;Base.DeadRabbit;Base.DeadRat;Base.DeadRatSkinned;Base.DeadSquirrel;Base.FrogMeat;Base.Rabbitmeat;Base.Smallbirdmeat,,,,,,,multi-type: item 1 [Base.DeadBird;Base.DeadMouse;Base.DeadSquirrel;Base.DeadRat;Base.Frog;Base.DeadRabbit] mappers[animalType] flags[InheritFoodAge;ItemCount;InheritCooked] ; multi-type: item 1 mapper:animalType,item 1 tags[base:sharpknife;base:meatcleaver] mode:keep flags[IsNotDull;SharpnessCheck] | item 1 [Base.DeadBird;Base.DeadMouse;Base.DeadSquirrel;Base.DeadRat;Base.Frog;Base.DeadRabbit] mappers[animalType] flags[InheritFoodAge;ItemCount;InheritCooked],item 1 mapper:animalType,recipes/recipes_cooking.txt,702
CanReinforceLongWeapon,Base,Weaponry,600,CraftWeapon2H,AnySurfaceCraft,Woodwork:2,Woodwork:20,true,,Woodwork:4;Blunt:5,,base:canreinforceweapon,,,Base.BaseballBat;Base.BaseballBat_Crafted;Base.DenimStrips;Base.LeatherStrips;Base.LongHandle;Base.RippedSheets;Base.Screws,base:screwdriver;base:tincan,,Base.BaseballBat_Can;Base.LongHandle_Can,CanMapper,false,,,,,,,,multi-type: item 1 [Base.BaseballBat;Base.BaseballBat_Crafted;Base.LongHandle] mappers[CanMapper] flags[Prop2;InheritCondition] ; tags-only: item 3 tags[base:tincan] flags[ItemCount] ; not-in-dataset: item 3 [Base.Screws] ; multi-type: item 3 [Base.RippedSheets;Base.DenimStrips;Base.LeatherStrips] mode:destroy ; multi-type: item 1 mapper:CanMapper,item 1 tags[base:screwdriver] mode:keep flags[Prop1;MayDegradeLight] | item 1 [Base.BaseballBat;Base.BaseballBat_Crafted;Base.LongHandle] mappers[CanMapper] flags[Prop2;InheritCondition] | item 3 tags[base:tincan] flags[ItemCount] | item 3 [Base.Screws] | item 3 [Base.RippedSheets;Base.DenimStrips;Base.LeatherStrips] mode:destroy,item 1 mapper:CanMapper,recipes/recipes_improvised_weapons.txt,120
CanReinforceShortWeapon,Base,Weaponry,600,CraftWeapon1H,AnySurfaceCraft,Woodwork:1,Woodwork:10,true,,Woodwork:3;SmallBlunt:4,,base:canreinforceweapon,,,Base.DenimStrips;Base.Handle;Base.LeatherStrips;Base.RippedSheets;Base.Screws,base:screwdriver;base:tincan,,Base.Handle_Can,,false,,,,,,,,not-in-dataset: item 1 [Base.Handle] flags[Prop2;InheritCondition] ; tags-only: item 1 tags[base:tincan] flags[ItemCount] ; not-in-dataset: item 1 [Base.Screws] ; multi-type: item 1 [Base.RippedSheets;Base.DenimStrips;Base.LeatherStrips] mode:destroy ; not-in-dataset: item 1 Base.Handle_Can,item 1 tags[base:screwdriver] mode:keep flags[Prop1;MayDegradeLight] | item 1 [Base.Handle] flags[Prop2;InheritCondition] | item 1 tags[base:tincan] flags[ItemCount] | item 1 [Base.Screws] | item 1 [Base.RippedSheets;Base.DenimStrips;Base.LeatherStrips] mode:destroy,item 1 Base.Handle_Can,recipes/recipes_improvised_weapons.txt,152
CanReinforceWeapon,Base,Weaponry,600,CraftWeapon1H,AnySurfaceCraft,Woodwork:2,Woodwork:20,true,,Woodwork:4;SmallBlunt:5,,,,,Base.DenimStrips;Base.LeatherStrips;Base.RippedSheets;Base.Screws;Base.ShortBat;Base.TreeBranch2;Base.WoodenStick2,base:screwdriver;base:tincan,,Base.ShortBat_Can;Base.TreeBranch_Can;Base.WoodenStick_Can,CanMapper,false,,,,,,,,multi-type: item 1 [Base.ShortBat;Base.TreeBranch2;Base.WoodenStick2] mappers[CanMapper] flags[Prop2;InheritCondition] ; tags-only: item 2 tags[base:tincan] flags[ItemCount] ; not-in-dataset: item 2 [Base.Screws] ; multi-type: item 2 [Base.RippedSheets;Base.DenimStrips;Base.LeatherStrips] mode:destroy ; multi-type: item 1 mapper:CanMapper,item 1 tags[base:screwdriver] mode:keep flags[MayDegradeLight] | item 1 [Base.ShortBat;Base.TreeBranch2;Base.WoodenStick2] mappers[CanMapper] flags[Prop2;InheritCondition] | item 2 tags[base:tincan] flags[ItemCount] | item 2 [Base.Screws] | item 2 [Base.RippedSheets;Base.DenimStrips;Base.LeatherStrips] mode:destroy,item 1 mapper:CanMapper,recipes/recipes_improvised_weapons.txt,177
Carve2SmallHandles,Base,Carving,200,SharpenStakeWood,InHandCraft,Carving:1,Carving:10,,,,,,,,Base.Antlers_Wall;Base.BaseballBat_Broken;Base.Branch_Broken;Base.FieldHockeyStick_Broken;Base.Firewood;Base.GuitarElectricBassNeck_Broken;Base.LongHandle_Broken;Base.UnusableWood,base:meatcleaver;base:sharpknife,,Base.SmallHandle,,false,,,,,,,,multi-type: item 1 [Base.Antlers_Wall;Base.UnusableWood;Base.BaseballBat_Broken;Base.Branch_Broken;Base.Firewood;Base.FieldHockeyStick_Broken;Base.GuitarElectricBassNeck_Broken;Base.LongHandle_Broken] flags[AllowDestroyedItem;Prop2] ; not-in-dataset: item 2 Base.SmallHandle,item 1 tags[base:sharpknife;base:meatcleaver] mode:keep flags[Prop1;IsNotDull;MayDegradeLight] | item 1 [Base.Antlers_Wall;Base.UnusableWood;Base.BaseballBat_Broken;Base.Branch_Broken;Base.Firewood;Base.FieldHockeyStick_Broken;Base.GuitarElectricBassNeck_Broken;Base.LongHandle_Broken] flags[AllowDestroyedItem;Prop2],item 2 Base.SmallHandle,recipes/recipes_carving.txt,176
Carve4SmallHandles,Base,Carving,300,SharpenStakeWood,InHandCraft,Carving:1,Carving:10,,,,,,,,Base.LongStick_Broken;Base.Plank_Broken;Base.TableLeg_Broken;Base.TreeBranch2;Base.WoodenStick2,base:meatcleaver;base:sharpknife,,Base.SmallHandle,,false,,,,,,,,multi-type: item 1 [Base.TreeBranch2;Base.WoodenStick2;Base.LongStick_Broken;Base.Plank_Broken;Base.TableLeg_Broken] flags[AllowDestroyedItem;Prop2] ; not-in-dataset: item 4 Base.SmallHandle,item 1 tags[base:sharpknife;base:meatcleaver] mode:keep flags[Prop1;IsNotDull;MayDegradeLight] | item 1 [Base.TreeBranch2;Base.WoodenStick2;Base.LongStick_Broken;Base.Plank_Broken;Base.TableLeg_Broken] flags[AllowDestroyedItem;Prop2],item 4 Base.SmallHandle,recipes/recipes_carving.txt,195
Carve8SmallHandles,Base,Carving,400,SharpenStakeWood,InHandCraft,Carving:1,Carving:10,,,,,,,,Base.LongStick;Base.Sapling,base:meatcleaver;base:sharpknife,,Base.SmallHandle,,false,,,,,,,,multi-type: item 1 [Base.LongStick;Base.Sapling] flags[AllowDestroyedItem;Prop2] ; not-in-dataset: item 8 Base.SmallHandle,item 1 tags[base:sharpknife;base:meatcleaver] mode:keep flags[Prop1;IsNotDull;MayDegradeLight] | item 1 [Base.LongStick;Base.Sapling] flags[AllowDestroyedItem;Prop2],item 8 Base.SmallHandle,recipes/recipes_carving.txt,214
CarveBat,Base,Carving,600,SharpenStakeWood,AnySurfaceCraft,Carving:9,Carving:90,true,,Carving:10;Blunt:10,,,RecipeCodeOnCreate.minorCondition,,Base.LargeBranch,base:meatcleaver;base:sharpknife,,Base.BaseballBat_Crafted,,false,,,,,,,,not-in-dataset: item 1 [Base.LargeBranch] flags[Prop2] ; not-in-dataset: item 1 Base.BaseballBat_Crafted,item 1 tags[base:sharpknife;base:meatcleaver] mode:keep flags[Prop1;IsNotDull;MayDegradeLight] | item 1 [Base.LargeBranch] flags[Prop2],item 1 Base.BaseballBat_Crafted,recipes/recipes_carving.txt,532
CarveBucket,Base,Carving,600,SharpenStakeWood,AnySurfaceCraft,Carving:4,Carving:30,true,,Carving:6,,,,,Base.Handle;Base.Log;Base.TreeBranch2;Base.WoodenStick2,base:sharpknife,,Base.BucketCarved,,false,Base.BucketCarved,,,,,,,not-in-dataset: item 1 [Base.Log] flags[Prop2] ; multi-type: item 1 [Base.Handle;Base.TreeBranch2;Base.WoodenStick2] ; no-nutrition: item 1 Base.BucketCarved,item 1 tags[base:sharpknife] mode:keep flags[Prop1;IsNotDull;MayDegradeHeavy] | item 1 [Base.Log] flags[Prop2] | item 1 [Base.Handle;Base.TreeBranch2;Base.WoodenStick2],item 1 Base.BucketCarved,recipes/recipes_carving.txt,466
CarveClaySculptingTool,Base,Carving,100,SharpenStakeWood,AnySurfaceCraft,Carving:1,Carving:10,false,,,,,,,Base.SmallHandle,base:sharpknife,,Base.ClayTool_Carved,,false,,,,,,,,not-in-dataset: item 1 [Base.SmallHandle] flags[Prop2] ; not-in-dataset: item 1 Base.ClayTool_Carved,item 1 tags[base:sharpknife] mode:keep flags[Prop1;IsNotDull;MayDegradeLight] | item 1 [Base.SmallHandle] flags[Prop2],item 1 Base.ClayTool_Carved,recipes/recipes_carving.txt,79
CarveCuttingBoards,Base,Carving,300,SharpenStakeWood,AnySurfaceCraft,Carving:3,Carving:30,false,,,,,,,Base.Plank,base:saw;base:sharpknife,,Base.CuttingBoardWooden,,false,,,,,,,,not-in-dataset: item 1 [Base.Plank] flags[Prop2] ; not-in-dataset: item 2 Base.CuttingBoardWooden,item 1 tags[base:sharpknife] mode:keep flags[Prop1;IsNotDull;MayDegradeLight] | item 1 tags[base:saw] mode:keep flags[MayDegradeLight] | item 1 [Base.Plank] flags[Prop2],item 2 Base.CuttingBoardWooden,recipes/recipes_carving.txt,358
CarveDice,Base,Carving,100,SharpenStakeWood,AnySurfaceCraft,Carving:2,Carving:20,,,,,,,,Base.SmallAnimalBone;Base.SmallHandle,base:sharpknife,,Base.Dice_Bone;Base.Dice_Wood,DiceMap,false,,,,,,,,multi-type: item 1 [Base.SmallHandle;Base.SmallAnimalBone] mappers[DiceMap] ; multi-type: item 1 mapper:DiceMap,item 1 tags[base:sharpknife] mode:keep flags[Prop1;IsNotDull;MayDegradeLight] | item 1 [Base.SmallHandle;Base.SmallAnimalBone] mappers[DiceMap],item 1 mapper:DiceMap,recipes/recipes_carving.txt,252
CarveFleshingTool,Base,Carving,300,SharpenStakeBone,InHandCraft;Survivalist,Carving:2,Carving:20,true,,Carving:4,,,RecipeCodeOnCreate.minorCondition,,Base.AnimalBone;Base.LargeAnimalBone,base:crudesaw;base:meatcleaver;base:saw;base:sharpknife;base:smallsaw,,Base.Fleshing_Tool_Bone,,false,,,,,,,,multi-type: item 1 [Base.AnimalBone;Base.LargeAnimalBone] flags[InheritCondition] ; not-in-dataset: item 1 Base.Fleshing_Tool_Bone,item 1 tags[base:sharpknife;base:meatcleaver;base:saw;base:smallsaw;base:crudesaw] mode:keep flags[MayDegrade;IsNotDull] | item 1 [Base.AnimalBone;Base.LargeAnimalBone] flags[InheritCondition],item 1 Base.Fleshing_Tool_Bone,recipes/recipes_bone.txt,718
CarveGoblets,Base,Carving,600,SharpenStakeWood,AnySurfaceCraft,Carving:5,Carving:50,true,,Carving:7,,,,,Base.Log,base:sharpknife,,Base.Goblet_Wood,,false,Base.Goblet_Wood,,,,,,,not-in-dataset: item 1 [Base.Log] flags[Prop2] ; no-nutrition: item 4 Base.Goblet_Wood,item 1 tags[base:sharpknife] mode:keep flags[Prop1;IsNotDull;MayDegradeHeavy] | item 1 [Base.Log] flags[Prop2],item 4 Base.Goblet_Wood,recipes/recipes_carving.txt,488
CarveKnappingTools,Base,Carving,100,SharpenStakeWood,AnySurfaceCraft,Carving:1,Carving:10,,,,,,,,Base.Antlers_Wall,base:sharpknife,,Base.KnappingTool,,false,,,,,,,,not-in-dataset: item 1 [Base.Antlers_Wall] ; not-in-dataset: item 2 Base.KnappingTool,item 1 tags[base:sharpknife] mode:keep flags[Prop1;IsNotDull;MayDegradeLight] | item 1 [Base.Antlers_Wall],item 2 Base.KnappingTool,recipes/recipes_carving.txt,99
CarveKnittingNeedles,Base,Carving,200,SharpenStakeWood,InHandCraft,Carving:3,Carving:30,true,,,,,,,Base.Handle;Base.LongHandle_Broken;Base.LongStick_Broken;Base.SharpBone_Long;Base.TreeBranch2;Base.WoodenStick2,base:meatcleaver;base:sharpknife,,Base.KnittingNeedles_Bone,NeedleMapper,false,,,,,,,,multi-type: item 1 [Base.SharpBone_Long;Base.TreeBranch2;Base.Handle;Base.LongStick_Broken;Base.WoodenStick2;Base.LongHandle_Broken] flags[Prop2] mappers[NeedleMapper] ; not-in-dataset: item 1 mapper:NeedleMapper,item 1 tags[base:sharpknife;base:meatcleaver] mode:keep flags[Prop1;IsNotDull;MayDegradeLight] | item 1 [Base.SharpBone_Long;Base.TreeBranch2;Base.Handle;Base.LongStick_Broken;Base.WoodenStick2;Base.LongHandle_Broken] flags[Prop2] mappers[NeedleMapper],item 1 mapper:NeedleMapper,recipes/recipes_carving.txt,399
CarveLongHandle,Base,Carving,200,SharpenStakeWood,AnySurfaceCraft,Carving:3,Carving:30,,,,,,RecipeCodeOnCreate.minorCondition,,Base.LargeBranch;Base.Plank,base:meatcleaver;base:sharpknife,,Base.LongHandle,,false,,,,,,,,multi-type: item 1 [Base.Plank;Base.LargeBranch] flags[Prop2] ; not-in-dataset: item 1 Base.LongHandle,item 1 tags[base:sharpknife;base:meatcleaver] mode:keep flags[Prop1;IsNotDull;MayDegradeLight] | item 1 [Base.Plank;Base.LargeBranch] flags[Prop2],item 1 Base.LongHandle,recipes/recipes_carving.txt,379
CarveLongStick,Base,Carving,100,SharpenStakeWood,InHandCraft,,Carving:5,,,,,,,,,base:carvelongstick;base:meatcleaver;base:sharpknife,,Base.LongStick,,false,,,,,,,,tags-only: item 1 tags[base:carvelongstick] flags[Prop2;InheritCondition] ; not-in-dataset: item 1 Base.LongStick,item 1 tags[base:sharpknife;base:meatcleaver] mode:keep flags[MayDegradeLight;Prop1;IsNotDull] | item 1 tags[base:carvelongstick] flags[Prop2;InheritCondition],item 1 Base.LongStick,recipes/recipes_carving.txt,22
CarveMediumHandle,Base,Carving,200,SharpenStakeWood,AnySurfaceCraft,Carving:2,Carving:20,,,,,,RecipeCodeOnCreate.minorCondition,,Base.FieldHockeyStick_Broken;Base.LongHandle;Base.LongHandle_Broken;Base.LongStick_Broken;Base.TreeBranch2;Base.WoodenStick2,base:meatcleaver;base:sharpknife,,Base.Handle,,false,,,,,,,,multi-type: item 1 [Base.LongHandle;Base.LongStick_Broken;Base.WoodenStick2;Base.FieldHockeyStick_Broken;Base.LongHandle_Broken;Base.TreeBranch2] flags[AllowDestroyedItem;Prop2] ; not-in-dataset: item 1 Base.Handle,item 1 tags[base:sharpknife;base:meatcleaver] mode:keep flags[Prop1;IsNotDull;MayDegradeLight] | item 1 [Base.LongHandle;Base.LongStick_Broken;Base.WoodenStick2;Base.FieldHockeyStick_Broken;Base.LongHandle_Broken;Base.TreeBranch2] flags[AllowDestroyedItem;Prop2],item 1 Base.Handle,recipes/recipes_carving.txt,297
CarveMediumHandlesFromPlank,Base,Carving,300,SharpenStakeWood,AnySurfaceCraft,Carving:2,Carving:20,,,,,,RecipeCodeOnCreate.minorCondition,,Base.Plank,base:meatcleaver;base:sharpknife,,Base.Handle,,false,,,,,,,,not-in-dataset: item 1 [Base.Plank] flags[AllowDestroyedItem;Prop2] ; not-in-dataset: item 6 Base.Handle,item 1 tags[base:sharpknife;base:meatcleaver] mode:keep flags[Prop1;IsNotDull;MayDegradeLight] | item 1 [Base.Plank] flags[AllowDestroyedItem;Prop2],item 6 Base.Handle,recipes/recipes_carving.txt,317
CarvePipe,Base,Carving,400,SharpenStakeWood,AnySurfaceCraft,Carving:3,Carving:30,false,,,,,,,Base.SmallHandle,base:sharpknife,,Base.SmokingPipe,,false,,,,,,,,not-in-dataset: item 1 [Base.SmallHandle] flags[Prop2] ; not-in-dataset: item 1 Base.SmokingPipe,item 1 tags[base:sharpknife] mode:keep flags[Prop1;IsNotDull;MayDegradeLight] | item 1 [Base.SmallHandle] flags[Prop2],item 1 Base.SmokingPipe,recipes/recipes_carving.txt,424
CarvePlank,Base,Carving,200,SharpenStakeWood,AnySurfaceCraft,Carving:2,Carving:20,,,,,,RecipeCodeOnCreate.minorCondition,,Base.LargeBranch,base:meatcleaver;base:sharpknife,,Base.Plank,,false,,,,,,,,not-in-dataset: item 1 [Base.LargeBranch] flags[Prop2;InheritCondition] ; not-in-dataset: item 1 Base.Plank,item 1 tags[base:sharpknife;base:meatcleaver] mode:keep flags[Prop1;IsNotDull;MayDegradeLight] | item 1 [Base.LargeBranch] flags[Prop2;InheritCondition],item 1 Base.Plank,recipes/recipes_carving.txt,277
CarveShortBat,Base,Carving,300,SharpenStakeWood,AnySurfaceCraft,Carving:7,Carving:70,true,,Carving:9;SmallBlunt:9,,base:carvebat,RecipeCodeOnCreate.minorCondition,,Base.BaseballBat;Base.BaseballBat_Crafted;Base.LargeBranch;Base.Plank;Base.TreeBranch2,base:meatcleaver;base:sharpknife,,Base.ShortBat,,false,,,,,,,,multi-type: item 1 [Base.Plank;Base.TreeBranch2;Base.BaseballBat;Base.BaseballBat_Crafted;Base.LargeBranch] flags[Prop2] ; not-in-dataset: item 1 Base.ShortBat,item 1 tags[base:sharpknife;base:meatcleaver] mode:keep flags[Prop1;IsNotDull;MayDegradeLight] | item 1 [Base.Plank;Base.TreeBranch2;Base.BaseballBat;Base.BaseballBat_Crafted;Base.LargeBranch] flags[Prop2],item 1 Base.ShortBat,recipes/recipes_carving.txt,509
CarveSmallHandle,Base,Carving,100,,InHandCraft,Carving:1,Carving:10,,,,,,,,Base.BanjoNeck_Broken;Base.GardenToolHandle_Broken;Base.GuitarAcousticNeck_Broken;Base.GuitarElectricNeck_Broken;Base.Handle;Base.WoodenStick_Broken,base:meatcleaver;base:sharpknife,,Base.SmallHandle,,false,,,,,,,,multi-type: item 1 [Base.Handle;Base.BanjoNeck_Broken;Base.GardenToolHandle_Broken;Base.GuitarAcousticNeck_Broken;Base.GuitarElectricNeck_Broken;Base.WoodenStick_Broken] flags[AllowDestroyedItem;Prop2] ; not-in-dataset: item 1 Base.SmallHandle,item 1 tags[base:sharpknife;base:meatcleaver] mode:keep flags[Prop1;IsNotDull;MayDegradeLight] | item 1 [Base.Handle;Base.BanjoNeck_Broken;Base.GardenToolHandle_Broken;Base.GuitarAcousticNeck_Broken;Base.GuitarElectricNeck_Broken;Base.WoodenStick_Broken] flags[AllowDestroyedItem;Prop2],item 1 Base.SmallHandle,recipes/recipes_carving.txt,158
CarveSmallHandlesFromPlank,Base,Carving,500,SharpenStakeWood,AnySurfaceCraft,Carving:1,Carving:10,,,,,,,,Base.Plank,base:meatcleaver;base:sharpknife,,Base.SmallHandle,,false,,,,,,,,not-in-dataset: item 1 [Base.Plank] flags[Prop2] ; not-in-dataset: item 12 Base.SmallHandle,item 1 tags[base:sharpknife;base:meatcleaver] mode:keep flags[MayDegradeLight;Prop1;IsNotDull] | item 1 [Base.Plank] flags[Prop2],item 12 Base.SmallHandle,recipes/recipes_carving.txt,233
CarveSpear,Base,Carving,100,SharpenStakeWood,InHandCraft,,Carving:5,,,,,,RecipeCodeOnCreate.carveSpear,,Base.Broom;Base.Broom_Twig;Base.Gaffhook;Base.IceHockeyStick;Base.LongStick;Base.Mop;Base.Rake;Base.Sapling,base:meatcleaver;base:sharpknife,,Base.SpearCrafted,,false,,,,,,,,multi-type: item 1 [Base.LongStick;Base.Sapling;Base.Rake;Base.Gaffhook;Base.IceHockeyStick;Base.Mop;Base.Broom;Base.Broom_Twig] flags[Prop2;InheritCondition] ; not-in-dataset: item 1 Base.SpearCrafted,item 1 [Base.LongStick;Base.Sapling;Base.Rake;Base.Gaffhook;Base.IceHockeyStick;Base.Mop;Base.Broom;Base.Broom_Twig] flags[Prop2;InheritCondition] | item 1 tags[base:sharpknife;base:meatcleaver] mode:keep flags[Prop1;IsNotDull;MayDegradeLight],item 1 Base.SpearCrafted,recipes/recipes_spears.txt,3
CarveStick,Base,Carving,200,SharpenStakeWood,InHandCraft,Carving:1,Carving:10,,,,,,RecipeCodeOnCreate.minorCondition,,Base.FieldHockeyStick_Broken;Base.LongHandle_Broken;Base.LongStick_Broken;Base.Plank;Base.TreeBranch2,base:meatcleaver;base:saw;base:sharpknife,,Base.WoodenStick2,,false,,,,,,,,multi-type: item 1 [Base.Plank;Base.TreeBranch2;Base.LongStick_Broken;Base.FieldHockeyStick_Broken;Base.LongHandle_Broken] flags[Prop2] ; not-in-dataset: item 1 Base.WoodenStick2,item 1 tags[base:sharpknife;base:meatcleaver;base:saw] mode:keep flags[MayDegradeLight;Prop1;IsNotDull] | item 1 [Base.Plank;Base.TreeBranch2;Base.LongStick_Broken;Base.FieldHockeyStick_Broken;Base.LongHandle_Broken] flags[Prop2],item 1 Base.WoodenStick2,recipes/recipes_carving.txt,138
CarveTrowel,Base,Carving,100,SharpenStakeWood,InHandCraft,,Carving:5,false,,,,,RecipeCodeOnCreate.minorCondition,,Base.Handle;Base.LongHandle;Base.LongHandle_Broken;Base.LongStick;Base.LongStick_Broken;Base.Plunger;Base.TreeBranch2;Base.WoodenStick2,base:meatcleaver;base:sharpknife,,Base.MasonsTrowel_Wood,,false,,,,,,,,multi-type: item 1 [Base.TreeBranch2;Base.Handle;Base.LongStick_Broken;Base.WoodenStick2;Base.LongHandle_Broken;Base.LongHandle;Base.LongStick;Base.Plunger] flags[AllowDestroyedItem] ; not-in-dataset: item 1 Base.MasonsTrowel_Wood,item 1 tags[base:sharpknife;base:meatcleaver] mode:keep flags[MayDegrade;IsNotDull] | item 1 [Base.TreeBranch2;Base.Handle;Base.LongStick_Broken;Base.WoodenStick2;Base.LongHandle_Broken;Base.LongHandle;Base.LongStick;Base.Plunger] flags[AllowDestroyedItem],item 1 Base.MasonsTrowel_Wood,recipes/recipes_carving.txt,59
CarveWhistle,Base,Carving,200,SharpenStakeBone,AnySurfaceCraft,Carving:6,Carving:60,true,,Carving:8,,,,,Base.SmallAnimalBone,base:drillmetal;base:drillwood;base:drillwoodpoor;base:sharpknife,,Base.Whistle_Bone,,false,,,,,,,,not-in-dataset: item 1 [Base.SmallAnimalBone] flags[Prop2;AllowDestroyedItem] ; not-in-dataset: item 1 Base.Whistle_Bone,item 1 tags[base:drillwood;base:drillmetal;base:drillwoodpoor] mode:keep flags[MayDegradeLight] | item 1 tags[base:sharpknife] mode:keep flags[MayDegradeLight] | item 1 [Base.SmallAnimalBone] flags[Prop2;AllowDestroyedItem],item 1 Base.Whistle_Bone,recipes/recipes_bone.txt,740
CarveWoodenFork,Base,Carving,200,SharpenStakeWood,AnySurfaceCraft,Carving:2,Carving:20,true,,Carving:4,,,,,Base.SmallHandle;Base.WoodenSpoon,base:sharpknife,,Base.WoodenFork,,false,,,,,,,,multi-type: item 1 [Base.SmallHandle;Base.WoodenSpoon] flags[Prop2] ; not-in-dataset: item 1 Base.WoodenFork,item 1 tags[base:sharpknife] mode:keep flags[Prop1;IsNotDull;MayDegradeLight] | item 1 [Base.SmallHandle;Base.WoodenSpoon] flags[Prop2],item 1 Base.WoodenFork,recipes/recipes_carving.txt,337
CarveWoodenMask,Base,Tailoring,400,SharpenStakeWood,AnySurfaceCraft,Carving:4,Carving:40,,,,,,,,Base.LeatherStrips;Base.Plank,base:crudesaw;base:drillmetal;base:drillwood;base:drillwoodpoor;base:saw;base:sharpknife;base:smallsaw,,Base.Hat_HockeyMask_Wood,,false,,,,,,,,not-in-dataset: item 1 [Base.Plank] flags[Prop2] ; not-in-dataset: item 2 [Base.LeatherStrips] mode:destroy ; not-in-dataset: item 1 Base.Hat_HockeyMask_Wood,item 1 tags[base:sharpknife] mode:keep flags[MayDegradeLight;Prop1;IsNotDull;Prop1] | item 1 tags[base:saw;base:smallsaw;base:crudesaw] mode:keep flags[MayDegradeLight] | item 1 tags[base:drillwood;base:drillmetal;base:drillwoodpoor] mode:keep flags[MayDegradeLight] | item 1 [Base.Plank] flags[Prop2] | item 2 [Base.LeatherStrips] mode:destroy,item 1 Base.Hat_HockeyMask_Wood,recipes/recipes_tailoring_armor.txt,655
CarveWoodenSpade,Base,Carving,300,SharpenStakeWood,InHandCraft,Carving:4,Carving:40,true,,Carving:6,,,RecipeCodeOnCreate.minorCondition,,Base.LargeBranch;Base.Plank,base:meatcleaver;base:sharpknife,,Base.SpadeWood,,false,,,,,,,,multi-type: item 1 [Base.LargeBranch;Base.Plank] flags[Prop2;InheritCondition] ; not-in-dataset: item 1 Base.SpadeWood,item 1 tags[base:sharpknife;base:meatcleaver] mode:keep flags[Prop1;IsNotDull;MayDegradeLight] | item 1 [Base.LargeBranch;Base.Plank] flags[Prop2;InheritCondition],item 1 Base.SpadeWood,recipes/recipes_carving.txt,444
CarveWoodenSpoon,Base,Carving,100,SharpenStakeWood,AnySurfaceCraft,Carving:1,Carving:10,false,,,,,,,Base.SmallHandle,base:sharpknife,,Base.WoodenSpoon,,false,,,,,,,,not-in-dataset: item 1 [Base.SmallHandle] flags[Prop2] ; not-in-dataset: item 1 Base.WoodenSpoon,item 1 tags[base:sharpknife] mode:keep flags[Prop1;IsNotDull;MayDegradeLight] | item 1 [Base.SmallHandle] flags[Prop2],item 1 Base.WoodenSpoon,recipes/recipes_carving.txt,118
CastBlacksmithAnvil,Base,Blacksmithing,200,,Furnace,,,,,,,,,,Base.CeramicCrucibleSmall_Iron;Base.CeramicCrucible_Iron;Base.ClayBlacksmithAnvilMold,base:charcoal;base:tongs,,Base.BlacksmithAnvil,,false,Base.CeramicCrucibleSmall_Iron;Base.CeramicCrucible_Iron,,,,,,,not-in-dataset: item 1 [Base.ClayBlacksmithAnvilMold] ; tags-only: item 10 tags[base:charcoal] ; multi-type: item 32 [Base.CeramicCrucible_Iron;Base.CeramicCrucibleSmall_Iron] ; not-in-dataset: item 1 Base.BlacksmithAnvil,item 1 tags[base:tongs] mode:keep flags[MayDegradeLight] | item 1 [Base.ClayBlacksmithAnvilMold] | item 10 tags[base:charcoal] | item 32 [Base.CeramicCrucible_Iron;Base.CeramicCrucibleSmall_Iron],item 1 Base.BlacksmithAnvil,entities/blacksmith/craftRecipes/recipes_blacksmith_furnace_ii.txt,41
CastIronBar,Base,Blacksmithing,200,,Furnace,,,,,,,,,,Base.CeramicCrucibleSmall_Iron;Base.CeramicCrucible_Iron;Base.ClayBarMold;Base.IronBarMold;Base.SteelBarMold,base:charcoal;base:crudetongs;base:tongs,,Base.IronBar,,false,Base.CeramicCrucibleSmall_Iron;Base.CeramicCrucible_Iron,,,,,,,multi-type: item 4 [Base.CeramicCrucible_Iron;Base.CeramicCrucibleSmall_Iron] ; tags-only: item 4 tags[base:charcoal] ; not-in-dataset: item 1 Base.IronBar,item 4 [Base.CeramicCrucible_Iron;Base.CeramicCrucibleSmall_Iron] | item 1 tags[base:crudetongs;base:tongs] mode:keep flags[MayDegradeLight] | item 4 tags[base:charcoal] | item 1 [Base.ClayBarMold;Base.IronBarMold;Base.SteelBarMold] mode:keep,item 1 Base.IronBar,entities/blacksmith/craftRecipes/recipes_blacksmith_furnaces_i.txt,483
CastIronIngot,Base,Blacksmithing,200,,Furnace,,,,,,,,,,Base.CeramicCrucibleSmall_Iron;Base.CeramicCrucible_Iron;Base.ClayIngotMold;Base.IronIngotMold;Base.SteelIngotMold,base:charcoal;base:crudetongs;base:tongs,,Base.IronIngot,,false,Base.CeramicCrucibleSmall_Iron;Base.CeramicCrucible_Iron,,,,,,,multi-type: item 12 [Base.CeramicCrucible_Iron;Base.CeramicCrucibleSmall_Iron] ; tags-only: item 12 tags[base:charcoal] ; not-in-dataset: item 1 Base.IronIngot,item 12 [Base.CeramicCrucible_Iron;Base.CeramicCrucibleSmall_Iron] | item 1 tags[base:crudetongs;base:tongs] mode:keep flags[MayDegradeLight] | item 12 tags[base:charcoal] | item 1 [Base.ClayIngotMold;Base.IronIngotMold;Base.SteelIngotMold] mode:keep,item 1 Base.IronIngot,entities/blacksmith/craftRecipes/recipes_blacksmith_furnaces_i.txt,501
CastSteelBar,Base,Blacksmithing,200,,AdvancedFurnace,,,,,,,,,,Base.CeramicCrucibleSmall_Steel;Base.CeramicCrucible_Steel;Base.ClayBarMold;Base.IronBarMold;Base.SteelBarMold,base:charcoal;base:crudetongs;base:tongs,,Base.SteelBar,,false,Base.CeramicCrucibleSmall_Steel;Base.CeramicCrucible_Steel,,,,,,,multi-type: item 4 [Base.CeramicCrucible_Steel;Base.CeramicCrucibleSmall_Steel] ; tags-only: item 4 tags[base:charcoal] ; not-in-dataset: item 1 Base.SteelBar,item 4 [Base.CeramicCrucible_Steel;Base.CeramicCrucibleSmall_Steel] | item 1 tags[base:crudetongs;base:tongs] mode:keep flags[MayDegradeLight] | item 4 tags[base:charcoal] | item 1 [Base.ClayBarMold;Base.IronBarMold;Base.SteelBarMold] mode:keep,item 1 Base.SteelBar,entities/blacksmith/craftRecipes/recipes_blacksmith_furnaces_i.txt,619
CastSteelBarFromIron,Base,Blacksmithing,200,,AdvancedFurnace,,,,,,,,,,Base.CeramicCrucibleSmall_Iron;Base.CeramicCrucible_Iron;Base.ClayBarMold;Base.Coke;Base.Limestone;Base.SteelBarMold,base:crudetongs;base:tongs,,Base.SteelBar,,false,Base.CeramicCrucibleSmall_Iron;Base.CeramicCrucible_Iron,,,,,,,multi-type: item 4 [Base.CeramicCrucible_Iron;Base.CeramicCrucibleSmall_Iron] ; not-in-dataset: item 6 [Base.Coke] ; not-in-dataset: item 6 [Base.Limestone] ; not-in-dataset: item 1 Base.SteelBar,item 4 [Base.CeramicCrucible_Iron;Base.CeramicCrucibleSmall_Iron] | item 1 tags[base:crudetongs;base:tongs] mode:keep flags[MayDegradeLight] | item 6 [Base.Coke] | item 6 [Base.Limestone] | item 1 [Base.ClayBarMold;Base.SteelBarMold] mode:keep,item 1 Base.SteelBar,entities/blacksmith/craftRecipes/recipes_blacksmith_furnaces_i.txt,674
CastSteelIngot,Base,Blacksmithing,200,,AdvancedFurnace,,,,,,,,,,Base.CeramicCrucibleSmall_Steel;Base.CeramicCrucible_Steel;Base.ClayIngotMold;Base.IronIngotMold;Base.SteelIngotMold,base:charcoal;base:crudetongs;base:tongs,,Base.SteelIngot,,false,Base.CeramicCrucibleSmall_Steel;Base.CeramicCrucible_Steel,,,,,,,multi-type: item 12 [Base.CeramicCrucible_Steel;Base.CeramicCrucibleSmall_Steel] ; tags-only: item 12 tags[base:charcoal] ; not-in-dataset: item 1 Base.SteelIngot,item 12 [Base.CeramicCrucible_Steel;Base.CeramicCrucibleSmall_Steel] | item 1 tags[base:crudetongs;base:tongs] mode:keep flags[MayDegradeLight] | item 12 tags[base:charcoal] | item 1 [Base.ClayIngotMold;Base.IronIngotMold;Base.SteelIngotMold] mode:keep,item 1 Base.SteelIngot,entities/blacksmith/craftRecipes/recipes_blacksmith_furnaces_i.txt,637
CastSteelIngotFromIron,Base,Blacksmithing,200,,AdvancedFurnace,,,,,,,,,,Base.CeramicCrucibleSmall_Iron;Base.CeramicCrucible_Iron;Base.ClayIngotMold;Base.Coke;Base.Limestone;Base.SteelIngotMold,base:crudetongs;base:tongs,,Base.SteelIngot,,false,Base.CeramicCrucibleSmall_Iron;Base.CeramicCrucible_Iron,,,,,,,multi-type: item 12 [Base.CeramicCrucible_Iron;Base.CeramicCrucibleSmall_Iron] ; not-in-dataset: item 18 [Base.Coke] ; not-in-dataset: item 18 [Base.Limestone] ; not-in-dataset: item 1 Base.SteelIngot,item 12 [Base.CeramicCrucible_Iron;Base.CeramicCrucibleSmall_Iron] | item 1 tags[base:crudetongs;base:tongs] mode:keep flags[MayDegradeLight] | item 18 [Base.Coke] | item 18 [Base.Limestone] | item 1 [Base.ClayIngotMold;Base.SteelIngotMold] mode:keep,item 1 Base.SteelIngot,entities/blacksmith/craftRecipes/recipes_blacksmith_furnaces_i.txt,655
ChopLargeBranch,Base,Miscellaneous,40,MakingHammer_Surface,AnySurfaceCraft;CanBeDoneFromFloor,,,,,,,,,,Base.LargeBranch,base:choptree,,Base.Firewood;Base.Splinters,,false,,,,,,,,not-in-dataset: item 1 [Base.LargeBranch] flags[Prop2] ; not-in-dataset: item 4 Base.Firewood ; not-in-dataset: item 1 Base.Splinters,item 1 [Base.LargeBranch] flags[Prop2] | item 1 tags[base:choptree] mode:keep flags[IsNotDull;MayDegradeLight;Prop1],item 4 Base.Firewood | item 1 Base.Splinters,recipes/recipes_carpentry.txt,99
ChopLog,Base,Miscellaneous,60,MakingHammer_Surface,AnySurfaceCraft;CanBeDoneFromFloor,,,,,,,,,,Base.Log,base:choptree,,Base.Firewood;Base.Splinters,,false,,,,,,,,not-in-dataset: item 1 [Base.Log] flags[Prop2] ; not-in-dataset: item 6 Base.Firewood ; not-in-dataset: item 1 Base.Splinters,item 1 [Base.Log] flags[Prop2] | item 1 tags[base:choptree] mode:keep flags[IsNotDull;MayDegradeLight;Prop1],item 6 Base.Firewood | item 1 Base.Splinters,recipes/recipes_carpentry.txt,81
CleanBandage,Base,Medical,40,ScrubClothWithSoap,InHandCraft;Health,,,,,,,,,,*;Base.BandageDirty;Base.DenimStripsDirty;Base.LeatherStripsDirty;Base.RippedSheetsDirty,,category:Water,Base.Bandage;Base.DenimStrips;Base.LeatherStrips;Base.RippedSheets,ragType,true,,,,,,,,multi-type: item 1 [Base.BandageDirty;Base.DenimStripsDirty;Base.LeatherStripsDirty;Base.RippedSheetsDirty] mode:destroy flags[AllowFavorite;InheritFavorite] mappers[ragType] ; wildcard: item 1 [*] ; multi-type: item 1 mapper:ragType,item 1 [Base.BandageDirty;Base.DenimStripsDirty;Base.LeatherStripsDirty;Base.RippedSheetsDirty] mode:destroy flags[AllowFavorite;InheritFavorite] mappers[ragType] | item 1 [*] | -fluid 0.5 categories[Water] mode:mixture,item 1 mapper:ragType,recipes/recipes_medical.txt,108
CloseUmbrella,Base,,20,Making,InHandCraft;CanBeDoneInDark;RightClickOnly,,,,,,,,,,Base.UmbrellaBlack;Base.UmbrellaBlue;Base.UmbrellaRed;Base.UmbrellaTINTED;Base.UmbrellaWhite,,,Base.ClosedUmbrellaBlack;Base.ClosedUmbrellaBlue;Base.ClosedUmbrellaRed;Base.ClosedUmbrellaTINTED;Base.ClosedUmbrellaWhite,umbrellaElla,false,,,,,,,,multi-type: item 1 [Base.UmbrellaBlack;Base.UmbrellaBlue;Base.UmbrellaRed;Base.UmbrellaTINTED;Base.UmbrellaWhite] mappers[umbrellaElla] flags[AllowFavorite;InheritColor;InheritCondition;InheritEquipped;InheritFavorite;Prop1] ; multi-type: item 1 mapper:umbrellaElla,item 1 [Base.UmbrellaBlack;Base.UmbrellaBlue;Base.UmbrellaRed;Base.UmbrellaTINTED;Base.UmbrellaWhite] mappers[umbrellaElla] flags[AllowFavorite;InheritColor;InheritCondition;InheritEquipped;InheritFavorite;Prop1],item 1 mapper:umbrellaElla,recipes/recipes.txt,164
CollectPoppySeeds,Base,Farming,50,Making,InHandCraft;Farming,,,,,,,,,,Base.PoppyPodsDried,,,Base.PoppySeed,,false,Base.PoppyPodsDried;Base.PoppySeed,,,,,,,no-nutrition: item 1 [Base.PoppyPodsDried] mode:destroy flags[Prop2],item 1 [Base.PoppyPodsDried] mode:destroy flags[Prop2],item 1 Base.PoppySeed,recipes/recipes_farming.txt,386
CollectSeeds,Base,Farming,50,Making,InHandCraft;Farming,,,,,,,,,Tooltip_Recipe_RequireWholeVegetable,Base.BellPepper;Base.Cucumber;Base.PepperHabanero;Base.PepperJalapeno;Base.Pumpkin;Base.Strewberrie;Base.Tomato;Base.Watermelon;Base.Zucchini,base:dullknife;base:sharpknife;base:tweezers,,Base.BellPepperSeed;Base.CucumberSeed;Base.HabaneroSeed;Base.JalapenoSeed;Base.PumpkinSeed;Base.StrewberrieSeed;Base.TomatoSeed;Base.WatermelonSeed;Base.ZucchiniSeed,veggie,false,Base.BellPepper;Base.Cucumber;Base.PepperHabanero;Base.PepperJalapeno;Base.Pumpkin;Base.PumpkinSeed;Base.Strewberrie;Base.Tomato;Base.Watermelon;Base.Zucchini,,,,,,,multi-type: item 1 [Base.BellPepper;Base.Cucumber;Base.PepperHabanero;Base.PepperJalapeno;Base.Pumpkin;Base.Tomato;Base.Strewberrie;Base.Watermelon;Base.Zucchini] flags[AllowRottenItem;ItemCount] mappers[veggie] mode:destroy ; multi-type: item 1 mapper:veggie,item 1 tags[base:tweezers;base:dullknife;base:sharpknife] mode:keep flags[MayDegradeLight;Prop1;IsNotDull] | item 1 [Base.BellPepper;Base.Cucumber;Base.PepperHabanero;Base.PepperJalapeno;Base.Pumpkin;Base.Tomato;Base.Strewberrie;Base.Watermelon;Base.Zucchini] flags[AllowRottenItem;ItemCount] mappers[veggie] mode:destroy,item 1 mapper:veggie,recipes/recipes_farming.txt,340
CollectSunflowerSeeds,Base,Farming,50,Making,InHandCraft;Farming,,,,,,,,,,Base.SunflowerHeadDried,,,Base.SunflowerSeeds,,false,Base.SunflowerHeadDried;Base.SunflowerSeeds,,,,,,,no-nutrition: item 1 [Base.SunflowerHeadDried] mode:destroy flags[Prop2],item 1 [Base.SunflowerHeadDried] mode:destroy flags[Prop2],item 10 Base.SunflowerSeeds,recipes/recipes_farming.txt,370
ConvertIntoFingerlessGloves,Base,Tailoring,60,SewingCloth,AnySurfaceCraft,,,,,,,,,,Base.Gloves_LeatherGloves;Base.Gloves_LeatherGlovesBlack;Base.Gloves_LeatherGlovesBrown,base:scissors,,Base.Gloves_FingerlessLeatherGloves;Base.Gloves_FingerlessLeatherGloves_Black;Base.Gloves_FingerlessLeatherGloves_Brown,gloveColor,false,,,,,,,,multi-type: item 1 [Base.Gloves_LeatherGlovesBlack;Base.Gloves_LeatherGlovesBrown;Base.Gloves_LeatherGloves] flags[IsNotWorn;CopyClothing] mappers[gloveColor] ; multi-type: item 1 mapper:gloveColor,item 1 tags[base:scissors] mode:keep flags[SharpnessCheck;IsNotDull] | item 1 [Base.Gloves_LeatherGlovesBlack;Base.Gloves_LeatherGlovesBrown;Base.Gloves_LeatherGloves] flags[IsNotWorn;CopyClothing] mappers[gloveColor],item 1 mapper:gloveColor,recipes/recipes_tailoring.txt,3
CopyBuildingKey,Base,,230,Making,AnySurfaceCraft;CannotBeResearched,,,true,,,,,RecipeCodeOnCreate.copyKey,,Base.Key_Blank,base:buildingkey;base:smallfiles,,Base.Key1,,false,,,,,,,,not-in-dataset: item 1 [Base.Key_Blank] flags[Prop2] ; not-in-dataset: item 1 Base.Key1,item 1 tags[base:smallfiles] mode:keep flags[Prop1;MayDegradeLight] | item 1 tags[base:buildingkey] mode:keep | item 1 [Base.Key_Blank] flags[Prop2],item 1 Base.Key1,recipes/recipes.txt,429
CraftMakeshiftHAMRadio,Base,Electrical,100,DismantleElectrical,AnySurfaceCraft,Electricity:3,Electricity:30,true,,Electricity:8,,,RecipeCodeOnCreate.radioCraft,,Base.Amplifier;Base.ElectricWire;Base.ElectronicsScrap;Base.LightBulb;Base.LightBulbGreen;Base.RadioReceiver;Base.RadioTransmitter,base:aluminum;base:screwdriver,,Base.HamRadioMakeShift,,false,,,,,,,,not-in-dataset: item 4 [Base.ElectronicsScrap] flags[NoBrokenItems] ; not-in-dataset: item 1 [Base.Amplifier] flags[NoBrokenItems] ; not-in-dataset: item 1 [Base.LightBulb] flags[NoBrokenItems] ; not-in-dataset: item 1 [Base.LightBulbGreen] flags[NoBrokenItems] ; not-in-dataset: item 1 [Base.RadioReceiver] flags[NoBrokenItems] ; not-in-dataset: item 1 [Base.RadioTransmitter] flags[NoBrokenItems] ; not-in-dataset: item 3 [Base.ElectricWire] flags[NoBrokenItems] ; tags-only: item 4 tags[base:aluminum] flags[NoBrokenItems] ; not-in-dataset: item 1 Base.HamRadioMakeShift,item 4 [Base.ElectronicsScrap] flags[NoBrokenItems] | item 1 [Base.Amplifier] flags[NoBrokenItems] | item 1 [Base.LightBulb] flags[NoBrokenItems] | item 1 [Base.LightBulbGreen] flags[NoBrokenItems] | item 1 [Base.RadioReceiver] flags[NoBrokenItems] | item 1 [Base.RadioTransmitter] flags[NoBrokenItems] | item 3 [Base.ElectricWire] flags[NoBrokenItems] | item 4 tags[base:aluminum] flags[NoBrokenItems] | item 1 tags[base:screwdriver] mode:keep flags[NoBrokenItems],item 1 Base.HamRadioMakeShift,recipes/recipes_radio.txt,49
CraftMakeshiftRadio,Base,Electrical,100,DismantleElectrical,AnySurfaceCraft,Electricity:1,Electricity:10,true,,Electricity:6,,,RecipeCodeOnCreate.radioCraft,,Base.Amplifier;Base.ElectricWire;Base.ElectronicsScrap;Base.LightBulb;Base.RadioReceiver,base:aluminum;base:screwdriver,,Base.RadioMakeShift,,false,,,,,,,,not-in-dataset: item 2 [Base.ElectronicsScrap] flags[NoBrokenItems] ; not-in-dataset: item 1 [Base.Amplifier] flags[NoBrokenItems] ; not-in-dataset: item 1 [Base.LightBulb] flags[NoBrokenItems] ; not-in-dataset: item 1 [Base.RadioReceiver] flags[NoBrokenItems] ; not-in-dataset: item 1 [Base.ElectricWire] flags[NoBrokenItems] ; tags-only: item 2 tags[base:aluminum] flags[NoBrokenItems] ; not-in-dataset: item 1 Base.RadioMakeShift,item 2 [Base.ElectronicsScrap] flags[NoBrokenItems] | item 1 [Base.Amplifier] flags[NoBrokenItems] | item 1 [Base.LightBulb] flags[NoBrokenItems] | item 1 [Base.RadioReceiver] flags[NoBrokenItems] | item 1 [Base.ElectricWire] flags[NoBrokenItems] | item 2 tags[base:aluminum] flags[NoBrokenItems] | item 1 tags[base:screwdriver] mode:keep flags[NoBrokenItems],item 1 Base.RadioMakeShift,recipes/recipes_radio.txt,22
CraftMakeshiftWalkieTalkie,Base,Electrical,100,MakingElectrical,AnySurfaceCraft,Electricity:2,Electricity:20,true,,Electricity:7,,,RecipeCodeOnCreate.radioCraft,,Base.Amplifier;Base.ElectricWire;Base.ElectronicsScrap;Base.LightBulb;Base.LightBulbGreen;Base.RadioReceiver;Base.RadioTransmitter,base:aluminum;base:screwdriver,,Base.WalkieTalkieMakeShift,,false,,,,,,,,not-in-dataset: item 3 [Base.ElectronicsScrap] flags[NoBrokenItems] ; not-in-dataset: item 1 [Base.Amplifier] flags[NoBrokenItems] ; not-in-dataset: item 1 [Base.LightBulb] flags[NoBrokenItems] ; not-in-dataset: item 1 [Base.LightBulbGreen] flags[NoBrokenItems] ; not-in-dataset: item 1 [Base.RadioReceiver] flags[NoBrokenItems] ; not-in-dataset: item 1 [Base.RadioTransmitter] flags[NoBrokenItems] ; not-in-dataset: item 2 [Base.ElectricWire] flags[NoBrokenItems] ; tags-only: item 3 tags[base:aluminum] flags[NoBrokenItems] ; not-in-dataset: item 1 Base.WalkieTalkieMakeShift,item 3 [Base.ElectronicsScrap] flags[NoBrokenItems] | item 1 [Base.Amplifier] flags[NoBrokenItems] | item 1 [Base.LightBulb] flags[NoBrokenItems] | item 1 [Base.LightBulbGreen] flags[NoBrokenItems] | item 1 [Base.RadioReceiver] flags[NoBrokenItems] | item 1 [Base.RadioTransmitter] flags[NoBrokenItems] | item 2 [Base.ElectricWire] flags[NoBrokenItems] | item 3 tags[base:aluminum] flags[NoBrokenItems] | item 1 tags[base:screwdriver] mode:keep flags[NoBrokenItems],item 1 Base.WalkieTalkieMakeShift,recipes/recipes_radio.txt,78
CraftRope,Base,,140,Making,AnySurfaceCraft,,,,,,,,,,Base.Dogbane;Base.Handle;Base.HempScutched;Base.TreeBranch2;Base.WoodenStick2,base:scissors;base:sharpknife,,Base.Rope,,false,,,,,,,,multi-type: item 2 [Base.Dogbane;Base.HempScutched] flags[Prop2] ; not-in-dataset: item 1 Base.Rope,item 2 [Base.Dogbane;Base.HempScutched] flags[Prop2] | item 1 [Base.WoodenStick2;Base.TreeBranch2;Base.Handle] mode:keep flags[Prop1] | item 1 tags[base:sharpknife;base:scissors] mode:keep flags[IsNotDull;MayDegradeLight],item 1 Base.Rope,recipes/recipes.txt,3
CraftSheetRope,Base,,50,Making,InHandCraft;CanBeDoneInDark,,,,,,,,,,Base.Sheet,,,Base.SheetRope,,false,,,,,,,,not-in-dataset: item 1 [Base.Sheet] ; not-in-dataset: item 1 Base.SheetRope,item 1 [Base.Sheet],item 1 Base.SheetRope,recipes/recipes.txt,187
CraftTwine,Base,,180,Making,AnySurfaceCraft,,,,,,,,,,Base.Dogbane;Base.FlaxTow;Base.Handle;Base.HempScutched;Base.Thread_Sinew;Base.TreeBranch2;Base.WoodenStick2,base:scissors;base:sharpknife,,Base.Twine,,false,Base.Thread_Sinew;Base.Twine,,,,,,,multi-type: item 1 [Base.Dogbane;Base.HempScutched;Base.FlaxTow;25:Base.Thread_Sinew] flags[Prop2;IsExclusive] ; no-nutrition: item 1 Base.Twine,item 1 [Base.Dogbane;Base.HempScutched;Base.FlaxTow;25:Base.Thread_Sinew] flags[Prop2;IsExclusive] | item 1 [Base.WoodenStick2;Base.TreeBranch2;Base.Handle] mode:keep flags[Prop1] | item 1 tags[base:sharpknife;base:scissors] mode:keep flags[IsNotDull;MayDegradeLight],item 1 Base.Twine,recipes/recipes.txt,20
CreateBrainTan,Base,Cooking,40,MixingBowl,InHandCraft;Cooking,,,,,,,,,,,base:animalbrain;base:bowl,category:Water,Base.BrainTan,,true,,,,,,,,tags-only: item 1 tags[base:bowl] mode:destroy flags[IsFull;ItemCount] ; tags-only: item 1 tags[base:animalbrain] ; not-in-dataset: item 1 Base.BrainTan,item 1 tags[base:bowl] mode:destroy flags[IsFull;ItemCount] | -fluid 0.3 categories[Water] mode:mixture | item 1 tags[base:animalbrain],item 1 Base.BrainTan,recipes/recipes_baking.txt,67
CutBar,Base,Metalworking,50,Welding,AnySurfaceCraft,MetalWelding:1,MetalWelding:10,,,,,,,,Base.BlowTorch;Base.IronBar;Base.IronBarHalf;Base.SteelBar;Base.SteelBarHalf,base:weldingmask,,Base.IronBarHalf;Base.IronBarQuarter;Base.SteelBarHalf;Base.SteelBarQuarter,metalType,false,Base.BlowTorch,,,,,,,multi-type: item 1 [Base.IronBar;Base.IronBarHalf;Base.SteelBarHalf;Base.SteelBar] flags[Prop2;AllowDestroyedItem] mappers[metalType] ; no-nutrition: item 1 [Base.BlowTorch] flags[Prop1] ; multi-type: item 2 mapper:metalType,item 1 [Base.IronBar;Base.IronBarHalf;Base.SteelBarHalf;Base.SteelBar] flags[Prop2;AllowDestroyedItem] mappers[metalType] | item 1 [Base.BlowTorch] flags[Prop1] | item 1 tags[base:weldingmask] mode:keep,item 2 mapper:metalType,entities/blacksmith/craftRecipes/recipes_blacksmith_bar.txt,432
CutBlockIntoChunks,Base,Metalworking,100,Welding,AnySurfaceCraft,MetalWelding:1,MetalWelding:10,,,,,,,,Base.BlowTorch;Base.IronBlock;Base.PiercedIronBlock;Base.PiercedSteelBlock,base:weldingmask,,Base.SteelChunk,metalType,false,Base.BlowTorch,,,,,,,multi-type: item 1 [Base.IronBlock;Base.PiercedIronBlock;Base.PiercedSteelBlock;Base.PiercedSteelBlock] flags[Prop2] mappers[metalType] ; no-nutrition: item 2 [Base.BlowTorch] flags[Prop1] ; not-in-dataset: item 4 mapper:metalType,item 1 [Base.IronBlock;Base.PiercedIronBlock;Base.PiercedSteelBlock;Base.PiercedSteelBlock] flags[Prop2] mappers[metalType] | item 2 [Base.BlowTorch] flags[Prop1] | item 1 tags[base:weldingmask] mode:keep,item 4 mapper:metalType,entities/blacksmith/craftRecipes/recipes_blacksmith_bar.txt,406
CutChicken,Base,Cooking,150,SliceMeat_Surface,AnySurfaceCraft;Cooking,,Cooking:20,,,,,,RecipeCodeOnCreate.cutChicken,,Base.ChickenWhole,base:meatcleaver;base:sharpknife,,Base.Chicken;Base.ChickenFillet;Base.ChickenWings,,false,Base.Chicken;Base.ChickenFillet;Base.ChickenWhole;Base.ChickenWings,-195.0,0.0,7.0,96.2,-4.0,0.0,,item 1 tags[base:sharpknife;base:meatcleaver] mode:keep flags[IsNotDull;SharpnessCheck] | item 1 [Base.ChickenWhole] flags[InheritFoodAge;ItemCount],item 2 Base.Chicken | item 2 Base.ChickenWings | item 2 Base.ChickenFillet,recipes/recipes_cooking.txt,1129
CutCircularSawblade,Base,Metalworking,250,Welding,InHandCraft;Welding,MetalWelding:4,MetalWelding:25,true,,MetalWelding:6,,,,,Base.BlowTorch;Base.CircularSawblade,base:weldingmask,,Base.CircularSawblade_Half,,false,Base.BlowTorch,,,,,,,not-in-dataset: item 1 [Base.CircularSawblade] flags[AllowDestroyedItem] ; no-nutrition: item 2 [Base.BlowTorch] ; not-in-dataset: item 2 Base.CircularSawblade_Half,item 1 [Base.CircularSawblade] flags[AllowDestroyedItem] | item 2 [Base.BlowTorch] | item 1 tags[base:weldingmask] mode:keep,item 2 Base.CircularSawblade_Half,recipes/recipes_metalWelding.txt,120
CutCircularSawbladeWithBandsaw,Base,,50,Welding,MetalBandsaw,,,,,,,,,,Base.CircularSawblade,,,Base.CircularSawblade_Half,,false,,,,,,,,not-in-dataset: item 1 [Base.CircularSawblade] flags[AllowDestroyedItem] ; not-in-dataset: item 2 Base.CircularSawblade_Half,item 1 [Base.CircularSawblade] flags[AllowDestroyedItem],item 2 Base.CircularSawblade_Half,entities/blacksmith/craftRecipes/recipes_blacksmith_bandsaw.txt,19
CutHeadSack,Base,Tailoring,100,Making,InHandCraft,,,,,,false,,,,,base:cutheadsack;base:holddirt;base:normalpillow;base:scissors;base:sharpknife,,Base.Hat_HeadSack_Burlap;Base.Hat_HeadSack_Cotton;Base.Hat_HeadSack_Hide;Base.Hat_HeadSack_Tarp,fabricType,false,,,,,,,,tags-only: item 1 tags[base:holddirt;base:normalpillow;base:cutheadsack] flags[InheritColor] mappers[fabricType] ; multi-type: item 1 mapper:fabricType,item 1 tags[base:scissors;base:sharpknife] flags[SharpnessCheck;IsNotDull] mode:keep | item 1 tags[base:holddirt;base:normalpillow;base:cutheadsack] flags[InheritColor] mappers[fabricType],item 1 mapper:fabricType,recipes/recipes_tailoring_garbageTapeAndTarp.txt,82
CutIngotIntoBlocks,Base,Metalworking,100,Welding,AnySurfaceCraft,MetalWelding:2,MetalWelding:10,,,,,,,,Base.BlowTorch;Base.IronIngot;Base.PiercedIronIngot;Base.PiercedSteelIngot;Base.SteelIngot,base:weldingmask,,Base.SteelBlock,metalType,false,Base.BlowTorch,,,,,,,multi-type: item 1 [Base.IronIngot;Base.PiercedIronIngot;Base.PiercedSteelIngot;Base.SteelIngot] flags[Prop2] mappers[metalType] ; no-nutrition: item 2 [Base.BlowTorch] flags[Prop1] ; not-in-dataset: item 3 mapper:metalType,item 1 [Base.IronIngot;Base.PiercedIronIngot;Base.PiercedSteelIngot;Base.SteelIngot] flags[Prop2] mappers[metalType] | item 2 [Base.BlowTorch] flags[Prop1] | item 1 tags[base:weldingmask] mode:keep,item 3 mapper:metalType,entities/blacksmith/craftRecipes/recipes_blacksmith_bar.txt,380
CutIronBand,Base,Metalworking,250,Welding,InHandCraft;Welding,MetalWelding:4,MetalWelding:25,true,,MetalWelding:6,,,,,Base.BlowTorch;Base.IronBand,base:weldingmask,,Base.IronBandSmall,,false,Base.BlowTorch,,,,,,,not-in-dataset: item 1 [Base.IronBand] flags[AllowDestroyedItem] ; no-nutrition: item 2 [Base.BlowTorch] ; not-in-dataset: item 4 Base.IronBandSmall,item 1 [Base.IronBand] flags[AllowDestroyedItem] | item 2 [Base.BlowTorch] | item 1 tags[base:weldingmask] mode:keep,item 4 Base.IronBandSmall,recipes/recipes_metalWelding.txt,142
CutLeatherInHalf,Base,,300,Making,AnySurfaceCraft,,,,,,,,,,Base.CowLeather_Angus_Fur_Tan;Base.CowLeather_Angus_Fur_Tan_Medium;Base.CowLeather_Holstein_Fur_Tan;Base.CowLeather_Holstein_Fur_Tan_Medium;Base.CowLeather_Simmental_Fur_Tan;Base.CowLeather_Simmental_Fur_Tan_Medium;Base.DeerLeather_Fur_Tan;Base.Leather_Crude_Large;Base.Leather_Crude_Large_Tan;Base.Leather_Crude_Medium;Base.Leather_Crude_Medium_Tan;Base.PigLeather_Black_Fur_Tan;Base.PigLeather_Landrace_Fur_Tan;Base.SheepLeather_Fur_Tan,base:scissors;base:sharpknife,,Base.CowLeather_Angus_Fur_Tan_Medium;Base.CowLeather_Angus_Fur_Tan_Small;Base.CowLeather_Holstein_Fur_Tan_Medium;Base.CowLeather_Holstein_Fur_Tan_Small;Base.CowLeather_Simmental_Fur_Tan_Medium;Base.CowLeather_Simmental_Fur_Tan_Small;Base.DeerLeather_Fur_Tan_Small;Base.Leather_Crude_Medium;Base.Leather_Crude_Medium_Tan;Base.Leather_Crude_Small;Base.Leather_Crude_Small_Tan;Base.PigLeather_Black_Fur_Tan_Small;Base.PigLeather_Landrace_Fur_Tan_Small;Base.SheepLeather_Fur_Tan_Small,leatherMapper,false,,,,,,,,multi-type: item 1 [Base.Leather_Crude_Large;Base.Leather_Crude_Medium;Base.Leather_Crude_Large_Tan;Base.Leather_Crude_Medium_Tan;Base.CowLeather_Angus_Fur_Tan;Base.CowLeather_Angus_Fur_Tan_Medium;Base.CowLeather_Holstein_Fur_Tan;Base.CowLeather_Holstein_Fur_Tan_Medium;Base.CowLeather_Simmental_Fur_Tan;Base.CowLeather_Simmental_Fur_Tan_Medium;Base.SheepLeather_Fur_Tan;Base.PigLeather_Landrace_Fur_Tan;Base.PigLeather_Black_Fur_Tan;Base.DeerLeather_Fur_Tan] mappers[leatherMapper] ; multi-type: item 2 mapper:leatherMapper,item 1 [Base.Leather_Crude_Large;Base.Leather_Crude_Medium;Base.Leather_Crude_Large_Tan;Base.Leather_Crude_Medium_Tan;Base.CowLeather_Angus_Fur_Tan;Base.CowLeather_Angus_Fur_Tan_Medium;Base.CowLeather_Holstein_Fur_Tan;Base.CowLeather_Holstein_Fur_Tan_Medium;Base.CowLeather_Simmental_Fur_Tan;Base.CowLeather_Simmental_Fur_Tan_Medium;Base.SheepLeather_Fur_Tan;Base.PigLeather_Landrace_Fur_Tan;Base.PigLeather_Black_Fur_Tan;Base.DeerLeather_Fur_Tan] mappers[leatherMapper] | item 1 tags[base:sharpknife;base:scissors] mode:keep flags[IsNotDull;MayDegradeLight],item 2 mapper:leatherMapper,entities/animals/craftRecipes/recipes_leather_prep_blair.txt,3
CutSheet,Base,Tailoring,60,SewingCloth,AnySurfaceCraft,,,,,,,,,,Base.FabricRoll_Cotton,base:scissors,,Base.Sheet,,false,Base.FabricRoll_Cotton,,,,,,,no-nutrition: item 1 [Base.FabricRoll_Cotton] flags[InheritColor] ; not-in-dataset: item 1 Base.Sheet,item 1 tags[base:scissors] mode:keep flags[SharpnessCheck;IsNotDull] | item 1 [Base.FabricRoll_Cotton] flags[InheritColor],item 1 Base.Sheet,recipes/recipes_tailoring.txt,26
CutSmallMetalSheet,Base,Metalworking,250,Welding,AnySurfaceCraft,,,,,,,,,,Base.SheetMetal,base:sheetmetalsnips,,Base.SmallSheetMetal,,false,,,,,,,,not-in-dataset: item 1 [Base.SheetMetal] ; not-in-dataset: item 4 Base.SmallSheetMetal,item 1 [Base.SheetMetal] | item 1 tags[base:sheetmetalsnips] mode:keep flags[MayDegradeLight],item 4 Base.SmallSheetMetal,recipes/recipes_metalWelding.txt,85
CutTarp,Base,,80,CutClothing,InHandCraft,,,,,,,,,,Base.Tarp,base:scissors;base:sharpknife,,Base.TarpPiece,,false,,,,,,,,not-in-dataset: item 1 [Base.Tarp] flags[AllowDestroyedItem;Prop2] ; not-in-dataset: item 6 Base.TarpPiece,item 1 tags[base:scissors;base:sharpknife] mode:keep flags[MayDegradeLight;Prop1;IsNotDull] | item 1 [Base.Tarp] flags[AllowDestroyedItem;Prop2],item 6 Base.TarpPiece,recipes/recipes.txt,266
CutTurkey,Base,Cooking,150,SliceMeat_Surface,AnySurfaceCraft;Cooking,,Cooking:20,,,,,,RecipeCodeOnCreate.cutChicken,,Base.TurkeyWhole,base:meatcleaver;base:sharpknife,,Base.TurkeyFillet;Base.TurkeyLegs;Base.TurkeyWings,,false,Base.TurkeyFillet;Base.TurkeyLegs;Base.TurkeyWhole;Base.TurkeyWings,-501.0,0.0,4.7,99.8,-20.0,0.0,,item 1 tags[base:sharpknife;base:meatcleaver] mode:keep flags[IsNotDull;SharpnessCheck] | item 1 [Base.TurkeyWhole] flags[InheritFoodAge;ItemCount],item 2 Base.TurkeyLegs | item 2 Base.TurkeyWings | item 2 Base.TurkeyFillet,recipes/recipes_cooking.txt,1150
CutUpBelt,Base,,200,CutClothing,InHandCraft,,,,,,,,,,,base:scissors;base:scrapasbelt;base:sharpknife,,Base.Buckle;Base.LeatherStrips,,false,,,,,,,,tags-only: item 1 tags[base:scrapasbelt] flags[IsEmpty;AllowDestroyedItem;IsNotWorn;Prop2] ; not-in-dataset: item 1 Base.Buckle ; not-in-dataset: item 1 Base.LeatherStrips,item 1 tags[base:scissors;base:sharpknife] mode:keep flags[MayDegradeLight;Prop1;IsNotDull] | item 1 tags[base:scrapasbelt] flags[IsEmpty;AllowDestroyedItem;IsNotWorn;Prop2],item 1 Base.Buckle | item 1 Base.LeatherStrips,recipes/recipes.txt,449
CutUpIronBandWithBandsaw,Base,,50,Welding,MetalBandsaw,,,,,,,,,,Base.IronBand,,,Base.IronBandSmall,,false,,,,,,,,not-in-dataset: item 1 [Base.IronBand] flags[AllowDestroyedItem] ; not-in-dataset: item 4 Base.IronBandSmall,item 1 [Base.IronBand] flags[AllowDestroyedItem],item 4 Base.IronBandSmall,entities/blacksmith/craftRecipes/recipes_blacksmith_bandsaw.txt,34
CutUpLeather_Large,Base,Farming,300,Making,AnySurfaceCraft,,,,,,,,,,,base:leathercrudetannedlarge;base:leatherfurtannedlarge;base:scissors;base:sharpknife,,Base.LeatherStrips,,false,,,,,,,,tags-only: item 1 tags[base:leathercrudetannedlarge;base:leatherfurtannedlarge] ; not-in-dataset: item 25 Base.LeatherStrips,item 1 tags[base:leathercrudetannedlarge;base:leatherfurtannedlarge] | item 1 tags[base:sharpknife;base:scissors] mode:keep flags[IsNotDull;MayDegradeLight],item 25 Base.LeatherStrips,entities/animals/craftRecipes/recipes_leather_prep.txt,3
CutUpLeather_Medium,Base,Farming,300,Making,AnySurfaceCraft,,,,,,,,,,,base:leathercrudetannedmedium;base:leatherfurtannedmedium;base:scissors;base:sharpknife,,Base.LeatherStrips,,false,,,,,,,,tags-only: item 1 tags[base:leathercrudetannedmedium;base:leatherfurtannedmedium] ; not-in-dataset: item 12 Base.LeatherStrips,item 1 tags[base:leathercrudetannedmedium;base:leatherfurtannedmedium] | item 1 tags[base:sharpknife;base:scissors] mode:keep flags[IsNotDull;MayDegradeLight],item 12 Base.LeatherStrips,entities/animals/craftRecipes/recipes_leather_prep.txt,20
CutUpLeather_Small,Base,Farming,300,Making,AnySurfaceCraft,,,,,,,,,,,base:leathercrudetannedsmall;base:leatherfurtannedsmall;base:scissors;base:sharpknife,,Base.LeatherStrips,,false,,,,,,,,tags-only: item 1 tags[base:leathercrudetannedsmall;base:leatherfurtannedsmall] ; not-in-dataset: item 6 Base.LeatherStrips,item 1 tags[base:leathercrudetannedsmall;base:leatherfurtannedsmall] | item 1 tags[base:sharpknife;base:scissors] mode:keep flags[IsNotDull;MayDegradeLight],item 6 Base.LeatherStrips,entities/animals/craftRecipes/recipes_leather_prep.txt,37
CutUpTire,Base,,300,Making,AnySurfaceCraft,Strength:4,,false,,,,,,,,base:boltcutters;base:metalsaw;base:wholetire,,Base.ScrapMetal;Base.TirePiece,,false,,,,,,,,tags-only: item 1 tags[base:wholetire] flags[AllowDestroyedItem] ; not-in-dataset: item 4 Base.TirePiece ; not-in-dataset: item 1 Base.ScrapMetal,item 1 tags[base:metalsaw;base:boltcutters] mode:keep flags[Prop1;MayDegradeLight] | item 1 tags[base:wholetire] flags[AllowDestroyedItem],item 4 Base.TirePiece | item 1 Base.ScrapMetal,recipes/recipes.txt,410
CutUpTireWithBandsaw,Base,,200,Welding,MetalBandsaw,,,,,,,,,,,base:wholetire,,Base.ScrapMetal;Base.TirePiece,,false,,,,,,,,tags-only: item 1 tags[base:wholetire] flags[AllowDestroyedItem] ; not-in-dataset: item 4 Base.TirePiece ; not-in-dataset: item 1 Base.ScrapMetal,item 1 tags[base:wholetire] flags[AllowDestroyedItem],item 4 Base.TirePiece | item 1 Base.ScrapMetal,entities/blacksmith/craftRecipes/recipes_blacksmith_bandsaw.txt,3
Cut_Iron_Bar_Halves,Base,Metalworking,200,Welding,MetalBandsaw,,,,,,,,,,Base.IronBar,,,Base.IronBarHalf,barMap,false,,,,,,,,not-in-dataset: item 1 [Base.IronBar] flags[AllowDestroyedItem] mappers[barMap] ; not-in-dataset: item 2 mapper:barMap,item 1 [Base.IronBar] flags[AllowDestroyedItem] mappers[barMap],item 2 mapper:barMap,entities/blacksmith/craftRecipes/recipes_blacksmith_bandsaw.txt,65
Cut_Iron_Bar_Quarters,Base,Metalworking,200,Welding,MetalBandsaw,,,,,,,,,,Base.IronBarHalf,,,Base.IronBarQuarter,barMap,false,,,,,,,,not-in-dataset: item 1 [Base.IronBarHalf] flags[AllowDestroyedItem] mappers[barMap] ; not-in-dataset: item 2 mapper:barMap,item 1 [Base.IronBarHalf] flags[AllowDestroyedItem] mappers[barMap],item 2 mapper:barMap,entities/blacksmith/craftRecipes/recipes_blacksmith_bandsaw.txt,86
Cut_Iron_Chunks,Base,Metalworking,50,Welding,MetalBandsaw,,,,,,,,,,Base.IronBlock,,,Base.IronChunk,,false,,,,,,,,not-in-dataset: item 1 [Base.IronBlock] ; not-in-dataset: item 4 Base.IronChunk,item 1 [Base.IronBlock],item 4 Base.IronChunk,entities/blacksmith/craftRecipes/recipes_blacksmith_bandsaw.txt,49
Cut_Steel_Sheet_Into_Small_Sheets,Base,Metalworking,50,Welding,MetalBandsaw,,,,,,,,,,Base.SheetMetal,,,Base.SmallSheetMetal,,false,,,,,,,,not-in-dataset: item 1 [Base.SheetMetal] ; not-in-dataset: item 4 Base.SmallSheetMetal,item 1 [Base.SheetMetal],item 4 Base.SmallSheetMetal,entities/blacksmith/craftRecipes/recipes_blacksmith_bandsaw.txt,107
DisinfectBandage,Base,Medical,100,ScrubClothWithSoap,InHandCraft;Health;CanBeDoneFromFloor,,,,,,,,,Tooltip_needsToBeHot,*;Base.Bandage;Base.RippedSheets,,Water,Base.AlcoholBandage;Base.AlcoholRippedSheets,ragType,true,,,,,,,,multi-type: item 1 [Base.RippedSheets;Base.Bandage] mode:destroy flags[AllowFavorite;InheritFavorite] mappers[ragType] ; multi-type: item 1 mapper:ragType,item 1 [Base.RippedSheets;Base.Bandage] mode:destroy flags[AllowFavorite;InheritFavorite] mappers[ragType] | item 1 [*] mode:keep | -fluid 0.5 [Water],item 1 mapper:ragType,recipes/recipes_medical.txt,83
DisinfectRag,Base,Medical,40,ApplyAlcohol,InHandCraft;Health,,,,,,,,,,*;Base.Bandage;Base.RippedSheets,,RubbingAlcohol;Vodka;Whiskey,Base.AlcoholBandage;Base.AlcoholRippedSheets,ragType,true,,,,,,,,multi-type: item 1 [Base.RippedSheets;Base.Bandage] mode:destroy flags[AllowFavorite;InheritFavorite] mappers[ragType] ; wildcard: item 1 [*] ; multi-type: item 1 mapper:ragType,item 1 [Base.RippedSheets;Base.Bandage] mode:destroy flags[AllowFavorite;InheritFavorite] mappers[ragType] | item 1 [*] | -fluid 0.1 [RubbingAlcohol;Vodka;Whiskey],item 1 mapper:ragType,recipes/recipes_medical.txt,60
DismantleBlade,Base,Assembly,100,CraftWeapon1H,AnySurfaceCraft,,,,,,,,,,Base.CrudeKnife;Base.CrudeShortSword;Base.CrudeSword;Base.CrudeSword_Broken;Base.FlintKnife;Base.HandScythe;Base.HandScytheForged;Base.HuntingKnife;Base.HuntingKnifeForged;Base.KitchenKnife;Base.KitchenKnifeForged;Base.LargeKnife;Base.LongCrudeKnife;Base.Machete;Base.MacheteForged;Base.MeatCleaver;Base.MeatCleaverForged;Base.ShortSword;Base.StoneKnifeLong;Base.Sword;Base.Sword_Broken,base:clubhammer;base:hammer;base:mallet,,Base.CrudeBlade;Base.CrudeShortSwordBlade;Base.CrudeSwordBlade;Base.CrudeSwordBlade_Broken;Base.HandScytheBlade;Base.HuntingKnifeBlade;Base.KitchenKnifeBlade;Base.LargeKnifeBlade;Base.LongCrudeBlade;Base.MacheteBlade;Base.MeatCleaverBlade;Base.ShortSwordBlade;Base.StoneBlade;Base.StoneBladeLong;Base.SwordBlade;Base.SwordBlade_Broken,ThingMapper,false,,,,,,,,multi-type: item 1 [Base.CrudeKnife;Base.CrudeShortSword;Base.CrudeSword;Base.CrudeSword_Broken;Base.HandScythe;Base.HandScytheForged;Base.HuntingKnife;Base.HuntingKnifeForged;Base.KitchenKnife;Base.KitchenKnifeForged;Base.LargeKnife;Base.LongCrudeKnife;Base.Machete;Base.MacheteForged;Base.MeatCleaver;Base.MeatCleaverForged;Base.ShortSword;Base.Sword;Base.Sword_Broken;Base.FlintKnife;Base.StoneKnifeLong] flags[InheritCondition;InheritSharpness;Prop2;AllowDestroyedItem] mappers[ThingMapper] ; multi-type: item 1 mapper:ThingMapper,item 1 tags[base:hammer;base:clubhammer;base:mallet] mode:keep flags[Prop1] | item 1 [Base.CrudeKnife;Base.CrudeShortSword;Base.CrudeSword;Base.CrudeSword_Broken;Base.HandScythe;Base.HandScytheForged;Base.HuntingKnife;Base.HuntingKnifeForged;Base.KitchenKnife;Base.KitchenKnifeForged;Base.LargeKnife;Base.LongCrudeKnife;Base.Machete;Base.MacheteForged;Base.MeatCleaver;Base.MeatCleaverForged;Base.ShortSword;Base.Sword;Base.Sword_Broken;Base.FlintKnife;Base.StoneKnifeLong] flags[InheritCondition;InheritSharpness;Prop2;AllowDestroyedItem] mappers[ThingMapper],item 1 mapper:ThingMapper,recipes/recipes_disassembly.txt,3
DismantleElectronics,Base,Electrical,60,DismantleElectrical,InHandCraft;Electrical,,Electricity:2,,,,,,RecipeCodeOnCreate.dismantleFlashlight,,,base:camera;base:digital;base:flashlight;base:miscelectronic;base:screwdriver,,Base.ElectronicsScrap,,false,,,,,,,,tags-only: item 1 tags[base:camera;base:digital;base:miscelectronic;base:flashlight] mode:destroy flags[IsNotWorn;ItemCount;ResearchInput] ; not-in-dataset: item 1 Base.ElectronicsScrap,item 1 tags[base:screwdriver] mode:keep flags[NoBrokenItems] | item 1 tags[base:camera;base:digital;base:miscelectronic;base:flashlight] mode:destroy flags[IsNotWorn;ItemCount;ResearchInput],item 1 Base.ElectronicsScrap,recipes/recipes_electrical.txt,37
DismantleElectronicsDevice,Base,Electrical,60,DismantleElectrical,InHandCraft;Electrical,,Electricity:10,,,,,,RecipeCodeOnCreate.dismantleElectronics,,Base.HamRadio1;Base.HamRadio2;Base.HamRadioMakeShift;Base.ManPackRadio;Base.RadioBlack;Base.RadioMakeShift;Base.RadioRed;Base.TvAntique;Base.TvBlack;Base.TvWideScreen;Base.WalkieTalkie1;Base.WalkieTalkie2;Base.WalkieTalkie3;Base.WalkieTalkie4;Base.WalkieTalkie5;Base.WalkieTalkieMakeShift,base:screwdriver,,Base.ElectronicsScrap,,false,,,,,,,,multi-type: item 1 [Base.TvAntique;Base.TvWideScreen;Base.TvBlack;Base.RadioRed;Base.RadioBlack;Base.WalkieTalkie1;Base.WalkieTalkie2;Base.WalkieTalkie3;Base.WalkieTalkie4;Base.WalkieTalkie5;Base.ManPackRadio;Base.HamRadio1;Base.HamRadio2;Base.WalkieTalkieMakeShift;Base.HamRadioMakeShift;Base.RadioMakeShift] flags[NoBrokenItems;ResearchInput;ItemCount] mode:destroy ; not-in-dataset: item 1 Base.ElectronicsScrap,item 1 [Base.TvAntique;Base.TvWideScreen;Base.TvBlack;Base.RadioRed;Base.RadioBlack;Base.WalkieTalkie1;Base.WalkieTalkie2;Base.WalkieTalkie3;Base.WalkieTalkie4;Base.WalkieTalkie5;Base.ManPackRadio;Base.HamRadio1;Base.HamRadio2;Base.WalkieTalkieMakeShift;Base.HamRadioMakeShift;Base.RadioMakeShift] flags[NoBrokenItems;ResearchInput;ItemCount] mode:destroy | item 1 tags[base:screwdriver] mode:keep flags[NoBrokenItems],item 1 Base.ElectronicsScrap,recipes/recipes_radio.txt,3
DismantleImprovisedLighter,Base,Electrical,50,Making,InHandCraft,,,,,,,,,,Base.Lighter_Battery,,,Base.Battery;Base.ElectricWire,,false,Base.Battery;Base.Lighter_Battery,,,,,,,no-nutrition: item 1 [Base.Lighter_Battery] mode:destroy flags[InheritUses;ItemCount] ; no-nutrition: item 1 Base.Battery ; not-in-dataset: item 1 Base.ElectricWire,item 1 [Base.Lighter_Battery] mode:destroy flags[InheritUses;ItemCount],item 1 Base.Battery | item 1 Base.ElectricWire,recipes/recipes_electrical.txt,178
DismantleLongImplement,Base,Assembly,100,ChoppingBlock_Hammer,AnySurfaceCraft,,,,,,,,,,Base.Axe;Base.AxeStone;Base.Axe_Old;Base.GardenFork;Base.GardenHoe;Base.GardenHoeForged;Base.HammerStone;Base.LongMace;Base.LongMace_Stone;Base.PickAxe;Base.PickAxeForged;Base.Rake;Base.Scythe;Base.ScytheForged;Base.Shovel;Base.Sledgehammer;Base.Sledgehammer2;Base.SledgehammerForged;Base.SpadeForged;Base.SpearCrude;Base.SpearCrudeLong;Base.SpearLong;Base.SpearShort;Base.SpearStone;Base.SpearStoneLong;Base.Spear_Bone;Base.Spear_BoneLong;Base.StoneAxeLarge;Base.StoneMaul;Base.WoodAxe;Base.WoodAxeForged,base:clubhammer;base:hammer;base:mallet,,Base.Branch_Broken;Base.CrudeBlade;Base.FireAxeHead;Base.GardenForkHead;Base.GardenForkHead_Forged;Base.GardenHoeHead;Base.GardenToolHandle_Broken;Base.LongCrudeBlade;Base.LongHandle_Broken;Base.LongStick_Broken;Base.MaceHead;Base.OldAxeHead;Base.PickAxeHead;Base.RakeHead;Base.ScytheBlade;Base.SharpBoneFragment;Base.SharpBone_Long;Base.SharpedStone;Base.SledgehammerHead;Base.SpadeHead;Base.SpadeHead_Forged;Base.SpearHead;Base.SpearLongHead;Base.Stone2;Base.StoneAxeHead;Base.StoneBlade;Base.StoneBladeLong;Base.StoneMaceHead;Base.StoneMaulHead;Base.WoodAxeHead,HandleMapper;ThingMapper,false,,,,,,,,multi-type: item 1 [Base.Axe_Old;Base.LongMace;Base.LongMace_Stone;Base.PickAxe;Base.PickAxeForged;Base.Sledgehammer;Base.SledgehammerForged;Base.Sledgehammer2;Base.WoodAxe;Base.WoodAxeForged;Base.Axe;Base.GardenHoe;Base.GardenFork;Base.GardenHoeForged;Base.GardenFork;Base.Rake;Base.Scythe;Base.ScytheForged;Base.Shovel;Base.SpadeForged;Base.SpearCrude;Base.SpearCrudeLong;Base.SpearLong;Base.SpearShort;Base.SpearStoneLong;Base.SpearStone;Base.Spear_BoneLong;Base.Spear_Bone;Base.AxeStone;Base.HammerStone;Base.StoneAxeLarge;Base.StoneMaul] flags[InheritHeadCondition;InheritSharpness;Prop2;AllowDestroyedItem] mappers[ThingMapper;HandleMapper] ; multi-type: item 1 mapper:ThingMapper ; multi-type: item 1 mapper:HandleMapper,item 1 tags[base:hammer;base:clubhammer;base:mallet] mode:keep flags[Prop1;MayDegradeLight] | item 1 [Base.Axe_Old;Base.LongMace;Base.LongMace_Stone;Base.PickAxe;Base.PickAxeForged;Base.Sledgehammer;Base.SledgehammerForged;Base.Sledgehammer2;Base.WoodAxe;Base.WoodAxeForged;Base.Axe;Base.GardenHoe;Base.GardenFork;Base.GardenHoeForged;Base.GardenFork;Base.Rake;Base.Scythe;Base.ScytheForged;Base.Shovel;Base.SpadeForged;Base.SpearCrude;Base.SpearCrudeLong;Base.SpearLong;Base.SpearShort;Base.SpearStoneLong;Base.SpearStone;Base.Spear_BoneLong;Base.Spear_Bone;Base.AxeStone;Base.HammerStone;Base.StoneAxeLarge;Base.StoneMaul] flags[InheritHeadCondition;InheritSharpness;Prop2;AllowDestroyedItem] mappers[ThingMapper;HandleMapper],item 1 mapper:ThingMapper | item 1 mapper:HandleMapper,recipes/recipes_disassembly.txt,45
DismantleMiscElectronics,Base,Electrical,60,DismantleElectrical,InHandCraft;Electrical,,Electricity:2,,,,,,RecipeCodeOnCreate.dismantleMiscElectronics,,Base.CDplayer;Base.HomeAlarm;Base.Remote;Base.Speaker,base:screwdriver,,Base.Amplifier;Base.ElectronicsScrap;Base.MotionSensor;Base.Receiver,itemType,false,,,,,,,,multi-type: item 1 [Base.CDplayer;Base.HomeAlarm;Base.Remote;Base.Speaker] flags[ItemCount;ResearchInput] mappers[itemType] mode:destroy ; not-in-dataset: item 1 Base.ElectronicsScrap ; multi-type: item 1 mapper:itemType,item 1 tags[base:screwdriver] mode:keep flags[NoBrokenItems] | item 1 [Base.CDplayer;Base.HomeAlarm;Base.Remote;Base.Speaker] flags[ItemCount;ResearchInput] mappers[itemType] mode:destroy,item 1 Base.ElectronicsScrap | item 1 mapper:itemType,recipes/recipes_electrical.txt,56
DismantlePowerBar,Base,Electrical,100,DismantleElectrical,InHandCraft;Electrical,,Electricity:1,,,,,,,,Base.PowerBar,base:screwdriver;base:sharpknife,,Base.ElectricWire,,false,,,,,,,,not-in-dataset: item 1 [Base.PowerBar] mode:destroy ; not-in-dataset: item 1 Base.ElectricWire,item 1 tags[base:screwdriver;base:sharpknife] mode:keep flags[IsNotDull] | item 1 [Base.PowerBar] mode:destroy,item 1 Base.ElectricWire,recipes/recipes_electrical.txt,83
DismantleShortImplement,Base,Assembly,100,ChoppingBlock_Hammer,AnySurfaceCraft,,,,,,,,,,Base.BallPeenHammer;Base.BallPeenHammerForged;Base.ClubHammer;Base.ClubHammerForged;Base.Hammer;Base.HammerForged;Base.HandAxe;Base.HandAxeForged;Base.HandAxe_Old;Base.Hatchet_Bone;Base.Mace;Base.Mace_Stone;Base.SmithingHammer,base:clubhammer;base:hammer;base:mallet,,Base.BallPeenHammerHead;Base.ClawhammerHead;Base.ClubHammerHead;Base.HandAxeHead;Base.HatchetHead_Bone;Base.MaceHead;Base.OldAxeHead;Base.SmithingHammerHead;Base.StoneMaceHead,ThingMapper,false,,,,,,,,multi-type: item 1 [Base.BallPeenHammer;Base.BallPeenHammerForged;Base.ClubHammer;Base.ClubHammerForged;Base.Hammer;Base.HammerForged;Base.HandAxe;Base.HandAxeForged;Base.HandAxe_Old;Base.Mace;Base.Mace_Stone;Base.SmithingHammer;Base.Hatchet_Bone] flags[InheritHeadCondition;InheritSharpness;Prop2;AllowDestroyedItem] mappers[ThingMapper] ; multi-type: item 1 mapper:ThingMapper,item 1 tags[base:hammer;base:clubhammer;base:mallet] mode:keep flags[Prop1;MayDegradeLight] | item 1 [Base.BallPeenHammer;Base.BallPeenHammerForged;Base.ClubHammer;Base.ClubHammerForged;Base.Hammer;Base.HammerForged;Base.HandAxe;Base.HandAxeForged;Base.HandAxe_Old;Base.Mace;Base.Mace_Stone;Base.SmithingHammer;Base.Hatchet_Bone] flags[InheritHeadCondition;InheritSharpness;Prop2;AllowDestroyedItem] mappers[ThingMapper],item 1 mapper:ThingMapper,recipes/recipes_disassembly.txt,150
DivideShoulderpads,Base,Tailoring,180,CraftArmourPiece,AnySurfaceCraft,Tailoring:1,Tailoring:9,,,,,,,,Base.LeatherStrips;Base.Shoulderpads_Football;Base.Shoulderpads_FootballOnTop;Base.Shoulderpads_FootballOnTop_Spiked,base:heavythread;base:scissors;base:sewingneedle;base:sharpknife,,Base.Shoulderpad_Football_Spiked_L;Base.Shoulderpad_Football_Spiked_R,padMapperL;padMapperR,false,,,,,,,,multi-type: item 1 [Base.Shoulderpads_Football;Base.Shoulderpads_FootballOnTop;Base.Shoulderpads_FootballOnTop_Spiked] flags[IsNotWorn;CopyClothing] mappers[padMapperL;padMapperR] ; tags-only: item 2 tags[base:heavythread] ; not-in-dataset: item 4 [Base.LeatherStrips] mode:destroy ; not-in-dataset: item 1 mapper:padMapperL ; not-in-dataset: item 1 mapper:padMapperR,item 1 [Base.Shoulderpads_Football;Base.Shoulderpads_FootballOnTop;Base.Shoulderpads_FootballOnTop_Spiked] flags[IsNotWorn;CopyClothing] mappers[padMapperL;padMapperR] | item 1 tags[base:scissors;base:sharpknife] mode:keep flags[IsNotDull;MayDegradeLight] | item 1 tags[base:sewingneedle] mode:keep flags[MayDegradeLight] | item 2 tags[base:heavythread] | item 4 [Base.LeatherStrips] mode:destroy,item 1 mapper:padMapperL | item 1 mapper:padMapperR,recipes/recipes_tailoring_armor.txt,807
DouseCottonInAlcohol,Base,Medical,20,ApplyAlcohol,InHandCraft;Health,,,,,,,,,,*;Base.CottonBalls,,RubbingAlcohol;Vodka;Whiskey,Base.AlcoholedCottonBalls,,true,Base.AlcoholedCottonBalls,,,,,,,not-in-dataset: item 1 [Base.CottonBalls] ; wildcard: item 1 [*],item 1 [Base.CottonBalls] | item 1 [*] | -fluid 0.1 [RubbingAlcohol;Vodka;Whiskey],item 1 Base.AlcoholedCottonBalls,recipes/recipes_medical.txt,150
DrawRandomCard,Base,Miscellaneous,20,DrawCard,InHandCraft;RightClickOnly,,,,,,false,,RecipeCodeOnCreate.drawRandomCard,,Base.CardDeck,,,,,false,,,,,,,,no-outputs,item 1 [Base.CardDeck] mode:keep,,recipes/recipes_cardsAndDice.txt,3
DrillPlank,Base,Miscellaneous,40,Making,AnySurfaceCraft,,Carving:1,,,,,,,,Base.LargeBranch;Base.Log;Base.Plank,base:drillwood;base:drillwoodpoor;base:dullknife;base:screwdriver;base:sharpknife,,Base.PercedWood,,false,,,,,,,,multi-type: item 1 [Base.Plank;Base.Log;Base.LargeBranch] flags[Prop2] ; not-in-dataset: item 1 Base.PercedWood,item 1 [Base.Plank;Base.Log;Base.LargeBranch] flags[Prop2] | item 1 tags[base:screwdriver;base:dullknife;base:sharpknife;base:drillwood;base:drillwoodpoor] mode:keep flags[Prop1;MayDegradeLight],item 1 Base.PercedWood,recipes/recipes_survivalist.txt,3
Drill_Draw_Plate,Base,Metalworking,50,Making,StandingDrillPress,MetalWelding:3,MetalWelding:10,true,,,,,,,Base.SteelBarQuarter,,,Base.DrawPlate,,false,,,,,,,,not-in-dataset: item 1 [Base.SteelBarQuarter] ; not-in-dataset: item 1 Base.DrawPlate,item 1 [Base.SteelBarQuarter],item 1 Base.DrawPlate,entities/blacksmith/craftRecipes/recipes_blacksmith_standingdrill.txt,105
Drill_Heading_Tool,Base,Metalworking,50,Making,StandingDrillPress,MetalWelding:3,MetalWelding:10,true,,,,,,,,base:barstockquarter,,Base.HeadingTool,,false,,,,,,,,tags-only: item 1 tags[base:barstockquarter] ; not-in-dataset: item 1 Base.HeadingTool,item 1 tags[base:barstockquarter],item 1 Base.HeadingTool,entities/blacksmith/craftRecipes/recipes_blacksmith_standingdrill.txt,124
Drill_Iron_Block,Base,Metalworking,50,Welding,StandingDrillPress,MetalWelding:2,,,,,,,,,Base.IronBlock,,,Base.PiercedIronBlock,,false,,,,,,,,not-in-dataset: item 1 [Base.IronBlock] ; not-in-dataset: item 1 Base.PiercedIronBlock,item 1 [Base.IronBlock],item 1 Base.PiercedIronBlock,entities/blacksmith/craftRecipes/recipes_blacksmith_standingdrill.txt,54
Drill_Iron_Chunk,Base,Metalworking,200,Welding,StandingDrillPress,MetalWelding:1,,,,,,,,,Base.IronChunk,,,Base.PiercedIronChunk,,false,,,,,,,,not-in-dataset: item 1 [Base.IronChunk] ; not-in-dataset: item 1 Base.PiercedIronChunk,item 1 [Base.IronChunk],item 1 Base.PiercedIronChunk,entities/blacksmith/craftRecipes/recipes_blacksmith_standingdrill.txt,88
Drill_Iron_Ingot,Base,Metalworking,100,Welding,StandingDrillPress,MetalWelding:3,,,,,,,,,Base.IronIngot,,,Base.PiercedIronIngot,,false,,,,,,,,not-in-dataset: item 1 [Base.IronIngot] ; not-in-dataset: item 1 Base.PiercedIronIngot,item 1 [Base.IronIngot],item 1 Base.PiercedIronIngot,entities/blacksmith/craftRecipes/recipes_blacksmith_standingdrill.txt,20
Drill_Steel_Block,Base,Metalworking,50,Welding,StandingDrillPress,MetalWelding:3,,,,,,,,,Base.SteelBlock,,,Base.PiercedSteelBlock,,false,,,,,,,,not-in-dataset: item 1 [Base.SteelBlock] ; not-in-dataset: item 1 Base.PiercedSteelBlock,item 1 [Base.SteelBlock],item 1 Base.PiercedSteelBlock,entities/blacksmith/craftRecipes/recipes_blacksmith_standingdrill.txt,37
Drill_Steel_Chunk,Base,Metalworking,200,Welding,StandingDrillPress,MetalWelding:2,,,,,,,,,Base.SteelChunk,,,Base.PiercedSteelChunk,,false,,,,,,,,not-in-dataset: item 1 [Base.SteelChunk] ; not-in-dataset: item 1 Base.PiercedSteelChunk,item 1 [Base.SteelChunk],item 1 Base.PiercedSteelChunk,entities/blacksmith/craftRecipes/recipes_blacksmith_standingdrill.txt,71
Drill_Steel_Ingot,Base,Metalworking,100,Welding,StandingDrillPress,MetalWelding:4,,,,,,,,,Base.SteelIngot,,,Base.PiercedSteelIngot,,false,,,,,,,,not-in-dataset: item 1 [Base.SteelIngot] ; not-in-dataset: item 1 Base.PiercedSteelIngot,item 1 [Base.SteelIngot],item 1 Base.PiercedSteelIngot,entities/blacksmith/craftRecipes/recipes_blacksmith_standingdrill.txt,3
DryBarley,Base,Farming,172800,,DryingRackGrain,,,,,,,,,,Base.BarleySheaf,,,Base.BarleySheafDried,,false,Base.BarleySheaf;Base.BarleySheafDried,,,,,,,variable-amount: item variable[1:20] [Base.BarleySheaf] flags[ItemCount] mode:destroy ; variable-amount: item variable[1:20] Base.BarleySheafDried,item variable[1:20] [Base.BarleySheaf] flags[ItemCount] mode:destroy,item variable[1:20] Base.BarleySheafDried,entities/agricultural/workstations/entity_Drying_Rack_craftRecipe.txt,115
DryBasil,Base,Farming,86400,,DryingRackHerb,,,,,,,,,,Base.Basil,,,Base.BasilDried,,false,Base.Basil;Base.BasilDried,,,,,,,variable-amount: item variable[1:20] [Base.Basil] ; variable-amount: item variable[1:20] Base.BasilDried,item variable[1:20] [Base.Basil],item variable[1:20] Base.BasilDried,entities/agricultural/workstations/entity_Herb_Drying_Rack_craftRecipe.txt,3
DryBlackSage,Base,Farming,86400,,DryingRackHerb,,,,,,,,,,Base.BlackSage,,,Base.BlackSageDried,,false,Base.BlackSage;Base.BlackSageDried,,,,,,,variable-amount: item variable[1:20] [Base.BlackSage] ; variable-amount: item variable[1:20] Base.BlackSageDried,item variable[1:20] [Base.BlackSage],item variable[1:20] Base.BlackSageDried,entities/agricultural/workstations/entity_Herb_Drying_Rack_craftRecipe.txt,179
DryBroadleafPlantain,Base,Farming,86400,,DryingRackHerb,,,,,,,,,,Base.Plantain,,,Base.PlantainDried,,false,Base.Plantain;Base.PlantainDried,,,,,,,variable-amount: item variable[1:20] [Base.Plantain] ; variable-amount: item variable[1:20] Base.PlantainDried,item variable[1:20] [Base.Plantain],item variable[1:20] Base.PlantainDried,entities/agricultural/workstations/entity_Herb_Drying_Rack_craftRecipe.txt,227
DryChamomile,Base,Farming,86400,,DryingRackHerb,,,,,,,,,,Base.Chamomile,,,Base.ChamomileDried,,false,Base.Chamomile;Base.ChamomileDried,,,,,,,variable-amount: item variable[1:20] [Base.Chamomile] ; variable-amount: item variable[1:20] Base.ChamomileDried,item variable[1:20] [Base.Chamomile],item variable[1:20] Base.ChamomileDried,entities/agricultural/workstations/entity_Herb_Drying_Rack_craftRecipe.txt,19
DryChives,Base,Farming,86400,,DryingRackHerb,,,,,,,,,,Base.Chives,,,Base.ChivesDried,,false,Base.Chives;Base.ChivesDried,,,,,,,variable-amount: item variable[1:20] [Base.Chives] ; variable-amount: item variable[1:20] Base.ChivesDried,item variable[1:20] [Base.Chives],item variable[1:20] Base.ChivesDried,entities/agricultural/workstations/entity_Herb_Drying_Rack_craftRecipe.txt,35
DryCilantro,Base,Farming,86400,,DryingRackHerb,,,,,,,,,,Base.Cilantro,,,Base.CilantroDried,,false,Base.Cilantro;Base.CilantroDried,,,,,,,variable-amount: item variable[1:20] [Base.Cilantro] ; variable-amount: item variable[1:20] Base.CilantroDried,item variable[1:20] [Base.Cilantro],item variable[1:20] Base.CilantroDried,entities/agricultural/workstations/entity_Herb_Drying_Rack_craftRecipe.txt,51
DryComfrey,Base,Farming,86400,,DryingRackHerb,,,,,,,,,,Base.Comfrey,,,Base.ComfreyDried,,false,Base.Comfrey;Base.ComfreyDried,,,,,,,variable-amount: item variable[1:20] [Base.Comfrey] ; variable-amount: item variable[1:20] Base.ComfreyDried,item variable[1:20] [Base.Comfrey],item variable[1:20] Base.ComfreyDried,entities/agricultural/workstations/entity_Herb_Drying_Rack_craftRecipe.txt,195
DryCommonMallow,Base,Farming,86400,,DryingRackHerb,,,,,,,,,,Base.CommonMallow,,,Base.CommonMallowDried,,false,Base.CommonMallow;Base.CommonMallowDried,,,,,,,variable-amount: item variable[1:20] [Base.CommonMallow] ; variable-amount: item variable[1:20] Base.CommonMallowDried,item variable[1:20] [Base.CommonMallow],item variable[1:20] Base.CommonMallowDried,entities/agricultural/workstations/entity_Herb_Drying_Rack_craftRecipe.txt,211
DryCorn,Base,Farming,172800,,DryingRackGrain,,,,,,,,,,Base.Corn,,,Base.CornSeed,,false,Base.Corn;Base.CornSeed,,,,,,,variable-amount: item variable[1:20] [Base.Corn] flags[ItemCount] mode:destroy ; variable-amount: item variable[1:20] Base.CornSeed,item variable[1:20] [Base.Corn] flags[ItemCount] mode:destroy,item variable[1:20] Base.CornSeed,entities/agricultural/workstations/entity_Drying_Rack_craftRecipe.txt,3
DryFlax,Base,Farming,172800,,DryingRackGrain,,,,,,,,,,Base.Flax,,,Base.FlaxDried,,false,Base.Flax,,,,,,,variable-amount: item variable[1:20] [Base.Flax] flags[ItemCount] mode:destroy ; variable-amount: item variable[1:20] Base.FlaxDried,item variable[1:20] [Base.Flax] flags[ItemCount] mode:destroy,item variable[1:20] Base.FlaxDried,entities/agricultural/workstations/entity_Drying_Rack_craftRecipe.txt,51
DryGrass,Base,Farming,86400,,DryingRackHerb,,,,,,,,,,Base.GrassTuft,,,Base.HayTuft,,false,Base.GrassTuft;Base.HayTuft,,,,,,,variable-amount: item variable[1:20] [Base.GrassTuft] flags[ItemCount] mode:destroy ; variable-amount: item variable[1:20] Base.HayTuft,item variable[1:20] [Base.GrassTuft] flags[ItemCount] mode:destroy,item variable[1:20] Base.HayTuft,entities/agricultural/workstations/entity_Herb_Drying_Rack_craftRecipe.txt,387
DryGreenpeas,Base,Farming,86400,,DryingRackHerb,,,,,,,,,,Base.Greenpeas,,,Base.GreenpeasSeed,,false,Base.Greenpeas;Base.GreenpeasSeed,,,,,,,variable-amount: item variable[1:20] [Base.Greenpeas] flags[ItemCount] mode:destroy ; variable-amount: item variable[1:20] Base.GreenpeasSeed,item variable[1:20] [Base.Greenpeas] flags[ItemCount] mode:destroy,item variable[1:20] Base.GreenpeasSeed,entities/agricultural/workstations/entity_Herb_Drying_Rack_craftRecipe.txt,291
DryHabaneros,Base,Farming,86400,,DryingRackHerb,,,,,,,,,,Base.PepperHabanero,,,Base.PepperHabaneroDried,,false,Base.PepperHabanero;Base.PepperHabaneroDried,,,,,,,variable-amount: item variable[1:20] [Base.PepperHabanero] flags[ItemCount] mode:destroy ; variable-amount: item variable[1:20] Base.PepperHabaneroDried,item variable[1:20] [Base.PepperHabanero] flags[ItemCount] mode:destroy,item variable[1:20] Base.PepperHabaneroDried,entities/agricultural/workstations/entity_Herb_Drying_Rack_craftRecipe.txt,275
DryHemp,Base,Farming,172800,,DryingRackGrain,,,,,,,,,,Base.HempBundle,,,Base.HempBundleDried,,false,Base.HempBundle;Base.HempBundleDried,,,,,,,variable-amount: item variable[1:20] [Base.HempBundle] flags[ItemCount] mode:destroy ; variable-amount: item variable[1:20] Base.HempBundleDried,item variable[1:20] [Base.HempBundle] flags[ItemCount] mode:destroy,item variable[1:20] Base.HempBundleDried,entities/agricultural/workstations/entity_Drying_Rack_craftRecipe.txt,99
DryHops,Base,Farming,86400,,DryingRackHerb,,,,,,,,,,Base.Hops,,,Base.HopsDried,,false,Base.Hops;Base.HopsDried,,,,,,,variable-amount: item variable[1:20] [Base.Hops] mode:destroy ; variable-amount: item variable[1:20] Base.HopsDried,item variable[1:20] [Base.Hops] mode:destroy,item variable[1:20] Base.HopsDried,entities/agricultural/workstations/entity_Herb_Drying_Rack_craftRecipe.txt,371
DryJalapenos,Base,Farming,86400,,DryingRackHerb,,,,,,,,,,Base.PepperJalapeno,,,Base.PepperJalapenoDried,,false,Base.PepperJalapeno;Base.PepperJalapenoDried,,,,,,,variable-amount: item variable[1:20] [Base.PepperJalapeno] flags[ItemCount] mode:destroy ; variable-amount: item variable[1:20] Base.PepperJalapenoDried,item variable[1:20] [Base.PepperJalapeno] flags[ItemCount] mode:destroy,item variable[1:20] Base.PepperJalapenoDried,entities/agricultural/workstations/entity_Herb_Drying_Rack_craftRecipe.txt,259
DryLargeLeather,Base,Farming,604800,,DryLeatherLarge,,,,,,,,,,,base:leathercrudewetlarge;base:leatherfurwetlarge,,Base.CowLeather_Angus_Fur_Tan;Base.CowLeather_Holstein_Fur_Tan;Base.CowLeather_Simmental_Fur_Tan;Base.DeerLeather_Fur_Tan;Base.Leather_Crude_Large_Tan,DryLeatherLarge,false,,,,,,,,tags-only: item 1 tags[base:leathercrudewetlarge;base:leatherfurwetlarge] mappers[DryLeatherLarge] overlayMapper ; multi-type: item 1 mapper:DryLeatherLarge,item 1 tags[base:leathercrudewetlarge;base:leatherfurwetlarge] mappers[DryLeatherLarge] overlayMapper,item 1 mapper:DryLeatherLarge,entities/animals/craftRecipes/recipes_leather_prep.txt,54
DryLavender,Base,Farming,86400,,DryingRackHerb,,,,,,,,,,Base.Lavender,,,Base.LavenderPetalsDried,,false,Base.Lavender;Base.LavenderPetalsDried,,,,,,,variable-amount: item variable[1:20] [Base.Lavender] mode:destroy ; variable-amount: item variable[1:20] Base.LavenderPetalsDried,item variable[1:20] [Base.Lavender] mode:destroy,item variable[1:20] Base.LavenderPetalsDried,entities/agricultural/workstations/entity_Herb_Drying_Rack_craftRecipe.txt,339
DryMarigold,Base,Farming,86400,,DryingRackHerb,,,,,,,,,,Base.Marigold,,,Base.MarigoldDried,,false,Base.Marigold;Base.MarigoldDried,,,,,,,variable-amount: item variable[1:20] [Base.Marigold] ; variable-amount: item variable[1:20] Base.MarigoldDried,item variable[1:20] [Base.Marigold],item variable[1:20] Base.MarigoldDried,entities/agricultural/workstations/entity_Herb_Drying_Rack_craftRecipe.txt,67
DryMediumLeather,Base,Farming,604800,,DryLeatherMedium,,,,,,,,,,,base:leathercrudewetmedium;base:leatherfurwetmedium,,Base.DeerLeather_Fur_Tan;Base.Leather_Crude_Medium_Tan;Base.PigLeather_Black_Fur_Tan;Base.PigLeather_Landrace_Fur_Tan;Base.SheepLeather_Fur_Tan,DryLeatherMedium,false,,,,,,,,tags-only: item 1 tags[base:leathercrudewetmedium;base:leatherfurwetmedium] mappers[DryLeatherMedium] overlayMapper ; multi-type: item 1 mapper:DryLeatherMedium,item 1 tags[base:leathercrudewetmedium;base:leatherfurwetmedium] mappers[DryLeatherMedium] overlayMapper,item 1 mapper:DryLeatherMedium,entities/animals/craftRecipes/recipes_leather_prep.txt,86
DryOregano,Base,Farming,86400,,DryingRackHerb,,,,,,,,,,Base.Oregano,,,Base.OreganoDried,,false,Base.Oregano;Base.OreganoDried,,,,,,,variable-amount: item variable[1:20] [Base.Oregano] ; variable-amount: item variable[1:20] Base.OreganoDried,item variable[1:20] [Base.Oregano],item variable[1:20] Base.OreganoDried,entities/agricultural/workstations/entity_Herb_Drying_Rack_craftRecipe.txt,99
DryParsley,Base,Farming,86400,,DryingRackHerb,,,,,,,,,,Base.Parsley,,,Base.ParsleyDried,,false,Base.Parsley;Base.ParsleyDried,,,,,,,variable-amount: item variable[1:20] [Base.Parsley] ; variable-amount: item variable[1:20] Base.ParsleyDried,item variable[1:20] [Base.Parsley],item variable[1:20] Base.ParsleyDried,entities/agricultural/workstations/entity_Herb_Drying_Rack_craftRecipe.txt,115
DryPoppyPods,Base,Farming,86400,,DryingRackHerb,,,,,,,,,,Base.PoppyPods,,,Base.PoppyPodsDried,,false,Base.PoppyPods;Base.PoppyPodsDried,,,,,,,variable-amount: item variable[1:20] [Base.PoppyPods] mode:destroy ; variable-amount: item variable[1:20] Base.PoppyPodsDried,item variable[1:20] [Base.PoppyPods] mode:destroy,item variable[1:20] Base.PoppyPodsDried,entities/agricultural/workstations/entity_Herb_Drying_Rack_craftRecipe.txt,355
DryRosemary,Base,Farming,86400,,DryingRackHerb,,,,,,,,,,Base.Rosemary,,,Base.RosemaryDried,,false,Base.Rosemary;Base.RosemaryDried,,,,,,,variable-amount: item variable[1:20] [Base.Rosemary] ; variable-amount: item variable[1:20] Base.RosemaryDried,item variable[1:20] [Base.Rosemary],item variable[1:20] Base.RosemaryDried,entities/agricultural/workstations/entity_Herb_Drying_Rack_craftRecipe.txt,131
DryRoses,Base,Farming,86400,,DryingRackHerb,,,,,,,,,,Base.Roses,,,Base.RosePetalsDried,,false,Base.RosePetalsDried;Base.Roses,,,,,,,variable-amount: item variable[1:20] [Base.Roses] mode:destroy ; variable-amount: item variable[1:20] Base.RosePetalsDried,item variable[1:20] [Base.Roses] mode:destroy,item variable[1:20] Base.RosePetalsDried,entities/agricultural/workstations/entity_Herb_Drying_Rack_craftRecipe.txt,323
DryRye,Base,Farming,172800,,DryingRackGrain,,,,,,,,,,Base.RyeSheaf,,,Base.RyeSheafDried,,false,Base.RyeSheaf;Base.RyeSheafDried,,,,,,,variable-amount: item variable[1:20] [Base.RyeSheaf] flags[ItemCount] mode:destroy ; variable-amount: item variable[1:20] Base.RyeSheafDried,item variable[1:20] [Base.RyeSheaf] flags[ItemCount] mode:destroy,item variable[1:20] Base.RyeSheafDried,entities/agricultural/workstations/entity_Drying_Rack_craftRecipe.txt,83
DrySage,Base,Farming,86400,,DryingRackHerb,,,,,,,,,,Base.Sage,,,Base.SageDried,,false,Base.Sage;Base.SageDried,,,,,,,variable-amount: item variable[1:20] [Base.Sage] ; variable-amount: item variable[1:20] Base.SageDried,item variable[1:20] [Base.Sage],item variable[1:20] Base.SageDried,entities/agricultural/workstations/entity_Herb_Drying_Rack_craftRecipe.txt,147
DrySmallLeather,Base,Farming,604800,,DryLeatherSmall,,,,,,,,,,,base:leathercrudewetsmall;base:leatherfurwetsmall,,Base.CalfLeather_Angus_Fur_Tan;Base.CalfLeather_Holstein_Fur_Tan;Base.CalfLeather_Simmental_Fur_Tan;Base.FawnLeather_Fur_Tan;Base.LambLeather_Fur_Tan;Base.Leather_Crude_Small_Tan;Base.PigletLeather_Black_Fur_Tan;Base.PigletLeather_Landrace_Fur_Tan;Base.RabbitLeather_Fur_Tan;Base.RabbitLeather_Grey_Fur_Tan;Base.RaccoonLeather_Grey_Fur_Tan,DryLeatherSmall,false,,,,,,,,tags-only: item 1 tags[base:leathercrudewetsmall;base:leatherfurwetsmall] mappers[DryLeatherSmall] overlayMapper ; multi-type: item 1 mapper:DryLeatherSmall,item 1 tags[base:leathercrudewetsmall;base:leatherfurwetsmall] mappers[DryLeatherSmall] overlayMapper,item 1 mapper:DryLeatherSmall,entities/animals/craftRecipes/recipes_leather_prep.txt,117
DrySoybeans,Base,Farming,86400,,DryingRackHerb,,,,,,,,,,Base.Soybeans,,,Base.SoybeansSeed,,false,Base.Soybeans;Base.SoybeansSeed,,,,,,,variable-amount: item variable[1:20] [Base.Soybeans] flags[ItemCount] mode:destroy ; variable-amount: item variable[1:20] Base.SoybeansSeed,item variable[1:20] [Base.Soybeans] flags[ItemCount] mode:destroy,item variable[1:20] Base.SoybeansSeed,entities/agricultural/workstations/entity_Herb_Drying_Rack_craftRecipe.txt,307
DrySunflower,Base,Farming,172800,,DryingRackGrain,,,,,,,,,,Base.SunflowerHead,,,Base.SunflowerHeadDried,,false,Base.SunflowerHead;Base.SunflowerHeadDried,,,,,,,variable-amount: item variable[1:20] [Base.SunflowerHead] flags[ItemCount] mode:destroy ; variable-amount: item variable[1:20] Base.SunflowerHeadDried,item variable[1:20] [Base.SunflowerHead] flags[ItemCount] mode:destroy,item variable[1:20] Base.SunflowerHeadDried,entities/agricultural/workstations/entity_Drying_Rack_craftRecipe.txt,19
DryThyme,Base,Farming,86400,,DryingRackHerb,,,,,,,,,,Base.Thyme,,,Base.ThymeDried,,false,Base.Thyme;Base.ThymeDried,,,,,,,variable-amount: item variable[1:20] [Base.Thyme] ; variable-amount: item variable[1:20] Base.ThymeDried,item variable[1:20] [Base.Thyme],item variable[1:20] Base.ThymeDried,entities/agricultural/workstations/entity_Herb_Drying_Rack_craftRecipe.txt,163
DryTobacco,Base,Farming,172800,,DryingRackGrain,,,,,,,,,,Base.Tobacco,,,Base.TobaccoDried,,false,Base.Tobacco,,,,,,,variable-amount: item variable[1:20] [Base.Tobacco] flags[ItemCount] mode:destroy ; variable-amount: item variable[1:20] Base.TobaccoDried,item variable[1:20] [Base.Tobacco] flags[ItemCount] mode:destroy,item variable[1:20] Base.TobaccoDried,entities/agricultural/workstations/entity_Drying_Rack_craftRecipe.txt,67
DryWheat,Base,Farming,172800,,DryingRackGrain,,,,,,,,,,Base.WheatSheaf,,,Base.WheatSheafDried,,false,Base.WheatSheaf;Base.WheatSheafDried,,,,,,,variable-amount: item variable[1:20] [Base.WheatSheaf] flags[ItemCount] mode:destroy ; variable-amount: item variable[1:20] Base.WheatSheafDried,item variable[1:20] [Base.WheatSheaf] flags[ItemCount] mode:destroy,item variable[1:20] Base.WheatSheafDried,entities/agricultural/workstations/entity_Drying_Rack_craftRecipe.txt,35
DryWildGarlic,Base,Farming,86400,,DryingRackHerb,,,,,,,,,,Base.WildGarlic2,,,Base.WildGarlicDried,,false,Base.WildGarlic2;Base.WildGarlicDried,,,,,,,variable-amount: item variable[1:20] [Base.WildGarlic2] ; variable-amount: item variable[1:20] Base.WildGarlicDried,item variable[1:20] [Base.WildGarlic2],item variable[1:20] Base.WildGarlicDried,entities/agricultural/workstations/entity_Herb_Drying_Rack_craftRecipe.txt,243
DuctTapeSpear,Base,Weaponry,300,CraftKnifeSpear,InHandCraft;Survivalist,,Maintenance:5,false,,,,,,,Base.BrokenGlass;Base.CrudeBlade;Base.CrudeKnife;Base.DuctTape;Base.FightingKnife;Base.FlintKnife;Base.HandFork;Base.HuntingKnife;Base.HuntingKnifeForged;Base.KitchenKnife;Base.KitchenKnifeForged;Base.LargeKnife;Base.LargeKnife_Scrap;Base.LongCrudeBlade;Base.LongCrudeKnife;Base.LongStick;Base.Plunger;Base.Sapling;Base.Scissors;Base.Screwdriver;Base.Screwdriver_Old;Base.SharpBoneFragment;Base.SharpBone_Long;Base.SmallKnife;Base.SmashedBottle;Base.SteakKnife;Base.StoneBlade;Base.StoneBladeLong;Base.StoneKnifeLong,,,Base.SpearCrude;Base.SpearCrudeLong;Base.SpearFightingKnife;Base.SpearGlass;Base.SpearHandFork;Base.SpearHuntingKnife;Base.SpearKnife;Base.SpearKnifeSmall;Base.SpearLargeKnife;Base.SpearScissors;Base.SpearScrapKnife;Base.SpearScrewdriver;Base.SpearSteakKnife;Base.SpearStone;Base.SpearStoneLong;Base.Spear_Bone;Base.Spear_BoneLong;Base.Spear_Plunger,SpearMapper,false,Base.DuctTape,,,,,,,multi-type: item 1 [Base.SmallKnife;Base.LargeKnife;Base.LargeKnife_Scrap;Base.FightingKnife;Base.BrokenGlass;Base.CrudeBlade;Base.CrudeKnife;Base.FlintKnife;Base.HandFork;Base.HuntingKnife;Base.HuntingKnifeForged;Base.KitchenKnife;Base.KitchenKnifeForged;Base.LongCrudeBlade;Base.LongCrudeKnife;Base.Plunger;Base.Scissors;Base.Screwdriver;Base.Screwdriver_Old;Base.SharpBone_Long;Base.SharpBoneFragment;Base.SmashedBottle;Base.StoneBlade;Base.StoneBladeLong;Base.StoneKnifeLong;Base.SteakKnife] mappers[SpearMapper] flags[Prop1;IsHeadPart;InheritSharpness] ; multi-type: item 1 [Base.LongStick;Base.Sapling] flags[Prop2;InheritCondition] ; no-nutrition: item 2 [Base.DuctTape] ; multi-type: item 1 mapper:SpearMapper,item 1 [Base.SmallKnife;Base.LargeKnife;Base.LargeKnife_Scrap;Base.FightingKnife;Base.BrokenGlass;Base.CrudeBlade;Base.CrudeKnife;Base.FlintKnife;Base.HandFork;Base.HuntingKnife;Base.HuntingKnifeForged;Base.KitchenKnife;Base.KitchenKnifeForged;Base.LongCrudeBlade;Base.LongCrudeKnife;Base.Plunger;Base.Scissors;Base.Screwdriver;Base.Screwdriver_Old;Base.SharpBone_Long;Base.SharpBoneFragment;Base.SmashedBottle;Base.StoneBlade;Base.StoneBladeLong;Base.StoneKnifeLong;Base.SteakKnife] mappers[SpearMapper] flags[Prop1;IsHeadPart;InheritSharpness] | item 1 [Base.LongStick;Base.Sapling] flags[Prop2;InheritCondition] | item 2 [Base.DuctTape],item 1 mapper:SpearMapper,recipes/recipes_spears.txt,98
DyeClothes,Base,Tailoring,150,MixingBucket,AnySurfaceCraft,,,,,,,,RecipeCodeOnCreate.inheritColorFromMaterial,,*;Base.Bucket;Base.BucketCarved;Base.BucketEmpty;Base.BucketWaterDebug,base:canbedyed,Dye;category:Water,,,true,Base.Bucket;Base.BucketCarved;Base.BucketEmpty;Base.BucketWaterDebug,,,,,,,no-outputs,item 1 [Base.Bucket;Base.BucketEmpty;Base.BucketWaterDebug;Base.BucketCarved] mode:keep | -fluid 10.0 categories[Water] mode:mixture | item 1 [*] mode:keep | -fluid 0.2 [Dye] flags[InheritColor] | item 1 tags[base:canbedyed] mode:keep flags[IsNotWorn],,recipes/recipes_tailoring.txt,43
EmptyPan,Base,Cooking,100,EmptyPan,InHandCraft;Cooking,,,,,,,,,,Base.GriddlePanFriedVegetables;Base.OmeletteRecipe;Base.OmeletteRecipeForged;Base.PanFriedVegetables;Base.PanFriedVegetables2;Base.PanFriedVegetablesForged,,,Base.GridlePan;Base.Pan;Base.PanForged;Base.RoastingPan,panType,false,Base.GriddlePanFriedVegetables;Base.OmeletteRecipe;Base.OmeletteRecipeForged;Base.PanFriedVegetables;Base.PanFriedVegetables2;Base.PanFriedVegetablesForged,,,,,,,multi-type: item 1 [Base.PanFriedVegetables;Base.OmeletteRecipe;Base.PanFriedVegetablesForged;Base.OmeletteRecipeForged;Base.GriddlePanFriedVegetables;Base.PanFriedVegetables2] flags[AllowRottenItem;InheritCondition;ItemCount] mappers[panType] ; multi-type: item 1 mapper:panType,item 1 [Base.PanFriedVegetables;Base.OmeletteRecipe;Base.PanFriedVegetablesForged;Base.OmeletteRecipeForged;Base.GriddlePanFriedVegetables;Base.PanFriedVegetables2] flags[AllowRottenItem;InheritCondition;ItemCount] mappers[panType],item 1 mapper:panType,recipes/recipes_cooking.txt,97
EmptySack,Base,Packing,15,UnPackSack,InHandCraft,,,,,,,,,,Base.Dirtbag;Base.Gravelbag;Base.Sandbag,,,Base.EmptySandbag,,false,Base.Dirtbag;Base.Gravelbag;Base.Sandbag,,,,,,,multi-type: item 1 [Base.Dirtbag;Base.Gravelbag;Base.Sandbag] mode:destroy ; not-in-dataset: item 1 Base.EmptySandbag,item 1 [Base.Dirtbag;Base.Gravelbag;Base.Sandbag] mode:destroy,item 1 Base.EmptySandbag,recipes/recipes_sacks.txt,3
EmptySackClay,Base,Packing,15,UnPackSack,InHandCraft,,,,,,,,,,Base.Claybag,,,Base.Clay;Base.EmptySandbag,,false,Base.Claybag,,,,,,,no-nutrition: item 1 [Base.Claybag] flags[IsFull] mode:destroy ; not-in-dataset: item 8 Base.Clay ; not-in-dataset: item 1 Base.EmptySandbag,item 1 [Base.Claybag] flags[IsFull] mode:destroy,item 8 Base.Clay | item 1 Base.EmptySandbag,recipes/recipes_sacks.txt,19
EmptyTray,Base,Cooking,40,EmptyPan,InHandCraft;Cooking,,,,,,,,,,Base.BakingTray_Muffin;Base.BakingTray_Muffin_Recipe;Base.CookieChocolateChipDough;Base.CookiesChocolateDough;Base.CookiesOatmealDough;Base.CookiesShortbreadDough;Base.CookiesSugarDough;Base.Muffintray_Biscuit,,,Base.BakingTray;Base.MuffinTray,trayType,false,Base.BakingTray_Muffin;Base.BakingTray_Muffin_Recipe;Base.CookieChocolateChipDough;Base.CookiesChocolateDough;Base.CookiesOatmealDough;Base.CookiesShortbreadDough;Base.CookiesSugarDough;Base.Muffintray_Biscuit,,,,,,,multi-type: item 1 [Base.CookiesChocolateDough;Base.CookieChocolateChipDough;Base.CookiesOatmealDough;Base.CookiesSugarDough;Base.CookiesShortbreadDough;Base.BakingTray_Muffin;Base.BakingTray_Muffin_Recipe;Base.Muffintray_Biscuit] flags[AllowRottenItem;ItemCount] mappers[trayType] ; multi-type: item 1 mapper:trayType,item 1 [Base.CookiesChocolateDough;Base.CookieChocolateChipDough;Base.CookiesOatmealDough;Base.CookiesSugarDough;Base.CookiesShortbreadDough;Base.BakingTray_Muffin;Base.BakingTray_Muffin_Recipe;Base.Muffintray_Biscuit] flags[AllowRottenItem;ItemCount] mappers[trayType],item 1 mapper:trayType,recipes/recipes_cooking.txt,958
ExtinguishCandle,Base,Miscellaneous,5,Making,InHandCraft;CanBeDoneInDark,,,,,,,,,,Base.CandleLit,,,Base.Candle,,false,Base.Candle;Base.CandleLit,,,,,,,no-nutrition: item 1 [Base.CandleLit] mode:destroy flags[InheritUses;InheritCondition;ItemCount;AllowFavorite;InheritFavorite] ; no-nutrition: item 1 Base.Candle,item 1 [Base.CandleLit] mode:destroy flags[InheritUses;InheritCondition;ItemCount;AllowFavorite;InheritFavorite],item 1 Base.Candle,recipes/recipes_lightsources.txt,21
ExtinguishHurricaneLantern,Base,Miscellaneous,10,Making,InHandCraft;CanBeDoneInDark,,,,,,,,,,Base.Lantern_HurricaneLit;Base.Lantern_Hurricane_CopperLit;Base.Lantern_Hurricane_ForgedLit;Base.Lantern_Hurricane_GoldLit;Base.Lantern_Hurricane_SilverLit,,,Base.Lantern_Hurricane;Base.Lantern_Hurricane_Copper;Base.Lantern_Hurricane_Forged;Base.Lantern_Hurricane_Gold;Base.Lantern_Hurricane_Silver,LampMapper,false,Base.Lantern_Hurricane;Base.Lantern_HurricaneLit;Base.Lantern_Hurricane_Copper;Base.Lantern_Hurricane_CopperLit;Base.Lantern_Hurricane_Forged;Base.Lantern_Hurricane_ForgedLit;Base.Lantern_Hurricane_Gold;Base.Lantern_Hurricane_GoldLit;Base.Lantern_Hurricane_Silver;Base.Lantern_Hurricane_SilverLit,,,,,,,multi-type: item 1 [Base.Lantern_HurricaneLit;Base.Lantern_Hurricane_CopperLit;Base.Lantern_Hurricane_ForgedLit;Base.Lantern_Hurricane_GoldLit;Base.Lantern_Hurricane_SilverLit] mode:destroy flags[InheritUses;AllowFavorite;InheritFavorite;ItemCount;InheritUses;InheritCondition] mappers[LampMapper] ; multi-type: item 1 mapper:LampMapper,item 1 [Base.Lantern_HurricaneLit;Base.Lantern_Hurricane_CopperLit;Base.Lantern_Hurricane_ForgedLit;Base.Lantern_Hurricane_GoldLit;Base.Lantern_Hurricane_SilverLit] mode:destroy flags[InheritUses;AllowFavorite;InheritFavorite;ItemCount;InheritUses;InheritCondition] mappers[LampMapper],item 1 mapper:LampMapper,recipes/recipes_lightsources.txt,98
ExtractIronBloom,Base,Blacksmithing,200,,PrimitiveFurnace,,,,,,,,,,Base.IronOre,base:charcoal,,Base.IronBloom,,false,,,,,,,,tags-only: item 8 tags[base:charcoal] ; not-in-dataset: item 1 [Base.IronOre] ; not-in-dataset: item 1 Base.IronBloom,item 8 tags[base:charcoal] | item 1 [Base.IronOre],item 1 Base.IronBloom,entities/blacksmith/craftRecipes/recipes_blacksmith_furnaces_i.txt,3
ExtractIronFromBloom,Base,Blacksmithing,200,HammerMetalStanding,PrimitiveForge,,Blacksmith:10,,,,,,,,Base.IronBloom,base:charcoal;base:clubhammer;base:crudetongs;base:hammer;base:tongs,,Base.IronChunk,,false,,,,,,,,tags-only: item 4 tags[base:charcoal] ; not-in-dataset: item 1 [Base.IronBloom] ; not-in-dataset: item 12 Base.IronChunk,item 4 tags[base:charcoal] | item 1 [Base.IronBloom] | item 1 tags[base:clubhammer;base:hammer] mode:keep flags[MayDegradeLight] | item 1 tags[base:crudetongs;base:tongs] mode:keep flags[MayDegradeLight],item 12 Base.IronChunk,entities/blacksmith/craftRecipes/recipes_blacksmith_ii.txt,104
ExtractIronFromIronBloom,Base,Blacksmithing,200,,PrimitiveForge,,,,,,,,,,Base.IronBloom,base:charcoal;base:crudetongs;base:hammer;base:tongs,,Base.IronChunk,,false,,,,,,,,tags-only: item 18 tags[base:charcoal] ; not-in-dataset: item 1 [Base.IronBloom] mode:destroy flags[ItemCount;AllowDestroyedItem] ; not-in-dataset: item 12 Base.IronChunk,item 1 tags[base:crudetongs;base:tongs] mode:keep flags[MayDegradeLight] | item 1 tags[base:hammer] mode:keep flags[Prop1;MayDegradeLight] | item 18 tags[base:charcoal] | item 1 [Base.IronBloom] mode:destroy flags[ItemCount;AllowDestroyedItem],item 12 Base.IronChunk,entities/blacksmith/craftRecipes/recipes_blacksmith_furnaces_i.txt,35
ExtractIronFromIronOre,Base,Blacksmithing,200,,Furnace,,,,,,,,RecipeCodeOnCreate.smeltIronOrSteelIngot,,Base.CeramicCrucible;Base.CeramicCrucible_Steel;Base.IronBloom;Base.IronOre,base:charcoal;base:crudetongs;base:tongs,,,SmeltMapper,false,Base.CeramicCrucible;Base.CeramicCrucible_Steel,,,,,,,multi-type: item 1 [Base.CeramicCrucible;Base.CeramicCrucible_Steel] mode:destroy flags[NotFull;ItemCount] mappers[SmeltMapper] ; tags-only: item 18 tags[base:charcoal] ; multi-type: item 1 [Base.IronOre;Base.IronBloom] mode:destroy flags[ItemCount;AllowDestroyedItem] ; no-type: item 1 mapper:SmeltMapper,item 1 [Base.CeramicCrucible;Base.CeramicCrucible_Steel] mode:destroy flags[NotFull;ItemCount] mappers[SmeltMapper] | item 1 tags[base:crudetongs;base:tongs] mode:keep flags[MayDegradeLight] | item 18 tags[base:charcoal] | item 1 [Base.IronOre;Base.IronBloom] mode:destroy flags[ItemCount;AllowDestroyedItem],item 1 mapper:SmeltMapper,entities/blacksmith/craftRecipes/recipes_blacksmith_furnaces_i.txt,53
ExtractIronFromLargeItem,Base,Blacksmithing,200,,PrimitiveFurnace,,,,,,,,,,Base.CeramicCrucible,base:charcoal;base:crudetongs;base:smeltableironlarge;base:tongs,,Base.IronChunk,,false,Base.CeramicCrucible,,,,,,,tags-only: item 6 tags[base:charcoal] ; tags-only: item 1 tags[base:smeltableironlarge] mode:destroy flags[ItemCount;AllowDestroyedItem] ; not-in-dataset: item 4 Base.IronChunk,item 1 [Base.CeramicCrucible] mode:keep flags[IsEmpty] | item 1 tags[base:crudetongs;base:tongs] mode:keep flags[MayDegradeLight] | item 6 tags[base:charcoal] | item 1 tags[base:smeltableironlarge] mode:destroy flags[ItemCount;AllowDestroyedItem],item 4 Base.IronChunk,entities/blacksmith/craftRecipes/recipes_blacksmith_furnaces_i.txt,76
ExtractIronFromMediumItem,Base,Blacksmithing,200,,PrimitiveFurnace,,,,,,,,,,Base.CeramicCrucible,base:charcoal;base:crudetongs;base:smeltableironmedium;base:tongs,,Base.IronChunk,,false,Base.CeramicCrucible,,,,,,,tags-only: item 3 tags[base:charcoal] ; tags-only: item 1 tags[base:smeltableironmedium] mode:destroy flags[ItemCount;AllowDestroyedItem] ; not-in-dataset: item 2 Base.IronChunk,item 1 [Base.CeramicCrucible] mode:keep flags[IsEmpty] | item 1 tags[base:crudetongs;base:tongs] mode:keep flags[MayDegradeLight] | item 3 tags[base:charcoal] | item 1 tags[base:smeltableironmedium] mode:destroy flags[ItemCount;AllowDestroyedItem],item 2 Base.IronChunk,entities/blacksmith/craftRecipes/recipes_blacksmith_furnaces_i.txt,94
ExtractIronFromMediumPlusItem,Base,Blacksmithing,200,,PrimitiveFurnace,,,,,,,,,,Base.CeramicCrucible,base:charcoal;base:crudetongs;base:smeltableironmediumplus;base:tongs,,Base.IronChunk,,false,Base.CeramicCrucible,,,,,,,tags-only: item 4 tags[base:charcoal] ; tags-only: item 1 tags[base:smeltableironmediumplus] mode:destroy flags[ItemCount;AllowDestroyedItem] ; not-in-dataset: item 3 Base.IronChunk,item 1 [Base.CeramicCrucible] mode:keep flags[IsEmpty] | item 1 tags[base:crudetongs;base:tongs] mode:keep flags[MayDegradeLight] | item 4 tags[base:charcoal] | item 1 tags[base:smeltableironmediumplus] mode:destroy flags[ItemCount;AllowDestroyedItem],item 3 Base.IronChunk,entities/blacksmith/craftRecipes/recipes_blacksmith_furnaces_i.txt,112
ExtractIronFromSmallItem,Base,Blacksmithing,200,,PrimitiveFurnace,,,,,,,,,,Base.CeramicCrucible,base:charcoal;base:crudetongs;base:smeltableironsmall;base:tongs,,Base.IronChunk,,false,Base.CeramicCrucible,,,,,,,tags-only: item 1 tags[base:charcoal] ; tags-only: item 1 tags[base:smeltableironsmall] mode:destroy flags[ItemCount;AllowDestroyedItem] ; not-in-dataset: item 1 Base.IronChunk,item 1 [Base.CeramicCrucible] mode:keep flags[IsEmpty] | item 1 tags[base:crudetongs;base:tongs] mode:keep flags[MayDegradeLight] | item 1 tags[base:charcoal] | item 1 tags[base:smeltableironsmall] mode:destroy flags[ItemCount;AllowDestroyedItem],item 1 Base.IronChunk,entities/blacksmith/craftRecipes/recipes_blacksmith_furnaces_i.txt,130
ExtractIronFromSmallerItems,Base,Blacksmithing,200,,PrimitiveFurnace,,,,,,,,,,Base.CeramicCrucible;Base.FishingHook_Forged;Base.ForkForged;Base.IronPiece;Base.Nails;Base.Needle_Forged;Base.SpoonForged,base:charcoal;base:crudetongs;base:tongs,,Base.IronChunk,,false,Base.CeramicCrucible,,,,,,,tags-only: item 1 tags[base:charcoal] ; multi-type: item 10 [Base.FishingHook_Forged;2:Base.ForkForged;5:Base.IronPiece;Base.Nails;50:Base.Needle_Forged;2:Base.SpoonForged] mode:destroy flags[ItemCount;AllowDestroyedItem;IsExclusive] ; not-in-dataset: item 1 Base.IronChunk,item 1 [Base.CeramicCrucible] mode:keep flags[IsEmpty] | item 1 tags[base:crudetongs;base:tongs] mode:keep flags[MayDegradeLight] | item 1 tags[base:charcoal] | item 10 [Base.FishingHook_Forged;2:Base.ForkForged;5:Base.IronPiece;Base.Nails;50:Base.Needle_Forged;2:Base.SpoonForged] mode:destroy flags[ItemCount;AllowDestroyedItem;IsExclusive],item 1 Base.IronChunk,entities/blacksmith/craftRecipes/recipes_blacksmith_furnaces_i.txt,148
ExtractSteelFromLargeIronItem,Base,Blacksmithing,200,,AdvancedFurnace,,,,,,,,,,Base.CeramicCrucible;Base.Coke;Base.Limestone,base:crudetongs;base:smeltableironlarge;base:tongs,,Base.SteelChunk,,false,Base.CeramicCrucible,,,,,,,not-in-dataset: item 9 [Base.Coke] ; not-in-dataset: item 9 [Base.Limestone] ; tags-only: item 1 tags[base:smeltableironlarge] mode:destroy flags[ItemCount;AllowDestroyedItem] ; not-in-dataset: item 4 Base.SteelChunk,item 1 [Base.CeramicCrucible] mode:keep flags[IsEmpty] | item 1 tags[base:crudetongs;base:tongs] mode:keep flags[MayDegradeLight] | item 9 [Base.Coke] | item 9 [Base.Limestone] | item 1 tags[base:smeltableironlarge] mode:destroy flags[ItemCount;AllowDestroyedItem],item 4 Base.SteelChunk,entities/blacksmith/craftRecipes/recipes_blacksmith_furnaces_i.txt,238
ExtractSteelFromLargeItem,Base,Blacksmithing,200,,AdvancedFurnace,,,,,,,,,,Base.CeramicCrucible,base:charcoal;base:crudetongs;base:smeltablesteellarge;base:tongs,,Base.SteelChunk,,false,Base.CeramicCrucible,,,,,,,tags-only: item 9 tags[base:charcoal] ; tags-only: item 1 tags[base:smeltablesteellarge] mode:destroy flags[ItemCount;AllowDestroyedItem] ; not-in-dataset: item 4 Base.SteelChunk,item 1 [Base.CeramicCrucible] mode:keep flags[IsEmpty] | item 1 tags[base:crudetongs;base:tongs] mode:keep flags[MayDegradeLight] | item 9 tags[base:charcoal] | item 1 tags[base:smeltablesteellarge] mode:destroy flags[ItemCount;AllowDestroyedItem],item 4 Base.SteelChunk,entities/blacksmith/craftRecipes/recipes_blacksmith_furnaces_i.txt,166
ExtractSteelFromMediumIronItem,Base,Blacksmithing,200,,AdvancedFurnace,,,,,,,,,,Base.CeramicCrucible;Base.Coke;Base.Limestone,base:crudetongs;base:smeltableironmedium;base:tongs,,Base.SteelChunk,,false,Base.CeramicCrucible,,,,,,,not-in-dataset: item 5 [Base.Coke] ; not-in-dataset: item 5 [Base.Limestone] ; tags-only: item 1 tags[base:smeltableironmedium] mode:destroy flags[ItemCount;AllowDestroyedItem] ; not-in-dataset: item 2 Base.SteelChunk,item 1 [Base.CeramicCrucible] mode:keep flags[IsEmpty] | item 1 tags[base:crudetongs;base:tongs] mode:keep flags[MayDegradeLight] | item 5 [Base.Coke] | item 5 [Base.Limestone] | item 1 tags[base:smeltableironmedium] mode:destroy flags[ItemCount;AllowDestroyedItem],item 2 Base.SteelChunk,entities/blacksmith/craftRecipes/recipes_blacksmith_furnaces_i.txt,257
ExtractSteelFromMediumItem,Base,Blacksmithing,200,,AdvancedFurnace,,,,,,,,,,Base.CeramicCrucible,base:charcoal;base:crudetongs;base:smeltablesteelmedium;base:tongs,,Base.SteelChunk,,false,Base.CeramicCrucible,,,,,,,tags-only: item 5 tags[base:charcoal] ; tags-only: item 1 tags[base:smeltablesteelmedium] mode:destroy flags[ItemCount;AllowDestroyedItem] ; not-in-dataset: item 2 Base.SteelChunk,item 1 [Base.CeramicCrucible] mode:keep flags[IsEmpty] | item 1 tags[base:crudetongs;base:tongs] mode:keep flags[MayDegradeLight] | item 5 tags[base:charcoal] | item 1 tags[base:smeltablesteelmedium] mode:destroy flags[ItemCount;AllowDestroyedItem],item 2 Base.SteelChunk,entities/blacksmith/craftRecipes/recipes_blacksmith_furnaces_i.txt,184
ExtractSteelFromMediumPlusIronItem,Base,Blacksmithing,200,,AdvancedFurnace,,,,,,,,,,Base.CeramicCrucible;Base.Coke;Base.Limestone,base:crudetongs;base:smeltableironmediumplus;base:tongs,,Base.SteelChunk,,false,Base.CeramicCrucible,,,,,,,not-in-dataset: item 6 [Base.Coke] ; not-in-dataset: item 6 [Base.Limestone] ; tags-only: item 1 tags[base:smeltableironmediumplus] mode:destroy flags[ItemCount;AllowDestroyedItem] ; not-in-dataset: item 3 Base.SteelChunk,item 1 [Base.CeramicCrucible] mode:keep flags[IsEmpty] | item 1 tags[base:crudetongs;base:tongs] mode:keep flags[MayDegradeLight] | item 6 [Base.Coke] | item 6 [Base.Limestone] | item 1 tags[base:smeltableironmediumplus] mode:destroy flags[ItemCount;AllowDestroyedItem],item 3 Base.SteelChunk,entities/blacksmith/craftRecipes/recipes_blacksmith_furnaces_i.txt,276
ExtractSteelFromMediumPlusItem,Base,Blacksmithing,200,,AdvancedFurnace,,,,,,,,,,Base.CeramicCrucible,base:charcoal;base:crudetongs;base:smeltablesteelmediumplus;base:tongs,,Base.SteelChunk,,false,Base.CeramicCrucible,,,,,,,tags-only: item 6 tags[base:charcoal] ; tags-only: item 1 tags[base:smeltablesteelmediumplus] mode:destroy flags[ItemCount;AllowDestroyedItem] ; not-in-dataset: item 3 Base.SteelChunk,item 1 [Base.CeramicCrucible] mode:keep flags[IsEmpty] | item 1 tags[base:crudetongs;base:tongs] mode:keep flags[MayDegradeLight] | item 6 tags[base:charcoal] | item 1 tags[base:smeltablesteelmediumplus] mode:destroy flags[ItemCount;AllowDestroyedItem],item 3 Base.SteelChunk,entities/blacksmith/craftRecipes/recipes_blacksmith_furnaces_i.txt,202
ExtractSteelFromSmallIronItem,Base,Blacksmithing,200,,AdvancedFurnace,,,,,,,,,,Base.CeramicCrucible;Base.Coke;Base.Limestone,base:crudetongs;base:smeltableironsmall;base:tongs,,Base.SteelChunk,,false,Base.CeramicCrucible,,,,,,,not-in-dataset: item 2 [Base.Coke] ; not-in-dataset: item 2 [Base.Limestone] ; tags-only: item 1 tags[base:smeltableironsmall] mode:destroy flags[ItemCount;AllowDestroyedItem] ; not-in-dataset: item 1 Base.SteelChunk,item 1 [Base.CeramicCrucible] mode:keep flags[IsEmpty] | item 1 tags[base:crudetongs;base:tongs] mode:keep flags[MayDegradeLight] | item 2 [Base.Coke] | item 2 [Base.Limestone] | item 1 tags[base:smeltableironsmall] mode:destroy flags[ItemCount;AllowDestroyedItem],item 1 Base.SteelChunk,entities/blacksmith/craftRecipes/recipes_blacksmith_furnaces_i.txt,295
ExtractSteelFromSmallItem,Base,Blacksmithing,200,,AdvancedFurnace,,,,,,,,,,Base.CeramicCrucible,base:charcoal;base:crudetongs;base:smeltablesteelsmall;base:tongs,,Base.SteelChunk,,false,Base.CeramicCrucible,,,,,,,tags-only: item 2 tags[base:charcoal] ; tags-only: item 1 tags[base:smeltablesteelsmall] mode:destroy flags[ItemCount;AllowDestroyedItem] ; not-in-dataset: item 1 Base.SteelChunk,item 1 [Base.CeramicCrucible] mode:keep flags[IsEmpty] | item 1 tags[base:crudetongs;base:tongs] mode:keep flags[MayDegradeLight] | item 2 tags[base:charcoal] | item 1 tags[base:smeltablesteelsmall] mode:destroy flags[ItemCount;AllowDestroyedItem],item 1 Base.SteelChunk,entities/blacksmith/craftRecipes/recipes_blacksmith_furnaces_i.txt,220
ExtractSteelFromSmallerIronItems,Base,Blacksmithing,200,,AdvancedFurnace,,,,,,,,,,Base.CeramicCrucible;Base.Coke;Base.FishingHook_Forged;Base.ForkForged;Base.IronPiece;Base.Limestone;Base.Nails;Base.Needle_Forged;Base.SpoonForged,base:crudetongs;base:tongs,,Base.SteelChunk,,false,Base.CeramicCrucible,,,,,,,not-in-dataset: item 2 [Base.Coke] ; not-in-dataset: item 2 [Base.Limestone] ; multi-type: item 10 [Base.FishingHook_Forged;2:Base.ForkForged;5:Base.IronPiece;Base.Nails;50:Base.Needle_Forged;2:Base.SpoonForged] mode:destroy flags[ItemCount;AllowDestroyedItem;IsExclusive] ; not-in-dataset: item 1 Base.SteelChunk,item 1 [Base.CeramicCrucible] mode:keep flags[IsEmpty] | item 1 tags[base:crudetongs;base:tongs] mode:keep flags[MayDegradeLight] | item 2 [Base.Coke] | item 2 [Base.Limestone] | item 10 [Base.FishingHook_Forged;2:Base.ForkForged;5:Base.IronPiece;Base.Nails;50:Base.Needle_Forged;2:Base.SpoonForged] mode:destroy flags[ItemCount;AllowDestroyedItem;IsExclusive],item 1 Base.SteelChunk,entities/blacksmith/craftRecipes/recipes_blacksmith_furnaces_i.txt,314
FillPipe,Base,Miscellaneous,60,Making,InHandCraft;CanBeDoneInDark,,,,,,,,,,Base.CanPipe;Base.SmokingPipe,base:tobacco,,Base.CanPipe_Tobacco;Base.SmokingPipe_Tobacco,PipeMapper,false,Base.CanPipe_Tobacco;Base.SmokingPipe_Tobacco,,,,,,,tags-only: item 3 tags[base:tobacco] ; multi-type: item 1 [Base.SmokingPipe;Base.CanPipe] mode:destroy mappers[PipeMapper] ; multi-type: item 1 mapper:PipeMapper,item 3 tags[base:tobacco] | item 1 [Base.SmokingPipe;Base.CanPipe] mode:destroy mappers[PipeMapper],item 1 mapper:PipeMapper,recipes/recipes_tobacco.txt,20
FireBrick,Base,Pottery,20,Making_With_Kiln,KilnSmall,,,,,,,,,,Base.ClayBrickUnfired,base:charcoal;base:log;base:startfire,,Base.ClayBrick,,false,,,,,,,,not-in-dataset: item 3 [Base.ClayBrickUnfired] ; tags-only: item 1 tags[base:startfire] ; tags-only: item 1 tags[base:log;base:charcoal] ; not-in-dataset: item 3 Base.ClayBrick,item 3 [Base.ClayBrickUnfired] | item 1 tags[base:startfire] | item 1 tags[base:log;base:charcoal],item 3 Base.ClayBrick,entities/pottery/cratRecipes/craftrecipe_kiln.txt,3
FireBrickLarge,Base,Pottery,20,Making_With_Kiln,KilnLarge,,,,,,,,,,Base.ClayBrickUnfired,base:charcoal;base:log;base:startfire,,Base.ClayBrick,,false,,,,,,,,not-in-dataset: item 6 [Base.ClayBrickUnfired] ; tags-only: item 1 tags[base:startfire] ; tags-only: item 1 tags[base:log;base:charcoal] ; not-in-dataset: item 6 Base.ClayBrick,item 6 [Base.ClayBrickUnfired] | item 1 tags[base:startfire] | item 1 tags[base:log;base:charcoal],item 6 Base.ClayBrick,entities/pottery/cratRecipes/craftrecipe_kiln.txt,21
FireCeramicCrucible,Base,Pottery,20,Making_With_Kiln,KilnSmall;KilnLarge,,,,,,,,,,Base.CeramicCrucibleSmallUnfired;Base.CeramicCrucibleUnfired,base:charcoal;base:log;base:startfire,,Base.CeramicCrucible;Base.CeramicCrucibleSmall,crucibleSize,false,Base.CeramicCrucible;Base.CeramicCrucibleSmall,,,,,,,multi-type: item 1 [Base.CeramicCrucibleUnfired;Base.CeramicCrucibleSmallUnfired] mappers[crucibleSize] ; tags-only: item 1 tags[base:startfire] ; tags-only: item 1 tags[base:log;base:charcoal] ; multi-type: item 1 mapper:crucibleSize,item 1 [Base.CeramicCrucibleUnfired;Base.CeramicCrucibleSmallUnfired] mappers[crucibleSize] | item 1 tags[base:startfire] | item 1 tags[base:log;base:charcoal],item 1 mapper:crucibleSize,entities/pottery/cratRecipes/craftrecipe_kiln.txt,39
FireCeramicTeacup,Base,Pottery,20,Making_With_Kiln,KilnSmall;KilnLarge,,,,,,,,,,Base.CeramicTeacupUnfired,base:charcoal;base:log;base:startfire,,Base.CeramicTeacup,mugShot,false,Base.CeramicTeacup,,,,,,,not-in-dataset: item 1 [Base.CeramicTeacupUnfired] mappers[mugShot] ; tags-only: item 1 tags[base:startfire] ; tags-only: item 1 tags[base:log;base:charcoal] ; no-nutrition: item 1 mapper:mugShot,item 1 [Base.CeramicTeacupUnfired] mappers[mugShot] | item 1 tags[base:startfire] | item 1 tags[base:log;base:charcoal],item 1 mapper:mugShot,entities/pottery/cratRecipes/craftrecipe_kiln.txt,290
FireClayBarMold,Base,Pottery,20,Making_With_Kiln,KilnSmall;KilnLarge,,,,,,,,,,Base.ClayBarMoldUnfired,base:charcoal;base:log;base:startfire,,Base.ClayBarMold,,false,,,,,,,,not-in-dataset: item 1 [Base.ClayBarMoldUnfired] ; tags-only: item 1 tags[base:startfire] ; tags-only: item 1 tags[base:log;base:charcoal] ; not-in-dataset: item 1 Base.ClayBarMold,item 1 [Base.ClayBarMoldUnfired] | item 1 tags[base:startfire] | item 1 tags[base:log;base:charcoal],item 1 Base.ClayBarMold,entities/pottery/cratRecipes/craftrecipe_kiln.txt,98
FireClayBowl,Base,Pottery,20,Making_With_Kiln,KilnSmall;KilnLarge,,,,,,,,,,Base.ClayBowlUnfired,base:charcoal;base:log;base:startfire,,Base.ClayBowl,,false,Base.ClayBowl,,,,,,,not-in-dataset: item 1 [Base.ClayBowlUnfired] ; tags-only: item 1 tags[base:startfire] ; tags-only: item 1 tags[base:log;base:charcoal] ; no-nutrition: item 1 Base.ClayBowl,item 1 [Base.ClayBowlUnfired] | item 1 tags[base:startfire] | item 1 tags[base:log;base:charcoal],item 1 Base.ClayBowl,entities/pottery/cratRecipes/craftrecipe_kiln.txt,62
FireClayIngotMold,Base,Pottery,20,Making_With_Kiln,KilnSmall;KilnLarge,,,,,,,,,,Base.ClayIngotMoldUnfired,base:charcoal;base:log;base:startfire,,Base.ClayIngotMold,,false,,,,,,,,not-in-dataset: item 1 [Base.ClayIngotMoldUnfired] ; tags-only: item 1 tags[base:startfire] ; tags-only: item 1 tags[base:log;base:charcoal] ; not-in-dataset: item 1 Base.ClayIngotMold,item 1 [Base.ClayIngotMoldUnfired] | item 1 tags[base:startfire] | item 1 tags[base:log;base:charcoal],item 1 Base.ClayIngotMold,entities/pottery/cratRecipes/craftrecipe_kiln.txt,80
FireClayJar,Base,Pottery,20,Making_With_Kiln,KilnSmall;KilnLarge,,,,,,,,,,Base.ClayJarUnfired,base:charcoal;base:log;base:startfire,,Base.ClayJar,jarType,false,Base.ClayJar,,,,,,,not-in-dataset: item 1 [Base.ClayJarUnfired] mappers[jarType] ; tags-only: item 1 tags[base:startfire] ; tags-only: item 1 tags[base:log;base:charcoal] ; no-nutrition: item 1 mapper:jarType,item 1 [Base.ClayJarUnfired] mappers[jarType] | item 1 tags[base:startfire] | item 1 tags[base:log;base:charcoal],item 1 mapper:jarType,entities/pottery/cratRecipes/craftrecipe_kiln.txt,116
FireClayMug,Base,Pottery,20,Making_With_Kiln,KilnSmall;KilnLarge,,,,,,,,,,Base.ClayMugUnfired,base:charcoal;base:log;base:startfire,,Base.ClayMug,mugShot,false,Base.ClayMug,,,,,,,not-in-dataset: item 1 [Base.ClayMugUnfired] mappers[mugShot] ; tags-only: item 1 tags[base:startfire] ; tags-only: item 1 tags[base:log;base:charcoal] ; no-nutrition: item 1 mapper:mugShot,item 1 [Base.ClayMugUnfired] mappers[mugShot] | item 1 tags[base:startfire] | item 1 tags[base:log;base:charcoal],item 1 mapper:mugShot,entities/pottery/cratRecipes/craftrecipe_kiln.txt,160
FireClayPipeSegment,Base,Pottery,20,Making_With_Kiln,KilnSmall;KilnLarge,,,,,,,,,,Base.ClayPipeSegmentUnfired,base:charcoal;base:log;base:startfire,,Base.ClayPipeSegment,,false,,,,,,,,not-in-dataset: item 1 [Base.ClayPipeSegmentUnfired] ; tags-only: item 1 tags[base:startfire] ; tags-only: item 1 tags[base:log;base:charcoal] ; not-in-dataset: item 1 Base.ClayPipeSegment,item 1 [Base.ClayPipeSegmentUnfired] | item 1 tags[base:startfire] | item 1 tags[base:log;base:charcoal],item 1 Base.ClayPipeSegment,entities/pottery/cratRecipes/craftrecipe_kiln.txt,182
FireClayPlate,Base,Pottery,20,Making_With_Kiln,KilnSmall;KilnLarge,,,,,,,,,,Base.ClayPlateUnfired,base:charcoal;base:log;base:startfire,,Base.ClayPlate,plateType,false,,,,,,,,not-in-dataset: item 1 [Base.ClayPlateUnfired] mappers[plateType] ; tags-only: item 1 tags[base:startfire] ; tags-only: item 1 tags[base:log;base:charcoal] ; not-in-dataset: item 1 mapper:plateType,item 1 [Base.ClayPlateUnfired] mappers[plateType] | item 1 tags[base:startfire] | item 1 tags[base:log;base:charcoal],item 1 mapper:plateType,entities/pottery/cratRecipes/craftrecipe_kiln.txt,138
FireClayPot,Base,Pottery,20,Making_With_Kiln,KilnSmall;KilnLarge,,,,,,,,,,Base.ClayPotUnfired,base:charcoal;base:log;base:startfire,,Base.ClayPot,,false,,,,,,,,not-in-dataset: item 1 [Base.ClayPotUnfired] ; tags-only: item 1 tags[base:startfire] ; tags-only: item 1 tags[base:log;base:charcoal] ; not-in-dataset: item 1 Base.ClayPot,item 1 [Base.ClayPotUnfired] | item 1 tags[base:startfire] | item 1 tags[base:log;base:charcoal],item 1 Base.ClayPot,entities/pottery/cratRecipes/craftrecipe_kiln.txt,200
FireClaySheetMold,Base,Pottery,20,Making_With_Kiln,KilnSmall;KilnLarge,,,,,,,,,,Base.ClaySheetMoldUnfired,base:charcoal;base:log;base:startfire,,Base.ClaySheetMold,,false,,,,,,,,not-in-dataset: item 1 [Base.ClaySheetMoldUnfired] ; tags-only: item 1 tags[base:startfire] ; tags-only: item 1 tags[base:log;base:charcoal] ; not-in-dataset: item 1 Base.ClaySheetMold,item 1 [Base.ClaySheetMoldUnfired] | item 1 tags[base:startfire] | item 1 tags[base:log;base:charcoal],item 1 Base.ClaySheetMold,entities/pottery/cratRecipes/craftrecipe_kiln.txt,218
FireClayShingle,Base,Pottery,20,Making_With_Kiln,KilnSmall;KilnLarge,,,,,,,,,,Base.ClayShingleUnfired,base:charcoal;base:log;base:startfire,,Base.ClayShingle,,false,,,,,,,,not-in-dataset: item 1 [Base.ClayShingleUnfired] ; tags-only: item 1 tags[base:startfire] ; tags-only: item 1 tags[base:log;base:charcoal] ; not-in-dataset: item 1 Base.ClayShingle,item 1 [Base.ClayShingleUnfired] | item 1 tags[base:startfire] | item 1 tags[base:log;base:charcoal],item 1 Base.ClayShingle,entities/pottery/cratRecipes/craftrecipe_kiln.txt,236
FireClayTile,Base,Pottery,20,Making_With_Kiln,KilnSmall,,,,,,,,,,Base.ClayTileUnfired,base:charcoal;base:log;base:startfire,,Base.ClayTile,,false,,,,,,,,not-in-dataset: item 4 [Base.ClayTileUnfired] ; tags-only: item 1 tags[base:startfire] ; tags-only: item 1 tags[base:log;base:charcoal] ; not-in-dataset: item 4 Base.ClayTile,item 4 [Base.ClayTileUnfired] | item 1 tags[base:startfire] | item 1 tags[base:log;base:charcoal],item 4 Base.ClayTile,entities/pottery/cratRecipes/craftrecipe_kiln.txt,254
FireClayTileLarge,Base,Pottery,20,Making_With_Kiln,KilnLarge,,,,,,,,,,Base.ClayTileUnfired,base:charcoal;base:log;base:startfire,,Base.ClayTile,,false,,,,,,,,not-in-dataset: item 8 [Base.ClayTileUnfired] ; tags-only: item 1 tags[base:startfire] ; tags-only: item 1 tags[base:log;base:charcoal] ; not-in-dataset: item 8 Base.ClayTile,item 8 [Base.ClayTileUnfired] | item 1 tags[base:startfire] | item 1 tags[base:log;base:charcoal],item 8 Base.ClayTile,entities/pottery/cratRecipes/craftrecipe_kiln.txt,272
FireGlassBlowingPipe,Base,Pottery,20,Making_With_Kiln,KilnSmall;KilnLarge,,,,,,,,,,Base.GlassBlowingPipeUnfired,base:charcoal;base:log;base:startfire,,Base.GlassBlowingPipe,,false,,,,,,,,not-in-dataset: item 1 [Base.GlassBlowingPipeUnfired] ; tags-only: item 1 tags[base:startfire] ; tags-only: item 1 tags[base:log;base:charcoal] ; not-in-dataset: item 1 Base.GlassBlowingPipe,item 1 [Base.GlassBlowingPipeUnfired] | item 1 tags[base:startfire] | item 1 tags[base:log;base:charcoal],item 1 Base.GlassBlowingPipe,entities/pottery/cratRecipes/craftrecipe_kiln.txt,312
FireHardenSpear,Base,Weaponry,100,SharpenStakeWood,InHandCraft;Survivalist,,Carving:5,true,,Spear:6,,,RecipeCodeOnCreate.fireHardenSpear,Tooltip_Recipe_OpenFire,Base.SpearCrafted,base:meatcleaver;base:sharpknife,,Base.SpearCraftedFireHardened,,false,,,,,,,,not-in-dataset: item 1 [Base.SpearCrafted] flags[Prop2] ; not-in-dataset: item 1 Base.SpearCraftedFireHardened,item 1 [Base.SpearCrafted] flags[Prop2] | item 1 tags[base:sharpknife;base:meatcleaver] mode:keep flags[Prop1;IsNotDull;MayDegradeLight],item 1 Base.SpearCraftedFireHardened,recipes/recipes_spears.txt,22
FireLimestone,Base,,30,Making_With_Kiln,KilnSmall,,,,,,,,,,,base:charcoal;base:limestone;base:log;base:startfire,,Base.Quicklime,,false,,,,,,,,tags-only: item 2 tags[base:limestone] ; tags-only: item 1 tags[base:startfire] ; tags-only: item 1 tags[base:log;base:charcoal] ; not-in-dataset: item 2 Base.Quicklime,item 2 tags[base:limestone] | item 1 tags[base:startfire] | item 1 tags[base:log;base:charcoal],item 2 Base.Quicklime,entities/pottery/cratRecipes/craftrecipe_kiln.txt,330
FireLimestoneLarge,Base,,30,Making_With_Kiln,KilnLarge,,,,,,,,,,,base:charcoal;base:limestone;base:log;base:startfire,,Base.Quicklime,,false,,,,,,,,tags-only: item 4 tags[base:limestone] ; tags-only: item 1 tags[base:startfire] ; tags-only: item 1 tags[base:log;base:charcoal] ; not-in-dataset: item 4 Base.Quicklime,item 4 tags[base:limestone] | item 1 tags[base:startfire] | item 1 tags[base:log;base:charcoal],item 4 Base.Quicklime,entities/pottery/cratRecipes/craftrecipe_kiln.txt,347
FireMortarAndPestle,Base,Pottery,20,Making_With_Kiln,KilnSmall;KilnLarge,,,,,,,,,,Base.CeramicMortarandPestleUnfired,base:charcoal;base:log;base:startfire,,Base.CeramicMortarandPestle,mortarAndPestleType,false,,,,,,,,not-in-dataset: item 1 [Base.CeramicMortarandPestleUnfired] mappers[mortarAndPestleType] ; tags-only: item 1 tags[base:startfire] ; tags-only: item 1 tags[base:log;base:charcoal] ; not-in-dataset: item 1 mapper:mortarAndPestleType,item 1 [Base.CeramicMortarandPestleUnfired] mappers[mortarAndPestleType] | item 1 tags[base:startfire] | item 1 tags[base:log;base:charcoal],item 1 mapper:mortarAndPestleType,entities/pottery/cratRecipes/craftrecipe_kiln.txt,364
FireSmokingPipe,Base,Pottery,20,Making_With_Kiln,KilnSmall;KilnLarge,,,,,,,,,,Base.SmokingPipeUnfired,base:charcoal;base:log;base:startfire,,Base.SmokingPipe,,false,,,,,,,,not-in-dataset: item 1 [Base.SmokingPipeUnfired] ; tags-only: item 1 tags[base:startfire] ; tags-only: item 1 tags[base:log;base:charcoal] ; not-in-dataset: item 1 Base.SmokingPipe,item 1 [Base.SmokingPipeUnfired] | item 1 tags[base:startfire] | item 1 tags[base:log;base:charcoal],item 1 Base.SmokingPipe,entities/pottery/cratRecipes/craftrecipe_kiln.txt,386
Fire_ClayBlacksmithAnvilMold,Base,Pottery,20,Making_With_Kiln,KilnLarge,,,,,,,,,,Base.ClayBlacksmithAnvilMoldUnfired,base:charcoal;base:log;base:startfire,,Base.ClayBlacksmithAnvilMold,,false,,,,,,,,not-in-dataset: item 1 [Base.ClayBlacksmithAnvilMoldUnfired] ; tags-only: item 1 tags[base:startfire] ; tags-only: item 1 tags[base:log;base:charcoal] ; not-in-dataset: item 1 Base.ClayBlacksmithAnvilMold,item 1 [Base.ClayBlacksmithAnvilMoldUnfired] | item 1 tags[base:startfire] | item 1 tags[base:log;base:charcoal],item 1 Base.ClayBlacksmithAnvilMold,entities/pottery/cratRecipes/craftrecipe_kiln.txt,404
FixFishingRod,Base,Fishing,80,Making,InHandCraft;Fishing,,,true,,Fishing:4,,,RecipeCodeOnCreate.fixFishingRope,,Base.FishingHook;Base.FishingHook_Bone;Base.FishingHook_Forged;Base.FishingRodBreak;Base.Nails;Base.Paperclip,base:fishingline,,Base.FishingRod,,false,,,,,,,,not-in-dataset: item 1 [Base.FishingRodBreak] ; tags-only: item 1 tags[base:fishingline] ; multi-type: item 1 [Base.Paperclip;Base.Nails;Base.FishingHook;Base.FishingHook_Forged;Base.FishingHook_Bone] ; not-in-dataset: item 1 Base.FishingRod,item 1 [Base.FishingRodBreak] | item 1 tags[base:fishingline] | item 1 [Base.Paperclip;Base.Nails;Base.FishingHook;Base.FishingHook_Forged;Base.FishingHook_Bone],item 1 Base.FishingRod,recipes/recipes_fishing.txt,26
FixSaw,Base,Repair,300,SharpenBlade,InHandCraft,Maintenance:2,Maintenance:20,,,,false,,RecipeCodeOnCreate.sharpenBlade,,,base:file;base:metalsaw;base:repairablesawblade;base:saw;base:smallsaw,,,,false,,,,,,,,no-outputs,item 1 tags[base:saw;base:metalsaw;base:smallsaw;base:repairablesawblade] mode:keep flags[Prop2;IsDamaged] | item 1 tags[base:file] mode:keep flags[Prop1;MayDegradeLight],,recipes/recipes_fixing.txt,226
FixWithAdhesiveTape,Base,Repair,180,CraftWeapon1H,InHandCraft,,Maintenance:5,,,,false,,RecipeCodeOnCreate.genericFixing,Tooltip_Recipe_CanFailAndDamage,Base.Scotchtape,base:repairwithtape,,,,false,,,,,,,,no-outputs,item 1 tags[base:repairwithtape] mode:keep flags[Prop2;IsDamaged] | item 3 [Base.Scotchtape] flags[Prop1],,recipes/recipes_fixing.txt,23
FixWithDuctTape,Base,Repair,180,CraftWeapon1H,AnySurfaceCraft,,Maintenance:10,,,,false,,RecipeCodeOnCreate.genericBetterFixing,Tooltip_Recipe_CanFailAndDamage,Base.DuctTape,base:repairwithtape,,,,false,Base.DuctTape,,,,,,,no-outputs,item 1 tags[base:repairwithtape] mode:keep flags[Prop2;IsDamaged] | item 2 [Base.DuctTape] flags[Prop1],,recipes/recipes_fixing.txt,3
FixWithEpoxy,Base,Repair,180,CraftWeapon1H,AnySurfaceCraft,Maintenance:3,Maintenance:15,,,,false,,RecipeCodeOnCreate.genericEvenBetterFixing,Tooltip_Recipe_CanFailAndDamage,,base:epoxy;base:fiberglasstape;base:repairwithepoxy;base:repairwithtape;base:scissors;base:sharpknife,,,,false,,,,,,,,no-outputs,item 1 tags[base:scissors;base:sharpknife] mode:keep flags[IsNotDull] | item 1 tags[base:repairwithtape;base:repairwithepoxy] mode:keep flags[Prop2;IsDamaged] | item 1 tags[base:epoxy] flags[Prop1] | item 1 tags[base:fiberglasstape],,recipes/recipes_fixing.txt,105
FixWithEpoxyAndRags,Base,Repair,180,CraftWeapon1H,AnySurfaceCraft,Maintenance:4,Maintenance:1,,,,false,,RecipeCodeOnCreate.genericFixing,Tooltip_Recipe_CanFailAndDamage,Base.DenimStrips;Base.RippedSheets,base:epoxy;base:repairwithepoxy;base:repairwithtape,,,,false,,,,,,,,no-outputs,item 1 tags[base:repairwithtape;base:repairwithepoxy] mode:keep flags[Prop2;IsDamaged] | item 1 tags[base:epoxy] flags[Prop1] | item 2 [Base.RippedSheets;Base.DenimStrips] mode:destroy,,recipes/recipes_fixing.txt,128
FixWithGlue,Base,Repair,180,CraftWeapon1H,AnySurfaceCraft,,Maintenance:5,,,,false,,RecipeCodeOnCreate.genericFixing,Tooltip_Recipe_CanFailAndDamage,Base.Glue,base:repairwithglue,,,,false,Base.Glue,,,,,,,no-outputs,item 1 tags[base:repairwithglue] mode:keep flags[Prop2;IsDamaged] | item 2 [Base.Glue] flags[Prop1],,recipes/recipes_fixing.txt,64
FixWithWoodGlue,Base,Repair,180,CraftWeapon1H,AnySurfaceCraft,Woodwork:2,Woodwork:5;Maintenance:5,,,,false,,RecipeCodeOnCreate.genericBetterFixing,Tooltip_Recipe_CanFailAndDamage,Base.Woodglue,base:repairwithglue,,,,false,Base.Woodglue,,,,,,,no-outputs,item 1 tags[base:repairwithglue] mode:keep flags[Prop2;IsDamaged] | item 2 [Base.Woodglue] flags[Prop1],,recipes/recipes_fixing.txt,84
FixWithZipties,Base,Repair,180,CraftWeapon1H,InHandCraft,Maintenance:1,Maintenance:5,,,,false,,RecipeCodeOnCreate.genericFixing,Tooltip_Recipe_CanFailAndDamage,Base.Zipties,base:repairwithtape,,,,false,,,,,,,,no-outputs,item 1 tags[base:repairwithtape] mode:keep flags[Prop2;IsDamaged] | item 1 [Base.Zipties] flags[Prop1],,recipes/recipes_fixing.txt,43
ForgeBarIntoHalves,Base,Blacksmithing,100,HammerMetalStanding,PrimitiveForge,,Blacksmith:10,,,,,,,,Base.IronBar;Base.IronBarHalf;Base.SteelBar;Base.SteelBarHalf,base:charcoal;base:clubhammer;base:hammer;base:metalworkingchisel;base:tongs,,Base.IronBarHalf;Base.IronBarQuarter;Base.SteelBarHalf;Base.SteelBarQuarter,metalType,false,,,,,,,,multi-type: item 1 [Base.IronBar;Base.IronBarHalf;Base.SteelBarHalf;Base.SteelBar] flags[Prop2;AllowDestroyedItem] mappers[metalType] ; tags-only: item 1 tags[base:charcoal] ; multi-type: item 2 mapper:metalType,item 1 [Base.IronBar;Base.IronBarHalf;Base.SteelBarHalf;Base.SteelBar] flags[Prop2;AllowDestroyedItem] mappers[metalType] | item 1 tags[base:hammer;base:clubhammer] mode:keep flags[Prop1;MayDegradeLight] | item 1 tags[base:metalworkingchisel] mode:keep flags[MayDegradeLight] | item 1 tags[base:charcoal] | item 1 tags[base:tongs] mode:keep flags[MayDegradeLight],item 2 mapper:metalType,entities/blacksmith/craftRecipes/recipes_blacksmith_bar.txt,460
ForgeBarIntoRod,Base,Blacksmithing,500,HammerMetalStanding,AdvancedForge,,Blacksmith:10,,,,,,,,Base.SteelBar;Base.SteelBarHalf,base:ballpeenhammer;base:charcoal;base:metalworkingchisel;base:tongs,,Base.IronChunk;Base.MetalBar;Base.SteelChunk;Base.SteelPiece;Base.SteelRodHalf,MetalType;ScrapType,false,,,,,,,,multi-type: item 1 [Base.SteelBarHalf;Base.SteelBar] flags[Prop2] mappers[MetalType;ScrapType] ; tags-only: item 4 tags[base:charcoal] ; multi-type: item 1 mapper:MetalType ; multi-type: item 1 mapper:ScrapType,item 1 [Base.SteelBarHalf;Base.SteelBar] flags[Prop2] mappers[MetalType;ScrapType] | item 1 tags[base:ballpeenhammer] mode:keep flags[Prop1;MayDegradeLight] | item 1 tags[base:metalworkingchisel] mode:keep flags[MayDegradeLight] | item 4 tags[base:charcoal] | item 1 tags[base:tongs] mode:keep flags[MayDegradeLight],item 1 mapper:MetalType | item 1 mapper:ScrapType,entities/blacksmith/craftRecipes/recipes_blacksmith_bar.txt,489
ForgeCircularSawbladeIntoHalves,Base,Blacksmithing,200,HammerMetalStanding,PrimitiveForge,,,,,,,,,,Base.CircularSawblade,base:charcoal;base:clubhammer;base:hammer;base:metalworkingchisel;base:tongs,,Base.CircularSawblade_Half,,false,,,,,,,,not-in-dataset: item 1 [Base.CircularSawblade] flags[AllowDestroyedItem] ; tags-only: item 1 tags[base:charcoal] ; not-in-dataset: item 2 Base.CircularSawblade_Half,item 1 [Base.CircularSawblade] flags[AllowDestroyedItem] | item 1 tags[base:hammer;base:clubhammer] mode:keep flags[Prop1;MayDegradeLight] | item 1 tags[base:metalworkingchisel] mode:keep flags[MayDegradeLight] | item 1 tags[base:charcoal] | item 1 tags[base:tongs] mode:keep flags[MayDegradeLight],item 2 Base.CircularSawblade_Half,entities/blacksmith/craftRecipes/recipes_blacksmith_bar.txt,599
ForgeHandguardDagger,Base,Blade,500,HammerMetalStanding,AdvancedForge,Blacksmith:6,Blacksmith:60,true,Blacksmith:7;SmallBlade:5,,,,,,Base.SmallHandle;Base.SmallSheetMetal;Base.SteelBarHalf,base:ballpeenhammer;base:charcoal;base:metalworkingpliers;base:tongs,,Base.HandguardDagger,,false,,,,,,,,tags-only: item 4 tags[base:charcoal] ; not-in-dataset: item 1 [Base.SteelBarHalf] ; not-in-dataset: item 1 [Base.SmallHandle] ; not-in-dataset: item 1 [Base.SmallSheetMetal] ; not-in-dataset: item 1 Base.HandguardDagger flags[IsBlunt],item 4 tags[base:charcoal] | item 1 [Base.SteelBarHalf] | item 1 tags[base:ballpeenhammer] mode:keep flags[Prop1;MayDegradeLight] | item 1 tags[base:metalworkingpliers;base:tongs] mode:keep flags[Prop2;MayDegradeLight] | item 1 [Base.SmallHandle] | item 1 [Base.SmallSheetMetal],item 1 Base.HandguardDagger flags[IsBlunt],entities/blacksmith/craftRecipes/recipes_blacksmith_blades.txt,317
ForgeIronBand,Base,Blacksmithing,500,HammerMetalStanding,PrimitiveForge,Blacksmith:0,Blacksmith:10,,,,,,,,Base.IronBar;Base.SteelBar,base:charcoal;base:crudetongs;base:hammer;base:tongs,,Base.IronBand,,false,,,,,,,,tags-only: item 4 tags[base:charcoal] ; multi-type: item 1 [Base.IronBar;Base.SteelBar] ; not-in-dataset: item 1 Base.IronBand,item 4 tags[base:charcoal] | item 1 [Base.IronBar;Base.SteelBar] | item 1 tags[base:hammer] mode:keep flags[Prop1;MayDegradeLight] | item 1 tags[base:crudetongs;base:tongs] mode:keep flags[Prop2],item 1 Base.IronBand,entities/blacksmith/craftRecipes/recipes_blacksmith_bar.txt,578
ForgeIronBandIntoQuarters,Base,Blacksmithing,300,HammerMetalStanding,PrimitiveForge,,,,,,,,,,Base.IronBand,base:charcoal;base:clubhammer;base:hammer;base:metalworkingchisel;base:tongs,,Base.IronBandSmall,,false,,,,,,,,not-in-dataset: item 1 [Base.IronBand] flags[AllowDestroyedItem] ; tags-only: item 2 tags[base:charcoal] ; not-in-dataset: item 4 Base.IronBandSmall,item 1 [Base.IronBand] flags[AllowDestroyedItem] | item 1 tags[base:hammer;base:clubhammer] mode:keep flags[Prop1;MayDegradeLight] | item 1 tags[base:metalworkingchisel] mode:keep flags[MayDegradeLight] | item 2 tags[base:charcoal] | item 1 tags[base:tongs] mode:keep flags[MayDegradeLight],item 4 Base.IronBandSmall,entities/blacksmith/craftRecipes/recipes_blacksmith_bar.txt,619
ForgeLongSpearHead,Base,Blade,500,HammerMetalStanding,AdvancedForge,Blacksmith:5,Blacksmith:50,true,Blacksmith:6;Spear:5,,,,,,Base.SteelBarHalf,base:ballpeenhammer;base:charcoal;base:metalworkingpliers;base:tongs,,Base.SpearLongHead,,false,,,,,,,,tags-only: item 4 tags[base:charcoal] ; not-in-dataset: item 1 [Base.SteelBarHalf] ; not-in-dataset: item 1 Base.SpearLongHead flags[IsBlunt],item 4 tags[base:charcoal] | item 1 [Base.SteelBarHalf] | item 1 tags[base:ballpeenhammer] mode:keep flags[Prop1;MayDegradeLight] | item 1 tags[base:metalworkingpliers;base:tongs] mode:keep flags[Prop2;MayDegradeLight],item 1 Base.SpearLongHead flags[IsBlunt],entities/blacksmith/craftRecipes/recipes_blacksmith_blades.txt,294
ForgeMaceHead,Base,Weaponry,500,HammerMetalStanding,AdvancedForge,Blacksmith:7,Blacksmith:75,true,Blacksmith:8,,,,,,,base:ballpeenhammer;base:charcoal;base:metalpiece;base:metalworkingpunch;base:piercedchunk;base:tongs,,Base.MaceHead,,false,,,,,,,,tags-only: item 4 tags[base:charcoal] ; tags-only: item 1 tags[base:piercedchunk] ; tags-only: item 5 tags[base:metalpiece] ; not-in-dataset: item 1 Base.MaceHead,item 4 tags[base:charcoal] | item 1 tags[base:piercedchunk] | item 5 tags[base:metalpiece] | item 1 tags[base:ballpeenhammer] mode:keep flags[Prop1;MayDegradeLight] | item 1 tags[base:tongs] mode:keep flags[Prop2;MayDegradeLight] | item 1 tags[base:metalworkingpunch] mode:keep flags[MayDegradeLight],item 1 Base.MaceHead,entities/blacksmith/craftRecipes/recipes_blacksmith_heads.txt,457
ForgeRodIntoBar,Base,Blacksmithing,400,HammerMetalStanding,PrimitiveForge,,Blacksmith:10,,,,,,,,Base.MetalBar;Base.SteelRodHalf,base:charcoal;base:clubhammer;base:hammer;base:tongs,,Base.SteelBarHalf;Base.SteelBarQuarter;Base.SteelChunk;Base.SteelPiece,MetalType;ScrapType,false,,,,,,,,multi-type: item 1 [Base.MetalBar;Base.SteelRodHalf] flags[Prop2] mappers[MetalType;ScrapType] ; tags-only: item 3 tags[base:charcoal] ; multi-type: item 1 mapper:MetalType ; multi-type: item 1 mapper:ScrapType,item 1 [Base.MetalBar;Base.SteelRodHalf] flags[Prop2] mappers[MetalType;ScrapType] | item 1 tags[base:hammer;base:clubhammer] mode:keep flags[Prop1;MayDegradeLight] | item 3 tags[base:charcoal] | item 1 tags[base:tongs] mode:keep flags[MayDegradeLight],item 1 mapper:MetalType | item 1 mapper:ScrapType,entities/blacksmith/craftRecipes/recipes_blacksmith_bar.txt,524
ForgeScrapIntoBarQuarter,Base,Blacksmithing,300,HammerMetalStanding,PrimitiveForge,Blacksmith:0,,,,,,,,,Base.IronScrap;Base.SteelScrap,base:charcoal;base:clubhammer;base:hammer;base:tongs,,Base.IronBarQuarter;Base.SteelBarQuarter,metalType,false,,,,,,,,tags-only: item 2 tags[base:charcoal] ; multi-type: item 1 [Base.IronScrap;Base.SteelScrap] mappers[metalType] ; multi-type: item 1 mapper:metalType,item 2 tags[base:charcoal] | item 1 [Base.IronScrap;Base.SteelScrap] mappers[metalType] | item 1 tags[base:hammer;base:clubhammer] mode:keep flags[Prop1;MayDegradeLight] | item 1 tags[base:tongs] mode:keep flags[Prop2;MayDegradeLight],item 1 mapper:metalType,entities/blacksmith/craftRecipes/recipes_blacksmith_bar.txt,639
ForgeScrapIntoChunk,Base,Blacksmithing,300,HammerMetalStanding,PrimitiveForge,Blacksmith:0,,,,,,,,,Base.IronScrap;Base.SteelScrap,base:charcoal;base:clubhammer;base:hammer;base:tongs,,Base.IronChunk;Base.SteelChunk,metalType,false,,,,,,,,tags-only: item 2 tags[base:charcoal] ; multi-type: item 1 [Base.IronScrap;Base.SteelScrap] mappers[metalType] ; multi-type: item 1 mapper:metalType,item 2 tags[base:charcoal] | item 1 [Base.IronScrap;Base.SteelScrap] mappers[metalType] | item 1 tags[base:hammer;base:clubhammer] mode:keep flags[Prop1;MayDegradeLight] | item 1 tags[base:tongs] mode:keep flags[Prop2;MayDegradeLight],item 1 mapper:metalType,entities/blacksmith/craftRecipes/recipes_blacksmith_bar.txt,665
ForgeSmallIronBand,Base,Blacksmithing,200,HammerMetalStanding,PrimitiveForge,Blacksmith:0,Blacksmith:10,,,,,,,,Base.IronBarQuarter;Base.SteelBarQuarter,base:charcoal;base:crudetongs;base:hammer;base:tongs,,Base.IronBandSmall,,false,,,,,,,,tags-only: item 1 tags[base:charcoal] ; multi-type: item 1 [Base.IronBarQuarter;Base.SteelBarQuarter] ; not-in-dataset: item 1 Base.IronBandSmall,item 1 tags[base:charcoal] | item 1 [Base.IronBarQuarter;Base.SteelBarQuarter] | item 1 tags[base:hammer] mode:keep flags[Prop1;MayDegradeLight] | item 1 tags[base:crudetongs;base:tongs] mode:keep flags[Prop2],item 1 Base.IronBandSmall,entities/blacksmith/craftRecipes/recipes_blacksmith_bar.txt,557
ForgeSpearHead,Base,Blade,400,HammerMetalStanding,AdvancedForge,Blacksmith:4,Blacksmith:45,true,Blacksmith:6;Spear:2,,,,,,Base.HuntingKnifeBlade;Base.Katana_Shard;Base.MeatCleaverBlade;Base.SteelBarQuarter;Base.Sword_Shard,base:ballpeenhammer;base:charcoal;base:metalworkingpliers;base:tongs,,Base.SpearHead,,false,,,,,,,,tags-only: item 3 tags[base:charcoal] ; multi-type: item 1 [Base.SteelBarQuarter;Base.Katana_Shard;Base.Sword_Shard;Base.MeatCleaverBlade;Base.HuntingKnifeBlade] ; not-in-dataset: item 1 Base.SpearHead flags[IsBlunt],item 3 tags[base:charcoal] | item 1 [Base.SteelBarQuarter;Base.Katana_Shard;Base.Sword_Shard;Base.MeatCleaverBlade;Base.HuntingKnifeBlade] | item 1 tags[base:ballpeenhammer] mode:keep flags[Prop1;MayDegradeLight] | item 1 tags[base:metalworkingpliers;base:tongs] mode:keep flags[Prop2;MayDegradeLight],item 1 Base.SpearHead flags[IsBlunt],entities/blacksmith/craftRecipes/recipes_blacksmith_blades.txt,248
Forge_Armored_Gloves,Base,Armor,300,HammerMetalStanding,Forge,Blacksmith:6;Tailoring:3,Blacksmith:15;Tailoring:5,true,Blacksmith:6,,,,,,Base.Gloves_FingerlessGloves;Base.Gloves_FingerlessLeatherGloves;Base.Gloves_FingerlessLeatherGloves_Black;Base.Gloves_LeatherGloves;Base.Gloves_LeatherGlovesBlack;Base.Gloves_LeatherGlovesBrown;Base.SmallSheetMetal,base:awl;base:charcoal;base:headingtool;base:heavythread;base:scissors;base:sewingneedle;base:smallpunch;base:smithinghammer;base:tongs,,Base.Gloves_MetalArmour,,false,,,,,,,,tags-only: item 1 tags[base:charcoal] ; not-in-dataset: item 1 [Base.SmallSheetMetal] ; tags-only: item 1 tags[base:heavythread] ; multi-type: item 1 [Base.Gloves_FingerlessGloves;Base.Gloves_FingerlessLeatherGloves;Base.Gloves_FingerlessLeatherGloves_Black;Base.Gloves_LeatherGloves;Base.Gloves_LeatherGlovesBlack;Base.Gloves_LeatherGlovesBrown] ; not-in-dataset: item 1 Base.Gloves_MetalArmour,item 1 tags[base:charcoal] | item 1 [Base.SmallSheetMetal] | item 1 tags[base:smithinghammer] mode:keep flags[Prop1;MayDegradeLight] | item 1 tags[base:tongs] mode:keep flags[MayDegradeLight] | item 1 tags[base:awl;base:smallpunch] mode:keep flags[MayDegradeLight] | item 1 tags[base:headingtool] mode:keep | item 1 tags[base:scissors] mode:keep flags[MayDegradeLight] | item 1 tags[base:sewingneedle] mode:keep flags[MayDegradeLight] | item 1 tags[base:heavythread] | item 1 [Base.Gloves_FingerlessGloves;Base.Gloves_FingerlessLeatherGloves;Base.Gloves_FingerlessLeatherGloves_Black;Base.Gloves_LeatherGloves;Base.Gloves_LeatherGlovesBlack;Base.Gloves_LeatherGlovesBrown],item 1 Base.Gloves_MetalArmour,entities/blacksmith/craftRecipes/recipes_blacksmith_armor.txt,65
Forge_Baking_Pan,Base,Cookware,500,HammerMetalStanding,Forge,Blacksmith:2,Blacksmith:25,true,Blacksmith:4;Cooking:1,,,,,,Base.SheetMetal,base:ballpeenhammer;base:charcoal;base:metalworkingchisel;base:metalworkingpliers;base:tongs,,Base.BakingPan,,false,,,,,,,,tags-only: item 4 tags[base:charcoal] ; not-in-dataset: item 1 [Base.SheetMetal] ; not-in-dataset: item 1 Base.BakingPan,item 4 tags[base:charcoal] | item 1 [Base.SheetMetal] | item 1 tags[base:ballpeenhammer] mode:keep flags[Prop1;MayDegradeLight] | item 1 tags[base:metalworkingpliers;base:tongs] mode:keep flags[Prop2;MayDegradeLight;MayDegradeLight] | item 1 tags[base:metalworkingchisel] mode:keep flags[MayDegradeLight],item 1 Base.BakingPan,entities/blacksmith/craftRecipes/recipes_blacksmith_cookware.txt,172
Forge_Baking_Tray,Base,Cookware,500,HammerMetalStanding,Forge,Blacksmith:2,Blacksmith:25,true,Blacksmith:4;Cooking:1,,,,,,Base.SheetMetal,base:ballpeenhammer;base:charcoal;base:metalworkingchisel;base:metalworkingpliers;base:tongs,,Base.BakingTray,,false,,,,,,,,tags-only: item 4 tags[base:charcoal] ; not-in-dataset: item 1 [Base.SheetMetal] ; not-in-dataset: item 1 Base.BakingTray,item 4 tags[base:charcoal] | item 1 [Base.SheetMetal] | item 1 tags[base:ballpeenhammer] mode:keep flags[Prop1;MayDegradeLight] | item 1 tags[base:metalworkingpliers;base:tongs] mode:keep flags[Prop2;MayDegradeLight] | item 1 tags[base:metalworkingchisel] mode:keep flags[MayDegradeLight],item 1 Base.BakingTray,entities/blacksmith/craftRecipes/recipes_blacksmith_cookware.txt,196
Forge_Ball_Peen_Hammer_Head,Base,Tools,500,HammerMetalStanding,Forge,Blacksmith:4,Blacksmith:45,true,Blacksmith:6,,,,,,Base.PiercedSteelChunk,base:charcoal;base:metalworkingpunch;base:smithinghammer;base:tongs,,Base.BallPeenHammerHead,,false,,,,,,,,tags-only: item 4 tags[base:charcoal] ; not-in-dataset: item 1 [Base.PiercedSteelChunk] ; not-in-dataset: item 1 Base.BallPeenHammerHead,item 4 tags[base:charcoal] | item 1 [Base.PiercedSteelChunk] | item 1 tags[base:smithinghammer] mode:keep flags[Prop1;MayDegradeLight] | item 1 tags[base:tongs] mode:keep flags[Prop2;MayDegradeLight] | item 1 tags[base:metalworkingpunch] mode:keep flags[MayDegradeLight],item 1 Base.BallPeenHammerHead,entities/blacksmith/craftRecipes/recipes_blacksmith_heads.txt,98
Forge_Bar,Base,Blacksmithing,500,HammerMetalStanding,PrimitiveForge,,Blacksmith:10,,,,,,,,Base.IronBarHalf;Base.IronBarQuarter;Base.IronChunk;Base.SteelBarHalf;Base.SteelBarQuarter;Base.SteelChunk,base:charcoal;base:clubhammer;base:hammer;base:tongs,,Base.IronBar;Base.SteelBar,metalType,false,,,,,,,,tags-only: item 4 tags[base:charcoal] ; multi-type: item 4 [Base.IronChunk;Base.SteelChunk;Base.IronBarQuarter;Base.SteelBarQuarter;2:Base.IronBarHalf;2:Base.SteelBarHalf] mappers[metalType] flags[IsExclusive] ; multi-type: item 1 mapper:metalType,item 4 tags[base:charcoal] | item 4 [Base.IronChunk;Base.SteelChunk;Base.IronBarQuarter;Base.SteelBarQuarter;2:Base.IronBarHalf;2:Base.SteelBarHalf] mappers[metalType] flags[IsExclusive] | item 1 tags[base:hammer;base:clubhammer] mode:keep flags[Prop1;MayDegradeLight] | item 1 tags[base:tongs] mode:keep flags[Prop2;MayDegradeLight],item 1 mapper:metalType,entities/blacksmith/craftRecipes/recipes_blacksmith_bar.txt,112
Forge_Bar_From_Chunk,Base,Blacksmithing,500,HammerMetalStanding,PrimitiveForge,Blacksmith:0,Blacksmith:10,,,,,,,,Base.IronChunk;Base.SteelChunk,base:charcoal;base:clubhammer;base:hammer;base:tongs,,Base.IronBar;Base.SteelBar,metalType,false,,,,,,,,tags-only: item 4 tags[base:charcoal] ; multi-type: item 4 [Base.IronChunk;Base.SteelChunk] mappers[metalType] flags[IsExclusive] ; multi-type: item 1 mapper:metalType,item 4 tags[base:charcoal] | item 4 [Base.IronChunk;Base.SteelChunk] mappers[metalType] flags[IsExclusive] | item 1 tags[base:hammer;base:clubhammer] mode:keep flags[Prop1;MayDegradeLight] | item 1 tags[base:tongs] mode:keep flags[Prop2;MayDegradeLight],item 1 mapper:metalType,entities/blacksmith/craftRecipes/recipes_blacksmith_bar.txt,85
Forge_Bar_Half,Base,Blacksmithing,300,HammerMetalStanding,PrimitiveForge,Blacksmith:0,Blacksmith:10,,,,,,,,Base.IronBarQuarter;Base.IronChunk;Base.SteelBarQuarter;Base.SteelChunk,base:charcoal;base:clubhammer;base:crudetongs;base:hammer;base:tongs,,Base.IronBarHalf;Base.SteelBarHalf,metalType,false,,,,,,,,tags-only: item 2 tags[base:charcoal] ; multi-type: item 2 [Base.IronChunk;Base.SteelChunk;Base.IronBarQuarter;Base.SteelBarQuarter] mappers[metalType] flags[IsExclusive] ; multi-type: item 1 mapper:metalType,item 2 tags[base:charcoal] | item 2 [Base.IronChunk;Base.SteelChunk;Base.IronBarQuarter;Base.SteelBarQuarter] mappers[metalType] flags[IsExclusive] | item 1 tags[base:hammer;base:clubhammer] mode:keep flags[Prop1;MayDegradeLight] | item 1 tags[base:crudetongs;base:tongs] mode:keep flags[Prop2;MayDegradeLight],item 1 mapper:metalType,entities/blacksmith/craftRecipes/recipes_blacksmith_bar.txt,57
Forge_Bar_Quarter_From_Chunk,Base,Blacksmithing,200,HammerMetalStanding,PrimitiveForge,Blacksmith:0,Blacksmith:10,,,,,,,,Base.IronChunk;Base.SteelChunk,base:charcoal;base:clubhammer;base:crudetongs;base:hammer;base:tongs,,Base.IronBarQuarter;Base.SteelBarQuarter,metalType,false,,,,,,,,tags-only: item 1 tags[base:charcoal] ; multi-type: item 1 [Base.IronChunk;Base.SteelChunk] mappers[metalType] flags[IsExclusive] ; multi-type: item 1 mapper:metalType,item 1 tags[base:charcoal] | item 1 [Base.IronChunk;Base.SteelChunk] mappers[metalType] flags[IsExclusive] | item 1 tags[base:hammer;base:clubhammer] mode:keep flags[Prop1;MayDegradeLight] | item 1 tags[base:crudetongs;base:tongs] mode:keep flags[Prop2;MayDegradeLight],item 1 mapper:metalType,entities/blacksmith/craftRecipes/recipes_blacksmith_bar.txt,30
Forge_Block_From_Chunk,Base,Blacksmithing,300,HammerMetalStanding,PrimitiveForge,Blacksmith:0,Blacksmith:10,,,,,,,,Base.IronChunk;Base.SteelChunk,base:charcoal;base:clubhammer;base:hammer;base:tongs,,Base.IronBlock;Base.SteelBlock,metalType,false,,,,,,,,tags-only: item 2 tags[base:charcoal] ; multi-type: item 4 [Base.IronChunk;Base.SteelChunk] mappers[metalType] flags[IsExclusive] ; multi-type: item 1 mapper:metalType,item 2 tags[base:charcoal] | item 4 [Base.IronChunk;Base.SteelChunk] mappers[metalType] flags[IsExclusive] | item 1 tags[base:hammer;base:clubhammer] mode:keep flags[Prop1;MayDegradeLight] | item 1 tags[base:tongs] mode:keep flags[Prop2;MayDegradeLight],item 1 mapper:metalType,entities/blacksmith/craftRecipes/recipes_blacksmith_bar.txt,3
Forge_Body_Armor,Base,Armor,1800,HammerMetalStanding,Forge,Blacksmith:6;Tailoring:3,Blacksmith:50;Tailoring:10,true,Blacksmith:9,,,,,,Base.Buckle;Base.LeatherStrips;Base.SmallSheetMetal,base:awl;base:ballpeenhammer;base:charcoal;base:heavythread;base:sewingneedle;base:tongs,,Base.Cuirass_Metal,,false,,,,,,,,tags-only: item 17 tags[base:charcoal] ; not-in-dataset: item 8 [Base.SmallSheetMetal] ; not-in-dataset: item 6 [Base.LeatherStrips] mode:destroy ; not-in-dataset: item 4 [Base.Buckle] ; tags-only: item 1 tags[base:heavythread] ; not-in-dataset: item 1 Base.Cuirass_Metal,item 17 tags[base:charcoal] | item 8 [Base.SmallSheetMetal] | item 6 [Base.LeatherStrips] mode:destroy | item 4 [Base.Buckle] | item 1 tags[base:ballpeenhammer] mode:keep flags[Prop1;MayDegradeLight] | item 1 tags[base:tongs] mode:keep flags[Prop2;MayDegradeLight] | item 1 tags[base:sewingneedle] mode:keep flags[MayDegradeLight] | item 1 tags[base:awl] mode:keep flags[MayDegradeLight] | item 1 tags[base:heavythread],item 1 Base.Cuirass_Metal,entities/blacksmith/craftRecipes/recipes_blacksmith_armor.txt,348
Forge_Bucket,Base,Tools,600,HammerMetalStanding,PrimitiveForge,Blacksmith:3,Blacksmith:40,true,Blacksmith:5,,,,,,Base.SheetMetal;Base.Wire,base:charcoal;base:smithinghammer;base:tongs,,Base.BucketEmpty,,false,Base.BucketEmpty;Base.Wire,,,,,,,tags-only: item 5 tags[base:charcoal] ; not-in-dataset: item 1 [Base.SheetMetal] ; no-nutrition: item 1 [Base.Wire] ; no-nutrition: item 1 Base.BucketEmpty,item 5 tags[base:charcoal] | item 1 [Base.SheetMetal] | item 1 tags[base:smithinghammer] mode:keep flags[MayDegradeLight] | item 1 tags[base:tongs] mode:keep flags[MayDegradeLight] | item 1 [Base.Wire],item 1 Base.BucketEmpty,entities/blacksmith/craftRecipes/recipes_blacksmith_tools.txt,242
Forge_Buckle,Base,Tools,200,HammerMetalStanding,AdvancedForge,Blacksmith:4,Blacksmith:40,true,Blacksmith:6,,,,,,,base:ballpeenhammer;base:charcoal;base:metalpiece;base:metalworkingpliers,,Base.Buckle,,false,,,,,,,,tags-only: item 1 tags[base:charcoal] ; tags-only: item 1 tags[base:metalpiece] ; not-in-dataset: item 1 Base.Buckle,item 1 tags[base:charcoal] | item 1 tags[base:metalpiece] | item 1 tags[base:ballpeenhammer] mode:keep flags[MayDegradeLight] | item 1 tags[base:metalworkingpliers] mode:keep flags[MayDegradeLight],item 1 Base.Buckle,entities/blacksmith/craftRecipes/recipes_blacksmith_tools.txt,823
Forge_Carpentry_Chisel,Base,Tools,400,HammerMetalStanding,Forge,Blacksmith:4,Blacksmith:45,true,Blacksmith:6,,,,,,Base.SmallHandle,base:barstockhalf;base:charcoal;base:crudetongs;base:file;base:smithinghammer;base:tongs;base:whetstone,,Base.CarpentryChisel,,false,,,,,,,,tags-only: item 4 tags[base:charcoal] ; tags-only: item 1 tags[base:barstockhalf] ; not-in-dataset: item 1 [Base.SmallHandle] ; not-in-dataset: item 1 Base.CarpentryChisel,item 4 tags[base:charcoal] | item 1 tags[base:barstockhalf] | item 1 [Base.SmallHandle] | item 1 tags[base:smithinghammer] mode:keep flags[MayDegradeLight] | item 1 tags[base:crudetongs;base:tongs] mode:keep flags[MayDegradeLight] | item 1 tags[base:whetstone;base:file] mode:keep flags[MayDegradeLight],item 1 Base.CarpentryChisel,entities/blacksmith/craftRecipes/recipes_blacksmith_tools.txt,407
Forge_Clawhammer_Head,Base,Tools,500,HammerMetalStanding,Forge,Blacksmith:4,Blacksmith:45,true,Blacksmith:6,,,,,,Base.PiercedSteelChunk,base:ballpeenhammer;base:charcoal;base:metalworkingchisel;base:metalworkingpunch;base:tongs,,Base.ClawhammerHead,,false,,,,,,,,tags-only: item 4 tags[base:charcoal] ; not-in-dataset: item 1 [Base.PiercedSteelChunk] ; not-in-dataset: item 1 Base.ClawhammerHead,item 4 tags[base:charcoal] | item 1 [Base.PiercedSteelChunk] | item 1 tags[base:ballpeenhammer] mode:keep flags[Prop1;MayDegradeLight] | item 1 tags[base:tongs] mode:keep flags[Prop2;MayDegradeLight] | item 1 tags[base:metalworkingpunch] mode:keep flags[MayDegradeLight] | item 1 tags[base:metalworkingchisel] mode:keep flags[MayDegradeLight],item 1 Base.ClawhammerHead,entities/blacksmith/craftRecipes/recipes_blacksmith_heads.txt,146
Forge_Club_Hammer_Head,Base,Tools,600,HammerMetalStanding,AdvancedForge,Blacksmith:4,Blacksmith:45,true,Blacksmith:6,,,,,,,base:charcoal;base:metalworkingpunch;base:piercedblock;base:smithinghammer;base:tongs,,Base.ClubHammerHead,,false,,,,,,,,tags-only: item 5 tags[base:charcoal] ; tags-only: item 1 tags[base:piercedblock] ; not-in-dataset: item 1 Base.ClubHammerHead,item 5 tags[base:charcoal] | item 1 tags[base:piercedblock] | item 1 tags[base:smithinghammer] mode:keep flags[Prop1;MayDegradeLight] | item 1 tags[base:tongs] mode:keep flags[Prop2;MayDegradeLight] | item 1 tags[base:metalworkingpunch] mode:keep flags[MayDegradeLight],item 1 Base.ClubHammerHead,entities/blacksmith/craftRecipes/recipes_blacksmith_heads.txt,360
Forge_CoatOfPlates,Base,Armor,2600,HammerMetalStanding,Forge,Blacksmith:8;Tailoring:4,Blacksmith:100;Tailoring:20,true,Blacksmith:10,,,,,,Base.Buckle;Base.LeatherStrips;Base.SmallSheetMetal,base:awl;base:ballpeenhammer;base:charcoal;base:heavythread;base:sewingneedle;base:tongs,,Base.Cuirass_CoatOfPlates,,false,,,,,,,,tags-only: item 25 tags[base:charcoal] ; not-in-dataset: item 12 [Base.SmallSheetMetal] ; not-in-dataset: item 6 [Base.LeatherStrips] mode:destroy ; not-in-dataset: item 4 [Base.Buckle] ; tags-only: item 1 tags[base:heavythread] ; not-in-dataset: item 1 Base.Cuirass_CoatOfPlates,item 25 tags[base:charcoal] | item 12 [Base.SmallSheetMetal] | item 6 [Base.LeatherStrips] mode:destroy | item 4 [Base.Buckle] | item 1 tags[base:ballpeenhammer] mode:keep flags[Prop1;MayDegradeLight] | item 1 tags[base:tongs] mode:keep flags[Prop2;MayDegradeLight] | item 1 tags[base:sewingneedle] mode:keep flags[MayDegradeLight] | item 1 tags[base:awl] mode:keep flags[MayDegradeLight] | item 1 tags[base:heavythread],item 1 Base.Cuirass_CoatOfPlates,entities/blacksmith/craftRecipes/recipes_blacksmith_armor.txt,376
Forge_Codpiece,Base,Armor,400,HammerMetalStanding,Forge,Blacksmith:4;Tailoring:3,Blacksmith:10;Tailoring:5,true,Blacksmith:6,,,,,,Base.LeatherStrips;Base.SmallSheetMetal,base:awl;base:charcoal;base:headingtool;base:heavythread;base:leathercrudetannedsmall;base:metalworkingpunch;base:scissors;base:sewingneedle;base:smallpunch;base:smithinghammer;base:tongs,,Base.Codpiece_Metal,,false,,,,,,,,tags-only: item 3 tags[base:charcoal] ; not-in-dataset: item 1 [Base.SmallSheetMetal] ; tags-only: item 1 tags[base:leathercrudetannedsmall] ; tags-only: item 1 tags[base:heavythread] ; not-in-dataset: item 1 [Base.LeatherStrips] mode:destroy ; not-in-dataset: item 1 Base.Codpiece_Metal,item 3 tags[base:charcoal] | item 1 [Base.SmallSheetMetal] | item 1 tags[base:smithinghammer] mode:keep flags[Prop1;MayDegradeLight] | item 1 tags[base:tongs] mode:keep flags[Prop2;MayDegradeLight] | item 1 tags[base:metalworkingpunch;base:smallpunch] mode:keep flags[MayDegradeLight] | item 1 tags[base:headingtool] mode:keep | item 1 tags[base:scissors] mode:keep flags[MayDegradeLight] | item 1 tags[base:sewingneedle] mode:keep flags[MayDegradeLight] | item 1 tags[base:awl] mode:keep flags[MayDegradeLight] | item 1 tags[base:leathercrudetannedsmall] | item 1 tags[base:heavythread] | item 1 [Base.LeatherStrips] mode:destroy,item 1 Base.Codpiece_Metal,entities/blacksmith/craftRecipes/recipes_blacksmith_armor.txt,3
Forge_Coins,Base,Blacksmithing,100,HammerMetalStanding,PrimitiveForge,Blacksmith:1,Blacksmith:25,false,,,,,,,Base.GoldSheet;Base.SilverSheet,base:charcoal;base:metalworkingpliers;base:smithinghammer;base:tongs,,Base.GoldCoin;Base.SilverCoin,metalType,false,,,,,,,,tags-only: item 1 tags[base:charcoal] ; multi-type: item 1 [Base.GoldSheet;Base.SilverSheet] mappers[metalType] ; multi-type: item 10 mapper:metalType,item 1 tags[base:charcoal] | item 1 tags[base:smithinghammer] mode:keep flags[Prop1;MayDegradeLight] | item 1 tags[base:metalworkingpliers;base:tongs] mode:keep flags[Prop2;MayDegradeLight] | item 1 [Base.GoldSheet;Base.SilverSheet] mappers[metalType],item 10 mapper:metalType,entities/blacksmith/craftRecipes/recipes_blacksmith_other_metals.txt,672
Forge_Cooking_Pot,Base,Cookware,300,HammerMetalStanding,Forge,Blacksmith:3,Blacksmith:25,true,Blacksmith:5;Cooking:2,,,,,,Base.SmallSheetMetal;Base.Wire,base:ballpeenhammer;base:charcoal;base:metalworkingchisel;base:metalworkingpliers;base:tongs,,Base.PotForged,,false,Base.PotForged;Base.Wire,,,,,,,tags-only: item 2 tags[base:charcoal] ; not-in-dataset: item 2 [Base.SmallSheetMetal] ; no-nutrition: item 1 [Base.Wire] ; no-nutrition: item 1 Base.PotForged,item 2 tags[base:charcoal] | item 2 [Base.SmallSheetMetal] | item 1 tags[base:ballpeenhammer] mode:keep flags[Prop1;MayDegradeLight] | item 1 tags[base:metalworkingpliers;base:tongs] mode:keep flags[Prop2;MayDegradeLight] | item 1 tags[base:metalworkingchisel] mode:keep flags[MayDegradeLight] | item 1 [Base.Wire],item 1 Base.PotForged,entities/blacksmith/craftRecipes/recipes_blacksmith_cookware.txt,220
Forge_Copper_Sheet,Base,Blacksmithing,200,HammerMetalStanding,PrimitiveForge,Blacksmith:0,,,,,,,,,Base.CopperScrap;Base.SmallCopperSheet,base:charcoal;base:clubhammer;base:hammer;base:metalworkingpliers;base:tongs,,Base.CopperSheet,,false,,,,,,,,tags-only: item 1 tags[base:charcoal] ; multi-type: item 4 [Base.CopperScrap;Base.SmallCopperSheet] ; not-in-dataset: item 1 Base.CopperSheet,item 1 tags[base:charcoal] | item 4 [Base.CopperScrap;Base.SmallCopperSheet] | item 1 tags[base:hammer;base:clubhammer] mode:keep flags[Prop1;MayDegradeLight] | item 1 tags[base:tongs;base:metalworkingpliers] mode:keep flags[Prop2;MayDegradeLight],item 1 Base.CopperSheet,entities/blacksmith/craftRecipes/recipes_blacksmith_other_metals.txt,23
Forge_Corkscrew,Base,Tools,200,HammerMetalStanding,Forge,Blacksmith:3,,true,Blacksmith:5,,,,,,Base.SmallHandle,base:ballpeenhammer;base:charcoal;base:metalworkingpliers;base:wire,,Base.Corkscrew,,false,,,,,,,,tags-only: item 1 tags[base:charcoal] ; tags-only: item 2 tags[base:wire] ; not-in-dataset: item 1 [Base.SmallHandle] ; not-in-dataset: item 1 Base.Corkscrew,item 1 tags[base:charcoal] | item 2 tags[base:wire] | item 1 tags[base:ballpeenhammer] mode:keep flags[MayDegradeLight] | item 1 tags[base:metalworkingpliers] mode:keep flags[MayDegradeLight] | item 1 [Base.SmallHandle],item 1 Base.Corkscrew,entities/blacksmith/craftRecipes/recipes_blacksmith_tools.txt,582
Forge_Crowbar,Base,Tools,600,HammerMetalStanding,AdvancedForge,Blacksmith:9,Blacksmith:100,true,Blacksmith:10,,,,,,Base.SteelBar,base:ballpeenhammer;base:charcoal;base:metalworkingchisel;base:tongs,,Base.CrowbarForged,,false,,,,,,,,tags-only: item 5 tags[base:charcoal] ; not-in-dataset: item 1 [Base.SteelBar] ; not-in-dataset: item 1 Base.CrowbarForged,item 5 tags[base:charcoal] | item 1 [Base.SteelBar] | item 1 tags[base:ballpeenhammer] mode:keep flags[MayDegradeLight] | item 1 tags[base:tongs] mode:keep flags[MayDegradeLight] | item 1 tags[base:metalworkingchisel] mode:keep flags[MayDegradeLight],item 1 Base.CrowbarForged,entities/blacksmith/craftRecipes/recipes_blacksmith_tools.txt,751
Forge_Crude_Blade,Base,Blade,200,HammerMetalStanding,PrimitiveForge,,Blacksmith:25,false,,,,,,,Base.CrudeSword_Shard;Base.IronBarQuarter;Base.Katana_Shard;Base.KitchenKnifeBlade;Base.SteelBarQuarter;Base.Sword_Shard,base:charcoal;base:crudetongs;base:hammer;base:metalworkingpliers;base:tongs,,Base.CrudeBlade,,false,,,,,,,,tags-only: item 1 tags[base:charcoal] ; multi-type: item 1 [Base.IronBarQuarter;Base.SteelBarQuarter;Base.Katana_Shard;Base.Sword_Shard;Base.CrudeSword_Shard;Base.KitchenKnifeBlade] ; not-in-dataset: item 1 Base.CrudeBlade flags[IsBlunt],item 1 tags[base:charcoal] | item 1 [Base.IronBarQuarter;Base.SteelBarQuarter;Base.Katana_Shard;Base.Sword_Shard;Base.CrudeSword_Shard;Base.KitchenKnifeBlade] | item 1 tags[base:hammer] mode:keep flags[Prop1;MayDegradeLight] | item 1 tags[base:metalworkingpliers;base:tongs;base:crudetongs] mode:keep flags[Prop2;MayDegradeLight],item 1 Base.CrudeBlade flags[IsBlunt],entities/blacksmith/craftRecipes/recipes_blacksmith_blades.txt,3
Forge_Crude_Shortsword_Blade,Base,Blade,600,HammerMetalStanding,Forge,Blacksmith:6,Blacksmith:60,true,Blacksmith:7;LongBlade:2,,,,,,Base.CrudeSwordBlade;Base.CrudeSwordBlade_NoTang;Base.IronBar;Base.Katana;Base.Katana_Blade;Base.SteelBar;Base.SwordBlade;Base.SwordBlade_NoTang,base:charcoal;base:hammer;base:tongs,,Base.CrudeShortSwordBlade;Base.CrudeSword_Shard;Base.Katana_Shard;Base.SteelBarQuarter;Base.Sword_Shard,metalType,false,,,,,,,,tags-only: item 5 tags[base:charcoal] ; multi-type: item 1 [Base.IronBar;Base.SteelBar;Base.Katana;Base.Katana_Blade;Base.SwordBlade;Base.SwordBlade_NoTang;Base.CrudeSwordBlade;Base.CrudeSwordBlade_NoTang] mappers[metalType] ; not-in-dataset: item 1 Base.CrudeShortSwordBlade flags[IsBlunt] ; multi-type: item 1 mapper:metalType,item 5 tags[base:charcoal] | item 1 [Base.IronBar;Base.SteelBar;Base.Katana;Base.Katana_Blade;Base.SwordBlade;Base.SwordBlade_NoTang;Base.CrudeSwordBlade;Base.CrudeSwordBlade_NoTang] mappers[metalType] | item 1 tags[base:hammer] mode:keep flags[Prop1;MayDegradeLight] | item 1 tags[base:tongs] mode:keep flags[Prop2;MayDegradeLight],item 1 Base.CrudeShortSwordBlade flags[IsBlunt] | item 1 mapper:metalType,entities/blacksmith/craftRecipes/recipes_blacksmith_blades.txt,120
Forge_Crude_Sword_Blade,Base,Blade,700,HammerMetalStanding,Forge,Blacksmith:8,Blacksmith:90,true,Blacksmith:9;LongBlade:2,,,,,,Base.CrudeSwordBlade;Base.CrudeSwordBlade_NoTang;Base.IronBar;Base.Katana;Base.Katana_Blade;Base.MacheteBlade;Base.MacheteBlade_NoTang;Base.SteelBar;Base.SwordBlade;Base.SwordBlade_NoTang,base:charcoal;base:hammer;base:tongs,,Base.CrudeSwordBlade,,false,,,,,,,,tags-only: item 6 tags[base:charcoal] ; multi-type: item 1 [Base.IronBar;Base.SteelBar;Base.Katana;Base.Katana_Blade;Base.SwordBlade;Base.SwordBlade_NoTang;Base.CrudeSwordBlade;Base.CrudeSwordBlade_NoTang;Base.MacheteBlade;Base.MacheteBlade_NoTang] ; not-in-dataset: item 1 Base.CrudeSwordBlade flags[IsBlunt],item 6 tags[base:charcoal] | item 1 [Base.IronBar;Base.SteelBar;Base.Katana;Base.Katana_Blade;Base.SwordBlade;Base.SwordBlade_NoTang;Base.CrudeSwordBlade;Base.CrudeSwordBlade_NoTang;Base.MacheteBlade;Base.MacheteBlade_NoTang] | item 1 tags[base:hammer] mode:keep flags[Prop1;MayDegradeLight] | item 1 tags[base:tongs] mode:keep flags[Prop2;MayDegradeLight],item 1 Base.CrudeSwordBlade flags[IsBlunt],entities/blacksmith/craftRecipes/recipes_blacksmith_blades.txt,178
Forge_Cup,Base,Cookware,200,HammerMetalStanding,Forge,Blacksmith:3,Blacksmith:25,true,Blacksmith:5,,,,,,Base.GoldSheet;Base.SilverSheet;Base.SmallCopperSheet;Base.SmallSheetMetal,base:charcoal;base:metalworkingpliers;base:smithinghammer;base:tongs,,Base.CopperCup;Base.GoldCup;Base.MetalCup;Base.SilverCup,metalMapper,false,Base.CopperCup;Base.GoldCup;Base.MetalCup;Base.SilverCup,,,,,,,tags-only: item 1 tags[base:charcoal] ; multi-type: item 1 [Base.GoldSheet;Base.SilverSheet;Base.SmallSheetMetal;Base.SmallCopperSheet] mappers[metalMapper] ; multi-type: item 1 mapper:metalMapper,item 1 tags[base:charcoal] | item 1 [Base.GoldSheet;Base.SilverSheet;Base.SmallSheetMetal;Base.SmallCopperSheet] mappers[metalMapper] | item 1 tags[base:smithinghammer] mode:keep flags[Prop1;MayDegradeLight] | item 1 tags[base:metalworkingpliers;base:tongs] mode:keep flags[Prop2;MayDegradeLight],item 1 mapper:metalMapper,entities/blacksmith/craftRecipes/recipes_blacksmith_other_metals.txt,92
Forge_Door_Knob,Base,Tools,300,HammerMetalStanding,AdvancedForge,Blacksmith:9,Blacksmith:100,true,Blacksmith:10,,,,,,,base:ballpeenhammer;base:barstockquarter;base:charcoal;base:metalworkingpliers;base:smallfiles;base:smallpunch,,Base.Doorknob,,false,,,,,,,,tags-only: item 2 tags[base:charcoal] ; tags-only: item 1 tags[base:barstockquarter] ; not-in-dataset: item 1 Base.Doorknob,item 2 tags[base:charcoal] | item 1 tags[base:barstockquarter] | item 1 tags[base:ballpeenhammer] mode:keep flags[MayDegradeLight] | item 1 tags[base:metalworkingpliers] mode:keep flags[MayDegradeLight] | item 1 tags[base:smallpunch] mode:keep | item 1 tags[base:smallfiles] mode:keep,item 1 Base.Doorknob,entities/blacksmith/craftRecipes/recipes_blacksmith_tools.txt,846
Forge_Draw_Plate,Base,Tools,300,HammerMetalStanding,PrimitiveForge,Blacksmith:1,Blacksmith:25,true,Blacksmith:3,,,,,,,base:barstockquarter;base:charcoal;base:crudetongs;base:hammer;base:metalworkingpliers;base:metalworkingpunch;base:smallpunch;base:tongs,,Base.DrawPlate,,false,,,,,,,,tags-only: item 2 tags[base:charcoal] ; tags-only: item 1 tags[base:barstockquarter] ; not-in-dataset: item 1 Base.DrawPlate,item 2 tags[base:charcoal] | item 1 tags[base:barstockquarter] | item 1 tags[base:hammer] mode:keep flags[MayDegradeLight] | item 1 tags[base:crudetongs;base:metalworkingpliers;base:tongs] mode:keep flags[MayDegradeLight] | item 1 tags[base:metalworkingpunch;base:smallpunch] mode:keep flags[MayDegradeLight],item 1 Base.DrawPlate,entities/blacksmith/craftRecipes/recipes_blacksmith_tools.txt,27
Forge_Drill,Base,Tools,400,HammerMetalStanding,Forge,Blacksmith:5,Blacksmith:50,true,Blacksmith:7,,,,,,Base.SmallHandle,base:barstockquarter;base:charcoal;base:file;base:smithinghammer;base:tongs,,Base.OldDrill,,false,,,,,,,,tags-only: item 3 tags[base:charcoal] ; tags-only: item 1 tags[base:barstockquarter] ; not-in-dataset: item 1 [Base.SmallHandle] ; not-in-dataset: item 1 Base.OldDrill,item 3 tags[base:charcoal] | item 1 tags[base:barstockquarter] | item 1 tags[base:smithinghammer] mode:keep flags[MayDegradeLight] | item 1 tags[base:tongs] mode:keep flags[MayDegradeLight] | item 1 tags[base:file] mode:keep flags[MayDegradeLight] | item 1 [Base.SmallHandle],item 1 Base.OldDrill,entities/blacksmith/craftRecipes/recipes_blacksmith_tools.txt,481
Forge_File,Base,Tools,400,HammerMetalStanding,Forge,Blacksmith:4,Blacksmith:45,true,Blacksmith:6,,,,,,Base.Handle,base:barstockhalf;base:charcoal;base:crudetongs;base:metalsaw;base:metalworkingchisel;base:smithinghammer;base:tongs,,Base.File,,false,,,,,,,,tags-only: item 3 tags[base:charcoal] ; tags-only: item 1 tags[base:barstockhalf] ; not-in-dataset: item 1 [Base.Handle] ; not-in-dataset: item 1 Base.File,item 3 tags[base:charcoal] | item 1 tags[base:barstockhalf] | item 1 tags[base:smithinghammer] mode:keep flags[MayDegradeLight] | item 1 tags[base:crudetongs;base:tongs] mode:keep flags[MayDegradeLight] | item 1 tags[base:metalsaw;base:metalworkingchisel] mode:keep flags[MayDegradeLight] | item 1 [Base.Handle],item 1 Base.File,entities/blacksmith/craftRecipes/recipes_blacksmith_tools.txt,456
Forge_Fine_Butter_Knives,Base,Cookware,300,HammerMetalStanding,Forge,Blacksmith:2,Blacksmith:35,true,Blacksmith:4,,,base:kitchentools,,,Base.SteelBarQuarter,base:ballpeenhammer;base:charcoal;base:metalworkingpliers;base:tongs,,Base.ButterKnife,,false,,,,,,,,tags-only: item 2 tags[base:charcoal] ; not-in-dataset: item 1 [Base.SteelBarQuarter] ; not-in-dataset: item 2 Base.ButterKnife,item 2 tags[base:charcoal] | item 1 [Base.SteelBarQuarter] | item 1 tags[base:ballpeenhammer] mode:keep flags[Prop1;MayDegradeLight] | item 1 tags[base:metalworkingpliers;base:tongs] mode:keep flags[Prop2;MayDegradeLight],item 2 Base.ButterKnife,entities/blacksmith/craftRecipes/recipes_blacksmith_cookware.txt,123
Forge_Fine_Forks,Base,Cookware,300,HammerMetalStanding,Forge,Blacksmith:3,Blacksmith:40,true,Blacksmith:5,,,base:kitchentools,,,Base.SteelBarQuarter,base:ballpeenhammer;base:charcoal;base:metalworkingchisel;base:metalworkingpliers,,Base.Fork,,false,,,,,,,,tags-only: item 2 tags[base:charcoal] ; not-in-dataset: item 1 [Base.SteelBarQuarter] ; not-in-dataset: item 2 Base.Fork,item 2 tags[base:charcoal] | item 1 [Base.SteelBarQuarter] | item 1 tags[base:ballpeenhammer] mode:keep flags[Prop1;MayDegradeLight] | item 1 tags[base:metalworkingpliers] mode:keep flags[Prop2] | item 1 tags[base:metalworkingchisel] mode:keep flags[MayDegradeLight],item 2 Base.Fork,entities/blacksmith/craftRecipes/recipes_blacksmith_cookware.txt,147
Forge_Fine_Scissors,Base,Tools,500,HammerMetalStanding,AdvancedForge,Blacksmith:5,Blacksmith:50,true,Blacksmith:6,,,,,,Base.SteelBarQuarter,base:ballpeenhammer;base:charcoal;base:metalworkingpliers;base:metalworkingpunch;base:smallpunch,,Base.Scissors,,false,,,,,,,,tags-only: item 4 tags[base:charcoal] ; not-in-dataset: item 1 [Base.SteelBarQuarter] ; not-in-dataset: item 1 Base.Scissors flags[IsBlunt],item 4 tags[base:charcoal] | item 1 [Base.SteelBarQuarter] | item 1 tags[base:ballpeenhammer] mode:keep flags[MayDegradeLight] | item 1 tags[base:metalworkingpliers] mode:keep flags[MayDegradeLight] | item 1 tags[base:metalworkingpunch;base:smallpunch] mode:keep flags[MayDegradeLight],item 1 Base.Scissors flags[IsBlunt],entities/blacksmith/craftRecipes/recipes_blacksmith_tools.txt,679
Forge_Fine_Spoons,Base,Cookware,300,HammerMetalStanding,Forge,Blacksmith:2,Blacksmith:35,true,Blacksmith:4,,,base:kitchentools,,,Base.SteelBarQuarter,base:ballpeenhammer;base:charcoal;base:metalworkingpliers;base:tongs,,Base.Spoon,,false,,,,,,,,tags-only: item 2 tags[base:charcoal] ; not-in-dataset: item 1 [Base.SteelBarQuarter] ; not-in-dataset: item 2 Base.Spoon,item 2 tags[base:charcoal] | item 1 [Base.SteelBarQuarter] | item 1 tags[base:ballpeenhammer] mode:keep flags[Prop1;MayDegradeLight] | item 1 tags[base:metalworkingpliers;base:tongs] mode:keep flags[Prop2;MayDegradeLight],item 2 Base.Spoon,entities/blacksmith/craftRecipes/recipes_blacksmith_cookware.txt,99
Forge_Fireplace_Poker,Base,Tools,600,HammerMetalStanding,PrimitiveForge,Blacksmith:4,Blacksmith:45,true,Blacksmith:6,,,,,,,base:barstock;base:charcoal;base:smithinghammer;base:tongs,,Base.FireplacePoker,,false,,,,,,,,tags-only: item 5 tags[base:charcoal] ; tags-only: item 1 tags[base:barstock] ; not-in-dataset: item 1 Base.FireplacePoker,item 5 tags[base:charcoal] | item 1 tags[base:barstock] | item 1 tags[base:smithinghammer] mode:keep flags[MayDegradeLight] | item 1 tags[base:tongs] mode:keep flags[MayDegradeLight],item 1 Base.FireplacePoker,entities/blacksmith/craftRecipes/recipes_blacksmith_tools.txt,314
Forge_Fishing_Hooks,Base,Tools,200,HammerMetalStanding,PrimitiveForge,Blacksmith:3,Blacksmith:20,true,Blacksmith:4;Fishing:1,,,,,,,base:ballpeenhammer;base:charcoal;base:metalworkingpliers;base:wire,,Base.FishingHook_Forged,,false,,,,,,,,tags-only: item 1 tags[base:charcoal] ; tags-only: item 2 tags[base:wire] ; not-in-dataset: item 4 Base.FishingHook_Forged,item 1 tags[base:charcoal] | item 2 tags[base:wire] | item 1 tags[base:ballpeenhammer] mode:keep flags[MayDegradeLight] | item 1 tags[base:metalworkingpliers] mode:keep flags[MayDegradeLight],item 4 Base.FishingHook_Forged,entities/blacksmith/craftRecipes/recipes_blacksmith_tools.txt,219
Forge_Fleshing_Tool,Base,Tools,400,HammerMetalStanding,PrimitiveForge,Blacksmith:3,Blacksmith:20,true,Blacksmith:5,,,,,,Base.SmallHandle,base:ballpeenhammer;base:barstockhalf;base:charcoal;base:metalworkingchisel;base:tongs,,Base.Fleshing_Tool,,false,,,,,,,,tags-only: item 3 tags[base:charcoal] ; tags-only: item 1 tags[base:barstockhalf] ; not-in-dataset: item 2 [Base.SmallHandle] ; not-in-dataset: item 1 Base.Fleshing_Tool,item 3 tags[base:charcoal] | item 1 tags[base:barstockhalf] | item 1 tags[base:ballpeenhammer] mode:keep flags[MayDegradeLight] | item 1 tags[base:tongs] mode:keep flags[MayDegradeLight] | item 1 tags[base:metalworkingchisel] mode:keep flags[MayDegradeLight] | item 2 [Base.SmallHandle],item 1 Base.Fleshing_Tool,entities/blacksmith/craftRecipes/recipes_blacksmith_tools.txt,194
Forge_Forceps,Base,Tools,300,HammerMetalStanding,AdvancedForge,Blacksmith:4,Blacksmith:45,true,Blacksmith:6,,,,,,,base:ballpeenhammer;base:barstockquarter;base:charcoal;base:headingtool;base:metalworkingpliers;base:metalworkingpunch;base:smallpunch,,Base.Forceps_Forged,,false,,,,,,,,tags-only: item 2 tags[base:charcoal] ; tags-only: item 1 tags[base:barstockquarter] ; not-in-dataset: item 1 Base.Forceps_Forged,item 2 tags[base:charcoal] | item 1 tags[base:barstockquarter] | item 1 tags[base:ballpeenhammer] mode:keep flags[MayDegradeLight] | item 1 tags[base:metalworkingpliers] mode:keep flags[MayDegradeLight] | item 1 tags[base:metalworkingpunch;base:smallpunch] mode:keep flags[MayDegradeLight] | item 1 tags[base:headingtool] mode:keep,item 1 Base.Forceps_Forged,entities/blacksmith/craftRecipes/recipes_blacksmith_tools.txt,726
Forge_Forks,Base,Cookware,200,HammerMetalStanding,PrimitiveForge,Blacksmith:1,Blacksmith:25,true,Blacksmith:3,,,base:kitchentools,,,,base:barstockquarter;base:charcoal;base:crudechisel;base:metalworkingchisel;base:metalworkingpliers;base:smithinghammer;base:tongs,,Base.ForkForged,,false,,,,,,,,tags-only: item 1 tags[base:charcoal] ; tags-only: item 1 tags[base:barstockquarter] ; not-in-dataset: item 2 Base.ForkForged,item 1 tags[base:charcoal] | item 1 tags[base:barstockquarter] | item 1 tags[base:smithinghammer] mode:keep flags[Prop1;MayDegradeLight] | item 1 tags[base:metalworkingpliers;base:tongs] mode:keep flags[Prop2;MayDegradeLight] | item 1 tags[base:crudechisel;base:metalworkingchisel] mode:keep flags[MayDegradeLight],item 2 Base.ForkForged,entities/blacksmith/craftRecipes/recipes_blacksmith_cookware.txt,26
Forge_Frying_Pan,Base,Cookware,500,HammerMetalStanding,PrimitiveForge,Blacksmith:2,Blacksmith:20,true,Blacksmith:4;Cooking:1,,,,,,Base.SheetMetal,base:ballpeenhammer;base:charcoal;base:crudechisel;base:metalworkingchisel;base:metalworkingpliers;base:tongs,,Base.PanForged,,false,,,,,,,,tags-only: item 4 tags[base:charcoal] ; not-in-dataset: item 1 [Base.SheetMetal] ; not-in-dataset: item 1 Base.PanForged,item 4 tags[base:charcoal] | item 1 [Base.SheetMetal] | item 1 tags[base:ballpeenhammer] mode:keep flags[Prop1;MayDegradeLight] | item 1 tags[base:metalworkingpliers;base:tongs] mode:keep flags[Prop2;MayDegradeLight] | item 1 tags[base:crudechisel;base:metalworkingchisel] mode:keep flags[MayDegradeLight],item 1 Base.PanForged,entities/blacksmith/craftRecipes/recipes_blacksmith_cookware.txt,51
Forge_Garden_Hoe_Head,Base,Tools,400,HammerMetalStanding,PrimitiveForge,Blacksmith:4,Blacksmith:45,true,Blacksmith:6,,,,,,,base:barstockhalf;base:charcoal;base:metalworkingpunch;base:smithinghammer;base:tongs,,Base.GardenHoeHead,,false,,,,,,,,tags-only: item 3 tags[base:charcoal] ; tags-only: item 1 tags[base:barstockhalf] ; not-in-dataset: item 1 Base.GardenHoeHead,item 3 tags[base:charcoal] | item 1 tags[base:barstockhalf] | item 1 tags[base:smithinghammer] mode:keep flags[Prop1;MayDegradeLight] | item 1 tags[base:tongs] mode:keep flags[Prop2;MayDegradeLight] | item 1 tags[base:metalworkingpunch] mode:keep flags[MayDegradeLight],item 1 Base.GardenHoeHead,entities/blacksmith/craftRecipes/recipes_blacksmith_heads.txt,27
Forge_Gardening_Trowel,Base,Tools,400,HammerMetalStanding,PrimitiveForge,Blacksmith:4,Blacksmith:45,true,Blacksmith:6,,,,,,Base.SmallHandle,base:barstockquarter;base:charcoal;base:metalworkingpliers;base:smithinghammer;base:tongs,,Base.HandShovel,,false,,,,,,,,tags-only: item 3 tags[base:charcoal] ; tags-only: item 1 tags[base:barstockquarter] ; not-in-dataset: item 1 [Base.SmallHandle] ; not-in-dataset: item 1 Base.HandShovel,item 3 tags[base:charcoal] | item 1 tags[base:barstockquarter] | item 1 tags[base:smithinghammer] mode:keep flags[MayDegradeLight] | item 1 tags[base:metalworkingpliers;base:tongs] mode:keep flags[MayDegradeLight] | item 1 [Base.SmallHandle],item 1 Base.HandShovel,entities/blacksmith/craftRecipes/recipes_blacksmith_tools.txt,337
Forge_Goblet,Base,Cookware,200,HammerMetalStanding,Forge,Blacksmith:5,Blacksmith:50,true,Blacksmith:7,,,,,,Base.GoldSheet;Base.SilverSheet,base:ballpeenhammer;base:charcoal;base:metalworkingpliers;base:tongs,,Base.Goblet_Gold;Base.Goblet_Silver,metalMapper,false,Base.Goblet_Gold;Base.Goblet_Silver,,,,,,,tags-only: item 1 tags[base:charcoal] ; multi-type: item 1 [Base.GoldSheet;Base.SilverSheet] mappers[metalMapper] ; multi-type: item 1 mapper:metalMapper,item 1 tags[base:charcoal] | item 1 [Base.GoldSheet;Base.SilverSheet] mappers[metalMapper] | item 1 tags[base:ballpeenhammer] mode:keep flags[Prop1;MayDegradeLight] | item 1 tags[base:metalworkingpliers;base:tongs] mode:keep flags[Prop2;MayDegradeLight],item 1 mapper:metalMapper,entities/blacksmith/craftRecipes/recipes_blacksmith_other_metals.txt,123
Forge_Gold_Sheet,Base,Blacksmithing,200,HammerMetalStanding,PrimitiveForge,Blacksmith:1,,,,,,,,,Base.GoldCoin;Base.GoldScrap,base:charcoal;base:clubhammer;base:hammer;base:tongs,,Base.GoldSheet,,false,,,,,,,,tags-only: item 1 tags[base:charcoal] ; multi-type: item 10 [Base.GoldCoin;Base.GoldScrap] ; not-in-dataset: item 1 Base.GoldSheet,item 1 tags[base:charcoal] | item 10 [Base.GoldCoin;Base.GoldScrap] | item 1 tags[base:hammer;base:clubhammer] mode:keep flags[Prop1;MayDegradeLight] | item 1 tags[base:tongs] mode:keep flags[Prop2;MayDegradeLight],item 1 Base.GoldSheet,entities/blacksmith/craftRecipes/recipes_blacksmith_other_metals.txt,152
Forge_Gold_Sheets,Base,Blacksmithing,200,HammerMetalStanding,PrimitiveForge,Blacksmith:1,,,,,,,,,Base.SmallGoldBar,base:charcoal;base:clubhammer;base:hammer;base:metalworkingchisel;base:tongs,,Base.GoldSheet,,false,,,,,,,,tags-only: item 1 tags[base:charcoal] ; not-in-dataset: item 1 [Base.SmallGoldBar] ; not-in-dataset: item 4 Base.GoldSheet,item 1 tags[base:charcoal] | item 1 [Base.SmallGoldBar] | item 1 tags[base:hammer;base:clubhammer] mode:keep flags[Prop1;MayDegradeLight] | item 1 tags[base:metalworkingchisel] mode:keep flags[MayDegradeLight] | item 1 tags[base:tongs] mode:keep flags[Prop2;MayDegradeLight],item 4 Base.GoldSheet,entities/blacksmith/craftRecipes/recipes_blacksmith_other_metals.txt,213
Forge_Gorget,Base,Armor,600,HammerMetalStanding,Forge,Blacksmith:6;Tailoring:3,Blacksmith:15;Tailoring:5,true,Blacksmith:6,,,,,,Base.LeatherStrips;Base.SmallSheetMetal,base:awl;base:charcoal;base:headingtool;base:heavythread;base:leathercrudetannedsmall;base:metalworkingpunch;base:scissors;base:sewingneedle;base:smallpunch;base:smithinghammer;base:tongs,,Base.Gorget_Metal,,false,,,,,,,,tags-only: item 5 tags[base:charcoal] ; not-in-dataset: item 2 [Base.SmallSheetMetal] ; tags-only: item 1 tags[base:leathercrudetannedsmall] ; tags-only: item 1 tags[base:heavythread] ; not-in-dataset: item 1 [Base.LeatherStrips] mode:destroy ; not-in-dataset: item 1 Base.Gorget_Metal,item 5 tags[base:charcoal] | item 2 [Base.SmallSheetMetal] | item 1 tags[base:smithinghammer] mode:keep flags[Prop1;MayDegradeLight] | item 1 tags[base:tongs] mode:keep flags[Prop2;MayDegradeLight] | item 1 tags[base:metalworkingpunch;base:smallpunch] mode:keep flags[MayDegradeLight] | item 1 tags[base:headingtool] mode:keep | item 1 tags[base:scissors] mode:keep flags[MayDegradeLight] | item 1 tags[base:sewingneedle] mode:keep flags[MayDegradeLight] | item 1 tags[base:awl] mode:keep flags[MayDegradeLight] | item 1 tags[base:leathercrudetannedsmall] | item 1 tags[base:heavythread] | item 1 [Base.LeatherStrips] mode:destroy,item 1 Base.Gorget_Metal,entities/blacksmith/craftRecipes/recipes_blacksmith_armor.txt,34
Forge_Hand_Axe_Head,Base,Tools,500,HammerMetalStanding,Forge,Blacksmith:4,Blacksmith:50,true,Blacksmith:5,,,,,,Base.PiercedSteelChunk,base:ballpeenhammer;base:charcoal;base:metalworkingpunch;base:tongs,,Base.HandAxeHead,,false,,,,,,,,tags-only: item 4 tags[base:charcoal] ; not-in-dataset: item 1 [Base.PiercedSteelChunk] ; not-in-dataset: item 1 Base.HandAxeHead flags[IsBlunt],item 4 tags[base:charcoal] | item 1 [Base.PiercedSteelChunk] | item 1 tags[base:ballpeenhammer] mode:keep flags[Prop1;MayDegradeLight] | item 1 tags[base:tongs] mode:keep flags[Prop2;MayDegradeLight] | item 1 tags[base:metalworkingpunch] mode:keep flags[MayDegradeLight],item 1 Base.HandAxeHead flags[IsBlunt],entities/blacksmith/craftRecipes/recipes_blacksmith_heads.txt,336
Forge_Hand_Scythe_Head,Base,Tools,300,HammerMetalStanding,PrimitiveForge,Blacksmith:4,Blacksmith:45,true,Blacksmith:6,,,,,,,base:barstockquarter;base:charcoal;base:smithinghammer;base:tongs,,Base.HandScytheBlade,,false,,,,,,,,tags-only: item 2 tags[base:charcoal] ; tags-only: item 1 tags[base:barstockquarter] ; not-in-dataset: item 1 Base.HandScytheBlade flags[IsBlunt],item 2 tags[base:charcoal] | item 1 tags[base:barstockquarter] | item 1 tags[base:smithinghammer] mode:keep flags[Prop1;MayDegradeLight] | item 1 tags[base:tongs] mode:keep flags[Prop2;MayDegradeLight],item 1 Base.HandScytheBlade flags[IsBlunt],entities/blacksmith/craftRecipes/recipes_blacksmith_heads.txt,75
Forge_Heading_Tool,Base,Tools,200,HammerMetalStanding,PrimitiveForge,Blacksmith:1,Blacksmith:25,true,Blacksmith:3,,,,,,,base:barstockquarter;base:charcoal;base:crudetongs;base:hammer;base:metalworkingpliers;base:metalworkingpunch;base:smallpunch;base:tongs,,Base.HeadingTool,,false,,,,,,,,tags-only: item 1 tags[base:charcoal] ; tags-only: item 1 tags[base:barstockquarter] ; not-in-dataset: item 1 Base.HeadingTool,item 1 tags[base:charcoal] | item 1 tags[base:barstockquarter] | item 1 tags[base:hammer] mode:keep flags[MayDegradeLight] | item 1 tags[base:crudetongs;base:metalworkingpliers;base:tongs] mode:keep flags[MayDegradeLight] | item 1 tags[base:metalworkingpunch;base:smallpunch] mode:keep flags[MayDegradeLight],item 1 Base.HeadingTool,entities/blacksmith/craftRecipes/recipes_blacksmith_tools.txt,3
Forge_Hinge,Base,Tools,300,HammerMetalStanding,AdvancedForge,Blacksmith:5,Blacksmith:50,true,Blacksmith:6,,,,,,,base:ballpeenhammer;base:barstockquarter;base:charcoal;base:metalworkingpliers;base:metalworkingpunch;base:smallpunch,,Base.Hinge,,false,,,,,,,,tags-only: item 2 tags[base:charcoal] ; tags-only: item 1 tags[base:barstockquarter] ; not-in-dataset: item 1 Base.Hinge,item 2 tags[base:charcoal] | item 1 tags[base:barstockquarter] | item 1 tags[base:ballpeenhammer] mode:keep flags[MayDegradeLight] | item 1 tags[base:metalworkingpliers] mode:keep flags[MayDegradeLight] | item 1 tags[base:metalworkingpunch;base:smallpunch] mode:keep flags[MayDegradeLight],item 1 Base.Hinge,entities/blacksmith/craftRecipes/recipes_blacksmith_tools.txt,799
Forge_Hunting_Knife_Blade,Base,Blade,500,HammerMetalStanding,AdvancedForge,Blacksmith:5,Blacksmith:50,true,Blacksmith:6;SmallBlade:5,,,,,,Base.HuntingKnifeBlade;Base.MeatCleaverBlade;Base.SteelBarHalf,base:ballpeenhammer;base:charcoal;base:metalworkingpliers;base:tongs,,Base.HuntingKnifeBlade,,false,,,,,,,,tags-only: item 4 tags[base:charcoal] ; multi-type: item 1 [Base.SteelBarHalf;Base.MeatCleaverBlade;Base.HuntingKnifeBlade] ; not-in-dataset: item 1 Base.HuntingKnifeBlade flags[IsBlunt],item 4 tags[base:charcoal] | item 1 [Base.SteelBarHalf;Base.MeatCleaverBlade;Base.HuntingKnifeBlade] | item 1 tags[base:ballpeenhammer] mode:keep flags[Prop1;MayDegradeLight] | item 1 tags[base:metalworkingpliers;base:tongs] mode:keep flags[Prop2;MayDegradeLight],item 1 Base.HuntingKnifeBlade flags[IsBlunt],entities/blacksmith/craftRecipes/recipes_blacksmith_blades.txt,271
Forge_JarLid,Base,Tools,300,HammerMetalStanding,PrimitiveForge,Blacksmith:5,Blacksmith:50,true,Blacksmith:7,,,,,,Base.SmallSheetMetal,base:ballpeenhammer;base:charcoal;base:metalworkingchisel;base:tongs,,Base.JarLid,,false,,,,,,,,tags-only: item 2 tags[base:charcoal] ; not-in-dataset: item 1 [Base.SmallSheetMetal] ; not-in-dataset: item 5 Base.JarLid,item 2 tags[base:charcoal] | item 1 [Base.SmallSheetMetal] | item 1 tags[base:ballpeenhammer] mode:keep flags[MayDegradeLight] | item 1 tags[base:tongs] mode:keep flags[MayDegradeLight] | item 1 tags[base:metalworkingchisel] mode:keep flags[MayDegradeLight],item 5 Base.JarLid,entities/blacksmith/craftRecipes/recipes_blacksmith_tools.txt,506
Forge_Kettle,Base,Cookware,200,HammerMetalStanding,AdvancedForge,Blacksmith:3,Blacksmith:25,true,Blacksmith:5;Cooking:2,,,,,,Base.CopperSheet;Base.SmallHandle,base:ballpeenhammer;base:charcoal;base:metalworkingchisel;base:metalworkingpliers,,Base.Kettle_Copper,,false,Base.Kettle_Copper,,,,,,,tags-only: item 1 tags[base:charcoal] ; not-in-dataset: item 1 [Base.CopperSheet] ; not-in-dataset: item 1 [Base.SmallHandle] ; no-nutrition: item 1 Base.Kettle_Copper,item 1 tags[base:charcoal] | item 1 [Base.CopperSheet] | item 1 tags[base:ballpeenhammer] mode:keep flags[Prop1;MayDegradeLight] | item 1 tags[base:metalworkingpliers] mode:keep flags[Prop2;MayDegradeLight] | item 1 tags[base:metalworkingchisel] mode:keep flags[MayDegradeLight] | item 1 [Base.SmallHandle],item 1 Base.Kettle_Copper,entities/blacksmith/craftRecipes/recipes_blacksmith_other_metals.txt,67
Forge_KeyRing,Base,Blacksmithing,100,HammerMetalStanding,PrimitiveForge,,Blacksmith:5,false,,,,,,,Base.GoldScrap;Base.IronPiece;Base.SilverScrap;Base.SteelPiece,base:charcoal;base:metalworkingpliers;base:smithinghammer;base:tongs,,Base.KeyRing_Forged_Gold;Base.KeyRing_Forged_Silver,metalType,false,,,,,,,,tags-only: item 1 tags[base:charcoal] ; multi-type: item 1 [Base.IronPiece;Base.SteelPiece;2:Base.GoldScrap;2:Base.SilverScrap] flags[IsExclusive] mappers[metalType] ; multi-type: item 1 mapper:metalType,item 1 tags[base:charcoal] | item 1 tags[base:smithinghammer] mode:keep flags[Prop1;MayDegradeLight] | item 1 tags[base:metalworkingpliers;base:tongs] mode:keep flags[Prop2;MayDegradeLight] | item 1 [Base.IronPiece;Base.SteelPiece;2:Base.GoldScrap;2:Base.SilverScrap] flags[IsExclusive] mappers[metalType],item 1 mapper:metalType,entities/blacksmith/craftRecipes/recipes_blacksmith_other_metals.txt,645
Forge_Kitchen_Knife_Blade,Base,Blade,400,HammerMetalStanding,AdvancedForge,Blacksmith:4,Blacksmith:45,true,Blacksmith:6;SmallBlade:2,,,base:kitchentools,,,Base.Katana_Shard;Base.KitchenKnifeBlade;Base.SteelBarQuarter;Base.Sword_Shard,base:ballpeenhammer;base:charcoal;base:metalworkingpliers;base:tongs,,Base.KitchenKnifeBlade,,false,,,,,,,,tags-only: item 3 tags[base:charcoal] ; multi-type: item 1 [Base.SteelBarQuarter;Base.Katana_Shard;Base.Sword_Shard;Base.KitchenKnifeBlade] ; not-in-dataset: item 1 Base.KitchenKnifeBlade flags[IsBlunt],item 3 tags[base:charcoal] | item 1 [Base.SteelBarQuarter;Base.Katana_Shard;Base.Sword_Shard;Base.KitchenKnifeBlade] | item 1 tags[base:ballpeenhammer] mode:keep flags[Prop1;MayDegradeLight] | item 1 tags[base:metalworkingpliers;base:tongs] mode:keep flags[Prop2;MayDegradeLight],item 1 Base.KitchenKnifeBlade flags[IsBlunt],entities/blacksmith/craftRecipes/recipes_blacksmith_blades.txt,224
Forge_Lantern,Base,Tools,200,HammerMetalStanding,AdvancedForge,Blacksmith:5,Blacksmith:60,true,Blacksmith:7,,,,,,Base.GoldSheet;Base.LanternGlass;Base.SilverSheet;Base.SmallCopperSheet;Base.SmallSheetMetal;Base.Wire,base:charcoal;base:smithinghammer;base:tongs,,Base.Lantern_Hurricane_Copper;Base.Lantern_Hurricane_Forged;Base.Lantern_Hurricane_Gold;Base.Lantern_Hurricane_Silver,LampMapper,false,Base.Lantern_Hurricane_Copper;Base.Lantern_Hurricane_Forged;Base.Lantern_Hurricane_Gold;Base.Lantern_Hurricane_Silver;Base.Wire,,,,,,,tags-only: item 1 tags[base:charcoal] ; multi-type: item 4 [Base.SmallSheetMetal;Base.SmallCopperSheet;Base.GoldSheet;Base.SilverSheet] mappers[LampMapper] flags[IsExclusive] ; no-nutrition: item 1 [Base.Wire] ; not-in-dataset: item 1 [Base.LanternGlass] ; multi-type: item 1 mapper:LampMapper flags[HasNoUses],item 1 tags[base:charcoal] | item 4 [Base.SmallSheetMetal;Base.SmallCopperSheet;Base.GoldSheet;Base.SilverSheet] mappers[LampMapper] flags[IsExclusive] | item 1 tags[base:smithinghammer] mode:keep flags[Prop1;MayDegradeLight] | item 1 tags[base:tongs] mode:keep flags[Prop2;MayDegradeLight] | item 1 [Base.Wire] | item 1 [Base.LanternGlass],item 1 mapper:LampMapper flags[HasNoUses],entities/blacksmith/craftRecipes/recipes_blacksmith_ii.txt,71
Forge_Large_Hook,Base,Tools,500,HammerMetalStanding,PrimitiveForge,Blacksmith:1,Blacksmith:20,,,,,,,,,base:barstock;base:charcoal;base:crudetongs;base:file;base:hammer;base:tongs;base:whetstone,,Base.LargeHook,,false,,,,,,,,tags-only: item 4 tags[base:charcoal] ; tags-only: item 1 tags[base:barstock] ; not-in-dataset: item 1 Base.LargeHook,item 4 tags[base:charcoal] | item 1 tags[base:barstock] | item 1 tags[base:hammer] mode:keep flags[MayDegradeLight] | item 1 tags[base:crudetongs;base:tongs] mode:keep flags[MayDegradeLight] | item 1 tags[base:whetstone;base:file] mode:keep flags[MayDegradeLight],item 1 Base.LargeHook,entities/blacksmith/craftRecipes/recipes_blacksmith_tools.txt,172
Forge_Large_Knife_Blade,Base,Blade,400,HammerMetalStanding,Forge,Blacksmith:4,Blacksmith:45,true,Blacksmith:5;SmallBlade:2,,,,,,Base.HuntingKnifeBlade;Base.IronBarHalf;Base.LargeKnifeBlade;Base.MeatCleaverBlade;Base.SteelBarHalf,base:charcoal;base:hammer;base:metalworkingpliers;base:tongs,,Base.LargeKnifeBlade,,false,,,,,,,,tags-only: item 3 tags[base:charcoal] ; multi-type: item 1 [Base.IronBarHalf;Base.SteelBarHalf;Base.LargeKnifeBlade;Base.MeatCleaverBlade;Base.HuntingKnifeBlade] ; not-in-dataset: item 1 Base.LargeKnifeBlade flags[IsBlunt],item 3 tags[base:charcoal] | item 1 [Base.IronBarHalf;Base.SteelBarHalf;Base.LargeKnifeBlade;Base.MeatCleaverBlade;Base.HuntingKnifeBlade] | item 1 tags[base:hammer] mode:keep flags[Prop1;MayDegradeLight] | item 1 tags[base:metalworkingpliers;base:tongs] mode:keep flags[Prop2;MayDegradeLight],item 1 Base.LargeKnifeBlade flags[IsBlunt],entities/blacksmith/craftRecipes/recipes_blacksmith_blades.txt,155
Forge_Long_Crude_Blade,Base,Blade,300,HammerMetalStanding,PrimitiveForge,Blacksmith:3,Blacksmith:45,true,Blacksmith:4;SmallBlade:1,,,,,,Base.HuntingKnifeBlade;Base.IronBarHalf;Base.LargeKnifeBlade;Base.MeatCleaverBlade;Base.SteelBarHalf,base:charcoal;base:crudetongs;base:hammer;base:metalworkingpliers;base:tongs,,Base.LongCrudeBlade,,false,,,,,,,,tags-only: item 2 tags[base:charcoal] ; multi-type: item 1 [Base.IronBarHalf;Base.SteelBarHalf;Base.LargeKnifeBlade;Base.MeatCleaverBlade;Base.HuntingKnifeBlade] ; not-in-dataset: item 1 Base.LongCrudeBlade flags[IsBlunt],item 2 tags[base:charcoal] | item 1 [Base.IronBarHalf;Base.SteelBarHalf;Base.LargeKnifeBlade;Base.MeatCleaverBlade;Base.HuntingKnifeBlade] | item 1 tags[base:hammer] mode:keep flags[Prop1;MayDegradeLight] | item 1 tags[base:metalworkingpliers;base:tongs;base:crudetongs] mode:keep flags[Prop2;MayDegradeLight],item 1 Base.LongCrudeBlade flags[IsBlunt],entities/blacksmith/craftRecipes/recipes_blacksmith_blades.txt,47
Forge_Machete_Blade,Base,Blade,900,HammerMetalStanding,AdvancedForge,Blacksmith:9,Blacksmith:100,true,Blacksmith:10;LongBlade:4,,,,,,Base.Katana;Base.Katana_Blade;Base.MacheteBlade;Base.MacheteBlade_NoTang;Base.SteelBar;Base.SwordBlade;Base.SwordBlade_NoTang,base:charcoal;base:metalworkingpliers;base:smithinghammer;base:tongs,,Base.MacheteBlade,,false,,,,,,,,tags-only: item 8 tags[base:charcoal] ; multi-type: item 1 [Base.SteelBar;Base.Katana;Base.Katana_Blade;Base.SwordBlade;Base.SwordBlade_NoTang;Base.MacheteBlade;Base.MacheteBlade_NoTang] ; not-in-dataset: item 1 Base.MacheteBlade flags[IsBlunt],item 8 tags[base:charcoal] | item 1 [Base.SteelBar;Base.Katana;Base.Katana_Blade;Base.SwordBlade;Base.SwordBlade_NoTang;Base.MacheteBlade;Base.MacheteBlade_NoTang] | item 1 tags[base:smithinghammer] mode:keep flags[Prop1;MayDegradeLight] | item 1 tags[base:metalworkingpliers;base:tongs] mode:keep flags[Prop2;MayDegradeLight],item 1 Base.MacheteBlade flags[IsBlunt],entities/blacksmith/craftRecipes/recipes_blacksmith_blades.txt,398
Forge_Masons_Chisel,Base,Tools,400,HammerMetalStanding,PrimitiveForge,Blacksmith:3,Blacksmith:45,true,Blacksmith:5,,,,,,,base:barstockhalf;base:charcoal;base:crudetongs;base:file;base:hammer;base:tongs;base:whetstone,,Base.MasonsChisel,,false,,,,,,,,tags-only: item 3 tags[base:charcoal] ; tags-only: item 1 tags[base:barstockhalf] ; not-in-dataset: item 1 Base.MasonsChisel,item 3 tags[base:charcoal] | item 1 tags[base:barstockhalf] | item 1 tags[base:hammer] mode:keep flags[MayDegradeLight] | item 1 tags[base:crudetongs;base:tongs] mode:keep flags[MayDegradeLight] | item 1 tags[base:whetstone;base:file] mode:keep flags[MayDegradeLight],item 1 Base.MasonsChisel,entities/blacksmith/craftRecipes/recipes_blacksmith_tools.txt,266
Forge_Masons_Trowel,Base,Tools,400,HammerMetalStanding,PrimitiveForge,Blacksmith:2,Blacksmith:10,true,Blacksmith:4,,,,,,Base.SmallHandle,base:barstockquarter;base:charcoal;base:crudetongs;base:hammer;base:metalworkingpliers;base:tongs,,Base.MasonsTrowel,,false,,,,,,,,tags-only: item 4 tags[base:charcoal] ; tags-only: item 1 tags[base:barstockquarter] ; not-in-dataset: item 1 [Base.SmallHandle] ; not-in-dataset: item 1 Base.MasonsTrowel,item 4 tags[base:charcoal] | item 1 tags[base:barstockquarter] | item 1 tags[base:hammer] mode:keep flags[MayDegradeLight] | item 1 tags[base:crudetongs;base:metalworkingpliers;base:tongs] mode:keep flags[MayDegradeLight] | item 1 [Base.SmallHandle],item 1 Base.MasonsTrowel,entities/blacksmith/craftRecipes/recipes_blacksmith_tools.txt,290
Forge_Meat_Cleaver_Blade,Base,Blade,500,HammerMetalStanding,Forge,Blacksmith:4,Blacksmith:45,true,Blacksmith:5;SmallBlade:1,,,,,,Base.HuntingKnifeBlade;Base.MeatCleaverBlade;Base.SteelBarHalf,base:charcoal;base:metalworkingpliers;base:smithinghammer;base:tongs,,Base.MeatCleaverBlade,,false,,,,,,,,tags-only: item 4 tags[base:charcoal] ; multi-type: item 1 [Base.SteelBarHalf;Base.MeatCleaverBlade;Base.HuntingKnifeBlade] ; not-in-dataset: item 1 Base.MeatCleaverBlade flags[IsBlunt],item 4 tags[base:charcoal] | item 1 [Base.SteelBarHalf;Base.MeatCleaverBlade;Base.HuntingKnifeBlade] | item 1 tags[base:smithinghammer] mode:keep flags[Prop1;MayDegradeLight] | item 1 tags[base:metalworkingpliers;base:tongs] mode:keep flags[Prop2;MayDegradeLight],item 1 Base.MeatCleaverBlade flags[IsBlunt],entities/blacksmith/craftRecipes/recipes_blacksmith_blades.txt,201
Forge_Metal_Helmet,Base,Armor,1000,HammerMetalStanding,Forge,Blacksmith:6;Tailoring:3,Blacksmith:15;Tailoring:5,true,Blacksmith:8,,,,,,Base.LeatherStrips;Base.SmallSheetMetal,base:awl;base:charcoal;base:heavythread;base:sewingneedle;base:smithinghammer;base:tongs,,Base.Hat_MetalHelmet,,false,,,,,,,,tags-only: item 9 tags[base:charcoal] ; not-in-dataset: item 4 [Base.SmallSheetMetal] ; not-in-dataset: item 1 [Base.LeatherStrips] mode:destroy ; tags-only: item 1 tags[base:heavythread] ; not-in-dataset: item 1 Base.Hat_MetalHelmet,item 9 tags[base:charcoal] | item 4 [Base.SmallSheetMetal] | item 1 tags[base:smithinghammer] mode:keep flags[Prop1;MayDegradeLight] | item 1 tags[base:tongs] mode:keep flags[Prop2;MayDegradeLight] | item 1 [Base.LeatherStrips] mode:destroy | item 1 tags[base:sewingneedle] mode:keep flags[MayDegradeLight] | item 1 tags[base:awl] mode:keep flags[MayDegradeLight] | item 1 tags[base:heavythread],item 1 Base.Hat_MetalHelmet,entities/blacksmith/craftRecipes/recipes_blacksmith_armor.txt,439
Forge_Metal_Mask,Base,Armor,400,HammerMetalStanding,Forge,Blacksmith:4;Tailoring:2,Blacksmith:10;Tailoring:5,true,Blacksmith:6,,,,,,Base.GoldSheet;Base.LeatherStrips;Base.SilverSheet;Base.SmallCopperSheet;Base.SmallSheetMetal,base:awl;base:charcoal;base:heavythread;base:sewingneedle;base:smithinghammer;base:tongs,,Base.Hat_HockeyMask_Copper;Base.Hat_HockeyMask_Gold;Base.Hat_HockeyMask_Metal;Base.Hat_HockeyMask_Silver,MaskMapper,false,,,,,,,,tags-only: item 3 tags[base:charcoal] ; multi-type: item 1 [Base.SmallSheetMetal;Base.SmallCopperSheet;Base.GoldSheet;Base.SilverSheet] mappers[MaskMapper] ; not-in-dataset: item 1 [Base.LeatherStrips] mode:destroy ; tags-only: item 1 tags[base:heavythread] ; multi-type: item 1 mapper:MaskMapper,item 3 tags[base:charcoal] | item 1 [Base.SmallSheetMetal;Base.SmallCopperSheet;Base.GoldSheet;Base.SilverSheet] mappers[MaskMapper] | item 1 [Base.LeatherStrips] mode:destroy | item 1 tags[base:smithinghammer] mode:keep flags[Prop1;MayDegradeLight] | item 1 tags[base:tongs] mode:keep flags[Prop2;MayDegradeLight] | item 1 tags[base:sewingneedle] mode:keep flags[MayDegradeLight] | item 1 tags[base:awl] mode:keep flags[MayDegradeLight] | item 1 tags[base:heavythread],item 1 mapper:MaskMapper,entities/blacksmith/craftRecipes/recipes_blacksmith_armor.txt,404
Forge_Metalworking_Chisel,Base,Tools,400,HammerMetalStanding,Forge,Blacksmith:4,Blacksmith:45,true,Blacksmith:6,,,,,,,base:barstockhalf;base:charcoal;base:crudetongs;base:file;base:smithinghammer;base:tongs;base:whetstone,,Base.MetalworkingChisel,,false,,,,,,,,tags-only: item 3 tags[base:charcoal] ; tags-only: item 1 tags[base:barstockhalf] ; not-in-dataset: item 1 Base.MetalworkingChisel,item 3 tags[base:charcoal] | item 1 tags[base:barstockhalf] | item 1 tags[base:smithinghammer] mode:keep flags[MayDegradeLight] | item 1 tags[base:crudetongs;base:tongs] mode:keep flags[MayDegradeLight] | item 1 tags[base:whetstone;base:file] mode:keep flags[MayDegradeLight],item 1 Base.MetalworkingChisel,entities/blacksmith/craftRecipes/recipes_blacksmith_tools.txt,432
Forge_Metalworking_Pliers,Base,Tools,400,HammerMetalStanding,Forge,Blacksmith:4,Blacksmith:45,true,Blacksmith:6,,,,,,,base:ballpeenhammer;base:barstockquarter;base:charcoal;base:headingtool;base:metalworkingchisel;base:metalworkingpliers;base:metalworkingpunch;base:smallpunch;base:tongs,,Base.MetalworkingPliers,,false,,,,,,,,tags-only: item 3 tags[base:charcoal] ; tags-only: item 2 tags[base:barstockquarter] ; not-in-dataset: item 1 Base.MetalworkingPliers,item 3 tags[base:charcoal] | item 2 tags[base:barstockquarter] | item 1 tags[base:ballpeenhammer] mode:keep flags[MayDegradeLight] | item 1 tags[base:metalworkingpliers;base:tongs] mode:keep flags[MayDegradeLight] | item 1 tags[base:metalworkingpunch;base:smallpunch] mode:keep flags[MayDegradeLight] | item 1 tags[base:metalworkingchisel] mode:keep flags[MayDegradeLight] | item 1 tags[base:headingtool] mode:keep,item 1 Base.MetalworkingPliers,entities/blacksmith/craftRecipes/recipes_blacksmith_tools.txt,530
Forge_Metalworking_Punch,Base,Tools,300,HammerMetalStanding,PrimitiveForge,Blacksmith:1,Blacksmith:25,true,Blacksmith:3,,,,,,,base:barstockhalf;base:charcoal;base:crudetongs;base:file;base:hammer;base:metalworkingpliers;base:tongs;base:whetstone,,Base.MetalworkingPunch,,false,,,,,,,,tags-only: item 2 tags[base:charcoal] ; tags-only: item 1 tags[base:barstockhalf] ; not-in-dataset: item 1 Base.MetalworkingPunch,item 2 tags[base:charcoal] | item 1 tags[base:barstockhalf] | item 1 tags[base:hammer] mode:keep flags[MayDegradeLight] | item 1 tags[base:crudetongs;base:metalworkingpliers;base:tongs] mode:keep flags[MayDegradeLight] | item 1 tags[base:whetstone;base:file] mode:keep flags[MayDegradeLight],item 1 Base.MetalworkingPunch,entities/blacksmith/craftRecipes/recipes_blacksmith_tools.txt,51
Forge_Nails,Base,Tools,300,HammerMetalStanding,PrimitiveForge,Blacksmith:1,Blacksmith:20,true,Blacksmith:3,,,,,,Base.IronChunk;Base.IronScrap;Base.SteelChunk;Base.SteelScrap,base:charcoal;base:headingtool;base:metalworkingpliers;base:smithinghammer;base:tongs,,Base.Nails,,false,,,,,,,,tags-only: item 2 tags[base:charcoal] ; multi-type: item 1 [Base.IronChunk;Base.IronScrap;Base.SteelChunk;Base.SteelScrap] ; not-in-dataset: item 10 Base.Nails,item 2 tags[base:charcoal] | item 1 [Base.IronChunk;Base.IronScrap;Base.SteelChunk;Base.SteelScrap] | item 1 tags[base:smithinghammer] mode:keep flags[MayDegradeLight] | item 1 tags[base:metalworkingpliers;base:tongs] mode:keep flags[MayDegradeLight] | item 1 tags[base:headingtool] mode:keep,item 10 Base.Nails,entities/blacksmith/craftRecipes/recipes_blacksmith_tools.txt,75
Forge_Nails_From_Piece,Base,Tools,200,HammerMetalStanding,PrimitiveForge,Blacksmith:1,Blacksmith:20,true,Blacksmith:3,,,,,,Base.IronPiece;Base.SteelPiece,base:charcoal;base:headingtool;base:metalworkingpliers;base:smithinghammer;base:tongs,,Base.Nails,,false,,,,,,,,tags-only: item 1 tags[base:charcoal] ; multi-type: item 1 [Base.IronPiece;Base.SteelPiece] ; not-in-dataset: item 2 Base.Nails,item 1 tags[base:charcoal] | item 1 [Base.IronPiece;Base.SteelPiece] | item 1 tags[base:smithinghammer] mode:keep flags[MayDegradeLight] | item 1 tags[base:metalworkingpliers;base:tongs] mode:keep flags[MayDegradeLight] | item 1 tags[base:headingtool] mode:keep,item 2 Base.Nails,entities/blacksmith/craftRecipes/recipes_blacksmith_tools.txt,99
Forge_Nails_From_Wire,Base,Tools,200,HammerMetalStanding,PrimitiveForge,Blacksmith:1,Blacksmith:20,true,Blacksmith:3,,,,,,Base.Wire,base:charcoal;base:headingtool;base:metalworkingpliers;base:smithinghammer;base:tongs,,Base.Nails,,false,Base.Wire,,,,,,,tags-only: item 1 tags[base:charcoal] ; no-nutrition: item 1 [Base.Wire] ; not-in-dataset: item 1 Base.Nails,item 1 tags[base:charcoal] | item 1 [Base.Wire] | item 1 tags[base:smithinghammer] mode:keep flags[MayDegradeLight] | item 1 tags[base:metalworkingpliers;base:tongs] mode:keep flags[MayDegradeLight] | item 1 tags[base:headingtool] mode:keep,item 1 Base.Nails,entities/blacksmith/craftRecipes/recipes_blacksmith_tools.txt,123
Forge_Needle,Base,Tools,200,HammerMetalStanding,Forge,Blacksmith:6,Blacksmith:10,true,Blacksmith:6;Tailoring:5,,,,,,,base:ballpeenhammer;base:charcoal;base:metalworkingpliers;base:wire,,Base.Needle_Forged,,false,,,,,,,,tags-only: item 1 tags[base:charcoal] ; tags-only: item 1 tags[base:wire] ; not-in-dataset: item 1 Base.Needle_Forged,item 1 tags[base:charcoal] | item 1 tags[base:wire] | item 1 tags[base:ballpeenhammer] mode:keep flags[MayDegradeLight] | item 1 tags[base:metalworkingpliers] mode:keep flags[MayDegradeLight],item 1 Base.Needle_Forged,entities/blacksmith/craftRecipes/recipes_blacksmith_tools.txt,605
Forge_Old_Axe_Head,Base,Tools,600,HammerMetalStanding,Forge,Blacksmith:6,Blacksmith:70,true,Blacksmith:7,,,,,,,base:ballpeenhammer;base:charcoal;base:metalworkingpunch;base:piercedblock;base:tongs,,Base.OldAxeHead,,false,,,,,,,,tags-only: item 5 tags[base:charcoal] ; tags-only: item 1 tags[base:piercedblock] ; not-in-dataset: item 1 Base.OldAxeHead flags[IsBlunt],item 5 tags[base:charcoal] | item 1 tags[base:piercedblock] | item 1 tags[base:ballpeenhammer] mode:keep flags[Prop1;MayDegradeLight] | item 1 tags[base:tongs] mode:keep flags[Prop2;MayDegradeLight] | item 1 tags[base:metalworkingpunch] mode:keep flags[MayDegradeLight],item 1 Base.OldAxeHead flags[IsBlunt],entities/blacksmith/craftRecipes/recipes_blacksmith_heads.txt,288
Forge_Pick_Axe_Head,Base,Tools,700,HammerMetalStanding,AdvancedForge,Blacksmith:7,Blacksmith:75,true,Blacksmith:8,,,,,,Base.PiercedSteelBlock,base:ballpeenhammer;base:charcoal;base:metalworkingpunch;base:tongs,,Base.PickAxeHead,,false,,,,,,,,tags-only: item 6 tags[base:charcoal] ; not-in-dataset: item 1 [Base.PiercedSteelBlock] ; not-in-dataset: item 1 Base.PickAxeHead flags[IsBlunt],item 6 tags[base:charcoal] | item 1 [Base.PiercedSteelBlock] | item 1 tags[base:ballpeenhammer] mode:keep flags[MayDegradeLight] | item 1 tags[base:tongs] mode:keep flags[MayDegradeLight] | item 1 tags[base:metalworkingpunch] mode:keep flags[MayDegradeLight],item 1 Base.PickAxeHead flags[IsBlunt],entities/blacksmith/craftRecipes/recipes_blacksmith_heads.txt,384
Forge_Precious_Metal_Butter_Knives,Base,Cookware,100,HammerMetalStanding,Forge,Blacksmith:2,Blacksmith:35,true,Blacksmith:4,,,base:forge_fine_butter_knives,,,Base.GoldSheet;Base.SilverSheet,base:ballpeenhammer;base:charcoal;base:metalworkingpliers;base:tongs,,Base.ButterKnife_Gold;Base.ButterKnife_Silver,metalMapper,false,,,,,,,,tags-only: item 1 tags[base:charcoal] ; multi-type: item 1 [Base.GoldSheet;Base.SilverSheet] mappers[metalMapper] ; multi-type: item 2 mapper:metalMapper,item 1 tags[base:charcoal] | item 1 [Base.GoldSheet;Base.SilverSheet] mappers[metalMapper] | item 1 tags[base:ballpeenhammer] mode:keep flags[Prop1;MayDegradeLight] | item 1 tags[base:metalworkingpliers;base:tongs] mode:keep flags[Prop2;MayDegradeLight],item 2 mapper:metalMapper,entities/blacksmith/craftRecipes/recipes_blacksmith_other_metals.txt,357
Forge_Precious_Metal_Forks,Base,Cookware,100,HammerMetalStanding,Forge,Blacksmith:3,Blacksmith:40,true,Blacksmith:5,,,base:forge_fine_forks,,,Base.GoldSheet;Base.SilverSheet,base:ballpeenhammer;base:charcoal;base:metalworkingchisel;base:metalworkingpliers,,Base.Fork_Gold;Base.Fork_Silver,metalMapper,false,,,,,,,,tags-only: item 1 tags[base:charcoal] ; multi-type: item 1 [Base.GoldSheet;Base.SilverSheet] mappers[metalMapper] ; multi-type: item 2 mapper:metalMapper,item 1 tags[base:charcoal] | item 1 [Base.GoldSheet;Base.SilverSheet] mappers[metalMapper] | item 1 tags[base:ballpeenhammer] mode:keep flags[Prop1;MayDegradeLight] | item 1 tags[base:metalworkingpliers] mode:keep flags[Prop2] | item 1 tags[base:metalworkingchisel] mode:keep flags[MayDegradeLight],item 2 mapper:metalMapper,entities/blacksmith/craftRecipes/recipes_blacksmith_other_metals.txt,387
Forge_Precious_Metal_Spoons,Base,Cookware,100,HammerMetalStanding,Forge,Blacksmith:2,Blacksmith:35,true,Blacksmith:4,,,base:forge_fine_spoons,,,Base.GoldSheet;Base.SilverSheet,base:ballpeenhammer;base:charcoal;base:metalworkingpliers;base:tongs,,Base.Spoon_Gold;Base.Spoon_Silver,metalMapper,false,,,,,,,,tags-only: item 1 tags[base:charcoal] ; multi-type: item 1 [Base.GoldSheet;Base.SilverSheet] mappers[metalMapper] ; multi-type: item 2 mapper:metalMapper,item 1 tags[base:charcoal] | item 1 [Base.GoldSheet;Base.SilverSheet] mappers[metalMapper] | item 1 tags[base:ballpeenhammer] mode:keep flags[Prop1;MayDegradeLight] | item 1 tags[base:metalworkingpliers;base:tongs] mode:keep flags[Prop2;MayDegradeLight],item 2 mapper:metalMapper,entities/blacksmith/craftRecipes/recipes_blacksmith_other_metals.txt,327
Forge_Roasting_Pan,Base,Cookware,500,HammerMetalStanding,PrimitiveForge,Blacksmith:2,Blacksmith:25,true,Blacksmith:4;Cooking:1,,,,,,Base.SheetMetal,base:ballpeenhammer;base:charcoal;base:metalworkingchisel;base:metalworkingpliers;base:tongs,,Base.RoastingPan,,false,,,,,,,,tags-only: item 4 tags[base:charcoal] ; not-in-dataset: item 1 [Base.SheetMetal] ; not-in-dataset: item 1 Base.RoastingPan,item 4 tags[base:charcoal] | item 1 [Base.SheetMetal] | item 1 tags[base:ballpeenhammer] mode:keep flags[Prop1;MayDegradeLight] | item 1 tags[base:metalworkingpliers;base:tongs] mode:keep flags[Prop2;MayDegradeLight] | item 1 tags[base:metalworkingchisel] mode:keep flags[MayDegradeLight],item 1 Base.RoastingPan,entities/blacksmith/craftRecipes/recipes_blacksmith_cookware.txt,75
Forge_Saucepan,Base,Cookware,200,HammerMetalStanding,Forge,Blacksmith:3,Blacksmith:25,true,Blacksmith:5;Cooking:2,,,,,,Base.CopperSheet,base:ballpeenhammer;base:charcoal;base:metalworkingchisel;base:metalworkingpliers;base:tongs,,Base.SaucepanCopper,,false,Base.SaucepanCopper,,,,,,,tags-only: item 1 tags[base:charcoal] ; not-in-dataset: item 1 [Base.CopperSheet] ; no-nutrition: item 1 Base.SaucepanCopper,item 1 tags[base:charcoal] | item 1 [Base.CopperSheet] | item 1 tags[base:ballpeenhammer] mode:keep flags[Prop1;MayDegradeLight] | item 1 tags[base:metalworkingpliers;base:tongs] mode:keep flags[Prop2;MayDegradeLight] | item 1 tags[base:metalworkingchisel] mode:keep flags[MayDegradeLight],item 1 Base.SaucepanCopper,entities/blacksmith/craftRecipes/recipes_blacksmith_other_metals.txt,43
Forge_Saw,Base,Tools,400,HammerMetalStanding,Forge,Blacksmith:4,Blacksmith:45,true,Blacksmith:6,,,,,,Base.Handle,base:barstockhalf;base:charcoal;base:file;base:metalworkingchisel;base:metalworkingpliers;base:smithinghammer;base:tongs,,Base.CrudeSaw,,false,,,,,,,,tags-only: item 3 tags[base:charcoal] ; tags-only: item 1 tags[base:barstockhalf] ; not-in-dataset: item 1 [Base.Handle] ; not-in-dataset: item 1 Base.CrudeSaw,item 3 tags[base:charcoal] | item 1 tags[base:barstockhalf] | item 1 tags[base:smithinghammer] mode:keep flags[MayDegradeLight] | item 1 tags[base:tongs;base:metalworkingpliers] mode:keep flags[MayDegradeLight] | item 1 tags[base:metalworkingchisel] mode:keep flags[MayDegradeLight] | item 1 tags[base:file] mode:keep flags[MayDegradeLight] | item 1 [Base.Handle],item 1 Base.CrudeSaw,entities/blacksmith/craftRecipes/recipes_blacksmith_tools.txt,556
Forge_Scissors,Base,Tools,400,HammerMetalStanding,Forge,Blacksmith:4,Blacksmith:45,true,Blacksmith:6,,,,,,,base:barstockquarter;base:charcoal;base:metalworkingpliers;base:smithinghammer;base:tongs,,Base.ScissorsForged,,false,,,,,,,,tags-only: item 4 tags[base:charcoal] ; tags-only: item 1 tags[base:barstockquarter] ; not-in-dataset: item 1 Base.ScissorsForged flags[IsBlunt],item 4 tags[base:charcoal] | item 1 tags[base:barstockquarter] | item 1 tags[base:smithinghammer] mode:keep flags[MayDegradeLight] | item 1 tags[base:tongs;base:metalworkingpliers] mode:keep flags[MayDegradeLight],item 1 Base.ScissorsForged flags[IsBlunt],entities/blacksmith/craftRecipes/recipes_blacksmith_tools.txt,384
Forge_Scrap_Shortsword,Base,Blade,500,HammerMetalStanding,PrimitiveForge,Blacksmith:5,Blacksmith:50,true,Blacksmith:6;LongBlade:2,,,,,,Base.CrudeSwordBlade;Base.CrudeSwordBlade_NoTang;Base.DenimStrips;Base.IronBar;Base.Katana;Base.Katana_Blade;Base.LeatherStrips;Base.RippedSheets;Base.SteelBar;Base.SwordBlade;Base.SwordBlade_NoTang,base:charcoal;base:hammer;base:tongs,,Base.ShortSword_Scrap,,false,,,,,,,,tags-only: item 4 tags[base:charcoal] ; multi-type: item 1 [Base.IronBar;Base.SteelBar;Base.Katana;Base.Katana_Blade;Base.SwordBlade;Base.SwordBlade_NoTang;Base.CrudeSwordBlade;Base.CrudeSwordBlade_NoTang] ; multi-type: item 1 [Base.RippedSheets;Base.DenimStrips;Base.LeatherStrips] mode:destroy ; not-in-dataset: item 1 Base.ShortSword_Scrap flags[IsBlunt],item 4 tags[base:charcoal] | item 1 [Base.IronBar;Base.SteelBar;Base.Katana;Base.Katana_Blade;Base.SwordBlade;Base.SwordBlade_NoTang;Base.CrudeSwordBlade;Base.CrudeSwordBlade_NoTang] | item 1 tags[base:hammer] mode:keep flags[Prop1;MayDegradeLight] | item 1 tags[base:tongs] mode:keep flags[Prop2;MayDegradeLight] | item 1 [Base.RippedSheets;Base.DenimStrips;Base.LeatherStrips] mode:destroy,item 1 Base.ShortSword_Scrap flags[IsBlunt],entities/blacksmith/craftRecipes/recipes_blacksmith_blades.txt,70
Forge_Scrap_Sword,Base,Blade,700,HammerMetalStanding,PrimitiveForge,Blacksmith:7,Blacksmith:70,true,Blacksmith:8;LongBlade:4,,,,,,Base.DenimStrips;Base.LeatherStrips;Base.RippedSheets,base:barstock;base:barstockhalf;base:charcoal;base:file;base:hammer;base:tongs;base:whetstone,,Base.Sword_Scrap,,false,,,,,,,,tags-only: item 6 tags[base:charcoal] ; tags-only: item 1 tags[base:barstock] ; tags-only: item 1 tags[base:barstockhalf] ; multi-type: item 1 [Base.RippedSheets;Base.DenimStrips;Base.LeatherStrips] mode:destroy ; not-in-dataset: item 1 Base.Sword_Scrap flags[IsBlunt],item 6 tags[base:charcoal] | item 1 tags[base:barstock] | item 1 tags[base:barstockhalf] | item 1 tags[base:hammer] mode:keep flags[Prop1;MayDegradeLight] | item 1 tags[base:tongs] mode:keep flags[Prop2;MayDegradeLight] | item 1 tags[base:whetstone;base:file] mode:keep flags[MayDegradeLight] | item 1 [Base.RippedSheets;Base.DenimStrips;Base.LeatherStrips] mode:destroy,item 1 Base.Sword_Scrap flags[IsBlunt],entities/blacksmith/craftRecipes/recipes_blacksmith_blades.txt,94
Forge_Scythe_Head,Base,Tools,500,HammerMetalStanding,Forge,Blacksmith:5,Blacksmith:50,true,Blacksmith:7,,,,,,,base:barstockhalf;base:charcoal;base:metalworkingpunch;base:smithinghammer;base:tongs,,Base.ScytheBlade,,false,,,,,,,,tags-only: item 4 tags[base:charcoal] ; tags-only: item 1 tags[base:barstockhalf] ; not-in-dataset: item 1 Base.ScytheBlade flags[IsBlunt],item 4 tags[base:charcoal] | item 1 tags[base:barstockhalf] | item 1 tags[base:smithinghammer] mode:keep flags[Prop1;MayDegradeLight] | item 1 tags[base:tongs] mode:keep flags[Prop2;MayDegradeLight] | item 1 tags[base:metalworkingpunch] mode:keep flags[MayDegradeLight],item 1 Base.ScytheBlade flags[IsBlunt],entities/blacksmith/craftRecipes/recipes_blacksmith_heads.txt,122
Forge_Sheep_Shears,Base,Tools,400,HammerMetalStanding,PrimitiveForge,Blacksmith:4,Blacksmith:45,true,Blacksmith:6,,,,,,,base:barstockquarter;base:charcoal;base:metalworkingpliers;base:smithinghammer;base:tongs,,Base.SheepShearsForged,,false,,,,,,,,tags-only: item 3 tags[base:charcoal] ; tags-only: item 1 tags[base:barstockquarter] ; not-in-dataset: item 1 Base.SheepShearsForged flags[IsBlunt],item 3 tags[base:charcoal] | item 1 tags[base:barstockquarter] | item 1 tags[base:smithinghammer] mode:keep flags[MayDegradeLight] | item 1 tags[base:metalworkingpliers;base:tongs] mode:keep flags[MayDegradeLight],item 1 Base.SheepShearsForged flags[IsBlunt],entities/blacksmith/craftRecipes/recipes_blacksmith_tools.txt,361
Forge_ShortSwordBlade,Base,Blade,900,HammerMetalStanding,AdvancedForge,Blacksmith:7,Blacksmith:75,true,Blacksmith:8;LongBlade:4,,,,,,Base.Katana;Base.Katana_Blade;Base.SteelBar;Base.SwordBlade;Base.SwordBlade_NoTang,base:charcoal;base:metalworkingpliers;base:smithinghammer;base:tongs,,Base.Katana_Shard;Base.ShortSwordBlade;Base.SteelBarQuarter;Base.Sword_Shard,metalType,false,,,,,,,,tags-only: item 8 tags[base:charcoal] ; multi-type: item 1 [Base.SteelBar;Base.Katana;Base.Katana_Blade;Base.SwordBlade;Base.SwordBlade_NoTang] mappers[metalType] ; not-in-dataset: item 1 Base.ShortSwordBlade flags[IsBlunt] ; multi-type: item 1 mapper:metalType,item 8 tags[base:charcoal] | item 1 [Base.SteelBar;Base.Katana;Base.Katana_Blade;Base.SwordBlade;Base.SwordBlade_NoTang] mappers[metalType] | item 1 tags[base:smithinghammer] mode:keep flags[Prop1;MayDegradeLight] | item 1 tags[base:metalworkingpliers;base:tongs] mode:keep flags[Prop2;MayDegradeLight],item 1 Base.ShortSwordBlade flags[IsBlunt] | item 1 mapper:metalType,entities/blacksmith/craftRecipes/recipes_blacksmith_blades.txt,342
Forge_Silver_Sheet,Base,Blacksmithing,200,HammerMetalStanding,PrimitiveForge,Blacksmith:1,,,,,,,,,Base.SilverCoin;Base.SilverScrap,base:charcoal;base:clubhammer;base:hammer;base:tongs,,Base.SilverSheet,,false,,,,,,,,tags-only: item 1 tags[base:charcoal] ; multi-type: item 10 [Base.SilverCoin;Base.SilverScrap] ; not-in-dataset: item 1 Base.SilverSheet,item 1 tags[base:charcoal] | item 10 [Base.SilverCoin;Base.SilverScrap] | item 1 tags[base:hammer;base:clubhammer] mode:keep flags[Prop1;MayDegradeLight] | item 1 tags[base:tongs] mode:keep flags[Prop2;MayDegradeLight],item 1 Base.SilverSheet,entities/blacksmith/craftRecipes/recipes_blacksmith_other_metals.txt,172
Forge_Silver_Sheets,Base,Blacksmithing,200,HammerMetalStanding,PrimitiveForge,Blacksmith:1,,,,,,,,,Base.SmallSilverBar,base:charcoal;base:clubhammer;base:hammer;base:metalworkingchisel;base:tongs,,Base.SilverSheet,,false,,,,,,,,tags-only: item 1 tags[base:charcoal] ; not-in-dataset: item 1 [Base.SmallSilverBar] ; not-in-dataset: item 2 Base.SilverSheet,item 1 tags[base:charcoal] | item 1 [Base.SmallSilverBar] | item 1 tags[base:hammer;base:clubhammer] mode:keep flags[Prop1;MayDegradeLight] | item 1 tags[base:metalworkingchisel] mode:keep flags[MayDegradeLight] | item 1 tags[base:tongs] mode:keep flags[Prop2;MayDegradeLight],item 2 Base.SilverSheet,entities/blacksmith/craftRecipes/recipes_blacksmith_other_metals.txt,192
Forge_Sledgehammer_Head,Base,Tools,1000,HammerMetalStanding,AdvancedForge,Blacksmith:8,Blacksmith:90,true,Blacksmith:9,,,,,,Base.PiercedSteelIngot,base:ballpeenhammer;base:charcoal;base:metalworkingchisel;base:metalworkingpunch;base:tongs,,Base.SledgehammerHead,,false,,,,,,,,tags-only: item 9 tags[base:charcoal] ; not-in-dataset: item 1 [Base.PiercedSteelIngot] ; not-in-dataset: item 1 Base.SledgehammerHead,item 9 tags[base:charcoal] | item 1 [Base.PiercedSteelIngot] | item 1 tags[base:ballpeenhammer] mode:keep flags[Prop1;MayDegradeLight] | item 1 tags[base:tongs] mode:keep flags[Prop2;MayDegradeLight] | item 1 tags[base:metalworkingpunch] mode:keep flags[MayDegradeLight] | item 1 tags[base:metalworkingchisel] mode:keep flags[MayDegradeLight],item 1 Base.SledgehammerHead,entities/blacksmith/craftRecipes/recipes_blacksmith_heads.txt,408
Forge_Small_Copper_Sheet,Base,Blacksmithing,200,HammerMetalStanding,PrimitiveForge,Blacksmith:0,,,,,,,,,Base.CopperScrap;Base.ElectricWire,base:charcoal;base:clubhammer;base:hammer;base:metalworkingpliers;base:tongs,,Base.SmallCopperSheet,,false,,,,,,,,tags-only: item 1 tags[base:charcoal] ; multi-type: item 1 [Base.CopperScrap;10:Base.ElectricWire] ; not-in-dataset: item 1 Base.SmallCopperSheet,item 1 tags[base:charcoal] | item 1 [Base.CopperScrap;10:Base.ElectricWire] | item 1 tags[base:hammer;base:clubhammer] mode:keep flags[Prop1;MayDegradeLight] | item 1 tags[base:tongs;base:metalworkingpliers] mode:keep flags[Prop2;MayDegradeLight],item 1 Base.SmallCopperSheet,entities/blacksmith/craftRecipes/recipes_blacksmith_other_metals.txt,3
Forge_Small_Files,Base,Tools,300,HammerMetalStanding,Forge,Blacksmith:6,Blacksmith:50,true,Blacksmith:6,,,base:forge_file,,,Base.Handle;Base.SteelBarQuarter,base:ballpeenhammer;base:charcoal;base:metalsaw;base:metalworkingchisel;base:metalworkingpliers;base:tongs,,Base.SmallFileSet,,false,,,,,,,,tags-only: item 2 tags[base:charcoal] ; not-in-dataset: item 2 [Base.SteelBarQuarter] ; not-in-dataset: item 1 [Base.Handle] ; not-in-dataset: item 1 Base.SmallFileSet,item 2 tags[base:charcoal] | item 2 [Base.SteelBarQuarter] | item 1 tags[base:ballpeenhammer] mode:keep flags[MayDegradeLight] | item 1 tags[base:metalworkingpliers;base:tongs] mode:keep flags[MayDegradeLight] | item 1 tags[base:metalsaw;base:metalworkingchisel] mode:keep flags[MayDegradeLight] | item 1 [Base.Handle],item 1 Base.SmallFileSet,entities/blacksmith/craftRecipes/recipes_blacksmith_tools.txt,653
Forge_Small_Knife,Base,Blade,300,HammerMetalStanding,PrimitiveForge,Blacksmith:1,Blacksmith:35,true,Blacksmith:2;SmallBlade:1,,,,,,Base.CrudeSword_Shard;Base.IronBarQuarter;Base.Katana_Shard;Base.KitchenKnifeBlade;Base.SteelBarQuarter;Base.Sword_Shard,base:charcoal;base:crudetongs;base:hammer;base:metalworkingpliers;base:tongs,,Base.SmallKnife,,false,,,,,,,,tags-only: item 2 tags[base:charcoal] ; multi-type: item 1 [Base.IronBarQuarter;Base.SteelBarQuarter;Base.Katana_Shard;Base.Sword_Shard;Base.CrudeSword_Shard;Base.KitchenKnifeBlade] ; not-in-dataset: item 1 Base.SmallKnife flags[IsBlunt],item 2 tags[base:charcoal] | item 1 [Base.IronBarQuarter;Base.SteelBarQuarter;Base.Katana_Shard;Base.Sword_Shard;Base.CrudeSword_Shard;Base.KitchenKnifeBlade] | item 1 tags[base:hammer] mode:keep flags[Prop1;MayDegradeLight] | item 1 tags[base:metalworkingpliers;base:tongs;base:crudetongs] mode:keep flags[Prop2;MayDegradeLight],item 1 Base.SmallKnife flags[IsBlunt],entities/blacksmith/craftRecipes/recipes_blacksmith_blades.txt,24
Forge_Small_Metalworking_Punch_Set,Base,Tools,300,HammerMetalStanding,Forge,Blacksmith:5,Blacksmith:45,true,Blacksmith:7,,,base:forge_metalworking_chisel,,,Base.SteelBarQuarter,base:ballpeenhammer;base:charcoal;base:file;base:metalworkingpliers;base:tongs;base:whetstone,,Base.SmallPunchSet,,false,,,,,,,,tags-only: item 2 tags[base:charcoal] ; not-in-dataset: item 2 [Base.SteelBarQuarter] ; not-in-dataset: item 1 Base.SmallPunchSet,item 2 tags[base:charcoal] | item 2 [Base.SteelBarQuarter] | item 1 tags[base:ballpeenhammer] mode:keep flags[MayDegradeLight] | item 1 tags[base:metalworkingpliers;base:tongs] mode:keep flags[MayDegradeLight] | item 1 tags[base:whetstone;base:file] mode:keep flags[MayDegradeLight],item 1 Base.SmallPunchSet,entities/blacksmith/craftRecipes/recipes_blacksmith_tools.txt,628
Forge_Small_Steel_Sheet,Base,Blacksmithing,200,HammerMetalStanding,Forge,Blacksmith:4,Blacksmith:45,true,Blacksmith:6,,,,,,Base.SteelChunk,base:ballpeenhammer;base:charcoal;base:metalworkingchisel;base:tongs,,Base.SmallSheetMetal,,false,,,,,,,,tags-only: item 1 tags[base:charcoal] ; not-in-dataset: item 1 [Base.SteelChunk] ; not-in-dataset: item 1 Base.SmallSheetMetal,item 1 tags[base:charcoal] | item 1 [Base.SteelChunk] | item 1 tags[base:ballpeenhammer] mode:keep flags[Prop1;MayDegradeLight] | item 1 tags[base:tongs] mode:keep flags[Prop2;MayDegradeLight] | item 1 tags[base:metalworkingchisel] mode:keep flags[MayDegradeLight],item 1 Base.SmallSheetMetal,entities/blacksmith/craftRecipes/recipes_blacksmith_ii.txt,27
Forge_Smithing_Hammer_Head,Base,Tools,300,HammerMetalStanding,PrimitiveForge,Blacksmith:1,Blacksmith:25,true,Blacksmith:3,,,,,,,base:charcoal;base:crudetongs;base:hammer;base:metalworkingpunch;base:piercedchunk;base:tongs,,Base.SmithingHammerHead,,false,,,,,,,,tags-only: item 2 tags[base:charcoal] ; tags-only: item 1 tags[base:piercedchunk] ; not-in-dataset: item 1 Base.SmithingHammerHead,item 2 tags[base:charcoal] | item 1 tags[base:piercedchunk] | item 1 tags[base:hammer] mode:keep flags[Prop1;MayDegradeLight] | item 1 tags[base:crudetongs;base:tongs] mode:keep flags[Prop2;MayDegradeLight] | item 1 tags[base:metalworkingpunch] mode:keep flags[MayDegradeLight],item 1 Base.SmithingHammerHead,entities/blacksmith/craftRecipes/recipes_blacksmith_heads.txt,3
Forge_Spade_Head,Base,Tools,600,HammerMetalStanding,Forge,Blacksmith:6,Blacksmith:70,true,Blacksmith:7,,,,,,,base:ballpeenhammer;base:block;base:charcoal;base:metalworkingpunch;base:tongs,,Base.SpadeHead_Forged,,false,,,,,,,,tags-only: item 5 tags[base:charcoal] ; tags-only: item 1 tags[base:block] ; not-in-dataset: item 1 Base.SpadeHead_Forged flags[IsBlunt],item 5 tags[base:charcoal] | item 1 tags[base:block] | item 1 tags[base:ballpeenhammer] mode:keep flags[Prop1;MayDegradeLight] | item 1 tags[base:tongs] mode:keep flags[Prop2;MayDegradeLight] | item 1 tags[base:metalworkingpunch] mode:keep flags[MayDegradeLight],item 1 Base.SpadeHead_Forged flags[IsBlunt],entities/blacksmith/craftRecipes/recipes_blacksmith_heads.txt,312
Forge_Spoons,Base,Cookware,200,HammerMetalStanding,PrimitiveForge,,Blacksmith:15,true,Blacksmith:2,,,base:kitchentools,,,,base:barstockquarter;base:charcoal;base:metalworkingpliers;base:smithinghammer;base:tongs,,Base.SpoonForged,,false,,,,,,,,tags-only: item 1 tags[base:charcoal] ; tags-only: item 1 tags[base:barstockquarter] ; not-in-dataset: item 2 Base.SpoonForged,item 1 tags[base:charcoal] | item 1 tags[base:barstockquarter] | item 1 tags[base:smithinghammer] mode:keep flags[Prop1;MayDegradeLight] | item 1 tags[base:metalworkingpliers;base:tongs] mode:keep flags[Prop2;MayDegradeLight],item 2 Base.SpoonForged,entities/blacksmith/craftRecipes/recipes_blacksmith_cookware.txt,3
Forge_Steel_Sheet,Base,Blacksmithing,200,HammerMetalStanding,Forge,Blacksmith:4,Blacksmith:45,true,Blacksmith:6,,,,,,Base.SteelBlock,base:ballpeenhammer;base:charcoal;base:metalworkingchisel;base:tongs,,Base.SheetMetal,,false,,,,,,,,tags-only: item 1 tags[base:charcoal] ; not-in-dataset: item 1 [Base.SteelBlock] ; not-in-dataset: item 1 Base.SheetMetal,item 1 tags[base:charcoal] | item 1 [Base.SteelBlock] | item 1 tags[base:ballpeenhammer] mode:keep flags[Prop1;MayDegradeLight] | item 1 tags[base:tongs] mode:keep flags[Prop2;MayDegradeLight] | item 1 tags[base:metalworkingchisel] mode:keep flags[MayDegradeLight],item 1 Base.SheetMetal,entities/blacksmith/craftRecipes/recipes_blacksmith_ii.txt,3
Forge_Straight_Razor,Base,Tools,300,HammerMetalStanding,AdvancedForge,Blacksmith:9,Blacksmith:50,true,Blacksmith:10,,,,,,Base.SmallHandle;Base.SteelChunk,base:ballpeenhammer;base:charcoal;base:metalworkingpliers,,Base.StraightRazor,,false,,,,,,,,tags-only: item 2 tags[base:charcoal] ; not-in-dataset: item 1 [Base.SteelChunk] ; not-in-dataset: item 1 [Base.SmallHandle] ; not-in-dataset: item 1 Base.StraightRazor flags[IsBlunt],item 2 tags[base:charcoal] | item 1 [Base.SteelChunk] | item 1 tags[base:ballpeenhammer] mode:keep flags[MayDegradeLight] | item 1 tags[base:metalworkingpliers] mode:keep flags[MayDegradeLight] | item 1 [Base.SmallHandle],item 1 Base.StraightRazor flags[IsBlunt],entities/blacksmith/craftRecipes/recipes_blacksmith_tools.txt,775
Forge_Sword_Blade,Base,Blade,900,HammerMetalStanding,AdvancedForge,Blacksmith:9,Blacksmith:100,true,Blacksmith:10;LongBlade:5,,,,,,Base.Katana;Base.Katana_Blade;Base.MacheteBlade;Base.MacheteBlade_NoTang;Base.SteelBar;Base.SwordBlade;Base.SwordBlade_NoTang,base:ballpeenhammer;base:charcoal;base:tongs,,Base.SwordBlade,,false,,,,,,,,tags-only: item 8 tags[base:charcoal] ; multi-type: item 1 [Base.SteelBar;Base.Katana;Base.Katana_Blade;Base.SwordBlade;Base.SwordBlade_NoTang;Base.MacheteBlade;Base.MacheteBlade_NoTang] ; not-in-dataset: item 1 Base.SwordBlade flags[IsBlunt],item 8 tags[base:charcoal] | item 1 [Base.SteelBar;Base.Katana;Base.Katana_Blade;Base.SwordBlade;Base.SwordBlade_NoTang;Base.MacheteBlade;Base.MacheteBlade_NoTang] | item 1 tags[base:ballpeenhammer] mode:keep flags[Prop1;MayDegradeLight] | item 1 tags[base:tongs] mode:keep flags[Prop2;MayDegradeLight],item 1 Base.SwordBlade flags[IsBlunt],entities/blacksmith/craftRecipes/recipes_blacksmith_blades.txt,375
Forge_Tongs,Base,Tools,400,HammerMetalStanding,PrimitiveForge,Blacksmith:1,Blacksmith:25,true,Blacksmith:3,,,,,,,base:barstockquarter;base:charcoal;base:crudetongs;base:hammer;base:headingtool;base:metalworkingpliers;base:metalworkingpunch;base:smallpunch;base:tongs,,Base.Tongs,,false,,,,,,,,tags-only: item 3 tags[base:charcoal] ; tags-only: item 2 tags[base:barstockquarter] ; not-in-dataset: item 1 Base.Tongs,item 3 tags[base:charcoal] | item 2 tags[base:barstockquarter] | item 1 tags[base:hammer] mode:keep flags[MayDegradeLight] | item 1 tags[base:crudetongs;base:metalworkingpliers;base:tongs] mode:keep flags[MayDegradeLight] | item 1 tags[base:metalworkingpunch;base:smallpunch] mode:keep flags[MayDegradeLight] | item 1 tags[base:headingtool] mode:keep,item 1 Base.Tongs,entities/blacksmith/craftRecipes/recipes_blacksmith_tools.txt,147
Forge_Tweezers,Base,Tools,300,HammerMetalStanding,AdvancedForge,Blacksmith:4,Blacksmith:45,true,Blacksmith:6,,,,,,,base:ballpeenhammer;base:barstockquarter;base:charcoal;base:metalworkingpliers,,Base.Tweezers_Forged,,false,,,,,,,,tags-only: item 2 tags[base:charcoal] ; tags-only: item 1 tags[base:barstockquarter] ; not-in-dataset: item 1 Base.Tweezers_Forged,item 2 tags[base:charcoal] | item 1 tags[base:barstockquarter] | item 1 tags[base:ballpeenhammer] mode:keep flags[MayDegradeLight] | item 1 tags[base:metalworkingpliers] mode:keep flags[MayDegradeLight],item 1 Base.Tweezers_Forged,entities/blacksmith/craftRecipes/recipes_blacksmith_tools.txt,703
Forge_Wood_Axe_Head,Base,Tools,600,HammerMetalStanding,AdvancedForge,Blacksmith:8,Blacksmith:90,true,Blacksmith:9,,,,,,Base.PiercedSteelBlock,base:ballpeenhammer;base:charcoal;base:metalworkingpunch;base:tongs,,Base.WoodAxeHead,,false,,,,,,,,tags-only: item 5 tags[base:charcoal] ; not-in-dataset: item 1 [Base.PiercedSteelBlock] ; not-in-dataset: item 1 Base.WoodAxeHead flags[IsBlunt],item 5 tags[base:charcoal] | item 1 [Base.PiercedSteelBlock] | item 1 tags[base:ballpeenhammer] mode:keep flags[Prop1;MayDegradeLight] | item 1 tags[base:tongs] mode:keep flags[Prop2;MayDegradeLight] | item 1 tags[base:metalworkingpunch] mode:keep flags[MayDegradeLight],item 1 Base.WoodAxeHead flags[IsBlunt],entities/blacksmith/craftRecipes/recipes_blacksmith_heads.txt,433
Forge_Wrench,Base,Tools,500,HammerMetalStanding,AdvancedForge,Blacksmith:5,Blacksmith:50,true,Blacksmith:7,,,,,,Base.Calipers;Base.SteelBarHalf,base:ballpeenhammer;base:charcoal;base:metalworkingchisel;base:tongs,,Base.Wrench,,false,,,,,,,,tags-only: item 3 tags[base:charcoal] ; not-in-dataset: item 1 [Base.SteelBarHalf] ; not-in-dataset: item 1 Base.Wrench,item 3 tags[base:charcoal] | item 1 [Base.SteelBarHalf] | item 1 tags[base:ballpeenhammer] mode:keep flags[MayDegradeLight] | item 1 tags[base:tongs] mode:keep flags[MayDegradeLight] | item 1 tags[base:metalworkingchisel] mode:keep flags[MayDegradeLight] | item 1 [Base.Calipers] mode:keep,item 1 Base.Wrench,entities/blacksmith/craftRecipes/recipes_blacksmith_tools.txt,871
GatherGunpowder,Base,Packing,30,Making,AnySurfaceCraft,,,,,,,,,,,base:ammo;base:pliers;base:visegrips,,Base.GunPowder,,false,Base.GunPowder,,,,,,,tags-only: item 1 tags[base:ammo] mode:destroy ; no-nutrition: item 1 Base.GunPowder flags[HasOneUse],item 1 tags[base:pliers;base:visegrips] mode:keep | item 1 tags[base:ammo] mode:destroy,item 1 Base.GunPowder flags[HasOneUse],recipes/recipes_ammunition.txt,3
Get6Biscuits,Base,Cooking,60,Making,InHandCraft;Cooking,,,,,,,,,Tooltip_Recipe_MustCookedGet,Base.Muffintray_Biscuit,,,Base.Biscuit;Base.MuffinTray,,false,Base.Biscuit;Base.Muffintray_Biscuit,,,,,,,not-in-dataset: item 1 Base.MuffinTray,item 1 [Base.Muffintray_Biscuit] flags[IsCookedFoodItem;InheritFoodAge;InheritCooked;ItemCount],item 6 Base.Biscuit | item 1 Base.MuffinTray,recipes/recipes_baking.txt,256
Get6Cookies,Base,Cooking,60,Making,InHandCraft;Cooking,,,,,,,,,Tooltip_Recipe_MustCookedGet,Base.CookieChocolateChipDough;Base.CookiesChocolateDough;Base.CookiesOatmealDough;Base.CookiesShortbreadDough;Base.CookiesSugarDough,,,Base.BakingTray;Base.CookieChocolateChip;Base.CookiesChocolate;Base.CookiesOatmeal;Base.CookiesShortbread;Base.CookiesSugar,cookieTypes,false,Base.CookieChocolateChip;Base.CookieChocolateChipDough;Base.CookiesChocolate;Base.CookiesChocolateDough;Base.CookiesOatmeal;Base.CookiesOatmealDough;Base.CookiesShortbread;Base.CookiesShortbreadDough;Base.CookiesSugar;Base.CookiesSugarDough,,,,,,,multi-type: item 1 [Base.CookiesChocolateDough;Base.CookieChocolateChipDough;Base.CookiesOatmealDough;Base.CookiesSugarDough;Base.CookiesShortbreadDough] mappers[cookieTypes] flags[IsCookedFoodItem;InheritFoodAge;InheritCooked;ItemCount] ; multi-type: item 6 mapper:cookieTypes ; not-in-dataset: item 1 Base.BakingTray,item 1 [Base.CookiesChocolateDough;Base.CookieChocolateChipDough;Base.CookiesOatmealDough;Base.CookiesSugarDough;Base.CookiesShortbreadDough] mappers[cookieTypes] flags[IsCookedFoodItem;InheritFoodAge;InheritCooked;ItemCount],item 6 mapper:cookieTypes | item 1 Base.BakingTray,recipes/recipes_baking.txt,350
Get6Muffins,Base,Cooking,60,Making,InHandCraft;Cooking,,,,,,,,RecipeCodeOnCreate.name_muffins,Tooltip_Recipe_MustCookedGet,Base.BakingTray_Muffin;Base.BakingTray_Muffin_Recipe,,,Base.MuffinGeneric;Base.MuffinTray,,false,Base.BakingTray_Muffin;Base.BakingTray_Muffin_Recipe;Base.MuffinGeneric,,,,,,,multi-type: item 1 [Base.BakingTray_Muffin_Recipe;Base.BakingTray_Muffin] flags[IsCookedFoodItem;InheritFood;ItemCount] ; not-in-dataset: item 1 Base.MuffinTray,item 1 [Base.BakingTray_Muffin_Recipe;Base.BakingTray_Muffin] flags[IsCookedFoodItem;InheritFood;ItemCount],item 6 Base.MuffinGeneric | item 1 Base.MuffinTray,recipes/recipes_baking.txt,520
GetBaconBits,Base,Cooking,10,SliceMeat,InHandCraft;Cooking,,,,,,,,,,Base.BaconRashers,base:sharpknife,,Base.BaconBits,,false,Base.BaconBits;Base.BaconRashers,0.0,0.0,0.0,-0.05,0.0,0.0,,item 1 tags[base:sharpknife] mode:keep flags[SharpnessCheck;IsNotDull] | item 1 [Base.BaconRashers] flags[AllowRottenItem;InheritCooked;InheritFoodAge;ItemCount],item 4 Base.BaconBits,recipes/recipes_cooking.txt,1004
GetBaconRashers,Base,Cooking,10,SliceMeat,InHandCraft;Cooking,,,,,,,,,,Base.Bacon,base:sharpknife,,Base.BaconRashers,,false,Base.Bacon;Base.BaconRashers,0.0,0.0,0.0,0.0,-4.0,0.0,,item 1 tags[base:sharpknife] mode:keep flags[SharpnessCheck;IsNotDull] | item 1 [Base.Bacon] flags[AllowRottenItem;InheritCooked;InheritFoodAge;ItemCount],item 4 Base.BaconRashers,recipes/recipes_cooking.txt,1021
GetLongStick,Base,Assembly,100,Making,InHandCraft,,,,,,,,,,,base:giveslongstick,,Base.LongStick,,false,,,,,,,,tags-only: item 1 tags[base:giveslongstick] flags[Prop2;InheritCondition] ; not-in-dataset: item 1 Base.LongStick,item 1 tags[base:giveslongstick] flags[Prop2;InheritCondition],item 1 Base.LongStick,recipes/recipes_disassembly.txt,134
GetWireBack,Base,Fishing,100,Making,InHandCraft;Fishing,,,true,,Fishing:7,,,RecipeCodeOnCreate.dismantleFishingNet,,Base.BrokenFishingNet,,,Base.Wire,,false,Base.Wire,,,,,,,not-in-dataset: item 1 [Base.BrokenFishingNet] ; no-nutrition: item 1 Base.Wire,item 1 [Base.BrokenFishingNet],item 1 Base.Wire,recipes/recipes_fishing.txt,66
GrindCornflour,Base,Farming,300,UseStoneQuern,Stone_Quern,,,,,,,,,,Base.CornSeed,,,Base.Cornflour2,,false,Base.CornSeed;Base.Cornflour2,-496.0,-152.0,-11.2,-26.4,20.0,0.0,,item 20 [Base.CornSeed] flags[ItemCount],item 1 Base.Cornflour2,entities/agricultural/workstations/entity_stone_quern_craftRecipe.txt,3
GrindCornmeal,Base,Farming,300,UseStoneQuern,Stone_Quern,,,,,,,,,,Base.CornSeed,,,Base.Cornmeal2,,false,Base.CornSeed;Base.Cornmeal2,-496.0,-152.0,-11.2,-26.4,60.0,0.0,,item 20 [Base.CornSeed] flags[ItemCount],item 1 Base.Cornmeal2,entities/agricultural/workstations/entity_stone_quern_craftRecipe.txt,19
GrindFlour,Base,Farming,300,UseStoneQuern,Stone_Quern,,,,,,,,,,Base.BarleySeed;Base.RyeSeed;Base.WheatSeed,,,Base.Flour2,,false,Base.BarleySeed;Base.Flour2;Base.RyeSeed;Base.WheatSeed,,,,,,,multi-type: item 12 [Base.WheatSeed;Base.RyeSeed;Base.BarleySeed] flags[ItemCount],item 12 [Base.WheatSeed;Base.RyeSeed;Base.BarleySeed] flags[ItemCount],item 1 Base.Flour2,entities/agricultural/workstations/entity_stone_quern_craftRecipe.txt,35
HalveFillet,Base,Cooking,50,SliceFish,InHandCraft;CanBeDoneFromFloor;Cooking,,,,,,,,,,Base.FishFillet,base:meatcleaver;base:sharpknife,,Base.FishFillet,,false,Base.FishFillet,205.0,1.0,12.0,28.52,-25.0,0.0,,item 1 tags[base:sharpknife;base:meatcleaver] mode:keep flags[IsNotDull;SharpnessCheck] | item 1 [Base.FishFillet] flags[InheritCooked;InheritFood;ItemCount;InheritWeight],item 2 Base.FishFillet,recipes/recipes_cooking.txt,666
HarvestRoe,Base,Fishing,120,MixingBowl,InHandCraft;Fishing,,Fishing:10,,,,,,,,Base.FishRoeSac,base:bowl,Water,Base.FishRoe,,true,Base.FishRoe;Base.FishRoeSac,7.0,-13.68,3.38,0.35,-5.0,0.0,,item 1 tags[base:bowl] mode:keep flags[ItemCount] | -fluid 0.3 [Water] | item 1 [Base.FishRoeSac] flags[ItemCount;InheritFood],item 1 Base.FishRoe,recipes/recipes_fishing.txt,103
HeckleFlax,Base,Farming,100,Making,Heckling,,,,,,,,,,Base.FlaxScutched,,,Base.FlaxHeckled;Base.FlaxTow,,false,,,,,,,,not-in-dataset: item 1 [Base.FlaxScutched] mode:destroy flags[Prop2] ; not-in-dataset: item 1 Base.FlaxHeckled ; not-in-dataset: item 1 Base.FlaxTow,item 1 [Base.FlaxScutched] mode:destroy flags[Prop2],item 1 Base.FlaxHeckled | item 1 Base.FlaxTow,entities/agricultural/craftRecipes/recipes_flax.txt,20
InsertBattery,Base,Electrical,30,MakingElectrical,InHandCraft;CanBeDoneInDark,,,,,,,,RecipeCodeOnCreate.torchBatteryInsert,,Base.Battery,base:flashlight;base:usesbattery,,,,false,Base.Battery,,,,,,,no-outputs,item 1 tags[base:flashlight;base:usesbattery] flags[IsEmpty;AllowFavorite;ItemCount] mode:keep | item 1 [Base.Battery] flags[ItemCount] mode:destroy,,recipes/recipes_electrical.txt,20
InsertPropaneBottleIntoLantern,Base,Miscellaneous,30,Making,InHandCraft;CanBeDoneInDark,,,,,,,,,,Base.Lantern_Propane;Base.Propane_Refill,,,Base.Lantern_Propane,,false,Base.Lantern_Propane;Base.Propane_Refill,,,,,,,no-nutrition: item 1 [Base.Lantern_Propane] flags[AllowFavorite;InheritFavorite;ItemCount;IsEmpty] mode:destroy ; no-nutrition: item 1 [Base.Propane_Refill] flags[ItemCount;InheritUses] ; no-nutrition: item 1 Base.Lantern_Propane,item 1 [Base.Lantern_Propane] flags[AllowFavorite;InheritFavorite;ItemCount;IsEmpty] mode:destroy | item 1 [Base.Propane_Refill] flags[ItemCount;InheritUses],item 1 Base.Lantern_Propane,recipes/recipes_lightsources.txt,54
KnitBalaclavaFace,Base,Tailoring,200,Knitting,InHandCraft,Tailoring:3,Tailoring:20,true,,,,,,,Base.Yarn,base:knittingneedles,,Base.Hat_BalaclavaFace,,false,,,,,,,,not-in-dataset: item 1 [Base.Yarn] flags[InheritColor] ; not-in-dataset: item 1 Base.Hat_BalaclavaFace,item 1 tags[base:knittingneedles] mode:keep | item 1 [Base.Yarn] flags[InheritColor],item 1 Base.Hat_BalaclavaFace,recipes/recipes_tailoring_knitting.txt,3
KnitBalaclavaFull,Base,Tailoring,200,Knitting,InHandCraft,Tailoring:4,Tailoring:30,true,,,,,,,Base.Yarn,base:knittingneedles,,Base.Hat_BalaclavaFull,,false,,,,,,,,not-in-dataset: item 1 [Base.Yarn] flags[InheritColor] ; not-in-dataset: item 1 Base.Hat_BalaclavaFull,item 1 tags[base:knittingneedles] mode:keep | item 1 [Base.Yarn] flags[InheritColor],item 1 Base.Hat_BalaclavaFull,recipes/recipes_tailoring_knitting.txt,23
KnitBeany,Base,Tailoring,200,Knitting,InHandCraft,Tailoring:1,Tailoring:9,true,,,,,,,Base.Yarn,base:knittingneedles,,Base.Hat_Beany,,false,,,,,,,,not-in-dataset: item 1 [Base.Yarn] flags[InheritColor] ; not-in-dataset: item 1 Base.Hat_Beany,item 1 tags[base:knittingneedles] mode:keep | item 1 [Base.Yarn] flags[InheritColor],item 1 Base.Hat_Beany,recipes/recipes_tailoring_knitting.txt,43
KnitDoily,Base,Tailoring,200,Knitting,InHandCraft,Tailoring:1,Tailoring:9,true,,,,,,,Base.Yarn,base:knittingneedles,,Base.Doily,,false,,,,,,,,not-in-dataset: item 1 [Base.Yarn] flags[InheritColor] ; not-in-dataset: item 1 Base.Doily,item 1 tags[base:knittingneedles] mode:keep | item 1 [Base.Yarn] flags[InheritColor],item 1 Base.Doily,recipes/recipes_tailoring_knitting.txt,63
KnitLegwarmers,Base,Tailoring,200,Knitting,InHandCraft,Tailoring:2,Tailoring:13,true,,,,,,,Base.Yarn,base:knittingneedles,,Base.Socks_LegWarmers,,false,,,,,,,,not-in-dataset: item 1 [Base.Yarn] flags[InheritColor] ; not-in-dataset: item 1 Base.Socks_LegWarmers,item 1 tags[base:knittingneedles] mode:keep | item 1 [Base.Yarn] flags[InheritColor],item 1 Base.Socks_LegWarmers,recipes/recipes_tailoring_knitting.txt,83
KnitScarf,Base,Tailoring,200,Knitting,InHandCraft,Tailoring:1,Tailoring:9,true,,,,,,,Base.Yarn,base:knittingneedles,,Base.Scarf_White,,false,,,,,,,,not-in-dataset: item 1 [Base.Yarn] flags[InheritColor] ; not-in-dataset: item 1 Base.Scarf_White,item 1 tags[base:knittingneedles] mode:keep | item 1 [Base.Yarn] flags[InheritColor],item 1 Base.Scarf_White,recipes/recipes_tailoring_knitting.txt,103
KnitSocks,Base,Tailoring,200,Knitting,InHandCraft,Tailoring:2,Tailoring:13,true,,,,,,,Base.Yarn,base:knittingneedles,,Base.Socks_Heavy,,false,,,,,,,,not-in-dataset: item 1 [Base.Yarn] flags[InheritColor] ; not-in-dataset: item 1 Base.Socks_Heavy,item 1 tags[base:knittingneedles] mode:keep | item 1 [Base.Yarn] flags[InheritColor],item 1 Base.Socks_Heavy,recipes/recipes_tailoring_knitting.txt,123
KnitSweaterVest,Base,Tailoring,200,Knitting,InHandCraft,Tailoring:3,Tailoring:20,true,,,,,,,Base.Yarn,base:knittingneedles,,Base.Jumper_TankTopTINT,,false,,,,,,,,not-in-dataset: item 1 [Base.Yarn] flags[InheritColor] ; not-in-dataset: item 1 Base.Jumper_TankTopTINT,item 1 tags[base:knittingneedles] mode:keep | item 1 [Base.Yarn] flags[InheritColor],item 1 Base.Jumper_TankTopTINT,recipes/recipes_tailoring_knitting.txt,143
KnitWoolyHat,Base,Tailoring,200,Knitting,InHandCraft,Tailoring:2,Tailoring:13,true,,,,,,,Base.Yarn,base:knittingneedles,,Base.Hat_WoolyHat,,false,,,,,,,,not-in-dataset: item 1 [Base.Yarn] flags[InheritColor] ; not-in-dataset: item 1 Base.Hat_WoolyHat,item 1 tags[base:knittingneedles] mode:keep | item 1 [Base.Yarn] flags[InheritColor],item 1 Base.Hat_WoolyHat,recipes/recipes_tailoring_knitting.txt,163
LightCandle,Base,Miscellaneous,30,Making,InHandCraft;CanBeDoneInDark,,,,,,,,,Tooltip_Recipe_EquipCandleHand,Base.Candle,base:startfire,,Base.CandleLit,,false,Base.Candle;Base.CandleLit,,,,,,,no-nutrition: item 1 [Base.Candle] mode:destroy flags[InheritUses;InheritCondition;ItemCount;AllowFavorite;InheritFavorite] ; tags-only: item 1 tags[base:startfire] ; no-nutrition: item 1 Base.CandleLit flags[EquipSecondary;SetActivated],item 1 [Base.Candle] mode:destroy flags[InheritUses;InheritCondition;ItemCount;AllowFavorite;InheritFavorite] | item 1 tags[base:startfire],item 1 Base.CandleLit flags[EquipSecondary;SetActivated],recipes/recipes_lightsources.txt,3
LightHurricaneLantern,Base,Miscellaneous,20,Making,InHandCraft;CanBeDoneInDark,,,,,,,,,Tooltip_Recipe_EquipLanternHand,Base.Lantern_Hurricane;Base.Lantern_Hurricane_Copper;Base.Lantern_Hurricane_Forged;Base.Lantern_Hurricane_Gold;Base.Lantern_Hurricane_Silver,base:startfire,,Base.Lantern_HurricaneLit;Base.Lantern_Hurricane_CopperLit;Base.Lantern_Hurricane_ForgedLit;Base.Lantern_Hurricane_GoldLit;Base.Lantern_Hurricane_SilverLit,LampMapper,false,Base.Lantern_Hurricane;Base.Lantern_HurricaneLit;Base.Lantern_Hurricane_Copper;Base.Lantern_Hurricane_CopperLit;Base.Lantern_Hurricane_Forged;Base.Lantern_Hurricane_ForgedLit;Base.Lantern_Hurricane_Gold;Base.Lantern_Hurricane_GoldLit;Base.Lantern_Hurricane_Silver;Base.Lantern_Hurricane_SilverLit,,,,,,,multi-type: item 1 [Base.Lantern_Hurricane;Base.Lantern_Hurricane_Copper;Base.Lantern_Hurricane_Forged;Base.Lantern_Hurricane_Gold;Base.Lantern_Hurricane_Silver] mode:destroy flags[NotEmpty;AllowFavorite;InheritFavorite;ItemCount;InheritUses;InheritCondition] mappers[LampMapper] ; tags-only: item 1 tags[base:startfire] ; multi-type: item 1 mapper:LampMapper flags[EquipSecondary;SetActivated],item 1 [Base.Lantern_Hurricane;Base.Lantern_Hurricane_Copper;Base.Lantern_Hurricane_Forged;Base.Lantern_Hurricane_Gold;Base.Lantern_Hurricane_Silver] mode:destroy flags[NotEmpty;AllowFavorite;InheritFavorite;ItemCount;InheritUses;InheritCondition] mappers[LampMapper] | item 1 tags[base:startfire],item 1 mapper:LampMapper flags[EquipSecondary;SetActivated],recipes/recipes_lightsources.txt,71
Make2Bowls,Base,Cooking,80,MixingBowl,AnySurfaceCraft;Cooking,,,,,,,,RecipeCodeOnCreate.inheritFoodNameBowl,Tooltip_Recipe_CookedPortion,Base.Bowl;Base.ClayBowl,base:canbedividedinbowls,,Base.PastaBowl;Base.PastaBowlClay;Base.Pot;Base.PotForged;Base.RiceBowl;Base.RiceBowlClay;Base.Saucepan;Base.SaucepanCopper;Base.SoupBowl;Base.SoupBowlClay;Base.StewBowl;Base.StewBowlClay,bowlType;potType,false,Base.Bowl;Base.ClayBowl;Base.PastaBowl;Base.PastaBowlClay;Base.Pot;Base.PotForged;Base.RiceBowl;Base.RiceBowlClay;Base.Saucepan;Base.SaucepanCopper;Base.SoupBowl;Base.SoupBowlClay;Base.StewBowl;Base.StewBowlClay,,,,,,,multi-type: item 2 [Base.Bowl;Base.ClayBowl] mode:destroy flags[ItemCount] ; tags-only: item 1 tags[base:canbedividedinbowls] mappers[bowlType;potType] flags[InheritCondition;InheritCooked;InheritFood;ItemCount] ; multi-type: item 2 mapper:bowlType flags[DontInheritCondition] ; multi-type: item 1 mapper:potType,item 2 [Base.Bowl;Base.ClayBowl] mode:destroy flags[ItemCount] | item 1 tags[base:canbedividedinbowls] mappers[bowlType;potType] flags[InheritCondition;InheritCooked;InheritFood;ItemCount],item 2 mapper:bowlType flags[DontInheritCondition] | item 1 mapper:potType,recipes/recipes_cooking.txt,402
Make4Bowls,Base,Cooking,80,MixingBowl,AnySurfaceCraft;Cooking,,,,,,,,RecipeCodeOnCreate.inheritFoodNameBowl,Tooltip_Recipe_CookedPortion,Base.Bowl;Base.ClayBowl,base:canbedividedinbowls,,Base.PastaBowl;Base.PastaBowlClay;Base.Pot;Base.PotForged;Base.RiceBowl;Base.RiceBowlClay;Base.Saucepan;Base.SaucepanCopper;Base.SoupBowl;Base.SoupBowlClay;Base.StewBowl;Base.StewBowlClay,bowlType;potType,false,Base.Bowl;Base.ClayBowl;Base.PastaBowl;Base.PastaBowlClay;Base.Pot;Base.PotForged;Base.RiceBowl;Base.RiceBowlClay;Base.Saucepan;Base.SaucepanCopper;Base.SoupBowl;Base.SoupBowlClay;Base.StewBowl;Base.StewBowlClay,,,,,,,multi-type: item 4 [Base.Bowl;Base.ClayBowl] mode:destroy flags[ItemCount] ; tags-only: item 1 tags[base:canbedividedinbowls] mappers[bowlType;potType] flags[InheritCondition;InheritCooked;InheritFood;ItemCount] ; multi-type: item 4 mapper:bowlType flags[DontInheritCondition] ; multi-type: item 1 mapper:potType,item 4 [Base.Bowl;Base.ClayBowl] mode:destroy flags[ItemCount] | item 1 tags[base:canbedividedinbowls] mappers[bowlType;potType] flags[InheritCondition;InheritCooked;InheritFood;ItemCount],item 4 mapper:bowlType flags[DontInheritCondition] | item 1 mapper:potType,recipes/recipes_cooking.txt,319
MakeAdvancedFramepackFrame,Base,Carpentry,200,Making,AnySurfaceCraft,Woodwork:4,Woodwork:40,true,Tailoring:1;Woodwork:7,,,base:assembleadvancedframepack,,,Base.Nails;Base.Plank,base:hammer;base:saw;base:smallsaw,,Base.PackFrame,,false,,,,,,,,not-in-dataset: item 1 [Base.Plank] ; not-in-dataset: item 2 [Base.Nails] ; not-in-dataset: item 1 Base.PackFrame,item 1 [Base.Plank] | item 1 tags[base:hammer] mode:keep flags[MayDegradeVeryLight] | item 2 [Base.Nails] | item 1 tags[base:saw;base:smallsaw] mode:keep flags[MayDegradeLight],item 1 Base.PackFrame,recipes/recipes_carpentry.txt,521
MakeAdvancedLargeFramepackFrame,Base,Carpentry,200,Making,AnySurfaceCraft,Woodwork:6,Woodwork:60,true,Tailoring:1;Woodwork:9,,,base:assembleadvancedframepack,,,Base.Nails;Base.Plank,base:hammer;base:saw;base:smallsaw,,Base.PackFrameLarge,,false,,,,,,,,not-in-dataset: item 2 [Base.Plank] ; not-in-dataset: item 4 [Base.Nails] ; not-in-dataset: item 1 Base.PackFrameLarge,item 2 [Base.Plank] | item 1 tags[base:hammer] mode:keep flags[MayDegradeVeryLight] | item 4 [Base.Nails] | item 1 tags[base:saw;base:smallsaw] mode:keep flags[MayDegradeLight],item 1 Base.PackFrameLarge,recipes/recipes_carpentry.txt,545
MakeAerosolBomb,Base,Electrical,80,MakingElectrical,AnySurfaceCraft,,,true,,,,,,,Base.DuctTape;Base.Sparklers,base:aerosol;base:aluminum;base:mortarpestle,,Base.Aerosolbomb,,false,Base.DuctTape,,,,,,,tags-only: item 1 tags[base:aerosol] flags[ItemCount] mode:destroy ; not-in-dataset: item 1 [Base.Sparklers] ; tags-only: item 1 tags[base:aluminum] ; no-nutrition: item 1 [Base.DuctTape] ; not-in-dataset: item 1 Base.Aerosolbomb,item 1 tags[base:aerosol] flags[ItemCount] mode:destroy | item 1 [Base.Sparklers] | item 1 tags[base:aluminum] | item 1 [Base.DuctTape] | item 1 tags[base:mortarpestle] mode:keep flags[MayDegradeLight],item 1 Base.Aerosolbomb,recipes/recipes_traps.txt,277
MakeAnimalSkullNecklace,Base,Tailoring,100,Making,AnySurfaceCraft,Tailoring:1,Tailoring:9,,,,,,,,Base.Rabbit_KittenSkull;Base.Rabbit_Skull;Base.Thread_Sinew;Base.Twine,,,Base.Necklace_SkullMammal,,false,Base.Thread_Sinew;Base.Twine,,,,,,,multi-type: item 1 [Base.Rabbit_KittenSkull;Base.Rabbit_Skull] flags[Prop2] ; multi-type: item 1 [Base.Twine;Base.Thread_Sinew] flags[Prop1] ; not-in-dataset: item 1 Base.Necklace_SkullMammal,item 1 [Base.Rabbit_KittenSkull;Base.Rabbit_Skull] flags[Prop2] | item 1 [Base.Twine;Base.Thread_Sinew] flags[Prop1],item 1 Base.Necklace_SkullMammal,recipes/recipes_bone.txt,499
MakeAnimalSkullsNecklace,Base,Tailoring,150,Making,AnySurfaceCraft,Tailoring:1,Tailoring:9,,,,,,,,Base.Rabbit_KittenSkull;Base.Rabbit_Skull;Base.Thread_Sinew;Base.Twine,,,Base.Necklace_SkullMammal_Multi,,false,Base.Thread_Sinew;Base.Twine,,,,,,,multi-type: item 3 [Base.Rabbit_KittenSkull;Base.Rabbit_Skull] flags[Prop2] ; multi-type: item 1 [Base.Twine;Base.Thread_Sinew] flags[Prop1] ; not-in-dataset: item 1 Base.Necklace_SkullMammal_Multi,item 3 [Base.Rabbit_KittenSkull;Base.Rabbit_Skull] flags[Prop2] | item 1 [Base.Twine;Base.Thread_Sinew] flags[Prop1],item 1 Base.Necklace_SkullMammal_Multi,recipes/recipes_bone.txt,518
MakeAphidsCure,Base,Farming,40,Making,InHandCraft;Farming,,,true,,Farming:6,,,,,*;Base.GardeningSprayEmpty,,RubbingAlcohol;category:Water,Base.GardeningSprayAphids,,true,Base.GardeningSprayAphids,,,,,,,not-in-dataset: item 1 [Base.GardeningSprayEmpty] ; wildcard: item 1 [*] ; wildcard: item 1 [*] ; no-nutrition: item 1 Base.GardeningSprayAphids,item 1 [Base.GardeningSprayEmpty] | item 1 [*] | -fluid 1.0 categories[Water] mode:mixture | item 1 [*] | -fluid 0.2 [RubbingAlcohol],item 1 Base.GardeningSprayAphids,recipes/recipes_farming.txt,23
MakeBaguetteDough,Base,Cooking,50,MixingBowl,AnySurfaceCraft;Cooking,,Cooking:10,true,,Cooking:7,,,,,*;Base.Bowl;Base.ClayBowl;Base.Salt;Base.SeasoningSalt;Base.Yeast,base:flour;base:mixingutensil;base:rollingpin,Water,Base.BaguetteDough,,true,Base.BaguetteDough;Base.Bowl;Base.ClayBowl;Base.Salt;Base.SeasoningSalt;Base.Yeast,,,,,,,tags-only: item 10 tags[base:flour] ; multi-type: item 2 [Base.Salt;Base.SeasoningSalt] ; no-nutrition: item 1 [Base.Yeast] ; wildcard: item 1 [*],item 1 tags[base:rollingpin] mode:keep flags[MayDegrade] | item 1 tags[base:mixingutensil] mode:keep flags[MayDegradeVeryLight] | item 1 [Base.Bowl;Base.ClayBowl] mode:keep | item 10 tags[base:flour] | item 2 [Base.Salt;Base.SeasoningSalt] | item 1 [Base.Yeast] | item 1 [*] | -fluid 1.0 [Water],item 1 Base.BaguetteDough,recipes/recipes_baking.txt,203
MakeBarbedWire,Base,Metalworking,250,CutWire,AnySurfaceCraft,,,true,,MetalWelding:4,,,,,Base.Wire,base:pliers,,Base.BarbedWire,,false,Base.Wire,,,,,,,no-nutrition: item 1 [Base.Wire] mode:destroy flags[IsFull;ItemCount] ; not-in-dataset: item 1 Base.BarbedWire,item 1 tags[base:pliers] mode:keep flags[MayDegradeLight] | item 1 [Base.Wire] mode:destroy flags[IsFull;ItemCount],item 1 Base.BarbedWire,recipes/recipes_metalWelding.txt,3
MakeBirdSkullEarrings,Base,Tailoring,200,Making,AnySurfaceCraft,Tailoring:1,Tailoring:9,,,,,,,,Base.Wire,base:birdskull;base:pliers,,Base.Earring_BirdSkull,,false,Base.Wire,,,,,,,tags-only: item 2 tags[base:birdskull] flags[Prop2] ; no-nutrition: item 1 [Base.Wire] ; not-in-dataset: item 1 Base.Earring_BirdSkull,item 1 tags[base:pliers] mode:keep flags[Prop1] | item 2 tags[base:birdskull] flags[Prop2] | item 1 [Base.Wire],item 1 Base.Earring_BirdSkull,recipes/recipes_bone.txt,575
MakeBirdSkullNecklace,Base,Tailoring,100,Making,AnySurfaceCraft,Tailoring:1,Tailoring:9,,,,,,,,Base.Thread_Sinew;Base.Twine,base:birdskull,,Base.Necklace_SkullSmall,,false,Base.Thread_Sinew;Base.Twine,,,,,,,tags-only: item 1 tags[base:birdskull] flags[Prop2] ; multi-type: item 1 [Base.Twine;Base.Thread_Sinew] flags[Prop1] ; not-in-dataset: item 1 Base.Necklace_SkullSmall,item 1 tags[base:birdskull] flags[Prop2] | item 1 [Base.Twine;Base.Thread_Sinew] flags[Prop1],item 1 Base.Necklace_SkullSmall,recipes/recipes_bone.txt,595
MakeBirdSkullsNecklace,Base,Tailoring,150,Making,AnySurfaceCraft,Tailoring:1,Tailoring:9,,,,,,,,Base.Thread_Sinew;Base.Twine,base:birdskull,,Base.Necklace_SkullSmall_Multi,,false,Base.Thread_Sinew;Base.Twine,,,,,,,tags-only: item 3 tags[base:birdskull] flags[Prop2] ; multi-type: item 1 [Base.Twine;Base.Thread_Sinew] flags[Prop1] ; not-in-dataset: item 1 Base.Necklace_SkullSmall_Multi,item 3 tags[base:birdskull] flags[Prop2] | item 1 [Base.Twine;Base.Thread_Sinew] flags[Prop1],item 1 Base.Necklace_SkullSmall_Multi,recipes/recipes_bone.txt,614
MakeBiscuits,Base,Cooking,50,MixingBowl,AnySurfaceCraft;Cooking,,Cooking:3,true,,Cooking:7,,,,,*;Base.BakingSoda;Base.Bowl;Base.ClayBowl;Base.MuffinTray;Base.Salt;Base.SeasoningSalt,base:bakingfat;base:flour;base:mixingutensil,Water,Base.Muffintray_Biscuit,,true,Base.BakingSoda;Base.Bowl;Base.ClayBowl;Base.Muffintray_Biscuit;Base.Salt;Base.SeasoningSalt,,,,,,,not-in-dataset: item 1 [Base.MuffinTray] ; tags-only: item 1 tags[base:flour] ; multi-type: item 2 [Base.Salt;Base.SeasoningSalt] ; no-nutrition: item 1 [Base.BakingSoda] ; tags-only: item 1 tags[base:bakingfat] ; wildcard: item 1 [*],item 1 tags[base:mixingutensil] mode:keep flags[MayDegradeVeryLight] | item 1 [Base.Bowl;Base.ClayBowl] mode:keep | item 1 [Base.MuffinTray] | item 1 tags[base:flour] | item 2 [Base.Salt;Base.SeasoningSalt] | item 1 [Base.BakingSoda] | item 1 tags[base:bakingfat] | item 1 [*] | -fluid 2.0 [Water],item 1 Base.Muffintray_Biscuit,recipes/recipes_baking.txt,229
MakeBlankID,Base,,500,Making,AnySurfaceCraft;CannotBeResearched,,,true,,,,,,,Base.CorrectionFluid;Base.Scalpel;Base.Scotchtape;Base.StraightRazor,base:idcard;base:pen,,Base.IDcard_Blank,,false,Base.CorrectionFluid,,,,,,,tags-only: item 2 tags[base:idcard] ; not-in-dataset: item 1 [Base.Scotchtape] ; not-in-dataset: item 1 Base.IDcard_Blank,item 2 tags[base:idcard] | item 1 tags[base:pen] mode:keep | item 1 [Base.CorrectionFluid] | item 1 [Base.Scotchtape] | item 1 [Base.Scalpel;Base.StraightRazor] mode:keep flags[IsNotDull;SharpnessCheck],item 1 Base.IDcard_Blank,recipes/recipes.txt,483
MakeBlockBludgeon,Base,Weaponry,600,Welding_Surface,AnySurfaceCraft,MetalWelding:1,MetalWelding:10,false,,,,,,,Base.BlowTorch;Base.DenimStrips;Base.LeatherStrips;Base.MetalBar;Base.MetalPipe;Base.MetalPipe_Broken;Base.PiercedIronBlock;Base.PiercedSteelBlock;Base.RippedSheets;Base.SteelRodHalf,base:weldingmask,,Base.BlockMace;Base.BlockMaul,BlockMapper,false,Base.BlowTorch,,,,,,,multi-type: item 1 [Base.MetalBar;Base.MetalPipe;Base.MetalPipe_Broken;Base.SteelRodHalf] mappers[BlockMapper] flags[Prop2;InheritCondition] ; no-nutrition: item 2 [Base.BlowTorch] ; multi-type: item 1 [Base.PiercedIronBlock;Base.PiercedSteelBlock] flags[Prop1;IsHeadPart] ; multi-type: item 1 [Base.RippedSheets;Base.DenimStrips;Base.LeatherStrips] mode:destroy ; multi-type: item 1 mapper:BlockMapper,item 1 [Base.MetalBar;Base.MetalPipe;Base.MetalPipe_Broken;Base.SteelRodHalf] mappers[BlockMapper] flags[Prop2;InheritCondition] | item 2 [Base.BlowTorch] | item 1 tags[base:weldingmask] mode:keep | item 1 [Base.PiercedIronBlock;Base.PiercedSteelBlock] flags[Prop1;IsHeadPart] | item 1 [Base.RippedSheets;Base.DenimStrips;Base.LeatherStrips] mode:destroy,item 1 mapper:BlockMapper,entities/blacksmith/craftRecipes/recipes_blacksmith_welded_etc_weapons.txt,3
MakeBodyMagazineArmor,Base,Tailoring,100,CraftArmourPiece,AnySurfaceCraft;CanAlwaysBeResearched,Tailoring:1,,true,,,,base:makemagazinearmor,,Tooltip_Recipe_RuinsItem,Base.DuctTape,base:magazine,,Base.Cuirass_Magazine,,false,Base.DuctTape,,,,,,,tags-only: item 8 tags[base:magazine] flags[Prop2] ; no-nutrition: item 4 [Base.DuctTape] flags[Prop1] ; not-in-dataset: item 1 Base.Cuirass_Magazine,item 8 tags[base:magazine] flags[Prop2] | item 4 [Base.DuctTape] flags[Prop1],item 1 Base.Cuirass_Magazine,recipes/recipes_tailoring_armor.txt,351
MakeBoneArmoredGloves,Base,Tailoring,180,CraftArmourPiece,AnySurfaceCraft,Tailoring:5;Carving:3,Tailoring:45;Carving:30,,Tailoring:7;Carving:4,,,,,,Base.Gloves_FingerlessGloves;Base.Gloves_FingerlessLeatherGloves;Base.Gloves_FingerlessLeatherGloves_Black;Base.Gloves_FingerlessLeatherGloves_Brown;Base.Gloves_LeatherGloves;Base.Gloves_LeatherGlovesBlack;Base.Gloves_LeatherGlovesBrown;Base.SmallAnimalBone;Base.Twine,base:awl;base:sharpknife,,Base.Gloves_BoneGloves,,false,Base.Twine,,,,,,,not-in-dataset: item 4 [Base.SmallAnimalBone] flags[Prop2] ; multi-type: item 1 [Base.Gloves_FingerlessGloves;Base.Gloves_FingerlessLeatherGloves;Base.Gloves_FingerlessLeatherGloves_Black;Base.Gloves_FingerlessLeatherGloves_Brown;Base.Gloves_LeatherGloves;Base.Gloves_LeatherGlovesBlack;Base.Gloves_LeatherGlovesBrown] ; no-nutrition: item 1 [Base.Twine] ; not-in-dataset: item 1 Base.Gloves_BoneGloves,item 4 [Base.SmallAnimalBone] flags[Prop2] | item 1 [Base.Gloves_FingerlessGloves;Base.Gloves_FingerlessLeatherGloves;Base.Gloves_FingerlessLeatherGloves_Black;Base.Gloves_FingerlessLeatherGloves_Brown;Base.Gloves_LeatherGloves;Base.Gloves_LeatherGlovesBlack;Base.Gloves_LeatherGlovesBrown] | item 1 tags[base:sharpknife] mode:keep flags[IsNotDull;MayDegradeLight] | item 1 [Base.Twine] | item 1 tags[base:awl] mode:keep flags[MayDegradeLight;Prop1],item 1 Base.Gloves_BoneGloves,recipes/recipes_tailoring_armor.txt,3
MakeBoneAwl,Base,Carving,200,SharpenStakeBone,AnySurfaceCraft,Carving:1,Carving:10,true,,Carving:3,,,RecipeCodeOnCreate.minorCondition,,Base.SharpBoneFragment,base:crudesaw;base:file;base:saw;base:sharpknife;base:smallsaw;base:whetstone,,Base.Awl_Bone,,false,,,,,,,,not-in-dataset: item 1 [Base.SharpBoneFragment] flags[Prop2] ; not-in-dataset: item 1 Base.Awl_Bone,item 1 tags[base:whetstone;base:file] mode:keep flags[MayDegradeLight] | item 1 tags[base:saw;base:crudesaw;base:smallsaw;base:sharpknife] mode:keep flags[Prop1;IsNotDull;MayDegradeLight] | item 1 [Base.SharpBoneFragment] flags[Prop2],item 1 Base.Awl_Bone,recipes/recipes_bone.txt,476
MakeBoneBodyArmor,Base,Tailoring,180,SharpenStakeWood,AnySurfaceCraft,Tailoring:7;Carving:7,Tailoring:80;Carving:60,true,Tailoring:9;Carving:8,,,base:makebonearmor,,,Base.BoneBead_Large;Base.LeatherStrips;Base.Twine,base:awl;base:sharpknife,,Base.Cuirass_Bone,,false,Base.Twine,,,,,,,not-in-dataset: item 20 [Base.BoneBead_Large] flags[Prop2] ; not-in-dataset: item 4 [Base.LeatherStrips] mode:destroy ; no-nutrition: item 5 [Base.Twine] ; not-in-dataset: item 1 Base.Cuirass_Bone,item 20 [Base.BoneBead_Large] flags[Prop2] | item 4 [Base.LeatherStrips] mode:destroy | item 1 tags[base:sharpknife] mode:keep flags[IsNotDull;MayDegradeLight;Prop1] | item 5 [Base.Twine] | item 1 tags[base:awl] mode:keep flags[MayDegradeLight],item 1 Base.Cuirass_Bone,recipes/recipes_tailoring_armor.txt,26
MakeBoneChoker,Base,Tailoring,180,CraftArmourPiece,AnySurfaceCraft,Tailoring:4,Tailoring:30,true,,,,base:makebonearmor,,,Base.BoneBead_Large;Base.LeatherStrips;Base.Twine,base:awl;base:sharpknife,,Base.Necklace_Choker_Bone,,false,Base.Twine,,,,,,,not-in-dataset: item 4 [Base.BoneBead_Large] flags[Prop2] ; not-in-dataset: item 1 [Base.LeatherStrips] mode:destroy ; no-nutrition: item 1 [Base.Twine] ; not-in-dataset: item 1 Base.Necklace_Choker_Bone,item 4 [Base.BoneBead_Large] flags[Prop2] | item 1 [Base.LeatherStrips] mode:destroy | item 1 tags[base:sharpknife] mode:keep flags[IsNotDull;MayDegradeLight] | item 1 [Base.Twine] | item 1 tags[base:awl] mode:keep flags[MayDegradeLight;Prop1],item 1 Base.Necklace_Choker_Bone,recipes/recipes_tailoring_armor.txt,51
MakeBoneClub,Base,Weaponry,200,CraftWeapon1H,AnySurfaceCraft,Maintenance:1,Maintenance:10,true,Maintenance:3;SmallBlunt:1,,,,,,Base.AnimalBone;Base.LargeAnimalBone;Base.LeatherStrips,,,Base.BoneClub;Base.LargeBoneClub,ClubMapper,false,,,,,,,,multi-type: item 1 [Base.AnimalBone;Base.LargeAnimalBone] mappers[ClubMapper] flags[Prop2;InheritCondition] ; not-in-dataset: item 2 [Base.LeatherStrips] ; multi-type: item 1 mapper:ClubMapper,item 1 [Base.AnimalBone;Base.LargeAnimalBone] mappers[ClubMapper] flags[Prop2;InheritCondition] | item 2 [Base.LeatherStrips],item 1 mapper:ClubMapper,recipes/recipes_bone.txt,3
MakeBoneFishingHook,Base,Carving,400,SharpenStakeBone,InHandCraft,Carving:5,Carving:50,true,Carving:7,,,,RecipeCodeOnCreate.minorCondition,,Base.SharpBoneFragment,base:file;base:sharpknife;base:whetstone,,Base.FishingHook_Bone,,false,,,,,,,,not-in-dataset: item 1 [Base.SharpBoneFragment] flags[Prop2] ; not-in-dataset: item 1 Base.FishingHook_Bone,item 1 tags[base:whetstone;base:file] mode:keep flags[MayDegradeLight] | item 1 tags[base:sharpknife] mode:keep flags[Prop1;IsNotDull;MayDegradeLight] | item 1 [Base.SharpBoneFragment] flags[Prop2],item 1 Base.FishingHook_Bone,recipes/recipes_bone.txt,281
MakeBoneForearmArmor,Base,Tailoring,180,CraftArmourPiece,AnySurfaceCraft,Tailoring:4;Carving:5,Tailoring:30;Carving:50,true,Tailoring:6;Carving:5,,,base:makebonearmor,,,Base.LeatherStrips;Base.SmallAnimalBone;Base.Twine,base:awl;base:sharpknife,,Base.VambraceBone_Left,,false,Base.Twine,,,,,,,not-in-dataset: item 5 [Base.SmallAnimalBone] flags[Prop2] ; not-in-dataset: item 2 [Base.LeatherStrips] mode:destroy ; no-nutrition: item 1 [Base.Twine] ; not-in-dataset: item 1 Base.VambraceBone_Left,item 5 [Base.SmallAnimalBone] flags[Prop2] | item 2 [Base.LeatherStrips] mode:destroy | item 1 tags[base:sharpknife] mode:keep flags[IsNotDull;MayDegradeLight] | item 1 [Base.Twine] | item 1 tags[base:awl] mode:keep flags[MayDegradeLight;Prop1],item 1 Base.VambraceBone_Left,recipes/recipes_tailoring_armor.txt,75
MakeBoneFork,Base,Carving,300,SharpenStakeBone,InHandCraft,Carving:3,Carving:30,true,,Carving:5,,,RecipeCodeOnCreate.minorCondition,,Base.SharpBoneFragment;Base.Spoon_Bone,base:file;base:sharpknife;base:whetstone,,Base.Fork_Bone,,false,,,,,,,,multi-type: item 1 [Base.SharpBoneFragment;Base.Spoon_Bone] flags[Prop2;InheritCondition] ; not-in-dataset: item 1 Base.Fork_Bone,item 1 tags[base:whetstone;base:file] mode:keep flags[MayDegradeLight] | item 1 tags[base:sharpknife] mode:keep flags[Prop1;IsNotDull;MayDegradeLight] | item 1 [Base.SharpBoneFragment;Base.Spoon_Bone] flags[Prop2;InheritCondition],item 1 Base.Fork_Bone,recipes/recipes_bone.txt,235
MakeBoneHatchet,Base,Weaponry,200,CraftWeapon1H,AnySurfaceCraft,Maintenance:1,Maintenance:10,,,,,,,,Base.HatchetHead_Bone;Base.LeatherStrips;Base.TreeBranch2,base:meatcleaver;base:sharpknife,,Base.Hatchet_Bone,,false,,,,,,,,not-in-dataset: item 1 [Base.HatchetHead_Bone] flags[Prop1;IsHeadPart] ; not-in-dataset: item 1 [Base.TreeBranch2] flags[Prop2;InheritCondition] ; not-in-dataset: item 2 [Base.LeatherStrips] ; not-in-dataset: item 1 Base.Hatchet_Bone,item 1 tags[base:sharpknife;base:meatcleaver] mode:keep flags[IsNotDull;MayDegradeLight] | item 1 [Base.HatchetHead_Bone] flags[Prop1;IsHeadPart] | item 1 [Base.TreeBranch2] flags[Prop2;InheritCondition] | item 2 [Base.LeatherStrips],item 1 Base.Hatchet_Bone,recipes/recipes_bone.txt,30
MakeBoneHatchetHead,Base,Carving,600,HammerBoneStanding,AnySurfaceCraft,Carving:3,Carving:30,true,Carving:6;Axe:1,,,,RecipeCodeOnCreate.minorCondition,,Base.JawboneBovide;Base.LargeAnimalBone,base:crudesaw;base:file;base:meatcleaver;base:saw;base:sharpknife;base:smallsaw;base:whetstone,,Base.HatchetHead_Bone,,false,,,,,,,,multi-type: item 1 [Base.JawboneBovide;Base.LargeAnimalBone] flags[Prop2] ; not-in-dataset: item 1 Base.HatchetHead_Bone,item 1 tags[base:saw;base:smallsaw;base:crudesaw;base:sharpknife;base:meatcleaver] mode:keep flags[MayDegradeLight] | item 1 [Base.JawboneBovide;Base.LargeAnimalBone] flags[Prop2] | item 1 tags[base:whetstone;base:file] mode:keep flags[MayDegradeLight],item 1 Base.HatchetHead_Bone,recipes/recipes_bone.txt,51
MakeBoneMask,Base,Tailoring,180,CraftArmourPiece,AnySurfaceCraft,Tailoring:2;Carving:2,Tailoring:13;Carving:20,,,,,,,,Base.LeatherStrips;Base.SmallAnimalBone;Base.Twine,base:awl;base:sharpknife,,Base.Hat_BoneMask,,false,Base.Twine,,,,,,,not-in-dataset: item 6 [Base.SmallAnimalBone] flags[Prop2] ; not-in-dataset: item 1 [Base.LeatherStrips] mode:destroy ; no-nutrition: item 1 [Base.Twine] ; not-in-dataset: item 1 Base.Hat_BoneMask,item 6 [Base.SmallAnimalBone] flags[Prop2] | item 1 [Base.LeatherStrips] mode:destroy | item 1 tags[base:sharpknife] mode:keep flags[IsNotDull;MayDegradeLight] | item 1 [Base.Twine] | item 1 tags[base:awl] mode:keep flags[MayDegradeLight;Prop1],item 1 Base.Hat_BoneMask,recipes/recipes_tailoring_armor.txt,100
MakeBonePectoral,Base,Tailoring,180,CraftArmourPiece,AnySurfaceCraft,Tailoring:2;Carving:2,Tailoring:13;Carving:20,,,,,base:makebonearmor,,,Base.LeatherStrips;Base.SmallAnimalBone;Base.Twine,base:awl;base:sharpknife,,Base.Cuirass_BasicBone,,false,Base.Twine,,,,,,,not-in-dataset: item 6 [Base.SmallAnimalBone] flags[Prop2] ; not-in-dataset: item 2 [Base.LeatherStrips] mode:destroy ; no-nutrition: item 1 [Base.Twine] ; not-in-dataset: item 1 Base.Cuirass_BasicBone,item 6 [Base.SmallAnimalBone] flags[Prop2] | item 2 [Base.LeatherStrips] mode:destroy | item 1 tags[base:sharpknife] mode:keep flags[IsNotDull;MayDegradeLight] | item 1 [Base.Twine] | item 1 tags[base:awl] mode:keep flags[MayDegradeLight;Prop1],item 1 Base.Cuirass_BasicBone,recipes/recipes_tailoring_armor.txt,122
MakeBoneSewingNeedle,Base,Carving,300,SharpenStakeBone,AnySurfaceCraft,Carving:4,Carving:40,true,Carving:6,,,,RecipeCodeOnCreate.minorCondition,,Base.SharpBoneFragment,base:file;base:sharpknife;base:whetstone,,Base.Needle_Bone,,false,,,,,,,,not-in-dataset: item 1 [Base.SharpBoneFragment] flags[Prop2] ; not-in-dataset: item 1 Base.Needle_Bone,item 1 tags[base:whetstone;base:file] mode:keep flags[MayDegradeLight] | item 1 tags[base:sharpknife] mode:keep flags[Prop1;IsNotDull;MayDegradeLight] | item 1 [Base.SharpBoneFragment] flags[Prop2],item 1 Base.Needle_Bone,recipes/recipes_bone.txt,258
MakeBoneShinArmor,Base,Tailoring,180,SharpenStakeWood,AnySurfaceCraft,Tailoring:4;Carving:5,Tailoring:30;Carving:50,true,Tailoring:6;Carving:5,,,base:makebonearmor,,,Base.AnimalBone;Base.LeatherStrips;Base.Twine,base:awl;base:crudesaw;base:saw;base:sharpknife;base:smallsaw,,Base.GreaveBone_Left,,false,Base.Twine,,,,,,,not-in-dataset: item 3 [Base.AnimalBone] flags[Prop2] ; not-in-dataset: item 2 [Base.LeatherStrips] mode:destroy ; no-nutrition: item 1 [Base.Twine] ; not-in-dataset: item 1 Base.GreaveBone_Left,item 3 [Base.AnimalBone] flags[Prop2] | item 2 [Base.LeatherStrips] mode:destroy | item 1 tags[base:sharpknife] mode:keep flags[IsNotDull;MayDegradeLight;Prop1] | item 1 tags[base:saw;base:smallsaw;base:crudesaw] mode:keep flags[MayDegradeLight] | item 1 [Base.Twine] | item 1 tags[base:awl] mode:keep flags[MayDegradeLight],item 1 Base.GreaveBone_Left,recipes/recipes_tailoring_armor.txt,145
MakeBoneShoulderArmor,Base,Tailoring,180,CraftArmourPiece,AnySurfaceCraft,Tailoring:5;Carving:6,Tailoring:45;Carving:50,true,Tailoring:7;Carving:6,,,base:makebonearmor,,,Base.LeatherStrips;Base.SmallAnimalBone;Base.Twine,base:awl;base:sharpknife,,Base.Shoulderpad_Bone_L,,false,Base.Twine,,,,,,,not-in-dataset: item 5 [Base.SmallAnimalBone] flags[Prop2] ; not-in-dataset: item 2 [Base.LeatherStrips] mode:destroy ; no-nutrition: item 1 [Base.Twine] ; not-in-dataset: item 1 Base.Shoulderpad_Bone_L,item 5 [Base.SmallAnimalBone] flags[Prop2] | item 2 [Base.LeatherStrips] mode:destroy | item 1 tags[base:sharpknife] mode:keep flags[IsNotDull;MayDegradeLight] | item 1 [Base.Twine] | item 1 tags[base:awl] mode:keep flags[MayDegradeLight;Prop1],item 1 Base.Shoulderpad_Bone_L,recipes/recipes_tailoring_armor.txt,171
MakeBoneSpoon,Base,Carving,200,SharpenStakeBone,InHandCraft,Carving:2,Carving:20,false,,,,,RecipeCodeOnCreate.minorCondition,,Base.SharpBoneFragment,base:file;base:sharpknife;base:whetstone,,Base.Spoon_Bone,,false,,,,,,,,not-in-dataset: item 1 [Base.SharpBoneFragment] flags[Prop2] ; not-in-dataset: item 1 Base.Spoon_Bone,item 1 tags[base:whetstone;base:file] mode:keep flags[MayDegradeLight] | item 1 tags[base:sharpknife] mode:keep flags[Prop1;IsNotDull;MayDegradeLight] | item 1 [Base.SharpBoneFragment] flags[Prop2],item 1 Base.Spoon_Bone,recipes/recipes_bone.txt,213
MakeBoneThighArmor,Base,Tailoring,180,SharpenStakeWood,AnySurfaceCraft,Tailoring:4;Carving:6,Tailoring:30;Carving:50,true,Tailoring:6;Carving:6,,,base:makebonearmor,,,Base.AnimalBone;Base.LeatherStrips;Base.Twine,base:awl;base:crudesaw;base:saw;base:sharpknife;base:smallsaw,,Base.ThighBone_L,,false,Base.Twine,,,,,,,not-in-dataset: item 3 [Base.AnimalBone] flags[Prop2] ; not-in-dataset: item 2 [Base.LeatherStrips] mode:destroy ; no-nutrition: item 1 [Base.Twine] ; not-in-dataset: item 1 Base.ThighBone_L,item 3 [Base.AnimalBone] flags[Prop2] | item 2 [Base.LeatherStrips] mode:destroy | item 1 tags[base:sharpknife] mode:keep flags[IsNotDull;MayDegradeLight;Prop1] | item 1 tags[base:saw;base:smallsaw;base:crudesaw] mode:keep flags[MayDegradeLight] | item 1 [Base.Twine] | item 1 tags[base:awl] mode:keep flags[MayDegradeLight],item 1 Base.ThighBone_L,recipes/recipes_tailoring_armor.txt,196
MakeBowlOfBeans,Base,Cooking,80,MixingBowl,InHandCraft;Cooking,,Cooking:3,,,,,,,,Base.Bowl;Base.ClayBowl;Base.OpenBeans,,,Base.BeanBowl,,false,Base.BeanBowl;Base.Bowl;Base.ClayBowl;Base.OpenBeans,,,,,,,multi-type: item 1 [Base.Bowl;Base.ClayBowl] mode:destroy flags[ItemCount],item 1 [Base.Bowl;Base.ClayBowl] mode:destroy flags[ItemCount] | item 1 [Base.OpenBeans] flags[InheritFood;ItemCount],item 1 Base.BeanBowl,recipes/recipes_cooking.txt,192
MakeBowlOfCereal,Base,Cooking,20,MixingBowl,InHandCraft;Cooking,,Cooking:3,,,,,,,,Base.Bowl;Base.Cereal;Base.ClayBowl,,CowMilk;SheepMilk,Base.CerealBowl,,true,Base.Bowl;Base.Cereal;Base.CerealBowl;Base.ClayBowl,,,,,,,multi-type: item 1 [Base.Bowl;Base.ClayBowl] mode:destroy flags[ItemCount],item 1 [Base.Bowl;Base.ClayBowl] mode:destroy flags[ItemCount] | -fluid 0.3 [CowMilk;SheepMilk] | item 5 [Base.Cereal],item 1 Base.CerealBowl,recipes/recipes_cooking.txt,556
MakeBowlOfOatmeal,Base,Cooking,20,MixingBowl,InHandCraft;Cooking,,Cooking:3,,,,,,,,Base.Bowl;Base.ClayBowl;Base.OatsRaw,,category:Water,Base.Oatmeal,,true,Base.Bowl;Base.ClayBowl;Base.Oatmeal;Base.OatsRaw,,,,,,,multi-type: item 1 [Base.Bowl;Base.ClayBowl] mode:destroy flags[ItemCount],item 1 [Base.Bowl;Base.ClayBowl] mode:destroy flags[ItemCount] | -fluid 0.3 categories[Water] mode:mixture | item 10 [Base.OatsRaw],item 1 Base.Oatmeal,recipes/recipes_cooking.txt,537
MakeBrakeWeapon,Base,Weaponry,600,CraftWeapon2H,AnySurfaceCraft,Woodwork:5,Woodwork:50,true,,Woodwork:7;Axe:6,,,,,Base.LargeBranch;Base.LeatherStrips;Base.LongHandle;Base.NutsBolts;Base.Plank,base:brake;base:drillmetal;base:wrench,,Base.Cudgel_Brake;Base.LongHandle_Brake;Base.Plank_Brake,HandleMapper,false,,,,,,,,multi-type: item 1 [Base.LargeBranch;Base.LongHandle;Base.Plank] mappers[HandleMapper] flags[Prop2;InheritCondition] ; not-in-dataset: item 1 [Base.NutsBolts] ; tags-only: item 1 tags[base:brake] flags[IsHeadPart] ; not-in-dataset: item 2 [Base.LeatherStrips] mode:destroy ; multi-type: item 1 mapper:HandleMapper,item 1 tags[base:wrench] mode:keep flags[MayDegradeLight] | item 1 tags[base:drillmetal] mode:keep flags[MayDegrade] | item 1 [Base.LargeBranch;Base.LongHandle;Base.Plank] mappers[HandleMapper] flags[Prop2;InheritCondition] | item 1 [Base.NutsBolts] | item 1 tags[base:brake] flags[IsHeadPart] | item 2 [Base.LeatherStrips] mode:destroy,item 1 mapper:HandleMapper,recipes/recipes_improvised_weapons.txt,55
MakeBreadDough,Base,Cooking,50,MixingBowl,AnySurfaceCraft;Cooking,,Cooking:10,true,,Cooking:7,,,,,*;Base.Bowl;Base.ClayBowl;Base.RollingPin;Base.Salt;Base.SeasoningSalt;Base.Yeast,base:flour;base:mixingutensil,Water,Base.BreadDough,,true,Base.Bowl;Base.BreadDough;Base.ClayBowl;Base.Salt;Base.SeasoningSalt;Base.Yeast,,,,,,,tags-only: item 10 tags[base:flour] ; multi-type: item 2 [Base.Salt;Base.SeasoningSalt] ; no-nutrition: item 1 [Base.Yeast] ; wildcard: item 1 [*],item 1 tags[base:mixingutensil] mode:keep flags[MayDegradeVeryLight] | item 1 [Base.Bowl;Base.ClayBowl] mode:keep | item 1 [Base.RollingPin] mode:keep flags[MayDegrade] | item 10 tags[base:flour] | item 2 [Base.Salt;Base.SeasoningSalt] | item 1 [Base.Yeast] | item 1 [*] | -fluid 1.0 [Water],item 1 Base.BreadDough,recipes/recipes_baking.txt,177
MakeBrickMold,Base,Pottery,150,SawLogs,AnySurfaceCraft;Pottery,,Woodwork:5,,,,,,,,Base.Nails;Base.Plank,base:crudesaw;base:hammer;base:saw;base:smallsaw,,Base.WoodenBrickMold,,false,,,,,,,,not-in-dataset: item 1 [Base.Plank] flags[Prop2] ; not-in-dataset: item 1 [Base.Nails] ; not-in-dataset: item 1 Base.WoodenBrickMold,item 1 tags[base:saw;base:smallsaw;base:crudesaw] mode:keep flags[MayDegradeLight;Prop1] | item 1 tags[base:hammer] mode:keep flags[MayDegradeVeryLight] | item 1 [Base.Plank] flags[Prop2] | item 1 [Base.Nails],item 1 Base.WoodenBrickMold,recipes/recipes_pottery.txt,3
MakeBucketMaul,Base,Weaponry,600,CraftWeapon2H,AnySurfaceCraft,Maintenance:5,Maintenance:50,true,,Maintenance:8;Blunt:8,,,,,Base.DenimStrips;Base.LeatherStrips;Base.LongHandle;Base.MetalBar;Base.MetalPipe;Base.NutsBolts;Base.RippedSheets,base:concrete;base:drillmetal;base:metalbucket;base:wrench,,Base.BucketMace_Metal;Base.BucketMace_Wood,HandleMapper,false,,,,,,,,tags-only: item 1 tags[base:metalbucket] flags[Prop2] mode:destroy ; multi-type: item 1 [Base.LongHandle;Base.MetalBar;Base.MetalPipe] mappers[HandleMapper] flags[Prop1;InheritCondition] ; multi-type: item 2 [Base.RippedSheets;Base.DenimStrips;Base.LeatherStrips] mode:destroy ; not-in-dataset: item 1 [Base.NutsBolts] ; tags-only: item 2 tags[base:concrete] ; multi-type: item 1 mapper:HandleMapper,item 1 tags[base:wrench] mode:keep flags[MayDegradeLight] | item 1 tags[base:drillmetal] mode:keep flags[MayDegrade] | item 1 tags[base:metalbucket] flags[Prop2] mode:destroy | item 1 [Base.LongHandle;Base.MetalBar;Base.MetalPipe] mappers[HandleMapper] flags[Prop1;InheritCondition] | item 2 [Base.RippedSheets;Base.DenimStrips;Base.LeatherStrips] mode:destroy | item 1 [Base.NutsBolts] | item 2 tags[base:concrete],item 1 mapper:HandleMapper,recipes/recipes_improvised_weapons.txt,87
MakeBucketOfClayCement,Base,Masonry,150,MixingBucket,InHandCraft,,,,,,,,,,Base.Bucket;Base.BucketCarved;Base.BucketEmpty;Base.BucketWaterDebug;Base.Clay;Base.Sandbag,,category:Water,Base.BucketCarvedClayCement,bucketList,true,Base.Bucket;Base.BucketCarved;Base.BucketCarvedClayCement;Base.BucketEmpty;Base.BucketWaterDebug;Base.Sandbag,,,,,,,multi-type: item 1 [Base.Bucket;Base.BucketEmpty;Base.BucketWaterDebug;Base.BucketCarved] mode:destroy mappers[bucketList] ; not-in-dataset: item 2 [Base.Clay] ; no-nutrition: item 1 [Base.Sandbag] ; no-nutrition: item 1 mapper:bucketList,item 1 [Base.Bucket;Base.BucketEmpty;Base.BucketWaterDebug;Base.BucketCarved] mode:destroy mappers[bucketList] | -fluid 10.0 categories[Water] mode:mixture | item 2 [Base.Clay] | item 1 [Base.Sandbag],item 1 mapper:bucketList,recipes/recipes_buckets.txt,3
MakeBucketOfClayCementFromGrass,Base,Masonry,150,MixingBucket,InHandCraft,,,,,,,,,,Base.Bucket;Base.BucketCarved;Base.BucketEmpty;Base.BucketWaterDebug;Base.Clay;Base.GrassTuft;Base.HayTuft,,category:Water,Base.BucketCarvedClayCement,bucketList,true,Base.Bucket;Base.BucketCarved;Base.BucketCarvedClayCement;Base.BucketEmpty;Base.BucketWaterDebug;Base.GrassTuft;Base.HayTuft,,,,,,,multi-type: item 1 [Base.Bucket;Base.BucketEmpty;Base.BucketWaterDebug;Base.BucketCarved] mode:destroy mappers[bucketList] ; not-in-dataset: item 2 [Base.Clay] ; multi-type: item 50 [Base.GrassTuft;Base.HayTuft] flags[ItemCount] ; no-nutrition: item 1 mapper:bucketList,item 1 [Base.Bucket;Base.BucketEmpty;Base.BucketWaterDebug;Base.BucketCarved] mode:destroy mappers[bucketList] | -fluid 10.0 categories[Water] mode:mixture | item 2 [Base.Clay] | item 50 [Base.GrassTuft;Base.HayTuft] flags[ItemCount],item 1 mapper:bucketList,recipes/recipes_buckets.txt,27
MakeBucketOfConcrete,Base,Masonry,150,MixingBucket,InHandCraft,,,,,,,,,,Base.Bucket;Base.BucketCarved;Base.BucketEmpty;Base.BucketWaterDebug;Base.ConcretePowder,,category:Water,Base.BucketCarvedConcreteFull,bucketList,true,Base.Bucket;Base.BucketCarved;Base.BucketCarvedConcreteFull;Base.BucketEmpty;Base.BucketWaterDebug,,,,,,,multi-type: item 1 [Base.Bucket;Base.BucketEmpty;Base.BucketWaterDebug;Base.BucketCarved] mode:destroy mappers[bucketList] ; not-in-dataset: item 1 [Base.ConcretePowder] ; no-nutrition: item 1 mapper:bucketList,item 1 [Base.Bucket;Base.BucketEmpty;Base.BucketWaterDebug;Base.BucketCarved] mode:destroy mappers[bucketList] | -fluid 10.0 categories[Water] mode:mixture | item 1 [Base.ConcretePowder],item 1 mapper:bucketList,recipes/recipes_buckets.txt,51
MakeBucketOfPlaster,Base,Carpentry,150,MixingBucket,InHandCraft,,,,,,,,,,Base.Bucket;Base.BucketCarved;Base.BucketEmpty;Base.BucketWaterDebug;Base.PlasterPowder;Base.Quicklime,,category:Water,Base.BucketCarvedPlasterFull,bucketType,true,Base.Bucket;Base.BucketCarved;Base.BucketCarvedPlasterFull;Base.BucketEmpty;Base.BucketWaterDebug,,,,,,,multi-type: item 1 [Base.Bucket;Base.BucketEmpty;Base.BucketWaterDebug;Base.BucketCarved] mode:destroy mappers[bucketType] ; multi-type: item 1 [Base.Quicklime;Base.PlasterPowder] ; no-nutrition: item 1 mapper:bucketType,item 1 [Base.Bucket;Base.BucketEmpty;Base.BucketWaterDebug;Base.BucketCarved] mode:destroy mappers[bucketType] | -fluid 10.0 categories[Water] mode:mixture | item 1 [Base.Quicklime;Base.PlasterPowder],item 1 mapper:bucketType,recipes/recipes_buckets.txt,74
MakeBucketOfWallpaperPaste,Base,Carpentry,150,MixingBucket,InHandCraft,,,,,,,,,,Base.Bucket;Base.BucketCarved;Base.BucketEmpty;Base.BucketWaterDebug;Base.WallpaperPastePowder,,category:Water,Base.BucketCarvedWallpaperPaste,bucketType,true,Base.Bucket;Base.BucketCarved;Base.BucketCarvedWallpaperPaste;Base.BucketEmpty;Base.BucketWaterDebug,,,,,,,multi-type: item 1 [Base.Bucket;Base.BucketEmpty;Base.BucketWaterDebug;Base.BucketCarved] mode:destroy mappers[bucketType] ; not-in-dataset: item 1 [Base.WallpaperPastePowder] ; no-nutrition: item 1 mapper:bucketType,item 1 [Base.Bucket;Base.BucketEmpty;Base.BucketWaterDebug;Base.BucketCarved] mode:destroy mappers[bucketType] | -fluid 10.0 categories[Water] mode:mixture | item 1 [Base.WallpaperPastePowder],item 1 mapper:bucketType,recipes/recipes_buckets.txt,97
MakeCabbageRolls,Base,Cooking,60,Making,AnySurfaceCraft;Cooking,,,true,,Cooking:6,,,RecipeCodeOnCreate.makeSushi,,Base.Cabbage;Base.Marinara;Base.MincedMeat;Base.Onion,base:ricerecipe,,Base.CabbageRoll,,false,Base.Cabbage;Base.CabbageRoll;Base.Marinara;Base.MincedMeat;Base.Onion,,,,,,,tags-only: item 1 tags[base:ricerecipe] flags[InheritFoodAge;IsCookedFoodItem],item 1 [Base.Cabbage] flags[InheritFoodAge] | item 1 [Base.MincedMeat] flags[InheritFoodAge;IsCookedFoodItem] | item 1 tags[base:ricerecipe] flags[InheritFoodAge;IsCookedFoodItem] | item 1 [Base.Onion] flags[InheritFoodAge] | item 1 [Base.Marinara] flags[InheritFoodAge],item 4 Base.CabbageRoll,recipes/recipes_cooking.txt,486
MakeCageTrap,Base,Miscellaneous,180,Making,InHandCraft;Trapper,Trapping:3,,true,,Trapping:5,,,,,Base.Wire,base:pliers,,Base.TrapCage,,false,Base.Wire,,,,,,,no-nutrition: item 5 [Base.Wire] ; not-in-dataset: item 1 Base.TrapCage,item 5 [Base.Wire] | item 1 tags[base:pliers] mode:keep flags[MayDegradeLight],item 1 Base.TrapCage,recipes/recipes_trapping.txt,89
MakeCakeBatter,Base,Cooking,50,MixingBowl,AnySurfaceCraft;Cooking,,Cooking:10,true,,Cooking:7,,,,Tooltip_Recipe_RequireWholeEggs,*;Base.Bowl;Base.ClayBowl;Base.Yeast,base:bakingfat;base:egg;base:flour;base:mixingutensil;base:sugar,CowMilk,Base.CakeBatter,,true,Base.Bowl;Base.ClayBowl;Base.Yeast,,,,,,,multi-type: item 1 [Base.Bowl;Base.ClayBowl] flags[ItemCount] ; tags-only: item 2 tags[base:flour] ; tags-only: item 1 tags[base:bakingfat] ; tags-only: item 2 tags[base:sugar] ; tags-only: item 2 tags[base:egg] flags[IsUncookedFoodItem;InheritFoodAge;ItemCount] ; no-nutrition: item 1 [Base.Yeast] ; wildcard: item 1 [*] ; not-in-dataset: item 1 Base.CakeBatter,item 1 tags[base:mixingutensil] mode:keep flags[MayDegradeVeryLight] | item 1 [Base.Bowl;Base.ClayBowl] flags[ItemCount] | item 2 tags[base:flour] | item 1 tags[base:bakingfat] | item 2 tags[base:sugar] | item 2 tags[base:egg] flags[IsUncookedFoodItem;InheritFoodAge;ItemCount] | item 1 [Base.Yeast] | item 1 [*] | -fluid 1.0 [CowMilk],item 1 Base.CakeBatter,recipes/recipes_baking.txt,104
MakeCanPipe,Base,Miscellaneous,60,Making,InHandCraft;CanBeDoneInDark,,,,,,,,,,Base.BeerCan;Base.BeerCanEmpty;Base.Pop;Base.Pop2;Base.Pop2Empty;Base.Pop3;Base.Pop3Empty;Base.PopEmpty,base:awl;base:sewingneedle;base:sharpknife,,Base.CanPipe,,false,Base.BeerCan;Base.BeerCanEmpty;Base.Pop;Base.Pop2;Base.Pop2Empty;Base.Pop3;Base.Pop3Empty;Base.PopEmpty,,,,,,,multi-type: item 1 [Base.BeerCan;Base.BeerCanEmpty;Base.Pop;Base.Pop2;Base.Pop3;Base.PopEmpty;Base.Pop2Empty;Base.Pop3Empty] flags[IsEmpty;Prop2;ItemCount] ; not-in-dataset: item 1 Base.CanPipe,item 1 [Base.BeerCan;Base.BeerCanEmpty;Base.Pop;Base.Pop2;Base.Pop3;Base.PopEmpty;Base.Pop2Empty;Base.Pop3Empty] flags[IsEmpty;Prop2;ItemCount] | item 1 tags[base:sharpknife;base:sewingneedle;base:awl] flags[Prop1;MayDegradeLight] mode:keep,item 1 Base.CanPipe,recipes/recipes_tobacco.txt,43
MakeCeramicCrucible,Base,Pottery,120,Craft_PotteryWheel,PotteryWheel,Pottery:1,Pottery:25,,,,,,,,Base.Clay;Base.Sandbag,,,Base.CeramicCrucibleUnfired,,false,Base.Sandbag,,,,,,,not-in-dataset: item 2 [Base.Clay] ; no-nutrition: item 1 [Base.Sandbag] ; not-in-dataset: item 1 Base.CeramicCrucibleUnfired,item 2 [Base.Clay] | item 1 [Base.Sandbag],item 1 Base.CeramicCrucibleUnfired,entities/pottery/cratRecipes/craftrecipe_potterywheel.txt,3
MakeCeramicCrucibleSmall,Base,Pottery,100,Craft_PotteryWheel,PotteryWheel,Pottery:1,Pottery:25,,,,,,,,Base.Clay;Base.Sandbag,,,Base.CeramicCrucibleSmallUnfired,,false,Base.Sandbag,,,,,,,not-in-dataset: item 1 [Base.Clay] ; no-nutrition: item 1 [Base.Sandbag] ; not-in-dataset: item 1 Base.CeramicCrucibleSmallUnfired,item 1 [Base.Clay] | item 1 [Base.Sandbag],item 1 Base.CeramicCrucibleSmallUnfired,entities/pottery/cratRecipes/craftrecipe_potterywheel.txt,22
MakeCeramicMortarAndPestle,Base,Pottery,120,Craft_PotteryWheel,PotteryWheel,,Pottery:15,,,,,,,,Base.Clay;Base.Sandbag,,,Base.CeramicMortarandPestleUnfired,,false,Base.Sandbag,,,,,,,not-in-dataset: item 2 [Base.Clay] ; no-nutrition: item 1 [Base.Sandbag] ; not-in-dataset: item 1 Base.CeramicMortarandPestleUnfired,item 2 [Base.Clay] | item 1 [Base.Sandbag],item 1 Base.CeramicMortarandPestleUnfired,entities/pottery/cratRecipes/craftrecipe_potterywheel.txt,41
MakeCeramicTeacup,Base,Pottery,120,Craft_PotteryWheel,PotteryWheel,,Pottery:15,,,,,,,,Base.Clay;Base.Sandbag,,,Base.CeramicTeacupUnfired,,false,Base.Sandbag,,,,,,,not-in-dataset: item 1 [Base.Clay] ; no-nutrition: item 1 [Base.Sandbag] ; not-in-dataset: item 1 Base.CeramicTeacupUnfired,item 1 [Base.Clay] | item 1 [Base.Sandbag],item 1 Base.CeramicTeacupUnfired,entities/pottery/cratRecipes/craftrecipe_potterywheel.txt,59
MakeChampagneGlass,Base,Glassmaking,120,Craft_Glassmaking,AnySurfaceCraft;Glassmaking,Glassmaking:9,Glassmaking:90,true,,Glassmaking:10,,,,,Base.CeramicCrucibleWithGlass;Base.GlassBlowingPipe,base:pliers,,Base.GlassChampagne,,false,Base.CeramicCrucibleWithGlass;Base.GlassChampagne,,,,,,,no-nutrition: item 1 [Base.CeramicCrucibleWithGlass] ; no-nutrition: item 1 Base.GlassChampagne,item 1 tags[base:pliers] mode:keep flags[MayDegradeLight] | item 1 [Base.GlassBlowingPipe] mode:keep | item 1 [Base.CeramicCrucibleWithGlass],item 1 Base.GlassChampagne,recipes/recipes_glassmaking.txt,69
MakeChocolateChipCookieDough,Base,Cooking,50,MixingBowl,AnySurfaceCraft;Cooking,,Cooking:3,true,,Cooking:7,,,,,*;Base.BakingSoda;Base.BakingTray;Base.Bowl;Base.ChocolateChips;Base.ClayBowl,base:bakingfat;base:egg;base:flour;base:mixingutensil;base:rollingpin;base:sugar,Water,Base.CookieChocolateChipDough,,true,Base.BakingSoda;Base.Bowl;Base.ChocolateChips;Base.ClayBowl;Base.CookieChocolateChipDough,,,,,,,not-in-dataset: item 1 [Base.BakingTray] mode:destroy flags[IsEmpty] ; tags-only: item 2 tags[base:bakingfat] ; tags-only: item 5 tags[base:sugar] ; tags-only: item 2 tags[base:egg] flags[IsUncookedFoodItem;InheritFoodAge;ItemCount] ; no-nutrition: item 1 [Base.BakingSoda] ; tags-only: item 3 tags[base:flour] ; wildcard: item 1 [*],item 1 tags[base:rollingpin] mode:keep flags[MayDegrade] | item 1 tags[base:mixingutensil] mode:keep flags[MayDegradeVeryLight] | item 1 [Base.Bowl;Base.ClayBowl] mode:keep | item 1 [Base.BakingTray] mode:destroy flags[IsEmpty] | item 2 tags[base:bakingfat] | item 5 tags[base:sugar] | item 2 tags[base:egg] flags[IsUncookedFoodItem;InheritFoodAge;ItemCount] | item 1 [Base.BakingSoda] | item 6 [Base.ChocolateChips] | item 3 tags[base:flour] | item 1 [*] | -fluid 1.0 [Water],item 1 Base.CookieChocolateChipDough,recipes/recipes_baking.txt,376
MakeChocolateCookieDough,Base,Cooking,50,MixingBowl,AnySurfaceCraft;Cooking,,Cooking:3,true,,Cooking:7,,,,,*;Base.BakingSoda;Base.BakingTray;Base.Bowl;Base.ClayBowl;Base.CocoaPowder,base:bakingfat;base:egg;base:flour;base:mixingutensil;base:rollingpin;base:sugar,Water,Base.CookiesChocolateDough,,true,Base.BakingSoda;Base.Bowl;Base.ClayBowl;Base.CocoaPowder;Base.CookiesChocolateDough,,,,,,,not-in-dataset: item 1 [Base.BakingTray] mode:destroy flags[IsEmpty] ; tags-only: item 2 tags[base:bakingfat] ; tags-only: item 5 tags[base:sugar] ; tags-only: item 2 tags[base:egg] flags[IsUncookedFoodItem;InheritFoodAge;ItemCount] ; no-nutrition: item 1 [Base.BakingSoda] ; tags-only: item 3 tags[base:flour] ; wildcard: item 1 [*],item 1 tags[base:rollingpin] mode:keep flags[MayDegrade] | item 1 tags[base:mixingutensil] mode:keep flags[MayDegradeVeryLight] | item 1 [Base.Bowl;Base.ClayBowl] mode:keep | item 1 [Base.BakingTray] mode:destroy flags[IsEmpty] | item 2 tags[base:bakingfat] | item 5 tags[base:sugar] | item 2 tags[base:egg] flags[IsUncookedFoodItem;InheritFoodAge;ItemCount] | item 1 [Base.BakingSoda] | item 10 [Base.CocoaPowder] | item 3 tags[base:flour] | item 1 [*] | -fluid 1.0 [Water],item 1 Base.CookiesChocolateDough,recipes/recipes_baking.txt,320
MakeChum,Base,Fishing,120,MakeChum,InHandCraft;Fishing,,,true,,Fishing:5,,,,,Base.Sandbag,,,Base.Chum,,false,Base.Chum;Base.Sandbag,,,,,,,no-nutrition: item 1 [Base.Sandbag],item 1 [Base.Sandbag],item 1 Base.Chum,recipes/recipes_fishing.txt,85
MakeClayBowl,Base,Pottery,80,Craft_PotteryWheel,PotteryWheel,,Pottery:15,,,,,,,,*;Base.Clay,,category:Water,Base.ClayBowlUnfired,,true,,,,,,,,not-in-dataset: item 2 [Base.Clay] ; not-in-dataset: item 1 Base.ClayBowlUnfired,item 2 [Base.Clay] | item 1 [*] mode:keep flags[ItemIsFluid;HandcraftOnly] | -fluid 0.25 categories[Water] mode:mixture,item 1 Base.ClayBowlUnfired,entities/pottery/cratRecipes/craftrecipe_potterywheel.txt,77
MakeClayJar,Base,Pottery,120,Craft_PotteryWheel,PotteryWheel,Pottery:5,Pottery:40,,,,,,,,*;Base.Clay,,category:Water,Base.ClayJarUnfired,,true,,,,,,,,not-in-dataset: item 3 [Base.Clay] ; not-in-dataset: item 1 Base.ClayJarUnfired,item 3 [Base.Clay] | item 1 [*] mode:keep flags[ItemIsFluid;HandcraftOnly] | -fluid 0.25 categories[Water] mode:mixture,item 1 Base.ClayJarUnfired,entities/pottery/cratRecipes/craftrecipe_potterywheel.txt,96
MakeClayMug,Base,Pottery,100,Craft_PotteryWheel,PotteryWheel,,Pottery:15,,,,,,,,*;Base.Clay,,category:Water,Base.ClayMugUnfired,,true,,,,,,,,not-in-dataset: item 1 [Base.Clay] ; not-in-dataset: item 1 Base.ClayMugUnfired,item 1 [Base.Clay] | item 1 [*] mode:keep flags[ItemIsFluid;HandcraftOnly] | -fluid 0.25 categories[Water] mode:mixture,item 1 Base.ClayMugUnfired,entities/pottery/cratRecipes/craftrecipe_potterywheel.txt,116
MakeClayPipeSegment,Base,Pottery,120,Craft_PotteryWheel,PotteryWheel,,Pottery:15,,,,,,,,*;Base.Clay,,category:Water,Base.ClayPipeSegmentUnfired,,true,,,,,,,,not-in-dataset: item 1 [Base.Clay] ; not-in-dataset: item 1 Base.ClayPipeSegmentUnfired,item 1 [Base.Clay] | item 1 [*] mode:keep flags[ItemIsFluid;HandcraftOnly] | -fluid 0.25 categories[Water] mode:mixture,item 1 Base.ClayPipeSegmentUnfired,entities/pottery/cratRecipes/craftrecipe_potterywheel.txt,135
MakeClayPlate,Base,Pottery,100,Craft_PotteryWheel,PotteryWheel,,Pottery:15,,,,,,,,*;Base.Clay,,category:Water,Base.ClayPlateUnfired,,true,,,,,,,,not-in-dataset: item 1 [Base.Clay] ; not-in-dataset: item 1 Base.ClayPlateUnfired,item 1 [Base.Clay] | item 1 [*] mode:keep flags[ItemIsFluid;HandcraftOnly] | -fluid 0.25 categories[Water] mode:mixture,item 1 Base.ClayPlateUnfired,entities/pottery/cratRecipes/craftrecipe_potterywheel.txt,154
MakeClayPot,Base,Pottery,120,Craft_PotteryWheel,PotteryWheel,,Pottery:15,,,,,,,,*;Base.Clay,,category:Water,Base.ClayPotUnfired,,true,,,,,,,,not-in-dataset: item 5 [Base.Clay] ; not-in-dataset: item 1 Base.ClayPotUnfired,item 5 [Base.Clay] | item 1 [*] mode:keep flags[ItemIsFluid;HandcraftOnly] | -fluid 0.25 categories[Water] mode:mixture,item 1 Base.ClayPotUnfired,entities/pottery/cratRecipes/craftrecipe_potterywheel.txt,173
MakeCoffeeMug,Base,Cooking,40,MakeCoffee,CoffeeMachine,,,,,,,,RecipeCodeOnCreate.makeCoffee,,Base.Coffee2,base:coffeemaker,category:Water,Base.HotDrink;Base.HotDrinkClay;Base.HotDrinkCopper;Base.HotDrinkGold;Base.HotDrinkMetal;Base.HotDrinkSilver;Base.HotDrinkSpiffo;Base.HotDrinkTumbler;Base.HotDrinkWhite,mugShot,true,Base.Coffee2;Base.HotDrink;Base.HotDrinkClay;Base.HotDrinkCopper;Base.HotDrinkGold;Base.HotDrinkMetal;Base.HotDrinkSilver;Base.HotDrinkSpiffo;Base.HotDrinkTumbler;Base.HotDrinkWhite,,,,,,,tags-only: item 1 tags[base:coffeemaker] mode:destroy flags[InheritColor;InheritModelVariation] mappers[mugShot] ; multi-type: item 1 mapper:mugShot,item 5 [Base.Coffee2] | item 1 tags[base:coffeemaker] mode:destroy flags[InheritColor;InheritModelVariation] mappers[mugShot] | -fluid 0.2 categories[Water] mode:mixture,item 1 mapper:mugShot,entities/appliances/workstations/entity_coffeemachine_craftRecipe.txt,3
MakeCoffeeTeacup,Base,Cooking,20,MakeCoffee,CoffeeMachine,,,,,,,,RecipeCodeOnCreate.makeCoffee,,Base.CeramicTeacup;Base.Coffee2;Base.Teacup,,category:Water,Base.HotDrinkTeaCeramic,mugShot,true,Base.CeramicTeacup;Base.Coffee2;Base.HotDrinkTeaCeramic;Base.Teacup,,,,,,,multi-type: item 1 [Base.Teacup;Base.CeramicTeacup] mode:destroy flags[InheritColor] mappers[mugShot],item 5 [Base.Coffee2] | item 1 [Base.Teacup;Base.CeramicTeacup] mode:destroy flags[InheritColor] mappers[mugShot] | -fluid 0.1 categories[Water] mode:mixture,item 1 mapper:mugShot,entities/appliances/workstations/entity_coffeemachine_craftRecipe.txt,35
MakeCoke,Base,,20,Making_With_Kiln,DomeKiln,,,,,,,,,,Base.Charcoal;Base.CharcoalCrafted,,,Base.Coke,,false,,,,,,,,multi-type: item 8 [Base.CharcoalCrafted;Base.Charcoal] ; not-in-dataset: item 4 Base.Coke,item 8 [Base.CharcoalCrafted;Base.Charcoal],item 4 Base.Coke,entities/blacksmith/workstations/entity_dome_kiln_craftRecipe.txt,3
MakeComfreyPoultice,Base,Medical,60,MixingMortarPestle,AnySurfaceCraft;Health,,,true,,Doctor:5;PlantScavenging:5,,,,,,base:comfrey;base:mortarpestle,,Base.ComfreyCataplasm,,false,,,,,,,,tags-only: item 5 tags[base:comfrey] ; not-in-dataset: item 1 Base.ComfreyCataplasm,item 1 tags[base:mortarpestle] mode:keep | item 5 tags[base:comfrey],item 1 Base.ComfreyCataplasm,recipes/recipes_medical.txt,22
MakeCraftedGasMaskFilter,Base,Miscellaneous,80,Making,InHandCraft;Engineer,,,true,,,,,,,Base.RippedSheets;Base.Sponge,base:charcoal;base:emptycan;base:glue;base:lightmetalsnips;base:metalsaw;base:mortarpestle;base:pliers;base:sheetmetalsnips;base:smallsaw;base:tape,,Base.GasmaskFilterCrafted,,false,Base.GasmaskFilterCrafted,,,,,,,tags-only: item 1 tags[base:emptycan] flags[IsEmpty;ItemCount] ; not-in-dataset: item 1 [Base.Sponge] ; tags-only: item 1 tags[base:charcoal] ; not-in-dataset: item 1 [Base.RippedSheets] mode:destroy ; tags-only: item 1 tags[base:glue] ; tags-only: item 1 tags[base:tape] ; no-nutrition: item 1 Base.GasmaskFilterCrafted,item 1 tags[base:metalsaw;base:sheetmetalsnips;base:smallsaw;base:lightmetalsnips] mode:keep flags[MayDegradeLight] | item 1 tags[base:pliers] mode:keep flags[MayDegradeLight] | item 1 tags[base:mortarpestle] mode:keep | item 1 tags[base:emptycan] flags[IsEmpty;ItemCount] | item 1 [Base.Sponge] | item 1 tags[base:charcoal] | item 1 [Base.RippedSheets] mode:destroy | item 1 tags[base:glue] | item 1 tags[base:tape],item 1 Base.GasmaskFilterCrafted,recipes/recipes_gasmasks.txt,96
MakeCrudeKnife,Base,Assembly,300,CraftWeapon1H,InHandCraft,Maintenance:1,Maintenance:5,,,,,,,,Base.CrudeBlade;Base.LongCrudeBlade;Base.SmallHandle;Base.StoneBlade;Base.StoneBladeLong,base:simpleweaponbinding,,Base.CrudeKnife;Base.FlintKnife;Base.LongCrudeKnife;Base.StoneKnifeLong,BladeMapper,false,,,,,,,,multi-type: item 1 [Base.StoneBlade;Base.StoneBladeLong;Base.CrudeBlade;Base.LongCrudeBlade] mappers[BladeMapper] flags[InheritCondition;InheritSharpness] ; not-in-dataset: item 1 [Base.SmallHandle] ; tags-only: item 1 tags[base:simpleweaponbinding] flags[DontReplace] ; multi-type: item 1 mapper:BladeMapper,item 1 [Base.StoneBlade;Base.StoneBladeLong;Base.CrudeBlade;Base.LongCrudeBlade] mappers[BladeMapper] flags[InheritCondition;InheritSharpness] | item 1 [Base.SmallHandle] | item 1 tags[base:simpleweaponbinding] flags[DontReplace],item 1 mapper:BladeMapper,recipes/recipes_assembly.txt,184
MakeCrudeStoneAxe,Base,Assembly,230,CraftWeapon2H,AnySurfaceCraft,Maintenance:1,Maintenance:5,false,,,,,,,Base.SharpedStone;Base.TreeBranch2,base:simpleweaponbinding,,Base.AxeStone,,false,,,,,,,,not-in-dataset: item 1 [Base.TreeBranch2] flags[InheritCondition] ; not-in-dataset: item 1 [Base.SharpedStone] flags[Prop2;IsHeadPart] ; tags-only: item 2 tags[base:simpleweaponbinding] flags[DontReplace] ; not-in-dataset: item 1 Base.AxeStone,item 1 [Base.TreeBranch2] flags[InheritCondition] | item 1 [Base.SharpedStone] flags[Prop2;IsHeadPart] | item 2 tags[base:simpleweaponbinding] flags[DontReplace],item 1 Base.AxeStone,recipes/recipes_knapping.txt,43
MakeCrudeWhetstone,Base,Repair,230,Making,AnySurfaceCraft,Maintenance:1,Maintenance:5,true,,Maintenance:2,,,,,Base.Stone2,,,Base.CrudeWhetstone,,false,,,,,,,,not-in-dataset: item 2 [Base.Stone2] flags[Prop2;Prop1] ; not-in-dataset: item 1 Base.CrudeWhetstone,item 2 [Base.Stone2] flags[Prop2;Prop1],item 1 Base.CrudeWhetstone,recipes/recipes_fixing.txt,206
MakeCrudeWoodenTongs,Base,Carving,150,Making,InHandCraft,,Carving:5,,,,,,,,Base.DenimStrips;Base.LeatherStrips;Base.LongHandle;Base.Plank;Base.RippedSheets;Base.Rope;Base.TreeBranch2;Base.Twine;Base.WoodenStick2,base:meatcleaver;base:sharpknife,,Base.CrudeWoodenTongs,,false,Base.Twine,,,,,,,multi-type: item 1 [Base.Plank;Base.TreeBranch2;Base.WoodenStick2;Base.LongHandle] flags[Prop2] ; multi-type: item 1 [Base.Twine;Base.RippedSheets;Base.DenimStrips;Base.LeatherStrips;Base.Rope] flags[DontReplace] ; not-in-dataset: item 1 Base.CrudeWoodenTongs,item 1 tags[base:sharpknife;base:meatcleaver] mode:keep flags[Prop1;IsNotDull;MayDegradeLight] | item 1 [Base.Plank;Base.TreeBranch2;Base.WoodenStick2;Base.LongHandle] flags[Prop2] | item 1 [Base.Twine;Base.RippedSheets;Base.DenimStrips;Base.LeatherStrips;Base.Rope] flags[DontReplace],item 1 Base.CrudeWoodenTongs,recipes/recipes_carving.txt,40
MakeDrinkingGlass,Base,Glassmaking,120,Craft_Glassmaking,AnySurfaceCraft;Glassmaking,Glassmaking:2,Glassmaking:45,true,,Glassmaking:4,,,,,Base.CeramicCrucibleWithGlass;Base.GlassBlowingPipe,base:pliers,,Base.DrinkingGlass,,false,Base.CeramicCrucibleWithGlass;Base.DrinkingGlass,,,,,,,no-nutrition: item 1 [Base.CeramicCrucibleWithGlass] ; no-nutrition: item 1 Base.DrinkingGlass,item 1 tags[base:pliers] mode:keep flags[MayDegradeLight] | item 1 [Base.GlassBlowingPipe] mode:keep | item 1 [Base.CeramicCrucibleWithGlass],item 1 Base.DrinkingGlass,recipes/recipes_glassmaking.txt,47
MakeDuctTapeHolster,Base,Tailoring,100,Making,InHandCraft,Tailoring:1,Tailoring:9,,,,,,,,Base.DuctTape;Base.Pistol;Base.Pistol2;Base.Pistol3;Base.Revolver;Base.Revolver_Long;Base.Revolver_Short,,,Base.Holster_DuctTape,,false,Base.DuctTape,,,,,,,no-nutrition: item 3 [Base.DuctTape] flags[Prop1] ; not-in-dataset: item 1 Base.Holster_DuctTape,item 3 [Base.DuctTape] flags[Prop1] | item 1 [Base.Pistol;Base.Pistol2;Base.Pistol3;Base.Revolver_Short;Base.Revolver;Base.Revolver_Long] mode:keep flags[Prop2],item 1 Base.Holster_DuctTape,recipes/recipes_tailoring_garbageTapeAndTarp.txt,109
MakeDullBoneKnife,Base,Carving,200,SharpenStakeBone,InHandCraft,Carving:1,Carving:10,false,,,,,RecipeCodeOnCreate.minorCondition,,Base.SharpBoneFragment,base:file;base:sharpknife;base:whetstone,,Base.DullBoneKnife,,false,,,,,,,,not-in-dataset: item 1 [Base.SharpBoneFragment] flags[Prop2] ; not-in-dataset: item 1 Base.DullBoneKnife,item 1 tags[base:whetstone;base:file] mode:keep flags[MayDegradeLight] | item 1 tags[base:sharpknife] mode:keep flags[Prop1;IsNotDull;MayDegradeLight] | item 1 [Base.SharpBoneFragment] flags[Prop2],item 1 Base.DullBoneKnife,recipes/recipes_bone.txt,191
MakeFirecracker,Base,Miscellaneous,100,Making,AnySurfaceCraft,,,true,,,,,,,Base.Brochure;Base.Doodle;Base.DoodleKids;Base.Flier;Base.GenericMail;Base.Glue;Base.GraphPaper;Base.GunPowder;Base.LetterHandwritten;Base.Paperwork;Base.SheetPaper2;Base.Twine,base:scissors,,Base.Firecracker_Crafted,,false,Base.Glue;Base.GunPowder;Base.Twine,,,,,,,no-nutrition: item 1 [Base.Glue] ; no-nutrition: item 1 [Base.GunPowder] ; multi-type: item 1 [Base.SheetPaper2;Base.GraphPaper;Base.Brochure;Base.Flier;Base.Paperwork;Base.LetterHandwritten;Base.Doodle;Base.DoodleKids;Base.GenericMail] ; no-nutrition: item 1 [Base.Twine] ; not-in-dataset: item 1 Base.Firecracker_Crafted,item 1 tags[base:scissors] mode:keep flags[IsNotDull] | item 1 [Base.Glue] | item 1 [Base.GunPowder] | item 1 [Base.SheetPaper2;Base.GraphPaper;Base.Brochure;Base.Flier;Base.Paperwork;Base.LetterHandwritten;Base.Doodle;Base.DoodleKids;Base.GenericMail] | item 1 [Base.Twine],item 1 Base.Firecracker_Crafted,recipes/recipes_traps.txt,399
MakeFirewoodBundle,Base,Carpentry,60,Making,InHandCraft;CanBeDoneFromFloor,,,,,,,,RecipeCodeOnCreate.createLogStack,,Base.Firewood,base:rope,,Base.FirewoodBundle,,false,,,,,,,,not-in-dataset: item 6 [Base.Firewood] flags[Prop2] ; tags-only: item 1 tags[base:rope] ; not-in-dataset: item 1 Base.FirewoodBundle,item 6 [Base.Firewood] flags[Prop2] | item 1 tags[base:rope],item 1 Base.FirewoodBundle,recipes/recipes_carpentry.txt,240
MakeFishingNet,Base,Fishing,150,Making,InHandCraft;Fishing,,,true,,Fishing:6,,,,,Base.Twine;Base.Wire,,,Base.FishingNet,,false,Base.Twine;Base.Wire,,,,,,,no-nutrition: item 10 [Base.Twine] ; no-nutrition: item 5 [Base.Wire] ; not-in-dataset: item 1 Base.FishingNet,item 10 [Base.Twine] | item 5 [Base.Wire],item 1 Base.FishingNet,recipes/recipes_fishing.txt,47
MakeFishingRod,Base,Fishing,80,SharpenStakeWood,InHandCraft;Fishing,,Carving:5,true,,Fishing:4;Carving:4,,,RecipeCodeOnCreate.fixFishingRope,,Base.FishingHook;Base.FishingHook_Bone;Base.FishingHook_Forged;Base.Nails;Base.Paperclip;Base.WoodenStick2,base:fishingline;base:meatcleaver;base:sharpknife,,Base.CraftedFishingRod,,false,,,,,,,,not-in-dataset: item 1 [Base.WoodenStick2] ; tags-only: item 2 tags[base:fishingline] ; multi-type: item 1 [Base.Paperclip;Base.Nails;Base.FishingHook;Base.FishingHook_Forged;Base.FishingHook_Bone] ; not-in-dataset: item 1 Base.CraftedFishingRod,item 1 tags[base:sharpknife;base:meatcleaver] mode:keep flags[MayDegradeLight;IsNotDull] | item 1 [Base.WoodenStick2] | item 2 tags[base:fishingline] | item 1 [Base.Paperclip;Base.Nails;Base.FishingHook;Base.FishingHook_Forged;Base.FishingHook_Bone],item 1 Base.CraftedFishingRod,recipes/recipes_fishing.txt,3
MakeFlameBomb,Base,Electrical,80,MakingElectrical,InHandCraft;Engineer,,,true,,,,,,,Base.HairDyeCommon;Base.HairDyeRare;Base.HairDyeUncommon;Base.IndustrialDye;Base.JuiceCranberry;Base.JuiceFruitpunch;Base.JuiceGrape;Base.JuiceLemon;Base.JuiceOrange;Base.JuiceTomato;Base.PopBottle;Base.PopBottleRare;Base.RippedSheets;Base.RippedSheetsDirty;Base.Sportsbottle;Base.WaterBottle,,Petrol,Base.FlameTrap,,true,Base.HairDyeCommon;Base.HairDyeRare;Base.HairDyeUncommon;Base.IndustrialDye;Base.JuiceCranberry;Base.JuiceFruitpunch;Base.JuiceGrape;Base.JuiceLemon;Base.JuiceOrange;Base.JuiceTomato;Base.PopBottle;Base.PopBottleRare;Base.Sportsbottle;Base.WaterBottle,,,,,,,multi-type: item 1 [Base.RippedSheets;Base.RippedSheetsDirty] mode:destroy ; multi-type: item 1 [Base.WaterBottle;Base.Sportsbottle;Base.HairDyeCommon;Base.HairDyeUncommon;Base.HairDyeRare;Base.IndustrialDye;Base.JuiceLemon;Base.JuiceCranberry;Base.JuiceOrange;Base.JuiceTomato;Base.JuiceFruitpunch;Base.JuiceGrape;Base.PopBottle;Base.PopBottleRare] mode:destroy ; not-in-dataset: item 1 Base.FlameTrap,item 1 [Base.RippedSheets;Base.RippedSheetsDirty] mode:destroy | item 1 [Base.WaterBottle;Base.Sportsbottle;Base.HairDyeCommon;Base.HairDyeUncommon;Base.HairDyeRare;Base.IndustrialDye;Base.JuiceLemon;Base.JuiceCranberry;Base.JuiceOrange;Base.JuiceTomato;Base.JuiceFruitpunch;Base.JuiceGrape;Base.PopBottle;Base.PopBottleRare] mode:destroy | -fluid 1.0 [Petrol],item 1 Base.FlameTrap,recipes/recipes_traps.txt,298
MakeFliesCureFromChewingTobacco,Base,Farming,40,Making,InHandCraft;Farming,,,true,,Farming:6,,base:makefliescure,,,*;Base.GardeningSprayEmpty;Base.TobaccoChewing,,Water,Base.GardeningSprayCigarettes,,true,Base.GardeningSprayCigarettes;Base.TobaccoChewing,,,,,,,not-in-dataset: item 1 [Base.GardeningSprayEmpty] ; wildcard: item 1 [*] ; no-nutrition: item 1 Base.GardeningSprayCigarettes,item 1 [Base.GardeningSprayEmpty] | item 1 [*] | -fluid 1.0 [Water] | item 5.0 [Base.TobaccoChewing],item 1 Base.GardeningSprayCigarettes,recipes/recipes_farming.txt,89
MakeFliesCureFromCigarettes,Base,Farming,40,Making,InHandCraft;Farming,,,true,,Farming:6,,base:makefliescure,,,*;Base.CigaretteSingle;Base.GardeningSprayEmpty,,Water,Base.GardeningSprayCigarettes,,true,Base.CigaretteSingle;Base.GardeningSprayCigarettes,,,,,,,not-in-dataset: item 1 [Base.GardeningSprayEmpty] ; wildcard: item 1 [*] ; no-nutrition: item 1 Base.GardeningSprayCigarettes,item 1 [Base.GardeningSprayEmpty] | item 1 [*] | -fluid 1.0 [Water] | item 5 [Base.CigaretteSingle] flags[ItemCount],item 1 Base.GardeningSprayCigarettes,recipes/recipes_farming.txt,45
MakeFliesCureFromLooseTobacco,Base,Farming,40,Making,InHandCraft;Farming,,,true,,Farming:6,,base:makefliescure,,,*;Base.GardeningSprayEmpty,base:tobacco,Water,Base.GardeningSprayCigarettes,,true,Base.GardeningSprayCigarettes,,,,,,,not-in-dataset: item 1 [Base.GardeningSprayEmpty] ; wildcard: item 1 [*] ; tags-only: item 8 tags[base:tobacco] ; no-nutrition: item 1 Base.GardeningSprayCigarettes,item 1 [Base.GardeningSprayEmpty] | item 1 [*] | -fluid 1.0 [Water] | item 8 tags[base:tobacco],item 1 Base.GardeningSprayCigarettes,recipes/recipes_farming.txt,67
MakeForearmBulletproofVestArmor,Base,Tailoring,300,CraftArmourPiece,AnySurfaceCraft,Tailoring:5,Tailoring:45,true,Tailoring:7,,,base:makebulletprooflimbarmor,,,Base.DuctTape;Base.Vest_BulletArmy;Base.Vest_BulletCivilian;Base.Vest_BulletPolice;Base.Vest_BulletSWAT,base:awl;base:heavythread;base:scissors;base:sewingneedle,,Base.Vambrace_BodyArmour_Left_Army;Base.Vambrace_BodyArmour_Left_Civ;Base.Vambrace_BodyArmour_Left_Police;Base.Vambrace_BodyArmour_Left_SWAT;Base.Vambrace_BodyArmour_Right_Army;Base.Vambrace_BodyArmour_Right_Civ;Base.Vambrace_BodyArmour_Right_Police;Base.Vambrace_BodyArmour_Right_SWAT,VestMapper1;VestMapper2,false,Base.DuctTape,,,,,,,multi-type: item 1 [Base.Vest_BulletArmy;Base.Vest_BulletCivilian;Base.Vest_BulletPolice;Base.Vest_BulletSWAT] mappers[VestMapper1;VestMapper2] flags[Prop2] ; no-nutrition: item 2 [Base.DuctTape] ; tags-only: item 5 tags[base:heavythread] ; multi-type: item 1 mapper:VestMapper1 ; multi-type: item 1 mapper:VestMapper2,item 1 [Base.Vest_BulletArmy;Base.Vest_BulletCivilian;Base.Vest_BulletPolice;Base.Vest_BulletSWAT] mappers[VestMapper1;VestMapper2] flags[Prop2] | item 2 [Base.DuctTape] | item 1 tags[base:sewingneedle] mode:keep flags[MayDegradeLight] | item 1 tags[base:scissors] mode:keep flags[IsNotDull;MayDegradeLight] | item 5 tags[base:heavythread] | item 1 tags[base:awl] mode:keep flags[MayDegradeLight],item 1 mapper:VestMapper1 | item 1 mapper:VestMapper2,recipes/recipes_tailoring_armor.txt,222
MakeForearmMagazineArmor,Base,Tailoring,100,CraftArmourPiece,InHandCraft;CanAlwaysBeResearched,,,,,,,base:makemagazinearmor,,Tooltip_Recipe_RuinsItem,Base.DuctTape,base:magazine,,Base.VambraceMagazine_Left,,false,Base.DuctTape,,,,,,,tags-only: item 1 tags[base:magazine] flags[Prop2] ; no-nutrition: item 2 [Base.DuctTape] flags[Prop1] ; not-in-dataset: item 1 Base.VambraceMagazine_Left,item 1 tags[base:magazine] flags[Prop2] | item 2 [Base.DuctTape] flags[Prop1],item 1 Base.VambraceMagazine_Left,recipes/recipes_tailoring_armor.txt,372
MakeFourLogStack,Base,Carpentry,60,Making,InHandCraft;CanBeDoneFromFloor,,,,,,,,RecipeCodeOnCreate.createLogStack,,Base.Log,base:rope,,Base.LogStacks4,,false,,,,,,,,not-in-dataset: item 4 [Base.Log] ; tags-only: item 2 tags[base:rope] ; not-in-dataset: item 1 Base.LogStacks4,item 4 [Base.Log] | item 2 tags[base:rope],item 1 Base.LogStacks4,recipes/recipes_carpentry.txt,171
MakeFriedOnionRings,Base,Cooking,80,MixingBowl,AnySurfaceCraft;Cooking,,Cooking:3,true,,Cooking:6,,,,,Base.BakingSoda;Base.Bowl;Base.ClayBowl;Base.Onion,base:flour;base:meatcleaver;base:mixingutensil;base:sharpknife,,Base.FriedOnionRingsCraft,,false,Base.BakingSoda;Base.Bowl;Base.ClayBowl;Base.FriedOnionRingsCraft;Base.Onion,,,,,,,no-nutrition: item 2 [Base.BakingSoda] ; tags-only: item 1 tags[base:flour],item 1 tags[base:sharpknife;base:meatcleaver] mode:keep flags[IsNotDull;SharpnessCheck] | item 1 tags[base:mixingutensil] mode:keep flags[MayDegradeVeryLight] | item 1 [Base.Bowl;Base.ClayBowl] mode:keep flags[IsEmpty] | item 1 [Base.Onion] flags[InheritFoodAge;ItemCount] | item 2 [Base.BakingSoda] | item 1 tags[base:flour],item 2 Base.FriedOnionRingsCraft,recipes/recipes_cooking.txt,772
MakeFriedShrimp,Base,Cooking,10,MixingBowl,AnySurfaceCraft;Cooking,,Cooking:3,true,,Cooking:6,,,,,Base.BakingSoda;Base.Shrimp,base:flour,,Base.ShrimpFriedCraft,,false,Base.BakingSoda;Base.Shrimp;Base.ShrimpFriedCraft,,,,,,,no-nutrition: item 1 [Base.BakingSoda] ; tags-only: item 3 tags[base:flour],item 1 [Base.BakingSoda] | item 3 tags[base:flour] | item 1 [Base.Shrimp] flags[InheritFoodAge;ItemCount],item 1 Base.ShrimpFriedCraft,recipes/recipes_cooking.txt,751
MakeGarbageBagApron,Base,Tailoring,200,SewingCloth,AnySurfaceCraft,,Tailoring:6,,,,,,,,Base.DuctTape,base:garbagebag;base:scissors;base:sharpknife,,Base.Apron_Garbage,,false,Base.DuctTape,,,,,,,tags-only: item 1 tags[base:garbagebag] flags[Prop2;IsEmpty] ; no-nutrition: item 3 [Base.DuctTape] ; not-in-dataset: item 1 Base.Apron_Garbage,item 1 tags[base:garbagebag] flags[Prop2;IsEmpty] | item 3 [Base.DuctTape] | item 1 tags[base:sharpknife;base:scissors] mode:keep flags[SharpnessCheck;IsNotDull],item 1 Base.Apron_Garbage,recipes/recipes_tailoring_garbageTapeAndTarp.txt,168
MakeGarbageBagBandeau,Base,Tailoring,100,SewingCloth,AnySurfaceCraft,,Tailoring:6,,,,,,,,Base.DuctTape,base:garbagebag,,Base.Bandeau_Garbage,,false,Base.DuctTape,,,,,,,tags-only: item 1 tags[base:garbagebag] flags[Prop2;IsEmpty] ; no-nutrition: item 1 [Base.DuctTape] ; not-in-dataset: item 1 Base.Bandeau_Garbage,item 1 tags[base:garbagebag] flags[Prop2;IsEmpty] | item 1 [Base.DuctTape],item 1 Base.Bandeau_Garbage,recipes/recipes_tailoring_garbageTapeAndTarp.txt,373
MakeGarbageBagBriefs,Base,Tailoring,100,SewingCloth,AnySurfaceCraft,,Tailoring:6,,,,,,,,Base.DuctTape,base:garbagebag,,Base.Briefs_Garbage,,false,Base.DuctTape,,,,,,,tags-only: item 1 tags[base:garbagebag] flags[Prop2;IsEmpty] ; no-nutrition: item 1 [Base.DuctTape] ; not-in-dataset: item 1 Base.Briefs_Garbage,item 1 tags[base:garbagebag] flags[Prop2;IsEmpty] | item 1 [Base.DuctTape],item 1 Base.Briefs_Garbage,recipes/recipes_tailoring_garbageTapeAndTarp.txt,391
MakeGarbageBagDress,Base,Tailoring,100,SewingCloth,AnySurfaceCraft,,Tailoring:6,,,,,,,,Base.DuctTape,base:garbagebag;base:scissors;base:sharpknife,,Base.Dress_SmallGarbageStrapless,,false,Base.DuctTape,,,,,,,tags-only: item 1 tags[base:garbagebag] flags[Prop2;IsEmpty] ; no-nutrition: item 3 [Base.DuctTape] ; not-in-dataset: item 1 Base.Dress_SmallGarbageStrapless,item 1 tags[base:garbagebag] flags[Prop2;IsEmpty] | item 3 [Base.DuctTape] | item 1 tags[base:sharpknife;base:scissors] mode:keep flags[SharpnessCheck;IsNotDull],item 1 Base.Dress_SmallGarbageStrapless,recipes/recipes_tailoring_garbageTapeAndTarp.txt,282
MakeGarbageBagHeadSack,Base,Tailoring,100,SewingCloth,AnySurfaceCraft,,Tailoring:6,,,,,,,,Base.DuctTape,base:garbagebag,,Base.Hat_HeadSack_Garbage,,false,Base.DuctTape,,,,,,,tags-only: item 1 tags[base:garbagebag] flags[Prop2;IsEmpty] ; no-nutrition: item 1 [Base.DuctTape] ; not-in-dataset: item 1 Base.Hat_HeadSack_Garbage,item 1 tags[base:garbagebag] flags[Prop2;IsEmpty] | item 1 [Base.DuctTape],item 1 Base.Hat_HeadSack_Garbage,recipes/recipes_tailoring_garbageTapeAndTarp.txt,245
MakeGarbageBagKneeSkirt,Base,Tailoring,100,SewingCloth,AnySurfaceCraft,,Tailoring:6,,,,,,,,Base.DuctTape,base:garbagebag,,Base.Skirt_Knees_Garbage,,false,Base.DuctTape,,,,,,,tags-only: item 1 tags[base:garbagebag] flags[Prop2;IsEmpty] ; no-nutrition: item 2 [Base.DuctTape] ; not-in-dataset: item 1 Base.Skirt_Knees_Garbage,item 1 tags[base:garbagebag] flags[Prop2;IsEmpty] | item 2 [Base.DuctTape],item 1 Base.Skirt_Knees_Garbage,recipes/recipes_tailoring_garbageTapeAndTarp.txt,319
MakeGarbageBagLongSkirt,Base,Tailoring,100,SewingCloth,AnySurfaceCraft,,Tailoring:6,,,,,,,,Base.DuctTape,base:garbagebag,,Base.Skirt_Long_Garbage,,false,Base.DuctTape,,,,,,,tags-only: item 2 tags[base:garbagebag] flags[Prop2;IsEmpty] ; no-nutrition: item 3 [Base.DuctTape] ; not-in-dataset: item 1 Base.Skirt_Long_Garbage,item 2 tags[base:garbagebag] flags[Prop2;IsEmpty] | item 3 [Base.DuctTape],item 1 Base.Skirt_Long_Garbage,recipes/recipes_tailoring_garbageTapeAndTarp.txt,337
MakeGarbageBagPoncho,Base,Tailoring,200,SewingCloth,AnySurfaceCraft,Tailoring:1,Tailoring:9,,,,,,,,Base.DuctTape,base:garbagebag;base:scissors;base:sharpknife,,Base.PonchoGarbageBag,,false,Base.DuctTape,,,,,,,tags-only: item 2 tags[base:garbagebag] flags[Prop2;IsEmpty] ; no-nutrition: item 3 [Base.DuctTape] ; not-in-dataset: item 1 Base.PonchoGarbageBag,item 2 tags[base:garbagebag] flags[Prop2;IsEmpty] | item 3 [Base.DuctTape] | item 1 tags[base:sharpknife;base:scissors] mode:keep flags[SharpnessCheck;IsNotDull],item 1 Base.PonchoGarbageBag,recipes/recipes_tailoring_garbageTapeAndTarp.txt,128
MakeGarbageBagShortSkirt,Base,Tailoring,100,SewingCloth,AnySurfaceCraft,,Tailoring:6,,,,,,,,Base.DuctTape,base:garbagebag,,Base.Skirt_Short_Garbage,,false,Base.DuctTape,,,,,,,tags-only: item 1 tags[base:garbagebag] flags[Prop2;IsEmpty] ; no-nutrition: item 1 [Base.DuctTape] ; not-in-dataset: item 1 Base.Skirt_Short_Garbage,item 1 tags[base:garbagebag] flags[Prop2;IsEmpty] | item 1 [Base.DuctTape],item 1 Base.Skirt_Short_Garbage,recipes/recipes_tailoring_garbageTapeAndTarp.txt,355
MakeGarbageBagSkirt,Base,Tailoring,100,SewingCloth,AnySurfaceCraft,,Tailoring:6,,,,,,,,Base.DuctTape,base:garbagebag,,Base.Skirt_Normal_Garbage,,false,Base.DuctTape,,,,,,,tags-only: item 2 tags[base:garbagebag] flags[Prop2;IsEmpty] ; no-nutrition: item 2 [Base.DuctTape] ; not-in-dataset: item 1 Base.Skirt_Normal_Garbage,item 2 tags[base:garbagebag] flags[Prop2;IsEmpty] | item 2 [Base.DuctTape],item 1 Base.Skirt_Normal_Garbage,recipes/recipes_tailoring_garbageTapeAndTarp.txt,301
MakeGarbageBagTankTop,Base,Tailoring,100,SewingCloth,AnySurfaceCraft,,Tailoring:6,,,,,,,,Base.DuctTape,base:garbagebag;base:scissors;base:sharpknife,,Base.Vest_Garbage,,false,Base.DuctTape,,,,,,,tags-only: item 1 tags[base:garbagebag] flags[Prop2;IsEmpty] ; no-nutrition: item 2 [Base.DuctTape] ; not-in-dataset: item 1 Base.Vest_Garbage,item 1 tags[base:garbagebag] flags[Prop2;IsEmpty] | item 2 [Base.DuctTape] | item 1 tags[base:sharpknife;base:scissors] mode:keep flags[SharpnessCheck;IsNotDull],item 1 Base.Vest_Garbage,recipes/recipes_tailoring_garbageTapeAndTarp.txt,206
MakeGardenForkHeadWeapon,Base,Weaponry,600,CraftWeapon2H,AnySurfaceCraft,Woodwork:6,Woodwork:60,true,,Woodwork:8;Axe:8,,,,,Base.BaseballBat;Base.BaseballBat_Crafted;Base.GardenForkHead;Base.GardenForkHead_Forged;Base.LargeBranch;Base.LeatherStrips;Base.NutsBolts,base:carpentrychisel;base:drillmetal;base:mallet;base:saw;base:wrench,,Base.BaseballBat_GardenForkHead;Base.Cudgel_GardenForkHead,GardenForkHeadMapper,false,,,,,,,,multi-type: item 1 [Base.BaseballBat;Base.BaseballBat_Crafted;Base.LargeBranch] mappers[GardenForkHeadMapper] flags[Prop2;InheritCondition] ; not-in-dataset: item 1 [Base.NutsBolts] ; multi-type: item 1 [Base.GardenForkHead;Base.GardenForkHead_Forged] flags[IsHeadPart] ; not-in-dataset: item 2 [Base.LeatherStrips] mode:destroy ; multi-type: item 1 mapper:GardenForkHeadMapper,item 1 tags[base:wrench] mode:keep flags[MayDegradeLight] | item 1 tags[base:saw] mode:keep flags[MayDegradeLight] | item 1 tags[base:carpentrychisel] mode:keep flags[MayDegradeLight] | item 1 tags[base:drillmetal] mode:keep flags[MayDegrade] | item 1 tags[base:mallet] mode:keep flags[MayDegradeLight] | item 1 [Base.BaseballBat;Base.BaseballBat_Crafted;Base.LargeBranch] mappers[GardenForkHeadMapper] flags[Prop2;InheritCondition] | item 1 [Base.NutsBolts] | item 1 [Base.GardenForkHead;Base.GardenForkHead_Forged] flags[IsHeadPart] | item 2 [Base.LeatherStrips] mode:destroy,item 1 mapper:GardenForkHeadMapper,recipes/recipes_improvised_weapons.txt,208
MakeGlassBlowingPipe,Base,Pottery,100,Craft_PotteryWheel,PotteryBench,Pottery:2,Pottery:35,,,,,,,,*;Base.Clay,,category:Water,Base.GlassBlowingPipeUnfired,,true,,,,,,,,not-in-dataset: item 2 [Base.Clay] ; not-in-dataset: item 1 Base.GlassBlowingPipeUnfired,item 2 [Base.Clay] | item 1 [*] mode:keep flags[ItemIsFluid] | -fluid 0.25 categories[Water] mode:mixture,item 1 Base.GlassBlowingPipeUnfired,entities/pottery/cratRecipes/craftrecipe_potterywheel.txt,192
MakeGlassBottle,Base,Glassmaking,120,Craft_Glassmaking,AnySurfaceCraft;Glassmaking,Glassmaking:3,Glassmaking:60,true,,Glassmaking:5,,,,,Base.CeramicCrucibleWithGlass;Base.GlassBlowingPipe,base:pliers,,Base.BottleCrafted,,false,Base.BottleCrafted;Base.CeramicCrucibleWithGlass,,,,,,,no-nutrition: item 1 [Base.CeramicCrucibleWithGlass] ; no-nutrition: item 1 Base.BottleCrafted,item 1 tags[base:pliers] mode:keep flags[MayDegradeLight] | item 1 [Base.GlassBlowingPipe] mode:keep | item 1 [Base.CeramicCrucibleWithGlass],item 1 Base.BottleCrafted,recipes/recipes_glassmaking.txt,25
MakeGlassJar,Base,Glassmaking,100,Craft_Glassmaking,AnySurfaceCraft;Glassmaking,Glassmaking:5,Glassmaking:75,true,,Glassmaking:6,,,,,Base.CeramicCrucibleWithGlass;Base.GlassBlowingPipe,base:pliers,,Base.JarCrafted,,false,Base.CeramicCrucibleWithGlass;Base.JarCrafted,,,,,,,no-nutrition: item 1 [Base.CeramicCrucibleWithGlass] ; no-nutrition: item 1 Base.JarCrafted,item 1 tags[base:pliers] mode:keep flags[MayDegradeLight] | item 1 [Base.GlassBlowingPipe] mode:keep | item 1 [Base.CeramicCrucibleWithGlass],item 1 Base.JarCrafted,recipes/recipes_glassmaking.txt,3
MakeGlassPanel,Base,Glassmaking,120,,AnySurfaceCraft;Glassmaking,,Glassmaking:25,true,,,,,,,Base.CeramicCrucibleWithGlass;Base.ClaySheetMold,,,Base.GlassPanel,,false,Base.CeramicCrucibleWithGlass,,,,,,,no-nutrition: item 1 [Base.CeramicCrucibleWithGlass] ; not-in-dataset: item 1 Base.GlassPanel,item 1 [Base.ClaySheetMold] mode:keep | item 1 [Base.CeramicCrucibleWithGlass],item 1 Base.GlassPanel,recipes/recipes_glassmaking.txt,135
MakeGlassShiv,Base,Weaponry,100,CraftWeapon1H,InHandCraft,Maintenance:1,Maintenance:10,true,,Maintenance:3;SmallBlade:3,,,,,,base:brokenglass;base:simpleweaponbinding;base:tape,,Base.GlassShiv,,false,,,,,,,,tags-only: item 1 tags[base:brokenglass] flags[Prop2] ; tags-only: item 1 tags[base:simpleweaponbinding;base:tape] flags[DontReplace] ; not-in-dataset: item 1 Base.GlassShiv,item 1 tags[base:brokenglass] flags[Prop2] | item 1 tags[base:simpleweaponbinding;base:tape] flags[DontReplace],item 1 Base.GlassShiv,recipes/recipes_improvised_weapons.txt,746
MakeGravy,Base,Cooking,20,MixingBowl,InHandCraft;Cooking,,Cooking:3,,,,,,,,*;Base.Bowl;Base.ClayBowl;Base.GravyMix,base:mixingutensil,category:Water,Base.Gravy,,true,Base.Bowl;Base.ClayBowl;Base.Gravy;Base.GravyMix,,,,,,,no-nutrition: item 1 [Base.GravyMix] ; wildcard: item 1 [*],item 1 tags[base:mixingutensil] mode:keep flags[MayDegradeVeryLight] | item 1 [Base.Bowl;Base.ClayBowl] mode:keep flags[IsEmpty] | item 1 [Base.GravyMix] | item 1 [*] | -fluid 1.0 categories[Water] mode:mixture,item 1 Base.Gravy,recipes/recipes_cooking.txt,730
MakeGuacamole,Base,Cooking,80,MixingBowl,AnySurfaceCraft;Cooking,,Cooking:10,true,,Cooking:6,,,,,Base.Avocado;Base.Bowl;Base.ClayBowl;Base.Onion;Base.PepperJalapeno;Base.Salt;Base.SeasoningSalt;Base.Tomato,base:fork;base:meatcleaver;base:mixingutensil;base:sharpknife;base:spoon,,Base.Guacamole,,false,Base.Avocado;Base.Bowl;Base.ClayBowl;Base.Guacamole;Base.Onion;Base.PepperJalapeno;Base.Salt;Base.SeasoningSalt;Base.Tomato,,,,,,,multi-type: item 1 [Base.Salt;Base.SeasoningSalt],item 1 [Base.Bowl;Base.ClayBowl] mode:keep flags[IsEmpty] | item 1 tags[base:sharpknife;base:meatcleaver] mode:keep flags[SharpnessCheck] | item 1 tags[base:fork;base:mixingutensil;base:spoon] mode:keep flags[MayDegradeVeryLight] | item 1 [Base.Avocado] flags[InheritFoodAge;ItemCount] | item 1 [Base.Onion] flags[InheritFoodAge;ItemCount] | item 1 [Base.Tomato] flags[InheritFoodAge;ItemCount] | item 1 [Base.PepperJalapeno] flags[InheritFoodAge] | item 1 [Base.Salt;Base.SeasoningSalt],item 5 Base.Guacamole,recipes/recipes_cooking.txt,796
MakeHalloweenPumpkin,Base,Cooking,60,MixingBowl,AnySurfaceCraft;Cooking,,Cooking:3,,,,,,,Tooltip_Recipe_NeedsUncooked,Base.Pumpkin,base:dullknife;base:sharpknife,,Base.HalloweenPumpkin,,false,Base.HalloweenPumpkin;Base.Pumpkin,0.0,0.0,0.0,0.0,0.0,0.0,,item 1 tags[base:sharpknife;base:dullknife] mode:keep flags[SharpnessCheck] | item 1 [Base.Pumpkin] flags[IsUncookedFoodItem;InheritFood;ItemCount],item 1 Base.HalloweenPumpkin,recipes/recipes_cooking.txt,985
MakeHollowBook,Base,,250,Making,InHandCraft,,,true,,Maintenance:10,,,,,Base.Brush;Base.Glue;Base.Scalpel;Base.StraightRazor,base:fancybook;base:hollowbook,,Base.HollowFancyBook,BookMapper,false,Base.Glue,,,,,,,tags-only: item 1 tags[base:hollowbook;base:fancybook] mappers[BookMapper] flags[Prop2;InheritName] ; no-nutrition: item 5 [Base.Glue] ; not-in-dataset: item 1 mapper:BookMapper,item 1 [Base.StraightRazor;Base.Scalpel] mode:keep flags[MayDegradeLight;Prop1] | item 1 [Base.Brush] mode:keep | item 1 tags[base:hollowbook;base:fancybook] mappers[BookMapper] flags[Prop2;InheritName] | item 5 [Base.Glue],item 1 mapper:BookMapper,recipes/recipes.txt,344
MakeHotDog,Base,Cooking,15,Making,InHandCraft;Cooking,,,,,,,,,,Base.BunsHotdog_single;Base.Hotdog_single,,,Base.Hotdog,,false,Base.BunsHotdog_single;Base.Hotdog;Base.Hotdog_single,-142.0,-32.25,7.78,-5.15,0.0,0.0,,item 1 [Base.BunsHotdog_single] flags[InheritFoodAge;ItemCount] | item 1 [Base.Hotdog_single] flags[InheritFoodAge;ItemCount],item 1 Base.Hotdog,recipes/recipes_cooking.txt,575
MakeImprovisedFlashlight,Base,Electrical,100,MakingElectrical,AnySurfaceCraft,Electricity:1,Electricity:10,true,,Electricity:3,,,,,Base.ElectricWire;Base.ElectronicsScrap;Base.LightBulb;Base.Screws,base:lightmetalsnips;base:pliers;base:screwdriver;base:smallsaw;base:smallsheetmetal;base:tincan,,Base.Flashlight_Crafted,,false,Base.Flashlight_Crafted,,,,,,,not-in-dataset: item 1 [Base.ElectronicsScrap] ; not-in-dataset: item 1 [Base.LightBulb] ; not-in-dataset: item 1 [Base.ElectricWire] ; tags-only: item 1 tags[base:tincan;base:smallsheetmetal] mode:destroy flags[ItemCount] ; not-in-dataset: item 1 [Base.Screws] ; no-nutrition: item 1 Base.Flashlight_Crafted flags[HasNoUses],item 1 tags[base:screwdriver] mode:keep flags[Prop1] | item 1 tags[base:pliers] mode:keep flags[MayDegradeVeryLight] | item 1 tags[base:smallsaw;base:lightmetalsnips] mode:keep flags[MayDegradeVeryLight] | item 1 [Base.ElectronicsScrap] | item 1 [Base.LightBulb] | item 1 [Base.ElectricWire] | item 1 tags[base:tincan;base:smallsheetmetal] mode:destroy flags[ItemCount] | item 1 [Base.Screws],item 1 Base.Flashlight_Crafted flags[HasNoUses],recipes/recipes_electrical.txt,101
MakeImprovisedGasMask,Base,Miscellaneous,80,Making,InHandCraft;Engineer,,Tailoring:5,true,,,,,RecipeCodeOnCreate.assignRagFilterLife,,Base.DuctTape;Base.PopBottle;Base.PopBottleRare;Base.RippedSheets;Base.WaterBottle,base:scissors;base:sharpknife,,Base.Hat_ImprovisedGasMask,,false,Base.DuctTape;Base.PopBottle;Base.PopBottleRare;Base.WaterBottle,,,,,,,no-nutrition: item 2 [Base.DuctTape] ; not-in-dataset: item 1 [Base.RippedSheets] mode:destroy ; multi-type: item 1 [Base.PopBottle;Base.PopBottleRare;Base.WaterBottle] flags[IsEmpty;ItemCount] ; not-in-dataset: item 1 Base.Hat_ImprovisedGasMask,item 1 tags[base:scissors;base:sharpknife] mode:keep flags[IsNotDull;SharpnessCheck] | item 2 [Base.DuctTape] | item 1 [Base.RippedSheets] mode:destroy | item 1 [Base.PopBottle;Base.PopBottleRare;Base.WaterBottle] flags[IsEmpty;ItemCount],item 1 Base.Hat_ImprovisedGasMask,recipes/recipes_gasmasks.txt,152
MakeImprovisedLantern,Base,Electrical,100,MakingElectrical,AnySurfaceCraft,Electricity:1,Electricity:10,true,,Electricity:3,,,,,Base.ElectricWire;Base.ElectronicsScrap;Base.LightBulb;Base.Screws;Base.Wire,base:lightmetalsnips;base:pliers;base:screwdriver;base:smallsaw;base:smallsheetmetal;base:tincan,,Base.Lantern_CraftedElectric,,false,Base.Lantern_CraftedElectric;Base.Wire,,,,,,,not-in-dataset: item 1 [Base.ElectronicsScrap] ; not-in-dataset: item 1 [Base.LightBulb] ; not-in-dataset: item 1 [Base.ElectricWire] ; tags-only: item 1 tags[base:tincan;base:smallsheetmetal] mode:destroy flags[ItemCount] ; not-in-dataset: item 1 [Base.Screws] ; no-nutrition: item 1 [Base.Wire] ; no-nutrition: item 1 Base.Lantern_CraftedElectric flags[HasNoUses],item 1 tags[base:screwdriver] mode:keep flags[Prop1] | item 1 tags[base:pliers] mode:keep flags[MayDegradeVeryLight] | item 1 tags[base:smallsaw;base:lightmetalsnips] mode:keep flags[MayDegradeVeryLight] | item 1 [Base.ElectronicsScrap] | item 1 [Base.LightBulb] | item 1 [Base.ElectricWire] | item 1 tags[base:tincan;base:smallsheetmetal] mode:destroy flags[ItemCount] | item 1 [Base.Screws] | item 1 [Base.Wire],item 1 Base.Lantern_CraftedElectric flags[HasNoUses],recipes/recipes_electrical.txt,128
MakeImprovisedLighter,Base,Electrical,100,Making,AnySurfaceCraft,,Electricity:5,true,,Electricity:5,,,,,Base.Battery;Base.DuctTape;Base.ElectricWire;Base.Scotchtape,,,Base.Lighter_Battery,,false,Base.Battery;Base.DuctTape;Base.Lighter_Battery,,,,,,,not-in-dataset: item 1 [Base.ElectricWire] ; no-nutrition: item 1 [Base.Battery] mode:destroy flags[NotEmpty;InheritUses;ItemCount] ; multi-type: item 1 [Base.Scotchtape;Base.DuctTape] ; no-nutrition: item 1 Base.Lighter_Battery,item 1 [Base.ElectricWire] | item 1 [Base.Battery] mode:destroy flags[NotEmpty;InheritUses;ItemCount] | item 1 [Base.Scotchtape;Base.DuctTape],item 1 Base.Lighter_Battery,recipes/recipes_electrical.txt,156
MakeJar,Base,Cooking,100,MixingBowl,InHandCraft;Cooking,,Cooking:10,true,,Cooking:8,,,RecipeCodeOnCreate.makeJar,,*;Base.BellPepper;Base.Broccoli;Base.Cabbage;Base.Carrots;Base.Eggplant;Base.FishRoe;Base.JarLid;Base.Leek;Base.Potato;Base.RedRadish;Base.Salt;Base.SeasoningSalt;Base.Tomato,base:dullknife;base:jar;base:meatcleaver;base:sharpknife;base:vinegar,Water,Base.CannedBellPepper;Base.CannedBroccoli;Base.CannedCabbage;Base.CannedCarrots;Base.CannedEggplant;Base.CannedLeek;Base.CannedPotato;Base.CannedRedRadish;Base.CannedRoe;Base.CannedTomato,veggieType,true,Base.BellPepper;Base.Broccoli;Base.Cabbage;Base.CannedBellPepper;Base.CannedBroccoli;Base.CannedCabbage;Base.CannedCarrots;Base.CannedEggplant;Base.CannedLeek;Base.CannedPotato;Base.CannedRedRadish;Base.CannedRoe;Base.CannedTomato;Base.Carrots;Base.Eggplant;Base.FishRoe;Base.Leek;Base.Potato;Base.RedRadish;Base.Salt;Base.SeasoningSalt;Base.Tomato,,,,,,,tags-only: item 1 tags[base:jar] mode:destroy flags[ItemCount] ; not-in-dataset: item 1 [Base.JarLid] ; multi-type: item 6 [Base.BellPepper;5:Base.Broccoli;2:Base.Cabbage;5:Base.Carrots;3:Base.Eggplant;4:Base.Leek;3:Base.Potato;15:Base.RedRadish;4:Base.Tomato;1:Base.FishRoe] mappers[veggieType] flags[InheritFood;ItemCount] mode:destroy ; tags-only: item 2.0 tags[base:vinegar] ; multi-type: item 1.0 [Base.Salt;Base.SeasoningSalt] ; wildcard: item 1 [*] ; multi-type: item 1 mapper:veggieType,item 1 tags[base:dullknife;base:sharpknife;base:meatcleaver] mode:keep flags[MayDegradeLight] | item 1 tags[base:jar] mode:destroy flags[ItemCount] | item 1 [Base.JarLid] | item 6 [Base.BellPepper;5:Base.Broccoli;2:Base.Cabbage;5:Base.Carrots;3:Base.Eggplant;4:Base.Leek;3:Base.Potato;15:Base.RedRadish;4:Base.Tomato;1:Base.FishRoe] mappers[veggieType] flags[InheritFood;ItemCount] mode:destroy | item 2.0 tags[base:vinegar] | item 1.0 [Base.Salt;Base.SeasoningSalt] | item 1 [*] | -fluid 0.5 [Water],item 1 mapper:veggieType,recipes/recipes_jarring.txt,33
MakeJawboneAxe,Base,Weaponry,200,CraftWeapon2H,AnySurfaceCraft,Maintenance:3,Maintenance:30,true,Maintenance:6;Axe:1,,,,,,Base.JawboneBovide;Base.LeatherStrips;Base.TreeBranch2,base:meatcleaver;base:sharpknife,,Base.JawboneBovide_Axe,,false,,,,,,,,not-in-dataset: item 1 [Base.JawboneBovide] flags[Prop1;IsHeadPart] ; not-in-dataset: item 1 [Base.TreeBranch2] flags[Prop2;InheritCondition] ; not-in-dataset: item 2 [Base.LeatherStrips] ; not-in-dataset: item 1 Base.JawboneBovide_Axe,item 1 tags[base:sharpknife;base:meatcleaver] mode:keep flags[IsNotDull;MayDegradeLight] | item 1 [Base.JawboneBovide] flags[Prop1;IsHeadPart] | item 1 [Base.TreeBranch2] flags[Prop2;InheritCondition] | item 2 [Base.LeatherStrips],item 1 Base.JawboneBovide_Axe,recipes/recipes_bone.txt,74
MakeJawboneClub,Base,Weaponry,200,CraftWeapon1H,AnySurfaceCraft,Maintenance:2,Maintenance:20,true,Maintenance:5;SmallBlunt:1,,,,,,Base.Handle;Base.JawboneBovide;Base.LeatherStrips,,,Base.JawboneBovide_Club,,false,,,,,,,,not-in-dataset: item 1 [Base.JawboneBovide] flags[Prop2;IsHeadPart] ; not-in-dataset: item 1 [Base.Handle] flags[Prop1;InheritCondition] ; not-in-dataset: item 2 [Base.LeatherStrips] ; not-in-dataset: item 1 Base.JawboneBovide_Club,item 1 [Base.JawboneBovide] flags[Prop2;IsHeadPart] | item 1 [Base.Handle] flags[Prop1;InheritCondition] | item 2 [Base.LeatherStrips],item 1 Base.JawboneBovide_Club,recipes/recipes_bone.txt,97
MakeJawboneMorningstar,Base,Weaponry,1300,HammerMetalStanding,Forge,Blacksmith:7,Blacksmith:50,true,Blacksmith:8,,,,,,Base.IronBandSmall;Base.JawboneBovide;Base.LongHandle,base:charcoal;base:metalpiece;base:metalworkingpunch;base:smithinghammer;base:tongs,,Base.JawboneBovide_Morningstar,,false,,,,,,,,tags-only: item 12 tags[base:charcoal] ; not-in-dataset: item 3 [Base.IronBandSmall] ; tags-only: item 15 tags[base:metalpiece] ; not-in-dataset: item 1 [Base.LongHandle] flags[InheritCondition] ; not-in-dataset: item 1 [Base.JawboneBovide] flags[InheritCondition;IsHeadPart] ; not-in-dataset: item 1 Base.JawboneBovide_Morningstar,item 12 tags[base:charcoal] | item 3 [Base.IronBandSmall] | item 15 tags[base:metalpiece] | item 1 tags[base:smithinghammer] mode:keep flags[Prop1;MayDegradeLight] | item 1 tags[base:tongs] mode:keep flags[Prop2;MayDegradeLight] | item 1 tags[base:metalworkingpunch] mode:keep flags[MayDegradeLight] | item 1 [Base.LongHandle] flags[InheritCondition] | item 1 [Base.JawboneBovide] flags[InheritCondition;IsHeadPart],item 1 Base.JawboneBovide_Morningstar,entities/blacksmith/craftRecipes/recipes_blacksmith_heads.txt,261
MakeKettleMaul,Base,Weaponry,600,CraftWeapon2H,AnySurfaceCraft,Maintenance:4,Maintenance:40,true,,Maintenance:7;Blunt:7,,,,,Base.DenimStrips;Base.Kettle;Base.LeatherStrips;Base.LongHandle;Base.MetalBar;Base.MetalPipe;Base.NutsBolts;Base.RippedSheets,base:concrete;base:drillmetal;base:rope;base:wrench,,Base.KettleMace_Metal;Base.KettleMace_Wood,HandleMapper,false,Base.Kettle,,,,,,,no-nutrition: item 1 [Base.Kettle] flags[Prop2] mode:destroy ; multi-type: item 1 [Base.LongHandle;Base.MetalBar;Base.MetalPipe] mappers[HandleMapper] flags[Prop1;InheritCondition] ; multi-type: item 2 [Base.RippedSheets;Base.DenimStrips;Base.LeatherStrips] mode:destroy ; not-in-dataset: item 1 [Base.NutsBolts] ; tags-only: item 2 tags[base:concrete] ; tags-only: item 1 tags[base:rope] ; multi-type: item 1 mapper:HandleMapper,item 1 tags[base:wrench] mode:keep flags[MayDegradeLight] | item 1 tags[base:drillmetal] mode:keep flags[MayDegradeLight] | item 1 [Base.Kettle] flags[Prop2] mode:destroy | item 1 [Base.LongHandle;Base.MetalBar;Base.MetalPipe] mappers[HandleMapper] flags[Prop1;InheritCondition] | item 2 [Base.RippedSheets;Base.DenimStrips;Base.LeatherStrips] mode:destroy | item 1 [Base.NutsBolts] | item 2 tags[base:concrete] | item 1 tags[base:rope],item 1 mapper:HandleMapper,recipes/recipes_improvised_weapons.txt,243
MakeKnifeFromMacheteBlade,Base,Weaponry,300,CraftWeapon1H,InHandCraft,Maintenance:2,Maintenance:30,false,,,,,,,Base.MacheteBlade_NoTang,base:file;base:metalsaw;base:simpleweaponbinding;base:smallsaw;base:whetstone,,Base.MacheteKnife,,false,,,,,,,,multi-type: item 1 [Base.MacheteBlade_NoTang;Base.MacheteBlade_NoTang] flags[InheritCondition;InheritSharpness;Prop2] ; tags-only: item 1 tags[base:simpleweaponbinding] flags[DontReplace] ; not-in-dataset: item 1 Base.MacheteKnife,item 1 [Base.MacheteBlade_NoTang;Base.MacheteBlade_NoTang] flags[InheritCondition;InheritSharpness;Prop2] | item 1 tags[base:simpleweaponbinding] flags[DontReplace] | item 1 tags[base:whetstone;base:file;base:metalsaw;base:smallsaw] mode:keep flags[MayDegrade;Prop1],item 1 Base.MacheteKnife,recipes/recipes_improvised_weapons.txt,834
MakeLanternGlass,Base,Glassmaking,120,Craft_Glassmaking,AnySurfaceCraft;Glassmaking,Glassmaking:7,Glassmaking:90,true,,Glassmaking:8,,,,,Base.CeramicCrucibleWithGlass;Base.GlassBlowingPipe,base:pliers,,Base.LanternGlass,,false,Base.CeramicCrucibleWithGlass,,,,,,,no-nutrition: item 1 [Base.CeramicCrucibleWithGlass] ; not-in-dataset: item 1 Base.LanternGlass,item 1 tags[base:pliers] mode:keep flags[MayDegradeLight] | item 1 [Base.GlassBlowingPipe] mode:keep | item 1 [Base.CeramicCrucibleWithGlass],item 1 Base.LanternGlass,recipes/recipes_glassmaking.txt,113
MakeLargeBellows,Base,Carpentry,150,Making,AnySurfaceCraft;Carpentry,Woodwork:1,Woodwork:15,,,,,,,,Base.Handle;Base.Nails;Base.Plank,base:crudesaw;base:hammer;base:leathercrudetannedmedium;base:saw;base:smallsaw,,Base.LargeBellows,,false,,,,,,,,not-in-dataset: item 2 [Base.Plank] flags[Prop2] ; not-in-dataset: item 2 [Base.Nails] ; not-in-dataset: item 2 [Base.Handle] ; tags-only: item 1 tags[base:leathercrudetannedmedium] ; not-in-dataset: item 1 Base.LargeBellows,item 1 tags[base:hammer] mode:keep flags[MayDegradeVeryLight] | item 1 tags[base:saw;base:smallsaw;base:crudesaw] mode:keep flags[MayDegradeLight;Prop1] | item 2 [Base.Plank] flags[Prop2] | item 2 [Base.Nails] | item 2 [Base.Handle] | item 1 tags[base:leathercrudetannedmedium],item 1 Base.LargeBellows,recipes/recipes_carpentry.txt,469
MakeLargeBoneBead,Base,Carving,200,Making,AnySurfaceCraft,Carving:1,Carving:10,true,,Carving:3,,base:makebonearmor,,,Base.SharpBone_Long;Base.SmallAnimalBone,base:drillmetal;base:drillwood;base:drillwoodpoor;base:meatcleaver;base:sharpknife,,Base.BoneBead_Large,,false,,,,,,,,multi-type: item 1 [Base.SmallAnimalBone;Base.SharpBone_Long] flags[AllowDestroyedItem] ; not-in-dataset: item 1 Base.BoneBead_Large,item 1 tags[base:drillwood;base:drillmetal;base:drillwoodpoor] mode:keep flags[MayDegradeLight] | item 1 tags[base:sharpknife;base:meatcleaver] mode:keep flags[MayDegradeLight;IsNotDull] | item 1 [Base.SmallAnimalBone;Base.SharpBone_Long] flags[AllowDestroyedItem],item 1 Base.BoneBead_Large,recipes/recipes_bone.txt,671
MakeLargeBoneBeads,Base,Carving,300,Making,AnySurfaceCraft,Carving:1,Carving:40,true,,Carving:3,,base:makebonearmor,,,Base.AnimalBone;Base.JawboneBovide;Base.LargeAnimalBone,base:drillmetal;base:drillwood;base:drillwoodpoor;base:file;base:meatcleaver;base:sharpknife;base:whetstone,,Base.BoneBead_Large,,false,,,,,,,,multi-type: item 1 [Base.AnimalBone;Base.LargeAnimalBone;Base.JawboneBovide] flags[AllowDestroyedItem] ; not-in-dataset: item 4 Base.BoneBead_Large,item 1 tags[base:sharpknife;base:meatcleaver] mode:keep flags[MayDegradeLight;IsNotDull] | item 1 tags[base:whetstone;base:file] mode:keep flags[MayDegradeLight] | item 1 [Base.AnimalBone;Base.LargeAnimalBone;Base.JawboneBovide] flags[AllowDestroyedItem] | item 1 tags[base:drillwood;base:drillmetal;base:drillwoodpoor] mode:keep flags[MayDegradeLight],item 4 Base.BoneBead_Large,recipes/recipes_bone.txt,694
MakeLargeStoneAxe,Base,Assembly,230,CraftWeapon2H,AnySurfaceCraft,Maintenance:1,Maintenance:5,false,,,,,,,Base.LongHandle;Base.StoneAxeHead,base:sharpknife;base:simpleweaponbinding,,Base.StoneAxeLarge,,false,,,,,,,,not-in-dataset: item 1 [Base.LongHandle] flags[Prop2;InheritCondition] ; not-in-dataset: item 1 [Base.StoneAxeHead] flags[Prop1;IsHeadPart] ; tags-only: item 3 tags[base:simpleweaponbinding] flags[DontReplace] ; not-in-dataset: item 1 Base.StoneAxeLarge,item 1 [Base.LongHandle] flags[Prop2;InheritCondition] | item 1 [Base.StoneAxeHead] flags[Prop1;IsHeadPart] | item 3 tags[base:simpleweaponbinding] flags[DontReplace] | item 1 tags[base:sharpknife] mode:keep flags[IsNotDull;MayDegradeLight],item 1 Base.StoneAxeLarge,recipes/recipes_knapping.txt,86
MakeLargeStoneAxeHead,Base,Knapping,230,HammerStoneStanding,AnySurfaceCraft;CanBeDoneFromFloor,FlintKnapping:4,FlintKnapping:50,true,,FlintKnapping:7,,,RecipeCodeOnCreate.minorCondition,,Base.FlatStone,base:hammerstone;base:knappingtool;base:mallet,,Base.StoneAxeHead,,false,,,,,,,,not-in-dataset: item 1 [Base.FlatStone] flags[Prop2] ; not-in-dataset: item 1 Base.StoneAxeHead,item 1 [Base.FlatStone] flags[Prop2] | item 1 tags[base:hammerstone;base:mallet;base:knappingtool] mode:keep flags[Prop1;MayDegradeLight],item 1 Base.StoneAxeHead,recipes/recipes_knapping.txt,243
MakeLargeStoneAxeHead2,Base,Masonry,300,HammerStoneStanding,AnySurfaceCraft;CanBeDoneFromFloor,Masonry:6,Masonry:60,false,,,,,RecipeCodeOnCreate.minorCondition,,Base.FlatStone,base:clubhammer;base:masonschisel,,Base.StoneAxeHead,,false,,,,,,,,not-in-dataset: item 1 [Base.FlatStone] flags[Prop2] ; not-in-dataset: item 1 Base.StoneAxeHead,item 1 [Base.FlatStone] flags[Prop2] | item 1 tags[base:clubhammer] mode:keep flags[MayDegradeLight;Prop1] | item 1 tags[base:masonschisel] mode:keep flags[MayDegradeLight],item 1 Base.StoneAxeHead,entities/blacksmith/craftRecipes/recipes_stonemasonry_i.txt,100
MakeLongAnimalSkullNecklace,Base,Tailoring,100,Making,AnySurfaceCraft,Tailoring:1,Tailoring:9,,,,,,,,Base.Rabbit_KittenSkull;Base.Rabbit_Skull;Base.Thread_Sinew;Base.Twine,,,Base.NecklaceLong_SkullMammal,,false,Base.Thread_Sinew;Base.Twine,,,,,,,multi-type: item 1 [Base.Rabbit_KittenSkull;Base.Rabbit_Skull] flags[Prop2] ; multi-type: item 1 [Base.Twine;Base.Thread_Sinew] flags[Prop1] ; not-in-dataset: item 1 Base.NecklaceLong_SkullMammal,item 1 [Base.Rabbit_KittenSkull;Base.Rabbit_Skull] flags[Prop2] | item 1 [Base.Twine;Base.Thread_Sinew] flags[Prop1],item 1 Base.NecklaceLong_SkullMammal,recipes/recipes_bone.txt,537
MakeLongAnimalSkullsNecklace,Base,Tailoring,150,Making,AnySurfaceCraft,Tailoring:1,Tailoring:9,,,,,,,,Base.Rabbit_KittenSkull;Base.Rabbit_Skull;Base.Thread_Sinew;Base.Twine,,,Base.NecklaceLong_SkullMammal_Multi,,false,Base.Thread_Sinew;Base.Twine,,,,,,,multi-type: item 3 [Base.Rabbit_KittenSkull;Base.Rabbit_Skull] flags[Prop2] ; multi-type: item 1 [Base.Twine;Base.Thread_Sinew] flags[Prop1] ; not-in-dataset: item 1 Base.NecklaceLong_SkullMammal_Multi,item 3 [Base.Rabbit_KittenSkull;Base.Rabbit_Skull] flags[Prop2] | item 1 [Base.Twine;Base.Thread_Sinew] flags[Prop1],item 1 Base.NecklaceLong_SkullMammal_Multi,recipes/recipes_bone.txt,556
MakeLongBirdSkullNecklace,Base,Tailoring,100,Making,AnySurfaceCraft,Tailoring:1,Tailoring:9,,,,,,,,Base.Thread_Sinew;Base.Twine,base:birdskull,,Base.NecklaceLong_SkullSmall,,false,Base.Thread_Sinew;Base.Twine,,,,,,,tags-only: item 1 tags[base:birdskull] flags[Prop2] ; multi-type: item 1 [Base.Twine;Base.Thread_Sinew] flags[Prop1] ; not-in-dataset: item 1 Base.NecklaceLong_SkullSmall,item 1 tags[base:birdskull] flags[Prop2] | item 1 [Base.Twine;Base.Thread_Sinew] flags[Prop1],item 1 Base.NecklaceLong_SkullSmall,recipes/recipes_bone.txt,633
MakeLongBirdSkullsNecklace,Base,Tailoring,150,Making,AnySurfaceCraft,Tailoring:1,Tailoring:9,,,,,,,,Base.Thread_Sinew;Base.Twine,base:birdskull,,Base.NecklaceLong_SkullSmall_Multi,,false,Base.Thread_Sinew;Base.Twine,,,,,,,tags-only: item 3 tags[base:birdskull] flags[Prop2] ; multi-type: item 1 [Base.Twine;Base.Thread_Sinew] flags[Prop1] ; not-in-dataset: item 1 Base.NecklaceLong_SkullSmall_Multi,item 3 tags[base:birdskull] flags[Prop2] | item 1 [Base.Twine;Base.Thread_Sinew] flags[Prop1],item 1 Base.NecklaceLong_SkullSmall_Multi,recipes/recipes_bone.txt,652
MakeLongStoneBlade,Base,Knapping,230,HammerStoneStanding,AnySurfaceCraft,FlintKnapping:6,FlintKnapping:70,true,,FlintKnapping:9,,base:makestoneblade,RecipeCodeOnCreate.minorCondition,,Base.FlintNodule,base:hammerstone;base:knappingtool;base:mallet,,Base.StoneBladeLong,,false,,,,,,,,not-in-dataset: item 1 [Base.FlintNodule] flags[Prop2] ; not-in-dataset: item 1 Base.StoneBladeLong,item 1 [Base.FlintNodule] flags[Prop2] | item 1 tags[base:hammerstone;base:mallet;base:knappingtool] mode:keep flags[Prop1;MayDegradeLight],item 1 Base.StoneBladeLong,recipes/recipes_knapping.txt,310
MakeLongToothNecklace,Base,Carving,600,Making,AnySurfaceCraft,Carving:3;Tailoring:1,Carving:30;Tailoring:5,,,,,,,,Base.HerbivoreTeeth;Base.Twine,base:drillmetal;base:drillwood;base:drillwoodpoor,,Base.NecklaceLong_Teeth,,false,Base.Twine,,,,,,,not-in-dataset: item 3 [Base.HerbivoreTeeth] flags[Prop2] ; no-nutrition: item 2 [Base.Twine] ; not-in-dataset: item 1 Base.NecklaceLong_Teeth,item 1 tags[base:drillwood;base:drillmetal;base:drillwoodpoor] mode:keep flags[MayDegradeLight;Prop1] | item 3 [Base.HerbivoreTeeth] flags[Prop2] | item 2 [Base.Twine],item 1 Base.NecklaceLong_Teeth,recipes/recipes_carving.txt,635
MakeMagnesiumShavings,Base,Miscellaneous,40,Making,InHandCraft,,,,,,,,,,Base.MagnesiumFirestarter,,,Base.MagnesiumShavings,,false,Base.MagnesiumFirestarter,,,,,,,no-nutrition: item 1 [Base.MagnesiumFirestarter] ; not-in-dataset: item 1 Base.MagnesiumShavings,item 1 [Base.MagnesiumFirestarter],item 1 Base.MagnesiumShavings,recipes/recipes_survivalist.txt,21
MakeMaki,Base,Cooking,30,MixingBowl,AnySurfaceCraft;Cooking,,Cooking:3,true,,Cooking:6,,,RecipeCodeOnCreate.makeSushi,,Base.Avocado;Base.RiceVinegar;Base.Seaweed,base:fishmeat;base:meatcleaver;base:ricerecipe;base:sharpknife,,Base.Maki,,false,Base.Avocado;Base.Maki;Base.RiceVinegar;Base.Seaweed,,,,,,,tags-only: item 2 tags[base:fishmeat] flags[IsUncookedFoodItem;InheritFoodAge] ; tags-only: item 1 tags[base:ricerecipe] flags[IsCookedFoodItem],item 1 tags[base:sharpknife;base:meatcleaver] mode:keep flags[IsNotDull;SharpnessCheck] | item 2 tags[base:fishmeat] flags[IsUncookedFoodItem;InheritFoodAge] | item 1 tags[base:ricerecipe] flags[IsCookedFoodItem] | item 1 [Base.Seaweed] flags[ItemCount] | item 1 [Base.Avocado] | item 1 [Base.RiceVinegar],item 1 Base.Maki,recipes/recipes_cooking.txt,890
MakeMattress,Base,Tailoring,180,Making,AnySurfaceCraft,Tailoring:2,Tailoring:13,,,,,,,,Base.Sheet,base:pillow;base:sewingneedle;base:thread,,Base.Mattress,,false,,,,,,,,tags-only: item 5 tags[base:thread] ; not-in-dataset: item 5 [Base.Sheet] ; tags-only: item 5 tags[base:pillow] ; not-in-dataset: item 1 Base.Mattress,item 1 tags[base:sewingneedle] mode:keep | item 5 tags[base:thread] | item 5 [Base.Sheet] | item 5 tags[base:pillow],item 1 Base.Mattress,recipes/recipes_tailoring.txt,64
MakeMeatPatty,Base,Cooking,30,SliceMeat_Surface,AnySurfaceCraft;Cooking,,Cooking:3,,,,,,,,Base.MincedMeat,,,Base.MeatPatty,,false,Base.MeatPatty;Base.MincedMeat,-11388.0,0.0,-1170.0,-1794.0,1560.0,0.0,,item 40 [Base.MincedMeat] flags[InheritFoodAge;InheritCooked],item 1 Base.MeatPatty,recipes/recipes_cooking.txt,1074
MakeMetalSheet,Base,Metalworking,250,Welding,InHandCraft;Welding,MetalWelding:4,MetalWelding:25,true,,MetalWelding:6,,,,,Base.BlowTorch;Base.SmallSheetMetal,base:weldingmask,,Base.SheetMetal,,false,Base.BlowTorch,,,,,,,not-in-dataset: item 4 [Base.SmallSheetMetal] ; no-nutrition: item 2 [Base.BlowTorch] ; not-in-dataset: item 1 Base.SheetMetal,item 4 [Base.SmallSheetMetal] | item 2 [Base.BlowTorch] | item 1 tags[base:weldingmask] mode:keep,item 1 Base.SheetMetal,recipes/recipes_metalWelding.txt,41
MakeMildewCure,Base,Farming,40,Making,InHandCraft;Farming,,,true,,Farming:6,,,,,*;Base.GardeningSprayEmpty,,AnimalMilk;CowMilk;SheepMilk,Base.GardeningSprayMilk,,true,Base.GardeningSprayMilk,,,,,,,not-in-dataset: item 1 [Base.GardeningSprayEmpty] ; wildcard: item 1 [*] ; no-nutrition: item 1 Base.GardeningSprayMilk,item 1 [Base.GardeningSprayEmpty] | item 1 [*] | -fluid 1.0 [CowMilk;SheepMilk;AnimalMilk],item 1 Base.GardeningSprayMilk,recipes/recipes_farming.txt,3
MakeMilkFromPowderBottle,Base,Cooking,20,Making,InHandCraft;Cooking;CanBeDoneInDark,,,,,,,,RecipeCodeOnCreate.makeMilkFromPowder,,Base.AnimalMilkPowder;Base.FeedingBottle,,Water,,,true,Base.AnimalMilkPowder;Base.FeedingBottle,,,,,,,no-outputs,item 1 [Base.FeedingBottle] mode:keep | -fluid 1.0 [Water] | item 1 [Base.AnimalMilkPowder],,recipes/recipes_cooking.txt,22
MakeMilkFromPowderBucket,Base,Cooking,70,Making,InHandCraft;Cooking;CanBeDoneInDark,,,,,,,,RecipeCodeOnCreate.makeMilkFromPowder,,Base.AnimalMilkPowder,base:bucket,Water,,,true,Base.AnimalMilkPowder,,,,,,,no-outputs,item 1 tags[base:bucket] mode:keep | -fluid 10.0 [Water] | item 10 [Base.AnimalMilkPowder],,recipes/recipes_cooking.txt,3
MakeMirror,Base,Glassmaking,120,,AnySurfaceCraft;Glassmaking,Glassmaking:4,Glassmaking:50,true,,Glassmaking:5,,,,,Base.CeramicCrucibleWithGlass;Base.ClaySheetMold;Base.SmallSheetMetal,,,Base.Mirror,,false,Base.CeramicCrucibleWithGlass,,,,,,,no-nutrition: item 1 [Base.CeramicCrucibleWithGlass] ; not-in-dataset: item 1 [Base.SmallSheetMetal] ; not-in-dataset: item 1 Base.Mirror,item 1 [Base.ClaySheetMold] mode:keep | item 1 [Base.CeramicCrucibleWithGlass] | item 1 [Base.SmallSheetMetal],item 1 Base.Mirror,recipes/recipes_glassmaking.txt,153
MakeMolotovCocktail,Base,Electrical,80,MakingElectrical,InHandCraft,,,,,,,,,,Base.DenimStrips;Base.DenimStripsDirty;Base.RippedSheets;Base.RippedSheetsDirty,base:glassbottle,Petrol;RubbingAlcohol;Tequila;Vodka;Whiskey,Base.Molotov,,true,,,,,,,,tags-only: item 1 tags[base:glassbottle] mode:destroy ; multi-type: item 1 [Base.RippedSheets;Base.RippedSheetsDirty;Base.DenimStrips;Base.DenimStripsDirty] mode:destroy ; not-in-dataset: item 1 Base.Molotov,item 1 tags[base:glassbottle] mode:destroy | -fluid 1.0 [RubbingAlcohol;Petrol;Tequila;Vodka;Whiskey] | item 1 [Base.RippedSheets;Base.RippedSheetsDirty;Base.DenimStrips;Base.DenimStripsDirty] mode:destroy,item 1 Base.Molotov,recipes/recipes_traps.txt,317
MakeNewspaperHat,Base,Tailoring,20,Making,InHandCraft,,,,,,,,,,,base:newspaper,,Base.Hat_NewspaperHat,,false,,,,,,,,tags-only: item 1 tags[base:newspaper] ; not-in-dataset: item 1 Base.Hat_NewspaperHat,item 1 tags[base:newspaper],item 1 Base.Hat_NewspaperHat,recipes/recipes.txt,297
MakeNoiseMaker,Base,Electrical,80,MakingElectrical,AnySurfaceCraft,Electricity:3,Electricity:8,true,,Electricity:7,,,,,Base.Amplifier;Base.ElectronicsScrap,base:pliers;base:screwdriver,,Base.NoiseTrap,,false,,,,,,,,not-in-dataset: item 7 [Base.ElectronicsScrap] ; not-in-dataset: item 1 [Base.Amplifier] ; not-in-dataset: item 1 Base.NoiseTrap,item 7 [Base.ElectronicsScrap] | item 1 [Base.Amplifier] | item 1 tags[base:screwdriver] mode:keep | item 1 tags[base:pliers] mode:keep flags[MayDegradeLight],item 1 Base.NoiseTrap,recipes/recipes_traps.txt,354
MakeOatmealCookieDough,Base,Cooking,50,MixingBowl,AnySurfaceCraft;Cooking,,Cooking:3,true,,Cooking:7,,,,,*;Base.BakingSoda;Base.BakingTray;Base.Bowl;Base.ClayBowl;Base.OatsRaw,base:bakingfat;base:egg;base:flour;base:mixingutensil;base:rollingpin;base:sugar,Water,Base.CookiesOatmealDough,,true,Base.BakingSoda;Base.Bowl;Base.ClayBowl;Base.CookiesOatmealDough;Base.OatsRaw,,,,,,,not-in-dataset: item 1 [Base.BakingTray] mode:destroy flags[IsEmpty] ; tags-only: item 2 tags[base:bakingfat] ; tags-only: item 5 tags[base:sugar] ; tags-only: item 2 tags[base:egg] flags[IsUncookedFoodItem;InheritFoodAge;ItemCount] ; no-nutrition: item 1 [Base.BakingSoda] ; tags-only: item 3 tags[base:flour] ; wildcard: item 1 [*],item 1 tags[base:rollingpin] mode:keep flags[MayDegrade] | item 1 tags[base:mixingutensil] mode:keep flags[MayDegradeVeryLight] | item 1 [Base.Bowl;Base.ClayBowl] mode:keep | item 1 [Base.BakingTray] mode:destroy flags[IsEmpty] | item 2 tags[base:bakingfat] | item 5 tags[base:sugar] | item 2 tags[base:egg] flags[IsUncookedFoodItem;InheritFoodAge;ItemCount] | item 1 [Base.BakingSoda] | item 10 [Base.OatsRaw] | item 3 tags[base:flour] | item 1 [*] | -fluid 1.0 [Water],item 1 Base.CookiesOatmealDough,recipes/recipes_baking.txt,406
MakeOilPress,Base,Carpentry,150,Making,AnySurfaceCraft;Carpentry,Woodwork:2,Woodwork:20,,,,,,,,Base.Nails;Base.Plank,base:crudesaw;base:hammer;base:saw;base:smallsaw,,Base.OilPress,,false,,,,,,,,not-in-dataset: item 1 [Base.Plank] flags[Prop2] ; not-in-dataset: item 1 [Base.Nails] ; not-in-dataset: item 1 Base.OilPress,item 1 tags[base:hammer] mode:keep flags[MayDegradeVeryLight] | item 1 tags[base:saw;base:smallsaw;base:crudesaw] mode:keep flags[MayDegradeLight;Prop1] | item 1 [Base.Plank] flags[Prop2] | item 1 [Base.Nails],item 1 Base.OilPress,recipes/recipes_carpentry.txt,275
MakeOnigiri,Base,Cooking,30,MixingBowl,AnySurfaceCraft;Cooking,,Cooking:3,true,,Cooking:6,,,RecipeCodeOnCreate.makeSushi,,Base.Avocado;Base.RiceVinegar;Base.Seaweed,base:fishmeat;base:meatcleaver;base:ricerecipe;base:sharpknife,,Base.Onigiri,,false,Base.Avocado;Base.Onigiri;Base.RiceVinegar;Base.Seaweed,,,,,,,tags-only: item 2 tags[base:fishmeat] flags[IsUncookedFoodItem;InheritFoodAge] ; tags-only: item 4 tags[base:ricerecipe] flags[IsCookedFoodItem],item 1 tags[base:sharpknife;base:meatcleaver] mode:keep flags[IsNotDull;SharpnessCheck] | item 2 tags[base:fishmeat] flags[IsUncookedFoodItem;InheritFoodAge] | item 4 tags[base:ricerecipe] flags[IsCookedFoodItem] | item 1 [Base.Seaweed] flags[ItemCount] | item 2 [Base.Avocado] | item 1 [Base.RiceVinegar],item 1 Base.Onigiri,recipes/recipes_cooking.txt,915
MakePancake,Base,Cooking,60,MixingBowl,AnySurfaceCraft;Cooking,,Cooking:3,,,,,,,,Base.Bowl;Base.ClayBowl;Base.PancakeMix,base:mixingutensil,Water,Base.PancakesCraft,,true,Base.Bowl;Base.ClayBowl;Base.PancakeMix;Base.PancakesCraft,,,,,,,no-nutrition: item 1 [Base.PancakeMix],item 1 tags[base:mixingutensil] mode:keep flags[MayDegradeVeryLight] | item 1 [Base.Bowl;Base.ClayBowl] mode:keep flags[ItemCount] | -fluid 0.3 [Water] | item 1 [Base.PancakeMix],item 1 Base.PancakesCraft,recipes/recipes_cooking.txt,822
MakePieDough,Base,Cooking,50,MixingBowl,AnySurfaceCraft;Cooking,,Cooking:10,true,,Cooking:7,,,,,*;Base.Bowl;Base.Butter;Base.ClayBowl;Base.Lard;Base.Margarine;Base.Salt;Base.SeasoningSalt,base:flour;base:mixingutensil;base:rollingpin,Water,Base.PieDough,,true,Base.Bowl;Base.Butter;Base.ClayBowl;Base.Lard;Base.Margarine;Base.Salt;Base.SeasoningSalt,,,,,,,tags-only: item 10 tags[base:flour] ; multi-type: item 1 [Base.Butter;Base.Lard;Base.Margarine] ; multi-type: item 2 [Base.Salt;Base.SeasoningSalt] ; wildcard: item 1 [*] ; not-in-dataset: item 1 Base.PieDough,item 1 tags[base:rollingpin] mode:keep flags[MayDegrade] | item 1 tags[base:mixingutensil] mode:keep flags[MayDegradeVeryLight] | item 1 [Base.Bowl;Base.ClayBowl] mode:keep | item 10 tags[base:flour] | item 1 [Base.Butter;Base.Lard;Base.Margarine] | item 2 [Base.Salt;Base.SeasoningSalt] | item 1 [*] | -fluid 2.0 [Water],item 1 Base.PieDough,recipes/recipes_baking.txt,151
MakePigTuskEarrings,Base,Carving,400,Making,AnySurfaceCraft,Carving:2;Tailoring:1,Carving:20;Tailoring:5,,,,,,,,Base.PigTusk;Base.Wire,base:drillmetal;base:drillwood;base:drillwoodpoor;base:pliers,,Base.Earring_BoarTusk,,false,Base.Wire,,,,,,,not-in-dataset: item 2 [Base.PigTusk] flags[Prop2] ; no-nutrition: item 1 [Base.Wire] ; not-in-dataset: item 1 Base.Earring_BoarTusk,item 1 tags[base:drillwood;base:drillmetal;base:drillwoodpoor] mode:keep flags[MayDegradeLight] | item 2 [Base.PigTusk] flags[Prop2] | item 1 [Base.Wire] | item 1 tags[base:pliers] mode:keep flags[Prop1],item 1 Base.Earring_BoarTusk,recipes/recipes_carving.txt,594
MakePigTuskNecklace,Base,Carving,200,Making,AnySurfaceCraft,Carving:2;Tailoring:1,Carving:20;Tailoring:5,,,,,,,,Base.PigTusk;Base.Twine,base:drillmetal;base:drillwood;base:drillwoodpoor,,Base.Necklace_BoarTusk,,false,Base.Twine,,,,,,,not-in-dataset: item 1 [Base.PigTusk] flags[Prop2] ; no-nutrition: item 1 [Base.Twine] ; not-in-dataset: item 1 Base.Necklace_BoarTusk,item 1 tags[base:drillwood;base:drillmetal;base:drillwoodpoor] mode:keep flags[MayDegradeLight;Prop1] | item 1 [Base.PigTusk] flags[Prop2] | item 1 [Base.Twine],item 1 Base.Necklace_BoarTusk,recipes/recipes_carving.txt,554
MakePigTusksNecklace,Base,Carving,800,Making,AnySurfaceCraft,Carving:2;Tailoring:1,Carving:20;Tailoring:5,,,,,,,,Base.PigTusk;Base.Twine,base:drillmetal;base:drillwood;base:drillwoodpoor,,Base.Necklace_BoarTusk_Multi,,false,Base.Twine,,,,,,,not-in-dataset: item 4 [Base.PigTusk] flags[Prop2] ; no-nutrition: item 2 [Base.Twine] ; not-in-dataset: item 1 Base.Necklace_BoarTusk_Multi,item 1 tags[base:drillwood;base:drillmetal;base:drillwoodpoor] mode:keep flags[MayDegradeLight;Prop1] | item 4 [Base.PigTusk] flags[Prop2] | item 2 [Base.Twine],item 1 Base.Necklace_BoarTusk_Multi,recipes/recipes_carving.txt,574
MakePipeBomb,Base,Electrical,100,MakingElectrical,AnySurfaceCraft,,Electricity:2,true,,,,,,,Base.ElectronicsScrap;Base.GunPowder;Base.MetalPipe;Base.MetalPipe_Broken;Base.Twine,base:metalsaw;base:smallsaw,,Base.PipeBomb,,false,Base.GunPowder;Base.Twine,,,,,,,not-in-dataset: item 3 [Base.ElectronicsScrap] ; multi-type: item 1 [Base.MetalPipe;Base.MetalPipe_Broken] ; no-nutrition: item 20 [Base.GunPowder] ; no-nutrition: item 1 [Base.Twine] ; not-in-dataset: item 1 Base.PipeBomb,item 3 [Base.ElectronicsScrap] | item 1 [Base.MetalPipe;Base.MetalPipe_Broken] | item 20 [Base.GunPowder] | item 1 [Base.Twine] | item 1 tags[base:metalsaw;base:smallsaw] mode:keep flags[MayDegradeLight],item 1 Base.PipeBomb,recipes/recipes_traps.txt,377
MakePizza,Base,Cooking,100,MixingBowl,AnySurfaceCraft;Cooking,,Cooking:10,true,,Cooking:6,,,,,*;Base.Cheese;Base.Salt;Base.Yeast,base:bowl;base:flour;base:fork;base:mixingutensil;base:pizzasauce;base:rollingpin;base:spoon,category:Water,Base.PizzaRecipe,,true,Base.Cheese;Base.PizzaRecipe;Base.Salt;Base.Yeast,,,,,,,tags-only: item 6 tags[base:flour] ; tags-only: item 15 tags[base:pizzasauce] flags[InheritFoodAge] ; no-nutrition: item 1 [Base.Yeast] ; wildcard: item 1 [*],item 1 tags[base:rollingpin] mode:keep flags[MayDegradeVeryLight] | item 1 tags[base:fork;base:mixingutensil;base:spoon] mode:keep flags[MayDegradeVeryLight] | item 1 tags[base:bowl] mode:keep | item 6 tags[base:flour] | item 1 [Base.Salt] | item 15 [Base.Cheese] flags[InheritFoodAge] | item 15 tags[base:pizzasauce] flags[InheritFoodAge] | item 1 [Base.Yeast] | item 1 [*] | -fluid 0.5 categories[Water] mode:mixture,item 1 Base.PizzaRecipe,recipes/recipes_cooking.txt,509
MakePlantainPoultice,Base,Medical,60,MixingMortarPestle,AnySurfaceCraft;Health,,,true,,Doctor:5;PlantScavenging:5,,,,,,base:mortarpestle;base:plantain,,Base.PlantainCataplasm,,false,,,,,,,,tags-only: item 5 tags[base:plantain] ; not-in-dataset: item 1 Base.PlantainCataplasm,item 1 tags[base:mortarpestle] mode:keep | item 5 tags[base:plantain],item 1 Base.PlantainCataplasm,recipes/recipes_medical.txt,3
MakeRailspikeCudgel,Base,Weaponry,300,CraftWeapon2H,AnySurfaceCraft,Woodwork:6,Woodwork:60,true,,Woodwork:7;Axe:7,,base:makerailspikeweapon,,,Base.LargeBranch;Base.LeatherStrips;Base.RailroadSpike,base:clubhammer;base:drillmetal;base:drillwood;base:sledgehammer,,Base.Cudgel_Railspike,,false,,,,,,,,not-in-dataset: item 5 [Base.RailroadSpike] ; not-in-dataset: item 1 [Base.LeatherStrips] mode:destroy ; not-in-dataset: item 1 [Base.LargeBranch] flags[Prop2;InheritCondition] ; not-in-dataset: item 1 Base.Cudgel_Railspike,item 1 tags[base:clubhammer;base:sledgehammer] mode:keep flags[Prop1;MayDegradeLight] | item 1 tags[base:drillwood;base:drillmetal] mode:keep flags[MayDegradeLight] | item 5 [Base.RailroadSpike] | item 1 [Base.LeatherStrips] mode:destroy | item 1 [Base.LargeBranch] flags[Prop2;InheritCondition],item 1 Base.Cudgel_Railspike,recipes/recipes_improvised_weapons.txt,373
MakeRailspikeIronPipe,Base,Weaponry,150,CraftWeapon1H,AnySurfaceCraft,Maintenance:1,Maintenance:10,true,,Maintenance:4;Axe:4,,base:makerailspikeweapon,,,Base.DuctTape;Base.MetalPipe;Base.RailroadSpike,,,Base.MetalPipe_Railspike,,false,Base.DuctTape,,,,,,,not-in-dataset: item 1 [Base.RailroadSpike] ; no-nutrition: item 2 [Base.DuctTape] ; not-in-dataset: item 1 [Base.MetalPipe] flags[Prop2;InheritCondition] ; not-in-dataset: item 1 Base.MetalPipe_Railspike,item 1 [Base.RailroadSpike] | item 2 [Base.DuctTape] | item 1 [Base.MetalPipe] flags[Prop2;InheritCondition],item 1 Base.MetalPipe_Railspike,recipes/recipes_improvised_weapons.txt,398
MakeRailspikeLongHandle,Base,Weaponry,150,CraftWeapon2H,AnySurfaceCraft,Maintenance:3,Maintenance:10,true,,Maintenance:4;Axe:4,,base:makerailspikeweapon,,,Base.LeatherStrips;Base.LongHandle;Base.RailroadSpike,,,Base.LongHandle_Railspike,,false,,,,,,,,not-in-dataset: item 2 [Base.RailroadSpike] ; not-in-dataset: item 1 [Base.LeatherStrips] mode:destroy ; not-in-dataset: item 1 [Base.LongHandle] flags[Prop2;InheritCondition] ; not-in-dataset: item 1 Base.LongHandle_Railspike,item 2 [Base.RailroadSpike] | item 1 [Base.LeatherStrips] mode:destroy | item 1 [Base.LongHandle] flags[Prop2;InheritCondition],item 1 Base.LongHandle_Railspike,recipes/recipes_improvised_weapons.txt,421
MakeRailspikeWeapon,Base,Weaponry,150,CraftWeapon1H,AnySurfaceCraft,Maintenance:3,Maintenance:10,true,,Maintenance:4;Axe:4,,,,,Base.LeatherStrips;Base.RailroadSpike;Base.ShortBat;Base.TreeBranch2,,,Base.ShortBat_RailSpike;Base.TreeBranch_Railspike,SpikeMapper,false,,,,,,,,not-in-dataset: item 1 [Base.RailroadSpike] ; not-in-dataset: item 1 [Base.LeatherStrips] mode:destroy ; multi-type: item 1 [Base.ShortBat;Base.TreeBranch2] mappers[SpikeMapper] flags[Prop2;InheritCondition] ; multi-type: item 1 mapper:SpikeMapper,item 1 [Base.RailroadSpike] | item 1 [Base.LeatherStrips] mode:destroy | item 1 [Base.ShortBat;Base.TreeBranch2] mappers[SpikeMapper] flags[Prop2;InheritCondition],item 1 mapper:SpikeMapper,recipes/recipes_improvised_weapons.txt,444
MakeRakeHeadWeapon,Base,Weaponry,600,CraftWeapon2H,AnySurfaceCraft,Woodwork:4,Woodwork:40,true,,Woodwork:8;Blunt:5,,,,,Base.BaseballBat;Base.BaseballBat_Crafted;Base.LeatherStrips;Base.LongHandle;Base.NutsBolts;Base.RakeHead;Base.ShortBat,base:carpentrychisel;base:drillmetal;base:mallet;base:wrench,,Base.BaseballBat_RakeHead;Base.LongHandle_RakeHead;Base.ShortBat_RakeHead,RakeHeadMapper,false,,,,,,,,multi-type: item 1 [Base.BaseballBat;Base.BaseballBat_Crafted;Base.LongHandle;Base.ShortBat] mappers[RakeHeadMapper] flags[Prop2;InheritCondition] ; not-in-dataset: item 1 [Base.NutsBolts] ; not-in-dataset: item 1 [Base.RakeHead] flags[IsHeadPart] ; not-in-dataset: item 2 [Base.LeatherStrips] mode:destroy ; multi-type: item 1 mapper:RakeHeadMapper,item 1 tags[base:wrench] mode:keep flags[MayDegradeLight] | item 1 tags[base:carpentrychisel] mode:keep flags[MayDegradeLight] | item 1 tags[base:drillmetal] mode:keep flags[MayDegrade] | item 1 tags[base:mallet] mode:keep flags[MayDegradeLight] | item 1 [Base.BaseballBat;Base.BaseballBat_Crafted;Base.LongHandle;Base.ShortBat] mappers[RakeHeadMapper] flags[Prop2;InheritCondition] | item 1 [Base.NutsBolts] | item 1 [Base.RakeHead] flags[IsHeadPart] | item 2 [Base.LeatherStrips] mode:destroy,item 1 mapper:RakeHeadMapper,recipes/recipes_improvised_weapons.txt,472
MakeRemoteControllerV1,Base,Electrical,50,MakingElectrical,AnySurfaceCraft,Electricity:2,Electricity:6,true,,Electricity:8,,,,,Base.CordlessPhone;Base.ElectronicsScrap;Base.Glue;Base.Pager;Base.Remote,base:pliers;base:screwdriver,,Base.RemoteCraftedV1,,false,Base.Glue,,,,,,,multi-type: item 1 [Base.Remote;Base.CordlessPhone;Base.Pager] ; not-in-dataset: item 2 [Base.ElectronicsScrap] ; no-nutrition: item 2 [Base.Glue] ; not-in-dataset: item 1 Base.RemoteCraftedV1,item 1 [Base.Remote;Base.CordlessPhone;Base.Pager] | item 1 tags[base:screwdriver] mode:keep | item 1 tags[base:pliers] mode:keep flags[MayDegradeLight] | item 2 [Base.ElectronicsScrap] | item 2 [Base.Glue],item 1 Base.RemoteCraftedV1,recipes/recipes_traps.txt,3
MakeRemoteControllerV2,Base,Electrical,50,MakingElectrical,AnySurfaceCraft,Electricity:4,Electricity:10,true,,Electricity:9,,,,,Base.CordlessPhone;Base.ElectronicsScrap;Base.Glue;Base.Pager;Base.Remote,base:pliers;base:screwdriver,,Base.RemoteCraftedV2,,false,Base.Glue,,,,,,,multi-type: item 1 [Base.Remote;Base.CordlessPhone;Base.Pager] ; not-in-dataset: item 3 [Base.ElectronicsScrap] ; no-nutrition: item 2 [Base.Glue] ; not-in-dataset: item 1 Base.RemoteCraftedV2,item 1 [Base.Remote;Base.CordlessPhone;Base.Pager] | item 1 tags[base:screwdriver] mode:keep | item 1 tags[base:pliers] mode:keep flags[MayDegradeLight] | item 3 [Base.ElectronicsScrap] | item 2 [Base.Glue],item 1 Base.RemoteCraftedV2,recipes/recipes_traps.txt,27
MakeRemoteControllerV3,Base,Electrical,50,MakingElectrical,AnySurfaceCraft,Electricity:6,Electricity:14,true,,Electricity:10,,,,,Base.CordlessPhone;Base.ElectronicsScrap;Base.Glue;Base.Pager;Base.Remote,base:pliers;base:screwdriver,,Base.RemoteCraftedV3,,false,Base.Glue,,,,,,,multi-type: item 1 [Base.Remote;Base.CordlessPhone;Base.Pager] ; not-in-dataset: item 4 [Base.ElectronicsScrap] ; no-nutrition: item 2 [Base.Glue] ; not-in-dataset: item 1 Base.RemoteCraftedV3,item 1 [Base.Remote;Base.CordlessPhone;Base.Pager] | item 1 tags[base:screwdriver] mode:keep | item 1 tags[base:pliers] mode:keep flags[MayDegradeLight] | item 4 [Base.ElectronicsScrap] | item 2 [Base.Glue],item 1 Base.RemoteCraftedV3,recipes/recipes_traps.txt,51
MakeRemoteTrigger,Base,Electrical,50,MakingElectrical,AnySurfaceCraft,Electricity:2,Electricity:6,true,,Electricity:8,,,,,Base.CordlessPhone;Base.ElectronicsScrap;Base.Glue;Base.RadioReceiver;Base.Receiver,base:pliers;base:screwdriver,,Base.TriggerCrafted,,false,Base.Glue,,,,,,,multi-type: item 1 [Base.Receiver;Base.RadioReceiver;Base.CordlessPhone] ; not-in-dataset: item 2 [Base.ElectronicsScrap] ; no-nutrition: item 2 [Base.Glue] ; not-in-dataset: item 1 Base.TriggerCrafted,item 1 [Base.Receiver;Base.RadioReceiver;Base.CordlessPhone] | item 1 tags[base:screwdriver] mode:keep | item 1 tags[base:pliers] mode:keep flags[MayDegradeLight] | item 2 [Base.ElectronicsScrap] | item 2 [Base.Glue],item 1 Base.TriggerCrafted,recipes/recipes_traps.txt,75
MakeSawPlank,Base,Weaponry,600,CraftWeapon2H,AnySurfaceCraft,Woodwork:3,Woodwork:30,true,,Woodwork:5,,,,,Base.GardenSaw;Base.NutsBolts;Base.Plank;Base.Screws,base:drillmetal;base:screwdriver;base:wrench,,Base.Plank_Saw,,false,,,,,,,,not-in-dataset: item 1 [Base.GardenSaw] flags[IsHeadPart;MayDegradeLight] ; not-in-dataset: item 1 [Base.Plank] flags[Prop2;InheritCondition] ; not-in-dataset: item 1 [Base.NutsBolts] ; not-in-dataset: item 1 [Base.Screws] ; not-in-dataset: item 1 Base.Plank_Saw,item 1 tags[base:screwdriver] mode:keep flags[MayDegradeLight] | item 1 [Base.GardenSaw] flags[IsHeadPart;MayDegradeLight] | item 1 tags[base:wrench] mode:keep flags[MayDegradeLight] | item 1 tags[base:drillmetal] mode:keep flags[MayDegradeLight] | item 1 [Base.Plank] flags[Prop2;InheritCondition] | item 1 [Base.NutsBolts] | item 1 [Base.Screws],item 1 Base.Plank_Saw,recipes/recipes_improvised_weapons.txt,507
MakeSawbladeCudgel,Base,Weaponry,600,CraftWeapon2H,AnySurfaceCraft,Woodwork:6,Woodwork:60,true,,Woodwork:8;Axe:8,,base:makesawbladeweapon,,,Base.CircularSawblade;Base.LargeBranch;Base.LeatherStrips;Base.Nails;Base.NutsBolts,base:drillmetal;base:hammer;base:saw;base:wrench,,Base.Cudgel_Sawblade,,false,,,,,,,,not-in-dataset: item 5 [Base.Nails] ; not-in-dataset: item 1 [Base.CircularSawblade] flags[IsHeadPart] ; not-in-dataset: item 1 [Base.LeatherStrips] mode:destroy ; not-in-dataset: item 1 [Base.NutsBolts] ; not-in-dataset: item 1 [Base.LargeBranch] flags[Prop2;InheritCondition] ; not-in-dataset: item 1 Base.Cudgel_Sawblade,item 1 tags[base:hammer] mode:keep flags[MayDegradeVeryLight] | item 1 tags[base:saw] mode:keep flags[MayDegradeLight] | item 1 tags[base:wrench] mode:keep flags[MayDegradeLight] | item 1 tags[base:drillmetal] mode:keep flags[MayDegrade] | item 5 [Base.Nails] | item 1 [Base.CircularSawblade] flags[IsHeadPart] | item 1 [Base.LeatherStrips] mode:destroy | item 1 [Base.NutsBolts] | item 1 [Base.LargeBranch] flags[Prop2;InheritCondition],item 1 Base.Cudgel_Sawblade,recipes/recipes_improvised_weapons.txt,533
MakeSawbladeHatchet,Base,Weaponry,600,Welding,AnySurfaceCraft,MetalWelding:3,MetalWelding:30,false,,,,,,,Base.BlowTorch;Base.CircularSawblade_Half;Base.DenimStrips;Base.LeatherStrips;Base.MetalPipe_Broken;Base.NutsBolts;Base.RippedSheets;Base.SteelRodHalf,base:drillmetal;base:weldingmask;base:wrench,,Base.Axe_Sawblade_Hatchet,,false,Base.BlowTorch,,,,,,,no-nutrition: item 6 [Base.BlowTorch] ; multi-type: item 1 [Base.MetalPipe_Broken;Base.SteelRodHalf] flags[Prop2;InheritCondition] ; not-in-dataset: item 1 [Base.NutsBolts] ; not-in-dataset: item 1 [Base.CircularSawblade_Half] ; multi-type: item 1 [Base.RippedSheets;Base.DenimStrips;Base.LeatherStrips] mode:destroy ; not-in-dataset: item 1 Base.Axe_Sawblade_Hatchet flags[IsBlunt],item 6 [Base.BlowTorch] | item 1 tags[base:weldingmask] mode:keep | item 1 [Base.MetalPipe_Broken;Base.SteelRodHalf] flags[Prop2;InheritCondition] | item 1 [Base.NutsBolts] | item 1 [Base.CircularSawblade_Half] | item 1 tags[base:wrench] mode:keep flags[MayDegradeLight] | item 1 tags[base:drillmetal] mode:keep flags[MayDegradeLight] | item 1 [Base.RippedSheets;Base.DenimStrips;Base.LeatherStrips] mode:destroy,item 1 Base.Axe_Sawblade_Hatchet flags[IsBlunt],entities/blacksmith/craftRecipes/recipes_blacksmith_welded_etc_weapons.txt,57
MakeSawbladeLongHandle,Base,Weaponry,600,CraftWeapon2H,AnySurfaceCraft,Woodwork:5,Woodwork:50,true,,Woodwork:7;Axe:7,,base:makesawbladeweapon,,,Base.CircularSawblade;Base.LeatherStrips;Base.LongHandle;Base.NutsBolts,base:drillmetal;base:hammer;base:saw;base:wrench,,Base.LongHandle_Sawblade,,false,,,,,,,,not-in-dataset: item 1 [Base.CircularSawblade] flags[IsHeadPart] ; not-in-dataset: item 1 [Base.LeatherStrips] mode:destroy ; not-in-dataset: item 1 [Base.NutsBolts] ; not-in-dataset: item 1 [Base.LongHandle] flags[Prop2;InheritCondition] ; not-in-dataset: item 1 Base.LongHandle_Sawblade,item 1 tags[base:hammer] mode:keep flags[MayDegradeVeryLight] | item 1 tags[base:saw] mode:keep flags[MayDegradeLight] | item 1 tags[base:wrench] mode:keep flags[MayDegradeLight] | item 1 tags[base:drillmetal] mode:keep flags[MayDegrade] | item 1 [Base.CircularSawblade] flags[IsHeadPart] | item 1 [Base.LeatherStrips] mode:destroy | item 1 [Base.NutsBolts] | item 1 [Base.LongHandle] flags[Prop2;InheritCondition],item 1 Base.LongHandle_Sawblade,recipes/recipes_improvised_weapons.txt,562
MakeSawbladePlank,Base,Weaponry,600,CraftWeapon2H,AnySurfaceCraft,Woodwork:3,Woodwork:30,true,,Woodwork:7;Axe:7,,base:makesawbladeweapon,,,Base.CircularSawblade;Base.LeatherStrips;Base.NutsBolts;Base.Plank;Base.Screws,base:drillmetal;base:screwdriver;base:wrench,,Base.Plank_Sawblade,,false,,,,,,,,not-in-dataset: item 1 [Base.Plank] flags[Prop2;InheritCondition] ; not-in-dataset: item 1 [Base.NutsBolts] ; not-in-dataset: item 1 [Base.Screws] ; not-in-dataset: item 1 [Base.CircularSawblade] flags[IsHeadPart] ; not-in-dataset: item 2 [Base.LeatherStrips] mode:destroy ; not-in-dataset: item 1 Base.Plank_Sawblade,item 1 tags[base:wrench] mode:keep flags[MayDegradeLight] | item 1 tags[base:drillmetal] mode:keep flags[MayDegrade] | item 1 [Base.Plank] flags[Prop2;InheritCondition] | item 1 [Base.NutsBolts] | item 1 [Base.Screws] | item 1 tags[base:screwdriver] mode:keep flags[MayDegradeLight] | item 1 [Base.CircularSawblade] flags[IsHeadPart] | item 2 [Base.LeatherStrips] mode:destroy,item 1 Base.Plank_Sawblade,recipes/recipes_improvised_weapons.txt,590
MakeSawbladeTableLeg,Base,Weaponry,600,CraftWeapon2H,AnySurfaceCraft,Woodwork:5,Woodwork:50,true,,Woodwork:8;Axe:8,,base:makesawbladeweapon,,,Base.BarbedWire;Base.CircularSawblade;Base.Nails;Base.NutsBolts;Base.TableLeg,base:drillmetal;base:hammer;base:saw;base:wrench,,Base.TableLeg_Sawblade,,false,,,,,,,,not-in-dataset: item 5 [Base.Nails] ; not-in-dataset: item 1 [Base.CircularSawblade] flags[IsHeadPart] ; not-in-dataset: item 1 [Base.BarbedWire] ; not-in-dataset: item 1 [Base.NutsBolts] ; not-in-dataset: item 1 [Base.TableLeg] flags[Prop2;InheritCondition] ; not-in-dataset: item 1 Base.TableLeg_Sawblade,item 1 tags[base:hammer] mode:keep flags[MayDegradeVeryLight] | item 1 tags[base:saw] mode:keep flags[MayDegradeLight] | item 1 tags[base:wrench] mode:keep flags[MayDegradeLight] | item 1 tags[base:drillmetal] mode:keep flags[MayDegrade] | item 5 [Base.Nails] | item 1 [Base.CircularSawblade] flags[IsHeadPart] | item 1 [Base.BarbedWire] | item 1 [Base.NutsBolts] | item 1 [Base.TableLeg] flags[Prop2;InheritCondition],item 1 Base.TableLeg_Sawblade,recipes/recipes_improvised_weapons.txt,618
MakeSawbladeWeapon,Base,Weaponry,600,CraftWeapon2H,AnySurfaceCraft,Woodwork:5,Woodwork:50,true,,Woodwork:7;Axe:7,,,,,Base.BaseballBat;Base.BaseballBat_Crafted;Base.CircularSawblade;Base.FieldHockeyStick;Base.LeatherStrips;Base.NutsBolts;Base.ShortBat,base:carpentrychisel;base:drillmetal;base:mallet;base:saw;base:wrench,,Base.BaseballBat_Sawblade;Base.FieldHockeyStick_Sawblade;Base.ShortBat_Sawblade,SawbladeMapper,false,,,,,,,,multi-type: item 1 [Base.BaseballBat;Base.BaseballBat_Crafted;Base.FieldHockeyStick;Base.ShortBat] mappers[SawbladeMapper] flags[Prop2;InheritCondition] ; not-in-dataset: item 1 [Base.NutsBolts] ; not-in-dataset: item 1 [Base.CircularSawblade] flags[IsHeadPart] ; not-in-dataset: item 2 [Base.LeatherStrips] mode:destroy ; multi-type: item 1 mapper:SawbladeMapper,item 1 tags[base:wrench] mode:keep flags[MayDegradeLight] | item 1 tags[base:saw] mode:keep flags[MayDegradeLight] | item 1 tags[base:carpentrychisel] mode:keep flags[MayDegradeLight] | item 1 tags[base:drillmetal] mode:keep flags[MayDegrade] | item 1 tags[base:mallet] mode:keep flags[MayDegradeLight] | item 1 [Base.BaseballBat;Base.BaseballBat_Crafted;Base.FieldHockeyStick;Base.ShortBat] mappers[SawbladeMapper] flags[Prop2;InheritCondition] | item 1 [Base.NutsBolts] | item 1 [Base.CircularSawblade] flags[IsHeadPart] | item 2 [Base.LeatherStrips] mode:destroy,item 1 mapper:SawbladeMapper,recipes/recipes_improvised_weapons.txt,647
MakeScarecrow,Base,Farming,150,Making,InHandCraft;Farming,,,true,,Farming:6,,,,,Base.GrassTuft;Base.HayTuft;Base.LongStick;Base.RippedSheets;Base.RippedSheetsDirty;Base.Rope;Base.Sapling;Base.SheetRope;Base.Twine,base:long_johns,,Base.Mov_Scarecrow,,false,Base.GrassTuft;Base.HayTuft;Base.Twine,,,,,,,multi-type: item 2 [Base.LongStick;Base.Sapling] flags[Prop2] ; tags-only: item 1 tags[base:long_johns] ; multi-type: item 4 [Base.RippedSheets;Base.RippedSheetsDirty;Base.Twine;Base.Rope;Base.SheetRope] flags[DontReplace] ; multi-type: item 100 [Base.HayTuft;Base.GrassTuft] ; not-in-dataset: item 1 Base.Mov_Scarecrow,item 2 [Base.LongStick;Base.Sapling] flags[Prop2] | item 1 tags[base:long_johns] | item 4 [Base.RippedSheets;Base.RippedSheetsDirty;Base.Twine;Base.Rope;Base.SheetRope] flags[DontReplace] | item 100 [Base.HayTuft;Base.GrassTuft],item 1 Base.Mov_Scarecrow,recipes/recipes_farming.txt,319
MakeScrapChopper,Base,Weaponry,600,Welding_Surface,AnySurfaceCraft,MetalWelding:5,MetalWelding:50,false,,,,,,,Base.BlowTorch;Base.DenimStrips;Base.LeatherStrips;Base.MetalBar;Base.MetalPipe;Base.MetalPipe_Broken;Base.NutsBolts;Base.RippedSheets;Base.SheetMetal;Base.SteelRodHalf,base:drillmetal;base:file;base:metalsaw;base:sheetmetalsnips;base:weldingmask;base:wrench,,Base.Machete_Crude,,false,Base.BlowTorch,,,,,,,multi-type: item 1 [Base.MetalBar;Base.MetalPipe;Base.MetalPipe_Broken;Base.SteelRodHalf] flags[Prop2;InheritCondition] ; no-nutrition: item 8 [Base.BlowTorch] ; not-in-dataset: item 1 [Base.SheetMetal] flags[IsHeadPart] ; multi-type: item 1 [Base.RippedSheets;Base.DenimStrips;Base.LeatherStrips] mode:destroy ; not-in-dataset: item 1 [Base.NutsBolts] ; not-in-dataset: item 1 Base.Machete_Crude flags[IsBlunt],item 1 [Base.MetalBar;Base.MetalPipe;Base.MetalPipe_Broken;Base.SteelRodHalf] flags[Prop2;InheritCondition] | item 8 [Base.BlowTorch] | item 1 tags[base:weldingmask] mode:keep | item 1 tags[base:file] mode:keep flags[Prop1;MayDegradeLight] | item 1 [Base.SheetMetal] flags[IsHeadPart] | item 1 [Base.RippedSheets;Base.DenimStrips;Base.LeatherStrips] mode:destroy | item 1 [Base.NutsBolts] | item 1 tags[base:wrench] mode:keep flags[MayDegradeLight] | item 1 tags[base:drillmetal] mode:keep flags[MayDegradeLight] | item 1 tags[base:sheetmetalsnips;base:metalsaw] mode:keep flags[MayDegradeLight],item 1 Base.Machete_Crude flags[IsBlunt],entities/blacksmith/craftRecipes/recipes_blacksmith_welded_etc_weapons.txt,119
MakeScrapCleaver,Base,Weaponry,600,Welding_Surface,AnySurfaceCraft,MetalWelding:4,MetalWelding:40,false,,,,,,,Base.BlowTorch;Base.DenimStrips;Base.LeatherStrips;Base.MetalBar;Base.MetalPipe;Base.MetalPipe_Broken;Base.NutsBolts;Base.RippedSheets;Base.SmallSheetMetal;Base.SteelRodHalf,base:drillmetal;base:file;base:metalsaw;base:sheetmetalsnips;base:weldingmask;base:wrench,,Base.Axe_ScrapCleaver;Base.MeatCleaver_Scrap,HandleMapper,false,Base.BlowTorch,,,,,,,multi-type: item 1 [Base.MetalBar;Base.MetalPipe;Base.MetalPipe_Broken;Base.SteelRodHalf] mappers[HandleMapper] flags[Prop2;InheritCondition] ; no-nutrition: item 6 [Base.BlowTorch] ; not-in-dataset: item 1 [Base.SmallSheetMetal] flags[IsHeadPart] ; multi-type: item 1 [Base.RippedSheets;Base.DenimStrips;Base.LeatherStrips] mode:destroy ; not-in-dataset: item 1 [Base.NutsBolts] ; multi-type: item 1 mapper:HandleMapper flags[IsBlunt],item 1 [Base.MetalBar;Base.MetalPipe;Base.MetalPipe_Broken;Base.SteelRodHalf] mappers[HandleMapper] flags[Prop2;InheritCondition] | item 6 [Base.BlowTorch] | item 1 tags[base:weldingmask] mode:keep | item 1 tags[base:file] mode:keep flags[Prop1;MayDegradeLight] | item 1 [Base.SmallSheetMetal] flags[IsHeadPart] | item 1 [Base.RippedSheets;Base.DenimStrips;Base.LeatherStrips] mode:destroy | item 1 [Base.NutsBolts] | item 1 tags[base:wrench] mode:keep flags[MayDegradeLight] | item 1 tags[base:drillmetal] mode:keep flags[MayDegradeLight] | item 1 tags[base:sheetmetalsnips;base:metalsaw] mode:keep flags[MayDegradeLight],item 1 mapper:HandleMapper flags[IsBlunt],entities/blacksmith/craftRecipes/recipes_blacksmith_welded_etc_weapons.txt,83
MakeScrapMetalBodyArmor,Base,Metalworking,600,Welding_Surface,AnySurfaceCraft,MetalWelding:6;Tailoring:1,MetalWelding:10;Tailoring:5,true,,MetalWelding:8,,,,,Base.BlowTorch;Base.Buckle;Base.LeatherStrips;Base.NutsBolts;Base.SheetMetal,base:awl;base:drillmetal;base:hammer;base:metalsaw;base:metalworkingpunch;base:scissors;base:sewingneedle;base:sharpknife;base:sheetmetalsnips;base:thread;base:weldingmask;base:wrench,,Base.Cuirass_MetalScrap,,false,Base.BlowTorch,,,,,,,no-nutrition: item 4 [Base.BlowTorch] ; not-in-dataset: item 4 [Base.SheetMetal] ; not-in-dataset: item 6 [Base.LeatherStrips] mode:destroy ; not-in-dataset: item 1 [Base.NutsBolts] ; tags-only: item 2 tags[base:thread] ; not-in-dataset: item 4 [Base.Buckle] ; not-in-dataset: item 1 Base.Cuirass_MetalScrap,item 4 [Base.BlowTorch] | item 1 tags[base:weldingmask] mode:keep | item 4 [Base.SheetMetal] | item 6 [Base.LeatherStrips] mode:destroy | item 1 [Base.NutsBolts] | item 1 tags[base:wrench] mode:keep flags[MayDegradeLight] | item 1 tags[base:sheetmetalsnips;base:metalsaw] mode:keep flags[MayDegradeLight] | item 1 tags[base:metalworkingpunch;base:drillmetal] mode:keep flags[MayDegradeLight] | item 1 tags[base:hammer] mode:keep flags[MayDegradeVeryLight] | item 2 tags[base:thread] | item 4 [Base.Buckle] | item 1 tags[base:scissors;base:sharpknife] mode:keep flags[MayDegradeLight] | item 1 tags[base:sewingneedle] mode:keep flags[MayDegradeLight] | item 1 tags[base:awl] mode:keep flags[MayDegradeLight],item 1 Base.Cuirass_MetalScrap,recipes/recipes_metalWelding_Armor.txt,213
MakeScrapMetalForearmArmor,Base,Metalworking,600,Welding_Surface,AnySurfaceCraft,MetalWelding:5;Tailoring:1,MetalWelding:10;Tailoring:5,,,,,,,,Base.BlowTorch;Base.Buckle;Base.LeatherStrips;Base.NutsBolts;Base.SmallSheetMetal,base:awl;base:drillmetal;base:hammer;base:metalsaw;base:metalworkingpunch;base:scissors;base:sewingneedle;base:sharpknife;base:sheetmetalsnips;base:thread;base:weldingmask;base:wrench,,Base.VambraceScrap_Left,,false,Base.BlowTorch,,,,,,,no-nutrition: item 2 [Base.BlowTorch] ; not-in-dataset: item 1 [Base.SmallSheetMetal] ; not-in-dataset: item 2 [Base.LeatherStrips] mode:destroy ; not-in-dataset: item 1 [Base.NutsBolts] ; tags-only: item 1 tags[base:thread] ; not-in-dataset: item 2 [Base.Buckle] ; not-in-dataset: item 1 Base.VambraceScrap_Left,item 2 [Base.BlowTorch] | item 1 tags[base:weldingmask] mode:keep | item 1 [Base.SmallSheetMetal] | item 2 [Base.LeatherStrips] mode:destroy | item 1 [Base.NutsBolts] | item 1 tags[base:wrench] mode:keep flags[MayDegradeLight] | item 1 tags[base:sheetmetalsnips;base:metalsaw] mode:keep flags[MayDegradeLight] | item 1 tags[base:metalworkingpunch;base:drillmetal] mode:keep flags[MayDegradeLight] | item 1 tags[base:hammer] mode:keep flags[MayDegradeVeryLight] | item 1 tags[base:thread] | item 2 [Base.Buckle] | item 1 tags[base:scissors;base:sharpknife] mode:keep flags[MayDegradeLight] | item 1 tags[base:sewingneedle] mode:keep flags[MayDegradeLight] | item 1 tags[base:awl] mode:keep flags[MayDegradeLight],item 1 Base.VambraceScrap_Left,recipes/recipes_metalWelding_Armor.txt,33
MakeScrapMetalGloves,Base,Metalworking,600,Welding_Surface,AnySurfaceCraft,MetalWelding:4;Tailoring:1,MetalWelding:10;Tailoring:5,,,,,,,,Base.BlowTorch;Base.Gloves_FingerlessGloves;Base.Gloves_FingerlessLeatherGloves;Base.Gloves_FingerlessLeatherGloves_Black;Base.Gloves_LeatherGloves;Base.Gloves_LeatherGlovesBlack;Base.Gloves_LeatherGlovesBrown;Base.LeatherStrips;Base.SmallSheetMetal,base:drillmetal;base:hammer;base:metalsaw;base:metalworkingpunch;base:sheetmetalsnips;base:weldingmask,,Base.Gloves_MetalScrapArmour,,false,Base.BlowTorch,,,,,,,no-nutrition: item 1 [Base.BlowTorch] ; multi-type: item 1 [Base.Gloves_FingerlessGloves;Base.Gloves_FingerlessLeatherGloves;Base.Gloves_FingerlessLeatherGloves_Black;Base.Gloves_LeatherGloves;Base.Gloves_LeatherGlovesBlack;Base.Gloves_LeatherGlovesBrown] ; not-in-dataset: item 1 [Base.LeatherStrips] mode:destroy ; not-in-dataset: item 1 [Base.SmallSheetMetal] ; not-in-dataset: item 1 Base.Gloves_MetalScrapArmour,item 1 [Base.BlowTorch] | item 1 tags[base:weldingmask] mode:keep | item 1 [Base.Gloves_FingerlessGloves;Base.Gloves_FingerlessLeatherGloves;Base.Gloves_FingerlessLeatherGloves_Black;Base.Gloves_LeatherGloves;Base.Gloves_LeatherGlovesBlack;Base.Gloves_LeatherGlovesBrown] | item 1 [Base.LeatherStrips] mode:destroy | item 1 [Base.SmallSheetMetal] | item 1 tags[base:sheetmetalsnips;base:metalsaw] mode:keep flags[MayDegradeLight] | item 1 tags[base:metalworkingpunch;base:drillmetal] mode:keep flags[MayDegradeLight] | item 1 tags[base:hammer] mode:keep flags[MayDegradeVeryLight],item 1 Base.Gloves_MetalScrapArmour,recipes/recipes_metalWelding_Armor.txt,95
MakeScrapMetalHelmet,Base,Metalworking,600,Welding_Surface,AnySurfaceCraft,MetalWelding:5;Tailoring:1,MetalWelding:10;Tailoring:5,true,,MetalWelding:7,,,,,Base.BlowTorch;Base.NutsBolts;Base.SheetMetal,base:drillmetal;base:hammer;base:metalsaw;base:metalworkingpunch;base:sheetmetalsnips;base:weldingmask;base:wrench,,Base.Hat_MetalScrapHelmet,,false,Base.BlowTorch,,,,,,,no-nutrition: item 2 [Base.BlowTorch] ; not-in-dataset: item 2 [Base.SheetMetal] ; not-in-dataset: item 1 [Base.NutsBolts] ; not-in-dataset: item 1 Base.Hat_MetalScrapHelmet,item 2 [Base.BlowTorch] | item 1 tags[base:weldingmask] mode:keep | item 2 [Base.SheetMetal] | item 1 [Base.NutsBolts] | item 1 tags[base:wrench] mode:keep flags[MayDegradeLight] | item 1 tags[base:sheetmetalsnips;base:metalsaw] mode:keep flags[MayDegradeLight] | item 1 tags[base:metalworkingpunch;base:drillmetal] mode:keep flags[MayDegradeLight] | item 1 tags[base:hammer] mode:keep flags[MayDegradeVeryLight],item 1 Base.Hat_MetalScrapHelmet,recipes/recipes_metalWelding_Armor.txt,120
MakeScrapMetalMask,Base,Metalworking,600,Welding_Surface,AnySurfaceCraft,MetalWelding:4;Tailoring:1,MetalWelding:10;Tailoring:5,,,,,,,,Base.BlowTorch;Base.LeatherStrips;Base.NutsBolts;Base.SmallSheetMetal,base:awl;base:drillmetal;base:hammer;base:metalsaw;base:metalworkingpunch;base:scissors;base:sewingneedle;base:sharpknife;base:sheetmetalsnips;base:thread;base:weldingmask;base:wrench,,Base.Hat_HockeyMask_MetalScrap,,false,Base.BlowTorch,,,,,,,no-nutrition: item 2 [Base.BlowTorch] ; not-in-dataset: item 1 [Base.SmallSheetMetal] ; not-in-dataset: item 1 [Base.LeatherStrips] mode:destroy ; not-in-dataset: item 1 [Base.NutsBolts] ; tags-only: item 1 tags[base:thread] ; not-in-dataset: item 1 Base.Hat_HockeyMask_MetalScrap,item 2 [Base.BlowTorch] | item 1 tags[base:weldingmask] mode:keep | item 1 [Base.SmallSheetMetal] | item 1 [Base.LeatherStrips] mode:destroy | item 1 [Base.NutsBolts] | item 1 tags[base:wrench] mode:keep flags[MayDegradeLight] | item 1 tags[base:sheetmetalsnips;base:metalsaw] mode:keep flags[MayDegradeLight] | item 1 tags[base:metalworkingpunch;base:drillmetal] mode:keep flags[MayDegradeLight] | item 1 tags[base:hammer] mode:keep flags[MayDegradeVeryLight] | item 1 tags[base:thread] | item 1 tags[base:scissors;base:sharpknife] mode:keep flags[MayDegradeLight] | item 1 tags[base:sewingneedle] mode:keep flags[MayDegradeLight] | item 1 tags[base:awl] mode:keep flags[MayDegradeLight],item 1 Base.Hat_HockeyMask_MetalScrap,recipes/recipes_metalWelding_Armor.txt,3
MakeScrapMetalShinArmor,Base,Metalworking,600,Welding_Surface,AnySurfaceCraft,MetalWelding:5;Tailoring:1,MetalWelding:10;Tailoring:5,,,,,,,,Base.BlowTorch;Base.Buckle;Base.LeatherStrips;Base.NutsBolts;Base.SmallSheetMetal,base:awl;base:drillmetal;base:hammer;base:metalsaw;base:metalworkingpunch;base:scissors;base:sewingneedle;base:sharpknife;base:sheetmetalsnips;base:thread;base:weldingmask;base:wrench,,Base.GreaveScrap_Left,,false,Base.BlowTorch,,,,,,,no-nutrition: item 2 [Base.BlowTorch] ; not-in-dataset: item 1 [Base.SmallSheetMetal] ; not-in-dataset: item 1 [Base.LeatherStrips] mode:destroy ; not-in-dataset: item 1 [Base.NutsBolts] ; tags-only: item 1 tags[base:thread] ; not-in-dataset: item 2 [Base.Buckle] ; not-in-dataset: item 1 Base.GreaveScrap_Left,item 2 [Base.BlowTorch] | item 1 tags[base:weldingmask] mode:keep | item 1 [Base.SmallSheetMetal] | item 1 [Base.LeatherStrips] mode:destroy | item 1 [Base.NutsBolts] | item 1 tags[base:wrench] mode:keep flags[MayDegradeLight] | item 1 tags[base:sheetmetalsnips;base:metalsaw] mode:keep flags[MayDegradeLight] | item 1 tags[base:metalworkingpunch;base:drillmetal] mode:keep flags[MayDegradeLight] | item 1 tags[base:hammer] mode:keep flags[MayDegradeVeryLight] | item 1 tags[base:thread] | item 2 [Base.Buckle] | item 1 tags[base:scissors;base:sharpknife] mode:keep flags[MayDegradeLight] | item 1 tags[base:sewingneedle] mode:keep flags[MayDegradeLight] | item 1 tags[base:awl] mode:keep flags[MayDegradeLight],item 1 Base.GreaveScrap_Left,recipes/recipes_metalWelding_Armor.txt,64
MakeScrapMetalShoulderArmor,Base,Metalworking,600,Welding_Surface,AnySurfaceCraft,MetalWelding:5;Tailoring:1,MetalWelding:10;Tailoring:5,true,,MetalWelding:7,,,,,Base.BlowTorch;Base.Buckle;Base.LeatherStrips;Base.NutsBolts;Base.SmallSheetMetal,base:awl;base:drillmetal;base:hammer;base:metalsaw;base:metalworkingpunch;base:scissors;base:sewingneedle;base:sharpknife;base:sheetmetalsnips;base:thread;base:weldingmask;base:wrench,,Base.Shoulderpad_MetalScrap_L,,false,Base.BlowTorch,,,,,,,no-nutrition: item 2 [Base.BlowTorch] ; not-in-dataset: item 1 [Base.SmallSheetMetal] ; not-in-dataset: item 1 [Base.LeatherStrips] mode:destroy ; not-in-dataset: item 1 [Base.NutsBolts] ; tags-only: item 1 tags[base:thread] ; not-in-dataset: item 1 [Base.Buckle] ; not-in-dataset: item 1 Base.Shoulderpad_MetalScrap_L,item 2 [Base.BlowTorch] | item 1 tags[base:weldingmask] mode:keep | item 1 [Base.SmallSheetMetal] | item 1 [Base.LeatherStrips] mode:destroy | item 1 [Base.NutsBolts] | item 1 tags[base:wrench] mode:keep flags[MayDegradeLight] | item 1 tags[base:sheetmetalsnips;base:metalsaw] mode:keep flags[MayDegradeLight] | item 1 tags[base:metalworkingpunch;base:drillmetal] mode:keep flags[MayDegradeLight] | item 1 tags[base:hammer] mode:keep flags[MayDegradeVeryLight] | item 1 tags[base:thread] | item 1 [Base.Buckle] | item 1 tags[base:scissors;base:sharpknife] mode:keep flags[MayDegradeLight] | item 1 tags[base:sewingneedle] mode:keep flags[MayDegradeLight] | item 1 tags[base:awl] mode:keep flags[MayDegradeLight],item 1 Base.Shoulderpad_MetalScrap_L,recipes/recipes_metalWelding_Armor.txt,147
MakeScrapMetalThighArmor,Base,Metalworking,600,Welding_Surface,AnySurfaceCraft,MetalWelding:5;Tailoring:1,MetalWelding:10;Tailoring:5,true,,MetalWelding:7,,,,,Base.BlowTorch;Base.Buckle;Base.LeatherStrips;Base.NutsBolts;Base.SmallSheetMetal,base:awl;base:drillmetal;base:hammer;base:metalsaw;base:metalworkingpunch;base:scissors;base:sewingneedle;base:sharpknife;base:sheetmetalsnips;base:thread;base:weldingmask;base:wrench,,Base.ThighScrapMetal_L,,false,Base.BlowTorch,,,,,,,no-nutrition: item 2 [Base.BlowTorch] ; not-in-dataset: item 1 [Base.SmallSheetMetal] ; not-in-dataset: item 1 [Base.LeatherStrips] mode:destroy ; not-in-dataset: item 1 [Base.NutsBolts] ; tags-only: item 1 tags[base:thread] ; not-in-dataset: item 2 [Base.Buckle] ; not-in-dataset: item 1 Base.ThighScrapMetal_L,item 2 [Base.BlowTorch] | item 1 tags[base:weldingmask] mode:keep | item 1 [Base.SmallSheetMetal] | item 1 [Base.LeatherStrips] mode:destroy | item 1 [Base.NutsBolts] | item 1 tags[base:wrench] mode:keep flags[MayDegradeLight] | item 1 tags[base:sheetmetalsnips;base:metalsaw] mode:keep flags[MayDegradeLight] | item 1 tags[base:metalworkingpunch;base:drillmetal] mode:keep flags[MayDegradeLight] | item 1 tags[base:hammer] mode:keep flags[MayDegradeVeryLight] | item 1 tags[base:thread] | item 2 [Base.Buckle] | item 1 tags[base:scissors;base:sharpknife] mode:keep flags[MayDegradeLight] | item 1 tags[base:sewingneedle] mode:keep flags[MayDegradeLight] | item 1 tags[base:awl] mode:keep flags[MayDegradeLight],item 1 Base.ThighScrapMetal_L,recipes/recipes_metalWelding_Armor.txt,180
MakeScrapMetalWeapon,Base,Weaponry,600,Welding,AnySurfaceCraft,MetalWelding:5,MetalWelding:50,false,,,,,,,Base.BlowTorch;Base.CircularSawblade_Half;Base.DenimStrips;Base.EngineParts;Base.GardenForkHead;Base.GardenForkHead_Forged;Base.LeatherStrips;Base.MetalBar;Base.MetalPipe;Base.ModernBrake1;Base.ModernBrake2;Base.ModernBrake3;Base.NormalBrake1;Base.NormalBrake2;Base.NormalBrake3;Base.NutsBolts;Base.OldBrake1;Base.OldBrake2;Base.OldBrake3;Base.RakeHead;Base.RippedSheets;Base.ScrapMetal;Base.SpadeHead;Base.SpadeHead_Forged,base:drillmetal;base:weldingmask;base:wrench,,Base.Axe_Sawblade;Base.EngineMaul;Base.ScrapMaul;Base.ScrapWeaponGardenFork;Base.ScrapWeaponRakeHead;Base.ScrapWeaponSpade;Base.ScrapWeapon_Brake,ScrapMapper,false,Base.BlowTorch,,,,,,,no-nutrition: item 6 [Base.BlowTorch] ; multi-type: item 1 [Base.MetalBar;Base.MetalPipe] flags[Prop2] ; not-in-dataset: item 1 [Base.NutsBolts] ; multi-type: item 1 [Base.CircularSawblade_Half;Base.EngineParts;Base.ModernBrake1;Base.ModernBrake2;Base.ModernBrake3;Base.NormalBrake1;Base.NormalBrake2;Base.NormalBrake3;Base.OldBrake1;Base.OldBrake2;Base.OldBrake3;Base.RakeHead;Base.GardenForkHead;Base.GardenForkHead_Forged;Base.SpadeHead;Base.SpadeHead_Forged;Base.ScrapMetal] mappers[ScrapMapper] ; multi-type: item 1 [Base.RippedSheets;Base.DenimStrips;Base.LeatherStrips] mode:destroy ; multi-type: item 1 mapper:ScrapMapper flags[IsBlunt],item 6 [Base.BlowTorch] | item 1 tags[base:weldingmask] mode:keep | item 1 [Base.MetalBar;Base.MetalPipe] flags[Prop2] | item 1 [Base.NutsBolts] | item 1 [Base.CircularSawblade_Half;Base.EngineParts;Base.ModernBrake1;Base.ModernBrake2;Base.ModernBrake3;Base.NormalBrake1;Base.NormalBrake2;Base.NormalBrake3;Base.OldBrake1;Base.OldBrake2;Base.OldBrake3;Base.RakeHead;Base.GardenForkHead;Base.GardenForkHead_Forged;Base.SpadeHead;Base.SpadeHead_Forged;Base.ScrapMetal] mappers[ScrapMapper] | item 1 tags[base:wrench] mode:keep flags[MayDegradeLight] | item 1 tags[base:drillmetal] mode:keep flags[MayDegrade] | item 1 [Base.RippedSheets;Base.DenimStrips;Base.LeatherStrips] mode:destroy,item 1 mapper:ScrapMapper flags[IsBlunt],entities/blacksmith/craftRecipes/recipes_blacksmith_welded_etc_weapons.txt,147
MakeScrapMorningstar,Base,Weaponry,600,Welding_Surface,AnySurfaceCraft,MetalWelding:7,MetalWelding:70,false,,,,,,,Base.AnimalBone;Base.BlowTorch;Base.BoneClub;Base.DenimStrips;Base.LargeAnimalBone;Base.LargeBoneClub;Base.LeatherStrips;Base.MetalBar;Base.MetalPipe;Base.MetalPipe_Broken;Base.RippedSheets;Base.SmallSheetMetal;Base.SteelRodHalf,base:metalsaw;base:sheetmetalsnips;base:weldingmask,,Base.BoneClub_Spiked;Base.LargeBoneClub_Spiked;Base.Morningstar_Scrap;Base.Morningstar_Scrap_Short,HandleMapper,false,Base.BlowTorch,,,,,,,multi-type: item 1 [Base.AnimalBone;Base.BoneClub;Base.LargeAnimalBone;Base.LargeBoneClub;Base.MetalBar;Base.MetalPipe;Base.MetalPipe_Broken;Base.SteelRodHalf] mappers[HandleMapper] flags[Prop2;InheritCondition] ; no-nutrition: item 8 [Base.BlowTorch] ; not-in-dataset: item 1 [Base.SmallSheetMetal] ; multi-type: item 1 [Base.RippedSheets;Base.DenimStrips;Base.LeatherStrips] mode:destroy ; multi-type: item 1 mapper:HandleMapper,item 1 [Base.AnimalBone;Base.BoneClub;Base.LargeAnimalBone;Base.LargeBoneClub;Base.MetalBar;Base.MetalPipe;Base.MetalPipe_Broken;Base.SteelRodHalf] mappers[HandleMapper] flags[Prop2;InheritCondition] | item 8 [Base.BlowTorch] | item 1 tags[base:weldingmask] mode:keep | item 1 tags[base:sheetmetalsnips;base:metalsaw] mode:keep flags[Prop1;MayDegradeLight] | item 1 [Base.SmallSheetMetal] | item 1 [Base.RippedSheets;Base.DenimStrips;Base.LeatherStrips] mode:destroy,item 1 mapper:HandleMapper,entities/blacksmith/craftRecipes/recipes_blacksmith_welded_etc_weapons.txt,246
MakeScrewdriver,Base,Weaponry,300,CraftWeapon1H,InHandCraft,Maintenance:1,Maintenance:20,true,,Maintenance:4;Electricity:4;Mechanics:4,,,,,Base.ButterKnife;Base.Fork;Base.ForkForged;Base.IronBarQuarter;Base.ScrapMetal;Base.Spoon;Base.SpoonForged;Base.SteelBarQuarter,base:file;base:simpleweaponbinding;base:tape;base:whetstone,,Base.Screwdriver_Improvised,,false,,,,,,,,multi-type: item 1 [Base.SteelBarQuarter;Base.IronBarQuarter;Base.ScrapMetal;Base.ButterKnife;Base.Fork;Base.ForkForged;Base.Spoon;Base.SpoonForged] flags[Prop2;InheritCondition] ; tags-only: item 1 tags[base:simpleweaponbinding;base:tape] flags[DontReplace] ; not-in-dataset: item 1 Base.Screwdriver_Improvised,item 1 [Base.SteelBarQuarter;Base.IronBarQuarter;Base.ScrapMetal;Base.ButterKnife;Base.Fork;Base.ForkForged;Base.Spoon;Base.SpoonForged] flags[Prop2;InheritCondition] | item 1 tags[base:whetstone;base:file] mode:keep flags[MayDegrade;Prop1] | item 1 tags[base:simpleweaponbinding;base:tape] flags[DontReplace],item 1 Base.Screwdriver_Improvised,recipes/recipes_improvised_weapons.txt,812
MakeSharpFlintFlake,Base,Knapping,230,HammerStoneStanding,AnySurfaceCraft,,FlintKnapping:10,,,,,,RecipeCodeOnCreate.knappFlake,,Base.FlintNodule,base:hammerstone;base:knappingtool;base:mallet,,Base.SharpedStone,,false,,,,,,,,not-in-dataset: item 1 [Base.FlintNodule] flags[Prop2] ; not-in-dataset: item 1 Base.SharpedStone,item 1 [Base.FlintNodule] flags[Prop2] | item 1 tags[base:hammerstone;base:mallet;base:knappingtool] mode:keep flags[Prop1;MayDegradeLight],item 1 Base.SharpedStone,recipes/recipes_knapping.txt,24
MakeSheetMold,Base,Pottery,100,Craft_PotteryBench,PotteryBench,,Pottery:15,,,,,,,,Base.Clay,base:claytool,,Base.ClaySheetMoldUnfired,,false,,,,,,,,not-in-dataset: item 3 [Base.Clay] ; not-in-dataset: item 1 Base.ClaySheetMoldUnfired,item 3 [Base.Clay] | item 1 tags[base:claytool] mode:keep,item 1 Base.ClaySheetMoldUnfired,entities/pottery/cratRecipes/craftrecipe_potterywheel.txt,212
MakeSheetSlingBag,Base,Tailoring,50,MakeSheetSlingBag,InHandCraft;CanBeDoneInDark,,,,,,,,,,Base.Sheet,,,Base.Bag_SheetSlingBag,,false,,,,,,,,not-in-dataset: item 1 [Base.Sheet] ; not-in-dataset: item 1 Base.Bag_SheetSlingBag,item 1 [Base.Sheet],item 1 Base.Bag_SheetSlingBag,recipes/recipes_tailoring.txt,878
MakeShinBulletproofVestArmor,Base,Tailoring,300,CraftArmourPiece,AnySurfaceCraft,Tailoring:5,Tailoring:45,true,Tailoring:7,,,base:makebulletprooflimbarmor,,,Base.DuctTape;Base.Vest_BulletArmy;Base.Vest_BulletCivilian;Base.Vest_BulletPolice;Base.Vest_BulletSWAT,base:awl;base:heavythread;base:scissors;base:sewingneedle,,Base.GreaveBodyArmour_Left_Army;Base.GreaveBodyArmour_Left_Civ;Base.GreaveBodyArmour_Left_Police;Base.GreaveBodyArmour_Left_SWAT;Base.GreaveBodyArmour_Right_Army;Base.GreaveBodyArmour_Right_Civ;Base.GreaveBodyArmour_Right_Police;Base.GreaveBodyArmour_Right_SWAT,VestMapper1;VestMapper2,false,Base.DuctTape,,,,,,,multi-type: item 1 [Base.Vest_BulletArmy;Base.Vest_BulletCivilian;Base.Vest_BulletPolice;Base.Vest_BulletSWAT] mappers[VestMapper1;VestMapper2] flags[Prop2] ; no-nutrition: item 2 [Base.DuctTape] ; tags-only: item 5 tags[base:heavythread] ; multi-type: item 1 mapper:VestMapper1 ; multi-type: item 1 mapper:VestMapper2,item 1 [Base.Vest_BulletArmy;Base.Vest_BulletCivilian;Base.Vest_BulletPolice;Base.Vest_BulletSWAT] mappers[VestMapper1;VestMapper2] flags[Prop2] | item 2 [Base.DuctTape] | item 1 tags[base:sewingneedle] mode:keep flags[MayDegradeLight] | item 1 tags[base:scissors] mode:keep flags[IsNotDull;MayDegradeLight] | item 5 tags[base:heavythread] | item 1 tags[base:awl] mode:keep flags[MayDegradeLight],item 1 mapper:VestMapper1 | item 1 mapper:VestMapper2,recipes/recipes_tailoring_armor.txt,265
MakeShingleMold,Base,Pottery,180,SawLogs,AnySurfaceCraft;Pottery,,Woodwork:5,,,,,,,,Base.Nails;Base.Plank,base:crudesaw;base:hammer;base:saw;base:smallsaw,,Base.WoodenShingleMold,,false,,,,,,,,not-in-dataset: item 1 [Base.Plank] flags[Prop2] ; not-in-dataset: item 1 [Base.Nails] ; not-in-dataset: item 1 Base.WoodenShingleMold,item 1 tags[base:saw;base:smallsaw;base:crudesaw] mode:keep flags[MayDegradeLight;Prop1] | item 1 tags[base:hammer] mode:keep flags[MayDegradeVeryLight] | item 1 [Base.Plank] flags[Prop2] | item 1 [Base.Nails],item 1 Base.WoodenShingleMold,recipes/recipes_pottery.txt,23
MakeShiv,Base,Weaponry,300,CraftWeapon1H,InHandCraft,Maintenance:1,Maintenance:20,true,Maintenance:4;SmallBlade:1,,,,,,Base.ButterKnife;Base.CrudeSword_Shard;Base.Fork;Base.ForkForged;Base.IronBarQuarter;Base.Katana_Shard;Base.ScrapMetal;Base.SmallSheetMetal;Base.Spoon;Base.SpoonForged;Base.SteelBarQuarter;Base.Sword_Shard;Base.UnusableMetal,base:file;base:metalsaw;base:simpleweaponbinding;base:smallfiles;base:smallsaw;base:tape;base:whetstone,,Base.KnifeShiv,,false,,,,,,,,multi-type: item 1 [Base.SteelBarQuarter;Base.IronBarQuarter;Base.SmallSheetMetal;Base.ScrapMetal;Base.UnusableMetal;Base.ButterKnife;Base.Fork;Base.ForkForged;Base.Spoon;Base.SpoonForged;Base.Katana_Shard;Base.Sword_Shard;Base.CrudeSword_Shard] flags[Prop2] ; tags-only: item 1 tags[base:simpleweaponbinding;base:tape] flags[DontReplace] ; not-in-dataset: item 1 Base.KnifeShiv,item 1 [Base.SteelBarQuarter;Base.IronBarQuarter;Base.SmallSheetMetal;Base.ScrapMetal;Base.UnusableMetal;Base.ButterKnife;Base.Fork;Base.ForkForged;Base.Spoon;Base.SpoonForged;Base.Katana_Shard;Base.Sword_Shard;Base.CrudeSword_Shard] flags[Prop2] | item 1 tags[base:whetstone;base:file;base:smallfiles;base:metalsaw;base:smallsaw] mode:keep flags[MayDegrade;Prop1] | item 1 tags[base:simpleweaponbinding;base:tape] flags[DontReplace],item 1 Base.KnifeShiv,recipes/recipes_improvised_weapons.txt,767
MakeShortbreadCookieDough,Base,Cooking,50,MixingBowl,AnySurfaceCraft;Cooking,,Cooking:3,true,,Cooking:7,,,,,*;Base.BakingTray;Base.Bowl;Base.Butter;Base.ClayBowl,base:flour;base:mixingutensil;base:rollingpin;base:sugar,Water,Base.CookiesShortbreadDough,,true,Base.Bowl;Base.Butter;Base.ClayBowl;Base.CookiesShortbreadDough,,,,,,,not-in-dataset: item 1 [Base.BakingTray] mode:destroy flags[IsEmpty] ; tags-only: item 10 tags[base:sugar] ; tags-only: item 3 tags[base:flour] ; wildcard: item 1 [*],item 1 tags[base:rollingpin] mode:keep flags[MayDegrade] | item 1 tags[base:mixingutensil] mode:keep flags[MayDegradeVeryLight] | item 1 [Base.Bowl;Base.ClayBowl] mode:keep | item 1 [Base.BakingTray] mode:destroy flags[IsEmpty] | item 4 [Base.Butter] | item 10 tags[base:sugar] | item 3 tags[base:flour] | item 1 [*] | -fluid 1.0 [Water],item 1 Base.CookiesShortbreadDough,recipes/recipes_baking.txt,465
MakeSinewThread,Base,Tailoring,200,MakingHammer_Surface,AnySurfaceCraft,,,,,,,,,,Base.AnimalSinew,base:hammer;base:hammerstone;base:knappingtool;base:mallet,,Base.Thread_Sinew,,false,Base.Thread_Sinew,,,,,,,not-in-dataset: item 1 [Base.AnimalSinew] ; no-nutrition: item 1 Base.Thread_Sinew flags[HasOneUse],item 1 [Base.AnimalSinew] | item 1 tags[base:hammerstone;base:hammer;base:mallet;base:knappingtool] mode:keep flags[Prop1;MayDegradeVeryLight],item 1 Base.Thread_Sinew flags[HasOneUse],recipes/recipes_tailoring.txt,790
MakeSmallMetalSheet,Base,Metalworking,250,Welding,InHandCraft;Welding,MetalWelding:4,MetalWelding:25,true,,MetalWelding:6,,,,,Base.BlowTorch;Base.SheetMetal,base:weldingmask,,Base.SmallSheetMetal,,false,Base.BlowTorch,,,,,,,not-in-dataset: item 1 [Base.SheetMetal] ; no-nutrition: item 2 [Base.BlowTorch] ; not-in-dataset: item 4 Base.SmallSheetMetal,item 1 [Base.SheetMetal] | item 2 [Base.BlowTorch] | item 1 tags[base:weldingmask] mode:keep,item 4 Base.SmallSheetMetal,recipes/recipes_metalWelding.txt,63
MakeSmokeBomb,Base,Electrical,80,MakingElectrical,AnySurfaceCraft,,,true,,,,,,,Base.Coldpack;Base.RippedSheets;Base.RippedSheetsDirty,base:newspaper,,Base.SmokeBomb,,false,,,,,,,,not-in-dataset: item 1 [Base.Coldpack] ; multi-type: item 1 [Base.RippedSheets;Base.RippedSheetsDirty] mode:destroy ; tags-only: item 2 tags[base:newspaper] ; not-in-dataset: item 1 Base.SmokeBomb,item 1 [Base.Coldpack] | item 1 [Base.RippedSheets;Base.RippedSheetsDirty] mode:destroy | item 2 tags[base:newspaper],item 1 Base.SmokeBomb,recipes/recipes_traps.txt,335
MakeSmokingPipe,Base,Pottery,100,Craft_PotteryBench,PotteryBench,Pottery:3,Pottery:40,,,,,,,,Base.Clay,base:claytool,,Base.SmokingPipeUnfired,,false,,,,,,,,not-in-dataset: item 1 [Base.Clay] ; not-in-dataset: item 1 Base.SmokingPipeUnfired,item 1 [Base.Clay] | item 1 tags[base:claytool] mode:keep,item 1 Base.SmokingPipeUnfired,entities/pottery/cratRecipes/craftrecipe_potterywheel.txt,230
MakeSnareTrap,Base,Miscellaneous,130,SharpenStakeWood,InHandCraft,Trapping:1,Woodwork:5,true,,Trapping:6,,,,,Base.Plank;Base.Twine,base:crudesaw;base:saw;base:smallsaw,,Base.TrapSnare,,false,Base.Twine,,,,,,,not-in-dataset: item 1 [Base.Plank] flags[Prop2] ; no-nutrition: item 2 [Base.Twine] ; not-in-dataset: item 1 Base.TrapSnare,item 1 tags[base:saw;base:smallsaw;base:crudesaw] mode:keep flags[MayDegradeLight;Prop1] | item 1 [Base.Plank] flags[Prop2] | item 2 [Base.Twine],item 1 Base.TrapSnare,recipes/recipes_trapping.txt,44
MakeSpadeHeadCudgel,Base,Weaponry,600,CraftWeapon2H,AnySurfaceCraft,Woodwork:6,Woodwork:60,true,,Woodwork:9;Axe:9,,,,,Base.IronBandSmall;Base.LargeBranch;Base.NutsBolts;Base.SpadeHead;Base.SpadeHead_Forged,base:carpentrychisel;base:drillmetal;base:mallet;base:saw;base:wrench,,Base.Cudgel_SpadeHead,,false,,,,,,,,not-in-dataset: item 1 [Base.LargeBranch] flags[Prop2;InheritCondition] ; not-in-dataset: item 1 [Base.NutsBolts] ; multi-type: item 1 [Base.SpadeHead;Base.SpadeHead_Forged] flags[IsHeadPart] ; not-in-dataset: item 2 [Base.IronBandSmall] ; not-in-dataset: item 1 Base.Cudgel_SpadeHead,item 1 tags[base:wrench] mode:keep flags[MayDegradeLight] | item 1 tags[base:saw] mode:keep flags[MayDegradeLight] | item 1 tags[base:carpentrychisel] mode:keep flags[MayDegradeLight] | item 1 tags[base:drillmetal] mode:keep flags[MayDegrade] | item 1 tags[base:mallet] mode:keep flags[MayDegradeLight] | item 1 [Base.LargeBranch] flags[Prop2;InheritCondition] | item 1 [Base.NutsBolts] | item 1 [Base.SpadeHead;Base.SpadeHead_Forged] flags[IsHeadPart] | item 2 [Base.IronBandSmall],item 1 Base.Cudgel_SpadeHead,recipes/recipes_improvised_weapons.txt,718
MakeSpikedBaseballBat,Base,Weaponry,900,HammerMetalStanding,Forge,Blacksmith:6,Blacksmith:50,true,Blacksmith:8,,,base:makespikedclub,,,Base.BaseballBat;Base.BaseballBat_Crafted;Base.IronBandSmall,base:charcoal;base:metalpiece;base:metalworkingpunch;base:smithinghammer;base:tongs,,Base.BaseballBat_Spiked,,false,,,,,,,,tags-only: item 8 tags[base:charcoal] ; not-in-dataset: item 2 [Base.IronBandSmall] ; tags-only: item 10 tags[base:metalpiece] ; multi-type: item 1 [Base.BaseballBat;Base.BaseballBat_Crafted] flags[InheritCondition] ; not-in-dataset: item 1 Base.BaseballBat_Spiked,item 8 tags[base:charcoal] | item 2 [Base.IronBandSmall] | item 10 tags[base:metalpiece] | item 1 tags[base:smithinghammer] mode:keep flags[Prop1;MayDegradeLight] | item 1 tags[base:tongs] mode:keep flags[Prop2;MayDegradeLight] | item 1 tags[base:metalworkingpunch] mode:keep flags[MayDegradeLight] | item 1 [Base.BaseballBat;Base.BaseballBat_Crafted] flags[InheritCondition],item 1 Base.BaseballBat_Spiked,entities/blacksmith/craftRecipes/recipes_blacksmith_heads.txt,207
MakeSpikedClub,Base,Weaponry,500,HammerMetalStanding,Forge,Blacksmith:5,Blacksmith:50,true,Blacksmith:8,,,,,,Base.AnimalBone;Base.BoneClub;Base.IronBandSmall;Base.LargeAnimalBone;Base.LargeBoneClub;Base.LongHandle;Base.ShortBat,base:charcoal;base:metalpiece;base:metalworkingpunch;base:smithinghammer;base:tongs,,Base.BoneClub_Spiked;Base.LargeBoneClub_Spiked;Base.LongSpikedClub;Base.SpikedShortBat,ClubMapper,false,,,,,,,,tags-only: item 4 tags[base:charcoal] ; not-in-dataset: item 1 [Base.IronBandSmall] ; tags-only: item 5 tags[base:metalpiece] ; multi-type: item 1 [Base.AnimalBone;Base.BoneClub;Base.LargeAnimalBone;Base.LargeBoneClub;Base.LongHandle;Base.ShortBat] flags[InheritCondition] mappers[ClubMapper] ; multi-type: item 1 mapper:ClubMapper,item 4 tags[base:charcoal] | item 1 [Base.IronBandSmall] | item 5 tags[base:metalpiece] | item 1 tags[base:smithinghammer] mode:keep flags[Prop1;MayDegradeLight] | item 1 tags[base:tongs] mode:keep flags[Prop2;MayDegradeLight] | item 1 tags[base:metalworkingpunch] mode:keep flags[MayDegradeLight] | item 1 [Base.AnimalBone;Base.BoneClub;Base.LargeAnimalBone;Base.LargeBoneClub;Base.LongHandle;Base.ShortBat] flags[InheritCondition] mappers[ClubMapper],item 1 mapper:ClubMapper,entities/blacksmith/craftRecipes/recipes_blacksmith_heads.txt,171
MakeSpikedCudgel,Base,Weaponry,900,HammerMetalStanding,Forge,Blacksmith:7,Blacksmith:50,true,Blacksmith:8,,,base:makespikedclub,,,Base.IronBandSmall;Base.LargeBranch,base:charcoal;base:metalpiece;base:metalworkingpunch;base:smithinghammer;base:tongs,,Base.Cudgel_Spike,,false,,,,,,,,tags-only: item 8 tags[base:charcoal] ; not-in-dataset: item 2 [Base.IronBandSmall] ; tags-only: item 10 tags[base:metalpiece] ; not-in-dataset: item 1 [Base.LargeBranch] flags[InheritCondition] ; not-in-dataset: item 1 Base.Cudgel_Spike,item 8 tags[base:charcoal] | item 2 [Base.IronBandSmall] | item 10 tags[base:metalpiece] | item 1 tags[base:smithinghammer] mode:keep flags[Prop1;MayDegradeLight] | item 1 tags[base:tongs] mode:keep flags[Prop2;MayDegradeLight] | item 1 tags[base:metalworkingpunch] mode:keep flags[MayDegradeLight] | item 1 [Base.LargeBranch] flags[InheritCondition],item 1 Base.Cudgel_Spike,entities/blacksmith/craftRecipes/recipes_blacksmith_heads.txt,234
MakeSplint,Base,Medical,70,Making,InHandCraft;Health,,,,,,,,,,Base.DenimStrips;Base.DenimStripsDirty;Base.LeatherStrips;Base.LeatherStripsDirty;Base.Plank;Base.RippedSheets;Base.RippedSheetsDirty;Base.TreeBranch2;Base.WoodenStick2,,,Base.Splint,,false,,,,,,,,multi-type: item 1 [Base.RippedSheets;Base.RippedSheetsDirty;Base.DenimStrips;Base.DenimStripsDirty;Base.LeatherStrips;Base.LeatherStripsDirty] mode:destroy ; multi-type: item 1 [Base.Plank;Base.TreeBranch2;Base.WoodenStick2] ; not-in-dataset: item 1 Base.Splint,item 1 [Base.RippedSheets;Base.RippedSheetsDirty;Base.DenimStrips;Base.DenimStripsDirty;Base.LeatherStrips;Base.LeatherStripsDirty] mode:destroy | item 1 [Base.Plank;Base.TreeBranch2;Base.WoodenStick2],item 1 Base.Splint,recipes/recipes_medical.txt,133
MakeSquidCalamari,Base,Cooking,30,SliceMeat_Surface,AnySurfaceCraft;Cooking,,Cooking:3,,,,,,,,Base.Squid,base:meatcleaver;base:sharpknife,,Base.SquidCalamari,,false,Base.Squid;Base.SquidCalamari,5.0,5.0,-13.0,3.48,10.0,0.0,,item 1 tags[base:sharpknife;base:meatcleaver] mode:keep flags[IsNotDull;SharpnessCheck] | item 1 [Base.Squid] flags[InheritFoodAge;ItemCount],item 2 Base.SquidCalamari,recipes/recipes_cooking.txt,940
MakeStagHeadTrophy,Base,Carpentry,500,Making,AnySurfaceCraft,Woodwork:4;Tailoring:4,Woodwork:40;Tailoring:40,true,Woodwork:6;Tailoring:6,,,,,,Base.CottonBalls;Base.Deer_Buck_Head;Base.Nails;Base.Plank;Base.RippedSheets,base:awl;base:hammer;base:heavythread;base:saw;base:scissors;base:sewingneedle;base:sharpknife;base:smallsaw,,Base.Mov_HuntingTrophy,,false,Base.Deer_Buck_Head,,,,,,,no-nutrition: item 1 [Base.Deer_Buck_Head] flags[ItemCount] mode:destroy ; not-in-dataset: item 2 [Base.Plank] ; not-in-dataset: item 2 [Base.Nails] ; tags-only: item 2 tags[base:heavythread] ; multi-type: item 10 [Base.RippedSheets;Base.CottonBalls] ; not-in-dataset: item 1 Base.Mov_HuntingTrophy,item 1 [Base.Deer_Buck_Head] flags[ItemCount] mode:destroy | item 1 tags[base:sharpknife;base:scissors] mode:keep flags[IsNotDull;MayDegradeLight] | item 1 tags[base:hammer] mode:keep flags[MayDegradeVeryLight] | item 1 tags[base:saw;base:smallsaw] mode:keep flags[MayDegradeLight] | item 2 [Base.Plank] | item 2 [Base.Nails] | item 1 tags[base:sewingneedle] mode:keep flags[MayDegradeLight] | item 1 tags[base:awl] mode:keep flags[MayDegradeLight] | item 2 tags[base:heavythread] | item 10 [Base.RippedSheets;Base.CottonBalls],item 1 Base.Mov_HuntingTrophy,recipes/recipes_carpentry.txt,492
MakeStake,Base,Carving,100,SharpenStakeWood,InHandCraft,,Carving:5,,,,,,RecipeCodeOnCreate.minorCondition,,Base.Handle;Base.LongHandle;Base.LongHandle_Broken;Base.LongStick;Base.LongStick_Broken;Base.Plunger;Base.TreeBranch2;Base.WoodenStick2,base:meatcleaver;base:sharpknife,,Base.Stake,,false,,,,,,,,multi-type: item 1 [Base.TreeBranch2;Base.Handle;Base.LongStick_Broken;Base.WoodenStick2;Base.LongHandle_Broken;Base.LongHandle;Base.LongStick;Base.Plunger] flags[AllowDestroyedItem] ; not-in-dataset: item 1 Base.Stake,item 1 tags[base:sharpknife;base:meatcleaver] mode:keep flags[MayDegrade;IsNotDull] | item 1 [Base.TreeBranch2;Base.Handle;Base.LongStick_Broken;Base.WoodenStick2;Base.LongHandle_Broken;Base.LongHandle;Base.LongStick;Base.Plunger] flags[AllowDestroyedItem],item 1 Base.Stake,recipes/recipes_carving.txt,3
MakeStickTrap,Base,Miscellaneous,120,SharpenStakeWood,InHandCraft;Trapper,,,true,,Trapping:2,,,,,Base.Twine;Base.WoodenStick2,,,Base.TrapStick,,false,Base.Twine,,,,,,,not-in-dataset: item 4 [Base.WoodenStick2] ; no-nutrition: item 1 [Base.Twine] ; not-in-dataset: item 1 Base.TrapStick,item 4 [Base.WoodenStick2] | item 1 [Base.Twine],item 1 Base.TrapStick,recipes/recipes_trapping.txt,25
MakeStoneAwl,Base,Knapping,230,Chisel_Surface,AnySurfaceCraft,,FlintKnapping:10,true,,FlintKnapping:2,,,RecipeCodeOnCreate.minorCondition,,Base.SharpedStone,base:hammerstone;base:knappingtool;base:mallet,,Base.Awl_Stone,,false,,,,,,,,not-in-dataset: item 1 [Base.SharpedStone] flags[Prop2] ; not-in-dataset: item 1 Base.Awl_Stone,item 1 [Base.SharpedStone] flags[Prop2] | item 1 tags[base:hammerstone;base:mallet;base:knappingtool] mode:keep flags[MayDegradeLight;Prop1],item 1 Base.Awl_Stone,recipes/recipes_knapping.txt,3
MakeStoneBlade,Base,Knapping,230,HammerStoneStanding,AnySurfaceCraft,FlintKnapping:1,FlintKnapping:20,true,,FlintKnapping:3,,,RecipeCodeOnCreate.minorCondition,,Base.SharpedStone,base:hammerstone;base:knappingtool;base:mallet,,Base.StoneBlade,,false,,,,,,,,not-in-dataset: item 1 [Base.SharpedStone] flags[Prop2] ; not-in-dataset: item 1 Base.StoneBlade,item 1 [Base.SharpedStone] flags[Prop2] | item 1 tags[base:hammerstone;base:mallet;base:knappingtool] mode:keep flags[Prop1;MayDegradeLight],item 1 Base.StoneBlade,recipes/recipes_knapping.txt,130
MakeStoneBladeSaw,Base,Knapping,230,HammerStoneStanding,AnySurfaceCraft,FlintKnapping:3,FlintKnapping:40,true,,FlintKnapping:6,,,RecipeCodeOnCreate.minorCondition,,Base.Handle;Base.LeatherStrips;Base.SharpedStone;Base.TreeBranch2;Base.Twine,base:hammerstone;base:knappingtool;base:mallet,,Base.Saw_Flint,,false,Base.Twine,,,,,,,multi-type: item 1 [Base.TreeBranch2;Base.Handle] flags[InheritCondition] ; not-in-dataset: item 1 [Base.SharpedStone] flags[Prop2] ; multi-type: item 1 [Base.Twine;Base.LeatherStrips] flags[DontReplace] ; not-in-dataset: item 1 Base.Saw_Flint,item 1 [Base.TreeBranch2;Base.Handle] flags[InheritCondition] | item 1 [Base.SharpedStone] flags[Prop2] | item 1 [Base.Twine;Base.LeatherStrips] flags[DontReplace] | item 1 tags[base:hammerstone;base:mallet;base:knappingtool] mode:keep flags[Prop1;MayDegradeLight],item 1 Base.Saw_Flint,recipes/recipes_knapping.txt,219
MakeStoneBladeScythe,Base,Knapping,230,HammerStoneStanding,AnySurfaceCraft,FlintKnapping:2,FlintKnapping:30,true,,FlintKnapping:5,,,RecipeCodeOnCreate.minorCondition,,Base.Handle;Base.SharpedStone;Base.TreeBranch2,base:hammerstone;base:knappingtool;base:mallet,,Base.PrimitiveScythe,,false,,,,,,,,multi-type: item 1 [Base.TreeBranch2;Base.Handle] flags[InheritCondition] ; not-in-dataset: item 1 [Base.SharpedStone] flags[Prop2] ; not-in-dataset: item 1 Base.PrimitiveScythe,item 1 [Base.TreeBranch2;Base.Handle] flags[InheritCondition] | item 1 [Base.SharpedStone] flags[Prop2] | item 1 tags[base:hammerstone;base:mallet;base:knappingtool] mode:keep flags[Prop1;MayDegradeLight],item 1 Base.PrimitiveScythe,recipes/recipes_knapping.txt,174
MakeStoneChisel,Base,Knapping,230,HammerStoneStanding,AnySurfaceCraft,FlintKnapping:1,FlintKnapping:20,true,,FlintKnapping:4,,,RecipeCodeOnCreate.minorCondition,,Base.SharpedStone,base:hammerstone;base:knappingtool;base:mallet,,Base.StoneChisel,,false,,,,,,,,not-in-dataset: item 2 [Base.SharpedStone] ; not-in-dataset: item 1 Base.StoneChisel,item 2 [Base.SharpedStone] | item 1 tags[base:hammerstone;base:mallet;base:knappingtool] mode:keep flags[MayDegradeLight;Prop1],item 1 Base.StoneChisel,recipes/recipes_knapping.txt,197
MakeStoneDrill,Base,Knapping,230,HammerStoneStanding,AnySurfaceCraft,FlintKnapping:5,FlintKnapping:60,true,,FlintKnapping:8,,,RecipeCodeOnCreate.minorCondition,,Base.SharpedStone,base:clubhammer;base:crudechisel;base:hammer;base:hammerstone;base:knappingtool;base:mallet;base:masonschisel,,Base.StoneDrill,,false,,,,,,,,not-in-dataset: item 1 [Base.SharpedStone] ; not-in-dataset: item 1 Base.StoneDrill,item 1 [Base.SharpedStone] | item 1 tags[base:hammer;base:clubhammer;base:hammerstone;base:mallet;base:knappingtool] mode:keep flags[MayDegradeLight;Prop1] | item 1 tags[base:crudechisel;base:masonschisel] mode:keep flags[MayDegradeLight;Prop2],item 1 Base.StoneDrill,recipes/recipes_knapping.txt,287
MakeStoneHammer,Base,Assembly,230,CraftWeapon1H,AnySurfaceCraft,Maintenance:1,Maintenance:5,false,,,,,,,Base.Stone2;Base.TreeBranch2,base:sharpknife;base:simpleweaponbinding,,Base.HammerStone,,false,,,,,,,,not-in-dataset: item 1 [Base.TreeBranch2] flags[Prop2;InheritCondition] ; not-in-dataset: item 1 [Base.Stone2] flags[Prop1;Prop1;IsHeadPart] ; tags-only: item 2 tags[base:simpleweaponbinding] flags[DontReplace] ; not-in-dataset: item 1 Base.HammerStone,item 1 [Base.TreeBranch2] flags[Prop2;InheritCondition] | item 1 [Base.Stone2] flags[Prop1;Prop1;IsHeadPart] | item 2 tags[base:simpleweaponbinding] flags[DontReplace] | item 1 tags[base:sharpknife] mode:keep flags[IsNotDull;MayDegradeLight],item 1 Base.HammerStone,recipes/recipes_knapping.txt,64
MakeStoneMaceHead,Base,Masonry,300,HammerStoneStanding,AnySurfaceCraft;CanBeDoneFromFloor,Masonry:8,Masonry:80,false,,,,,RecipeCodeOnCreate.minorCondition,,Base.FlatStone,base:clubhammer;base:masonschisel,,Base.StoneMaceHead,,false,,,,,,,,not-in-dataset: item 1 [Base.FlatStone] flags[Prop2] ; not-in-dataset: item 1 Base.StoneMaceHead,item 1 [Base.FlatStone] flags[Prop2] | item 1 tags[base:clubhammer] mode:keep flags[MayDegradeLight;Prop1] | item 1 tags[base:masonschisel] mode:keep flags[MayDegradeLight],item 1 Base.StoneMaceHead,entities/blacksmith/craftRecipes/recipes_stonemasonry_i.txt,144
MakeStoneMaul,Base,Assembly,230,CraftWeapon2H,AnySurfaceCraft,Maintenance:1,Maintenance:5,false,,,,,,,Base.LongHandle;Base.StoneMaulHead,base:sharpknife;base:simpleweaponbinding,,Base.StoneMaul,,false,,,,,,,,not-in-dataset: item 1 [Base.LongHandle] flags[Prop2;InheritCondition] ; not-in-dataset: item 1 [Base.StoneMaulHead] flags[Prop1;IsHeadPart] ; tags-only: item 3 tags[base:simpleweaponbinding] flags[DontReplace] ; not-in-dataset: item 1 Base.StoneMaul,item 1 [Base.LongHandle] flags[Prop2;InheritCondition] | item 1 [Base.StoneMaulHead] flags[Prop1;IsHeadPart] | item 3 tags[base:simpleweaponbinding] flags[DontReplace] | item 1 tags[base:sharpknife] mode:keep flags[IsNotDull;MayDegradeLight],item 1 Base.StoneMaul,recipes/recipes_knapping.txt,108
MakeStoneMaulHead,Base,Knapping,230,HammerStoneStanding,AnySurfaceCraft;CanBeDoneFromFloor,FlintKnapping:5,FlintKnapping:60,true,,FlintKnapping:8,,,RecipeCodeOnCreate.minorCondition,,Base.FlatStone,base:hammerstone;base:knappingtool;base:mallet,,Base.StoneMaulHead,,false,,,,,,,,not-in-dataset: item 1 [Base.FlatStone] flags[Prop2] ; not-in-dataset: item 1 Base.StoneMaulHead,item 1 [Base.FlatStone] flags[Prop2] | item 1 tags[base:hammerstone;base:mallet;base:knappingtool] mode:keep flags[Prop1;MayDegradeLight],item 1 Base.StoneMaulHead,recipes/recipes_knapping.txt,265
MakeStoneMaulHead2,Base,Masonry,300,HammerStoneStanding,AnySurfaceCraft;CanBeDoneFromFloor,Masonry:7,Masonry:70,false,,,,,RecipeCodeOnCreate.minorCondition,,Base.FlatStone,base:clubhammer;base:masonschisel,,Base.StoneMaulHead,,false,,,,,,,,not-in-dataset: item 1 [Base.FlatStone] flags[Prop2] ; not-in-dataset: item 1 Base.StoneMaulHead,item 1 [Base.FlatStone] flags[Prop2] | item 1 tags[base:clubhammer] mode:keep flags[MayDegradeLight;Prop1] | item 1 tags[base:masonschisel] mode:keep flags[MayDegradeLight],item 1 Base.StoneMaulHead,entities/blacksmith/craftRecipes/recipes_stonemasonry_i.txt,122
MakeSugarCookieDough,Base,Cooking,50,MixingBowl,AnySurfaceCraft;Cooking,,Cooking:3,true,,Cooking:7,,,,,*;Base.BakingSoda;Base.BakingTray;Base.Bowl;Base.ClayBowl,base:bakingfat;base:egg;base:flour;base:mixingutensil;base:rollingpin;base:sugar,Water,Base.CookiesSugarDough,,true,Base.BakingSoda;Base.Bowl;Base.ClayBowl;Base.CookiesSugarDough,,,,,,,not-in-dataset: item 1 [Base.BakingTray] mode:destroy flags[IsEmpty] ; tags-only: item 2 tags[base:bakingfat] ; tags-only: item 10 tags[base:sugar] ; tags-only: item 2 tags[base:egg] flags[IsUncookedFoodItem;InheritFoodAge;ItemCount] ; no-nutrition: item 1 [Base.BakingSoda] ; tags-only: item 3 tags[base:flour] ; wildcard: item 1 [*],item 1 tags[base:rollingpin] mode:keep flags[MayDegrade] | item 1 tags[base:mixingutensil] mode:keep flags[MayDegradeVeryLight] | item 1 [Base.Bowl;Base.ClayBowl] mode:keep | item 1 [Base.BakingTray] mode:destroy flags[IsEmpty] | item 2 tags[base:bakingfat] | item 10 tags[base:sugar] | item 2 tags[base:egg] flags[IsUncookedFoodItem;InheritFoodAge;ItemCount] | item 1 [Base.BakingSoda] | item 3 tags[base:flour] | item 1 [*] | -fluid 1.0 [Water],item 1 Base.CookiesSugarDough,recipes/recipes_baking.txt,436
MakeSushi,Base,Cooking,30,SliceMeat_Surface,AnySurfaceCraft;Cooking,,Cooking:3,true,,Cooking:6,,,RecipeCodeOnCreate.makeSushi,,Base.RiceVinegar,base:fishmeat;base:meatcleaver;base:ricerecipe;base:sharpknife,,Base.SushiFish,,false,Base.RiceVinegar;Base.SushiFish,,,,,,,tags-only: item 4 tags[base:fishmeat] flags[IsUncookedFoodItem;InheritFoodAge] ; tags-only: item 2 tags[base:ricerecipe] flags[IsCookedFoodItem],item 1 tags[base:sharpknife;base:meatcleaver] mode:keep flags[IsNotDull;SharpnessCheck] | item 4 tags[base:fishmeat] flags[IsUncookedFoodItem;InheritFoodAge] | item 2 tags[base:ricerecipe] flags[IsCookedFoodItem] | item 1 [Base.RiceVinegar],item 1 Base.SushiFish,recipes/recipes_cooking.txt,867
MakeTarpApron,Base,Tailoring,200,SewingCloth,AnySurfaceCraft,,Tailoring:6,,,,,,,,Base.DuctTape;Base.TarpPiece,base:scissors;base:sharpknife,,Base.Apron_Tarp,,false,Base.DuctTape,,,,,,,not-in-dataset: item 3 [Base.TarpPiece] flags[Prop2] ; no-nutrition: item 3 [Base.DuctTape] ; not-in-dataset: item 1 Base.Apron_Tarp,item 3 [Base.TarpPiece] flags[Prop2] | item 3 [Base.DuctTape] | item 1 tags[base:sharpknife;base:scissors] mode:keep flags[SharpnessCheck;IsNotDull],item 1 Base.Apron_Tarp,recipes/recipes_tailoring_garbageTapeAndTarp.txt,187
MakeTarpBandeau,Base,Tailoring,200,SewingCloth,AnySurfaceCraft,,Tailoring:6,,,,,,,,Base.DuctTape;Base.TarpPiece,base:scissors;base:sharpknife,,Base.Bandeau_Tarp,,false,Base.DuctTape,,,,,,,not-in-dataset: item 1 [Base.TarpPiece] flags[Prop2] ; no-nutrition: item 1 [Base.DuctTape] ; not-in-dataset: item 1 Base.Bandeau_Tarp,item 1 [Base.TarpPiece] flags[Prop2] | item 1 [Base.DuctTape] | item 1 tags[base:sharpknife;base:scissors] mode:keep flags[SharpnessCheck;IsNotDull],item 1 Base.Bandeau_Tarp,recipes/recipes_tailoring_garbageTapeAndTarp.txt,504
MakeTarpBriefs,Base,Tailoring,300,SewingCloth,AnySurfaceCraft,,Tailoring:6,,,,,,,,Base.DuctTape;Base.TarpPiece,base:scissors;base:sharpknife,,Base.Briefs_Tarp,,false,Base.DuctTape,,,,,,,not-in-dataset: item 1 [Base.TarpPiece] flags[Prop2] ; no-nutrition: item 1 [Base.DuctTape] ; not-in-dataset: item 1 Base.Briefs_Tarp,item 1 [Base.TarpPiece] flags[Prop2] | item 1 [Base.DuctTape] | item 1 tags[base:sharpknife;base:scissors] mode:keep flags[SharpnessCheck;IsNotDull],item 1 Base.Briefs_Tarp,recipes/recipes_tailoring_garbageTapeAndTarp.txt,523
MakeTarpChestRig,Base,Tailoring,200,SewingCloth,AnySurfaceCraft,Tailoring:4,Tailoring:38,true,,,,,,,Base.DuctTape;Base.TarpPiece,base:scissors;base:sewingneedle;base:thread,,Base.Bag_ChestRig_Tarp,,false,Base.DuctTape,,,,,,,not-in-dataset: item 3 [Base.TarpPiece] flags[Prop2] ; no-nutrition: item 6 [Base.DuctTape] ; tags-only: item 4 tags[base:thread] ; not-in-dataset: item 1 Base.Bag_ChestRig_Tarp,item 3 [Base.TarpPiece] flags[Prop2] | item 6 [Base.DuctTape] | item 1 tags[base:scissors] mode:keep flags[SharpnessCheck;IsNotDull] | item 1 tags[base:sewingneedle] mode:keep flags[MayDegradeLight] | item 4 tags[base:thread],item 1 Base.Bag_ChestRig_Tarp,recipes/recipes_tailoring_garbageTapeAndTarp.txt,542
MakeTarpDress,Base,Tailoring,200,SewingCloth,AnySurfaceCraft,,Tailoring:6,,,,,,,,Base.DuctTape;Base.TarpPiece,base:scissors;base:sharpknife,,Base.Dress_SmallTarpStrapless,,false,Base.DuctTape,,,,,,,not-in-dataset: item 3 [Base.TarpPiece] flags[Prop2] ; no-nutrition: item 3 [Base.DuctTape] ; not-in-dataset: item 1 Base.Dress_SmallTarpStrapless,item 3 [Base.TarpPiece] flags[Prop2] | item 3 [Base.DuctTape] | item 1 tags[base:sharpknife;base:scissors] mode:keep flags[SharpnessCheck;IsNotDull],item 1 Base.Dress_SmallTarpStrapless,recipes/recipes_tailoring_garbageTapeAndTarp.txt,409
MakeTarpHeadSack,Base,Tailoring,200,SewingCloth,AnySurfaceCraft,,Tailoring:6,,,,,,,,Base.DuctTape;Base.TarpPiece,base:scissors;base:sharpknife,,Base.Hat_HeadSack_Tarp,,false,Base.DuctTape,,,,,,,not-in-dataset: item 1 [Base.TarpPiece] flags[Prop2;IsEmpty] ; no-nutrition: item 1 [Base.DuctTape] ; not-in-dataset: item 1 Base.Hat_HeadSack_Tarp,item 1 [Base.TarpPiece] flags[Prop2;IsEmpty] | item 1 [Base.DuctTape] | item 1 tags[base:sharpknife;base:scissors] mode:keep flags[SharpnessCheck;IsNotDull],item 1 Base.Hat_HeadSack_Tarp,recipes/recipes_tailoring_garbageTapeAndTarp.txt,263
MakeTarpKneeSkirt,Base,Tailoring,200,SewingCloth,AnySurfaceCraft,,Tailoring:6,,,,,,,,Base.DuctTape;Base.TarpPiece,base:scissors;base:sharpknife,,Base.Skirt_Knees_Tarp,,false,Base.DuctTape,,,,,,,not-in-dataset: item 2 [Base.TarpPiece] flags[Prop2] ; no-nutrition: item 2 [Base.DuctTape] ; not-in-dataset: item 1 Base.Skirt_Knees_Tarp,item 2 [Base.TarpPiece] flags[Prop2] | item 2 [Base.DuctTape] | item 1 tags[base:sharpknife;base:scissors] mode:keep flags[SharpnessCheck;IsNotDull],item 1 Base.Skirt_Knees_Tarp,recipes/recipes_tailoring_garbageTapeAndTarp.txt,447
MakeTarpLongSkirt,Base,Tailoring,200,SewingCloth,AnySurfaceCraft,,Tailoring:6,,,,,,,,Base.DuctTape;Base.TarpPiece,base:scissors;base:sharpknife,,Base.Skirt_Long_Tarp,,false,Base.DuctTape,,,,,,,not-in-dataset: item 4 [Base.TarpPiece] flags[Prop2] ; no-nutrition: item 3 [Base.DuctTape] ; not-in-dataset: item 1 Base.Skirt_Long_Tarp,item 4 [Base.TarpPiece] flags[Prop2] | item 3 [Base.DuctTape] | item 1 tags[base:sharpknife;base:scissors] mode:keep flags[SharpnessCheck;IsNotDull],item 1 Base.Skirt_Long_Tarp,recipes/recipes_tailoring_garbageTapeAndTarp.txt,466
MakeTarpPoncho,Base,Tailoring,200,SewingCloth,AnySurfaceCraft,Tailoring:1,Tailoring:9,,,,,,,,Base.DuctTape;Base.Tarp,base:scissors;base:sharpknife,,Base.PonchoTarp,,false,Base.DuctTape,,,,,,,not-in-dataset: item 1 [Base.Tarp] flags[Prop2;IsEmpty] ; no-nutrition: item 3 [Base.DuctTape] ; not-in-dataset: item 1 Base.PonchoTarp,item 1 [Base.Tarp] flags[Prop2;IsEmpty] | item 3 [Base.DuctTape] | item 1 tags[base:sharpknife;base:scissors] mode:keep flags[SharpnessCheck;IsNotDull],item 1 Base.PonchoTarp,recipes/recipes_tailoring_garbageTapeAndTarp.txt,148
MakeTarpShortSkirt,Base,Tailoring,200,SewingCloth,AnySurfaceCraft,,Tailoring:6,,,,,,,,Base.DuctTape;Base.TarpPiece,base:scissors;base:sharpknife,,Base.Skirt_Short_Tarp,,false,Base.DuctTape,,,,,,,not-in-dataset: item 1 [Base.TarpPiece] flags[Prop2] ; no-nutrition: item 1 [Base.DuctTape] ; not-in-dataset: item 1 Base.Skirt_Short_Tarp,item 1 [Base.TarpPiece] flags[Prop2] | item 1 [Base.DuctTape] | item 1 tags[base:sharpknife;base:scissors] mode:keep flags[SharpnessCheck;IsNotDull],item 1 Base.Skirt_Short_Tarp,recipes/recipes_tailoring_garbageTapeAndTarp.txt,485
MakeTarpSkirt,Base,Tailoring,200,SewingCloth,AnySurfaceCraft,,Tailoring:6,,,,,,,,Base.DuctTape;Base.TarpPiece,base:scissors;base:sharpknife,,Base.Skirt_Normal_Tarp,,false,Base.DuctTape,,,,,,,not-in-dataset: item 3 [Base.TarpPiece] flags[Prop2] ; no-nutrition: item 2 [Base.DuctTape] ; not-in-dataset: item 1 Base.Skirt_Normal_Tarp,item 3 [Base.TarpPiece] flags[Prop2] | item 2 [Base.DuctTape] | item 1 tags[base:sharpknife;base:scissors] mode:keep flags[SharpnessCheck;IsNotDull],item 1 Base.Skirt_Normal_Tarp,recipes/recipes_tailoring_garbageTapeAndTarp.txt,428
MakeTarpSlingBag,Base,Tailoring,100,MakeSheetSlingBag,InHandCraft,,,,,,,,,,Base.DuctTape;Base.Tarp,,,Base.Bag_TarpSlingBag,,false,Base.DuctTape,,,,,,,not-in-dataset: item 1 [Base.Tarp] ; no-nutrition: item 2 [Base.DuctTape] ; not-in-dataset: item 1 Base.Bag_TarpSlingBag,item 1 [Base.Tarp] | item 2 [Base.DuctTape],item 1 Base.Bag_TarpSlingBag,recipes/recipes_tailoring_garbageTapeAndTarp.txt,565
MakeTarpTankTop,Base,Tailoring,200,SewingCloth,AnySurfaceCraft,,Tailoring:6,true,,,,,,,Base.DuctTape;Base.TarpPiece,base:scissors;base:sharpknife,,Base.Vest_Tarp,,false,Base.DuctTape,,,,,,,not-in-dataset: item 2 [Base.TarpPiece] flags[Prop2;IsEmpty] ; no-nutrition: item 2 [Base.DuctTape] ; not-in-dataset: item 1 Base.Vest_Tarp,item 2 [Base.TarpPiece] flags[Prop2;IsEmpty] | item 2 [Base.DuctTape] | item 1 tags[base:sharpknife;base:scissors] mode:keep flags[SharpnessCheck;IsNotDull],item 1 Base.Vest_Tarp,recipes/recipes_tailoring_garbageTapeAndTarp.txt,225
MakeTentKit,Base,Miscellaneous,120,Making,InHandCraft,,,,,,,,,,Base.LongStick;Base.Sapling;Base.Tarp;Base.TreeBranch2;Base.WoodenStick2,base:tentpeg,,Base.ImprovisedTentKit,,false,,,,,,,,not-in-dataset: item 1 [Base.Tarp] ; tags-only: item 4 tags[base:tentpeg] ; multi-type: item 2 [Base.WoodenStick2;Base.TreeBranch2] ; multi-type: item 1 [Base.LongStick;Base.Sapling] ; not-in-dataset: item 1 Base.ImprovisedTentKit,item 1 [Base.Tarp] | item 4 tags[base:tentpeg] | item 2 [Base.WoodenStick2;Base.TreeBranch2] | item 1 [Base.LongStick;Base.Sapling],item 1 Base.ImprovisedTentKit,recipes/recipes_camping.txt,3
MakeThighBulletproofVestArmor,Base,Tailoring,300,CraftArmourPiece,AnySurfaceCraft,Tailoring:5,Tailoring:45,true,Tailoring:7,,,base:makebulletprooflimbarmor,,,Base.DuctTape;Base.Vest_BulletArmy;Base.Vest_BulletCivilian;Base.Vest_BulletPolice;Base.Vest_BulletSWAT,base:awl;base:heavythread;base:scissors;base:sewingneedle,,Base.ThighBodyArmour_L_Army;Base.ThighBodyArmour_L_Civ;Base.ThighBodyArmour_L_Police;Base.ThighBodyArmour_L_SWAT;Base.ThighBodyArmour_R_Army;Base.ThighBodyArmour_R_Civ;Base.ThighBodyArmour_R_Police;Base.ThighBodyArmour_R_SWAT,VestMapper1;VestMapper2,false,Base.DuctTape,,,,,,,multi-type: item 1 [Base.Vest_BulletArmy;Base.Vest_BulletCivilian;Base.Vest_BulletPolice;Base.Vest_BulletSWAT] mappers[VestMapper1;VestMapper2] flags[Prop2] ; no-nutrition: item 2 [Base.DuctTape] ; tags-only: item 5 tags[base:heavythread] ; multi-type: item 1 mapper:VestMapper1 ; multi-type: item 1 mapper:VestMapper2,item 1 [Base.Vest_BulletArmy;Base.Vest_BulletCivilian;Base.Vest_BulletPolice;Base.Vest_BulletSWAT] mappers[VestMapper1;VestMapper2] flags[Prop2] | item 2 [Base.DuctTape] | item 1 tags[base:sewingneedle] mode:keep flags[MayDegradeLight] | item 1 tags[base:scissors] mode:keep flags[IsNotDull;MayDegradeLight] | item 5 tags[base:heavythread] | item 1 tags[base:awl] mode:keep flags[MayDegradeLight],item 1 mapper:VestMapper1 | item 1 mapper:VestMapper2,recipes/recipes_tailoring_armor.txt,308
MakeThreeLogStack,Base,Carpentry,60,Making,InHandCraft;CanBeDoneFromFloor,,,,,,,,RecipeCodeOnCreate.createLogStack,,Base.Log,base:rope,,Base.LogStacks3,,false,,,,,,,,not-in-dataset: item 3 [Base.Log] ; tags-only: item 2 tags[base:rope] ; not-in-dataset: item 1 Base.LogStacks3,item 3 [Base.Log] | item 2 tags[base:rope],item 1 Base.LogStacks3,recipes/recipes_carpentry.txt,153
MakeTileMold,Base,Pottery,180,SawLogs,AnySurfaceCraft;Pottery,,Woodwork:5,,,,,,,,Base.Nails;Base.Plank,base:crudesaw;base:hammer;base:saw;base:smallsaw,,Base.WoodenTileMold,,false,,,,,,,,not-in-dataset: item 1 [Base.Plank] flags[Prop2] ; not-in-dataset: item 1 [Base.Nails] ; not-in-dataset: item 1 Base.WoodenTileMold,item 1 tags[base:saw;base:smallsaw;base:crudesaw] mode:keep flags[MayDegradeLight;Prop1] | item 1 tags[base:hammer] mode:keep flags[MayDegradeVeryLight] | item 1 [Base.Plank] flags[Prop2] | item 1 [Base.Nails],item 1 Base.WoodenTileMold,recipes/recipes_pottery.txt,43
MakeTimer,Base,Electrical,50,MakingElectrical,AnySurfaceCraft,Electricity:1,Electricity:4,true,,Electricity:8,,,,,Base.AlarmClock2;Base.ElectronicsScrap;Base.Glue;Base.Timer,base:pliers;base:screwdriver,,Base.TimerCrafted,,false,Base.Glue,,,,,,,multi-type: item 1 [Base.Timer;Base.AlarmClock2] ; not-in-dataset: item 1 [Base.ElectronicsScrap] ; no-nutrition: item 1 [Base.Glue] ; not-in-dataset: item 1 Base.TimerCrafted,item 1 [Base.Timer;Base.AlarmClock2] | item 1 tags[base:screwdriver] mode:keep | item 1 tags[base:pliers] mode:keep flags[MayDegradeLight] | item 1 [Base.ElectronicsScrap] | item 1 [Base.Glue],item 1 Base.TimerCrafted,recipes/recipes_traps.txt,99
MakeTinFoilHat,Base,Tailoring,20,Making,InHandCraft,,,,,,,,,,Base.Aluminum,,,Base.Hat_TinFoilHat,,false,,,,,,,,not-in-dataset: item 1 [Base.Aluminum] ; not-in-dataset: item 1 Base.Hat_TinFoilHat,item 1 [Base.Aluminum],item 1 Base.Hat_TinFoilHat,recipes/recipes.txt,313
MakeTireBodyArmor,Base,Tailoring,180,CraftArmourPiece,AnySurfaceCraft,Tailoring:6;Maintenance:5,Tailoring:68;Maintenance:50,true,Tailoring:8;Maintenance:4,,,base:maketirearmor,,,Base.LeatherStrips;Base.NutsBolts;Base.TirePiece,base:awl;base:boltcutters;base:drillmetal;base:drillwood;base:drillwoodpoor;base:heavythread;base:metalsaw;base:sewingneedle;base:sharpknife;base:wrench,,Base.Cuirass_Tire,,false,,,,,,,,not-in-dataset: item 2 [Base.TirePiece] flags[Prop2] ; not-in-dataset: item 4 [Base.LeatherStrips] mode:destroy ; not-in-dataset: item 4 [Base.NutsBolts] ; tags-only: item 1 tags[base:heavythread] ; not-in-dataset: item 1 Base.Cuirass_Tire,item 2 [Base.TirePiece] flags[Prop2] | item 4 [Base.LeatherStrips] mode:destroy | item 4 [Base.NutsBolts] | item 1 tags[base:sharpknife] mode:keep flags[IsNotDull;MayDegradeLight] | item 1 tags[base:drillwood;base:drillmetal;base:drillwoodpoor] mode:keep flags[MayDegradeLight] | item 1 tags[base:wrench] mode:keep flags[MayDegradeLight] | item 1 tags[base:sewingneedle] mode:keep flags[MayDegradeLight] | item 1 tags[base:awl] mode:keep flags[MayDegradeLight] | item 1 tags[base:heavythread] | item 1 tags[base:metalsaw;base:boltcutters] mode:keep flags[MayDegradeLight],item 1 Base.Cuirass_Tire,recipes/recipes_tailoring_armor.txt,470
MakeTireForearmArmor,Base,Tailoring,180,CraftArmourPiece,AnySurfaceCraft,Tailoring:3;Maintenance:2,Tailoring:20;Maintenance:20,true,Tailoring:5;Maintenance:2,,,base:maketirearmor,,,Base.Buckle;Base.LeatherStrips;Base.NutsBolts;Base.TirePiece,base:awl;base:boltcutters;base:drillmetal;base:drillwood;base:drillwoodpoor;base:heavythread;base:metalsaw;base:sewingneedle;base:sharpknife;base:wrench,,Base.VambraceTire_Left,,false,,,,,,,,not-in-dataset: item 1 [Base.TirePiece] flags[Prop2] ; not-in-dataset: item 2 [Base.LeatherStrips] mode:destroy ; not-in-dataset: item 2 [Base.Buckle] ; not-in-dataset: item 2 [Base.NutsBolts] ; tags-only: item 1 tags[base:heavythread] ; not-in-dataset: item 1 Base.VambraceTire_Left,item 1 [Base.TirePiece] flags[Prop2] | item 2 [Base.LeatherStrips] mode:destroy | item 2 [Base.Buckle] | item 2 [Base.NutsBolts] | item 1 tags[base:sharpknife] mode:keep flags[IsNotDull;MayDegradeLight] | item 1 tags[base:drillwood;base:drillmetal;base:drillwoodpoor] mode:keep flags[MayDegradeLight] | item 1 tags[base:wrench] mode:keep flags[MayDegradeLight] | item 1 tags[base:sewingneedle] mode:keep flags[MayDegradeLight] | item 1 tags[base:awl] mode:keep flags[MayDegradeLight] | item 1 tags[base:heavythread] | item 1 tags[base:metalsaw;base:boltcutters] mode:keep flags[MayDegradeLight],item 1 Base.VambraceTire_Left,recipes/recipes_tailoring_armor.txt,500
MakeTireSandals,Base,Tailoring,180,CraftArmourPiece,AnySurfaceCraft,Tailoring:1;Maintenance:1,Tailoring:9;Maintenance:10,,Tailoring:3;Maintenance:1,,,,,,Base.Buckle;Base.LeatherStrips;Base.TirePiece,base:awl;base:boltcutters;base:drillmetal;base:drillwood;base:drillwoodpoor;base:metalsaw;base:sewingneedle;base:sharpknife;base:thread,,Base.Shoes_TireSandals,,false,,,,,,,,not-in-dataset: item 1 [Base.TirePiece] flags[Prop2] ; not-in-dataset: item 2 [Base.LeatherStrips] ; not-in-dataset: item 2 [Base.Buckle] ; tags-only: item 1 tags[base:thread] ; not-in-dataset: item 1 Base.Shoes_TireSandals,item 1 [Base.TirePiece] flags[Prop2] | item 2 [Base.LeatherStrips] | item 2 [Base.Buckle] | item 1 tags[base:sharpknife] mode:keep flags[IsNotDull;MayDegradeLight] | item 1 tags[base:drillwood;base:drillmetal;base:drillwoodpoor] mode:keep flags[MayDegradeLight] | item 1 tags[base:sewingneedle] mode:keep flags[MayDegradeLight] | item 1 tags[base:awl] mode:keep flags[MayDegradeLight] | item 1 tags[base:thread] | item 1 tags[base:metalsaw;base:boltcutters] mode:keep flags[MayDegradeLight],item 1 Base.Shoes_TireSandals,recipes/recipes_tailoring.txt,894
MakeTireShinArmor,Base,Tailoring,180,CraftArmourPiece,AnySurfaceCraft,Tailoring:3;Maintenance:2,Tailoring:20;Maintenance:20,true,Tailoring:5;Maintenance:2,,,base:maketirearmor,,,Base.Buckle;Base.LeatherStrips;Base.NutsBolts;Base.TirePiece,base:awl;base:boltcutters;base:drillmetal;base:drillwood;base:drillwoodpoor;base:heavythread;base:metalsaw;base:sewingneedle;base:sharpknife;base:wrench,,Base.GreaveTire_Left,,false,,,,,,,,not-in-dataset: item 1 [Base.TirePiece] flags[Prop2] ; not-in-dataset: item 2 [Base.LeatherStrips] mode:destroy ; not-in-dataset: item 2 [Base.Buckle] ; not-in-dataset: item 2 [Base.NutsBolts] ; tags-only: item 1 tags[base:heavythread] ; not-in-dataset: item 1 Base.GreaveTire_Left,item 1 [Base.TirePiece] flags[Prop2] | item 2 [Base.LeatherStrips] mode:destroy | item 2 [Base.Buckle] | item 2 [Base.NutsBolts] | item 1 tags[base:sharpknife] mode:keep flags[IsNotDull;MayDegradeLight] | item 1 tags[base:drillwood;base:drillmetal;base:drillwoodpoor] mode:keep flags[MayDegradeLight] | item 1 tags[base:wrench] mode:keep flags[MayDegradeLight] | item 1 tags[base:sewingneedle] mode:keep flags[MayDegradeLight] | item 1 tags[base:awl] mode:keep flags[MayDegradeLight] | item 1 tags[base:heavythread] | item 1 tags[base:metalsaw;base:boltcutters] mode:keep flags[MayDegradeLight],item 1 Base.GreaveTire_Left,recipes/recipes_tailoring_armor.txt,531
MakeTireShoulderArmorLeft,Base,Tailoring,180,CraftArmourPiece,AnySurfaceCraft,Tailoring:4;Maintenance:3,Tailoring:30;Maintenance:30,true,Tailoring:5;Maintenance:3,,,base:maketirearmor,,,Base.Buckle;Base.LeatherStrips;Base.NutsBolts;Base.TirePiece,base:awl;base:boltcutters;base:drillmetal;base:drillwood;base:drillwoodpoor;base:heavythread;base:metalsaw;base:sewingneedle;base:sharpknife;base:wrench,,Base.Shoulderpad_Tire_L,,false,,,,,,,,not-in-dataset: item 1 [Base.TirePiece] flags[Prop2] ; not-in-dataset: item 2 [Base.LeatherStrips] mode:destroy ; not-in-dataset: item 1 [Base.Buckle] ; not-in-dataset: item 2 [Base.NutsBolts] ; tags-only: item 1 tags[base:heavythread] ; not-in-dataset: item 1 Base.Shoulderpad_Tire_L,item 1 [Base.TirePiece] flags[Prop2] | item 2 [Base.LeatherStrips] mode:destroy | item 1 [Base.Buckle] | item 2 [Base.NutsBolts] | item 1 tags[base:sharpknife] mode:keep flags[IsNotDull;MayDegradeLight] | item 1 tags[base:drillwood;base:drillmetal;base:drillwoodpoor] mode:keep flags[MayDegradeLight] | item 1 tags[base:wrench] mode:keep flags[MayDegradeLight] | item 1 tags[base:sewingneedle] mode:keep flags[MayDegradeLight] | item 1 tags[base:awl] mode:keep flags[MayDegradeLight] | item 1 tags[base:heavythread] | item 1 tags[base:metalsaw;base:boltcutters] mode:keep flags[MayDegradeLight],item 1 Base.Shoulderpad_Tire_L,recipes/recipes_tailoring_armor.txt,562
MakeTireShoulderArmorRight,Base,Tailoring,180,CraftArmourPiece,AnySurfaceCraft,Tailoring:4;Maintenance:3,Tailoring:30;Maintenance:30,true,Tailoring:6;Maintenance:3,,,base:maketireshoulderarmorleft,,,Base.Buckle;Base.LeatherStrips;Base.NutsBolts;Base.TirePiece,base:awl;base:boltcutters;base:drillmetal;base:drillwood;base:drillwoodpoor;base:heavythread;base:metalsaw;base:sewingneedle;base:sharpknife;base:wrench,,Base.Shoulderpad_Tire_R,,false,,,,,,,,not-in-dataset: item 1 [Base.TirePiece] flags[Prop2] ; not-in-dataset: item 2 [Base.LeatherStrips] mode:destroy ; not-in-dataset: item 1 [Base.Buckle] ; not-in-dataset: item 2 [Base.NutsBolts] ; tags-only: item 1 tags[base:heavythread] ; not-in-dataset: item 1 Base.Shoulderpad_Tire_R,item 1 [Base.TirePiece] flags[Prop2] | item 2 [Base.LeatherStrips] mode:destroy | item 1 [Base.Buckle] | item 2 [Base.NutsBolts] | item 1 tags[base:sharpknife] mode:keep flags[IsNotDull;MayDegradeLight] | item 1 tags[base:drillwood;base:drillmetal;base:drillwoodpoor] mode:keep flags[MayDegradeLight] | item 1 tags[base:wrench] mode:keep flags[MayDegradeLight] | item 1 tags[base:sewingneedle] mode:keep flags[MayDegradeLight] | item 1 tags[base:awl] mode:keep flags[MayDegradeLight] | item 1 tags[base:heavythread] | item 1 tags[base:metalsaw;base:boltcutters] mode:keep flags[MayDegradeLight],item 1 Base.Shoulderpad_Tire_R,recipes/recipes_tailoring_armor.txt,593
MakeTireThighArmor,Base,Tailoring,180,CraftArmourPiece,AnySurfaceCraft,Tailoring:3;Maintenance:3,Tailoring:20;Maintenance:30,true,Tailoring:5;Maintenance:3,,,base:maketirearmor,,,Base.Buckle;Base.LeatherStrips;Base.NutsBolts;Base.TirePiece,base:awl;base:boltcutters;base:drillmetal;base:drillwood;base:drillwoodpoor;base:heavythread;base:metalsaw;base:sewingneedle;base:sharpknife;base:wrench,,Base.ThighTire_L,,false,,,,,,,,not-in-dataset: item 1 [Base.TirePiece] flags[Prop2] ; not-in-dataset: item 2 [Base.LeatherStrips] mode:destroy ; not-in-dataset: item 2 [Base.Buckle] ; not-in-dataset: item 2 [Base.NutsBolts] ; tags-only: item 1 tags[base:heavythread] ; not-in-dataset: item 1 Base.ThighTire_L,item 1 [Base.TirePiece] flags[Prop2] | item 2 [Base.LeatherStrips] mode:destroy | item 2 [Base.Buckle] | item 2 [Base.NutsBolts] | item 1 tags[base:sharpknife] mode:keep flags[IsNotDull;MayDegradeLight] | item 1 tags[base:drillwood;base:drillmetal;base:drillwoodpoor] mode:keep flags[MayDegradeLight] | item 1 tags[base:wrench] mode:keep flags[MayDegradeLight] | item 1 tags[base:sewingneedle] mode:keep flags[MayDegradeLight] | item 1 tags[base:awl] mode:keep flags[MayDegradeLight] | item 1 tags[base:heavythread] | item 1 tags[base:metalsaw;base:boltcutters] mode:keep flags[MayDegradeLight],item 1 Base.ThighTire_L,recipes/recipes_tailoring_armor.txt,624
MakeToast,Base,Cooking,20,Making,Toaster,,,,,,,,,,Base.BreadSlices,,,Base.Toast,,false,Base.BreadSlices;Base.Toast,0.0,0.0,0.0,0.0,2.0,0.0,,item 1 [Base.BreadSlices] flags[ItemCount],item 1 Base.Toast,entities/appliances/workstations/entity_toaster_craftRecipe.txt,3
MakeToothNecklace,Base,Carving,400,Making,AnySurfaceCraft,Carving:3;Tailoring:1,Carving:30;Tailoring:5,,,,,,,,Base.HerbivoreTeeth;Base.Twine,base:drillmetal;base:drillwood;base:drillwoodpoor,,Base.Necklace_Teeth,,false,Base.Twine,,,,,,,not-in-dataset: item 2 [Base.HerbivoreTeeth] flags[Prop2] ; no-nutrition: item 1 [Base.Twine] ; not-in-dataset: item 1 Base.Necklace_Teeth,item 1 tags[base:drillwood;base:drillmetal;base:drillwoodpoor] mode:keep flags[MayDegradeLight;Prop1] | item 2 [Base.HerbivoreTeeth] flags[Prop2] | item 1 [Base.Twine],item 1 Base.Necklace_Teeth,recipes/recipes_carving.txt,615
MakeToothbrushShiv,Base,Weaponry,300,CraftWeapon1H,InHandCraft,Maintenance:1,Maintenance:30,true,Maintenance:5;SmallBlade:1,,,,,,Base.Toothbrush,base:file;base:lighter;base:metalsaw;base:sharpknife;base:simpleweaponbinding;base:smallfiles;base:smallsaw;base:tape;base:whetstone,,Base.Toothbrush_Shiv,,false,,,,,,,,not-in-dataset: item 1 [Base.Toothbrush] flags[Prop2] ; tags-only: item 1 tags[base:lighter] ; tags-only: item 1 tags[base:simpleweaponbinding;base:tape] flags[DontReplace] ; not-in-dataset: item 1 Base.Toothbrush_Shiv,item 1 [Base.Toothbrush] flags[Prop2] | item 1 tags[base:whetstone;base:file;base:smallfiles;base:metalsaw;base:smallsaw;base:sharpknife] mode:keep flags[MayDegradeLight;Prop1] | item 1 tags[base:lighter] | item 1 tags[base:simpleweaponbinding;base:tape] flags[DontReplace],item 1 Base.Toothbrush_Shiv,recipes/recipes_improvised_weapons.txt,789
MakeTortillaChips,Base,Cooking,30,Making,AnySurfaceCraft;Cooking,,,,,,,,,,Base.Tortilla,base:dullknife;base:meatcleaver;base:sharpknife,,Base.TortillaChipsBaked,,false,Base.Tortilla;Base.TortillaChipsBaked,80.0,0.0,4.0,4.0,-10.0,0.0,,item 1 tags[base:sharpknife;base:dullknife;base:meatcleaver] mode:keep flags[SharpnessCheck] | item 1 [Base.Tortilla] flags[InheritFoodAge],item 1 Base.TortillaChipsBaked,recipes/recipes_cooking.txt,592
MakeTrapBox,Base,Miscellaneous,150,SawLogs,InHandCraft;Trapper,Woodwork:1;Trapping:2,Woodwork:5,true,,Trapping:8,,,,,Base.Nails;Base.Plank,base:crudesaw;base:hammer;base:saw;base:smallsaw,,Base.TrapBox,,false,,,,,,,,not-in-dataset: item 4 [Base.Plank] flags[Prop2] ; not-in-dataset: item 7 [Base.Nails] ; not-in-dataset: item 1 Base.TrapBox,item 1 tags[base:saw;base:smallsaw;base:crudesaw] mode:keep flags[MayDegradeLight;Prop1] | item 1 tags[base:hammer] mode:keep flags[MayDegradeVeryLight] | item 4 [Base.Plank] flags[Prop2] | item 7 [Base.Nails],item 1 Base.TrapBox,recipes/recipes_trapping.txt,66
MakeTwigBroom,Base,,50,CraftWeapon2H,InHandCraft,,,,,,,,,,Base.LongStick;Base.Sapling;Base.TwigsBundle,base:simpleweaponbinding,,Base.Broom_Twig,,false,,,,,,,,multi-type: item 1 [Base.Sapling;Base.LongStick] flags[Prop2;InheritCondition] ; not-in-dataset: item 1 [Base.TwigsBundle] flags[Prop1] ; tags-only: item 1 tags[base:simpleweaponbinding] flags[DontReplace] ; not-in-dataset: item 1 Base.Broom_Twig,item 1 [Base.Sapling;Base.LongStick] flags[Prop2;InheritCondition] | item 1 [Base.TwigsBundle] flags[Prop1] | item 1 tags[base:simpleweaponbinding] flags[DontReplace],item 1 Base.Broom_Twig,recipes/recipes.txt,466
MakeTwoLogStack,Base,Carpentry,60,Making,InHandCraft;CanBeDoneFromFloor,,,,,,,,RecipeCodeOnCreate.createLogStack,,Base.Log,base:rope,,Base.LogStacks2,,false,,,,,,,,not-in-dataset: item 2 [Base.Log] ; tags-only: item 2 tags[base:rope] ; not-in-dataset: item 1 Base.LogStacks2,item 2 [Base.Log] | item 2 tags[base:rope],item 1 Base.LogStacks2,recipes/recipes_carpentry.txt,135
MakeWesternBoots,Base,Tailoring,200,SewingCloth,AnySurfaceCraft,Tailoring:7;Carving:2,Tailoring:80;Carving:20,true,Tailoring:9;Carving:4,,false,,,,Base.Plank,base:awl;base:crudesaw;base:heavythread;base:leathercrudetannedmedium;base:saw;base:scissors;base:sewingneedle;base:sharpknife;base:smallsaw,,Base.Shoes_CowboyBoots_Brown,,false,,,,,,,,tags-only: item 1 tags[base:leathercrudetannedmedium] ; tags-only: item 2 tags[base:heavythread] ; not-in-dataset: item 1 [Base.Plank] ; not-in-dataset: item 1 Base.Shoes_CowboyBoots_Brown,item 1 tags[base:scissors] mode:keep flags[IsNotDull;MayDegradeLight] | item 1 tags[base:sewingneedle] mode:keep flags[MayDegradeLight] | item 1 tags[base:awl] mode:keep flags[MayDegradeLight] | item 1 tags[base:leathercrudetannedmedium] | item 2 tags[base:heavythread] | item 1 [Base.Plank] | item 1 tags[base:saw;base:smallsaw;base:crudesaw] mode:keep flags[MayDegradeLight] | item 1 tags[base:sharpknife] mode:keep flags[IsNotDull;MayDegradeLight],item 1 Base.Shoes_CowboyBoots_Brown,recipes/recipes_tailoring_leatherAndHide.txt,1332
MakeWildGarlicPoultice,Base,Medical,60,MixingMortarPestle,AnySurfaceCraft;Health,,,true,,Doctor:5;PlantScavenging:5,,,,,,base:mortarpestle;base:wildgarlic,,Base.WildGarlicCataplasm,,false,,,,,,,,tags-only: item 5 tags[base:wildgarlic] ; not-in-dataset: item 1 Base.WildGarlicCataplasm,item 1 tags[base:mortarpestle] mode:keep | item 5 tags[base:wildgarlic],item 1 Base.WildGarlicCataplasm,recipes/recipes_medical.txt,41
MakeWineGlass,Base,Glassmaking,120,Craft_Glassmaking,AnySurfaceCraft;Glassmaking,Glassmaking:7,Glassmaking:90,true,,Glassmaking:8,,,,,Base.CeramicCrucibleWithGlass;Base.GlassBlowingPipe,base:pliers,,Base.GlassWine,,false,Base.CeramicCrucibleWithGlass;Base.GlassWine,,,,,,,no-nutrition: item 1 [Base.CeramicCrucibleWithGlass] ; no-nutrition: item 1 Base.GlassWine,item 1 tags[base:pliers] mode:keep flags[MayDegradeLight] | item 1 [Base.GlassBlowingPipe] mode:keep | item 1 [Base.CeramicCrucibleWithGlass],item 1 Base.GlassWine,recipes/recipes_glassmaking.txt,91
MakeWireFromBarbedWire,Base,Metalworking,250,CutWire,AnySurfaceCraft,,,,,,,,,,Base.BarbedWire,base:pliers,,Base.Wire,,false,Base.Wire,,,,,,,not-in-dataset: item 1 [Base.BarbedWire] mode:destroy flags[InheritUses] ; no-nutrition: item 1 Base.Wire,item 1 tags[base:pliers] mode:keep flags[MayDegradeLight] | item 1 [Base.BarbedWire] mode:destroy flags[InheritUses],item 1 Base.Wire,recipes/recipes_metalWelding.txt,24
MakeWoodBodyArmor,Base,Tailoring,180,SharpenStakeWood,AnySurfaceCraft,Tailoring:5;Carving:5,Tailoring:45;Carving:50,true,Tailoring:7;Carving:6,,,base:makewoodarmor,,,Base.LeatherStrips;Base.Twine;Base.WoodenStick2,base:awl;base:crudesaw;base:saw;base:sharpknife;base:smallsaw,,Base.Cuirass_Wood,,false,Base.Twine,,,,,,,not-in-dataset: item 10 [Base.WoodenStick2] flags[Prop2] ; not-in-dataset: item 4 [Base.LeatherStrips] ; no-nutrition: item 5 [Base.Twine] ; not-in-dataset: item 1 Base.Cuirass_Wood,item 10 [Base.WoodenStick2] flags[Prop2] | item 4 [Base.LeatherStrips] | item 1 tags[base:sharpknife] mode:keep flags[IsNotDull;MayDegradeLight;Prop1] | item 5 [Base.Twine] | item 1 tags[base:saw;base:smallsaw;base:crudesaw] mode:keep flags[MayDegradeLight] | item 1 tags[base:awl] mode:keep flags[MayDegradeLight],item 1 Base.Cuirass_Wood,recipes/recipes_tailoring_armor.txt,677
MakeWoodCharcoal,Base,,20,Making_With_Kiln,WoodCharcoal,,,,,,,,,,Base.LargeBranch;Base.Log;Base.Plank,,,Base.CharcoalCrafted,,false,,,,,,,,multi-type: item 2 [Base.Log;3:Base.LargeBranch;6:Base.Plank] flags[IsExclusive;AllowDestroyedItem] ; not-in-dataset: item 12 Base.CharcoalCrafted,item 2 [Base.Log;3:Base.LargeBranch;6:Base.Plank] flags[IsExclusive;AllowDestroyedItem],item 12 Base.CharcoalCrafted,entities/blacksmith/craftRecipes/recipes_blacksmith_woodcharcoal.txt,3
MakeWoodCharcoalLarge,Base,,20,Making_With_Kiln,WoodCharcoal,,,,,,,,,,,base:makewoodcharcoallarge,,Base.CharcoalCrafted,,false,,,,,,,,tags-only: item 9 tags[base:makewoodcharcoallarge] flags[AllowDestroyedItem] ; not-in-dataset: item 12 Base.CharcoalCrafted,item 9 tags[base:makewoodcharcoallarge] flags[AllowDestroyedItem],item 12 Base.CharcoalCrafted,entities/blacksmith/craftRecipes/recipes_blacksmith_woodcharcoal.txt,18
MakeWoodCharcoalMedium,Base,,20,Making_With_Kiln,WoodCharcoal,,,,,,,,,,,base:makewoodcharcoalmedium,,Base.CharcoalCrafted,,false,,,,,,,,tags-only: item 12 tags[base:makewoodcharcoalmedium] flags[AllowDestroyedItem] ; not-in-dataset: item 12 Base.CharcoalCrafted,item 12 tags[base:makewoodcharcoalmedium] flags[AllowDestroyedItem],item 12 Base.CharcoalCrafted,entities/blacksmith/craftRecipes/recipes_blacksmith_woodcharcoal.txt,33
MakeWoodCharcoalSmall,Base,,20,Making_With_Kiln,WoodCharcoal,,,,,,,,,,,base:makewoodcharcoalsmall,,Base.CharcoalCrafted,,false,,,,,,,,tags-only: item 18 tags[base:makewoodcharcoalsmall] flags[AllowDestroyedItem] ; not-in-dataset: item 12 Base.CharcoalCrafted,item 18 tags[base:makewoodcharcoalsmall] flags[AllowDestroyedItem],item 12 Base.CharcoalCrafted,entities/blacksmith/craftRecipes/recipes_blacksmith_woodcharcoal.txt,48
MakeWoodForearmArmor,Base,Tailoring,180,SharpenStakeWood,AnySurfaceCraft,Tailoring:1;Carving:2,Tailoring:11;Carving:20,true,Tailoring:5;Carving:3,,,base:makewoodarmor,,,Base.LeatherStrips;Base.Twine;Base.WoodenStick2,base:awl;base:crudesaw;base:saw;base:sharpknife;base:smallsaw,,Base.VambraceWood_Left,,false,Base.Twine,,,,,,,not-in-dataset: item 4 [Base.WoodenStick2] flags[Prop2] ; not-in-dataset: item 2 [Base.LeatherStrips] ; no-nutrition: item 1 [Base.Twine] ; not-in-dataset: item 1 Base.VambraceWood_Left,item 4 [Base.WoodenStick2] flags[Prop2] | item 2 [Base.LeatherStrips] | item 1 tags[base:sharpknife] mode:keep flags[IsNotDull;MayDegradeLight;Prop1] | item 1 tags[base:saw;base:smallsaw;base:crudesaw] mode:keep flags[MayDegradeLight] | item 1 [Base.Twine] | item 1 tags[base:awl] mode:keep flags[MayDegradeLight],item 1 Base.VambraceWood_Left,recipes/recipes_tailoring_armor.txt,703
MakeWoodShinArmor,Base,Tailoring,180,SharpenStakeWood,AnySurfaceCraft,Tailoring:1;Carving:2,Tailoring:11;Carving:20,true,Tailoring:5;Carving:3,,,base:makewoodarmor,,,Base.LeatherStrips;Base.Twine;Base.WoodenStick2,base:awl;base:crudesaw;base:saw;base:sharpknife;base:smallsaw,,Base.GreaveWood_Left,,false,Base.Twine,,,,,,,not-in-dataset: item 4 [Base.WoodenStick2] flags[Prop2] ; not-in-dataset: item 2 [Base.LeatherStrips] ; no-nutrition: item 1 [Base.Twine] ; not-in-dataset: item 1 Base.GreaveWood_Left,item 4 [Base.WoodenStick2] flags[Prop2] | item 2 [Base.LeatherStrips] | item 1 tags[base:sharpknife] mode:keep flags[IsNotDull;MayDegradeLight;Prop1] | item 1 tags[base:saw;base:smallsaw;base:crudesaw] mode:keep flags[MayDegradeLight] | item 1 [Base.Twine] | item 1 tags[base:awl] mode:keep flags[MayDegradeLight],item 1 Base.GreaveWood_Left,recipes/recipes_tailoring_armor.txt,729
MakeWoodShoulderArmor,Base,Tailoring,180,SharpenStakeWood,AnySurfaceCraft,Tailoring:4;Carving:3,Tailoring:30;Carving:30,true,Tailoring:6;Carving:4,,,base:makewoodarmor,,,Base.LeatherStrips;Base.Twine;Base.WoodenStick2,base:awl;base:crudesaw;base:saw;base:sharpknife;base:smallsaw,,Base.Shoulderpad_Wood_L,,false,Base.Twine,,,,,,,not-in-dataset: item 4 [Base.WoodenStick2] flags[Prop2] ; not-in-dataset: item 2 [Base.LeatherStrips] ; no-nutrition: item 1 [Base.Twine] ; not-in-dataset: item 1 Base.Shoulderpad_Wood_L,item 4 [Base.WoodenStick2] flags[Prop2] | item 2 [Base.LeatherStrips] | item 1 tags[base:sharpknife] mode:keep flags[IsNotDull;MayDegradeLight;Prop1] | item 1 tags[base:saw;base:smallsaw;base:crudesaw] mode:keep flags[MayDegradeLight] | item 1 [Base.Twine] | item 1 tags[base:awl] mode:keep flags[MayDegradeLight],item 1 Base.Shoulderpad_Wood_L,recipes/recipes_tailoring_armor.txt,755
MakeWoodThighArmor,Base,Tailoring,180,SharpenStakeWood,AnySurfaceCraft,Tailoring:1;Carving:3,Tailoring:11;Carving:30,true,Tailoring:5;Carving:3,,,base:makewoodarmor,,,Base.LeatherStrips;Base.Twine;Base.WoodenStick2,base:awl;base:crudesaw;base:saw;base:sharpknife;base:smallsaw,,Base.ThighWood_L,,false,Base.Twine,,,,,,,not-in-dataset: item 4 [Base.WoodenStick2] flags[Prop2] ; not-in-dataset: item 2 [Base.LeatherStrips] ; no-nutrition: item 1 [Base.Twine] ; not-in-dataset: item 1 Base.ThighWood_L,item 4 [Base.WoodenStick2] flags[Prop2] | item 2 [Base.LeatherStrips] | item 1 tags[base:sharpknife] mode:keep flags[IsNotDull;MayDegradeLight;Prop1] | item 1 tags[base:saw;base:smallsaw;base:crudesaw] mode:keep flags[MayDegradeLight] | item 1 [Base.Twine] | item 1 tags[base:awl] mode:keep flags[MayDegradeLight],item 1 Base.ThighWood_L,recipes/recipes_tailoring_armor.txt,781
MakeWoodenBarCastMold,Base,Carpentry,150,Making,AnySurfaceCraft;Carpentry,Woodwork:2,Woodwork:20,,,,,,,,Base.Nails;Base.Plank,base:crudesaw;base:hammer;base:saw;base:smallsaw,,Base.WoodenBarCastMold,,false,,,,,,,,not-in-dataset: item 1 [Base.Plank] flags[Prop2] ; not-in-dataset: item 1 [Base.Nails] ; not-in-dataset: item 1 Base.WoodenBarCastMold,item 1 tags[base:hammer] mode:keep flags[MayDegradeVeryLight] | item 1 tags[base:saw;base:smallsaw;base:crudesaw] mode:keep flags[MayDegradeLight;Prop1] | item 1 [Base.Plank] flags[Prop2] | item 1 [Base.Nails],item 1 Base.WoodenBarCastMold,recipes/recipes_carpentry.txt,361
MakeWoodenBlacksmithAnvilMold,Base,Carpentry,150,Making,AnySurfaceCraft;Carpentry,Woodwork:2,Woodwork:20,,,,,,,,Base.Nails;Base.Plank,base:crudesaw;base:hammer;base:saw;base:smallsaw,,Base.WoodenBlacksmithAnvilMold,,false,,,,,,,,not-in-dataset: item 4 [Base.Plank] flags[Prop2] ; not-in-dataset: item 1 [Base.Nails] ; not-in-dataset: item 1 Base.WoodenBlacksmithAnvilMold,item 1 tags[base:hammer] mode:keep flags[MayDegradeVeryLight] | item 1 tags[base:saw;base:smallsaw;base:crudesaw] mode:keep flags[MayDegradeLight;Prop1] | item 4 [Base.Plank] flags[Prop2] | item 1 [Base.Nails],item 1 Base.WoodenBlacksmithAnvilMold,recipes/recipes_carpentry.txt,319
MakeWoodenBoxTrap,Base,Miscellaneous,120,SawLogs,InHandCraft;Trapper,,Woodwork:5,true,,Trapping:4,,,,,Base.Nails;Base.Plank,base:crudesaw;base:hammer;base:saw;base:smallsaw,,Base.TrapCrate,,false,,,,,,,,not-in-dataset: item 3 [Base.Plank] flags[Prop2] ; not-in-dataset: item 5 [Base.Nails] ; not-in-dataset: item 1 Base.TrapCrate,item 1 tags[base:saw;base:smallsaw;base:crudesaw] mode:keep flags[MayDegradeLight;Prop1] | item 1 tags[base:hammer] mode:keep flags[MayDegradeVeryLight] | item 3 [Base.Plank] flags[Prop2] | item 5 [Base.Nails],item 1 Base.TrapCrate,recipes/recipes_trapping.txt,3
MakeWoodenBucket,Base,Carpentry,150,Making,AnySurfaceCraft;Carpentry,Woodwork:2,Woodwork:20,,,,,,,,Base.IronBandSmall;Base.Nails;Base.Plank;Base.SmallHandle;Base.Wire,base:crudesaw;base:hammer;base:saw;base:smallsaw,,Base.BucketLargeWood,,false,Base.BucketLargeWood;Base.Wire,,,,,,,not-in-dataset: item 4 [Base.Plank] flags[Prop2] ; not-in-dataset: item 4 [Base.Nails] ; no-nutrition: item 1 [Base.Wire] ; not-in-dataset: item 1 [Base.SmallHandle] ; not-in-dataset: item 2 [Base.IronBandSmall] ; no-nutrition: item 1 Base.BucketLargeWood,item 1 tags[base:hammer] mode:keep flags[MayDegradeVeryLight] | item 1 tags[base:saw;base:smallsaw;base:crudesaw] mode:keep flags[MayDegradeLight;Prop1] | item 4 [Base.Plank] flags[Prop2] | item 4 [Base.Nails] | item 1 [Base.Wire] | item 1 [Base.SmallHandle] | item 2 [Base.IronBandSmall],item 1 Base.BucketLargeWood,recipes/recipes_carpentry.txt,445
MakeWoodenCrudeBenchVisePartsMold,Base,Carpentry,150,Making,AnySurfaceCraft;Carpentry,Woodwork:2,Woodwork:20,,,,,,,,Base.Nails;Base.Plank,base:crudesaw;base:hammer;base:saw;base:smallsaw,,Base.WoodenCrudeBenchVisePartsMold,,false,,,,,,,,not-in-dataset: item 2 [Base.Plank] flags[Prop2] ; not-in-dataset: item 1 [Base.Nails] ; not-in-dataset: item 1 Base.WoodenCrudeBenchVisePartsMold,item 1 tags[base:hammer] mode:keep flags[MayDegradeVeryLight] | item 1 tags[base:saw;base:smallsaw;base:crudesaw] mode:keep flags[MayDegradeLight;Prop1] | item 2 [Base.Plank] flags[Prop2] | item 1 [Base.Nails],item 1 Base.WoodenCrudeBenchVisePartsMold,recipes/recipes_carpentry.txt,382
MakeWoodenIngotCastMold,Base,Carpentry,150,Making,AnySurfaceCraft;Carpentry,Woodwork:2,Woodwork:20,,,,,,,,Base.Nails;Base.Plank,base:crudesaw;base:hammer;base:saw;base:smallsaw,,Base.WoodenIngotCastMold,,false,,,,,,,,not-in-dataset: item 1 [Base.Plank] flags[Prop2] ; not-in-dataset: item 1 [Base.Nails] ; not-in-dataset: item 1 Base.WoodenIngotCastMold,item 1 tags[base:hammer] mode:keep flags[MayDegradeVeryLight] | item 1 tags[base:saw;base:smallsaw;base:crudesaw] mode:keep flags[MayDegradeLight;Prop1] | item 1 [Base.Plank] flags[Prop2] | item 1 [Base.Nails],item 1 Base.WoodenIngotCastMold,recipes/recipes_carpentry.txt,340
MakeWoodenShingleMold,Base,Carpentry,150,Making,AnySurfaceCraft;Carpentry,Woodwork:1,Woodwork:10,,,,,,,,Base.Nails;Base.Plank,base:crudesaw;base:hammer;base:saw;base:smallsaw,,Base.WoodenShingleMold,,false,,,,,,,,not-in-dataset: item 1 [Base.Plank] flags[Prop2] ; not-in-dataset: item 1 [Base.Nails] ; not-in-dataset: item 1 Base.WoodenShingleMold,item 1 tags[base:hammer] mode:keep flags[MayDegradeVeryLight] | item 1 tags[base:saw;base:smallsaw;base:crudesaw] mode:keep flags[MayDegradeLight;Prop1] | item 1 [Base.Plank] flags[Prop2] | item 1 [Base.Nails],item 1 Base.WoodenShingleMold,recipes/recipes_carpentry.txt,403
MakeWoodenTileMold,Base,Carpentry,150,Making,AnySurfaceCraft;Carpentry,Woodwork:1,Woodwork:10,,,,,,,,Base.Nails;Base.Plank,base:crudesaw;base:hammer;base:saw;base:smallsaw,,Base.WoodenTileMold,,false,,,,,,,,not-in-dataset: item 1 [Base.Plank] flags[Prop2] ; not-in-dataset: item 1 [Base.Nails] ; not-in-dataset: item 1 Base.WoodenTileMold,item 1 tags[base:hammer] mode:keep flags[MayDegradeVeryLight] | item 1 tags[base:saw;base:smallsaw;base:crudesaw] mode:keep flags[MayDegradeLight;Prop1] | item 1 [Base.Plank] flags[Prop2] | item 1 [Base.Nails],item 1 Base.WoodenTileMold,recipes/recipes_carpentry.txt,424
MakeWoodenToolbox,Base,Carpentry,200,Making,AnySurfaceCraft;Carpentry,Woodwork:1,Woodwork:10,,,,,,,,Base.Handle;Base.Nails;Base.Plank;Base.WoodenStick2,base:crudesaw;base:drillmetal;base:drillwood;base:drillwoodpoor;base:hammer;base:saw;base:smallsaw,,Base.Toolbox_Wooden,,false,,,,,,,,not-in-dataset: item 2 [Base.Plank] flags[Prop2] ; multi-type: item 1 [Base.WoodenStick2;Base.Handle] ; not-in-dataset: item 1 [Base.Nails] ; not-in-dataset: item 1 Base.Toolbox_Wooden,item 1 tags[base:hammer] mode:keep flags[MayDegradeVeryLight] | item 1 tags[base:saw;base:smallsaw;base:crudesaw] mode:keep flags[MayDegradeLight;Prop1] | item 1 tags[base:drillwood;base:drillmetal;base:drillwoodpoor] mode:keep flags[MayDegradeLight] | item 2 [Base.Plank] flags[Prop2] | item 1 [Base.WoodenStick2;Base.Handle] | item 1 [Base.Nails],item 1 Base.Toolbox_Wooden,recipes/recipes_carpentry.txt,296
Make_Scrap_Knife,Base,Weaponry,600,Welding,AnySurfaceCraft,MetalWelding:2,MetalWelding:20,false,,,,,,,Base.BlowTorch;Base.DenimStrips;Base.LeatherStrips;Base.RippedSheets,base:barstockhalf;base:file;base:fullblade;base:weldingmask,,Base.LargeKnife_Scrap,,false,Base.BlowTorch,,,,,,,tags-only: item 1 tags[base:barstockhalf;base:fullblade] flags[Prop2] ; multi-type: item 1 [Base.RippedSheets;Base.DenimStrips;Base.LeatherStrips] mode:destroy ; no-nutrition: item 4 [Base.BlowTorch] ; not-in-dataset: item 1 Base.LargeKnife_Scrap flags[IsBlunt],item 1 tags[base:barstockhalf;base:fullblade] flags[Prop2] | item 1 tags[base:file] mode:keep flags[Prop1;MayDegradeLight] | item 1 [Base.RippedSheets;Base.DenimStrips;Base.LeatherStrips] mode:destroy | item 4 [Base.BlowTorch] | item 1 tags[base:weldingmask] mode:keep,item 1 Base.LargeKnife_Scrap flags[IsBlunt],entities/blacksmith/craftRecipes/recipes_blacksmith_welded_etc_weapons.txt,34
Make_Scrap_Shortsword,Base,Weaponry,600,Welding,AnySurfaceCraft,MetalWelding:6,MetalWelding:60,false,,,,,,,Base.BlowTorch;Base.DenimStrips;Base.LeatherStrips;Base.RippedSheets,base:barstock;base:file;base:fullblade;base:weldingmask,,Base.IronBarQuarter;Base.ShortSword_Scrap,,false,Base.BlowTorch,,,,,,,tags-only: item 1 tags[base:barstock;base:fullblade] flags[Prop2] ; multi-type: item 1 [Base.RippedSheets;Base.DenimStrips;Base.LeatherStrips] mode:destroy ; no-nutrition: item 8 [Base.BlowTorch] ; not-in-dataset: item 1 Base.ShortSword_Scrap flags[IsBlunt] ; not-in-dataset: item 1 Base.IronBarQuarter,item 1 tags[base:barstock;base:fullblade] flags[Prop2] | item 1 tags[base:file] mode:keep flags[Prop1;MayDegradeLight] | item 1 [Base.RippedSheets;Base.DenimStrips;Base.LeatherStrips] mode:destroy | item 8 [Base.BlowTorch] | item 1 tags[base:weldingmask] mode:keep,item 1 Base.ShortSword_Scrap flags[IsBlunt] | item 1 Base.IronBarQuarter,entities/blacksmith/craftRecipes/recipes_blacksmith_welded_etc_weapons.txt,222
Make_Scrap_Sword,Base,Weaponry,600,Welding,AnySurfaceCraft,MetalWelding:8,MetalWelding:80,false,,,,,,,Base.BlowTorch;Base.DenimStrips;Base.LeatherStrips;Base.NutsBolts;Base.RippedSheets,base:barstock;base:barstockhalf;base:drillmetal;base:file;base:weldingmask;base:wrench,,Base.Sword_Scrap,,false,Base.BlowTorch,,,,,,,tags-only: item 1 tags[base:barstock] flags[Prop2] ; tags-only: item 1 tags[base:barstockhalf] ; multi-type: item 1 [Base.RippedSheets;Base.DenimStrips;Base.LeatherStrips] mode:destroy ; not-in-dataset: item 1 [Base.NutsBolts] ; no-nutrition: item 10 [Base.BlowTorch] ; not-in-dataset: item 1 Base.Sword_Scrap flags[IsBlunt],item 1 tags[base:barstock] flags[Prop2] | item 1 tags[base:file] mode:keep flags[Prop1;MayDegradeLight] | item 1 tags[base:barstockhalf] | item 1 [Base.RippedSheets;Base.DenimStrips;Base.LeatherStrips] mode:destroy | item 1 tags[base:wrench] mode:keep flags[MayDegradeLight] | item 1 [Base.NutsBolts] | item 1 tags[base:drillmetal] mode:keep flags[MayDegradeLight] | item 10 [Base.BlowTorch] | item 1 tags[base:weldingmask] mode:keep,item 1 Base.Sword_Scrap flags[IsBlunt],entities/blacksmith/craftRecipes/recipes_blacksmith_welded_etc_weapons.txt,282
Make_Small_Stone_Wheel,Base,Masonry,300,HammerStoneStanding,AnySurfaceCraft;CanBeDoneFromFloor,Masonry:2,Masonry:30,,,,,,,,Base.LargeStone,base:clubhammer;base:crudechisel;base:hammer;base:masonschisel,,Base.StoneWheelSmall,,false,,,,,,,,not-in-dataset: item 1 [Base.LargeStone] ; not-in-dataset: item 2 Base.StoneWheelSmall,item 1 tags[base:hammer;base:clubhammer] mode:keep flags[MayDegradeLight;Prop1] | item 1 tags[base:crudechisel;base:masonschisel] mode:keep flags[MayDegradeLight;Prop2] | item 1 [Base.LargeStone],item 2 Base.StoneWheelSmall,entities/blacksmith/craftRecipes/recipes_stonemasonry_i.txt,41
Make_Stone_Anvil,Base,Masonry,600,HammerStoneStanding,AnySurfaceCraft;CanBeDoneFromFloor,Masonry:2,Masonry:30,,,,,,,,Base.LargeStone,base:clubhammer;base:hammer,,Base.StoneAnvil,,false,,,,,,,,not-in-dataset: item 1 [Base.LargeStone] ; not-in-dataset: item 1 Base.StoneAnvil,item 1 tags[base:hammer;base:clubhammer] mode:keep flags[MayDegradeLight;Prop1] | item 1 [Base.LargeStone],item 1 Base.StoneAnvil,entities/blacksmith/craftRecipes/recipes_stonemasonry_i.txt,81
Make_Stone_Block_from_Stone,Base,Masonry,100,HammerStoneStanding,AnySurfaceCraft,Masonry:1,Masonry:20,,,,,,,,,base:clubhammer;base:crudechisel;base:hammer;base:masonschisel;base:stone,,Base.StoneBlock,,false,,,,,,,,tags-only: item 1 tags[base:stone] ; not-in-dataset: item 1 Base.StoneBlock,item 1 tags[base:hammer;base:clubhammer] mode:keep flags[MayDegradeLight;Prop1] | item 1 tags[base:crudechisel;base:masonschisel] mode:keep flags[MayDegradeLight;Prop2] | item 1 tags[base:stone],item 1 Base.StoneBlock,entities/blacksmith/craftRecipes/recipes_stonemasonry_i.txt,21
Make_Stone_Wheel,Base,Masonry,600,HammerStoneStanding,AnySurfaceCraft;CanBeDoneFromFloor,Masonry:2,Masonry:30,,,,,,,,Base.LargeStone,base:clubhammer;base:crudechisel;base:hammer;base:masonschisel,,Base.StoneWheel,,false,,,,,,,,not-in-dataset: item 1 [Base.LargeStone] ; not-in-dataset: item 1 Base.StoneWheel,item 1 tags[base:hammer;base:clubhammer] mode:keep flags[MayDegradeLight;Prop1] | item 1 tags[base:crudechisel;base:masonschisel] mode:keep flags[MayDegradeLight;Prop2] | item 1 [Base.LargeStone],item 1 Base.StoneWheel,entities/blacksmith/craftRecipes/recipes_stonemasonry_i.txt,61
Make_Stones_from_Large_Stone,Base,Masonry,300,HammerStoneStanding,InHandCraft;CanBeDoneFromFloor,,Masonry:10,,,,,,,,Base.LargeStone,base:clubhammer;base:pickaxe;base:sledgehammer;base:stonemaul,,Base.Stone2,,false,,,,,,,,not-in-dataset: item 1 [Base.LargeStone] ; not-in-dataset: item 10 Base.Stone2,item 1 tags[base:clubhammer;base:sledgehammer;base:stonemaul;base:pickaxe] mode:keep flags[MayDegradeLight;Prop1] | item 1 [Base.LargeStone],item 10 Base.Stone2,entities/blacksmith/craftRecipes/recipes_stonemasonry_i.txt,3
MeltGlass,Base,Glassmaking,20,,Furnace,,,,,,,,,,Base.BrokenGlass;Base.CeramicCrucibleSmall,base:charcoal;base:crudetongs;base:startfire;base:tongs,,Base.CeramicCrucibleWithGlass,,false,Base.CeramicCrucibleSmall;Base.CeramicCrucibleWithGlass,,,,,,,no-nutrition: item 1 [Base.CeramicCrucibleSmall] mode:destroy flags[ItemCount;IsEmpty] ; not-in-dataset: item 6 [Base.BrokenGlass] ; tags-only: item 1 tags[base:startfire] ; tags-only: item 1 tags[base:charcoal] ; no-nutrition: item 1 Base.CeramicCrucibleWithGlass,item 1 [Base.CeramicCrucibleSmall] mode:destroy flags[ItemCount;IsEmpty] | item 1 tags[base:crudetongs;base:tongs] mode:keep flags[MayDegradeLight] | item 6 [Base.BrokenGlass] | item 1 tags[base:startfire] | item 1 tags[base:charcoal],item 1 Base.CeramicCrucibleWithGlass,entities/blacksmith/craftRecipes/recipes_blacksmith_furnace_ii.txt,22
MeltSand,Base,Glassmaking,20,,Furnace,,,,,,,,,,Base.CeramicCrucibleSmall;Base.Sandbag,base:charcoal;base:crudetongs;base:startfire;base:tongs,,Base.CeramicCrucibleWithGlass,,false,Base.CeramicCrucibleSmall;Base.CeramicCrucibleWithGlass;Base.Sandbag,,,,,,,no-nutrition: item 1 [Base.CeramicCrucibleSmall] mode:destroy flags[ItemCount;IsEmpty] ; no-nutrition: item 1 [Base.Sandbag] ; tags-only: item 1 tags[base:startfire] ; tags-only: item 2 tags[base:charcoal] ; no-nutrition: item 1 Base.CeramicCrucibleWithGlass,item 1 [Base.CeramicCrucibleSmall] mode:destroy flags[ItemCount;IsEmpty] | item 1 tags[base:crudetongs;base:tongs] mode:keep flags[MayDegradeLight] | item 1 [Base.Sandbag] | item 1 tags[base:startfire] | item 2 tags[base:charcoal],item 1 Base.CeramicCrucibleWithGlass,entities/blacksmith/craftRecipes/recipes_blacksmith_furnace_ii.txt,3
MillCornflour,Base,Farming,100,UseStoneQuern,Stone_Mill,,,,,,,,,,Base.CornSeed,,,Base.Cornflour2,,false,Base.CornSeed;Base.Cornflour2,-496.0,-152.0,-11.2,-26.4,20.0,0.0,,item 20 [Base.CornSeed] flags[ItemCount],item 1 Base.Cornflour2,entities/agricultural/workstations/entity_stone_mill_craftRecipe.txt,3
MillCornmeal,Base,Farming,100,UseStoneQuern,Stone_Mill,,,,,,,,,,Base.CornSeed,,,Base.Cornmeal2,,false,Base.CornSeed;Base.Cornmeal2,-496.0,-152.0,-11.2,-26.4,60.0,0.0,,item 20 [Base.CornSeed] flags[ItemCount],item 1 Base.Cornmeal2,entities/agricultural/workstations/entity_stone_mill_craftRecipe.txt,19
MillFlour,Base,Farming,100,UseStoneQuern,Stone_Mill,,,,,,,,,,Base.BarleySeed;Base.RyeSeed;Base.WheatSeed,,,Base.Flour2,,false,Base.BarleySeed;Base.Flour2;Base.RyeSeed;Base.WheatSeed,,,,,,,multi-type: item 12 [Base.WheatSeed;Base.RyeSeed;Base.BarleySeed] flags[ItemCount],item 12 [Base.WheatSeed;Base.RyeSeed;Base.BarleySeed] flags[ItemCount],item 1 Base.Flour2,entities/agricultural/workstations/entity_stone_mill_craftRecipe.txt,35
MillSeeds,Base,Farming,100,UseStoneQuern,Stone_Mill,,,,,,,,,,Base.FlaxSeed;Base.HempSeed,,,Base.SeedPaste,,false,Base.FlaxSeed;Base.SeedPaste,,,,,,,multi-type: item 30 [Base.FlaxSeed;Base.HempSeed] flags[ItemCount],item 30 [Base.FlaxSeed;Base.HempSeed] flags[ItemCount],item 1 Base.SeedPaste,entities/agricultural/workstations/entity_stone_mill_craftRecipe.txt,51
MillSunflowerSeeds,Base,Farming,100,UseStoneQuern,Stone_Mill,,,,,,,,,,Base.SunflowerSeeds,,,Base.SeedPaste,,false,Base.SeedPaste;Base.SunflowerSeeds,-10.0,0.0,-5.0,0.0,0.0,0.0,,item 6 [Base.SunflowerSeeds] mode:destroy flags[ItemCount],item 1 Base.SeedPaste,entities/agricultural/workstations/entity_stone_mill_craftRecipe.txt,67
NailSpikeSmallWeapon,Base,Weaponry,200,MakingHammer_Surface,AnySurfaceCraft,Woodwork:1,Woodwork:10,false,,,,,,,Base.BaseballBat_Broken;Base.BowlingPin;Base.Branch_Broken;Base.ChairLeg;Base.FieldHockeyStick_Broken;Base.Firewood;Base.Handle;Base.LongHandle_Broken;Base.Nails;Base.Plank_Broken;Base.ShortBat;Base.TableLeg_Broken;Base.TreeBranch2;Base.WoodenStick2;Base.WoodenStick_Broken,base:hammer,,Base.BaseballBat_Broken_Nails;Base.BowlingPin_Nails;Base.Branch_Broken_Nails;Base.ChairLeg_Nails;Base.FieldHockeyStick_Broken_Nails;Base.Firewood_Nails;Base.Handle_Nails;Base.LongHandle_Broken_Nails;Base.Plank_Broken_Nails;Base.ShortBat_Nails;Base.TableLeg_Broken_Nails;Base.TreeBranch_Nails;Base.WoodenStick_Broken_Nails;Base.WoodenStick_Nails,NailMapper,false,,,,,,,,multi-type: item 1 [Base.BaseballBat_Broken;Base.BowlingPin;Base.Branch_Broken;Base.ChairLeg;Base.FieldHockeyStick_Broken;Base.Firewood;Base.Handle;Base.LongHandle_Broken;Base.Plank_Broken;Base.ShortBat;Base.TableLeg_Broken;Base.TreeBranch2;Base.WoodenStick2;Base.WoodenStick_Broken] mappers[NailMapper] flags[Prop2;InheritCondition] ; not-in-dataset: item 3 [Base.Nails] ; multi-type: item 1 mapper:NailMapper,item 1 tags[base:hammer] mode:keep flags[MayDegradeVeryLight] | item 1 [Base.BaseballBat_Broken;Base.BowlingPin;Base.Branch_Broken;Base.ChairLeg;Base.FieldHockeyStick_Broken;Base.Firewood;Base.Handle;Base.LongHandle_Broken;Base.Plank_Broken;Base.ShortBat;Base.TableLeg_Broken;Base.TreeBranch2;Base.WoodenStick2;Base.WoodenStick_Broken] mappers[NailMapper] flags[Prop2;InheritCondition] | item 3 [Base.Nails],item 1 mapper:NailMapper,recipes/recipes_improvised_weapons.txt,309
NailSpikeWeapon,Base,Weaponry,300,MakingHammer_Surface,AnySurfaceCraft,Woodwork:1,Woodwork:10,false,,,,,,,Base.BaseballBat;Base.BaseballBat_Crafted;Base.FieldHockeyStick;Base.LargeBranch;Base.LongHandle;Base.Nails;Base.Plank;Base.TableLeg,base:hammer,,Base.BaseballBat_Nails;Base.Cudgel_Nails;Base.FieldHockeyStick_Nails;Base.LongHandle_Nails;Base.Plank_Nails;Base.TableLeg_Nails,NailMapper,false,,,,,,,,multi-type: item 1 [Base.BaseballBat;Base.BaseballBat_Crafted;Base.FieldHockeyStick;Base.LargeBranch;Base.LongHandle;Base.Plank;Base.TableLeg] mappers[NailMapper] flags[Prop2;InheritCondition] ; not-in-dataset: item 5 [Base.Nails] ; multi-type: item 1 mapper:NailMapper,item 1 tags[base:hammer] mode:keep flags[MayDegradeVeryLight] | item 1 [Base.BaseballBat;Base.BaseballBat_Crafted;Base.FieldHockeyStick;Base.LargeBranch;Base.LongHandle;Base.Plank;Base.TableLeg] mappers[NailMapper] flags[Prop2;InheritCondition] | item 5 [Base.Nails],item 1 mapper:NailMapper,recipes/recipes_improvised_weapons.txt,277
OpenBagOfFrozenFood,Base,Cooking,15,UnPackSmallBag,InHandCraft;Cooking;CanBeDoneInDark,,,,,,,,,,Base.Frozen_ChickenNuggets;Base.Frozen_FishFingers;Base.Frozen_FrenchFries;Base.Frozen_TatoDots,,,Base.ChickenNuggets;Base.FishFingers;Base.FrenchFries;Base.TatoDots,foodType,false,Base.ChickenNuggets;Base.FishFingers;Base.FrenchFries;Base.Frozen_ChickenNuggets;Base.Frozen_FishFingers;Base.Frozen_FrenchFries;Base.Frozen_TatoDots;Base.TatoDots,,,,,,,multi-type: item 1 [Base.Frozen_ChickenNuggets;Base.Frozen_FishFingers;Base.Frozen_FrenchFries;Base.Frozen_TatoDots] flags[AllowFrozenItem;InheritFoodAge;InheritFreezingTime;AllowRottenItem] mappers[foodType] ; multi-type: item 3 mapper:foodType,item 1 [Base.Frozen_ChickenNuggets;Base.Frozen_FishFingers;Base.Frozen_FrenchFries;Base.Frozen_TatoDots] flags[AllowFrozenItem;InheritFoodAge;InheritFreezingTime;AllowRottenItem] mappers[foodType],item 3 mapper:foodType,recipes/recipes_cooking.txt,41
OpenBottleOfBeer,Base,Cooking,15,OpenBeerBottle,InHandCraft;Cooking;CanBeDoneInDark,,,,,,false,,,,Base.BeerBottle;Base.BeerImported,base:bottleopener,,,,false,Base.BeerBottle;Base.BeerImported,,,,,,,no-outputs,item 1 tags[base:bottleopener] mode:keep | item 1 [Base.BeerBottle;Base.BeerImported] mode:keep flags[DontPutBack;IsSealed;Prop2;Unseal;ItemCount],,recipes/recipes_fluids.txt,3
OpenBottleOfWine,Base,Cooking,30,UncorkBottle,InHandCraft;Cooking;CanBeDoneInDark,,,,,,false,,,,Base.Wine;Base.Wine2;Base.WineAged,base:corkscrew,,Base.Cork,,false,Base.Wine;Base.Wine2;Base.WineAged,,,,,,,not-in-dataset: item 1 Base.Cork,item 1 tags[base:corkscrew] mode:keep | item 1 [Base.Wine;Base.Wine2;Base.WineAged] mode:keep flags[DontPutBack;IsSealed;Prop2;Unseal;ItemCount],item 1 Base.Cork,recipes/recipes_fluids.txt,36
OpenBox100,Base,Packing,5,UnPackBox_Small,InHandCraft;Packing;CanBeDoneInDark,,,,,,,,,,Base.CapGunCapBox;Base.NailsBox;Base.ScrewsBox,,,Base.CapGunCap;Base.Nails;Base.Screws,itemType,false,,,,,,,,multi-type: item 1 [Base.NailsBox;Base.ScrewsBox;Base.CapGunCapBox] mappers[itemType] flags[AllowFavorite;InheritFavorite] ; multi-type: item 100 mapper:itemType,item 1 [Base.NailsBox;Base.ScrewsBox;Base.CapGunCapBox] mappers[itemType] flags[AllowFavorite;InheritFavorite],item 100 mapper:itemType,recipes/recipes_packing.txt,221
OpenBoxOfBullets20,Base,Packing,15,OpenAmmoBox,InHandCraft;CanBeDoneInDark,,,,,,,,,,Base.3030Box;Base.308Box;Base.556Box;Base.Bullets44Box,,,Base.3030Bullets;Base.308Bullets;Base.556Bullets;Base.Bullets44,ammoTypes,false,,,,,,,,multi-type: item 1 [Base.Bullets44Box;Base.308Box;Base.556Box;Base.3030Box] mappers[ammoTypes] flags[Prop2;AllowFavorite;InheritFavorite] ; multi-type: item 20 mapper:ammoTypes,item 1 [Base.Bullets44Box;Base.308Box;Base.556Box;Base.3030Box] mappers[ammoTypes] flags[Prop2;AllowFavorite;InheritFavorite],item 20 mapper:ammoTypes,recipes/recipes_ammunition.txt,44
OpenBoxOfBullets50,Base,Packing,15,OpenAmmoBox,InHandCraft;CanBeDoneInDark,,,,,,,,,,Base.Bullets357Box;Base.Bullets38Box;Base.Bullets45Box;Base.Bullets9mmBox,,,Base.Bullets357;Base.Bullets38;Base.Bullets45;Base.Bullets9mm,ammoTypes,false,,,,,,,,multi-type: item 1 [Base.Bullets9mmBox;Base.Bullets45Box;Base.Bullets38Box;Base.Bullets357Box] mappers[ammoTypes] flags[Prop2;AllowFavorite;InheritFavorite] ; multi-type: item 50 mapper:ammoTypes,item 1 [Base.Bullets9mmBox;Base.Bullets45Box;Base.Bullets38Box;Base.Bullets357Box] mappers[ammoTypes] flags[Prop2;AllowFavorite;InheritFavorite],item 50 mapper:ammoTypes,recipes/recipes_ammunition.txt,20
OpenBoxOfCannedFood,Base,Packing,100,UnPackBox,InHandCraft;Cooking;CanBeDoneInDark,,,,,,,,,,Base.CannedBolognese_Box;Base.CannedCarrots_Box;Base.CannedChili_Box;Base.CannedCorn_Box;Base.CannedCornedBeef_Box;Base.CannedFruitBeverage_Box;Base.CannedFruitCocktail_Box;Base.CannedMilk_Box;Base.CannedMushroomSoup_Box;Base.CannedPeaches_Box;Base.CannedPeas_Box;Base.CannedPineapple_Box;Base.CannedPotato_Box;Base.CannedSardines_Box;Base.CannedTomato_Box;Base.DentedCan_Box;Base.Dogfood_Box;Base.Macandcheese_Box;Base.MysteryCan_Box;Base.TinnedBeans_Box;Base.TinnedSoup_Box;Base.TunaTin_Box;Base.WaterRationCan_Box,,,Base.CannedBolognese;Base.CannedCarrots2;Base.CannedChili;Base.CannedCorn;Base.CannedCornedBeef;Base.CannedFruitBeverage;Base.CannedFruitCocktail;Base.CannedMilk;Base.CannedMushroomSoup;Base.CannedPeaches;Base.CannedPeas;Base.CannedPineapple;Base.CannedPotato2;Base.CannedSardines;Base.CannedTomato2;Base.DentedCan;Base.Dogfood;Base.Macandcheese;Base.MysteryCan;Base.TinnedBeans;Base.TinnedSoup;Base.TunaTin;Base.WaterRationCan,canSorts,false,Base.CannedBolognese;Base.CannedCarrots2;Base.CannedChili;Base.CannedCorn;Base.CannedCornedBeef;Base.CannedFruitBeverage;Base.CannedFruitCocktail;Base.CannedMilk;Base.CannedMushroomSoup;Base.CannedPeaches;Base.CannedPeas;Base.CannedPineapple;Base.CannedPotato2;Base.CannedSardines;Base.CannedTomato2;Base.DentedCan;Base.Dogfood;Base.Macandcheese;Base.MysteryCan;Base.TinnedBeans;Base.TinnedSoup;Base.TunaTin;Base.WaterRationCan,,,,,,,multi-type: item 1 [Base.Macandcheese_Box;Base.TinnedBeans_Box;Base.CannedBolognese_Box;Base.CannedCarrots_Box;Base.CannedChili_Box;Base.CannedCornedBeef_Box;Base.CannedCorn_Box;Base.CannedFruitCocktail_Box;Base.CannedFruitBeverage_Box;Base.CannedMilk_Box;Base.CannedMushroomSoup_Box;Base.CannedPeaches_Box;Base.CannedPeas_Box;Base.CannedPineapple_Box;Base.CannedPotato_Box;Base.CannedSardines_Box;Base.TinnedSoup_Box;Base.CannedTomato_Box;Base.TunaTin_Box;Base.Dogfood_Box;Base.MysteryCan_Box;Base.DentedCan_Box;Base.WaterRationCan_Box] mappers[canSorts] flags[AllowFavorite;InheritFavorite] ; multi-type: item 6 mapper:canSorts,item 1 [Base.Macandcheese_Box;Base.TinnedBeans_Box;Base.CannedBolognese_Box;Base.CannedCarrots_Box;Base.CannedChili_Box;Base.CannedCornedBeef_Box;Base.CannedCorn_Box;Base.CannedFruitCocktail_Box;Base.CannedFruitBeverage_Box;Base.CannedMilk_Box;Base.CannedMushroomSoup_Box;Base.CannedPeaches_Box;Base.CannedPeas_Box;Base.CannedPineapple_Box;Base.CannedPotato_Box;Base.CannedSardines_Box;Base.TinnedSoup_Box;Base.CannedTomato_Box;Base.TunaTin_Box;Base.Dogfood_Box;Base.MysteryCan_Box;Base.DentedCan_Box;Base.WaterRationCan_Box] mappers[canSorts] flags[AllowFavorite;InheritFavorite],item 6 mapper:canSorts,recipes/recipes_packing.txt,40
OpenBoxOfFishingHooks,Base,Packing,5,UnPackBox_Small,InHandCraft;Packing;CanBeDoneInDark,,,,,,,,,,Base.FishingHookBox,,,Base.FishingHook,,false,,,,,,,,not-in-dataset: item 1 [Base.FishingHookBox] flags[AllowFavorite;InheritFavorite] ; not-in-dataset: item 10 Base.FishingHook,item 1 [Base.FishingHookBox] flags[AllowFavorite;InheritFavorite],item 10 Base.FishingHook,recipes/recipes_packing.txt,362
OpenBoxOfJars,Base,Packing,15,UnPackBox,InHandCraft;Packing;CanBeDoneInDark,,,,,,,,RecipeCodeOnCreate.unpackItemTypeFromBox,,Base.BoxOfJars,,,Base.EmptyJar;Base.JarLid,,false,Base.EmptyJar,,,,,,,not-in-dataset: item 1 [Base.BoxOfJars] flags[AllowFavorite;InheritFavorite] ; no-nutrition: item 6 Base.EmptyJar ; not-in-dataset: item 6 Base.JarLid,item 1 [Base.BoxOfJars] flags[AllowFavorite;InheritFavorite],item 6 Base.EmptyJar | item 6 Base.JarLid,recipes/recipes_packing.txt,184
OpenBoxOfPaperclip,Base,Packing,5,UnPackBox_Small,InHandCraft;Packing;CanBeDoneInDark,,,,,,,,,,Base.PaperclipBox,,,Base.Paperclip,,false,,,,,,,,not-in-dataset: item 1 [Base.PaperclipBox] flags[AllowFavorite;InheritFavorite] ; not-in-dataset: item 40 Base.Paperclip,item 1 [Base.PaperclipBox] flags[AllowFavorite;InheritFavorite],item 40 Base.Paperclip,recipes/recipes_packing.txt,274
OpenBoxOfShotgunShells,Base,Packing,15,OpenShellsBox,InHandCraft;CanBeDoneInDark,,,,,,,,,,Base.ShotgunShellsBox,,,Base.ShotgunShells,,false,,,,,,,,not-in-dataset: item 1 [Base.ShotgunShellsBox] flags[Prop2;AllowFavorite;InheritFavorite] ; not-in-dataset: item 25 Base.ShotgunShells,item 1 [Base.ShotgunShellsBox] flags[Prop2;AllowFavorite;InheritFavorite],item 25 Base.ShotgunShells,recipes/recipes_ammunition.txt,68
OpenBoxOfWine,Base,Packing,80,UnPackBox,InHandCraft;Cooking;CanBeDoneInDark,,,,,,,,,,Base.WineRed_Boxed;Base.WineWhite_Boxed,,,Base.Wine;Base.Wine2,wineType,false,Base.Wine;Base.Wine2,,,,,,,multi-type: item 1 [Base.WineWhite_Boxed;Base.WineRed_Boxed] mappers[wineType] flags[AllowFavorite;InheritFavorite] ; multi-type: item 6 mapper:wineType,item 1 [Base.WineWhite_Boxed;Base.WineRed_Boxed] mappers[wineType] flags[AllowFavorite;InheritFavorite],item 6 mapper:wineType,recipes/recipes_packing.txt,125
OpenCanOfBeverage,Base,Cooking,15,OpenPopCan,InHandCraft;Cooking;CanBeDoneInDark,,,,,,false,,,,,base:sealedbeveragecan,,,,false,,,,,,,,no-outputs,item 1 tags[base:sealedbeveragecan] mode:keep flags[DontPutBack;IsSealed;Prop2;Unseal;ItemCount],,recipes/recipes_fluids.txt,20
OpenCandyPackage,Base,Cooking,20,UnPackSmallBag,InHandCraft;Cooking;CanBeDoneInDark,,,,,,,,,,Base.CandyPackage,,,Base.Lollipop;Base.MintCandy,,false,Base.CandyPackage;Base.Lollipop;Base.MintCandy,0.0,0.0,0.0,0.0,-35.0,0.0,,item 1 [Base.CandyPackage],item 5 Base.Lollipop | item 5 Base.MintCandy,recipes/recipes_cooking.txt,302
OpenCannedFood,Base,Cooking,100,OpenTinCan,InHandCraft;CanBeDoneInDark,,,,,,,,RecipeCodeOnCreate.openAndEat,,Base.CannedBolognese;Base.CannedCarrots2;Base.CannedChili;Base.CannedCorn;Base.CannedFruitBeverage;Base.CannedFruitCocktail;Base.CannedMilk;Base.CannedMushroomSoup;Base.CannedPeaches;Base.CannedPeas;Base.CannedPineapple;Base.CannedPotato2;Base.CannedTomato2;Base.Dogfood;Base.TinnedBeans;Base.TinnedSoup;Base.TunaTin,base:canopener,,Base.CannedBologneseOpen;Base.CannedCarrotsOpen;Base.CannedChiliOpen;Base.CannedCornOpen;Base.CannedFruitBeverageOpen;Base.CannedFruitCocktailOpen;Base.CannedMilkOpen;Base.CannedMushroomSoupOpen;Base.CannedPeachesOpen;Base.CannedPeasOpen;Base.CannedPineappleOpen;Base.CannedPotatoOpen;Base.CannedTomatoOpen;Base.DogfoodOpen;Base.OpenBeans;Base.TinnedSoupOpen;Base.TunaTinOpen,canSorts,false,Base.CannedBolognese;Base.CannedBologneseOpen;Base.CannedCarrots2;Base.CannedCarrotsOpen;Base.CannedChili;Base.CannedChiliOpen;Base.CannedCorn;Base.CannedCornOpen;Base.CannedFruitBeverage;Base.CannedFruitBeverageOpen;Base.CannedFruitCocktail;Base.CannedFruitCocktailOpen;Base.CannedMilk;Base.CannedMilkOpen;Base.CannedMushroomSoup;Base.CannedMushroomSoupOpen;Base.CannedPeaches;Base.CannedPeachesOpen;Base.CannedPeas;Base.CannedPeasOpen;Base.CannedPineapple;Base.CannedPineappleOpen;Base.CannedPotato2;Base.CannedPotatoOpen;Base.CannedTomato2;Base.CannedTomatoOpen;Base.Dogfood;Base.DogfoodOpen;Base.OpenBeans;Base.TinnedBeans;Base.TinnedSoup;Base.TinnedSoupOpen;Base.TunaTin;Base.TunaTinOpen,,,,,,,multi-type: item 1 [Base.TinnedBeans;Base.CannedBolognese;Base.CannedCarrots2;Base.CannedChili;Base.CannedCorn;Base.CannedFruitCocktail;Base.CannedFruitBeverage;Base.CannedMilk;Base.CannedMushroomSoup;Base.CannedPeaches;Base.CannedPeas;Base.CannedPineapple;Base.CannedPotato2;Base.TinnedSoup;Base.CannedTomato2;Base.TunaTin;Base.Dogfood] mappers[canSorts] flags[Prop2;DontPutBack] ; multi-type: item 1 mapper:canSorts,item 1 tags[base:canopener] mode:keep flags[MayDegradeLight] | item 1 [Base.TinnedBeans;Base.CannedBolognese;Base.CannedCarrots2;Base.CannedChili;Base.CannedCorn;Base.CannedFruitCocktail;Base.CannedFruitBeverage;Base.CannedMilk;Base.CannedMushroomSoup;Base.CannedPeaches;Base.CannedPeas;Base.CannedPineapple;Base.CannedPotato2;Base.TinnedSoup;Base.CannedTomato2;Base.TunaTin;Base.Dogfood] mappers[canSorts] flags[Prop2;DontPutBack],item 1 mapper:canSorts,recipes/recipes_cannedFood.txt,146
OpenCannedFood2,Base,Cooking,10,OpenTinCan,InHandCraft;CanBeDoneInDark,,,,,,,,RecipeCodeOnCreate.openAndEat,,Base.CannedCornedBeef;Base.CannedSardines,,,Base.CannedCornedBeefOpen;Base.CannedSardinesOpen,canSorts,false,Base.CannedCornedBeef;Base.CannedCornedBeefOpen;Base.CannedSardines;Base.CannedSardinesOpen,,,,,,,multi-type: item 1 [Base.CannedCornedBeef;Base.CannedSardines] mappers[canSorts] flags[Prop2;DontPutBack] ; multi-type: item 1 mapper:canSorts,item 1 [Base.CannedCornedBeef;Base.CannedSardines] mappers[canSorts] flags[Prop2;DontPutBack],item 1 mapper:canSorts,recipes/recipes_cannedFood.txt,184
OpenCannedFoodWithKnifeOrSharpStoneFlake,Base,Cooking,80,OpenTinCanWithKnife,AnySurfaceCraft;Cooking,,,,,,,,RecipeCodeOnCreate.openCan,Tooltip_Recipe_OpenCanWithKnife,Base.CannedBolognese;Base.CannedCarrots2;Base.CannedChili;Base.CannedCorn;Base.CannedFruitBeverage;Base.CannedFruitCocktail;Base.CannedMilk;Base.CannedMushroomSoup;Base.CannedPeaches;Base.CannedPeas;Base.CannedPineapple;Base.CannedPotato2;Base.CannedTomato2;Base.Dogfood;Base.TinnedBeans;Base.TinnedSoup,base:sharpknife,,Base.CannedBologneseOpen;Base.CannedCarrotsOpen;Base.CannedChiliOpen;Base.CannedCornOpen;Base.CannedFruitBeverageOpen;Base.CannedFruitCocktailOpen;Base.CannedMilkOpen;Base.CannedMushroomSoupOpen;Base.CannedPeachesOpen;Base.CannedPeasOpen;Base.CannedPineappleOpen;Base.CannedPotatoOpen;Base.CannedTomatoOpen;Base.DogfoodOpen;Base.OpenBeans;Base.TinnedSoupOpen,foodType,false,Base.CannedBolognese;Base.CannedBologneseOpen;Base.CannedCarrots2;Base.CannedCarrotsOpen;Base.CannedChili;Base.CannedChiliOpen;Base.CannedCorn;Base.CannedCornOpen;Base.CannedFruitBeverage;Base.CannedFruitBeverageOpen;Base.CannedFruitCocktail;Base.CannedFruitCocktailOpen;Base.CannedMilk;Base.CannedMilkOpen;Base.CannedMushroomSoup;Base.CannedMushroomSoupOpen;Base.CannedPeaches;Base.CannedPeachesOpen;Base.CannedPeas;Base.CannedPeasOpen;Base.CannedPineapple;Base.CannedPineappleOpen;Base.CannedPotato2;Base.CannedPotatoOpen;Base.CannedTomato2;Base.CannedTomatoOpen;Base.Dogfood;Base.DogfoodOpen;Base.OpenBeans;Base.TinnedBeans;Base.TinnedSoup;Base.TinnedSoupOpen,,,,,,,multi-type: item 1 [Base.TinnedBeans;Base.CannedBolognese;Base.CannedCarrots2;Base.CannedChili;Base.CannedCorn;Base.CannedMilk;Base.CannedFruitBeverage;Base.CannedFruitCocktail;Base.CannedMushroomSoup;Base.CannedPeaches;Base.CannedPeas;Base.CannedPineapple;Base.CannedPotato2;Base.TinnedSoup;Base.CannedTomato2;Base.Dogfood] mappers[foodType] flags[Prop2;DontPutBack] ; multi-type: item 1 mapper:foodType,item 1 tags[base:sharpknife] mode:keep flags[MayDegrade;IsNotDull] | item 1 [Base.TinnedBeans;Base.CannedBolognese;Base.CannedCarrots2;Base.CannedChili;Base.CannedCorn;Base.CannedMilk;Base.CannedFruitBeverage;Base.CannedFruitCocktail;Base.CannedMushroomSoup;Base.CannedPeaches;Base.CannedPeas;Base.CannedPineapple;Base.CannedPotato2;Base.TinnedSoup;Base.CannedTomato2;Base.Dogfood] mappers[foodType] flags[Prop2;DontPutBack],item 1 mapper:foodType,recipes/recipes_cannedFood.txt,108
OpenCarton12,Base,Packing,50,UnPackBox,InHandCraft;Packing;CanBeDoneInDark,,,,,,,,,,Base.3030Carton;Base.308Carton;Base.556Carton;Base.Bullets357Carton;Base.Bullets38Carton;Base.Bullets44Carton;Base.Bullets45Carton;Base.Bullets9mmCarton;Base.NailsCarton;Base.ScrewsCarton;Base.ShotgunShellsCarton,,,Base.3030Box;Base.308Box;Base.556Box;Base.Bullets357Box;Base.Bullets38Box;Base.Bullets44Box;Base.Bullets45Box;Base.Bullets9mmBox;Base.NailsBox;Base.ScrewsBox;Base.ShotgunShellsBox,boxType,false,,,,,,,,multi-type: item 1 [Base.NailsCarton;Base.ScrewsCarton;Base.Bullets9mmCarton;Base.Bullets45Carton;Base.Bullets38Carton;Base.Bullets357Carton;Base.Bullets44Carton;Base.308Carton;Base.ShotgunShellsCarton;Base.556Carton;Base.3030Carton] mappers[boxType] flags[AllowFavorite;InheritFavorite] ; multi-type: item 12 mapper:boxType,item 1 [Base.NailsCarton;Base.ScrewsCarton;Base.Bullets9mmCarton;Base.Bullets45Carton;Base.Bullets38Carton;Base.Bullets357Carton;Base.Bullets44Carton;Base.308Carton;Base.ShotgunShellsCarton;Base.556Carton;Base.3030Carton] mappers[boxType] flags[AllowFavorite;InheritFavorite],item 12 mapper:boxType,recipes/recipes_packing.txt,244
OpenDentedUnlabeledCan,Base,Cooking,80,OpenTinCan,InHandCraft;Cooking;CanBeDoneInDark,,,,,,,,RecipeCodeOnCreate.openDentedCan,,Base.DentedCan,base:canopener,,,,false,Base.DentedCan,,,,,,,no-outputs,item 1 tags[base:canopener] mode:keep flags[MayDegradeLight] | item 1 [Base.DentedCan] flags[Prop2;DontPutBack],,recipes/recipes_cannedFood.txt,37
OpenDentedUnlabeledCanWithKnifeOrSharpStoneFlake,Base,Cooking,80,OpenTinCanWithKnife,AnySurfaceCraft;Cooking,,,,,,,,RecipeCodeOnCreate.openDentedCanKnife,Tooltip_Recipe_OpenCanWithKnife,Base.DentedCan,base:sharpknife,,,,false,Base.DentedCan,,,,,,,no-outputs,item 1 tags[base:sharpknife] mode:keep flags[MayDegrade;IsNotDull] | item 1 [Base.DentedCan] flags[Prop2;DontPutBack],,recipes/recipes_cannedFood.txt,90
OpenEggCarton,Base,Cooking,5,OpenAmmoBox,InHandCraft;CanBeDoneInDark,,,,,,,,,,Base.EggCarton,,,Base.Egg,,false,Base.Egg;Base.EggCarton,,,,,,,no-nutrition: item 1 [Base.EggCarton] flags[AllowFrozenItem;AllowRottenItem;Prop2;InheritFoodAge],item 1 [Base.EggCarton] flags[AllowFrozenItem;AllowRottenItem;Prop2;InheritFoodAge],item 12 Base.Egg,recipes/recipes_cooking.txt,64
OpenHotdogPack,Base,Cooking,15,UnPackSmallBag,InHandCraft;Cooking;CanBeDoneInDark,,,,,,,,,,Base.HotdogPack,,,Base.Hotdog_single,,false,Base.HotdogPack;Base.Hotdog_single,-10.0,0.0,0.0,0.0,-40.0,0.0,,item 1 [Base.HotdogPack] flags[AllowFrozenItem;InheritFoodAge;InheritFreezingTime],item 4 Base.Hotdog_single,recipes/recipes_cooking.txt,630
OpenJarOfFood,Base,Cooking,30,Making,InHandCraft;Cooking;CanBeDoneInDark,,,,,,,,RecipeCodeOnCreate.applyLidCondition,,,base:preservedfood,,Base.CannedBellPepper_Open;Base.CannedBroccoli_Open;Base.CannedCabbage_Open;Base.CannedCarrots_Open;Base.CannedEggplant_Open;Base.CannedLeek_Open;Base.CannedPotato_Open;Base.CannedRedRadish_Open;Base.CannedRoe_Open;Base.CannedTomato_Open,foodType,false,Base.CannedBellPepper_Open;Base.CannedBroccoli_Open;Base.CannedCabbage_Open;Base.CannedCarrots_Open;Base.CannedEggplant_Open;Base.CannedLeek_Open;Base.CannedPotato_Open;Base.CannedRedRadish_Open;Base.CannedRoe_Open;Base.CannedTomato_Open,,,,,,,tags-only: item 1 tags[base:preservedfood] flags[AllowRottenItem;InheritFood;ItemCount] mappers[foodType] ; multi-type: item 1 mapper:foodType,item 1 tags[base:preservedfood] flags[AllowRottenItem;InheritFood;ItemCount] mappers[foodType],item 1 mapper:foodType,recipes/recipes_jarring.txt,3
OpenPackOfBeer,Base,Packing,80,Making,InHandCraft;Cooking;CanBeDoneInDark,,,,,,,,,,Base.BeerCanPack;Base.BeerPack,,,Base.BeerBottle;Base.BeerCan,itemType,false,Base.BeerBottle;Base.BeerCan,,,,,,,multi-type: item 1 [Base.BeerPack;Base.BeerCanPack] mappers[itemType] flags[AllowFavorite;InheritFavorite] ; multi-type: item 6 mapper:itemType,item 1 [Base.BeerPack;Base.BeerCanPack] mappers[itemType] flags[AllowFavorite;InheritFavorite],item 6 mapper:itemType,recipes/recipes_packing.txt,3
OpenPackOfBuns,Base,Cooking,15,UnPackSmallBag,InHandCraft;Cooking;CanBeDoneInDark,,,,,,,,,,Base.BunsHamburger;Base.BunsHotdog,,,Base.BunsHamburger_single;Base.BunsHotdog_single,bunType,false,Base.BunsHamburger;Base.BunsHamburger_single;Base.BunsHotdog;Base.BunsHotdog_single,,,,,,,multi-type: item 1 [Base.BunsHamburger;Base.BunsHotdog] flags[AllowFrozenItem;InheritFoodAge;InheritFreezingTime] mappers[bunType] ; multi-type: item 4 mapper:bunType,item 1 [Base.BunsHamburger;Base.BunsHotdog] flags[AllowFrozenItem;InheritFoodAge;InheritFreezingTime] mappers[bunType],item 4 mapper:bunType,recipes/recipes_cooking.txt,609
OpenPacketOfSeeds,Base,Farming,20,PutSeedsInPacket,InHandCraft;Farming;CanBeDoneInDark,,,,,,,,,,Base.BarleyBagSeed;Base.BasilBagSeed;Base.BellPepperBagSeed;Base.BlackSageBagSeed;Base.BroadleafPlantainBagSeed;Base.BroccoliBagSeed2;Base.CabbageBagSeed2;Base.CarrotBagSeed2;Base.CauliflowerBagSeed;Base.ChamomileBagSeed;Base.ChivesBagSeed;Base.CilantroBagSeed;Base.ComfreyBagSeed;Base.CommonMallowBagSeed;Base.CornBagSeed;Base.CucumberBagSeed;Base.FlaxBagSeed;Base.GarlicBagSeed;Base.GreenpeasBagSeed;Base.HabaneroBagSeed;Base.HempBagSeed;Base.HopsBagSeed;Base.JalapenoBagSeed;Base.KaleBagSeed;Base.LavenderBagSeed;Base.LeekBagSeed;Base.LemonGrassBagSeed;Base.LettuceBagSeed;Base.MarigoldBagSeed;Base.MintBagSeed;Base.OnionBagSeed;Base.OreganoBagSeed;Base.ParsleyBagSeed;Base.PoppyBagSeed;Base.PotatoBagSeed2;Base.PumpkinBagSeed;Base.RedRadishBagSeed2;Base.RoseBagSeed;Base.RosemaryBagSeed;Base.RyeBagSeed;Base.SageBagSeed;Base.SoybeansBagSeed;Base.SpinachBagSeed;Base.StrewberrieBagSeed2;Base.SugarBeetBagSeed;Base.SunflowerBagSeed;Base.SweetPotatoBagSeed;Base.ThymeBagSeed;Base.TobaccoBagSeed;Base.TomatoBagSeed2;Base.TurnipBagSeed;Base.WatermelonBagSeed;Base.WheatBagSeed;Base.WildGarlicBagSeed;Base.ZucchiniBagSeed,,,Base.BarleyBagSeed_Empty;Base.BarleySeed;Base.BasilBagSeed_Empty;Base.BasilSeed;Base.BellPepperBagSeed_Empty;Base.BellPepperSeed;Base.BlackSageBagSeed_Empty;Base.BlackSageSeed;Base.BroadleafPlantainBagSeed_Empty;Base.BroadleafPlantainSeed;Base.BroccoliBagSeed2_Empty;Base.BroccoliSeed;Base.CabbageBagSeed2_Empty;Base.CabbageSeed;Base.CarrotBagSeed2_Empty;Base.CarrotSeed;Base.CauliflowerBagSeed_Empty;Base.CauliflowerSeed;Base.ChamomileBagSeed_Empty;Base.ChamomileSeed;Base.ChivesBagSeed_Empty;Base.ChivesSeed;Base.CilantroBagSeed_Empty;Base.CilantroSeed;Base.ComfreyBagSeed_Empty;Base.ComfreySeed;Base.CommonMallowBagSeed_Empty;Base.CommonMallowSeed;Base.CornBagSeed_Empty;Base.CornSeed;Base.CucumberBagSeed_Empty;Base.CucumberSeed;Base.FlaxBagSeed_Empty;Base.FlaxSeed;Base.GarlicBagSeed_Empty;Base.GarlicSeed;Base.GreenpeasBagSeed_Empty;Base.GreenpeasSeed;Base.HabaneroBagSeed_Empty;Base.HabaneroSeed;Base.HempBagSeed_Empty;Base.HempSeed;Base.HopsBagSeed_Empty;Base.HopsSeed;Base.JalapenoBagSeed_Empty;Base.JalapenoSeed;Base.KaleBagSeed_Empty;Base.KaleSeed;Base.LavenderBagSeed_Empty;Base.LavenderSeed;Base.LeekBagSeed_Empty;Base.LeekSeed;Base.LemonGrassBagSeed_Empty;Base.LemonGrassSeed;Base.LettuceBagSeed_Empty;Base.LettuceSeed;Base.MarigoldBagSeed_Empty;Base.MarigoldSeed;Base.MintBagSeed_Empty;Base.MintSeed;Base.OnionBagSeed_Empty;Base.OnionSeed;Base.OreganoBagSeed_Empty;Base.OreganoSeed;Base.ParsleyBagSeed_Empty;Base.ParsleySeed;Base.PoppyBagSeed_Empty;Base.PoppySeed;Base.PotatoBagSeed2_Empty;Base.PotatoSeed;Base.PumpkinBagSeed_Empty;Base.PumpkinSeed;Base.RedRadishBagSeed2_Empty;Base.RedRadishSeed;Base.RoseBagSeed_Empty;Base.RoseSeed;Base.RosemaryBagSeed_Empty;Base.RosemarySeed;Base.RyeBagSeed_Empty;Base.RyeSeed;Base.SageBagSeed_Empty;Base.SageSeed;Base.SoybeansBagSeed_Empty;Base.SoybeansSeed;Base.SpinachBagSeed_Empty;Base.SpinachSeed;Base.StrewberrieBagSeed2_Empty;Base.StrewberrieSeed;Base.SugarBeetBagSeed_Empty;Base.SugarBeetSeed;Base.SunflowerBagSeed_Empty;Base.SunflowerSeeds;Base.SweetPotatoBagSeed_Empty;Base.SweetPotatoSeed;Base.ThymeBagSeed_Empty;Base.ThymeSeed;Base.TobaccoBagSeed_Empty;Base.TobaccoSeed;Base.TomatoBagSeed2_Empty;Base.TomatoSeed;Base.TurnipBagSeed_Empty;Base.TurnipSeed;Base.WatermelonBagSeed_Empty;Base.WatermelonSeed;Base.WheatBagSeed_Empty;Base.WheatSeed;Base.WildGarlicBagSeed_Empty;Base.WildGarlicSeed;Base.ZucchiniBagSeed_Empty;Base.ZucchiniSeed,packetTypes;seedTypes,false,Base.BarleySeed;Base.CilantroSeed;Base.CornSeed;Base.FlaxSeed;Base.GreenpeasSeed;Base.PoppySeed;Base.PumpkinSeed;Base.RyeSeed;Base.SoybeansSeed;Base.SunflowerSeeds;Base.WheatSeed,,,,,,,multi-type: item 1 [Base.CarrotBagSeed2;Base.BroccoliBagSeed2;Base.RedRadishBagSeed2;Base.StrewberrieBagSeed2;Base.TomatoBagSeed2;Base.PotatoBagSeed2;Base.CabbageBagSeed2;Base.CornBagSeed;Base.KaleBagSeed;Base.SweetPotatoBagSeed;Base.GreenpeasBagSeed;Base.OnionBagSeed;Base.GarlicBagSeed;Base.WheatBagSeed;Base.SoybeansBagSeed;Base.SugarBeetBagSeed;Base.BasilBagSeed;Base.ChamomileBagSeed;Base.ChivesBagSeed;Base.CilantroBagSeed;Base.MarigoldBagSeed;Base.OreganoBagSeed;Base.ParsleyBagSeed;Base.SageBagSeed;Base.RosemaryBagSeed;Base.ThymeBagSeed;Base.LettuceBagSeed;Base.BellPepperBagSeed;Base.CucumberBagSeed;Base.CauliflowerBagSeed;Base.LeekBagSeed;Base.LemonGrassBagSeed;Base.ZucchiniBagSeed;Base.HabaneroBagSeed;Base.JalapenoBagSeed;Base.BlackSageBagSeed;Base.BroadleafPlantainBagSeed;Base.ComfreyBagSeed;Base.CommonMallowBagSeed;Base.WildGarlicBagSeed;Base.BarleyBagSeed;Base.RyeBagSeed;Base.PumpkinBagSeed;Base.HempBagSeed;Base.HopsBagSeed;Base.MintBagSeed;Base.TurnipBagSeed;Base.WatermelonBagSeed;Base.RoseBagSeed;Base.PoppyBagSeed;Base.LavenderBagSeed;Base.FlaxBagSeed;Base.SpinachBagSeed;Base.SunflowerBagSeed;Base.TobaccoBagSeed] mappers[seedTypes;packetTypes] ; multi-type: item 5 mapper:seedTypes ; multi-type: item 1 mapper:packetTypes,item 1 [Base.CarrotBagSeed2;Base.BroccoliBagSeed2;Base.RedRadishBagSeed2;Base.StrewberrieBagSeed2;Base.TomatoBagSeed2;Base.PotatoBagSeed2;Base.CabbageBagSeed2;Base.CornBagSeed;Base.KaleBagSeed;Base.SweetPotatoBagSeed;Base.GreenpeasBagSeed;Base.OnionBagSeed;Base.GarlicBagSeed;Base.WheatBagSeed;Base.SoybeansBagSeed;Base.SugarBeetBagSeed;Base.BasilBagSeed;Base.ChamomileBagSeed;Base.ChivesBagSeed;Base.CilantroBagSeed;Base.MarigoldBagSeed;Base.OreganoBagSeed;Base.ParsleyBagSeed;Base.SageBagSeed;Base.RosemaryBagSeed;Base.ThymeBagSeed;Base.LettuceBagSeed;Base.BellPepperBagSeed;Base.CucumberBagSeed;Base.CauliflowerBagSeed;Base.LeekBagSeed;Base.LemonGrassBagSeed;Base.ZucchiniBagSeed;Base.HabaneroBagSeed;Base.JalapenoBagSeed;Base.BlackSageBagSeed;Base.BroadleafPlantainBagSeed;Base.ComfreyBagSeed;Base.CommonMallowBagSeed;Base.WildGarlicBagSeed;Base.BarleyBagSeed;Base.RyeBagSeed;Base.PumpkinBagSeed;Base.HempBagSeed;Base.HopsBagSeed;Base.MintBagSeed;Base.TurnipBagSeed;Base.WatermelonBagSeed;Base.RoseBagSeed;Base.PoppyBagSeed;Base.LavenderBagSeed;Base.FlaxBagSeed;Base.SpinachBagSeed;Base.SunflowerBagSeed;Base.TobaccoBagSeed] mappers[seedTypes;packetTypes],item 5 mapper:seedTypes | item 1 mapper:packetTypes,recipes/recipes_farming.txt,186
OpenUmbrella,Base,,20,Making,InHandCraft;CanBeDoneInDark;RightClickOnly,,,,,,,,,,Base.ClosedUmbrellaBlack;Base.ClosedUmbrellaBlue;Base.ClosedUmbrellaRed;Base.ClosedUmbrellaTINTED;Base.ClosedUmbrellaWhite,,,Base.UmbrellaBlack;Base.UmbrellaBlue;Base.UmbrellaRed;Base.UmbrellaTINTED;Base.UmbrellaWhite,umbrellaElla,false,,,,,,,,multi-type: item 1 [Base.ClosedUmbrellaBlack;Base.ClosedUmbrellaBlue;Base.ClosedUmbrellaRed;Base.ClosedUmbrellaTINTED;Base.ClosedUmbrellaWhite] mappers[umbrellaElla] flags[AllowFavorite;InheritColor;InheritCondition;InheritEquipped;InheritFavorite;Prop1] ; multi-type: item 1 mapper:umbrellaElla,item 1 [Base.ClosedUmbrellaBlack;Base.ClosedUmbrellaBlue;Base.ClosedUmbrellaRed;Base.ClosedUmbrellaTINTED;Base.ClosedUmbrellaWhite] mappers[umbrellaElla] flags[AllowFavorite;InheritColor;InheritCondition;InheritEquipped;InheritFavorite;Prop1],item 1 mapper:umbrellaElla,recipes/recipes.txt,141
OpenUnlabeledCan,Base,Cooking,80,OpenTinCan,InHandCraft;Cooking;CanBeDoneInDark,,,,,,,,RecipeCodeOnCreate.openMysteryCan,,Base.MysteryCan,base:canopener,,,,false,Base.MysteryCan,,,,,,,no-outputs,item 1 tags[base:canopener] mode:keep flags[MayDegradeLight] | item 1 [Base.MysteryCan] flags[Prop2;DontPutBack],,recipes/recipes_cannedFood.txt,20
OpenUnlabeledCanWithKnifeOrSharpStoneFlake,Base,Cooking,80,OpenTinCanWithKnife,AnySurfaceCraft;Cooking,,,,,,,,RecipeCodeOnCreate.openMysteryCan,Tooltip_Recipe_OpenCanWithKnife,Base.MysteryCan,base:sharpknife,,,,false,Base.MysteryCan,,,,,,,no-outputs,item 1 tags[base:sharpknife] mode:keep flags[MayDegrade;IsNotDull] | item 1 [Base.MysteryCan] flags[Prop2;DontPutBack],,recipes/recipes_cannedFood.txt,72
OpenWaterRationCan,Base,Cooking,80,OpenTinCan,InHandCraft;Cooking;CanBeDoneInDark,,,,,,,,RecipeCodeOnCreate.openWaterCan,,Base.WaterRationCan,base:canopener,,,,false,Base.WaterRationCan,,,,,,,no-outputs,item 1 tags[base:canopener] mode:keep flags[MayDegradeLight] | item 1 [Base.WaterRationCan] flags[Prop2;DontPutBack],,recipes/recipes_cannedFood.txt,3
OpenWaterRationCanWithKnifeOrSharpStoneFlake,Base,Cooking,80,OpenTinCanWithKnife,AnySurfaceCraft;Cooking,,,,,,,,RecipeCodeOnCreate.openWaterCanKnife,Tooltip_Recipe_OpenCanWithKnife,Base.WaterRationCan,base:sharpknife,,,,false,Base.WaterRationCan,,,,,,,no-outputs,item 1 tags[base:sharpknife] mode:keep flags[MayDegrade;IsNotDull] | item 1 [Base.WaterRationCan] flags[Prop2;DontPutBack],,recipes/recipes_cannedFood.txt,54
PackBeerBottles,Base,Packing,80,PackingBox,InHandCraft;Cooking;CanBeDoneInDark,,,,,,,,,,Base.BeerBottle,,,Base.BeerPack,,false,Base.BeerBottle,,,,,,,fluid-sourced: item 6 [Base.BeerBottle] mode:destroy flags[AllowFavorite;InheritFavorite;IsSealed;ItemCount] ; not-in-dataset: item 1 Base.BeerPack,item 6 [Base.BeerBottle] mode:destroy flags[AllowFavorite;InheritFavorite;IsSealed;ItemCount],item 1 Base.BeerPack,recipes/recipes_packing.txt,24
PackBoxOfWine,Base,Packing,80,PackingBox,InHandCraft;Cooking,,,,,,,,,,Base.Wine;Base.Wine2,,,Base.WineRed_Boxed;Base.WineWhite_Boxed,wineType,false,Base.Wine;Base.Wine2,,,,,,,multi-type: item 6 [Base.Wine;Base.Wine2] mappers[wineType] flags[AllowFavorite;InheritFavorite;IsExclusive;ItemCount;IsSealed] ; multi-type: item 1 mapper:wineType,item 6 [Base.Wine;Base.Wine2] mappers[wineType] flags[AllowFavorite;InheritFavorite;IsExclusive;ItemCount;IsSealed],item 1 mapper:wineType,recipes/recipes_packing.txt,147
PackCannedFood,Base,Packing,100,PackingBox,InHandCraft,,,,,,,,,,Base.CannedBolognese;Base.CannedCarrots2;Base.CannedChili;Base.CannedCorn;Base.CannedCornedBeef;Base.CannedFruitBeverage;Base.CannedFruitCocktail;Base.CannedMilk;Base.CannedMushroomSoup;Base.CannedPeaches;Base.CannedPeas;Base.CannedPineapple;Base.CannedPotato2;Base.CannedSardines;Base.CannedTomato2;Base.DentedCan;Base.Dogfood;Base.Macandcheese;Base.MysteryCan;Base.TinnedBeans;Base.TinnedSoup;Base.TunaTin;Base.WaterRationCan,,,Base.CannedBolognese_Box;Base.CannedCarrots_Box;Base.CannedChili_Box;Base.CannedCorn_Box;Base.CannedCornedBeef_Box;Base.CannedFruitBeverage_Box;Base.CannedFruitCocktail_Box;Base.CannedMilk_Box;Base.CannedMushroomSoup_Box;Base.CannedPeaches_Box;Base.CannedPeas_Box;Base.CannedPineapple_Box;Base.CannedPotato_Box;Base.CannedSardines_Box;Base.CannedTomato_Box;Base.DentedCan_Box;Base.Dogfood_Box;Base.Macandcheese_Box;Base.MysteryCan_Box;Base.TinnedBeans_Box;Base.TinnedSoup_Box;Base.TunaTin_Box;Base.WaterRationCan_Box,canSorts,false,Base.CannedBolognese;Base.CannedCarrots2;Base.CannedChili;Base.CannedCorn;Base.CannedCornedBeef;Base.CannedFruitBeverage;Base.CannedFruitCocktail;Base.CannedMilk;Base.CannedMushroomSoup;Base.CannedPeaches;Base.CannedPeas;Base.CannedPineapple;Base.CannedPotato2;Base.CannedSardines;Base.CannedTomato2;Base.DentedCan;Base.Dogfood;Base.Macandcheese;Base.MysteryCan;Base.TinnedBeans;Base.TinnedSoup;Base.TunaTin;Base.WaterRationCan,,,,,,,multi-type: item 6 [Base.Macandcheese;Base.TinnedBeans;Base.CannedBolognese;Base.CannedCarrots2;Base.CannedChili;Base.CannedCornedBeef;Base.CannedCorn;Base.CannedFruitCocktail;Base.CannedFruitBeverage;Base.CannedMilk;Base.CannedMushroomSoup;Base.CannedPeaches;Base.CannedPeas;Base.CannedPineapple;Base.CannedPotato2;Base.CannedSardines;Base.TinnedSoup;Base.CannedTomato2;Base.TunaTin;Base.Dogfood;Base.MysteryCan;Base.DentedCan;Base.WaterRationCan] mappers[canSorts] flags[AllowFavorite;InheritFavorite;IsExclusive] ; multi-type: item 1 mapper:canSorts,item 6 [Base.Macandcheese;Base.TinnedBeans;Base.CannedBolognese;Base.CannedCarrots2;Base.CannedChili;Base.CannedCornedBeef;Base.CannedCorn;Base.CannedFruitCocktail;Base.CannedFruitBeverage;Base.CannedMilk;Base.CannedMushroomSoup;Base.CannedPeaches;Base.CannedPeas;Base.CannedPineapple;Base.CannedPotato2;Base.CannedSardines;Base.TinnedSoup;Base.CannedTomato2;Base.TunaTin;Base.Dogfood;Base.MysteryCan;Base.DentedCan;Base.WaterRationCan] mappers[canSorts] flags[AllowFavorite;InheritFavorite;IsExclusive],item 1 mapper:canSorts,recipes/recipes_packing.txt,83
PackCigaretteCarton,Base,Packing,5,PackingBox_Small,InHandCraft;Packing,,,,,,,,,,Base.CigarettePack,,,Base.CigaretteCarton,,false,Base.CigarettePack,,,,,,,not-in-dataset: item 1 Base.CigaretteCarton,item 10 [Base.CigarettePack] flags[IsFull;AllowFavorite;InheritFavorite;ItemCount],item 1 Base.CigaretteCarton,recipes/recipes_packing.txt,745
PackCigarettes,Base,Miscellaneous,25,PackCigarettes,InHandCraft;CanBeDoneInDark,,,,,,,,,,Base.CigaretteSingle,,,Base.CigarettePack,,false,Base.CigarettePack;Base.CigaretteSingle,0.0,0.0,0.0,0.0,0.0,0.0,,item 20 [Base.CigaretteSingle] flags[AllowFavorite;InheritFavorite],item 1 Base.CigarettePack,recipes/recipes_packing.txt,679
PackSetOfBooks,Base,Packing,80,PackingBox,InHandCraft;Packing,,,,,,,,,,Base.BookAiming1;Base.BookAiming2;Base.BookAiming3;Base.BookAiming4;Base.BookAiming5;Base.BookBlacksmith1;Base.BookBlacksmith2;Base.BookBlacksmith3;Base.BookBlacksmith4;Base.BookBlacksmith5;Base.BookButchering1;Base.BookButchering2;Base.BookButchering3;Base.BookButchering4;Base.BookButchering5;Base.BookCarpentry1;Base.BookCarpentry2;Base.BookCarpentry3;Base.BookCarpentry4;Base.BookCarpentry5;Base.BookCarving1;Base.BookCarving2;Base.BookCarving3;Base.BookCarving4;Base.BookCarving5;Base.BookCooking1;Base.BookCooking2;Base.BookCooking3;Base.BookCooking4;Base.BookCooking5;Base.BookElectrician1;Base.BookElectrician2;Base.BookElectrician3;Base.BookElectrician4;Base.BookElectrician5;Base.BookFarming1;Base.BookFarming2;Base.BookFarming3;Base.BookFarming4;Base.BookFarming5;Base.BookFirstAid1;Base.BookFirstAid2;Base.BookFirstAid3;Base.BookFirstAid4;Base.BookFirstAid5;Base.BookFishing1;Base.BookFishing2;Base.BookFishing3;Base.BookFishing4;Base.BookFishing5;Base.BookFlintKnapping1;Base.BookFlintKnapping2;Base.BookFlintKnapping3;Base.BookFlintKnapping4;Base.BookFlintKnapping5;Base.BookForaging1;Base.BookForaging2;Base.BookForaging3;Base.BookForaging4;Base.BookForaging5;Base.BookGlassmaking1;Base.BookGlassmaking2;Base.BookGlassmaking3;Base.BookGlassmaking4;Base.BookGlassmaking5;Base.BookHusbandry1;Base.BookHusbandry2;Base.BookHusbandry3;Base.BookHusbandry4;Base.BookHusbandry5;Base.BookLongBlade1;Base.BookLongBlade2;Base.BookLongBlade3;Base.BookLongBlade4;Base.BookLongBlade5;Base.BookMaintenance1;Base.BookMaintenance2;Base.BookMaintenance3;Base.BookMaintenance4;Base.BookMaintenance5;Base.BookMasonry1;Base.BookMasonry2;Base.BookMasonry3;Base.BookMasonry4;Base.BookMasonry5;Base.BookMechanic1;Base.BookMechanic2;Base.BookMechanic3;Base.BookMechanic4;Base.BookMechanic5;Base.BookMetalWelding1;Base.BookMetalWelding2;Base.BookMetalWelding3;Base.BookMetalWelding4;Base.BookMetalWelding5;Base.BookPottery1;Base.BookPottery2;Base.BookPottery3;Base.BookPottery4;Base.BookPottery5;Base.BookReloading1;Base.BookReloading2;Base.BookReloading3;Base.BookReloading4;Base.BookReloading5;Base.BookTailoring1;Base.BookTailoring2;Base.BookTailoring3;Base.BookTailoring4;Base.BookTailoring5;Base.BookTracking1;Base.BookTracking2;Base.BookTracking3;Base.BookTracking4;Base.BookTracking5;Base.BookTrapping1;Base.BookTrapping2;Base.BookTrapping3;Base.BookTrapping4;Base.BookTrapping5,,,Base.BookAimingSet;Base.BookBlacksmithSet;Base.BookButcheringSet;Base.BookCarpentrySet;Base.BookCarvingSet;Base.BookCookingSet;Base.BookElectricianSet;Base.BookFarmingSet;Base.BookFirstAidSet;Base.BookFishingSet;Base.BookFlintKnappingSet;Base.BookForagingSet;Base.BookGlassmakingSet;Base.BookHusbandrySet;Base.BookLongBladeSet;Base.BookMaintenanceSet;Base.BookMasonrySet;Base.BookMechanicsSet;Base.BookMetalWeldingSet;Base.BookPotterySet;Base.BookReloadingSet;Base.BookTailoringSet;Base.BookTrackingSet;Base.BookTrappingSet,bookType,false,,,,,,,,multi-type: item 1 [Base.BookAiming1;Base.BookHusbandry1;Base.BookCarpentry1;Base.BookCooking1;Base.BookElectrician1;Base.BookFarming1;Base.BookFirstAid1;Base.BookFishing1;Base.BookForaging1;Base.BookGlassmaking1;Base.BookLongBlade1;Base.BookMasonry1;Base.BookMechanic1;Base.BookBlacksmith1;Base.BookMetalWelding1;Base.BookPottery1;Base.BookReloading1;Base.BookTailoring1;Base.BookTrapping1;Base.BookCarving1;Base.BookFlintKnapping1;Base.BookButchering1;Base.BookTracking1;Base.BookMaintenance1] mappers[bookType] flags[AllowFavorite;InheritFavorite] ; multi-type: item 1 [Base.BookAiming2;Base.BookHusbandry2;Base.BookCarpentry2;Base.BookCooking2;Base.BookElectrician2;Base.BookFarming2;Base.BookFirstAid2;Base.BookFishing2;Base.BookForaging2;Base.BookGlassmaking2;Base.BookLongBlade2;Base.BookMasonry2;Base.BookMechanic2;Base.BookBlacksmith2;Base.BookMetalWelding2;Base.BookPottery2;Base.BookReloading2;Base.BookTailoring2;Base.BookTrapping2;Base.BookCarving2;Base.BookFlintKnapping2;Base.BookButchering2;Base.BookTracking2;Base.BookMaintenance2] mappers[bookType] flags[AllowFavorite;InheritFavorite] ; multi-type: item 1 [Base.BookAiming3;Base.BookHusbandry3;Base.BookCarpentry3;Base.BookCooking3;Base.BookElectrician3;Base.BookFarming3;Base.BookFirstAid3;Base.BookFishing3;Base.BookForaging3;Base.BookGlassmaking3;Base.BookLongBlade3;Base.BookMasonry3;Base.BookMechanic3;Base.BookBlacksmith3;Base.BookMetalWelding3;Base.BookPottery3;Base.BookReloading3;Base.BookTailoring3;Base.BookTrapping3;Base.BookCarving3;Base.BookFlintKnapping3;Base.BookButchering3;Base.BookTracking3;Base.BookMaintenance3] mappers[bookType] flags[AllowFavorite;InheritFavorite] ; multi-type: item 1 [Base.BookAiming4;Base.BookHusbandry4;Base.BookCarpentry4;Base.BookCooking4;Base.BookElectrician4;Base.BookFarming4;Base.BookFirstAid4;Base.BookFishing4;Base.BookForaging4;Base.BookGlassmaking4;Base.BookLongBlade4;Base.BookMasonry4;Base.BookMechanic4;Base.BookBlacksmith4;Base.BookMetalWelding4;Base.BookPottery4;Base.BookReloading4;Base.BookTailoring4;Base.BookTrapping4;Base.BookCarving4;Base.BookFlintKnapping4;Base.BookButchering4;Base.BookTracking4;Base.BookMaintenance4] mappers[bookType] flags[AllowFavorite;InheritFavorite] ; multi-type: item 1 [Base.BookAiming5;Base.BookHusbandry5;Base.BookCarpentry5;Base.BookCooking5;Base.BookElectrician5;Base.BookFarming5;Base.BookFirstAid5;Base.BookFishing5;Base.BookForaging5;Base.BookGlassmaking5;Base.BookLongBlade5;Base.BookMasonry5;Base.BookMechanic5;Base.BookBlacksmith5;Base.BookMetalWelding5;Base.BookPottery5;Base.BookReloading5;Base.BookTailoring5;Base.BookTrapping5;Base.BookCarving5;Base.BookFlintKnapping5;Base.BookButchering5;Base.BookTracking5;Base.BookMaintenance5] mappers[bookType] flags[AllowFavorite;InheritFavorite] ; multi-type: item 1 mapper:bookType,item 1 [Base.BookAiming1;Base.BookHusbandry1;Base.BookCarpentry1;Base.BookCooking1;Base.BookElectrician1;Base.BookFarming1;Base.BookFirstAid1;Base.BookFishing1;Base.BookForaging1;Base.BookGlassmaking1;Base.BookLongBlade1;Base.BookMasonry1;Base.BookMechanic1;Base.BookBlacksmith1;Base.BookMetalWelding1;Base.BookPottery1;Base.BookReloading1;Base.BookTailoring1;Base.BookTrapping1;Base.BookCarving1;Base.BookFlintKnapping1;Base.BookButchering1;Base.BookTracking1;Base.BookMaintenance1] mappers[bookType] flags[AllowFavorite;InheritFavorite] | item 1 [Base.BookAiming2;Base.BookHusbandry2;Base.BookCarpentry2;Base.BookCooking2;Base.BookElectrician2;Base.BookFarming2;Base.BookFirstAid2;Base.BookFishing2;Base.BookForaging2;Base.BookGlassmaking2;Base.BookLongBlade2;Base.BookMasonry2;Base.BookMechanic2;Base.BookBlacksmith2;Base.BookMetalWelding2;Base.BookPottery2;Base.BookReloading2;Base.BookTailoring2;Base.BookTrapping2;Base.BookCarving2;Base.BookFlintKnapping2;Base.BookButchering2;Base.BookTracking2;Base.BookMaintenance2] mappers[bookType] flags[AllowFavorite;InheritFavorite] | item 1 [Base.BookAiming3;Base.BookHusbandry3;Base.BookCarpentry3;Base.BookCooking3;Base.BookElectrician3;Base.BookFarming3;Base.BookFirstAid3;Base.BookFishing3;Base.BookForaging3;Base.BookGlassmaking3;Base.BookLongBlade3;Base.BookMasonry3;Base.BookMechanic3;Base.BookBlacksmith3;Base.BookMetalWelding3;Base.BookPottery3;Base.BookReloading3;Base.BookTailoring3;Base.BookTrapping3;Base.BookCarving3;Base.BookFlintKnapping3;Base.BookButchering3;Base.BookTracking3;Base.BookMaintenance3] mappers[bookType] flags[AllowFavorite;InheritFavorite] | item 1 [Base.BookAiming4;Base.BookHusbandry4;Base.BookCarpentry4;Base.BookCooking4;Base.BookElectrician4;Base.BookFarming4;Base.BookFirstAid4;Base.BookFishing4;Base.BookForaging4;Base.BookGlassmaking4;Base.BookLongBlade4;Base.BookMasonry4;Base.BookMechanic4;Base.BookBlacksmith4;Base.BookMetalWelding4;Base.BookPottery4;Base.BookReloading4;Base.BookTailoring4;Base.BookTrapping4;Base.BookCarving4;Base.BookFlintKnapping4;Base.BookButchering4;Base.BookTracking4;Base.BookMaintenance4] mappers[bookType] flags[AllowFavorite;InheritFavorite] | item 1 [Base.BookAiming5;Base.BookHusbandry5;Base.BookCarpentry5;Base.BookCooking5;Base.BookElectrician5;Base.BookFarming5;Base.BookFirstAid5;Base.BookFishing5;Base.BookForaging5;Base.BookGlassmaking5;Base.BookLongBlade5;Base.BookMasonry5;Base.BookMechanic5;Base.BookBlacksmith5;Base.BookMetalWelding5;Base.BookPottery5;Base.BookReloading5;Base.BookTailoring5;Base.BookTrapping5;Base.BookCarving5;Base.BookFlintKnapping5;Base.BookButchering5;Base.BookTracking5;Base.BookMaintenance5] mappers[bookType] flags[AllowFavorite;InheritFavorite],item 1 mapper:bookType,recipes/recipes_packing.txt,534
PackSleepingBag,Base,Miscellaneous,50,PutInBag,InHandCraft;CanBeDoneInDark,,,,,,,,,,Base.SleepingBag_BluePlaid;Base.SleepingBag_Camo;Base.SleepingBag_Cheap_Blue;Base.SleepingBag_Cheap_Green;Base.SleepingBag_Cheap_Green2;Base.SleepingBag_Green;Base.SleepingBag_GreenPlaid;Base.SleepingBag_Hide;Base.SleepingBag_HighQuality_Brown;Base.SleepingBag_RedPlaid;Base.SleepingBag_Spiffo,,,Base.SleepingBag_BluePlaid_Packed;Base.SleepingBag_Camo_Packed;Base.SleepingBag_Cheap_Blue_Packed;Base.SleepingBag_Cheap_Green2_Packed;Base.SleepingBag_Cheap_Green_Packed;Base.SleepingBag_GreenPlaid_Packed;Base.SleepingBag_Green_Packed;Base.SleepingBag_Hide_Packed;Base.SleepingBag_HighQuality_Brown_Packed;Base.SleepingBag_RedPlaid_Packed;Base.SleepingBag_Spiffo_Packed,bagTypes,false,,,,,,,,multi-type: item 1 [Base.SleepingBag_BluePlaid;Base.SleepingBag_Camo;Base.SleepingBag_Cheap_Blue;Base.SleepingBag_Cheap_Green;Base.SleepingBag_Cheap_Green2;Base.SleepingBag_Green;Base.SleepingBag_GreenPlaid;Base.SleepingBag_Hide;Base.SleepingBag_HighQuality_Brown;Base.SleepingBag_RedPlaid;Base.SleepingBag_Spiffo] mappers[bagTypes] ; multi-type: item 1 mapper:bagTypes,item 1 [Base.SleepingBag_BluePlaid;Base.SleepingBag_Camo;Base.SleepingBag_Cheap_Blue;Base.SleepingBag_Cheap_Green;Base.SleepingBag_Cheap_Green2;Base.SleepingBag_Green;Base.SleepingBag_GreenPlaid;Base.SleepingBag_Hide;Base.SleepingBag_HighQuality_Brown;Base.SleepingBag_RedPlaid;Base.SleepingBag_Spiffo] mappers[bagTypes],item 1 mapper:bagTypes,recipes/recipes_sleepingbags_and_tents.txt,3
PackTent,Base,Miscellaneous,100,PutInBag,InHandCraft;CanBeDoneInDark,,,,,,,,,,Base.CampingTentKit2;Base.HideTent;Base.ImprovisedTentKit;Base.TentBlue;Base.TentBrown;Base.TentGreen;Base.TentYellow,,,Base.CampingTentKit2_Packed;Base.HideTent_Packed;Base.ImprovisedTentKit_Packed;Base.TentBlue_Packed;Base.TentBrown_Packed;Base.TentGreen_Packed;Base.TentYellow_Packed,tentType,false,,,,,,,,multi-type: item 1 [Base.TentBlue;Base.TentBrown;Base.TentGreen;Base.HideTent;Base.TentYellow;Base.CampingTentKit2;Base.ImprovisedTentKit] mappers[tentType] ; multi-type: item 1 mapper:tentType,item 1 [Base.TentBlue;Base.TentBrown;Base.TentGreen;Base.HideTent;Base.TentYellow;Base.CampingTentKit2;Base.ImprovisedTentKit] mappers[tentType],item 1 mapper:tentType,recipes/recipes_sleepingbags_and_tents.txt,63
PickAramidThread,Base,Tailoring,400,SewingCloth,AnySurfaceCraft,Tailoring:2,,,,,,,RecipeCodeOnCreate.pickAramidThread,,,base:awl;base:pickaramidthread;base:pliers;base:scissors,,Base.Thread_Aramid,,false,Base.Thread_Aramid,,,,,,,tags-only: item 1 tags[base:pickaramidthread] flags[AllowDestroyedItem;IsNotWorn] mode:destroy ; no-nutrition: item 1 Base.Thread_Aramid,item 1 tags[base:pickaramidthread] flags[AllowDestroyedItem;IsNotWorn] mode:destroy | item 1 tags[base:scissors] mode:keep flags[IsNotDull;MayDegrade] | item 1 tags[base:awl;base:pliers] mode:keep flags[Prop1;MayDegradeLight],item 1 Base.Thread_Aramid,recipes/recipes_tailoring.txt,770
PickThread,Base,Tailoring,200,SewingCloth,AnySurfaceCraft,Tailoring:1,,,,,,,,,Base.DenimStrips;Base.RippedSheets,base:awl;base:sewingneedle;base:tweezers,,Base.Thread,,false,Base.Thread,,,,,,,multi-type: item 1 [Base.RippedSheets;Base.DenimStrips] flags[Prop2] mode:destroy ; no-nutrition: item 1 Base.Thread flags[HasOneUse],item 1 [Base.RippedSheets;Base.DenimStrips] flags[Prop2] mode:destroy | item 1 tags[base:sewingneedle;base:tweezers;base:awl] mode:keep flags[Prop1],item 1 Base.Thread flags[HasOneUse],recipes/recipes_tailoring.txt,752
Pierce_Block,Base,Blacksmithing,300,HammerMetalStanding,PrimitiveForge,Blacksmith:0,Blacksmith:10,,,,,,,,Base.IronBlock;Base.SteelBlock,base:charcoal;base:clubhammer;base:hammer;base:metalworkingpunch;base:tongs,,Base.PiercedIronBlock;Base.PiercedSteelBlock,metalType,false,,,,,,,,tags-only: item 2 tags[base:charcoal] ; multi-type: item 1 [Base.IronBlock;Base.SteelBlock] mappers[metalType] ; multi-type: item 1 mapper:metalType,item 2 tags[base:charcoal] | item 1 [Base.IronBlock;Base.SteelBlock] mappers[metalType] | item 1 tags[base:hammer;base:clubhammer] mode:keep flags[Prop1;MayDegradeLight] | item 1 tags[base:tongs] mode:keep flags[Prop2;MayDegradeLight] | item 1 tags[base:metalworkingpunch] mode:keep flags[MayDegrade],item 1 mapper:metalType,entities/blacksmith/craftRecipes/recipes_blacksmith_bar.txt,169
Pierce_Chunk,Base,Blacksmithing,200,HammerMetalStanding,PrimitiveForge,Blacksmith:0,Blacksmith:10,,,,,,,,Base.IronChunk;Base.SteelChunk,base:charcoal;base:clubhammer;base:crudetongs;base:hammer;base:metalworkingpunch;base:tongs,,Base.PiercedIronChunk;Base.PiercedSteelChunk,metalType,false,,,,,,,,tags-only: item 1 tags[base:charcoal] ; multi-type: item 1 [Base.IronChunk;Base.SteelChunk] mappers[metalType] ; multi-type: item 1 mapper:metalType,item 1 tags[base:charcoal] | item 1 [Base.IronChunk;Base.SteelChunk] mappers[metalType] | item 1 tags[base:hammer;base:clubhammer] mode:keep flags[Prop1;MayDegradeLight] | item 1 tags[base:crudetongs;base:tongs] mode:keep flags[Prop2;MayDegradeLight] | item 1 tags[base:metalworkingpunch] mode:keep flags[MayDegrade],item 1 mapper:metalType,entities/blacksmith/craftRecipes/recipes_blacksmith_bar.txt,197
Pierce_Ingot,Base,Blacksmithing,500,Making,PrimitiveForge,Blacksmith:3,,,,,,,,,Base.IronIngot;Base.SteelIngot,base:charcoal;base:clubhammer;base:metalworkingpunch;base:tongs,,Base.PiercedIronIngot;Base.PiercedSteelIngot,metalType,false,,,,,,,,tags-only: item 4 tags[base:charcoal] ; multi-type: item 1 [Base.IronIngot;Base.SteelIngot] mappers[metalType] ; multi-type: item 1 mapper:metalType,item 4 tags[base:charcoal] | item 1 [Base.IronIngot;Base.SteelIngot] mappers[metalType] | item 1 tags[base:clubhammer] mode:keep flags[Prop1;MayDegradeLight] | item 1 tags[base:tongs] mode:keep flags[Prop2;MayDegradeLight] | item 1 tags[base:metalworkingpunch] mode:keep flags[MayDegradeHeavy],item 1 mapper:metalType,entities/blacksmith/craftRecipes/recipes_blacksmith_bar.txt,142
Place12BoxesInCarton,Base,Packing,50,PackingBox,InHandCraft;Packing,,,,,,,,,,Base.3030Box;Base.308Box;Base.556Box;Base.Bullets357Box;Base.Bullets38Box;Base.Bullets44Box;Base.Bullets45Box;Base.Bullets9mmBox;Base.NailsBox;Base.ScrewsBox;Base.ShotgunShellsBox,,,Base.3030Carton;Base.308Carton;Base.556Carton;Base.Bullets357Carton;Base.Bullets38Carton;Base.Bullets44Carton;Base.Bullets45Carton;Base.Bullets9mmCarton;Base.NailsCarton;Base.ScrewsCarton;Base.ShotgunShellsCarton,itemType,false,,,,,,,,multi-type: item 12 [Base.NailsBox;Base.ScrewsBox;Base.Bullets44Box;Base.308Box;Base.ShotgunShellsBox;Base.556Box;Base.Bullets9mmBox;Base.Bullets45Box;Base.Bullets38Box;Base.Bullets357Box;Base.3030Box] mappers[itemType] flags[AllowFavorite;InheritFavorite;IsExclusive] ; multi-type: item 1 mapper:itemType,item 12 [Base.NailsBox;Base.ScrewsBox;Base.Bullets44Box;Base.308Box;Base.ShotgunShellsBox;Base.556Box;Base.Bullets9mmBox;Base.Bullets45Box;Base.Bullets38Box;Base.Bullets357Box;Base.3030Box] mappers[itemType] flags[AllowFavorite;InheritFavorite;IsExclusive],item 1 mapper:itemType,recipes/recipes_packing.txt,332
PlaceCakeInBakingPan,Base,Cooking,30,MixingBowl,InHandCraft;Cooking,,Cooking:3,,,,,,,,Base.BakingPan;Base.CakeBatter,,,Base.Bowl;Base.CakePrep,,false,Base.Bowl;Base.CakePrep,,,,,,,not-in-dataset: item 1 [Base.BakingPan] mode:destroy flags[IsEmpty] ; not-in-dataset: item 1 [Base.CakeBatter] flags[InheritFoodAge] ; no-nutrition: item 1 Base.Bowl,item 1 [Base.BakingPan] mode:destroy flags[IsEmpty] | item 1 [Base.CakeBatter] flags[InheritFoodAge],item 1 Base.CakePrep | item 1 Base.Bowl,recipes/recipes_baking.txt,132
PlaceInBox,Base,Packing,25,PackingBox_Small,InHandCraft;Packing,,,,,,,,RecipeCodeOnCreate.placeInBox,,Base.Antibiotics;Base.Bandage;Base.Bandaid;Base.Battery;Base.Candle;Base.CapGunCap;Base.Coldpack;Base.CottonBalls;Base.DuctTape;Base.FishingHook;Base.LightBulb;Base.Nails;Base.Paperclip;Base.Scotchtape;Base.Screws;Base.SutureNeedle;Base.TongueDepressor,,,Base.AdhesiveBandageBox;Base.AdhesiveTapeBox;Base.AntibioticsBox;Base.BandageBox;Base.BatteryBox;Base.CandleBox;Base.CapGunCapBox;Base.ColdpackBox;Base.CottonBallsBox;Base.DuctTapeBox;Base.FishingHookBox;Base.LightBulbBox;Base.NailsBox;Base.PaperclipBox;Base.ScrewsBox;Base.SutureNeedleBox;Base.TongueDepressorBox,itemType,false,Base.Antibiotics;Base.Battery;Base.Candle;Base.DuctTape,,,,,,,multi-type: item 6 [Base.Candle;Base.Coldpack;Base.LightBulb;10:Base.FishingHook;12:Base.Scotchtape;12:Base.Antibiotics;12:Base.Bandage;12:Base.Battery;12:Base.CottonBalls;12:Base.DuctTape;12:Base.SutureNeedle;20:Base.TongueDepressor;24:Base.Bandaid;40:Base.Paperclip;100:Base.Nails;100:Base.Screws;100:Base.CapGunCap] mappers[itemType] flags[AllowFavorite;InheritFavorite;IsExclusive;ItemCount] ; multi-type: item 1 mapper:itemType,item 6 [Base.Candle;Base.Coldpack;Base.LightBulb;10:Base.FishingHook;12:Base.Scotchtape;12:Base.Antibiotics;12:Base.Bandage;12:Base.Battery;12:Base.CottonBalls;12:Base.DuctTape;12:Base.SutureNeedle;20:Base.TongueDepressor;24:Base.Bandaid;40:Base.Paperclip;100:Base.Nails;100:Base.Screws;100:Base.CapGunCap] mappers[itemType] flags[AllowFavorite;InheritFavorite;IsExclusive;ItemCount],item 1 mapper:itemType,recipes/recipes_packing.txt,291
PlacePastaInCookingPot2,Base,Cooking,50,MixingBowl,AnySurfaceCraft;Cooking,,,,,,,,,,Base.Pot;Base.PotForged,base:pasta,category:Water,Base.WaterPotForgedPasta;Base.WaterPotPasta,potType,true,Base.Pot;Base.PotForged;Base.WaterPotForgedPasta;Base.WaterPotPasta,,,,,,,multi-type: item 1 [Base.Pot;Base.PotForged] mode:destroy flags[InheritCondition;ItemCount] mappers[potType] ; tags-only: item 10 tags[base:pasta] ; multi-type: item 1 mapper:potType,item 1 [Base.Pot;Base.PotForged] mode:destroy flags[InheritCondition;ItemCount] mappers[potType] | -fluid 1.5 categories[Water] mode:mixture | item 10 tags[base:pasta],item 1 mapper:potType,recipes/recipes_cooking.txt,256
PlacePastaInSaucepan2,Base,Cooking,50,MixingBowl,AnySurfaceCraft;Cooking,,,,,,,,,,Base.Saucepan;Base.SaucepanCopper,base:pasta,category:Water,Base.WaterSaucepanPasta;Base.WaterSaucepanPastaCopper,saucepanType,true,Base.Saucepan;Base.SaucepanCopper;Base.WaterSaucepanPasta;Base.WaterSaucepanPastaCopper,,,,,,,multi-type: item 1 [Base.Saucepan;Base.SaucepanCopper] flags[InheritCondition;ItemCount] mappers[saucepanType] mode:destroy ; tags-only: item 10 tags[base:pasta] ; multi-type: item 1 mapper:saucepanType,item 1 [Base.Saucepan;Base.SaucepanCopper] flags[InheritCondition;ItemCount] mappers[saucepanType] mode:destroy | -fluid 0.6 categories[Water] mode:mixture | item 10 tags[base:pasta],item 1 mapper:saucepanType,recipes/recipes_cooking.txt,210
PlacePieInBakingPan,Base,Cooking,30,MixingBowl,AnySurfaceCraft;Cooking,,Cooking:3,,,,,,,,Base.BakingPan;Base.PieDough;Base.RollingPin,,,Base.PiePrep,,false,Base.PiePrep,,,,,,,not-in-dataset: item 1 [Base.BakingPan] mode:destroy flags[IsEmpty] ; not-in-dataset: item 1 [Base.PieDough] flags[InheritFoodAge],item 1 [Base.BakingPan] mode:destroy flags[IsEmpty] | item 1 [Base.RollingPin] mode:keep flags[MayDegradeVeryLight] | item 1 [Base.PieDough] flags[InheritFoodAge],item 1 Base.PiePrep,recipes/recipes_baking.txt,274
PlaceRiceInCookingPot2,Base,Cooking,50,MixingBowl,AnySurfaceCraft;Cooking,,,,,,,,,,Base.Pot;Base.PotForged;Base.Rice,,category:Water,Base.WaterPotForgedRice;Base.WaterPotRice,potType,true,Base.Pot;Base.PotForged;Base.Rice;Base.WaterPotForgedRice;Base.WaterPotRice,,,,,,,multi-type: item 1 [Base.Pot;Base.PotForged] mode:destroy flags[InheritCondition;ItemCount] mappers[potType] ; multi-type: item 1 mapper:potType,item 1 [Base.Pot;Base.PotForged] mode:destroy flags[InheritCondition;ItemCount] mappers[potType] | -fluid 1.5 categories[Water] mode:mixture | item 10 [Base.Rice],item 1 mapper:potType,recipes/recipes_cooking.txt,279
PlaceRiceInSaucepan2,Base,Cooking,50,MixingBowl,AnySurfaceCraft;Cooking,,,,,,,,,,Base.Rice;Base.Saucepan;Base.SaucepanCopper,,category:Water,Base.WaterSaucepanRice;Base.WaterSaucepanRiceCopper,saucepanType,true,Base.Rice;Base.Saucepan;Base.SaucepanCopper;Base.WaterSaucepanRice;Base.WaterSaucepanRiceCopper,,,,,,,multi-type: item 1 [Base.Saucepan;Base.SaucepanCopper] flags[InheritCondition;ItemCount] mappers[saucepanType] mode:destroy ; multi-type: item 1 mapper:saucepanType,item 1 [Base.Saucepan;Base.SaucepanCopper] flags[InheritCondition;ItemCount] mappers[saucepanType] mode:destroy | -fluid 0.6 categories[Water] mode:mixture | item 10 [Base.Rice],item 1 mapper:saucepanType,recipes/recipes_cooking.txt,233
PrepareMuffins,Base,Cooking,60,MixingBowl,AnySurfaceCraft;Cooking,,Cooking:3,true,,Cooking:7,,,,Tooltip_Recipe_RequireWholeEggs,*;Base.Bowl;Base.ClayBowl;Base.MuffinTray,base:bakingfat;base:egg;base:flour;base:mixingutensil;base:sugar,CowMilk,Base.BakingTray_Muffin,,true,Base.BakingTray_Muffin;Base.Bowl;Base.ClayBowl,,,,,,,not-in-dataset: item 1 [Base.MuffinTray] ; tags-only: item 2 tags[base:egg] flags[IsUncookedFoodItem;InheritFoodAge;ItemCount] ; tags-only: item 2 tags[base:bakingfat] ; tags-only: item 5 tags[base:sugar] ; tags-only: item 6 tags[base:flour] ; wildcard: item 1 [*],item 1 tags[base:mixingutensil] mode:keep flags[MayDegradeVeryLight] | item 1 [Base.Bowl;Base.ClayBowl] mode:keep | item 1 [Base.MuffinTray] | item 2 tags[base:egg] flags[IsUncookedFoodItem;InheritFoodAge;ItemCount] | item 2 tags[base:bakingfat] | item 5 tags[base:sugar] | item 6 tags[base:flour] | item 1 [*] | -fluid 1.0 [CowMilk],item 1 Base.BakingTray_Muffin,recipes/recipes_baking.txt,492
PrepareOmelette,Base,Cooking,20,MixingBowl,AnySurfaceCraft;Cooking,,Cooking:3,,,,,,RecipeCodeOnCreate.makeOmelette,,Base.Pan;Base.PanForged,base:egg;base:mixingutensil,,Base.OmeletteRecipe;Base.OmeletteRecipeForged,panType,false,Base.OmeletteRecipe;Base.OmeletteRecipeForged,,,,,,,multi-type: item 1 [Base.Pan;Base.PanForged] mappers[panType] flags[InheritCondition] ; tags-only: item 2 tags[base:egg] flags[IsUncookedFoodItem;InheritFoodAge;ItemCount] ; multi-type: item 1 mapper:panType,item 1 tags[base:mixingutensil] mode:keep flags[MayDegradeVeryLight] | item 1 [Base.Pan;Base.PanForged] mappers[panType] flags[InheritCondition] | item 2 tags[base:egg] flags[IsUncookedFoodItem;InheritFoodAge;ItemCount],item 1 mapper:panType,recipes/recipes_cooking.txt,842
PressBarMold,Base,Pottery,100,UseHandPress,HandPress,,Pottery:5,,,,,,,,Base.Clay;Base.WoodenBarCastMold,,,Base.ClayBarMoldUnfired,,false,,,,,,,,not-in-dataset: item 1 [Base.Clay] ; not-in-dataset: item 1 Base.ClayBarMoldUnfired,item 1 [Base.Clay] | item 1 [Base.WoodenBarCastMold] mode:keep,item 1 Base.ClayBarMoldUnfired,entities/pottery/cratRecipes/craftrecipe_handpress.txt,3
PressBlacksmithAnvilMold,Base,Pottery,100,,HandPress,,Pottery:20,,,,,,,,Base.Clay;Base.WoodenBlacksmithAnvilMold,,,Base.ClayBlacksmithAnvilMoldUnfired,,false,,,,,,,,not-in-dataset: item 8 [Base.Clay] ; not-in-dataset: item 1 Base.ClayBlacksmithAnvilMoldUnfired,item 8 [Base.Clay] | item 1 [Base.WoodenBlacksmithAnvilMold] mode:keep,item 1 Base.ClayBlacksmithAnvilMoldUnfired,entities/pottery/cratRecipes/craftrecipe_handpress.txt,112
PressClayBrick,Base,Pottery,50,UseHandPress,HandPress,,Pottery:5,,,,,,,,Base.Clay;Base.WoodenBrickMold,,,Base.ClayBrickUnfired,,false,,,,,,,,not-in-dataset: item 1 [Base.Clay] ; not-in-dataset: item 1 Base.ClayBrickUnfired,item 1 [Base.Clay] | item 1 [Base.WoodenBrickMold] mode:keep,item 1 Base.ClayBrickUnfired,entities/pottery/cratRecipes/craftrecipe_handpress.txt,21
PressClayBrickManually,Base,Pottery,120,Making,AnySurfaceCraft;Pottery,,Pottery:5,,,,,,,,Base.Clay;Base.WoodenBrickMold,,,Base.ClayBrickUnfired,,false,,,,,,,,not-in-dataset: item 1 [Base.Clay] ; not-in-dataset: item 1 Base.ClayBrickUnfired,item 1 [Base.Clay] | item 1 [Base.WoodenBrickMold] mode:keep,item 1 Base.ClayBrickUnfired,recipes/recipes_pottery.txt,63
PressClayShingle,Base,Pottery,50,UseHandPress,HandPress,,Pottery:5,,,,,,,,Base.Clay;Base.WoodenShingleMold,,,Base.ClayShingleUnfired,,false,,,,,,,,not-in-dataset: item 1 [Base.Clay] ; not-in-dataset: item 1 Base.ClayShingleUnfired,item 1 [Base.Clay] | item 1 [Base.WoodenShingleMold] mode:keep,item 1 Base.ClayShingleUnfired,entities/pottery/cratRecipes/craftrecipe_handpress.txt,39
PressClayTile,Base,Pottery,50,UseHandPress,HandPress,,Pottery:5,,,,,,,,Base.Clay;Base.WoodenTileMold,,,Base.ClayTileUnfired,,false,,,,,,,,not-in-dataset: item 1 [Base.Clay] ; not-in-dataset: item 1 Base.ClayTileUnfired,item 1 [Base.Clay] | item 1 [Base.WoodenTileMold] mode:keep,item 1 Base.ClayTileUnfired,entities/pottery/cratRecipes/craftrecipe_handpress.txt,57
PressClayTileManually,Base,Pottery,120,Making,AnySurfaceCraft;Pottery,,Pottery:5,,,,,,,,Base.Clay;Base.WoodenTileMold,,,Base.ClayTileUnfired,,false,,,,,,,,not-in-dataset: item 1 [Base.Clay] ; not-in-dataset: item 1 Base.ClayTileUnfired,item 1 [Base.Clay] | item 1 [Base.WoodenTileMold] mode:keep,item 1 Base.ClayTileUnfired,recipes/recipes_pottery.txt,81
PressIngotMold,Base,Pottery,100,UseHandPress,HandPress,,Pottery:5,,,,,,,,Base.Clay;Base.WoodenIngotCastMold,,,Base.ClayIngotMoldUnfired,,false,,,,,,,,not-in-dataset: item 1 [Base.Clay] ; not-in-dataset: item 1 Base.ClayIngotMoldUnfired,item 1 [Base.Clay] | item 1 [Base.WoodenIngotCastMold] mode:keep,item 1 Base.ClayIngotMoldUnfired,entities/pottery/cratRecipes/craftrecipe_handpress.txt,75
PressOil,Base,Farming,100,UseHandPress,HandPress,,,,,,,,,,Base.CheeseCloth;Base.OilPress;Base.SeedPaste;Base.SeedPasteBowl;Base.StoneBlock,,,Base.OilVegetable,,false,Base.OilVegetable;Base.SeedPaste;Base.SeedPasteBowl,,,,,,,multi-type: item 30 [Base.SeedPaste;Base.SeedPasteBowl],item 30 [Base.SeedPaste;Base.SeedPasteBowl] | item 1 [Base.OilPress] mode:keep | item 1 [Base.StoneBlock] mode:keep | item 1 [Base.CheeseCloth] mode:keep,item 1 Base.OilVegetable,entities/pottery/cratRecipes/craftrecipe_handpress.txt,93
PurifyWater,Base,Miscellaneous,70,Making,InHandCraft;Health,,,,,,,,RecipeCodeOnCreate.purifyWater,Tooltip_Recipe_PurifyWater,*;Base.WaterPurificationTablets,,,,,false,Base.WaterPurificationTablets,,,,,,,no-outputs,item 1 [*] mode:keep flags[ItemIsFluid;NotEmpty] | item 1 [Base.WaterPurificationTablets],,recipes/recipes_medical.txt,168
PutEggsInCarton,Base,Cooking,5,PackingBox_Small,AnySurfaceCraft;Cooking,,,,,,,,,Tooltip_Recipe_NeedsUncooked,Base.Egg,,,Base.EggCarton,,false,Base.Egg;Base.EggCarton,,,,,,,no-nutrition: item 1 Base.EggCarton,item 12 [Base.Egg] flags[AllowFrozenItem;IsUncookedFoodItem;InheritFoodAge;ItemCount],item 1 Base.EggCarton,recipes/recipes_cooking.txt,80
PutFilterOnGasMask,Base,Miscellaneous,30,Making,InHandCraft;CanBeDoneInDark,,,,,,false,,RecipeCodeOnCreate.addGasFilter,,,base:gasmask;base:gasmaskfilter,,,,false,,,,,,,,no-outputs,item 1 tags[base:gasmask] mode:keep flags[AllowFavorite;ItemCount] | item 1 tags[base:gasmaskfilter] flags[ItemCount;NotEmpty] mode:destroy,,recipes/recipes_gasmasks.txt,18
PutFiltersOnRespirator,Base,Miscellaneous,30,Making,InHandCraft;CanBeDoneInDark,,,,,,false,,RecipeCodeOnCreate.addGasFilter,,,base:respirator;base:respiratorfilter,,,,false,,,,,,,,no-outputs,item 1 tags[base:respirator] mode:keep flags[AllowFavorite;ItemCount] | item 1 tags[base:respiratorfilter] flags[ItemCount;NotEmpty] mode:destroy,,recipes/recipes_gasmasks.txt,80
PutJarsInBox,Base,Packing,15,PackingBox,InHandCraft;Packing,,,,,,,,RecipeCodeOnCreate.placeItemTypeInBox,,Base.JarLid,base:jar,,Base.BoxOfJars,,false,,,,,,,,tags-only: item 6 tags[base:jar] flags[AllowFavorite;InheritFavorite;ItemCount] ; not-in-dataset: item 6 [Base.JarLid] flags[IsUndamaged;AllowFavorite;InheritFavorite] ; not-in-dataset: item 1 Base.BoxOfJars,item 6 tags[base:jar] flags[AllowFavorite;InheritFavorite;ItemCount] | item 6 [Base.JarLid] flags[IsUndamaged;AllowFavorite;InheritFavorite],item 1 Base.BoxOfJars,recipes/recipes_packing.txt,203
PutRagInImprovisedGasMask,Base,Miscellaneous,30,Making,InHandCraft;CanBeDoneInDark,,,,,,false,,RecipeCodeOnCreate.addGasFilter,,Base.RippedSheets,base:improvisedgasmask,,,,false,,,,,,,,no-outputs,item 1 tags[base:improvisedgasmask] mode:keep flags[AllowFavorite;ItemCount] | item 1 [Base.RippedSheets] flags[ItemCount] mode:destroy,,recipes/recipes_gasmasks.txt,49
PutSeedsInPacket,Base,Farming,10,PutSeedsInPacket,InHandCraft;Farming,,,,,,,,,,Base.BarleyBagSeed_Empty;Base.BarleySeed;Base.BasilBagSeed_Empty;Base.BasilSeed;Base.BellPepperBagSeed_Empty;Base.BellPepperSeed;Base.BlackSageBagSeed_Empty;Base.BlackSageSeed;Base.BroadleafPlantainBagSeed_Empty;Base.BroadleafPlantainSeed;Base.BroccoliBagSeed2_Empty;Base.BroccoliSeed;Base.CabbageBagSeed2_Empty;Base.CabbageSeed;Base.CarrotBagSeed2_Empty;Base.CarrotSeed;Base.CauliflowerBagSeed_Empty;Base.CauliflowerSeed;Base.ChamomileBagSeed_Empty;Base.ChamomileSeed;Base.ChivesBagSeed_Empty;Base.ChivesSeed;Base.CilantroBagSeed_Empty;Base.CilantroSeed;Base.ComfreyBagSeed_Empty;Base.ComfreySeed;Base.CommonMallowBagSeed_Empty;Base.CommonMallowSeed;Base.CornBagSeed_Empty;Base.CornSeed;Base.CucumberBagSeed_Empty;Base.CucumberSeed;Base.FlaxBagSeed_Empty;Base.FlaxSeed;Base.GarlicBagSeed_Empty;Base.GarlicSeed;Base.GreenpeasBagSeed_Empty;Base.GreenpeasSeed;Base.HabaneroBagSeed_Empty;Base.HabaneroSeed;Base.HempBagSeed_Empty;Base.HempSeed;Base.HopsBagSeed_Empty;Base.HopsSeed;Base.JalapenoBagSeed_Empty;Base.JalapenoSeed;Base.KaleBagSeed_Empty;Base.KaleSeed;Base.LavenderBagSeed_Empty;Base.LavenderSeed;Base.LeekBagSeed_Empty;Base.LeekSeed;Base.LemonGrassBagSeed_Empty;Base.LemonGrassSeed;Base.LettuceBagSeed_Empty;Base.LettuceSeed;Base.MarigoldBagSeed_Empty;Base.MarigoldSeed;Base.MintBagSeed_Empty;Base.MintSeed;Base.OnionBagSeed_Empty;Base.OnionSeed;Base.OreganoBagSeed_Empty;Base.OreganoSeed;Base.ParsleyBagSeed_Empty;Base.ParsleySeed;Base.PoppyBagSeed_Empty;Base.PoppySeed;Base.PotatoBagSeed2_Empty;Base.PotatoSeed;Base.PumpkinBagSeed_Empty;Base.PumpkinSeed;Base.RedRadishBagSeed2_Empty;Base.RedRadishSeed;Base.RoseBagSeed_Empty;Base.RoseSeed;Base.RosemaryBagSeed_Empty;Base.RosemarySeed;Base.RyeBagSeed_Empty;Base.RyeSeed;Base.SageBagSeed_Empty;Base.SageSeed;Base.SoybeansBagSeed_Empty;Base.SoybeansSeed;Base.SpinachBagSeed_Empty;Base.SpinachSeed;Base.StrewberrieBagSeed2_Empty;Base.StrewberrieSeed;Base.SugarBeetBagSeed_Empty;Base.SugarBeetSeed;Base.SunflowerBagSeed_Empty;Base.SunflowerSeeds;Base.SweetPotatoBagSeed_Empty;Base.SweetPotatoSeed;Base.ThymeBagSeed_Empty;Base.ThymeSeed;Base.TobaccoBagSeed_Empty;Base.TobaccoSeed;Base.TomatoBagSeed2_Empty;Base.TomatoSeed;Base.TurnipBagSeed_Empty;Base.TurnipSeed;Base.WatermelonBagSeed_Empty;Base.WatermelonSeed;Base.WheatBagSeed_Empty;Base.WheatSeed;Base.WildGarlicBagSeed_Empty;Base.WildGarlicSeed;Base.ZucchiniBagSeed_Empty;Base.ZucchiniSeed,,,Base.BarleyBagSeed;Base.BasilBagSeed;Base.BellPepperBagSeed;Base.BlackSageBagSeed;Base.BroadleafPlantainBagSeed;Base.BroccoliBagSeed2;Base.CabbageBagSeed2;Base.CarrotBagSeed2;Base.CauliflowerBagSeed;Base.ChamomileBagSeed;Base.ChivesBagSeed;Base.CilantroBagSeed;Base.ComfreyBagSeed;Base.CommonMallowBagSeed;Base.CornBagSeed;Base.CucumberBagSeed;Base.FlaxBagSeed;Base.GarlicBagSeed;Base.GreenpeasBagSeed;Base.HabaneroBagSeed;Base.HempBagSeed;Base.HopsBagSeed;Base.JalapenoBagSeed;Base.KaleBagSeed;Base.LavenderBagSeed;Base.LeekBagSeed;Base.LemonGrassBagSeed;Base.LettuceBagSeed;Base.MarigoldBagSeed;Base.MintBagSeed;Base.OnionBagSeed;Base.OreganoBagSeed;Base.ParsleyBagSeed;Base.PoppyBagSeed;Base.PotatoBagSeed2;Base.PumpkinBagSeed;Base.RedRadishBagSeed2;Base.RoseBagSeed;Base.RosemaryBagSeed;Base.RyeBagSeed;Base.SageBagSeed;Base.SoybeansBagSeed;Base.SpinachBagSeed;Base.StrewberrieBagSeed2;Base.SugarBeetBagSeed;Base.SunflowerBagSeed;Base.SweetPotatoBagSeed;Base.ThymeBagSeed;Base.TobaccoBagSeed;Base.TomatoBagSeed2;Base.TurnipBagSeed;Base.WatermelonBagSeed;Base.WheatBagSeed;Base.WildGarlicBagSeed;Base.ZucchiniBagSeed,seedType,false,Base.BarleySeed;Base.CilantroSeed;Base.CornSeed;Base.FlaxSeed;Base.GreenpeasSeed;Base.PoppySeed;Base.PumpkinSeed;Base.RyeSeed;Base.SoybeansSeed;Base.SunflowerSeeds;Base.WheatSeed,,,,,,,multi-type: item 5 [Base.BarleySeed;Base.BasilSeed;Base.BellPepperSeed;Base.BlackSageSeed;Base.BroadleafPlantainSeed;Base.BroccoliSeed;Base.CabbageSeed;Base.CarrotSeed;Base.CauliflowerSeed;Base.ChamomileSeed;Base.ChivesSeed;Base.CilantroSeed;Base.ComfreySeed;Base.CommonMallowSeed;Base.CornSeed;Base.CucumberSeed;Base.GarlicSeed;Base.GreenpeasSeed;Base.HabaneroSeed;Base.HempSeed;Base.HopsSeed;Base.JalapenoSeed;Base.KaleSeed;Base.LeekSeed;Base.LemonGrassSeed;Base.LettuceSeed;Base.MarigoldSeed;Base.MintSeed;Base.OnionSeed;Base.OreganoSeed;Base.ParsleySeed;Base.PotatoSeed;25:Base.PumpkinSeed;Base.RedRadishSeed;Base.RosemarySeed;Base.RyeSeed;Base.SageSeed;Base.SoybeansSeed;Base.StrewberrieSeed;Base.SugarBeetSeed;Base.SweetPotatoSeed;Base.ThymeSeed;Base.TomatoSeed;Base.TurnipSeed;Base.WatermelonSeed;Base.WheatSeed;Base.WildGarlicSeed;Base.ZucchiniSeed;Base.RoseSeed;Base.PoppySeed;Base.LavenderSeed;Base.FlaxSeed;Base.SpinachSeed;25:Base.SunflowerSeeds;Base.TobaccoSeed] mappers[seedType] flags[IsExclusive;ItemCount] mode:destroy ; multi-type: item 1 [Base.BarleyBagSeed_Empty;Base.BasilBagSeed_Empty;Base.BellPepperBagSeed_Empty;Base.BlackSageBagSeed_Empty;Base.BroadleafPlantainBagSeed_Empty;Base.BroccoliBagSeed2_Empty;Base.CabbageBagSeed2_Empty;Base.CarrotBagSeed2_Empty;Base.CauliflowerBagSeed_Empty;Base.ChamomileBagSeed_Empty;Base.ChivesBagSeed_Empty;Base.CilantroBagSeed_Empty;Base.ComfreyBagSeed_Empty;Base.CommonMallowBagSeed_Empty;Base.CornBagSeed_Empty;Base.CucumberBagSeed_Empty;Base.GarlicBagSeed_Empty;Base.GreenpeasBagSeed_Empty;Base.HabaneroBagSeed_Empty;Base.HempBagSeed_Empty;Base.HopsBagSeed_Empty;Base.JalapenoBagSeed_Empty;Base.KaleBagSeed_Empty;Base.LeekBagSeed_Empty;Base.LemonGrassBagSeed_Empty;Base.LettuceBagSeed_Empty;Base.MarigoldBagSeed_Empty;Base.MintBagSeed_Empty;Base.OnionBagSeed_Empty;Base.OreganoBagSeed_Empty;Base.ParsleyBagSeed_Empty;Base.PotatoBagSeed2_Empty;Base.PumpkinBagSeed_Empty;Base.RedRadishBagSeed2_Empty;Base.RosemaryBagSeed_Empty;Base.RyeBagSeed_Empty;Base.SageBagSeed_Empty;Base.SoybeansBagSeed_Empty;Base.StrewberrieBagSeed2_Empty;Base.SugarBeetBagSeed_Empty;Base.SweetPotatoBagSeed_Empty;Base.ThymeBagSeed_Empty;Base.TomatoBagSeed2_Empty;Base.TurnipBagSeed_Empty;Base.WatermelonBagSeed_Empty;Base.WheatBagSeed_Empty;Base.WildGarlicBagSeed_Empty;Base.ZucchiniBagSeed_Empty;Base.RoseBagSeed_Empty;Base.PoppyBagSeed_Empty;Base.LavenderBagSeed_Empty;Base.FlaxBagSeed_Empty;Base.SpinachBagSeed_Empty;Base.SunflowerBagSeed_Empty;Base.TobaccoBagSeed_Empty] flags[Prop2] mappers[seedType] ; multi-type: item 1 mapper:seedType,item 5 [Base.BarleySeed;Base.BasilSeed;Base.BellPepperSeed;Base.BlackSageSeed;Base.BroadleafPlantainSeed;Base.BroccoliSeed;Base.CabbageSeed;Base.CarrotSeed;Base.CauliflowerSeed;Base.ChamomileSeed;Base.ChivesSeed;Base.CilantroSeed;Base.ComfreySeed;Base.CommonMallowSeed;Base.CornSeed;Base.CucumberSeed;Base.GarlicSeed;Base.GreenpeasSeed;Base.HabaneroSeed;Base.HempSeed;Base.HopsSeed;Base.JalapenoSeed;Base.KaleSeed;Base.LeekSeed;Base.LemonGrassSeed;Base.LettuceSeed;Base.MarigoldSeed;Base.MintSeed;Base.OnionSeed;Base.OreganoSeed;Base.ParsleySeed;Base.PotatoSeed;25:Base.PumpkinSeed;Base.RedRadishSeed;Base.RosemarySeed;Base.RyeSeed;Base.SageSeed;Base.SoybeansSeed;Base.StrewberrieSeed;Base.SugarBeetSeed;Base.SweetPotatoSeed;Base.ThymeSeed;Base.TomatoSeed;Base.TurnipSeed;Base.WatermelonSeed;Base.WheatSeed;Base.WildGarlicSeed;Base.ZucchiniSeed;Base.RoseSeed;Base.PoppySeed;Base.LavenderSeed;Base.FlaxSeed;Base.SpinachSeed;25:Base.SunflowerSeeds;Base.TobaccoSeed] mappers[seedType] flags[IsExclusive;ItemCount] mode:destroy | item 1 [Base.BarleyBagSeed_Empty;Base.BasilBagSeed_Empty;Base.BellPepperBagSeed_Empty;Base.BlackSageBagSeed_Empty;Base.BroadleafPlantainBagSeed_Empty;Base.BroccoliBagSeed2_Empty;Base.CabbageBagSeed2_Empty;Base.CarrotBagSeed2_Empty;Base.CauliflowerBagSeed_Empty;Base.ChamomileBagSeed_Empty;Base.ChivesBagSeed_Empty;Base.CilantroBagSeed_Empty;Base.ComfreyBagSeed_Empty;Base.CommonMallowBagSeed_Empty;Base.CornBagSeed_Empty;Base.CucumberBagSeed_Empty;Base.GarlicBagSeed_Empty;Base.GreenpeasBagSeed_Empty;Base.HabaneroBagSeed_Empty;Base.HempBagSeed_Empty;Base.HopsBagSeed_Empty;Base.JalapenoBagSeed_Empty;Base.KaleBagSeed_Empty;Base.LeekBagSeed_Empty;Base.LemonGrassBagSeed_Empty;Base.LettuceBagSeed_Empty;Base.MarigoldBagSeed_Empty;Base.MintBagSeed_Empty;Base.OnionBagSeed_Empty;Base.OreganoBagSeed_Empty;Base.ParsleyBagSeed_Empty;Base.PotatoBagSeed2_Empty;Base.PumpkinBagSeed_Empty;Base.RedRadishBagSeed2_Empty;Base.RosemaryBagSeed_Empty;Base.RyeBagSeed_Empty;Base.SageBagSeed_Empty;Base.SoybeansBagSeed_Empty;Base.StrewberrieBagSeed2_Empty;Base.SugarBeetBagSeed_Empty;Base.SweetPotatoBagSeed_Empty;Base.ThymeBagSeed_Empty;Base.TomatoBagSeed2_Empty;Base.TurnipBagSeed_Empty;Base.WatermelonBagSeed_Empty;Base.WheatBagSeed_Empty;Base.WildGarlicBagSeed_Empty;Base.ZucchiniBagSeed_Empty;Base.RoseBagSeed_Empty;Base.PoppyBagSeed_Empty;Base.LavenderBagSeed_Empty;Base.FlaxBagSeed_Empty;Base.SpinachBagSeed_Empty;Base.SunflowerBagSeed_Empty;Base.TobaccoBagSeed_Empty] flags[Prop2] mappers[seedType],item 1 mapper:seedType,recipes/recipes_farming.txt,111
RailspikeBaseballBat,Base,Weaponry,300,CraftWeapon2H,AnySurfaceCraft,Woodwork:4,Woodwork:40,true,,Woodwork:5;Axe:5,,base:makerailspikeweapon,,,Base.BaseballBat;Base.BaseballBat_Crafted;Base.LeatherStrips;Base.RailroadSpike,base:clubhammer;base:drillmetal;base:drillwood;base:sledgehammer,,Base.BaseballBat_RailSpike,,false,,,,,,,,not-in-dataset: item 2 [Base.RailroadSpike] ; not-in-dataset: item 1 [Base.LeatherStrips] mode:destroy ; multi-type: item 1 [Base.BaseballBat;Base.BaseballBat_Crafted] flags[Prop2;InheritCondition] ; not-in-dataset: item 1 Base.BaseballBat_RailSpike,item 1 tags[base:clubhammer;base:sledgehammer] mode:keep flags[Prop1;MayDegradeLight] | item 1 tags[base:drillwood;base:drillmetal] mode:keep flags[MayDegradeLight] | item 2 [Base.RailroadSpike] | item 1 [Base.LeatherStrips] mode:destroy | item 1 [Base.BaseballBat;Base.BaseballBat_Crafted] flags[Prop2;InheritCondition],item 1 Base.BaseballBat_RailSpike,recipes/recipes_improvised_weapons.txt,348
RechargeFilters,Base,Miscellaneous,80,Making,InHandCraft;Engineer,,,true,,,,,,,Base.RippedSheets;Base.Sponge,base:charcoal;base:gasmaskfilter;base:glue;base:mortarpestle;base:respiratorfilter;base:tape,,Base.GasmaskFilter;Base.GasmaskFilterCrafted;Base.RespiratorFiltersRecharged,FilterMapper,false,Base.GasmaskFilter;Base.GasmaskFilterCrafted;Base.RespiratorFiltersRecharged,,,,,,,tags-only: item 1 tags[base:gasmaskfilter;base:respiratorfilter] mappers[FilterMapper] mode:destroy flags[NotFull;ItemCount] ; not-in-dataset: item 1 [Base.Sponge] ; tags-only: item 1 tags[base:charcoal] ; not-in-dataset: item 1 [Base.RippedSheets] mode:destroy ; tags-only: item 1 tags[base:glue] ; tags-only: item 1 tags[base:tape] ; multi-type: item 1 mapper:FilterMapper,item 1 tags[base:gasmaskfilter;base:respiratorfilter] mappers[FilterMapper] mode:destroy flags[NotFull;ItemCount] | item 1 tags[base:mortarpestle] mode:keep | item 1 [Base.Sponge] | item 1 tags[base:charcoal] | item 1 [Base.RippedSheets] mode:destroy | item 1 tags[base:glue] | item 1 tags[base:tape],item 1 mapper:FilterMapper,recipes/recipes_gasmasks.txt,121
ReclaimFromSpear,Base,Assembly,60,CraftKnifeSpear,InHandCraft;Survivalist,,,,,,,,RecipeCodeOnCreate.dismantleSpear,,Base.SpearFightingKnife;Base.SpearHandFork;Base.SpearHuntingKnife;Base.SpearKnife;Base.SpearKnifeSmall;Base.SpearLargeKnife;Base.SpearScissors;Base.SpearScrapKnife;Base.SpearScrewdriver;Base.SpearSteakKnife;Base.Spear_Plunger,,,Base.FightingKnife;Base.HandFork;Base.HuntingKnife;Base.KitchenKnife;Base.LargeKnife;Base.LargeKnife_Scrap;Base.LongStick;Base.Plunger;Base.Scissors;Base.Screwdriver;Base.SmallKnife;Base.SteakKnife,weaponType,false,,,,,,,,multi-type: item 1 [Base.SpearKnifeSmall;Base.SpearLargeKnife;Base.SpearScrapKnife;Base.SpearFightingKnife;Base.SpearHandFork;Base.SpearHuntingKnife;Base.SpearKnife;Base.SpearScissors;Base.SpearScrewdriver;Base.Spear_Plunger;Base.SpearSteakKnife] flags[InheritHeadCondition;Prop2;InheritSharpness;AllowDestroyedItem] mappers[weaponType] ; multi-type: item 1 mapper:weaponType ; not-in-dataset: item 1 Base.LongStick,item 1 [Base.SpearKnifeSmall;Base.SpearLargeKnife;Base.SpearScrapKnife;Base.SpearFightingKnife;Base.SpearHandFork;Base.SpearHuntingKnife;Base.SpearKnife;Base.SpearScissors;Base.SpearScrewdriver;Base.Spear_Plunger;Base.SpearSteakKnife] flags[InheritHeadCondition;Prop2;InheritSharpness;AllowDestroyedItem] mappers[weaponType],item 1 mapper:weaponType | item 1 Base.LongStick,recipes/recipes_disassembly.txt,184
RefillBlowTorch,Base,Metalworking,50,Welding,InHandCraft;Welding,,,,,,,,RecipeCodeOnCreate.refillBlowTorch,,Base.BlowTorch;Base.PropaneTank,,,Base.BlowTorch,,false,Base.BlowTorch;Base.PropaneTank,,,,,,,no-nutrition: item 1 [Base.BlowTorch] mode:destroy flags[NotFull;ItemCount] ; no-nutrition: item 1 Base.BlowTorch,item 1 [Base.BlowTorch] mode:destroy flags[NotFull;ItemCount] | item 1 [Base.PropaneTank] flags[NotEmpty;ItemCount] mode:keep,item 1 Base.BlowTorch,recipes/recipes_metalWelding.txt,102
RefillHurricaneLantern,Base,Miscellaneous,50,Making,InHandCraft;CanBeDoneInDark,,,,,,,,RecipeCodeOnCreate.refillHurricaneLantern,,*;Base.Lantern_Hurricane;Base.Lantern_Hurricane_Copper;Base.Lantern_Hurricane_Forged;Base.Lantern_Hurricane_Gold;Base.Lantern_Hurricane_Silver,,Petrol,Base.Lantern_Hurricane;Base.Lantern_Hurricane_Copper;Base.Lantern_Hurricane_Forged;Base.Lantern_Hurricane_Gold;Base.Lantern_Hurricane_Silver,LampMapper,true,Base.Lantern_Hurricane;Base.Lantern_Hurricane_Copper;Base.Lantern_Hurricane_Forged;Base.Lantern_Hurricane_Gold;Base.Lantern_Hurricane_Silver,,,,,,,multi-type: item 1 [Base.Lantern_Hurricane;Base.Lantern_Hurricane_Copper;Base.Lantern_Hurricane_Forged;Base.Lantern_Hurricane_Gold;Base.Lantern_Hurricane_Silver] mode:destroy flags[NotFull;AllowFavorite;InheritFavorite;ItemCount] mappers[LampMapper] ; wildcard: item 1 [*] ; multi-type: item 1 mapper:LampMapper,item 1 [Base.Lantern_Hurricane;Base.Lantern_Hurricane_Copper;Base.Lantern_Hurricane_Forged;Base.Lantern_Hurricane_Gold;Base.Lantern_Hurricane_Silver] mode:destroy flags[NotFull;AllowFavorite;InheritFavorite;ItemCount] mappers[LampMapper] | item 1 [*] | -fluid 0.1 [Petrol],item 1 mapper:LampMapper,recipes/recipes_lightsources.txt,123
RefillLighter,Base,,30,Making,InHandCraft,,,,,,,,RecipeCodeOnCreate.refillLighter,,,base:lighterfluid;base:refillablelighter,,,,false,,,,,,,,no-outputs,item 1 tags[base:refillablelighter] mode:keep flags[NotFull;ItemCount] | item 1 tags[base:lighterfluid] flags[NotEmpty],,recipes/recipes.txt,53
RemakeLongStoneBlade,Base,Knapping,230,HammerStoneStanding,AnySurfaceCraft,FlintKnapping:1,FlintKnapping:20,true,,,,base:makestoneblade,RecipeCodeOnCreate.minorCondition,,Base.StoneBladeLong,base:hammerstone;base:knappingtool;base:mallet,,Base.StoneBlade,,false,,,,,,,,not-in-dataset: item 1 [Base.StoneBladeLong] flags[AllowDestroyedItem;Prop2] ; not-in-dataset: item 1 Base.StoneBlade,item 1 [Base.StoneBladeLong] flags[AllowDestroyedItem;Prop2] | item 1 tags[base:hammerstone;base:mallet;base:knappingtool] mode:keep flags[Prop1;MayDegradeLight],item 1 Base.StoneBlade,recipes/recipes_knapping.txt,152
RemoveBattery,Base,Electrical,30,DismantleElectrical,InHandCraft;CanBeDoneInDark,,,,,,false,,,,,base:flashlight;base:usesbattery,,Base.Battery,,false,Base.Battery,,,,,,,no-nutrition: item 1 Base.Battery,item 1 tags[base:flashlight;base:usesbattery] mode:keep flags[NotEmpty;ItemCount;InheritUsesAndEmpty],item 1 Base.Battery,recipes/recipes_electrical.txt,3
RemoveFlesh,Base,Farming,100,,RemoveFlesh,,,,,,,,,,,base:fleshingtool;base:leatherfulllarge;base:leatherfullmedium;base:leatherfullsmall,,Base.CalfLeather_Angus_Fur;Base.CalfLeather_Holstein_Fur;Base.CalfLeather_Simmental_Fur;Base.CowLeather_Angus_Fur;Base.CowLeather_Holstein_Fur;Base.CowLeather_Simmental_Fur;Base.DeerLeather_Fur;Base.FawnLeather_Fur;Base.LambLeather_Fur;Base.PigLeather_Black_Fur;Base.PigLeather_Landrace_Fur;Base.PigletLeather_Black_Fur;Base.PigletLeather_Landrace_Fur;Base.RabbitLeather_Fur;Base.RaccoonLeather_Grey_Fur;Base.SheepLeather_Fur,RemoveFleshMapper,false,,,,,,,,tags-only: item 1 tags[base:leatherfulllarge;base:leatherfullmedium;base:leatherfullsmall] mappers[RemoveFleshMapper] ; multi-type: item 1 mapper:RemoveFleshMapper,item 1 tags[base:leatherfulllarge;base:leatherfullmedium;base:leatherfullsmall] mappers[RemoveFleshMapper] | item 1 tags[base:fleshingtool] mode:keep flags[MayDegradeLight],item 1 mapper:RemoveFleshMapper,entities/animals/craftRecipes/recipes_leather_prep.txt,202
RemoveFur,Base,Farming,100,,RemoveFur,,,,,,,,,,,base:fleshingtool;base:leatherfurlarge;base:leatherfurmedium;base:leatherfursmall,,Base.Leather_Crude_Large;Base.Leather_Crude_Medium;Base.Leather_Crude_Small,RemoveFurMapper,false,,,,,,,,tags-only: item 1 tags[base:leatherfurlarge;base:leatherfurmedium;base:leatherfursmall] mappers[RemoveFurMapper] ; multi-type: item 1 mapper:RemoveFurMapper,item 1 tags[base:leatherfurlarge;base:leatherfurmedium;base:leatherfursmall] mappers[RemoveFurMapper] | item 1 tags[base:fleshingtool] mode:keep flags[MayDegradeLight],item 1 mapper:RemoveFurMapper,entities/animals/craftRecipes/recipes_leather_prep.txt,237
RemoveGasMaskFilter,Base,Miscellaneous,30,Making,InHandCraft;CanBeDoneInDark,,,,,,false,,RecipeCodeOnCreate.removeGasFilter,,,base:gasmask,,,,false,,,,,,,,no-outputs,item 1 tags[base:gasmask] mode:keep flags[AllowFavorite;ItemCount],,recipes/recipes_gasmasks.txt,3
RemovePropaneBottle,Base,Miscellaneous,30,Making,InHandCraft;CanBeDoneInDark,,,,,,false,,,,Base.Lantern_Propane,,,Base.Propane_Refill,,false,Base.Lantern_Propane;Base.Propane_Refill,,,,,,,no-nutrition: item 1 Base.Propane_Refill,item 1 [Base.Lantern_Propane] mode:keep flags[AllowFavorite;InheritFavorite;ItemCount;NotEmpty;InheritUsesAndEmpty],item 1 Base.Propane_Refill,recipes/recipes_lightsources.txt,37
RemoveRagFromImprovisedGasMask,Base,Miscellaneous,30,Making,InHandCraft;CanBeDoneInDark,,,,,,false,,RecipeCodeOnCreate.removeGasFilter,,,base:improvisedgasmask,,,,false,,,,,,,,no-outputs,item 1 tags[base:improvisedgasmask] mode:keep flags[AllowFavorite;ItemCount],,recipes/recipes_gasmasks.txt,34
RemoveRespiratorFilters,Base,Miscellaneous,30,Making,InHandCraft;CanBeDoneInDark,,,,,,false,,RecipeCodeOnCreate.removeGasFilter,,,base:respirator,,,,false,,,,,,,,no-outputs,item 1 tags[base:respirator] mode:keep flags[AllowFavorite;ItemCount],,recipes/recipes_gasmasks.txt,65
ReplaceHacksawBlade,Base,Repair,100,Making,InHandCraft,,,,,,,,RecipeCodeOnCreate.replaceSawBlade,,Base.HacksawBlade;Base.Saw,,,Base.Saw,,false,,,,,,,,not-in-dataset: item 1 [Base.Saw] flags[AllowDestroyedItem] mode:destroy ; not-in-dataset: item 1 [Base.HacksawBlade] flags[InheritCondition] ; not-in-dataset: item 1 Base.Saw,item 1 [Base.Saw] flags[AllowDestroyedItem] mode:destroy | item 1 [Base.HacksawBlade] flags[InheritCondition],item 1 Base.Saw,recipes/recipes.txt,503
ReplaceSmallSawBlade,Base,Repair,100,Making,InHandCraft,,,,,,,,RecipeCodeOnCreate.replaceSawBlade,,Base.SmallSaw;Base.SmallSawblade,,,Base.SmallSaw,,false,,,,,,,,not-in-dataset: item 1 [Base.SmallSaw] flags[AllowDestroyedItem] mode:destroy ; not-in-dataset: item 1 [Base.SmallSawblade] flags[InheritCondition] ; not-in-dataset: item 1 Base.SmallSaw,item 1 [Base.SmallSaw] flags[AllowDestroyedItem] mode:destroy | item 1 [Base.SmallSawblade] flags[InheritCondition],item 1 Base.SmallSaw,recipes/recipes.txt,521
RipClothing,Base,,40,RipClothing,InHandCraft;CanBeDoneInDark;RemoveResultItems,,,,,,,,RecipeCodeOnCreate.ripClothing,Tooltip_Recipe_ClothingNotWorn,,base:ripclothingcotton,,Base.RippedSheets,,false,,,,,,,,tags-only: item 1 tags[base:ripclothingcotton] flags[AllowDestroyedItem;IsNotWorn;ItemCount] ; not-in-dataset: item 1 Base.RippedSheets,item 1 tags[base:ripclothingcotton] flags[AllowDestroyedItem;IsNotWorn;ItemCount],item 1 Base.RippedSheets,recipes/recipes.txt,217
RipDenimClothing,Base,,80,CutClothing,InHandCraft;RemoveResultItems,,,,,,,,RecipeCodeOnCreate.ripClothing,,,base:ripclothingdenim;base:ripclothingleather;base:scissors;base:sharpknife,,Base.LeatherStrips,fabricType,false,,,,,,,,tags-only: item 1 tags[base:ripclothingdenim;base:ripclothingleather] flags[AllowDestroyedItem;IsNotWorn] mappers[fabricType] ; not-in-dataset: item 1 mapper:fabricType,item 1 tags[base:scissors;base:sharpknife] mode:keep flags[MayDegradeLight;Prop1;IsNotDull] | item 1 tags[base:ripclothingdenim;base:ripclothingleather] flags[AllowDestroyedItem;IsNotWorn] mappers[fabricType],item 1 mapper:fabricType,recipes/recipes.txt,234
RipSheets,Base,,40,RipClothing,InHandCraft;CanBeDoneInDark,,,,,,,,,,,base:sheet,,Base.RippedSheets,,false,,,,,,,,tags-only: item 1 tags[base:sheet] ; not-in-dataset: item 10 Base.RippedSheets,item 1 tags[base:sheet],item 10 Base.RippedSheets,recipes/recipes.txt,282
RippleFlax,Base,Farming,100,UseSpinningWheel,Rippling,,,,,,,,,,Base.FlaxDried,,,Base.FlaxRippled;Base.FlaxSeed,,false,Base.FlaxRippled;Base.FlaxSeed,,,,,,,not-in-dataset: item 1 [Base.FlaxDried] mode:destroy ; no-nutrition: item 1 Base.FlaxRippled,item 1 [Base.FlaxDried] mode:destroy,item 1 Base.FlaxRippled | item 1 Base.FlaxSeed,entities/agricultural/craftRecipes/recipes_flax.txt,3
RollACigarette,Base,Miscellaneous,60,Making,InHandCraft,,,,,,,,,,,base:rollingpaper;base:tobacco,,Base.CigaretteRolled,,false,Base.CigaretteRolled,,,,,,,tags-only: item 1 tags[base:tobacco] ; tags-only: item 1 tags[base:rollingpaper],item 1 tags[base:tobacco] | item 1 tags[base:rollingpaper],item 1 Base.CigaretteRolled,recipes/recipes_tobacco.txt,3
RollOneDice,Base,Miscellaneous,20,RollDice,InHandCraft;RightClickOnly,,,,,,false,,RecipeCodeOnCreate.rollDice,,,base:dice,,,,false,,,,,,,,no-outputs,item 1 tags[base:dice] mode:keep,,recipes/recipes_cardsAndDice.txt,20
SawBarHalfIntoQuarters,Base,Metalworking,230,SawSmallItemMetal,AnySurfaceCraft,,,,,,,,,,Base.SteelBarHalf;Base.SteelRodHalf,base:metalsaw;base:smallsaw,,Base.SteelBarQuarter;Base.SteelRodQuarter,barMap,false,,,,,,,,multi-type: item 1 [Base.SteelBarHalf;Base.SteelRodHalf] flags[Prop2;AllowDestroyedItem] mappers[barMap] ; multi-type: item 2 mapper:barMap,item 1 [Base.SteelBarHalf;Base.SteelRodHalf] flags[Prop2;AllowDestroyedItem] mappers[barMap] | item 1 tags[base:metalsaw;base:smallsaw] mode:keep flags[Prop1;MayDegradeLight],item 2 mapper:barMap,entities/blacksmith/craftRecipes/recipes_blacksmith_bar.txt,248
SawBarIntoHalves,Base,Metalworking,230,SawSmallItemMetal,AnySurfaceCraft,,,,,,,,,,Base.MetalBar;Base.SteelBar,base:metalsaw;base:smallsaw,,Base.SteelBarHalf;Base.SteelRodHalf,barMap,false,,,,,,,,multi-type: item 1 [Base.SteelBar;Base.MetalBar] flags[Prop2;AllowDestroyedItem] mappers[barMap] ; multi-type: item 2 mapper:barMap,item 1 [Base.SteelBar;Base.MetalBar] flags[Prop2;AllowDestroyedItem] mappers[barMap] | item 1 tags[base:metalsaw;base:smallsaw] mode:keep flags[Prop1;MayDegradeLight],item 2 mapper:barMap,entities/blacksmith/craftRecipes/recipes_blacksmith_bar.txt,225
SawCircularSawblade,Base,Metalworking,230,SawSmallItemMetal,AnySurfaceCraft,,,,,,,,,,Base.CircularSawblade,base:metalsaw,,Base.CircularSawblade_Half,,false,,,,,,,,not-in-dataset: item 1 [Base.CircularSawblade] flags[AllowDestroyedItem] ; not-in-dataset: item 2 Base.CircularSawblade_Half,item 1 [Base.CircularSawblade] flags[AllowDestroyedItem] | item 1 tags[base:metalsaw] mode:keep flags[Prop1;MayDegrade],item 2 Base.CircularSawblade_Half,recipes/recipes_metalWelding.txt,164
SawCopperSheetIntoSmallSheets,Base,Metalworking,100,SawSmallItemMetal,AnySurfaceCraft,,,,,,,,,,Base.CopperSheet,base:metalsaw,,Base.SmallCopperSheet,,false,,,,,,,,not-in-dataset: item 1 [Base.CopperSheet] flags[Prop2] ; not-in-dataset: item 4 Base.SmallCopperSheet,item 1 [Base.CopperSheet] flags[Prop2] | item 1 tags[base:metalsaw] mode:keep flags[Prop1;MayDegradeLight],item 4 Base.SmallCopperSheet,entities/blacksmith/craftRecipes/recipes_blacksmith_other_metals.txt,310
SawDownBaseballBat,Base,Carpentry,230,SawLogs,AnySurfaceCraft;CanBeDoneFromFloor,,Woodwork:5,,,,,,,,Base.BaseballBat;Base.BaseballBat_Crafted;Base.BaseballBat_Nails,base:crudesaw;base:saw;base:smallsaw,,Base.ShortBat,,false,,,,,,,,multi-type: item 1 [Base.BaseballBat;Base.BaseballBat_Crafted;Base.BaseballBat_Nails] flags[Prop2] ; not-in-dataset: item 1 Base.ShortBat,item 1 [Base.BaseballBat;Base.BaseballBat_Crafted;Base.BaseballBat_Nails] flags[Prop2] | item 1 tags[base:saw;base:smallsaw;base:crudesaw] mode:keep flags[MayDegradeLight;Prop1],item 1 Base.ShortBat,recipes/recipes_carpentry.txt,63
SawIntoPieces,Base,Metalworking,230,SawSmallItemMetal,AnySurfaceCraft,,,,,,,,,,Base.IronBarQuarter;Base.IronChunk;Base.PiercedIronChunk;Base.PiercedSteelChunk;Base.SteelBarQuarter;Base.SteelChunk,base:metalsaw;base:smallsaw,,Base.SteelPiece,metalType,false,,,,,,,,multi-type: item 1 [Base.PiercedIronChunk;Base.IronBarQuarter;Base.IronChunk;Base.PiercedSteelChunk;Base.SteelBarQuarter;Base.SteelChunk] flags[Prop2] mappers[metalType] ; not-in-dataset: item 5 mapper:metalType,item 1 [Base.PiercedIronChunk;Base.IronBarQuarter;Base.IronChunk;Base.PiercedSteelChunk;Base.SteelBarQuarter;Base.SteelChunk] flags[Prop2] mappers[metalType] | item 1 tags[base:metalsaw;base:smallsaw] mode:keep flags[Prop1;MayDegradeLight],item 5 mapper:metalType,entities/blacksmith/craftRecipes/recipes_blacksmith_bar.txt,271
SawIronBand,Base,Metalworking,230,SawSmallItemMetal,AnySurfaceCraft,,,,,,,,,,Base.IronBand,base:metalsaw,,Base.IronBandSmall,,false,,,,,,,,not-in-dataset: item 1 [Base.IronBand] flags[AllowDestroyedItem] ; not-in-dataset: item 4 Base.IronBandSmall,item 1 [Base.IronBand] flags[AllowDestroyedItem] | item 1 tags[base:metalsaw] mode:keep flags[Prop1;MayDegrade],item 4 Base.IronBandSmall,recipes/recipes_metalWelding.txt,181
SawIronBlockIntoChunks,Base,Metalworking,230,SawSmallItemMetal,AnySurfaceCraft,,,,,,,,,,Base.IronBlock,base:metalsaw,,Base.IronChunk,,false,,,,,,,,not-in-dataset: item 1 [Base.IronBlock] flags[Prop2] ; not-in-dataset: item 4 Base.IronChunk,item 1 [Base.IronBlock] flags[Prop2] | item 1 tags[base:metalsaw] mode:keep flags[Prop1;MayDegrade],item 4 Base.IronChunk,entities/blacksmith/craftRecipes/recipes_blacksmith_bar.txt,346
SawIronIngotIntoBlocks,Base,Metalworking,230,SawSmallItemMetal,AnySurfaceCraft,,,,,,,,,,Base.IronIngot,base:metalsaw,,Base.IronBlock,,false,,,,,,,,not-in-dataset: item 1 [Base.IronIngot] flags[Prop2] ; not-in-dataset: item 3 Base.IronBlock,item 1 [Base.IronIngot] flags[Prop2] | item 1 tags[base:metalsaw] mode:keep flags[Prop1;MayDegradeHeavy],item 3 Base.IronBlock,entities/blacksmith/craftRecipes/recipes_blacksmith_bar.txt,329
SawLargeBranch,Base,Carpentry,160,SawLogs,InHandCraft;CanBeDoneFromFloor,,Woodwork:5,,,,,,,,Base.LargeBranch,base:crudesaw;base:saw,,Base.Plank,,false,,,,,,,,not-in-dataset: item 1 [Base.LargeBranch] flags[Prop2;InheritCondition] ; not-in-dataset: item 1 Base.Plank,item 1 [Base.LargeBranch] flags[Prop2;InheritCondition] | item 1 tags[base:saw;base:crudesaw] mode:keep flags[MayDegradeLight;Prop1],item 1 Base.Plank,recipes/recipes_carpentry.txt,117
SawLogs,Base,Carpentry,230,SawLogs,InHandCraft;CanBeDoneFromFloor,,Woodwork:5,,,,,,,,Base.Log,base:saw,,Base.Plank,,false,,,,,,,,not-in-dataset: item 1 [Base.Log] flags[Prop2] ; not-in-dataset: item 3 Base.Plank,item 1 [Base.Log] flags[Prop2] | item 1 tags[base:saw] mode:keep flags[MayDegradeLight;Prop1],item 3 Base.Plank,recipes/recipes_carpentry.txt,3
SawLongStick,Base,Carpentry,230,SawLogs,InHandCraft;CanBeDoneFromFloor,,Woodwork:5,,,,,,,,Base.LongStick;Base.Sapling,base:crudesaw;base:saw,,Base.TreeBranch2;Base.WoodenStick2,StickMapper,false,,,,,,,,multi-type: item 1 [Base.LongStick;Base.Sapling] flags[Prop2;InheritCondition] mappers[StickMapper] ; multi-type: item 2 mapper:StickMapper,item 1 [Base.LongStick;Base.Sapling] flags[Prop2;InheritCondition] mappers[StickMapper] | item 1 tags[base:crudesaw;base:saw] mode:keep flags[MayDegradeLight;Prop1],item 2 mapper:StickMapper,recipes/recipes_carpentry.txt,21
SawOffShotgun,Base,Weaponry,200,SawOffShotgun,InHandCraft,,,,,,,,RecipeCodeOnCreate.shotgunSawnoff,Tooltip_Recipe_NeedSawMetal,Base.DoubleBarrelShotgun;Base.Shotgun,base:metalsaw;base:smallsaw,,Base.DoubleBarrelShotgunSawnoff;Base.ShotgunSawnoff,shotgunType,false,,,,,,,,multi-type: item 1 [Base.Shotgun;Base.DoubleBarrelShotgun] flags[Prop2;InheritCondition;InheritAmmunition] mappers[shotgunType] ; multi-type: item 1 mapper:shotgunType,item 1 tags[base:metalsaw;base:smallsaw] mode:keep flags[Prop1;MayDegrade] | item 1 [Base.Shotgun;Base.DoubleBarrelShotgun] flags[Prop2;InheritCondition;InheritAmmunition] mappers[shotgunType],item 1 mapper:shotgunType,recipes/recipes.txt,117
SawSteelBlockIntoChunks,Base,Metalworking,230,SawSmallItemMetal,AnySurfaceCraft,,,,,,,,,,Base.SteelBlock,base:metalsaw,,Base.SteelChunk,,false,,,,,,,,not-in-dataset: item 1 [Base.SteelBlock] flags[Prop2] ; not-in-dataset: item 4 Base.SteelChunk,item 1 [Base.SteelBlock] flags[Prop2] | item 1 tags[base:metalsaw] mode:keep flags[Prop1;MayDegrade],item 4 Base.SteelChunk,entities/blacksmith/craftRecipes/recipes_blacksmith_bar.txt,312
SawSteelIngotIntoBlocks,Base,Metalworking,230,SawSmallItemMetal,AnySurfaceCraft,,,,,,,,,,Base.SteelIngot,base:metalsaw,,Base.SteelBlock,,false,,,,,,,,not-in-dataset: item 1 [Base.SteelIngot] flags[Prop2] ; not-in-dataset: item 3 Base.SteelBlock,item 1 [Base.SteelIngot] flags[Prop2] | item 1 tags[base:metalsaw] mode:keep flags[Prop1;MayDegradeHeavy],item 3 Base.SteelBlock,entities/blacksmith/craftRecipes/recipes_blacksmith_bar.txt,295
SawSteelSheetIntoSmallSheets,Base,Metalworking,230,SawSmallItemMetal,AnySurfaceCraft,,,,,,,,,,Base.SheetMetal,base:metalsaw,,Base.SmallSheetMetal,,false,,,,,,,,not-in-dataset: item 1 [Base.SheetMetal] flags[Prop2] ; not-in-dataset: item 4 Base.SmallSheetMetal,item 1 [Base.SheetMetal] flags[Prop2] | item 1 tags[base:metalsaw] mode:keep flags[Prop1;MayDegradeLight],item 4 Base.SmallSheetMetal,entities/blacksmith/craftRecipes/recipes_blacksmith_bar.txt,363
SawWoodenRod,Base,Carpentry,230,SawLogs,InHandCraft;CanBeDoneFromFloor,,Woodwork:5,,,,,,,,Base.WoodenStick2,base:crudesaw;base:saw,,Base.SmallHandle,,false,,,,,,,,not-in-dataset: item 1 [Base.WoodenStick2] flags[Prop2] ; not-in-dataset: item 4 Base.SmallHandle,item 1 [Base.WoodenStick2] flags[Prop2] | item 1 tags[base:crudesaw;base:saw] mode:keep flags[MayDegradeLight;Prop1],item 4 Base.SmallHandle,recipes/recipes_carpentry.txt,45
SawbladeBat,Base,Weaponry,600,Welding,AnySurfaceCraft,MetalWelding:6,MetalWelding:60,false,,,,,,,Base.BaseballBat_Metal;Base.BlowTorch;Base.CircularSawblade_Half;Base.IronBand;Base.NutsBolts;Base.SmallSheetMetal,base:drillmetal;base:metalsaw;base:sheetmetalsnips;base:weldingmask;base:wrench,,Base.BaseballBat_Metal_Sawblade,,false,Base.BlowTorch,,,,,,,no-nutrition: item 8 [Base.BlowTorch] ; not-in-dataset: item 1 [Base.BaseballBat_Metal] flags[Prop2] ; not-in-dataset: item 2 [Base.NutsBolts] ; not-in-dataset: item 1 [Base.CircularSawblade_Half] ; multi-type: item 1 [Base.SmallSheetMetal;Base.IronBand] ; not-in-dataset: item 1 Base.BaseballBat_Metal_Sawblade flags[IsBlunt],item 8 [Base.BlowTorch] | item 1 tags[base:weldingmask] mode:keep | item 1 [Base.BaseballBat_Metal] flags[Prop2] | item 2 [Base.NutsBolts] | item 1 [Base.CircularSawblade_Half] | item 1 tags[base:wrench] mode:keep flags[MayDegradeLight] | item 1 tags[base:drillmetal] mode:keep flags[MayDegrade] | item 1 tags[base:sheetmetalsnips;base:metalsaw] mode:keep flags[MayDegradeLight] | item 1 [Base.SmallSheetMetal;Base.IronBand],item 1 Base.BaseballBat_Metal_Sawblade flags[IsBlunt],entities/blacksmith/craftRecipes/recipes_blacksmith_welded_etc_weapons.txt,195
ScoopIceCream,Base,Cooking,30,MixingBowl,InHandCraft;Cooking,,Cooking:3,,,,,,,,Base.Cone;Base.Icecream,base:spoon,,Base.ConeIcecream,,false,Base.Cone;Base.ConeIcecream;Base.Icecream,-16345.0,-1690.0,-801.0,-242.0,290.0,0.0,,item 1 tags[base:spoon] mode:keep | item 1 [Base.Cone] flags[AllowFrozenItem;ItemCount] | item 10 [Base.Icecream] flags[AllowFrozenItem;InheritFoodAge],item 1 Base.ConeIcecream,recipes/recipes_cooking.txt,1091
ScrapAluminumLarge,Base,Metalworking,200,SawSmallItemMetal,AnySurfaceCraft,,,,,,,,,,,base:boltcutters;base:metalsaw;base:scrapaluminumlarge;base:smallsaw,,Base.AluminumScrap,,false,,,,,,,,tags-only: item 1 tags[base:scrapaluminumlarge] flags[Prop2;AllowDestroyedItem] ; not-in-dataset: item 4 Base.AluminumScrap,item 1 tags[base:scrapaluminumlarge] flags[Prop2;AllowDestroyedItem] | item 1 tags[base:metalsaw;base:boltcutters;base:smallsaw] mode:keep flags[Prop1;MayDegradeLight],item 4 Base.AluminumScrap,entities/blacksmith/craftRecipes/recipes_blacksmith_other_metals.txt,604
ScrapMetal,Base,Metalworking,200,SawSmallItemMetal,AnySurfaceCraft,,,,,,,,,,Base.AluminumScrap;Base.IronScrap;Base.SteelScrap,base:boltcutters;base:metalsaw;base:smallsaw,,Base.AluminumFragments;Base.IronPiece;Base.SteelPiece,metalType,false,,,,,,,,multi-type: item 1 [Base.AluminumScrap;Base.IronScrap;Base.SteelScrap] flags[Prop2;AllowDestroyedItem] mappers[metalType] ; multi-type: item 5 mapper:metalType,item 1 [Base.AluminumScrap;Base.IronScrap;Base.SteelScrap] flags[Prop2;AllowDestroyedItem] mappers[metalType] | item 1 tags[base:metalsaw;base:boltcutters;base:smallsaw] mode:keep flags[Prop1;MayDegradeLight],item 5 mapper:metalType,entities/blacksmith/craftRecipes/recipes_blacksmith_other_metals.txt,621
ScrapSack,Base,Tailoring,200,SewingCloth,InHandCraft,,,,,,,,,,,base:burlapbag;base:scissors;base:sharpknife,,Base.BurlapPiece,,false,,,,,,,,tags-only: item 1 tags[base:burlapbag] ; not-in-dataset: item 1 Base.BurlapPiece,item 1 tags[base:burlapbag] | item 1 tags[base:sharpknife;base:scissors] mode:keep flags[SharpnessCheck;IsNotDull],item 1 Base.BurlapPiece,recipes/recipes_tailoring.txt,807
ScrapSackLarge,Base,Tailoring,200,SewingCloth,InHandCraft,,,,,,,,,,,base:largesack;base:scissors;base:sharpknife,,Base.BurlapPiece,,false,,,,,,,,tags-only: item 1 tags[base:largesack] ; not-in-dataset: item 2 Base.BurlapPiece,item 1 tags[base:largesack] | item 1 tags[base:sharpknife;base:scissors] mode:keep flags[SharpnessCheck;IsNotDull],item 2 Base.BurlapPiece,recipes/recipes_tailoring.txt,824
Scrap_Gold_Jewellery,Base,Metalworking,200,SawSmallItemMetal,AnySurfaceCraft,,,,,,,,RecipeCodeOnCreate.scrapJewellery,,,base:lightmetalsnips;base:metalworkingpliers;base:pliers;base:smallsaw;base:tinygoldscrap,,Base.GoldScrap,,false,,,,,,,,tags-only: item 1 tags[base:tinygoldscrap] flags[Prop2;AllowDestroyedItem] ; not-in-dataset: item 1 Base.GoldScrap,item 1 tags[base:tinygoldscrap] flags[Prop2;AllowDestroyedItem] | item 1 tags[base:smallsaw;base:pliers;base:metalworkingpliers;base:lightmetalsnips] mode:keep flags[Prop1;MayDegradeVeryLight],item 1 Base.GoldScrap,entities/blacksmith/craftRecipes/recipes_blacksmith_other_metals.txt,432
Scrap_Gold_Object,Base,Metalworking,100,SawSmallItemMetal,AnySurfaceCraft,,,,,,,,,,,base:boltcutters;base:goldscrap;base:metalsaw;base:metalworkingpliers;base:sheetmetalsnips;base:smallsaw,,Base.GoldScrap,,false,,,,,,,,tags-only: item 1 tags[base:goldscrap] flags[Prop2;AllowDestroyedItem] mode:destroy ; not-in-dataset: item 10 Base.GoldScrap,item 1 tags[base:goldscrap] flags[Prop2;AllowDestroyedItem] mode:destroy | item 1 tags[base:metalsaw;base:boltcutters;base:smallsaw;base:sheetmetalsnips;base:metalworkingpliers] mode:keep flags[Prop1;MayDegradeVeryLight],item 10 Base.GoldScrap,entities/blacksmith/craftRecipes/recipes_blacksmith_other_metals.txt,468
Scrap_Large_Copper,Base,Metalworking,100,SawSmallItemMetal,AnySurfaceCraft,,,,,,,,,,,base:boltcutters;base:crudesaw;base:metalsaw;base:scraplargecopper;base:sheetmetalsnips;base:smallsaw,,Base.CopperScrap,,false,,,,,,,,tags-only: item 1 tags[base:scraplargecopper] flags[Prop2;AllowDestroyedItem] mode:destroy ; not-in-dataset: item 4 Base.CopperScrap,item 1 tags[base:scraplargecopper] flags[Prop2;AllowDestroyedItem] mode:destroy | item 1 tags[base:metalsaw;base:boltcutters;base:smallsaw;base:sheetmetalsnips;base:crudesaw] mode:keep flags[Prop1;MayDegradeLight],item 4 Base.CopperScrap,entities/blacksmith/craftRecipes/recipes_blacksmith_other_metals.txt,293
Scrap_Silver_Jewellery,Base,Metalworking,200,SawSmallItemMetal,AnySurfaceCraft,,,,,,,,RecipeCodeOnCreate.scrapJewellery,,,base:lightmetalsnips;base:metalworkingpliers;base:pliers;base:smallsaw;base:tinysilverscrap,,Base.SilverScrap,,false,,,,,,,,tags-only: item 1 tags[base:tinysilverscrap] flags[Prop2;AllowDestroyedItem] ; not-in-dataset: item 1 Base.SilverScrap,item 1 tags[base:tinysilverscrap] flags[Prop2;AllowDestroyedItem] | item 1 tags[base:smallsaw;base:pliers;base:metalworkingpliers;base:lightmetalsnips] mode:keep flags[Prop1;MayDegradeVeryLight],item 1 Base.SilverScrap,entities/blacksmith/craftRecipes/recipes_blacksmith_other_metals.txt,450
Scrap_Silver_Object,Base,Metalworking,100,SawSmallItemMetal,AnySurfaceCraft,,,,,,,,,,,base:boltcutters;base:metalsaw;base:metalworkingpliers;base:sheetmetalsnips;base:silverscrap;base:smallsaw,,Base.SilverScrap,,false,,,,,,,,tags-only: item 1 tags[base:silverscrap] flags[Prop2;AllowDestroyedItem] mode:destroy ; not-in-dataset: item 10 Base.SilverScrap,item 1 tags[base:silverscrap] flags[Prop2;AllowDestroyedItem] mode:destroy | item 1 tags[base:metalsaw;base:boltcutters;base:smallsaw;base:sheetmetalsnips;base:metalworkingpliers] mode:keep flags[Prop1;MayDegradeVeryLight],item 10 Base.SilverScrap,entities/blacksmith/craftRecipes/recipes_blacksmith_other_metals.txt,536
Scrap_Small_Copper,Base,Metalworking,100,SawSmallItemMetal,AnySurfaceCraft,,,,,,,,,,,base:boltcutters;base:crudesaw;base:metalsaw;base:scrapsmallcopper;base:sheetmetalsnips;base:smallsaw,,Base.CopperScrap,,false,,,,,,,,tags-only: item 1 tags[base:scrapsmallcopper] flags[Prop2;AllowDestroyedItem] mode:destroy ; not-in-dataset: item 1 Base.CopperScrap,item 1 tags[base:scrapsmallcopper] flags[Prop2;AllowDestroyedItem] mode:destroy | item 1 tags[base:metalsaw;base:boltcutters;base:smallsaw;base:sheetmetalsnips;base:crudesaw] mode:keep flags[Prop1;MayDegradeLight],item 1 Base.CopperScrap,entities/blacksmith/craftRecipes/recipes_blacksmith_other_metals.txt,276
Scrap_Small_Gold_Object,Base,Metalworking,100,SawSmallItemMetal,AnySurfaceCraft,,,,,,,,,,,base:boltcutters;base:metalsaw;base:metalworkingpliers;base:sheetmetalsnips;base:smallgoldscrap;base:smallsaw,,Base.GoldScrap,,false,,,,,,,,tags-only: item 1 tags[base:smallgoldscrap] flags[Prop2;AllowDestroyedItem] mode:destroy ; not-in-dataset: item 5 Base.GoldScrap,item 1 tags[base:smallgoldscrap] flags[Prop2;AllowDestroyedItem] mode:destroy | item 1 tags[base:metalsaw;base:boltcutters;base:smallsaw;base:sheetmetalsnips;base:metalworkingpliers] mode:keep flags[Prop1;MayDegradeVeryLight],item 5 Base.GoldScrap,entities/blacksmith/craftRecipes/recipes_blacksmith_other_metals.txt,485
Scrap_Small_Silver_Object,Base,Metalworking,100,SawSmallItemMetal,AnySurfaceCraft,,,,,,,,,,,base:boltcutters;base:metalsaw;base:metalworkingpliers;base:sheetmetalsnips;base:smallsaw;base:smallsilverscrap,,Base.SilverScrap,,false,,,,,,,,tags-only: item 1 tags[base:smallsilverscrap] flags[Prop2;AllowDestroyedItem] mode:destroy ; not-in-dataset: item 5 Base.SilverScrap,item 1 tags[base:smallsilverscrap] flags[Prop2;AllowDestroyedItem] mode:destroy | item 1 tags[base:metalsaw;base:boltcutters;base:smallsaw;base:sheetmetalsnips;base:metalworkingpliers] mode:keep flags[Prop1;MayDegradeVeryLight],item 5 Base.SilverScrap,entities/blacksmith/craftRecipes/recipes_blacksmith_other_metals.txt,553
Scrap_Smaller_Gold_Object,Base,Metalworking,100,SawSmallItemMetal,AnySurfaceCraft,,,,,,,,,,,base:boltcutters;base:metalsaw;base:metalworkingpliers;base:sheetmetalsnips;base:smallergoldscrap;base:smallsaw,,Base.GoldScrap,,false,,,,,,,,tags-only: item 1 tags[base:smallergoldscrap] flags[Prop2;AllowDestroyedItem] mode:destroy ; not-in-dataset: item 2 Base.GoldScrap,item 1 tags[base:smallergoldscrap] flags[Prop2;AllowDestroyedItem] mode:destroy | item 1 tags[base:metalsaw;base:boltcutters;base:smallsaw;base:sheetmetalsnips;base:metalworkingpliers] mode:keep flags[Prop1;MayDegradeVeryLight],item 2 Base.GoldScrap,entities/blacksmith/craftRecipes/recipes_blacksmith_other_metals.txt,502
Scrap_Smaller_Silver_Object,Base,Metalworking,100,SawSmallItemMetal,AnySurfaceCraft,,,,,,,,,,,base:boltcutters;base:metalsaw;base:metalworkingpliers;base:sheetmetalsnips;base:smallersilverscrap;base:smallsaw,,Base.SilverScrap,,false,,,,,,,,tags-only: item 1 tags[base:smallersilverscrap] flags[Prop2;AllowDestroyedItem] mode:destroy ; not-in-dataset: item 2 Base.SilverScrap,item 1 tags[base:smallersilverscrap] flags[Prop2;AllowDestroyedItem] mode:destroy | item 1 tags[base:metalsaw;base:boltcutters;base:smallsaw;base:sheetmetalsnips;base:metalworkingpliers] mode:keep flags[Prop1;MayDegradeVeryLight],item 2 Base.SilverScrap,entities/blacksmith/craftRecipes/recipes_blacksmith_other_metals.txt,570
Scrap_Smallest_Gold_Object,Base,Metalworking,100,SawSmallItemMetal,AnySurfaceCraft,,,,,,,,,,,base:boltcutters;base:metalsaw;base:metalworkingpliers;base:sheetmetalsnips;base:smallestgoldscrap;base:smallsaw,,Base.GoldScrap,,false,,,,,,,,tags-only: item 1 tags[base:smallestgoldscrap] flags[Prop2;AllowDestroyedItem] mode:destroy ; not-in-dataset: item 1 Base.GoldScrap,item 1 tags[base:smallestgoldscrap] flags[Prop2;AllowDestroyedItem] mode:destroy | item 1 tags[base:metalsaw;base:boltcutters;base:smallsaw;base:sheetmetalsnips;base:metalworkingpliers] mode:keep flags[Prop1;MayDegradeVeryLight],item 1 Base.GoldScrap,entities/blacksmith/craftRecipes/recipes_blacksmith_other_metals.txt,519
Scrap_Smallest_Silver_Object,Base,Metalworking,100,SawSmallItemMetal,AnySurfaceCraft,,,,,,,,,,,base:boltcutters;base:metalsaw;base:metalworkingpliers;base:sheetmetalsnips;base:smallestsilverscrap;base:smallsaw,,Base.SilverScrap,,false,,,,,,,,tags-only: item 1 tags[base:smallestsilverscrap] flags[Prop2;AllowDestroyedItem] mode:destroy ; not-in-dataset: item 1 Base.SilverScrap,item 1 tags[base:smallestsilverscrap] flags[Prop2;AllowDestroyedItem] mode:destroy | item 1 tags[base:metalsaw;base:boltcutters;base:smallsaw;base:sheetmetalsnips;base:metalworkingpliers] mode:keep flags[Prop1;MayDegradeVeryLight],item 1 Base.SilverScrap,entities/blacksmith/craftRecipes/recipes_blacksmith_other_metals.txt,587
ScratchTicket,Base,,50,Making,InHandCraft;RightClickOnly,,,,,,,,RecipeCodeOnCreate.scratchTicket,,Base.ScratchTicket,,,Base.ScratchTicket,,false,,,,,,,,not-in-dataset: item 1 [Base.ScratchTicket] ; not-in-dataset: item 1 Base.ScratchTicket,item 1 [Base.ScratchTicket],item 1 Base.ScratchTicket,recipes/recipes.txt,100
ScutchFibre,Base,Farming,100,MakingHammer_Surface,Scutching,,,,,,,,,,Base.FlaxRippled;Base.HempBundleDried,base:breakfiber;base:dullknife,,Base.FlaxScutched;Base.HempScutched,fiberTypes,false,Base.FlaxRippled;Base.HempBundleDried,,,,,,,multi-type: item 1 [Base.FlaxRippled;Base.HempBundleDried] mode:destroy mappers[fiberTypes] flags[Prop2] ; multi-type: item 1 mapper:fiberTypes,item 1 [Base.FlaxRippled;Base.HempBundleDried] mode:destroy mappers[fiberTypes] flags[Prop2] | item 1 tags[base:breakfiber] mode:keep flags[Prop1;MayDegradeLight] | item 1 tags[base:dullknife] mode:keep flags[MayDegradeLight],item 1 mapper:fiberTypes,entities/agricultural/craftRecipes/recipes_fiber.txt,3
SetCoffinFlat,Base,,20,Making,InHandCraft;CanBeDoneInDark;RightClickOnly,,,,,,,,,,Base.Mov_UprightCoffin,,,Base.Mov_FlatCoffin,,false,,,,,,,,not-in-dataset: item 1 [Base.Mov_UprightCoffin] ; not-in-dataset: item 1 Base.Mov_FlatCoffin,item 1 [Base.Mov_UprightCoffin],item 1 Base.Mov_FlatCoffin,recipes/recipes.txt,395
SetCoffinUpright,Base,,20,Making,InHandCraft;CanBeDoneInDark;RightClickOnly,,,,,,,,,,Base.Mov_FlatCoffin,,,Base.Mov_UprightCoffin,,false,,,,,,,,not-in-dataset: item 1 [Base.Mov_FlatCoffin] ; not-in-dataset: item 1 Base.Mov_UprightCoffin,item 1 [Base.Mov_FlatCoffin],item 1 Base.Mov_UprightCoffin,recipes/recipes.txt,380
SewBandolier,Base,Tailoring,400,SewingCloth,AnySurfaceCraft,Tailoring:5,Tailoring:55,true,,,false,,,,Base.Buckle;Base.LeatherStrips,base:awl;base:heavythread;base:scissors;base:sewingneedle,,Base.AmmoStrap_Brown_Bullets,,false,,,,,,,,not-in-dataset: item 4 [Base.LeatherStrips] mode:destroy ; tags-only: item 4 tags[base:heavythread] ; not-in-dataset: item 1 [Base.Buckle] ; not-in-dataset: item 1 Base.AmmoStrap_Brown_Bullets,item 1 tags[base:scissors] mode:keep flags[IsNotDull;MayDegradeLight] | item 1 tags[base:sewingneedle] mode:keep flags[MayDegradeLight] | item 1 tags[base:awl] mode:keep flags[MayDegradeLight] | item 4 [Base.LeatherStrips] mode:destroy | item 4 tags[base:heavythread] | item 1 [Base.Buckle],item 1 Base.AmmoStrap_Brown_Bullets,recipes/recipes_tailoring_leatherAndHide.txt,1360
SewBear,Base,Tailoring,200,SewingCloth,AnySurfaceCraft,Tailoring:4,Tailoring:38,,,,false,,,,Base.BurlapPiece;Base.ChickenFeather;Base.CottonBalls;Base.FabricRoll_Cotton;Base.TurkeyFeather;Base.WoolRaw,base:button;base:scissors;base:sewingneedle;base:thread,,Base.ToyBear_Crafted_Burlap,fabricType,false,Base.ChickenFeather;Base.FabricRoll_Cotton;Base.TurkeyFeather,,,,,,,multi-type: item 1 [Base.BurlapPiece;Base.FabricRoll_Cotton] flags[InheritColor] mappers[fabricType] ; tags-only: item 1 tags[base:thread] ; tags-only: item 2 tags[base:button] ; multi-type: item 100 [Base.ChickenFeather;Base.TurkeyFeather;10:Base.CottonBalls;5:Base.WoolRaw] flags[IsExclusive] ; not-in-dataset: item 1 mapper:fabricType,item 1 tags[base:scissors] mode:keep flags[SharpnessCheck;IsNotDull] | item 1 tags[base:sewingneedle] mode:keep | item 1 [Base.BurlapPiece;Base.FabricRoll_Cotton] flags[InheritColor] mappers[fabricType] | item 1 tags[base:thread] | item 2 tags[base:button] | item 100 [Base.ChickenFeather;Base.TurkeyFeather;10:Base.CottonBalls;5:Base.WoolRaw] flags[IsExclusive],item 1 mapper:fabricType,recipes/recipes_tailoring.txt,958
SewBelt,Base,Tailoring,200,SewingCloth,AnySurfaceCraft,Tailoring:2,Tailoring:16,true,Tailoring:4,,false,,,,Base.Buckle;Base.LeatherStrips,base:awl;base:heavythread;base:scissors;base:sewingneedle;base:sharpknife,,Base.Belt2,,false,,,,,,,,not-in-dataset: item 2 [Base.LeatherStrips] mode:destroy ; tags-only: item 1 tags[base:heavythread] ; not-in-dataset: item 1 [Base.Buckle] ; not-in-dataset: item 1 Base.Belt2,item 1 tags[base:scissors;base:sharpknife] mode:keep flags[IsNotDull;MayDegradeLight] | item 1 tags[base:sewingneedle] mode:keep flags[MayDegradeLight] | item 1 tags[base:awl] mode:keep flags[MayDegradeLight] | item 2 [Base.LeatherStrips] mode:destroy | item 1 tags[base:heavythread] | item 1 [Base.Buckle],item 1 Base.Belt2,recipes/recipes_tailoring_leatherAndHide.txt,1051
SewClothSatchel,Base,Tailoring,200,SewingCloth,AnySurfaceCraft,Tailoring:2,Tailoring:13,true,Tailoring:3,,false,,,,Base.BurlapPiece;Base.FabricRoll_Cotton;Base.FabricRoll_DenimBlack;Base.FabricRoll_DenimBlue;Base.FabricRoll_DenimDarkBlue,base:scissors;base:sewingneedle;base:thread,,Base.Bag_ClothSatchel_Burlap;Base.Bag_ClothSatchel_Cotton;Base.Bag_ClothSatchel_Denim;Base.Bag_ClothSatchel_DenimBlack;Base.Bag_ClothSatchel_DenimLight,fabricType,false,Base.FabricRoll_Cotton;Base.FabricRoll_DenimBlack;Base.FabricRoll_DenimBlue;Base.FabricRoll_DenimDarkBlue,,,,,,,multi-type: item 2 [Base.BurlapPiece;Base.FabricRoll_Cotton;Base.FabricRoll_DenimBlack;Base.FabricRoll_DenimBlue;Base.FabricRoll_DenimDarkBlue] flags[InheritColor] mappers[fabricType] ; tags-only: item 2 tags[base:thread] ; multi-type: item 1 mapper:fabricType,item 1 tags[base:scissors] mode:keep flags[SharpnessCheck;IsNotDull] | item 1 tags[base:sewingneedle] mode:keep | item 2 [Base.BurlapPiece;Base.FabricRoll_Cotton;Base.FabricRoll_DenimBlack;Base.FabricRoll_DenimBlue;Base.FabricRoll_DenimDarkBlue] flags[InheritColor] mappers[fabricType] | item 2 tags[base:thread],item 1 mapper:fabricType,recipes/recipes_tailoring.txt,85
SewCrudeLeatherBackpack,Base,Tailoring,200,SewingCloth,AnySurfaceCraft,Tailoring:5,Tailoring:45,true,,,false,,,,Base.LeatherStrips;Base.Rope,base:awl;base:heavythread;base:leathercrudetannedmedium;base:leatherfurtannedmedium;base:scissors;base:sewingneedle;base:sharpknife,,Base.Bag_CrudeLeatherBag,,false,,,,,,,,tags-only: item 1 tags[base:leathercrudetannedmedium;base:leatherfurtannedmedium] ; tags-only: item 2 tags[base:heavythread] ; multi-type: item 2 [Base.LeatherStrips;Base.Rope] mode:destroy ; not-in-dataset: item 1 Base.Bag_CrudeLeatherBag,item 1 tags[base:scissors;base:sharpknife] mode:keep flags[IsNotDull;MayDegradeLight] | item 1 tags[base:sewingneedle] mode:keep flags[MayDegradeLight] | item 1 tags[base:awl] mode:keep flags[MayDegradeLight] | item 1 tags[base:leathercrudetannedmedium;base:leatherfurtannedmedium] | item 2 tags[base:heavythread] | item 2 [Base.LeatherStrips;Base.Rope] mode:destroy,item 1 Base.Bag_CrudeLeatherBag,recipes/recipes_tailoring_leatherAndHide.txt,456
SewCrudeLeatherShoes,Base,Tailoring,200,SewingCloth,AnySurfaceCraft,Tailoring:1,Tailoring:11,,,,false,,,,,base:awl;base:heavythread;base:leathercrudetannedsmall;base:leatherfurtannedsmall;base:scissors;base:sewingneedle;base:sharpknife,,Base.Shoes_CrudeLeatherFootwear,,false,,,,,,,,tags-only: item 1 tags[base:leathercrudetannedsmall;base:leatherfurtannedsmall] ; tags-only: item 1 tags[base:heavythread] ; not-in-dataset: item 1 Base.Shoes_CrudeLeatherFootwear,item 1 tags[base:scissors;base:sharpknife] mode:keep flags[IsNotDull;MayDegradeLight] | item 1 tags[base:sewingneedle;base:awl] mode:keep flags[MayDegradeLight] | item 1 tags[base:leathercrudetannedsmall;base:leatherfurtannedsmall] | item 1 tags[base:heavythread],item 1 Base.Shoes_CrudeLeatherFootwear,recipes/recipes_tailoring_leatherAndHide.txt,216
SewCrudeTarpBackpack,Base,Tailoring,200,SewingCloth,AnySurfaceCraft,Tailoring:2,Tailoring:16,true,Tailoring:5,,false,base:sewcrudeleatherbackpack,,,Base.DuctTape;Base.LeatherStrips;Base.Rope;Base.TarpPiece,base:awl;base:scissors;base:sewingneedle;base:sharpknife;base:thread,,Base.Bag_CrudeTarpBag,,false,Base.DuctTape,,,,,,,not-in-dataset: item 3 [Base.TarpPiece] ; tags-only: item 2 tags[base:thread] ; no-nutrition: item 3 [Base.DuctTape] ; multi-type: item 2 [Base.LeatherStrips;Base.Rope;4:Base.DuctTape] flags[DontReplace] ; not-in-dataset: item 1 Base.Bag_CrudeTarpBag,item 1 tags[base:scissors;base:sharpknife] mode:keep flags[IsNotDull;MayDegradeLight] | item 1 tags[base:sewingneedle] mode:keep flags[MayDegradeLight] | item 1 tags[base:awl] mode:keep flags[MayDegradeLight] | item 3 [Base.TarpPiece] | item 2 tags[base:thread] | item 3 [Base.DuctTape] | item 2 [Base.LeatherStrips;Base.Rope;4:Base.DuctTape] flags[DontReplace],item 1 Base.Bag_CrudeTarpBag,recipes/recipes_tailoring_garbageTapeAndTarp.txt,582
SewDressKnees,Base,Tailoring,200,SewingCloth,AnySurfaceCraft,Tailoring:1,Tailoring:9,true,Tailoring:3,,false,,,,Base.BurlapPiece;Base.FabricRoll_Cotton;Base.FabricRoll_DenimBlack;Base.FabricRoll_DenimBlue;Base.FabricRoll_DenimDarkBlue,base:scissors;base:sewingneedle;base:thread,,Base.Dress_Knees_Crafted_Burlap;Base.Dress_Knees_Crafted_Cotton;Base.Dress_Knees_Crafted_Denim;Base.Dress_Knees_Crafted_DenimBlack;Base.Dress_Knees_Crafted_DenimLight,fabricType,false,Base.FabricRoll_Cotton;Base.FabricRoll_DenimBlack;Base.FabricRoll_DenimBlue;Base.FabricRoll_DenimDarkBlue,,,,,,,multi-type: item 1 [Base.BurlapPiece;Base.FabricRoll_Cotton;Base.FabricRoll_DenimBlack;Base.FabricRoll_DenimBlue;Base.FabricRoll_DenimDarkBlue] flags[InheritColor] mappers[fabricType] ; tags-only: item 1 tags[base:thread] ; multi-type: item 1 mapper:fabricType,item 1 tags[base:scissors] mode:keep flags[SharpnessCheck;IsNotDull] | item 1 tags[base:sewingneedle] mode:keep | item 1 [Base.BurlapPiece;Base.FabricRoll_Cotton;Base.FabricRoll_DenimBlack;Base.FabricRoll_DenimBlue;Base.FabricRoll_DenimDarkBlue] flags[InheritColor] mappers[fabricType] | item 1 tags[base:thread],item 1 mapper:fabricType,recipes/recipes_tailoring.txt,117
SewDressLong,Base,Tailoring,200,SewingCloth,AnySurfaceCraft,Tailoring:1,Tailoring:9,true,Tailoring:3,,false,base:sewdressknees,,,Base.BurlapPiece;Base.FabricRoll_Cotton;Base.FabricRoll_DenimBlack;Base.FabricRoll_DenimBlue;Base.FabricRoll_DenimDarkBlue,base:scissors;base:sewingneedle;base:thread,,Base.Dress_Long_Crafted_Burlap;Base.Dress_Long_Crafted_Cotton;Base.Dress_Long_Crafted_Denim;Base.Dress_Long_Crafted_DenimBlack;Base.Dress_Long_Crafted_DenimLight,fabricType,false,Base.FabricRoll_Cotton;Base.FabricRoll_DenimBlack;Base.FabricRoll_DenimBlue;Base.FabricRoll_DenimDarkBlue,,,,,,,multi-type: item 1 [Base.BurlapPiece;Base.FabricRoll_Cotton;Base.FabricRoll_DenimBlack;Base.FabricRoll_DenimBlue;Base.FabricRoll_DenimDarkBlue] flags[InheritColor] mappers[fabricType] ; tags-only: item 1 tags[base:thread] ; multi-type: item 1 mapper:fabricType,item 1 tags[base:scissors] mode:keep flags[SharpnessCheck;IsNotDull] | item 1 tags[base:sewingneedle] mode:keep | item 1 [Base.BurlapPiece;Base.FabricRoll_Cotton;Base.FabricRoll_DenimBlack;Base.FabricRoll_DenimBlue;Base.FabricRoll_DenimDarkBlue] flags[InheritColor] mappers[fabricType] | item 1 tags[base:thread],item 1 mapper:fabricType,recipes/recipes_tailoring.txt,149
SewElbowPads,Base,Tailoring,200,SewingCloth,AnySurfaceCraft,Tailoring:4,Tailoring:38,true,,,false,,,,,base:awl;base:heavythread;base:leathercrudetannedmedium;base:scissors;base:sewingneedle,,Base.ElbowPad_Left_Leather;Base.ElbowPad_Right_Leather,,false,,,,,,,,tags-only: item 1 tags[base:leathercrudetannedmedium] ; tags-only: item 2 tags[base:heavythread] ; not-in-dataset: item 1 Base.ElbowPad_Left_Leather ; not-in-dataset: item 1 Base.ElbowPad_Right_Leather,item 1 tags[base:scissors] mode:keep flags[IsNotDull;MayDegradeLight] | item 1 tags[base:sewingneedle] mode:keep flags[MayDegradeLight] | item 1 tags[base:awl] mode:keep flags[MayDegradeLight] | item 1 tags[base:leathercrudetannedmedium] | item 2 tags[base:heavythread],item 1 Base.ElbowPad_Left_Leather | item 1 Base.ElbowPad_Right_Leather,recipes/recipes_tailoring_leatherAndHide.txt,1462
SewFootwrap,Base,Tailoring,200,SewingCloth,AnySurfaceCraft,,Tailoring:8,,,,false,,,,Base.BurlapPiece;Base.DenimStrips;Base.LeatherStrips;Base.RippedSheets,base:awl;base:sewingneedle;base:thread;base:twine,,Base.Briefs_Hide;Base.Shoes_BurlapWrap;Base.Shoes_DenimWrap;Base.Shoes_LeatherWrap;Base.Shoes_RagWrap,ragType,false,,,,,,,,multi-type: item 6 [Base.DenimStrips;Base.LeatherStrips;Base.RippedSheets;2:Base.BurlapPiece] mode:destroy mappers[ragType] flags[IsExclusive] ; tags-only: item 1 tags[base:thread;base:twine] ; multi-type: item 1 mapper:ragType,item 1 tags[base:sewingneedle;base:awl] mode:keep | item 6 [Base.DenimStrips;Base.LeatherStrips;Base.RippedSheets;2:Base.BurlapPiece] mode:destroy mappers[ragType] flags[IsExclusive] | item 1 tags[base:thread;base:twine],item 1 mapper:ragType,recipes/recipes_tailoring.txt,340
SewFurHat,Base,Tailoring,200,SewingCloth,AnySurfaceCraft,Tailoring:4,Tailoring:30,,,,,,,,Base.CalfLeather_Angus_Fur_Tan;Base.CalfLeather_Holstein_Fur_Tan;Base.CalfLeather_Simmental_Fur_Tan;Base.CowLeather_Angus_Fur_Tan_Small;Base.CowLeather_Holstein_Fur_Tan_Small;Base.CowLeather_Simmental_Fur_Tan_Small;Base.LambLeather_Fur_Tan;Base.RaccoonLeather_Grey_Fur_Tan;Base.SheepLeather_Fur_Tan_Small,base:awl;base:scissors;base:sewingneedle;base:sharpknife;base:thread,,Base.Hat_Cowboy_Angus;Base.Hat_Cowboy_Holstein;Base.Hat_Cowboy_Simmental;Base.Hat_Raccoon;Base.Hat_WinterHat_SheepSkin,HatMapper,false,,,,,,,,multi-type: item 1 [Base.RaccoonLeather_Grey_Fur_Tan;Base.SheepLeather_Fur_Tan_Small;Base.LambLeather_Fur_Tan;Base.CowLeather_Angus_Fur_Tan_Small;Base.CalfLeather_Angus_Fur_Tan;Base.CowLeather_Holstein_Fur_Tan_Small;Base.CalfLeather_Holstein_Fur_Tan;Base.CowLeather_Simmental_Fur_Tan_Small;Base.CalfLeather_Simmental_Fur_Tan] mappers[HatMapper] ; tags-only: item 2 tags[base:thread] ; multi-type: item 1 mapper:HatMapper,item 1 [Base.RaccoonLeather_Grey_Fur_Tan;Base.SheepLeather_Fur_Tan_Small;Base.LambLeather_Fur_Tan;Base.CowLeather_Angus_Fur_Tan_Small;Base.CalfLeather_Angus_Fur_Tan;Base.CowLeather_Holstein_Fur_Tan_Small;Base.CalfLeather_Holstein_Fur_Tan;Base.CowLeather_Simmental_Fur_Tan_Small;Base.CalfLeather_Simmental_Fur_Tan] mappers[HatMapper] | item 1 tags[base:scissors;base:sharpknife] mode:keep flags[IsNotDull;MayDegradeLight] | item 1 tags[base:sewingneedle] mode:keep flags[MayDegradeLight] | item 1 tags[base:awl] mode:keep flags[MayDegradeLight] | item 2 tags[base:thread],item 1 mapper:HatMapper,recipes/recipes_tailoring_leatherAndHide.txt,968
SewFurredHideCoat,Base,Tailoring,200,SewingCloth,AnySurfaceCraft,Tailoring:6,Tailoring:68,true,,,false,,,,Base.CalfLeather_Angus_Fur_Tan;Base.CalfLeather_Holstein_Fur_Tan;Base.CalfLeather_Simmental_Fur_Tan;Base.CowLeather_Angus_Fur_Tan;Base.CowLeather_Holstein_Fur_Tan;Base.CowLeather_Simmental_Fur_Tan;Base.SheepLeather_Fur_Tan,base:awl;base:button;base:heavythread;base:scissors;base:sewingneedle;base:sharpknife,,Base.JacketLong_AngusCalfHide;Base.JacketLong_AngusHide;Base.JacketLong_HolsteinCalfHide;Base.JacketLong_HolsteinHide;Base.JacketLong_SheepSkin;Base.JacketLong_SimmentalCalfHide;Base.JacketLong_SimmentalHide,HideMapper,false,,,,,,,,multi-type: item 4 [Base.CalfLeather_Angus_Fur_Tan;1:Base.CowLeather_Angus_Fur_Tan;Base.CalfLeather_Holstein_Fur_Tan;1:Base.CowLeather_Holstein_Fur_Tan;Base.CalfLeather_Simmental_Fur_Tan;1:Base.CowLeather_Simmental_Fur_Tan;2:Base.SheepLeather_Fur_Tan] mappers[HideMapper] flags[IsExclusive] ; tags-only: item 3 tags[base:button] ; tags-only: item 6 tags[base:heavythread] ; multi-type: item 1 mapper:HideMapper,item 1 tags[base:scissors;base:sharpknife] mode:keep flags[IsNotDull;MayDegradeLight] | item 1 tags[base:sewingneedle] mode:keep flags[MayDegradeLight] | item 1 tags[base:awl] mode:keep flags[MayDegradeLight] | item 4 [Base.CalfLeather_Angus_Fur_Tan;1:Base.CowLeather_Angus_Fur_Tan;Base.CalfLeather_Holstein_Fur_Tan;1:Base.CowLeather_Holstein_Fur_Tan;Base.CalfLeather_Simmental_Fur_Tan;1:Base.CowLeather_Simmental_Fur_Tan;2:Base.SheepLeather_Fur_Tan] mappers[HideMapper] flags[IsExclusive] | item 3 tags[base:button] | item 6 tags[base:heavythread],item 1 mapper:HideMapper,recipes/recipes_tailoring_leatherAndHide.txt,895
SewFurredHideJacket,Base,Tailoring,200,SewingCloth,AnySurfaceCraft,Tailoring:5,Tailoring:45,true,,,false,,,,Base.CalfLeather_Angus_Fur_Tan;Base.CalfLeather_Holstein_Fur_Tan;Base.CalfLeather_Simmental_Fur_Tan;Base.CowLeather_Angus_Fur_Tan_Medium;Base.CowLeather_Holstein_Fur_Tan_Medium;Base.CowLeather_Simmental_Fur_Tan_Medium;Base.DeerLeather_Fur_Tan;Base.SheepLeather_Fur_Tan,base:awl;base:button;base:heavythread;base:scissors;base:sewingneedle;base:sharpknife,,Base.Jacket_AngusCalfHide;Base.Jacket_AngusHide;Base.Jacket_DeerHide;Base.Jacket_HolsteinCalfHide;Base.Jacket_HolsteinHide;Base.Jacket_SheepSkin;Base.Jacket_SimmentalCalfHide;Base.Jacket_SimmentalHide,HideMapper,false,,,,,,,,multi-type: item 2 [Base.CalfLeather_Angus_Fur_Tan;1:Base.CowLeather_Angus_Fur_Tan_Medium;Base.CalfLeather_Holstein_Fur_Tan;1:Base.CowLeather_Holstein_Fur_Tan_Medium;Base.CalfLeather_Simmental_Fur_Tan;1:Base.CowLeather_Simmental_Fur_Tan_Medium;1:Base.DeerLeather_Fur_Tan;1:Base.SheepLeather_Fur_Tan] mappers[HideMapper] flags[IsExclusive] ; tags-only: item 3 tags[base:button] ; tags-only: item 4 tags[base:heavythread] ; multi-type: item 1 mapper:HideMapper,item 1 tags[base:scissors;base:sharpknife] mode:keep flags[IsNotDull;MayDegradeLight] | item 1 tags[base:sewingneedle] mode:keep flags[MayDegradeLight] | item 1 tags[base:awl] mode:keep flags[MayDegradeLight] | item 2 [Base.CalfLeather_Angus_Fur_Tan;1:Base.CowLeather_Angus_Fur_Tan_Medium;Base.CalfLeather_Holstein_Fur_Tan;1:Base.CowLeather_Holstein_Fur_Tan_Medium;Base.CalfLeather_Simmental_Fur_Tan;1:Base.CowLeather_Simmental_Fur_Tan_Medium;1:Base.DeerLeather_Fur_Tan;1:Base.SheepLeather_Fur_Tan] mappers[HideMapper] flags[IsExclusive] | item 3 tags[base:button] | item 4 tags[base:heavythread],item 1 mapper:HideMapper,recipes/recipes_tailoring_leatherAndHide.txt,931
SewHandwrap,Base,Tailoring,200,SewingCloth,AnySurfaceCraft,,Tailoring:8,,,,false,,,,Base.BurlapPiece;Base.DenimStrips;Base.LeatherStrips;Base.RippedSheets,base:awl;base:sewingneedle;base:thread;base:twine,,Base.Gloves_BurlapWrap;Base.Gloves_DenimWrap;Base.Gloves_LeatherWrap;Base.Gloves_RagWrap,ragType,false,,,,,,,,multi-type: item 6 [Base.DenimStrips;Base.LeatherStrips;Base.RippedSheets;2:Base.BurlapPiece] mode:destroy mappers[ragType] flags[IsExclusive] ; tags-only: item 2 tags[base:thread;base:twine] ; multi-type: item 1 mapper:ragType,item 1 tags[base:sewingneedle;base:awl] mode:keep | item 6 [Base.DenimStrips;Base.LeatherStrips;Base.RippedSheets;2:Base.BurlapPiece] mode:destroy mappers[ragType] flags[IsExclusive] | item 2 tags[base:thread;base:twine],item 1 mapper:ragType,recipes/recipes_tailoring.txt,256
SewHeadSack,Base,Tailoring,200,SewingCloth,AnySurfaceCraft,Tailoring:1,Tailoring:9,,,,false,,,,Base.BurlapPiece;Base.FabricRoll_Cotton;Base.Sheet,base:scissors;base:sewingneedle;base:thread,,Base.Hat_HeadSack_Burlap;Base.Hat_HeadSack_Cotton,fabricType,false,Base.FabricRoll_Cotton,,,,,,,multi-type: item 1 [Base.BurlapPiece;Base.FabricRoll_Cotton;Base.Sheet] flags[InheritColor] mappers[fabricType] ; tags-only: item 1 tags[base:thread] ; multi-type: item 1 mapper:fabricType,item 1 tags[base:scissors] mode:keep flags[SharpnessCheck;IsNotDull] | item 1 tags[base:sewingneedle] mode:keep | item 1 [Base.BurlapPiece;Base.FabricRoll_Cotton;Base.Sheet] flags[InheritColor] mappers[fabricType] | item 1 tags[base:thread],item 1 mapper:fabricType,recipes/recipes_tailoring.txt,182
SewHeadwrap,Base,Tailoring,200,SewingCloth,AnySurfaceCraft,,Tailoring:8,,,,false,,,,Base.BurlapPiece;Base.RippedSheets,base:awl;base:sewingneedle;base:thread;base:twine,,Base.Hat_ShemaghFull_Burlap;Base.Hat_ShemaghFull_Cotton,ragType,false,,,,,,,,multi-type: item 5 [Base.RippedSheets;2:Base.BurlapPiece] mode:destroy mappers[ragType] flags[IsExclusive] ; tags-only: item 2 tags[base:thread;base:twine] ; multi-type: item 1 mapper:ragType,item 1 tags[base:sewingneedle;base:awl] mode:keep flags[MayDegradeLight] | item 5 [Base.RippedSheets;2:Base.BurlapPiece] mode:destroy mappers[ragType] flags[IsExclusive] | item 2 tags[base:thread;base:twine],item 1 mapper:ragType,recipes/recipes_tailoring.txt,230
SewHideApron,Base,Tailoring,200,SewingCloth,AnySurfaceCraft,Tailoring:3,Tailoring:20,,,,false,,,,Base.LeatherStrips,base:awl;base:heavythread;base:leathercrudetannedlarge;base:leatherfurtannedlarge;base:scissors;base:sewingneedle;base:sharpknife,,Base.Apron_Hide,,false,,,,,,,,tags-only: item 1 tags[base:leathercrudetannedlarge;base:leatherfurtannedlarge] ; not-in-dataset: item 2 [Base.LeatherStrips] flags[DontReplace] ; tags-only: item 3 tags[base:heavythread] ; not-in-dataset: item 1 Base.Apron_Hide,item 1 tags[base:scissors;base:sharpknife] mode:keep flags[IsNotDull;MayDegradeLight] | item 1 tags[base:sewingneedle] mode:keep flags[MayDegradeLight] | item 1 tags[base:awl] mode:keep flags[MayDegradeLight] | item 1 tags[base:leathercrudetannedlarge;base:leatherfurtannedlarge] | item 2 [Base.LeatherStrips] flags[DontReplace] | item 3 tags[base:heavythread],item 1 Base.Apron_Hide,recipes/recipes_tailoring_leatherAndHide.txt,588
SewHideBandeau,Base,Tailoring,200,SewingCloth,AnySurfaceCraft,Tailoring:1,Tailoring:11,,,,false,,,,,base:awl;base:leathercrudetannedsmall;base:leatherfurtannedsmall;base:scissors;base:sewingneedle;base:sharpknife;base:thread;base:twine,,Base.Bandeau_FaunHide,HideType,false,,,,,,,,tags-only: item 1 tags[base:leathercrudetannedsmall;base:leatherfurtannedsmall] mappers[HideType] ; tags-only: item 1 tags[base:thread;base:twine] ; not-in-dataset: item 1 mapper:HideType,item 1 tags[base:scissors;base:sharpknife] mode:keep flags[IsNotDull;MayDegradeLight] | item 1 tags[base:sewingneedle;base:awl] mode:keep flags[MayDegradeLight] | item 1 tags[base:leathercrudetannedsmall;base:leatherfurtannedsmall] mappers[HideType] | item 1 tags[base:thread;base:twine],item 1 mapper:HideType,recipes/recipes_tailoring_leatherAndHide.txt,3
SewHideBoots,Base,Tailoring,200,SewingCloth,AnySurfaceCraft,Tailoring:4,Tailoring:30,true,,,false,,,,,base:awl;base:heavythread;base:leathercrudetannedmedium;base:leatherfurtannedmedium;base:scissors;base:sewingneedle;base:sharpknife,,Base.Shoes_HideBoots,,false,,,,,,,,tags-only: item 1 tags[base:leathercrudetannedmedium;base:leatherfurtannedmedium] ; tags-only: item 1 tags[base:heavythread] ; not-in-dataset: item 1 Base.Shoes_HideBoots,item 1 tags[base:scissors;base:sharpknife] mode:keep flags[IsNotDull;MayDegradeLight] | item 1 tags[base:sewingneedle] mode:keep flags[MayDegradeLight] | item 1 tags[base:awl] mode:keep flags[MayDegradeLight] | item 1 tags[base:leathercrudetannedmedium;base:leatherfurtannedmedium] | item 1 tags[base:heavythread],item 1 Base.Shoes_HideBoots,recipes/recipes_tailoring_leatherAndHide.txt,636
SewHideBra,Base,Tailoring,200,SewingCloth,AnySurfaceCraft,Tailoring:3,Tailoring:20,,,,false,,,,,base:awl;base:leathercrudetannedsmall;base:leatherfurtannedsmall;base:scissors;base:sewingneedle;base:sharpknife;base:thread;base:twine,,Base.Bra_Straps_Hide,,false,,,,,,,,tags-only: item 1 tags[base:leathercrudetannedsmall;base:leatherfurtannedsmall] ; tags-only: item 1 tags[base:thread;base:twine] ; not-in-dataset: item 1 Base.Bra_Straps_Hide,item 1 tags[base:scissors;base:sharpknife] mode:keep flags[IsNotDull;MayDegradeLight] | item 1 tags[base:sewingneedle;base:awl] mode:keep flags[MayDegradeLight] | item 1 tags[base:leathercrudetannedsmall;base:leatherfurtannedsmall] | item 1 tags[base:thread;base:twine],item 1 Base.Bra_Straps_Hide,recipes/recipes_tailoring_leatherAndHide.txt,238
SewHideBraStrapless,Base,Tailoring,200,SewingCloth,AnySurfaceCraft,Tailoring:3,Tailoring:20,,,,false,,,,,base:awl;base:leathercrudetannedsmall;base:leatherfurtannedsmall;base:scissors;base:sewingneedle;base:sharpknife;base:thread;base:twine,,Base.Bra_Strapless_Hide,,false,,,,,,,,tags-only: item 1 tags[base:leathercrudetannedsmall;base:leatherfurtannedsmall] ; tags-only: item 1 tags[base:thread;base:twine] ; not-in-dataset: item 1 Base.Bra_Strapless_Hide,item 1 tags[base:scissors;base:sharpknife] mode:keep flags[IsNotDull;MayDegradeLight] | item 1 tags[base:sewingneedle;base:awl] mode:keep flags[MayDegradeLight] | item 1 tags[base:leathercrudetannedsmall;base:leatherfurtannedsmall] | item 1 tags[base:thread;base:twine],item 1 Base.Bra_Strapless_Hide,recipes/recipes_tailoring_leatherAndHide.txt,260
SewHideBriefs,Base,Tailoring,200,SewingCloth,AnySurfaceCraft,Tailoring:3,Tailoring:20,,,,false,,,,,base:awl;base:leathercrudetannedsmall;base:leatherfurtannedsmall;base:scissors;base:sewingneedle;base:sharpknife;base:thread;base:twine,,Base.Briefs_Hide,,false,,,,,,,,tags-only: item 1 tags[base:leathercrudetannedsmall;base:leatherfurtannedsmall] ; tags-only: item 1 tags[base:thread;base:twine] ; not-in-dataset: item 1 Base.Briefs_Hide,item 1 tags[base:scissors;base:sharpknife] mode:keep flags[IsNotDull;MayDegradeLight] | item 1 tags[base:sewingneedle;base:awl] mode:keep flags[MayDegradeLight] | item 1 tags[base:leathercrudetannedsmall;base:leatherfurtannedsmall] | item 1 tags[base:thread;base:twine],item 1 Base.Briefs_Hide,recipes/recipes_tailoring_leatherAndHide.txt,282
SewHideCoat,Base,Tailoring,200,SewingCloth,AnySurfaceCraft,Tailoring:4,Tailoring:30,true,,,false,,,,,base:awl;base:button;base:heavythread;base:leathercrudetannedlarge;base:leatherfurtannedlarge;base:scissors;base:sewingneedle;base:sharpknife,,Base.JacketLong_Hide,,false,,,,,,,,tags-only: item 1 tags[base:leathercrudetannedlarge;base:leatherfurtannedlarge] ; tags-only: item 3 tags[base:button] ; tags-only: item 6 tags[base:heavythread] ; not-in-dataset: item 1 Base.JacketLong_Hide,item 1 tags[base:scissors;base:sharpknife] mode:keep flags[IsNotDull;MayDegradeLight] | item 1 tags[base:sewingneedle] mode:keep flags[MayDegradeLight] | item 1 tags[base:awl] mode:keep flags[MayDegradeLight] | item 1 tags[base:leathercrudetannedlarge;base:leatherfurtannedlarge] | item 3 tags[base:button] | item 6 tags[base:heavythread],item 1 Base.JacketLong_Hide,recipes/recipes_tailoring_leatherAndHide.txt,819
SewHideDress,Base,Tailoring,200,SewingCloth,AnySurfaceCraft,Tailoring:2,Tailoring:13,,,,false,,,,,base:awl;base:heavythread;base:leathercrudetannedmedium;base:leatherfurtannedmedium;base:scissors;base:sewingneedle;base:sharpknife,,Base.Dress_SmallDeerHideStrapless,HideType,false,,,,,,,,tags-only: item 1 tags[base:leathercrudetannedmedium;base:leatherfurtannedmedium] mappers[HideType] ; tags-only: item 4 tags[base:heavythread] ; not-in-dataset: item 1 mapper:HideType,item 1 tags[base:scissors;base:sharpknife] mode:keep flags[IsNotDull;MayDegradeLight] | item 1 tags[base:sewingneedle;base:awl] mode:keep flags[MayDegradeLight] | item 1 tags[base:leathercrudetannedmedium;base:leatherfurtannedmedium] mappers[HideType] | item 4 tags[base:heavythread],item 1 mapper:HideType,recipes/recipes_tailoring_leatherAndHide.txt,304
SewHideFannyBag,Base,Tailoring,200,SewingCloth,AnySurfaceCraft,Tailoring:4,Tailoring:30,true,,,false,,,,Base.LeatherStrips,base:awl;base:heavythread;base:leathercrudetannedsmall;base:leatherfurtannedsmall;base:scissors;base:sewingneedle;base:sharpknife,,Base.Bag_FannyPackFront_Hide,,false,,,,,,,,tags-only: item 1 tags[base:leathercrudetannedsmall;base:leatherfurtannedsmall] ; tags-only: item 1 tags[base:heavythread] ; not-in-dataset: item 1 [Base.LeatherStrips] mode:destroy ; not-in-dataset: item 1 Base.Bag_FannyPackFront_Hide,item 1 tags[base:scissors;base:sharpknife] mode:keep flags[IsNotDull;MayDegradeLight] | item 1 tags[base:sewingneedle] mode:keep flags[MayDegradeLight] | item 1 tags[base:awl] mode:keep flags[MayDegradeLight] | item 1 tags[base:leathercrudetannedsmall;base:leatherfurtannedsmall] | item 1 tags[base:heavythread] | item 1 [Base.LeatherStrips] mode:destroy,item 1 Base.Bag_FannyPackFront_Hide,recipes/recipes_tailoring_leatherAndHide.txt,331
SewHideHat,Base,Tailoring,200,SewingCloth,AnySurfaceCraft,Tailoring:2,Tailoring:13,true,,,false,,,,,base:awl;base:leathercrudetannedsmall;base:leatherfurtannedsmall;base:scissors;base:sewingneedle;base:sharpknife;base:thread;base:twine,,Base.Hat_HideHat,,false,,,,,,,,tags-only: item 1 tags[base:leathercrudetannedsmall;base:leatherfurtannedsmall] ; tags-only: item 1 tags[base:thread;base:twine] ; not-in-dataset: item 1 Base.Hat_HideHat,item 1 tags[base:scissors;base:sharpknife] mode:keep flags[IsNotDull;MayDegradeLight] | item 1 tags[base:sewingneedle] mode:keep flags[MayDegradeLight] | item 1 tags[base:awl] mode:keep flags[MayDegradeLight] | item 1 tags[base:leathercrudetannedsmall;base:leatherfurtannedsmall] | item 1 tags[base:thread;base:twine],item 1 Base.Hat_HideHat,recipes/recipes_tailoring_leatherAndHide.txt,660
SewHideHeadSack,Base,Tailoring,200,SewingCloth,AnySurfaceCraft,Tailoring:2,Tailoring:13,,,,false,,,,,base:awl;base:leathercrudetannedsmall;base:leatherfurtannedsmall;base:scissors;base:sewingneedle;base:sharpknife;base:thread;base:twine,,Base.Hat_HeadSack_Hide,,false,,,,,,,,tags-only: item 1 tags[base:leathercrudetannedsmall;base:leatherfurtannedsmall] ; tags-only: item 1 tags[base:thread;base:twine] ; not-in-dataset: item 1 Base.Hat_HeadSack_Hide,item 1 tags[base:scissors;base:sharpknife] mode:keep flags[IsNotDull;MayDegradeLight] | item 1 tags[base:sewingneedle;base:awl] mode:keep flags[MayDegradeLight] | item 1 tags[base:leathercrudetannedsmall;base:leatherfurtannedsmall] | item 1 tags[base:thread;base:twine],item 1 Base.Hat_HeadSack_Hide,recipes/recipes_tailoring_leatherAndHide.txt,51
SewHideHoodie,Base,Tailoring,200,SewingCloth,AnySurfaceCraft,Tailoring:5,Tailoring:45,true,,,false,,,,,base:awl;base:button;base:heavythread;base:leathercrudetannedlarge;base:leatherfurtannedlarge;base:scissors;base:sewingneedle;base:sharpknife,,Base.Hoodie_Hide_UP,,false,,,,,,,,tags-only: item 1 tags[base:leathercrudetannedlarge;base:leatherfurtannedlarge] ; tags-only: item 3 tags[base:button] ; tags-only: item 4 tags[base:heavythread] ; not-in-dataset: item 1 Base.Hoodie_Hide_UP,item 1 tags[base:scissors;base:sharpknife] mode:keep flags[IsNotDull;MayDegradeLight] | item 1 tags[base:sewingneedle] mode:keep flags[MayDegradeLight] | item 1 tags[base:awl] mode:keep flags[MayDegradeLight] | item 1 tags[base:leathercrudetannedlarge;base:leatherfurtannedlarge] | item 3 tags[base:button] | item 4 tags[base:heavythread],item 1 Base.Hoodie_Hide_UP,recipes/recipes_tailoring_leatherAndHide.txt,870
SewHideJacket,Base,Tailoring,200,SewingCloth,AnySurfaceCraft,Tailoring:4,Tailoring:30,true,,,false,,RecipeCodeOnCreate.sewHideJacket,,,base:awl;base:button;base:heavythread;base:leathercrudetannedmedium;base:leatherfurtannedmedium;base:scissors;base:sewingneedle;base:sharpknife,,Base.Jacket_Hide,,false,,,,,,,,tags-only: item 1 tags[base:leathercrudetannedmedium;base:leatherfurtannedmedium] ; tags-only: item 3 tags[base:button] ; tags-only: item 4 tags[base:heavythread] ; not-in-dataset: item 1 Base.Jacket_Hide,item 1 tags[base:scissors;base:sharpknife] mode:keep flags[IsNotDull;MayDegradeLight] | item 1 tags[base:sewingneedle] mode:keep flags[MayDegradeLight] | item 1 tags[base:awl] mode:keep flags[MayDegradeLight] | item 1 tags[base:leathercrudetannedmedium;base:leatherfurtannedmedium] | item 3 tags[base:button] | item 4 tags[base:heavythread],item 1 Base.Jacket_Hide,recipes/recipes_tailoring_leatherAndHide.txt,844
SewHideMask,Base,Tailoring,200,SewingCloth,AnySurfaceCraft,Tailoring:3,Tailoring:20,,,,false,,,,Base.LeatherStrips,base:awl;base:heavythread;base:leathercrudetannedsmall;base:leatherfurtannedsmall;base:scissors;base:sewingneedle;base:sharpknife,,Base.Hat_HockeyMask_Hide,,false,,,,,,,,tags-only: item 1 tags[base:leathercrudetannedsmall;base:leatherfurtannedsmall] ; tags-only: item 1 tags[base:heavythread] ; not-in-dataset: item 1 [Base.LeatherStrips] flags[DontReplace] ; not-in-dataset: item 1 Base.Hat_HockeyMask_Hide,item 1 tags[base:scissors;base:sharpknife] mode:keep flags[IsNotDull;MayDegradeLight] | item 1 tags[base:sewingneedle] mode:keep flags[MayDegradeLight] | item 1 tags[base:awl] mode:keep flags[MayDegradeLight] | item 1 tags[base:leathercrudetannedsmall;base:leatherfurtannedsmall] | item 1 tags[base:heavythread] | item 1 [Base.LeatherStrips] flags[DontReplace],item 1 Base.Hat_HockeyMask_Hide,recipes/recipes_tailoring_leatherAndHide.txt,612
SewHidePants,Base,Tailoring,200,SewingCloth,AnySurfaceCraft,Tailoring:3,Tailoring:20,true,,,false,,,,,base:awl;base:heavythread;base:leathercrudetannedmedium;base:leatherfurtannedmedium;base:scissors;base:sewingneedle;base:sharpknife,,Base.Trousers_DeerHide,HideType,false,,,,,,,,tags-only: item 1 tags[base:leathercrudetannedmedium;base:leatherfurtannedmedium] mappers[HideType] ; tags-only: item 3 tags[base:heavythread] ; not-in-dataset: item 1 mapper:HideType,item 1 tags[base:scissors;base:sharpknife] mode:keep flags[IsNotDull;MayDegradeLight] | item 1 tags[base:sewingneedle] mode:keep flags[MayDegradeLight] | item 1 tags[base:awl] mode:keep flags[MayDegradeLight] | item 1 tags[base:leathercrudetannedmedium;base:leatherfurtannedmedium] mappers[HideType] | item 3 tags[base:heavythread],item 1 mapper:HideType,recipes/recipes_tailoring_leatherAndHide.txt,710
SewHidePants2,Base,Tailoring,200,SewingCloth,AnySurfaceCraft,Tailoring:3,Tailoring:25,true,,,false,base:sewhidepants,,,,base:awl;base:heavythread;base:leathercrudetannedsmall;base:leatherfurtannedsmall;base:scissors;base:sewingneedle;base:sharpknife,,Base.Trousers_FaunHide,HideType,false,,,,,,,,tags-only: item 2 tags[base:leathercrudetannedsmall;base:leatherfurtannedsmall] mappers[HideType] flags[IsExclusive] ; tags-only: item 3 tags[base:heavythread] ; not-in-dataset: item 1 mapper:HideType,item 1 tags[base:scissors;base:sharpknife] mode:keep flags[IsNotDull;MayDegradeLight] | item 1 tags[base:sewingneedle] mode:keep flags[MayDegradeLight] | item 1 tags[base:awl] mode:keep flags[MayDegradeLight] | item 2 tags[base:leathercrudetannedsmall;base:leatherfurtannedsmall] mappers[HideType] flags[IsExclusive] | item 3 tags[base:heavythread],item 1 mapper:HideType,recipes/recipes_tailoring_leatherAndHide.txt,739
SewHideRobe,Base,Tailoring,200,SewingCloth,AnySurfaceCraft,Tailoring:3,Tailoring:20,true,,,false,,,,,base:awl;base:heavythread;base:leathercrudetannedlarge;base:leatherfurtannedlarge;base:scissors;base:sewingneedle;base:sharpknife,,Base.LongCoat_Hide,,false,,,,,,,,tags-only: item 1 tags[base:leathercrudetannedlarge;base:leatherfurtannedlarge] ; tags-only: item 3 tags[base:heavythread] ; not-in-dataset: item 1 Base.LongCoat_Hide,item 1 tags[base:scissors;base:sharpknife] mode:keep flags[IsNotDull;MayDegradeLight] | item 1 tags[base:sewingneedle] mode:keep flags[MayDegradeLight] | item 1 tags[base:awl] mode:keep flags[MayDegradeLight] | item 1 tags[base:leathercrudetannedlarge;base:leatherfurtannedlarge] | item 3 tags[base:heavythread],item 1 Base.LongCoat_Hide,recipes/recipes_tailoring_leatherAndHide.txt,769
SewHideSack,Base,Tailoring,200,SewingCloth,AnySurfaceCraft,Tailoring:1,Tailoring:11,,,,false,,,,,base:awl;base:leathercrudetannedmedium;base:leatherfurtannedmedium;base:sewingneedle;base:thread;base:twine,,Base.Bag_HideSack,,false,,,,,,,,tags-only: item 1 tags[base:leathercrudetannedmedium;base:leatherfurtannedmedium] ; tags-only: item 1 tags[base:thread;base:twine] ; not-in-dataset: item 1 Base.Bag_HideSack,item 1 tags[base:sewingneedle;base:awl] mode:keep flags[MayDegradeLight] | item 1 tags[base:leathercrudetannedmedium;base:leatherfurtannedmedium] | item 1 tags[base:thread;base:twine],item 1 Base.Bag_HideSack,recipes/recipes_tailoring_leatherAndHide.txt,30
SewHideSatchel,Base,Tailoring,200,SewingCloth,AnySurfaceCraft,Tailoring:3,Tailoring:20,,,,false,,,,Base.LeatherStrips,base:awl;base:heavythread;base:leathercrudetannedmedium;base:leatherfurtannedmedium;base:scissors;base:sewingneedle;base:sharpknife,,Base.Bag_HideSatchel,,false,,,,,,,,tags-only: item 1 tags[base:leathercrudetannedmedium;base:leatherfurtannedmedium] ; tags-only: item 2 tags[base:heavythread] ; not-in-dataset: item 1 [Base.LeatherStrips] mode:destroy ; not-in-dataset: item 1 Base.Bag_HideSatchel,item 1 tags[base:scissors;base:sharpknife] mode:keep flags[IsNotDull;MayDegradeLight] | item 1 tags[base:sewingneedle] mode:keep flags[MayDegradeLight] | item 1 tags[base:awl] mode:keep flags[MayDegradeLight] | item 1 tags[base:leathercrudetannedmedium;base:leatherfurtannedmedium] | item 2 tags[base:heavythread] | item 1 [Base.LeatherStrips] mode:destroy,item 1 Base.Bag_HideSatchel,recipes/recipes_tailoring_leatherAndHide.txt,356
SewHideSkirt,Base,Tailoring,200,SewingCloth,AnySurfaceCraft,Tailoring:2,Tailoring:13,,,,false,,,,,base:awl;base:leathercrudetannedlarge;base:leatherfurtannedlarge;base:scissors;base:sewingneedle;base:sharpknife;base:thread;base:twine,,Base.Skirt_Normal_Hide,,false,,,,,,,,tags-only: item 1 tags[base:leathercrudetannedlarge;base:leatherfurtannedlarge] ; tags-only: item 1 tags[base:thread;base:twine] ; not-in-dataset: item 1 Base.Skirt_Normal_Hide,item 1 tags[base:scissors;base:sharpknife] mode:keep flags[IsNotDull;MayDegradeLight] | item 1 tags[base:sewingneedle;base:awl] mode:keep flags[MayDegradeLight] | item 1 tags[base:leathercrudetannedlarge;base:leatherfurtannedlarge] | item 1 tags[base:thread;base:twine],item 1 Base.Skirt_Normal_Hide,recipes/recipes_tailoring_leatherAndHide.txt,100
SewHideSkirtKnees,Base,Tailoring,200,SewingCloth,AnySurfaceCraft,Tailoring:2,Tailoring:13,,,,false,,,,,base:awl;base:leathercrudetannedmedium;base:leatherfurtannedmedium;base:scissors;base:sewingneedle;base:sharpknife;base:thread;base:twine,,Base.Skirt_Knees_DeerHide,HideType,false,,,,,,,,tags-only: item 1 tags[base:leathercrudetannedmedium;base:leatherfurtannedmedium] mappers[HideType] ; tags-only: item 1 tags[base:thread;base:twine] ; not-in-dataset: item 1 mapper:HideType,item 1 tags[base:scissors;base:sharpknife] mode:keep flags[IsNotDull;MayDegradeLight] | item 1 tags[base:sewingneedle;base:awl] mode:keep flags[MayDegradeLight] | item 1 tags[base:leathercrudetannedmedium;base:leatherfurtannedmedium] mappers[HideType] | item 1 tags[base:thread;base:twine],item 1 mapper:HideType,recipes/recipes_tailoring_leatherAndHide.txt,73
SewHideSkirtLong,Base,Tailoring,200,SewingCloth,AnySurfaceCraft,Tailoring:2,Tailoring:13,,,,false,,,,,base:awl;base:leathercrudetannedlarge;base:leatherfurtannedlarge;base:scissors;base:sewingneedle;base:sharpknife;base:thread;base:twine,,Base.Skirt_Long_Hide,,false,,,,,,,,tags-only: item 1 tags[base:leathercrudetannedlarge;base:leatherfurtannedlarge] ; tags-only: item 1 tags[base:thread;base:twine] ; not-in-dataset: item 1 Base.Skirt_Long_Hide,item 1 tags[base:scissors;base:sharpknife] mode:keep flags[IsNotDull;MayDegradeLight] | item 1 tags[base:sewingneedle;base:awl] mode:keep flags[MayDegradeLight] | item 1 tags[base:leathercrudetannedlarge;base:leatherfurtannedlarge] | item 1 tags[base:thread;base:twine],item 1 Base.Skirt_Long_Hide,recipes/recipes_tailoring_leatherAndHide.txt,122
SewHideSkirtShort,Base,Tailoring,200,SewingCloth,AnySurfaceCraft,Tailoring:2,Tailoring:13,,,,false,,,,,base:awl;base:leathercrudetannedsmall;base:leatherfurtannedsmall;base:scissors;base:sewingneedle;base:sharpknife;base:thread;base:twine,,Base.Skirt_Short_FaunHide,HideType,false,,,,,,,,tags-only: item 1 tags[base:leathercrudetannedsmall;base:leatherfurtannedsmall] mappers[HideType] ; tags-only: item 1 tags[base:thread;base:twine] ; not-in-dataset: item 1 mapper:HideType,item 1 tags[base:scissors;base:sharpknife] mode:keep flags[IsNotDull;MayDegradeLight] | item 1 tags[base:sewingneedle;base:awl] mode:keep flags[MayDegradeLight] | item 1 tags[base:leathercrudetannedsmall;base:leatherfurtannedsmall] mappers[HideType] | item 1 tags[base:thread;base:twine],item 1 mapper:HideType,recipes/recipes_tailoring_leatherAndHide.txt,144
SewHideSleepingBag,Base,Tailoring,200,SewingCloth,AnySurfaceCraft,Tailoring:3,Tailoring:20,true,,,false,,,,Base.SheepLeather_Fur;Base.WoolRaw,base:awl;base:heavythread;base:leathercrudetannedlarge;base:leatherfurtannedlarge;base:scissors;base:sewingneedle;base:sharpknife,,Base.SleepingBag_Hide_Packed,,false,,,,,,,,tags-only: item 2 tags[base:leathercrudetannedlarge;base:leatherfurtannedlarge] ; not-in-dataset: item 10 [Base.WoolRaw] ; not-in-dataset: item 2 [Base.SheepLeather_Fur] ; tags-only: item 8 tags[base:heavythread] ; not-in-dataset: item 1 Base.SleepingBag_Hide_Packed,item 1 tags[base:scissors;base:sharpknife] mode:keep flags[IsNotDull;MayDegradeLight] | item 1 tags[base:sewingneedle] mode:keep flags[MayDegradeLight] | item 1 tags[base:awl] mode:keep flags[MayDegradeLight] | item 2 tags[base:leathercrudetannedlarge;base:leatherfurtannedlarge] | item 10 [Base.WoolRaw] | item 2 [Base.SheepLeather_Fur] | item 8 tags[base:heavythread],item 1 Base.SleepingBag_Hide_Packed,recipes/recipes_tailoring_leatherAndHide.txt,793
SewHideSlingBag,Base,Tailoring,200,SewingCloth,AnySurfaceCraft,Tailoring:1,Tailoring:11,,,,false,,,,Base.LeatherStrips,base:awl;base:heavythread;base:leathercrudetannedmedium;base:leatherfurtannedmedium;base:scissors;base:sewingneedle;base:sharpknife,,Base.Bag_HideSlingBag,,false,,,,,,,,tags-only: item 1 tags[base:leathercrudetannedmedium;base:leatherfurtannedmedium] ; tags-only: item 1 tags[base:heavythread] ; not-in-dataset: item 1 [Base.LeatherStrips] mode:destroy ; not-in-dataset: item 1 Base.Bag_HideSlingBag,item 1 tags[base:scissors;base:sharpknife] mode:keep flags[IsNotDull;MayDegradeLight] | item 1 tags[base:sewingneedle;base:awl] mode:keep flags[MayDegradeLight] | item 1 tags[base:leathercrudetannedmedium;base:leatherfurtannedmedium] | item 1 tags[base:heavythread] | item 1 [Base.LeatherStrips] mode:destroy,item 1 Base.Bag_HideSlingBag,recipes/recipes_tailoring_leatherAndHide.txt,380
SewHideTankTop,Base,Tailoring,200,SewingCloth,AnySurfaceCraft,Tailoring:3,Tailoring:20,,,,false,,,,,base:awl;base:leatherfurtannedsmall;base:scissors;base:sewingneedle;base:sharpknife;base:thread;base:twine,,Base.Vest_AngusHide;Base.Vest_DeerHide;Base.Vest_FawnHide;Base.Vest_HolsteinHide;Base.Vest_SimmentalHide,HideType,false,,,,,,,,tags-only: item 1 tags[base:leatherfurtannedsmall] mappers[HideType] ; tags-only: item 2 tags[base:thread;base:twine] ; multi-type: item 1 mapper:HideType,item 1 tags[base:scissors;base:sharpknife] mode:keep flags[IsNotDull;MayDegradeLight] | item 1 tags[base:sewingneedle;base:awl] mode:keep flags[MayDegradeLight] | item 1 tags[base:leatherfurtannedsmall] mappers[HideType] | item 2 tags[base:thread;base:twine],item 1 mapper:HideType,recipes/recipes_tailoring_leatherAndHide.txt,403
SewHideUnderpants,Base,Tailoring,200,SewingCloth,AnySurfaceCraft,Tailoring:3,Tailoring:20,,,,false,,,,,base:awl;base:leathercrudetannedsmall;base:leatherfurtannedsmall;base:scissors;base:sewingneedle;base:sharpknife;base:thread;base:twine,,Base.Underpants_Hide,,false,,,,,,,,tags-only: item 1 tags[base:leathercrudetannedsmall;base:leatherfurtannedsmall] ; tags-only: item 1 tags[base:thread;base:twine] ; not-in-dataset: item 1 Base.Underpants_Hide,item 1 tags[base:scissors;base:sharpknife] mode:keep flags[IsNotDull;MayDegradeLight] | item 1 tags[base:sewingneedle;base:awl] mode:keep flags[MayDegradeLight] | item 1 tags[base:leathercrudetannedsmall;base:leatherfurtannedsmall] | item 1 tags[base:thread;base:twine],item 1 Base.Underpants_Hide,recipes/recipes_tailoring_leatherAndHide.txt,434
SewHideWallet,Base,Tailoring,200,SewingCloth,AnySurfaceCraft,Tailoring:3,Tailoring:20,true,,,false,,,,,base:awl;base:heavythread;base:leathercrudetannedsmall;base:leatherfurtannedsmall;base:scissors;base:sewingneedle,,Base.Wallet_Hide,,false,,,,,,,,tags-only: item 1 tags[base:leathercrudetannedsmall;base:leatherfurtannedsmall] ; tags-only: item 1 tags[base:heavythread] ; not-in-dataset: item 1 Base.Wallet_Hide,item 1 tags[base:scissors] mode:keep flags[IsNotDull;MayDegradeLight] | item 1 tags[base:sewingneedle] mode:keep flags[MayDegradeLight] | item 1 tags[base:awl] mode:keep flags[MayDegradeLight] | item 1 tags[base:leathercrudetannedsmall;base:leatherfurtannedsmall] | item 1 tags[base:heavythread],item 1 Base.Wallet_Hide,recipes/recipes_tailoring_leatherAndHide.txt,171
SewHolster,Base,Tailoring,200,SewingCloth,AnySurfaceCraft,Tailoring:4,Tailoring:38,true,,,false,,,,Base.Buckle;Base.LeatherStrips,base:awl;base:heavythread;base:leathercrudetannedsmall;base:leatherfurtannedsmall;base:scissors;base:sewingneedle,,Base.Holster_Hide,,false,,,,,,,,tags-only: item 1 tags[base:leathercrudetannedsmall;base:leatherfurtannedsmall] ; tags-only: item 1 tags[base:heavythread] ; not-in-dataset: item 1 [Base.Buckle] ; not-in-dataset: item 1 [Base.LeatherStrips] ; not-in-dataset: item 1 Base.Holster_Hide,item 1 tags[base:scissors] mode:keep flags[IsNotDull;MayDegradeLight] | item 1 tags[base:sewingneedle] mode:keep flags[MayDegradeLight] | item 1 tags[base:awl] mode:keep flags[MayDegradeLight] | item 1 tags[base:leathercrudetannedsmall;base:leatherfurtannedsmall] | item 1 tags[base:heavythread] | item 1 [Base.Buckle] | item 1 [Base.LeatherStrips],item 1 Base.Holster_Hide,recipes/recipes_tailoring_leatherAndHide.txt,684
SewHolsterDouble,Base,Tailoring,200,SewingCloth,AnySurfaceCraft,Tailoring:5,Tailoring:55,true,,,false,,,,Base.Buckle;Base.LeatherStrips;Base.Leather_Crude_Medium_Tan;Base.Leather_Crude_Small_Tan,base:awl;base:heavythread;base:scissors;base:sewingneedle,,Base.HolsterDouble,,false,,,,,,,,multi-type: item 1 [Base.Leather_Crude_Medium_Tan;2:Base.Leather_Crude_Small_Tan] ; tags-only: item 2 tags[base:heavythread] ; not-in-dataset: item 1 [Base.Buckle] ; not-in-dataset: item 1 [Base.LeatherStrips] mode:destroy ; not-in-dataset: item 1 Base.HolsterDouble,item 1 tags[base:scissors] mode:keep flags[IsNotDull;MayDegradeLight] | item 1 tags[base:sewingneedle] mode:keep flags[MayDegradeLight] | item 1 tags[base:awl] mode:keep flags[MayDegradeLight] | item 1 [Base.Leather_Crude_Medium_Tan;2:Base.Leather_Crude_Small_Tan] | item 2 tags[base:heavythread] | item 1 [Base.Buckle] | item 1 [Base.LeatherStrips] mode:destroy,item 1 Base.HolsterDouble,recipes/recipes_tailoring_leatherAndHide.txt,1306
SewImprovisedBandeau,Base,Tailoring,200,SewingCloth,AnySurfaceCraft,,Tailoring:8,,,,false,,,,Base.BurlapPiece;Base.DenimStrips;Base.LeatherStrips;Base.RippedSheets,base:awl;base:sewingneedle;base:thread;base:twine,,Base.Bandeau_Burlap;Base.Bandeau_Denim;Base.Bandeau_Hide;Base.Bandeau_Rag,ragType,false,,,,,,,,multi-type: item 4 [Base.DenimStrips;Base.LeatherStrips;Base.RippedSheets;1:Base.BurlapPiece] mode:destroy mappers[ragType] flags[IsExclusive] ; tags-only: item 2 tags[base:thread;base:twine] ; multi-type: item 1 mapper:ragType,item 1 tags[base:sewingneedle;base:awl] mode:keep | item 4 [Base.DenimStrips;Base.LeatherStrips;Base.RippedSheets;1:Base.BurlapPiece] mode:destroy mappers[ragType] flags[IsExclusive] | item 2 tags[base:thread;base:twine],item 1 mapper:ragType,recipes/recipes_tailoring.txt,284
SewImprovisedBriefs,Base,Tailoring,200,SewingCloth,AnySurfaceCraft,Tailoring:1,Tailoring:9,,,,false,,,,Base.BurlapPiece;Base.DenimStrips;Base.RippedSheets,base:awl;base:sewingneedle;base:thread;base:twine,,Base.Briefs_Burlap;Base.Briefs_Denim;Base.Briefs_Rag,ragType,false,,,,,,,,multi-type: item 4 [Base.DenimStrips;Base.RippedSheets;1:Base.BurlapPiece] mode:destroy mappers[ragType] flags[IsExclusive] ; tags-only: item 1 tags[base:thread;base:twine] ; multi-type: item 1 mapper:ragType,item 1 tags[base:sewingneedle;base:awl] mode:keep | item 4 [Base.DenimStrips;Base.RippedSheets;1:Base.BurlapPiece] mode:destroy mappers[ragType] flags[IsExclusive] | item 1 tags[base:thread;base:twine],item 1 mapper:ragType,recipes/recipes_tailoring.txt,312
SewKneePads,Base,Tailoring,200,SewingCloth,AnySurfaceCraft,Tailoring:4,Tailoring:38,true,,,false,,,,Base.Buckle;Base.LeatherStrips,base:awl;base:heavythread;base:leathercrudetannedmedium;base:scissors;base:sewingneedle,,Base.Kneepad_Left_Leather;Base.Kneepad_Right_Leather,,false,,,,,,,,tags-only: item 1 tags[base:leathercrudetannedmedium] ; tags-only: item 2 tags[base:heavythread] ; not-in-dataset: item 2 [Base.LeatherStrips] mode:destroy ; not-in-dataset: item 2 [Base.Buckle] ; not-in-dataset: item 1 Base.Kneepad_Left_Leather ; not-in-dataset: item 1 Base.Kneepad_Right_Leather,item 1 tags[base:scissors] mode:keep flags[IsNotDull;MayDegradeLight] | item 1 tags[base:sewingneedle] mode:keep flags[MayDegradeLight] | item 1 tags[base:awl] mode:keep flags[MayDegradeLight] | item 1 tags[base:leathercrudetannedmedium] | item 2 tags[base:heavythread] | item 2 [Base.LeatherStrips] mode:destroy | item 2 [Base.Buckle],item 1 Base.Kneepad_Left_Leather | item 1 Base.Kneepad_Right_Leather,recipes/recipes_tailoring_leatherAndHide.txt,1411
SewLeatherApron,Base,Tailoring,200,SewingCloth,AnySurfaceCraft,Tailoring:3,Tailoring:20,,,,false,,,,Base.LeatherStrips;Base.Leather_Crude_Large_Tan;Base.Leather_Crude_Medium_Tan,base:awl;base:heavythread;base:scissors;base:sewingneedle,,Base.Apron_Leather,,false,,,,,,,,multi-type: item 1 [Base.Leather_Crude_Large_Tan;2:Base.Leather_Crude_Medium_Tan] ; not-in-dataset: item 2 [Base.LeatherStrips] flags[DontReplace] ; tags-only: item 3 tags[base:heavythread] ; not-in-dataset: item 1 Base.Apron_Leather,item 1 tags[base:scissors] mode:keep flags[IsNotDull;MayDegradeLight] | item 1 tags[base:sewingneedle] mode:keep flags[MayDegradeLight] | item 1 tags[base:awl] mode:keep flags[MayDegradeLight] | item 1 [Base.Leather_Crude_Large_Tan;2:Base.Leather_Crude_Medium_Tan] | item 2 [Base.LeatherStrips] flags[DontReplace] | item 3 tags[base:heavythread],item 1 Base.Apron_Leather,recipes/recipes_tailoring_leatherAndHide.txt,1257
SewLeatherCodpiece,Base,Tailoring,200,SewingCloth,AnySurfaceCraft,Tailoring:3,Tailoring:25,true,,,false,,,,Base.LeatherStrips,base:awl;base:heavythread;base:leathercrudetannedsmall;base:scissors;base:sewingneedle,,Base.Codpiece_Leather,,false,,,,,,,,tags-only: item 1 tags[base:leathercrudetannedsmall] ; tags-only: item 1 tags[base:heavythread] ; not-in-dataset: item 1 [Base.LeatherStrips] mode:destroy ; not-in-dataset: item 1 Base.Codpiece_Leather,item 1 tags[base:scissors] mode:keep flags[IsNotDull;MayDegradeLight] | item 1 tags[base:sewingneedle] mode:keep flags[MayDegradeLight] | item 1 tags[base:awl] mode:keep flags[MayDegradeLight] | item 1 tags[base:leathercrudetannedsmall] | item 1 tags[base:heavythread] | item 1 [Base.LeatherStrips] mode:destroy,item 1 Base.Codpiece_Leather,recipes/recipes_tailoring_leatherAndHide.txt,1155
SewLeatherGaiter,Base,Tailoring,200,SewingCloth,AnySurfaceCraft,Tailoring:2,Tailoring:16,true,Tailoring:5,,true,,,,Base.Buckle;Base.LeatherStrips,base:awl;base:heavythread;base:leathercrudetannedsmall;base:scissors;base:sewingneedle;base:sharpknife,,Base.Gaiter_Left,,false,,,,,,,,tags-only: item 1 tags[base:leathercrudetannedsmall] ; tags-only: item 1 tags[base:heavythread] ; not-in-dataset: item 1 [Base.LeatherStrips] mode:destroy ; not-in-dataset: item 2 [Base.Buckle] ; not-in-dataset: item 1 Base.Gaiter_Left,item 1 tags[base:scissors;base:sharpknife] mode:keep flags[IsNotDull;MayDegradeLight] | item 1 tags[base:sewingneedle] mode:keep flags[MayDegradeLight] | item 1 tags[base:awl] mode:keep flags[MayDegradeLight] | item 1 tags[base:leathercrudetannedsmall] | item 1 tags[base:heavythread] | item 1 [Base.LeatherStrips] mode:destroy | item 2 [Base.Buckle],item 1 Base.Gaiter_Left,recipes/recipes_tailoring_leatherAndHide.txt,1180
SewLeatherGloves,Base,Tailoring,200,SewingCloth,AnySurfaceCraft,Tailoring:6,Tailoring:68,true,,,false,,,,,base:awl;base:heavythread;base:leathercrudetannedsmall;base:scissors;base:sewingneedle,,Base.Gloves_LeatherGlovesBrown,,false,,,,,,,,tags-only: item 1 tags[base:leathercrudetannedsmall] ; tags-only: item 2 tags[base:heavythread] ; not-in-dataset: item 1 Base.Gloves_LeatherGlovesBrown,item 1 tags[base:scissors] mode:keep flags[IsNotDull;MayDegradeLight] | item 1 tags[base:sewingneedle] mode:keep flags[MayDegradeLight] | item 1 tags[base:awl] mode:keep flags[MayDegradeLight] | item 1 tags[base:leathercrudetannedsmall] | item 2 tags[base:heavythread],item 1 Base.Gloves_LeatherGlovesBrown,recipes/recipes_tailoring_leatherAndHide.txt,1207
SewLeatherGorget,Base,Tailoring,200,SewingCloth,AnySurfaceCraft,Tailoring:3,Tailoring:25,true,,,false,,,,Base.Buckle,base:awl;base:heavythread;base:leathercrudetannedsmall;base:scissors;base:sewingneedle,,Base.Gorget_Leather,,false,,,,,,,,tags-only: item 1 tags[base:leathercrudetannedsmall] ; tags-only: item 1 tags[base:heavythread] ; not-in-dataset: item 1 [Base.Buckle] ; not-in-dataset: item 1 Base.Gorget_Leather,item 1 tags[base:scissors] mode:keep flags[IsNotDull;MayDegradeLight] | item 1 tags[base:sewingneedle] mode:keep flags[MayDegradeLight] | item 1 tags[base:awl] mode:keep flags[MayDegradeLight] | item 1 tags[base:leathercrudetannedsmall] | item 1 tags[base:heavythread] | item 1 [Base.Buckle],item 1 Base.Gorget_Leather,recipes/recipes_tailoring_leatherAndHide.txt,1281
SewLeatherPants,Base,Tailoring,200,SewingCloth,AnySurfaceCraft,Tailoring:6,Tailoring:68,true,,,false,,,,,base:awl;base:heavythread;base:leathercrudetannedmedium;base:scissors;base:sewingneedle,,Base.Trousers_LeatherCrafted,,false,,,,,,,,tags-only: item 1 tags[base:leathercrudetannedmedium] ; tags-only: item 3 tags[base:heavythread] ; not-in-dataset: item 1 Base.Trousers_LeatherCrafted,item 1 tags[base:scissors] mode:keep flags[IsNotDull;MayDegradeLight] | item 1 tags[base:sewingneedle] mode:keep flags[MayDegradeLight] | item 1 tags[base:awl] mode:keep flags[MayDegradeLight] | item 1 tags[base:leathercrudetannedmedium] | item 3 tags[base:heavythread],item 1 Base.Trousers_LeatherCrafted,recipes/recipes_tailoring_leatherAndHide.txt,1438
SewLeatherToolRoll,Base,Tailoring,200,SewingCloth,AnySurfaceCraft,Tailoring:2,Tailoring:16,true,,,false,,,,Base.Buckle;Base.LeatherStrips;Base.Leather_Crude_Medium_Tan;Base.Leather_Crude_Small_Tan,base:awl;base:heavythread;base:scissors;base:sewingneedle;base:sharpknife,,Base.ToolRoll_Leather,,false,,,,,,,,multi-type: item 1 [Base.Leather_Crude_Medium_Tan;2:Base.Leather_Crude_Small_Tan] ; not-in-dataset: item 1 [Base.LeatherStrips] mode:destroy flags[DontReplace] ; tags-only: item 1 tags[base:heavythread] ; not-in-dataset: item 1 [Base.Buckle] ; not-in-dataset: item 1 Base.ToolRoll_Leather,item 1 tags[base:scissors;base:sharpknife] mode:keep flags[IsNotDull;MayDegradeLight] | item 1 tags[base:sewingneedle] mode:keep flags[MayDegradeLight] | item 1 tags[base:awl] mode:keep flags[MayDegradeLight] | item 1 [Base.Leather_Crude_Medium_Tan;2:Base.Leather_Crude_Small_Tan] | item 1 [Base.LeatherStrips] mode:destroy flags[DontReplace] | item 1 tags[base:heavythread] | item 1 [Base.Buckle],item 1 Base.ToolRoll_Leather,recipes/recipes_tailoring_leatherAndHide.txt,1077
SewLeatherVambrace,Base,Tailoring,200,SewingCloth,AnySurfaceCraft,Tailoring:2,Tailoring:13,true,,,false,,,,Base.LeatherStrips,base:awl;base:heavythread;base:leathercrudetannedsmall;base:scissors;base:sewingneedle;base:sharpknife,,Base.Vambrace_Leather_Left,,false,,,,,,,,tags-only: item 1 tags[base:leathercrudetannedsmall] ; tags-only: item 1 tags[base:heavythread] ; not-in-dataset: item 1 [Base.LeatherStrips] mode:destroy ; not-in-dataset: item 1 Base.Vambrace_Leather_Left,item 1 tags[base:scissors;base:sharpknife] mode:keep flags[IsNotDull;MayDegradeLight] | item 1 tags[base:sewingneedle] mode:keep flags[MayDegradeLight] | item 1 tags[base:awl] mode:keep flags[MayDegradeLight] | item 1 tags[base:leathercrudetannedsmall] | item 1 tags[base:heavythread] | item 1 [Base.LeatherStrips] mode:destroy,item 1 Base.Vambrace_Leather_Left,recipes/recipes_tailoring_leatherAndHide.txt,1103
SewLeatherWaterBag,Base,Tailoring,200,SewingCloth,AnySurfaceCraft,Tailoring:4,Tailoring:38,true,Tailoring:6,,false,,,,Base.LeatherStrips;Base.Leather_Crude_Medium_Tan;Base.Leather_Crude_Small_Tan,base:awl;base:heavythread;base:scissors;base:sewingneedle;base:sharpknife,,Base.Bag_LeatherWaterBag,,false,Base.Bag_LeatherWaterBag,,,,,,,multi-type: item 1 [Base.Leather_Crude_Medium_Tan;2:Base.Leather_Crude_Small_Tan] ; tags-only: item 2 tags[base:heavythread] ; not-in-dataset: item 1 [Base.LeatherStrips] mode:destroy ; fluid-sourced: item 1 Base.Bag_LeatherWaterBag,item 1 tags[base:scissors;base:sharpknife] mode:keep flags[IsNotDull;MayDegradeLight] | item 1 tags[base:sewingneedle] mode:keep flags[MayDegradeLight] | item 1 tags[base:awl] mode:keep flags[MayDegradeLight] | item 1 [Base.Leather_Crude_Medium_Tan;2:Base.Leather_Crude_Small_Tan] | item 2 tags[base:heavythread] | item 1 [Base.LeatherStrips] mode:destroy,item 1 Base.Bag_LeatherWaterBag,recipes/recipes_tailoring_leatherAndHide.txt,1231
SewLongjohns,Base,Tailoring,200,SewingCloth,AnySurfaceCraft,Tailoring:5,Tailoring:45,true,Tailoring:7,,false,,,,Base.BurlapPiece;Base.FabricRoll_Cotton,base:scissors;base:sewingneedle;base:thread,,Base.LongJohns_Crafted_Burlap;Base.LongJohns_Crafted_Cotton,fabricType,false,Base.FabricRoll_Cotton,,,,,,,multi-type: item 5 [Base.BurlapPiece;Base.FabricRoll_Cotton] flags[InheritColor] mappers[fabricType] ; tags-only: item 5 tags[base:thread] ; multi-type: item 1 mapper:fabricType,item 1 tags[base:scissors] mode:keep flags[SharpnessCheck;IsNotDull] | item 1 tags[base:sewingneedle] mode:keep | item 5 [Base.BurlapPiece;Base.FabricRoll_Cotton] flags[InheritColor] mappers[fabricType] | item 5 tags[base:thread],item 1 mapper:fabricType,recipes/recipes_tailoring.txt,369
SewLongjohnsBottom,Base,Tailoring,200,SewingCloth,AnySurfaceCraft,Tailoring:4,Tailoring:30,true,Tailoring:6,,false,base:sewlongjohns,,,Base.BurlapPiece;Base.FabricRoll_Cotton,base:scissors;base:sewingneedle;base:thread,,Base.LongJohns_Bottoms_Crafted_Burlap;Base.LongJohns_Bottoms_Crafted_Cotton,fabricType,false,Base.FabricRoll_Cotton,,,,,,,multi-type: item 3 [Base.BurlapPiece;Base.FabricRoll_Cotton] flags[InheritColor] mappers[fabricType] ; tags-only: item 3 tags[base:thread] ; multi-type: item 1 mapper:fabricType,item 1 tags[base:scissors] mode:keep flags[SharpnessCheck;IsNotDull] | item 1 tags[base:sewingneedle] mode:keep | item 3 [Base.BurlapPiece;Base.FabricRoll_Cotton] flags[InheritColor] mappers[fabricType] | item 3 tags[base:thread],item 1 mapper:fabricType,recipes/recipes_tailoring.txt,398
SewNeckguard,Base,Tailoring,200,SewingCloth,AnySurfaceCraft,Tailoring:1,Tailoring:9,,,,false,,,,Base.BurlapPiece;Base.DenimStrips;Base.LeatherStrips;Base.RippedSheets,base:sewingneedle;base:thread,,Base.Gorget_Burlap;Base.Gorget_Denim;Base.Gorget_LeatherWrap;Base.Gorget_Rag,ragType,false,,,,,,,,multi-type: item 6 [Base.DenimStrips;Base.LeatherStrips;Base.RippedSheets;2:Base.BurlapPiece] mode:destroy mappers[ragType] flags[IsExclusive] ; tags-only: item 2 tags[base:thread] ; multi-type: item 1 mapper:ragType,item 1 tags[base:sewingneedle] mode:keep flags[MayDegradeLight] | item 6 [Base.DenimStrips;Base.LeatherStrips;Base.RippedSheets;2:Base.BurlapPiece] mode:destroy mappers[ragType] flags[IsExclusive] | item 2 tags[base:thread],item 1 mapper:ragType,recipes/recipes_tailoring_armor.txt,840
SewPillow,Base,Tailoring,200,SewingCloth,AnySurfaceCraft,Tailoring:1,Tailoring:9,,,,false,,,,Base.ChickenFeather;Base.CottonBalls;Base.FabricRoll_Cotton;Base.TurkeyFeather;Base.WoolRaw,base:scissors;base:sewingneedle;base:thread,,Base.Pillow_Crafted,,false,Base.ChickenFeather;Base.FabricRoll_Cotton;Base.TurkeyFeather,,,,,,,no-nutrition: item 1 [Base.FabricRoll_Cotton] ; tags-only: item 1 tags[base:thread] ; multi-type: item 100 [Base.ChickenFeather;Base.TurkeyFeather;10:Base.CottonBalls;5:Base.WoolRaw] flags[IsExclusive] ; not-in-dataset: item 1 Base.Pillow_Crafted,item 1 tags[base:scissors] mode:keep flags[SharpnessCheck;IsNotDull] | item 1 tags[base:sewingneedle] mode:keep | item 1 [Base.FabricRoll_Cotton] | item 1 tags[base:thread] | item 100 [Base.ChickenFeather;Base.TurkeyFeather;10:Base.CottonBalls;5:Base.WoolRaw] flags[IsExclusive],item 1 Base.Pillow_Crafted,recipes/recipes_tailoring.txt,428
SewPouch,Base,Tailoring,200,SewingCloth,AnySurfaceCraft,Tailoring:1,Tailoring:11,,,,false,,,,,base:awl;base:leathercrudetannedsmall;base:leatherfurtannedsmall;base:sewingneedle;base:thread;base:twine,,Base.SeedBag,,false,,,,,,,,tags-only: item 1 tags[base:leathercrudetannedsmall;base:leatherfurtannedsmall] ; tags-only: item 1 tags[base:thread;base:twine] ; not-in-dataset: item 1 Base.SeedBag,item 1 tags[base:sewingneedle;base:awl] mode:keep flags[MayDegradeLight] | item 1 tags[base:leathercrudetannedsmall;base:leatherfurtannedsmall] | item 1 tags[base:thread;base:twine],item 1 Base.SeedBag,recipes/recipes_tailoring_leatherAndHide.txt,195
SewRagBandana,Base,Tailoring,100,SewingCloth,AnySurfaceCraft,,Tailoring:8,,,,false,,,,Base.RippedSheets,base:awl;base:sewingneedle;base:thread;base:twine,,Base.Hat_RagBandana,,false,,,,,,,,not-in-dataset: item 2 [Base.RippedSheets] ; tags-only: item 1 tags[base:thread;base:twine] ; not-in-dataset: item 1 Base.Hat_RagBandana,item 1 tags[base:sewingneedle;base:awl] mode:keep | item 2 [Base.RippedSheets] | item 1 tags[base:thread;base:twine],item 1 Base.Hat_RagBandana,recipes/recipes_tailoring.txt,210
SewSack,Base,Tailoring,200,SewingCloth,InHandCraft,,Tailoring:8,,,,,,,,Base.BurlapPiece,base:sewingneedle;base:thread;base:twine,,Base.EmptySandbag,,false,,,,,,,,not-in-dataset: item 1 [Base.BurlapPiece] ; tags-only: item 1 tags[base:thread;base:twine] ; not-in-dataset: item 1 Base.EmptySandbag,item 1 [Base.BurlapPiece] | item 1 tags[base:sewingneedle] mode:keep | item 1 tags[base:thread;base:twine],item 1 Base.EmptySandbag,recipes/recipes_tailoring.txt,451
SewSackGunny,Base,Tailoring,200,SewingCloth,InHandCraft,Tailoring:1,Tailoring:9,,,,,,,,Base.BurlapPiece,base:sewingneedle;base:thread,,Base.Bag_Gunny,,false,,,,,,,,not-in-dataset: item 2 [Base.BurlapPiece] ; tags-only: item 1 tags[base:thread] ; not-in-dataset: item 1 Base.Bag_Gunny,item 2 [Base.BurlapPiece] | item 1 tags[base:sewingneedle] mode:keep | item 1 tags[base:thread],item 1 Base.Bag_Gunny,recipes/recipes_tailoring.txt,470
SewSandals,Base,Tailoring,200,SewingCloth,AnySurfaceCraft,Tailoring:2,Tailoring:16,true,Tailoring:4,,false,,,,Base.Buckle;Base.LeatherStrips,base:awl;base:heavythread;base:leathercrudetannedsmall;base:scissors;base:sewingneedle;base:sharpknife,,Base.Shoes_Sandals,,false,,,,,,,,tags-only: item 1 tags[base:leathercrudetannedsmall] ; tags-only: item 1 tags[base:heavythread] ; not-in-dataset: item 2 [Base.LeatherStrips] mode:destroy ; not-in-dataset: item 2 [Base.Buckle] ; not-in-dataset: item 1 Base.Shoes_Sandals,item 1 tags[base:scissors;base:sharpknife] mode:keep flags[IsNotDull;MayDegradeLight] | item 1 tags[base:sewingneedle] mode:keep flags[MayDegradeLight] | item 1 tags[base:awl] mode:keep flags[MayDegradeLight] | item 1 tags[base:leathercrudetannedsmall] | item 1 tags[base:heavythread] | item 2 [Base.LeatherStrips] mode:destroy | item 2 [Base.Buckle],item 1 Base.Shoes_Sandals,recipes/recipes_tailoring_leatherAndHide.txt,1128
SewSheepskinPants,Base,Tailoring,200,SewingCloth,AnySurfaceCraft,Tailoring:4,Tailoring:30,true,,,false,,,,Base.SheepLeather_Fur_Tan,base:awl;base:heavythread;base:scissors;base:sewingneedle;base:sharpknife,,Base.Trousers_SheepSkin,,false,,,,,,,,not-in-dataset: item 1 [Base.SheepLeather_Fur_Tan] ; tags-only: item 3 tags[base:heavythread] ; not-in-dataset: item 1 Base.Trousers_SheepSkin,item 1 tags[base:scissors;base:sharpknife] mode:keep flags[IsNotDull;MayDegradeLight] | item 1 tags[base:sewingneedle] mode:keep flags[MayDegradeLight] | item 1 tags[base:awl] mode:keep flags[MayDegradeLight] | item 1 [Base.SheepLeather_Fur_Tan] | item 3 tags[base:heavythread],item 1 Base.Trousers_SheepSkin,recipes/recipes_tailoring_leatherAndHide.txt,1027
SewSheepskinVest,Base,Tailoring,200,SewingCloth,AnySurfaceCraft,Tailoring:4,Tailoring:30,true,,,false,,,,Base.SheepLeather_Fur_Tan,base:awl;base:heavythread;base:scissors;base:sewingneedle;base:sharpknife,,Base.Vest_SheepSkin,,false,,,,,,,,not-in-dataset: item 1 [Base.SheepLeather_Fur_Tan] ; tags-only: item 3 tags[base:heavythread] ; not-in-dataset: item 1 Base.Vest_SheepSkin,item 1 tags[base:scissors;base:sharpknife] mode:keep flags[IsNotDull;MayDegradeLight] | item 1 tags[base:sewingneedle] mode:keep flags[MayDegradeLight] | item 1 tags[base:awl] mode:keep flags[MayDegradeLight] | item 1 [Base.SheepLeather_Fur_Tan] | item 3 tags[base:heavythread],item 1 Base.Vest_SheepSkin,recipes/recipes_tailoring_leatherAndHide.txt,1003
SewShellsBandolier,Base,Tailoring,400,SewingCloth,AnySurfaceCraft,Tailoring:5,Tailoring:55,true,,,false,base:sewbandolier,,,Base.Buckle;Base.LeatherStrips,base:awl;base:heavythread;base:scissors;base:sewingneedle,,Base.AmmoStrap_Brown_Shells,,false,,,,,,,,not-in-dataset: item 4 [Base.LeatherStrips] mode:destroy ; tags-only: item 4 tags[base:heavythread] ; not-in-dataset: item 1 [Base.Buckle] ; not-in-dataset: item 1 Base.AmmoStrap_Brown_Shells,item 1 tags[base:scissors] mode:keep flags[IsNotDull;MayDegradeLight] | item 1 tags[base:sewingneedle] mode:keep flags[MayDegradeLight] | item 1 tags[base:awl] mode:keep flags[MayDegradeLight] | item 4 [Base.LeatherStrips] mode:destroy | item 4 tags[base:heavythread] | item 1 [Base.Buckle],item 1 Base.AmmoStrap_Brown_Shells,recipes/recipes_tailoring_leatherAndHide.txt,1385
SewShirt,Base,Tailoring,200,SewingCloth,AnySurfaceCraft,Tailoring:2,Tailoring:13,true,Tailoring:4,,false,,,,Base.BurlapPiece;Base.FabricRoll_Cotton;Base.FabricRoll_DenimBlack;Base.FabricRoll_DenimBlue;Base.FabricRoll_DenimDarkBlue,base:button;base:scissors;base:sewingneedle;base:thread,,Base.Shirt_Crafted_Burlap;Base.Shirt_Crafted_Cotton;Base.Shirt_Crafted_Denim;Base.Shirt_Crafted_DenimBlack;Base.Shirt_Crafted_DenimLight,fabricType,false,Base.FabricRoll_Cotton;Base.FabricRoll_DenimBlack;Base.FabricRoll_DenimBlue;Base.FabricRoll_DenimDarkBlue,,,,,,,multi-type: item 3 [Base.BurlapPiece;Base.FabricRoll_Cotton;Base.FabricRoll_DenimBlack;Base.FabricRoll_DenimBlue;Base.FabricRoll_DenimDarkBlue] flags[InheritColor] mappers[fabricType] ; tags-only: item 3 tags[base:thread] ; tags-only: item 3 tags[base:button] ; multi-type: item 1 mapper:fabricType,item 1 tags[base:scissors] mode:keep flags[SharpnessCheck;IsNotDull] | item 1 tags[base:sewingneedle] mode:keep | item 3 [Base.BurlapPiece;Base.FabricRoll_Cotton;Base.FabricRoll_DenimBlack;Base.FabricRoll_DenimBlue;Base.FabricRoll_DenimDarkBlue] flags[InheritColor] mappers[fabricType] | item 3 tags[base:thread] | item 3 tags[base:button],item 1 mapper:fabricType,recipes/recipes_tailoring.txt,490
SewShirtSleeveless,Base,Tailoring,200,SewingCloth,AnySurfaceCraft,Tailoring:1,Tailoring:9,true,Tailoring:3,,false,base:sewshirt,,,Base.BurlapPiece;Base.FabricRoll_Cotton;Base.FabricRoll_DenimBlack;Base.FabricRoll_DenimBlue;Base.FabricRoll_DenimDarkBlue,base:button;base:scissors;base:sewingneedle;base:thread,,Base.Shirt_NoSleeves_Crafted_Burlap;Base.Shirt_NoSleeves_Crafted_Cotton;Base.Shirt_NoSleeves_Crafted_Denim;Base.Shirt_NoSleeves_Crafted_DenimBlack;Base.Shirt_NoSleeves_Crafted_DenimLight,fabricType,false,Base.FabricRoll_Cotton;Base.FabricRoll_DenimBlack;Base.FabricRoll_DenimBlue;Base.FabricRoll_DenimDarkBlue,,,,,,,multi-type: item 2 [Base.BurlapPiece;Base.FabricRoll_Cotton;Base.FabricRoll_DenimBlack;Base.FabricRoll_DenimBlue;Base.FabricRoll_DenimDarkBlue] flags[InheritColor] mappers[fabricType] ; tags-only: item 2 tags[base:thread] ; tags-only: item 3 tags[base:button] ; multi-type: item 1 mapper:fabricType,item 1 tags[base:scissors] mode:keep flags[SharpnessCheck;IsNotDull] | item 1 tags[base:sewingneedle] mode:keep | item 2 [Base.BurlapPiece;Base.FabricRoll_Cotton;Base.FabricRoll_DenimBlack;Base.FabricRoll_DenimBlue;Base.FabricRoll_DenimDarkBlue] flags[InheritColor] mappers[fabricType] | item 2 tags[base:thread] | item 3 tags[base:button],item 1 mapper:fabricType,recipes/recipes_tailoring.txt,523
SewSkirtKnees,Base,Tailoring,200,SewingCloth,AnySurfaceCraft,Tailoring:1,Tailoring:9,true,Tailoring:3,,false,,,,Base.BurlapPiece;Base.FabricRoll_Cotton;Base.FabricRoll_DenimBlack;Base.FabricRoll_DenimBlue;Base.FabricRoll_DenimDarkBlue,base:scissors;base:sewingneedle;base:thread,,Base.Skirt_Knees_Crafted_Burlap;Base.Skirt_Knees_Crafted_Cotton;Base.Skirt_Knees_Crafted_Denim;Base.Skirt_Knees_Crafted_DenimBlack;Base.Skirt_Knees_Crafted_DenimLight,fabricType,false,Base.FabricRoll_Cotton;Base.FabricRoll_DenimBlack;Base.FabricRoll_DenimBlue;Base.FabricRoll_DenimDarkBlue,,,,,,,multi-type: item 2 [Base.BurlapPiece;Base.FabricRoll_Cotton;Base.FabricRoll_DenimBlack;Base.FabricRoll_DenimBlue;Base.FabricRoll_DenimDarkBlue] flags[InheritColor] mappers[fabricType] ; tags-only: item 2 tags[base:thread] ; multi-type: item 1 mapper:fabricType,item 1 tags[base:scissors] mode:keep flags[SharpnessCheck;IsNotDull] | item 1 tags[base:sewingneedle] mode:keep | item 2 [Base.BurlapPiece;Base.FabricRoll_Cotton;Base.FabricRoll_DenimBlack;Base.FabricRoll_DenimBlue;Base.FabricRoll_DenimDarkBlue] flags[InheritColor] mappers[fabricType] | item 2 tags[base:thread],item 1 mapper:fabricType,recipes/recipes_tailoring.txt,557
SewSkirtLong,Base,Tailoring,200,SewingCloth,AnySurfaceCraft,Tailoring:1,Tailoring:9,true,Tailoring:3,,false,base:sewskirtknees,,,Base.BurlapPiece;Base.FabricRoll_Cotton;Base.FabricRoll_DenimBlack;Base.FabricRoll_DenimBlue;Base.FabricRoll_DenimDarkBlue,base:scissors;base:sewingneedle;base:thread,,Base.Skirt_Long_Crafted_Burlap;Base.Skirt_Long_Crafted_Cotton;Base.Skirt_Long_Crafted_Denim;Base.Skirt_Long_Crafted_DenimBlack;Base.Skirt_Long_Crafted_DenimLight,fabricType,false,Base.FabricRoll_Cotton;Base.FabricRoll_DenimBlack;Base.FabricRoll_DenimBlue;Base.FabricRoll_DenimDarkBlue,,,,,,,multi-type: item 3 [Base.BurlapPiece;Base.FabricRoll_Cotton;Base.FabricRoll_DenimBlack;Base.FabricRoll_DenimBlue;Base.FabricRoll_DenimDarkBlue] flags[InheritColor] mappers[fabricType] ; tags-only: item 3 tags[base:thread] ; multi-type: item 1 mapper:fabricType,item 1 tags[base:scissors] mode:keep flags[SharpnessCheck;IsNotDull] | item 1 tags[base:sewingneedle] mode:keep | item 3 [Base.BurlapPiece;Base.FabricRoll_Cotton;Base.FabricRoll_DenimBlack;Base.FabricRoll_DenimBlue;Base.FabricRoll_DenimDarkBlue] flags[InheritColor] mappers[fabricType] | item 3 tags[base:thread],item 1 mapper:fabricType,recipes/recipes_tailoring.txt,589
SewTarpFannyBag,Base,Tailoring,200,SewingCloth,AnySurfaceCraft,Tailoring:3,Tailoring:20,true,,,false,base:sewhidefannybag,,,Base.DuctTape;Base.TarpPiece,base:scissors;base:sewingneedle;base:thread,,Base.Bag_FannyPackFront_Tarp,,false,Base.DuctTape,,,,,,,not-in-dataset: item 1 [Base.TarpPiece] ; tags-only: item 1 tags[base:thread] ; no-nutrition: item 3 [Base.DuctTape] ; not-in-dataset: item 1 Base.Bag_FannyPackFront_Tarp,item 1 tags[base:scissors] mode:keep flags[IsNotDull;MayDegradeLight] | item 1 tags[base:sewingneedle] mode:keep flags[MayDegradeLight] | item 1 [Base.TarpPiece] | item 1 tags[base:thread] | item 3 [Base.DuctTape],item 1 Base.Bag_FannyPackFront_Tarp,recipes/recipes_tailoring_garbageTapeAndTarp.txt,637
SewTrousers,Base,Tailoring,200,SewingCloth,AnySurfaceCraft,Tailoring:3,Tailoring:20,true,Tailoring:5,,false,,,,Base.BurlapPiece;Base.FabricRoll_Cotton;Base.FabricRoll_DenimBlack;Base.FabricRoll_DenimBlue;Base.FabricRoll_DenimDarkBlue,base:scissors;base:sewingneedle;base:thread,,Base.Trousers_Crafted_Burlap;Base.Trousers_Crafted_Cotton;Base.Trousers_Crafted_Denim;Base.Trousers_Crafted_DenimBlack;Base.Trousers_Crafted_DenimLight,fabricType,false,Base.FabricRoll_Cotton;Base.FabricRoll_DenimBlack;Base.FabricRoll_DenimBlue;Base.FabricRoll_DenimDarkBlue,,,,,,,multi-type: item 3 [Base.BurlapPiece;Base.FabricRoll_Cotton;Base.FabricRoll_DenimBlack;Base.FabricRoll_DenimBlue;Base.FabricRoll_DenimDarkBlue] flags[InheritColor] mappers[fabricType] ; tags-only: item 3 tags[base:thread] ; multi-type: item 1 mapper:fabricType,item 1 tags[base:scissors] mode:keep flags[SharpnessCheck;IsNotDull] | item 1 tags[base:sewingneedle] mode:keep | item 3 [Base.BurlapPiece;Base.FabricRoll_Cotton;Base.FabricRoll_DenimBlack;Base.FabricRoll_DenimBlue;Base.FabricRoll_DenimDarkBlue] flags[InheritColor] mappers[fabricType] | item 3 tags[base:thread],item 1 mapper:fabricType,recipes/recipes_tailoring.txt,622
SharpenBlade,Base,Repair,300,SharpenBlade,InHandCraft,,Maintenance:5,,,,false,,RecipeCodeOnCreate.sharpenBlade,Tooltip_Recipe_CanFailAndDamage,,base:sharpenable;base:whetstone,,,,false,,,,,,,,no-outputs,item 1 tags[base:sharpenable] mode:keep flags[IsSharpenable] | item 1 tags[base:whetstone] mode:keep flags[Prop1;MayDegradeLight],,recipes/recipes_fixing.txt,150
SharpenBladePoorlyWithFile,Base,Repair,180,SharpenBlade,InHandCraft,,Maintenance:5,,,,false,,RecipeCodeOnCreate.sharpenBlade,Tooltip_Recipe_CanFailAndDamageHigh,,base:file;base:sharpenable,,,,false,,,,,,,,no-outputs,item 1 tags[base:sharpenable] mode:keep flags[IsSharpenable] | item 1 tags[base:file] mode:keep flags[Prop1;MayDegradeLight],,recipes/recipes_fixing.txt,170
SharpenBladeWithGrindstone,Base,Repair,130,UseGrindingStone,Grindstone,,Maintenance:5,,,,false,,RecipeCodeOnCreate.sharpenBladeGrindstone,Tooltip_Recipe_CanFailAndDamage,,base:sharpenable,,,,false,,,,,,,,no-outputs,item 1 tags[base:sharpenable] mode:keep flags[IsSharpenable],,recipes/recipes_fixing.txt,190
SharpenBone,Base,Carving,200,SharpenStakeBone,AnySurfaceCraft,Carving:1,Carving:10,true,,Carving:2,,,RecipeCodeOnCreate.minorCondition,,Base.BoneBead_Large;Base.HatchetHead_Bone;Base.SharpBone_Long;Base.SmallAnimalBone,base:crudesaw;base:file;base:meatcleaver;base:saw;base:sharpknife;base:smallsaw;base:whetstone,,Base.SharpBoneFragment,,false,,,,,,,,multi-type: item 1 [Base.BoneBead_Large;Base.HatchetHead_Bone;Base.SharpBone_Long;Base.SmallAnimalBone] flags[Prop2;AllowDestroyedItem] ; not-in-dataset: item 1 Base.SharpBoneFragment,item 1 tags[base:whetstone;base:file] mode:keep flags[MayDegradeLight] | item 1 tags[base:saw;base:smallsaw;base:crudesaw;base:sharpknife;base:meatcleaver] mode:keep flags[MayDegradeLight] | item 1 [Base.BoneBead_Large;Base.HatchetHead_Bone;Base.SharpBone_Long;Base.SmallAnimalBone] flags[Prop2;AllowDestroyedItem],item 1 Base.SharpBoneFragment,recipes/recipes_bone.txt,119
SharpenJawbone,Base,Carving,300,SharpenStakeBone,AnySurfaceCraft,Carving:2,Carving:20,true,,Carving:5,,base:sharpenbone,RecipeCodeOnCreate.minorCondition,,Base.JawboneBovide,base:crudesaw;base:file;base:meatcleaver;base:saw;base:sharpknife;base:smallsaw;base:whetstone,,Base.HerbivoreTeeth;Base.SharpBone_Long,,false,,,,,,,,not-in-dataset: item 1 [Base.JawboneBovide] flags[Prop2] ; not-in-dataset: item 1 Base.SharpBone_Long ; not-in-dataset: item 1 Base.HerbivoreTeeth,item 1 tags[base:whetstone;base:file] mode:keep flags[MayDegradeLight] | item 1 tags[base:saw;base:smallsaw;base:crudesaw;base:sharpknife;base:meatcleaver] mode:keep flags[MayDegradeLight] | item 1 [Base.JawboneBovide] flags[Prop2],item 1 Base.SharpBone_Long | item 1 Base.HerbivoreTeeth,recipes/recipes_bone.txt,166
SharpenLongBone,Base,Carving,300,SharpenStakeBone,AnySurfaceCraft,Carving:2,Carving:20,true,,Carving:4,,base:sharpenbone,RecipeCodeOnCreate.minorCondition,,Base.AnimalBone;Base.LargeAnimalBone,base:crudesaw;base:file;base:meatcleaver;base:saw;base:sharpknife;base:smallsaw;base:whetstone,,Base.SharpBone_Long,,false,,,,,,,,multi-type: item 1 [Base.AnimalBone;Base.LargeAnimalBone] flags[Prop2;AllowDestroyedItem] ; not-in-dataset: item 1 Base.SharpBone_Long,item 1 tags[base:whetstone;base:file] mode:keep flags[MayDegradeLight] | item 1 tags[base:saw;base:smallsaw;base:crudesaw;base:sharpknife;base:meatcleaver] mode:keep flags[MayDegradeLight] | item 1 [Base.AnimalBone;Base.LargeAnimalBone] flags[Prop2;AllowDestroyedItem],item 1 Base.SharpBone_Long,recipes/recipes_bone.txt,142
SheetMetalWeapon,Base,Weaponry,600,CraftWeapon2H,AnySurfaceCraft,Woodwork:4,Woodwork:40,true,,Woodwork:7;Blunt:7,,,,,Base.AluminumScrap;Base.BaseballBat;Base.BaseballBat_Can;Base.BaseballBat_Crafted;Base.LargeBranch;Base.NutsBolts;Base.Screws;Base.SmallSheetMetal;Base.UnusableMetal,base:drillmetal;base:metalsaw;base:screwdriver;base:sheetmetalsnips;base:smallsaw;base:wrench,,Base.BaseballBat_ScrapSheet;Base.Cudgel_ScrapSheet,SheetMetalMapper,false,,,,,,,,multi-type: item 1 [Base.BaseballBat;Base.BaseballBat_Can;Base.BaseballBat_Crafted;Base.LargeBranch] mappers[SheetMetalMapper] flags[Prop2;InheritCondition] ; not-in-dataset: item 2 [Base.NutsBolts] ; not-in-dataset: item 4 [Base.Screws] ; multi-type: item 2 [Base.SmallSheetMetal;Base.UnusableMetal;Base.AluminumScrap] ; multi-type: item 1 mapper:SheetMetalMapper,item 1 tags[base:screwdriver] mode:keep flags[MayDegradeLight] | item 1 tags[base:sheetmetalsnips;base:metalsaw;base:smallsaw] mode:keep flags[MayDegradeLight] | item 1 [Base.BaseballBat;Base.BaseballBat_Can;Base.BaseballBat_Crafted;Base.LargeBranch] mappers[SheetMetalMapper] flags[Prop2;InheritCondition] | item 2 [Base.NutsBolts] | item 1 tags[base:wrench] mode:keep flags[MayDegradeLight] | item 1 tags[base:drillmetal] mode:keep flags[MayDegradeLight] | item 4 [Base.Screws] | item 2 [Base.SmallSheetMetal;Base.UnusableMetal;Base.AluminumScrap],item 1 mapper:SheetMetalMapper,recipes/recipes_improvised_weapons.txt,683
ShortenSkirt,Base,Tailoring,60,SewingCloth,AnySurfaceCraft,,,,,,,,,,Base.Skirt_Knees;Base.Skirt_Long;Base.Skirt_Normal;Base.Skirt_Short,base:scissors,,Base.RippedSheets;Base.Skirt_Knees;Base.Skirt_Mini;Base.Skirt_Normal;Base.Skirt_Short,skirtType,false,,,,,,,,multi-type: item 1 [Base.Skirt_Long;Base.Skirt_Normal;Base.Skirt_Knees;Base.Skirt_Short] flags[InheritColor;IsNotWorn] mappers[skirtType] ; multi-type: item 1 mapper:skirtType ; not-in-dataset: item 1 Base.RippedSheets,item 1 tags[base:scissors] mode:keep flags[SharpnessCheck;IsNotDull] | item 1 [Base.Skirt_Long;Base.Skirt_Normal;Base.Skirt_Knees;Base.Skirt_Short] flags[InheritColor;IsNotWorn] mappers[skirtType],item 1 mapper:skirtType | item 1 Base.RippedSheets,recipes/recipes_tailoring.txt,654
ShortenSleeves,Base,Tailoring,60,SewingCloth,AnySurfaceCraft,,,,,,,,,,Base.Shirt_CropTopTINT;Base.Shirt_FormalTINT;Base.Shirt_FormalWhite;Base.Tshirt_LongSleeve_HuntingCamo;Base.Tshirt_WhiteLongSleeve;Base.Tshirt_WhiteLongSleeveTINT,base:scissors,,Base.RippedSheets;Base.Shirt_CropTopNoArmTINT;Base.Shirt_FormalWhite_ShortSleeve;Base.Shirt_FormalWhite_ShortSleeveTINT;Base.Tshirt_HuntingCamo;Base.Tshirt_WhiteTINT,shirtType,false,,,,,,,,multi-type: item 1 [Base.Shirt_CropTopTINT;Base.Shirt_FormalWhite;Base.Shirt_FormalTINT;Base.Tshirt_WhiteLongSleeve;Base.Tshirt_WhiteLongSleeveTINT;Base.Tshirt_LongSleeve_HuntingCamo] flags[InheritColor;IsNotWorn] mappers[shirtType] ; multi-type: item 1 mapper:shirtType ; not-in-dataset: item 1 Base.RippedSheets,item 1 tags[base:scissors] mode:keep flags[SharpnessCheck;IsNotDull] | item 1 [Base.Shirt_CropTopTINT;Base.Shirt_FormalWhite;Base.Shirt_FormalTINT;Base.Tshirt_WhiteLongSleeve;Base.Tshirt_WhiteLongSleeveTINT;Base.Tshirt_LongSleeve_HuntingCamo] flags[InheritColor;IsNotWorn] mappers[shirtType],item 1 mapper:shirtType | item 1 Base.RippedSheets,recipes/recipes_tailoring.txt,679
ShortenSocks,Base,Tailoring,60,SewingCloth,AnySurfaceCraft,,,,,,,,,,Base.Socks_Long;Base.Socks_Long_Black;Base.Socks_Long_White,base:scissors,,Base.Socks_Ankle;Base.Socks_Ankle_Black;Base.Socks_Ankle_White,socksType,false,,,,,,,,multi-type: item 1 [Base.Socks_Long;Base.Socks_Long_Black;Base.Socks_Long_White] flags[InheritColor;IsNotWorn] mappers[socksType] ; multi-type: item 1 mapper:socksType,item 1 tags[base:scissors] mode:keep flags[SharpnessCheck;IsNotDull] | item 1 [Base.Socks_Long;Base.Socks_Long_Black;Base.Socks_Long_White] flags[InheritColor;IsNotWorn] mappers[socksType],item 1 mapper:socksType,recipes/recipes_tailoring.txt,706
ShortenTrousers,Base,Tailoring,60,SewingCloth,AnySurfaceCraft,,,,,,,,,,Base.Shorts_LongDenim;Base.Trousers_Denim,base:scissors,,Base.DenimStrips;Base.Shorts_LongDenim;Base.Shorts_ShortDenim,pantsType,false,,,,,,,,multi-type: item 1 [Base.Trousers_Denim;Base.Shorts_LongDenim] flags[IsNotWorn;InheritModelVariation] mappers[pantsType] ; multi-type: item 1 mapper:pantsType ; not-in-dataset: item 1 Base.DenimStrips,item 1 tags[base:scissors] mode:keep flags[SharpnessCheck;IsNotDull] | item 1 [Base.Trousers_Denim;Base.Shorts_LongDenim] flags[IsNotWorn;InheritModelVariation] mappers[pantsType],item 1 mapper:pantsType | item 1 Base.DenimStrips,recipes/recipes_tailoring.txt,729
ShredTobacco,Base,Farming,300,Making,AnySurfaceCraft;Farming,,,,,,,,,,Base.TobaccoDried,base:scissors;base:sharpknife,,Base.TobaccoLoose,,false,Base.TobaccoLoose,,,,,,,not-in-dataset: item 1 [Base.TobaccoDried] mode:destroy flags[Prop2] ; no-nutrition: item 1 Base.TobaccoLoose,item 1 [Base.TobaccoDried] mode:destroy flags[Prop2] | item 1 tags[base:scissors;base:sharpknife] mode:keep flags[MayDegradeLight;Prop1;IsNotDull],item 1 Base.TobaccoLoose,recipes/recipes_farming.txt,402
SliceBaloney,Base,Cooking,50,SliceMeat_Surface,AnySurfaceCraft;Cooking,,Cooking:3,,,,,,,,Base.Baloney,base:dullknife;base:meatcleaver;base:sharpknife,,Base.BaloneySlice,,false,Base.Baloney;Base.BaloneySlice,-2.0,-0.02,0.01,0.03,0.0,0.0,,item 1 tags[base:sharpknife;base:meatcleaver;base:dullknife] mode:keep flags[IsNotDull;SharpnessCheck] | item 1 [Base.Baloney] flags[InheritFood;ItemCount],item 6 Base.BaloneySlice,recipes/recipes_cooking.txt,1038
SliceBread,Base,Cooking,40,SliceBread_Surface,AnySurfaceCraft;Cooking,,Cooking:3,,,,,,,Tooltip_Recipe_MustCookedSlice,Base.Bread;Base.BreadDough,base:dullknife;base:meatcleaver;base:sharpknife,,Base.BreadSlices,,false,Base.Bread;Base.BreadDough;Base.BreadSlices,,,,,,,multi-type: item 1 [Base.BreadDough;Base.Bread] flags[InheritCooked;InheritFood;IsCookedFoodItem;ItemCount],item 1 tags[base:dullknife;base:sharpknife;base:meatcleaver] mode:keep flags[MayDegradeVeryLight] | item 1 [Base.BreadDough;Base.Bread] flags[InheritCooked;InheritFood;IsCookedFoodItem;ItemCount],item 3 Base.BreadSlices,recipes/recipes_baking.txt,85
SliceCakeOrPie,Base,Cooking,20,SliceFood_Surface,AnySurfaceCraft;Cooking,,Cooking:3,,,,,,RecipeCodeOnCreate.inheritFoodDisplayName,Tooltip_Recipe_MustCookedSlice,Base.CakePrep;Base.CakeRaw;Base.PieWholeRaw;Base.PieWholeRawSweet,base:dullknife;base:meatcleaver;base:sharpknife,,Base.BakingPan;Base.CakeSlice,foodType,false,Base.CakePrep;Base.CakeRaw;Base.CakeSlice;Base.PieWholeRaw;Base.PieWholeRawSweet,,,,,,,multi-type: item 1 [Base.CakeRaw;Base.CakePrep;Base.PieWholeRaw;Base.PieWholeRawSweet] mappers[foodType] flags[InheritCooked;IsCookedFoodItem;InheritFood;ItemCount] ; not-in-dataset: item 1 Base.BakingPan,item 1 tags[base:dullknife;base:sharpknife;base:meatcleaver] mode:keep flags[MayDegradeVeryLight] | item 1 [Base.CakeRaw;Base.CakePrep;Base.PieWholeRaw;Base.PieWholeRawSweet] mappers[foodType] flags[InheritCooked;IsCookedFoodItem;InheritFood;ItemCount],item 5 mapper:foodType | item 1 Base.BakingPan,recipes/recipes_baking.txt,293
SliceFillet,Base,Cooking,50,SliceFish,InHandCraft;CanBeDoneFromFloor;Cooking,,Butchering:10,,,,,,RecipeCodeOnCreate.cutFish,,,base:meatcleaver;base:sharpknife;base:uncutfish,,Base.FishFillet,,false,Base.FishFillet,,,,,,,tags-only: item 1 tags[base:uncutfish] flags[InheritFoodAge;ItemCount],item 1 tags[base:sharpknife;base:meatcleaver] mode:keep flags[IsNotDull;SharpnessCheck] | item 1 tags[base:uncutfish] flags[InheritFoodAge;ItemCount],item 2 Base.FishFillet,recipes/recipes_cooking.txt,646
SliceHam,Base,Cooking,50,SliceMeat_Surface,AnySurfaceCraft;Cooking,,Cooking:3,,,,,,,,Base.Ham,base:meatcleaver;base:sharpknife,,Base.HamSlice,,false,Base.Ham;Base.HamSlice,0.0,-0.04,0.0,0.0,0.0,0.0,,item 1 tags[base:sharpknife;base:meatcleaver] mode:keep flags[IsNotDull;SharpnessCheck] | item 1 [Base.Ham] flags[InheritFood;ItemCount],item 6 Base.HamSlice,recipes/recipes_cooking.txt,684
SliceHead,Base,Cooking,40,SliceMeat,InHandCraft;Cooking,,Cooking:3,,,,,,RecipeCodeOnCreate.sliceAnimalHead,,,base:animalhead;base:dullknife;base:meatcleaver;base:sharpknife,,Base.Bull_Skull;Base.Calf_Skull;Base.Chicken_Chick_Skull;Base.Chicken_Hen_Skull;Base.Chicken_Rooster_Skull;Base.Cow_Skull;Base.DeerDoe_Skull;Base.DeerFawn_Skull;Base.DeerStag_Skull;Base.Lamb_Skull;Base.Pig_Skull;Base.Piglet_Skull;Base.Rabbit_KittenSkull;Base.Rabbit_Skull;Base.Raccoon_Skull;Base.Ram_Skull;Base.Sheep_Skull;Base.Turkey_PoultSkull;Base.Turkey_Skull,HeadSkullMapper,false,,,,,,,,tags-only: item 1 tags[base:animalhead] mappers[HeadSkullMapper] flags[AllowRottenItem] ; multi-type: item 1 mapper:HeadSkullMapper,item 1 tags[base:dullknife;base:sharpknife;base:meatcleaver] mode:keep flags[MayDegradeVeryLight] | item 1 tags[base:animalhead] mappers[HeadSkullMapper] flags[AllowRottenItem],item 1 mapper:HeadSkullMapper,recipes/recipes_baking.txt,3
SlicePizza,Base,Cooking,50,SliceMeat_Surface,AnySurfaceCraft;Cooking,,Cooking:3,,,,,,,Tooltip_Recipe_MustCookedSlice,Base.PizzaRecipe;Base.PizzaWhole,base:dullknife;base:meatcleaver;base:pizzacutter;base:sharpknife,,Base.Pizza,,false,Base.Pizza;Base.PizzaRecipe;Base.PizzaWhole,,,,,,,multi-type: item 1 [Base.PizzaWhole;Base.PizzaRecipe] flags[IsCookedFoodItem;InheritFood;ItemCount],item 1 tags[base:sharpknife;base:meatcleaver;base:dullknife;base:pizzacutter] mode:keep flags[SharpnessCheck] | item 1 [Base.PizzaWhole;Base.PizzaRecipe] flags[IsCookedFoodItem;InheritFood;ItemCount],item 6 Base.Pizza,recipes/recipes_cooking.txt,1110
SlicePumpkin,Base,Cooking,70,SliceFood_Surface,AnySurfaceCraft;Cooking,,Cooking:3,,,,,,,,Base.Pumpkin,base:crudesaw;base:meatcleaver;base:saw;base:sharpknife,,Base.PumpkinSliced,,false,Base.Pumpkin;Base.PumpkinSliced,-4.0,-0.05,-0.01,-0.03,0.0,0.0,,item 1 tags[base:sharpknife;base:saw;base:crudesaw;base:meatcleaver] mode:keep flags[SharpnessCheck] | item 1 [Base.Pumpkin] flags[AllowRottenItem;InheritFood;ItemCount],item 10 Base.PumpkinSliced,recipes/recipes_cooking.txt,122
SliceSalami,Base,Cooking,50,SliceMeat_Surface,AnySurfaceCraft;Cooking,,Cooking:3,,,,,,,,Base.Salami,base:meatcleaver;base:sharpknife,,Base.SalamiSlice,,false,Base.Salami;Base.SalamiSlice,-66.0,-0.4,-5.2,-4.4,4.0,0.0,,item 1 tags[base:sharpknife;base:meatcleaver] mode:keep flags[IsNotDull;SharpnessCheck] | item 1 [Base.Salami] flags[InheritFood;ItemCount],item 4 Base.SalamiSlice,recipes/recipes_cooking.txt,1056
SliceWatermelon,Base,Cooking,70,SliceFood_Surface,AnySurfaceCraft;Cooking,,Cooking:3,,,,,,,,Base.Watermelon,base:crudesaw;base:meatcleaver;base:saw;base:sharpknife,,Base.WatermelonSliced,,false,Base.Watermelon;Base.WatermelonSliced,0.0,-0.01,-0.08,-0.06,0.0,-60.0,,item 1 tags[base:sharpknife;base:saw;base:crudesaw;base:meatcleaver] mode:keep flags[SharpnessCheck] | item 1 [Base.Watermelon] flags[AllowRottenItem;InheritFood;ItemCount],item 10 Base.WatermelonSliced,recipes/recipes_cooking.txt,140
SmashBone,Base,Miscellaneous,300,HammerBoneStanding,AnySurfaceCraft;Survivalist;CanBeDoneInDark,Strength:4,,false,,,,,,,Base.AnimalBone;Base.LargeAnimalBone,base:clubhammer;base:hammer;base:hammerstone;base:sledgehammer,,Base.SmallAnimalBone,,false,,,,,,,,multi-type: item 1 [Base.AnimalBone;Base.LargeAnimalBone] flags[Prop2;AllowDestroyedItem] ; not-in-dataset: item 2 Base.SmallAnimalBone,item 1 tags[base:hammer;base:sledgehammer;base:clubhammer;base:hammerstone] mode:keep flags[Prop1;MayDegradeLight] | item 1 [Base.AnimalBone;Base.LargeAnimalBone] flags[Prop2;AllowDestroyedItem],item 2 Base.SmallAnimalBone,recipes/recipes_bone.txt,334
SmashBottle,Base,Weaponry,30,SmashBottle,InHandCraft;CanBeDoneInDark,,,,,,,,,,,base:glassbottle,,Base.SmashedBottle,,false,,,,,,,,tags-only: item 1 tags[base:glassbottle] mode:destroy flags[Prop1;ItemCount] ; not-in-dataset: item 1 Base.SmashedBottle,item 1 tags[base:glassbottle] mode:destroy flags[Prop1;ItemCount],item 1 Base.SmashedBottle,recipes/recipes.txt,69
SmashCowSkull,Base,Miscellaneous,300,HammerBoneStanding,AnySurfaceCraft;Survivalist;CanBeDoneInDark,Strength:3,,false,,,,,,,Base.Bull_Skull;Base.Cow_Skull,base:clubhammer;base:hammer;base:hammerstone;base:sledgehammer,,Base.HerbivoreTeeth;Base.JawboneBovide;Base.SmallAnimalBone,,false,,,,,,,,multi-type: item 1 [Base.Bull_Skull;Base.Cow_Skull] flags[Prop2] ; not-in-dataset: item 2 Base.SmallAnimalBone ; not-in-dataset: item 2 Base.JawboneBovide ; not-in-dataset: item 2 Base.HerbivoreTeeth,item 1 tags[base:hammer;base:sledgehammer;base:clubhammer;base:hammerstone] mode:keep flags[Prop1;MayDegradeLight] | item 1 [Base.Bull_Skull;Base.Cow_Skull] flags[Prop2],item 2 Base.SmallAnimalBone | item 2 Base.JawboneBovide | item 2 Base.HerbivoreTeeth,recipes/recipes_bone.txt,373
SmashHerbivoreSkull,Base,Miscellaneous,300,HammerBoneStanding,AnySurfaceCraft;Survivalist;CanBeDoneInDark,Strength:2,,false,,,,,,,Base.Calf_Skull;Base.DeerDoe_Skull;Base.Ram_Skull;Base.Sheep_Skull,base:clubhammer;base:hammer;base:hammerstone;base:sledgehammer,,Base.HerbivoreTeeth;Base.SmallAnimalBone,,false,,,,,,,,multi-type: item 1 [Base.Calf_Skull;Base.Sheep_Skull;Base.Ram_Skull;Base.DeerDoe_Skull] flags[Prop2] ; not-in-dataset: item 2 Base.SmallAnimalBone ; not-in-dataset: item 2 Base.HerbivoreTeeth,item 1 tags[base:hammer;base:sledgehammer;base:clubhammer;base:hammerstone] mode:keep flags[Prop1;MayDegradeLight] | item 1 [Base.Calf_Skull;Base.Sheep_Skull;Base.Ram_Skull;Base.DeerDoe_Skull] flags[Prop2],item 2 Base.SmallAnimalBone | item 2 Base.HerbivoreTeeth,recipes/recipes_bone.txt,394
SmashJawbone,Base,Miscellaneous,300,HammerBoneStanding,AnySurfaceCraft;Survivalist;CanBeDoneInDark,Strength:4,,false,,,,,,,Base.JawboneBovide,base:clubhammer;base:hammer;base:hammerstone;base:sledgehammer,,Base.HerbivoreTeeth;Base.SmallAnimalBone,,false,,,,,,,,not-in-dataset: item 1 [Base.JawboneBovide] flags[Prop2;AllowDestroyedItem] ; not-in-dataset: item 2 Base.SmallAnimalBone ; not-in-dataset: item 1 Base.HerbivoreTeeth,item 1 tags[base:hammer;base:sledgehammer;base:clubhammer;base:hammerstone] mode:keep flags[Prop1;MayDegradeLight] | item 1 [Base.JawboneBovide] flags[Prop2;AllowDestroyedItem],item 2 Base.SmallAnimalBone | item 1 Base.HerbivoreTeeth,recipes/recipes_bone.txt,353
SmashPigSkull,Base,Miscellaneous,300,HammerBoneStanding,AnySurfaceCraft;Survivalist;CanBeDoneInDark,Strength:2,,false,,,,,,,Base.Pig_Skull,base:clubhammer;base:hammer;base:hammerstone;base:sledgehammer,,Base.HerbivoreTeeth;Base.PigTusk;Base.SmallAnimalBone,,false,,,,,,,,not-in-dataset: item 1 [Base.Pig_Skull] flags[Prop2] ; not-in-dataset: item 2 Base.SmallAnimalBone ; not-in-dataset: item 2 Base.HerbivoreTeeth ; not-in-dataset: item 2 Base.PigTusk,item 1 tags[base:hammer;base:sledgehammer;base:clubhammer;base:hammerstone] mode:keep flags[Prop1;MayDegradeLight] | item 1 [Base.Pig_Skull] flags[Prop2],item 2 Base.SmallAnimalBone | item 2 Base.HerbivoreTeeth | item 2 Base.PigTusk,recipes/recipes_bone.txt,435
SmashPumpkin,Base,Cooking,50,CrushWatermelon,AnySurfaceCraft;Cooking;CanBeDoneInDark,,,,,,,,,,Base.Pumpkin,base:hammer;base:sledgehammer,,Base.PumpkinSmashed,,false,Base.Pumpkin;Base.PumpkinSmashed,-4.0,0.0,-0.01,-0.03,0.0,0.0,,item 1 tags[base:hammer;base:sledgehammer] mode:keep flags[MayDegradeVeryLight;Prop1] | item 1 [Base.Pumpkin] flags[AllowRottenItem;Prop2;InheritFoodAge;ItemCount],item 5 Base.PumpkinSmashed,recipes/recipes_cooking.txt,158
SmashSmallHerbivoreSkull,Base,Miscellaneous,300,HammerBoneStanding,AnySurfaceCraft;Survivalist;CanBeDoneInDark,Strength:1,,false,,,,,,,Base.DeerFawn_Skull;Base.Lamb_Skull;Base.Piglet_Skull,base:clubhammer;base:hammer;base:hammerstone;base:sledgehammer,,Base.HerbivoreTeeth;Base.SmallAnimalBone,,false,,,,,,,,multi-type: item 1 [Base.Lamb_Skull;Base.Piglet_Skull;Base.DeerFawn_Skull] flags[Prop2] ; not-in-dataset: item 1 Base.SmallAnimalBone ; not-in-dataset: item 1 Base.HerbivoreTeeth,item 1 tags[base:hammer;base:sledgehammer;base:clubhammer;base:hammerstone] mode:keep flags[Prop1;MayDegradeLight] | item 1 [Base.Lamb_Skull;Base.Piglet_Skull;Base.DeerFawn_Skull] flags[Prop2],item 1 Base.SmallAnimalBone | item 1 Base.HerbivoreTeeth,recipes/recipes_bone.txt,456
SmashStagSkull,Base,Miscellaneous,300,HammerBoneStanding,AnySurfaceCraft;Survivalist;CanBeDoneInDark,Strength:2,,false,,,,,,,Base.DeerStag_Skull,base:clubhammer;base:hammer;base:hammerstone;base:sledgehammer,,Base.Antlers_Wall;Base.HerbivoreTeeth;Base.SmallAnimalBone,,false,,,,,,,,not-in-dataset: item 1 [Base.DeerStag_Skull] flags[Prop2] ; not-in-dataset: item 2 Base.SmallAnimalBone ; not-in-dataset: item 2 Base.HerbivoreTeeth ; not-in-dataset: item 1 Base.Antlers_Wall,item 1 tags[base:hammer;base:sledgehammer;base:clubhammer;base:hammerstone] mode:keep flags[Prop1;MayDegradeLight] | item 1 [Base.DeerStag_Skull] flags[Prop2],item 2 Base.SmallAnimalBone | item 2 Base.HerbivoreTeeth | item 1 Base.Antlers_Wall,recipes/recipes_bone.txt,414
SmashWatermelon,Base,Cooking,50,CrushWatermelon,AnySurfaceCraft;Cooking;CanBeDoneInDark,,,,,,,,,,Base.Watermelon,base:hammer;base:sledgehammer,,Base.WatermelonSmashed,,false,Base.Watermelon;Base.WatermelonSmashed,0.0,-0.11,-0.03,-0.01,0.0,15.0,,item 1 tags[base:hammer;base:sledgehammer] mode:keep flags[MayDegradeVeryLight;Prop1] | item 1 [Base.Watermelon] flags[AllowRottenItem;Prop2;InheritFoodAge;ItemCount],item 5 Base.WatermelonSmashed,recipes/recipes_cooking.txt,175
SmeltCopperOre,Base,Blacksmithing,200,,PrimitiveFurnace,,,,,,,,,,Base.CopperOre,base:charcoal,,Base.CopperScrap,,false,,,,,,,,tags-only: item 4 tags[base:charcoal] ; not-in-dataset: item 1 [Base.CopperOre] ; not-in-dataset: item 10 Base.CopperScrap,item 4 tags[base:charcoal] | item 1 [Base.CopperOre],item 10 Base.CopperScrap,entities/blacksmith/craftRecipes/recipes_blacksmith_furnaces_i.txt,19
SmeltLargeIronItem,Base,Blacksmithing,200,,Furnace,,,,,,,,RecipeCodeOnCreate.smeltIronOrSteelLarge,,Base.CeramicCrucible;Base.CeramicCrucibleSmall;Base.CeramicCrucibleSmall_Iron;Base.CeramicCrucible_Iron,base:charcoal;base:crudetongs;base:smeltableironlarge;base:tongs,,Base.CeramicCrucibleSmall_Iron,SmeltMapper,false,Base.CeramicCrucible;Base.CeramicCrucibleSmall;Base.CeramicCrucibleSmall_Iron;Base.CeramicCrucible_Iron,,,,,,,multi-type: item 1 [Base.CeramicCrucible;Base.CeramicCrucibleSmall;Base.CeramicCrucible_Iron;Base.CeramicCrucibleSmall_Iron] mode:destroy flags[NotFull;ItemCount] mappers[SmeltMapper] ; tags-only: item 4 tags[base:charcoal] ; tags-only: item 1 tags[base:smeltableironlarge] mode:destroy flags[ItemCount;AllowDestroyedItem] ; no-nutrition: item 1 mapper:SmeltMapper,item 1 [Base.CeramicCrucible;Base.CeramicCrucibleSmall;Base.CeramicCrucible_Iron;Base.CeramicCrucibleSmall_Iron] mode:destroy flags[NotFull;ItemCount] mappers[SmeltMapper] | item 1 tags[base:crudetongs;base:tongs] mode:keep flags[MayDegradeLight] | item 4 tags[base:charcoal] | item 1 tags[base:smeltableironlarge] mode:destroy flags[ItemCount;AllowDestroyedItem],item 1 mapper:SmeltMapper,entities/blacksmith/craftRecipes/recipes_blacksmith_furnaces_i.txt,333
SmeltLargeSteelItem,Base,Blacksmithing,200,,Furnace,,,,,,,,RecipeCodeOnCreate.smeltIronOrSteelLarge,,Base.CeramicCrucible;Base.CeramicCrucibleSmall;Base.CeramicCrucibleSmall_Steel;Base.CeramicCrucible_Steel,base:charcoal;base:crudetongs;base:smeltablesteellarge;base:tongs,,Base.CeramicCrucibleSmall_Steel,SmeltMapper,false,Base.CeramicCrucible;Base.CeramicCrucibleSmall;Base.CeramicCrucibleSmall_Steel;Base.CeramicCrucible_Steel,,,,,,,multi-type: item 1 [Base.CeramicCrucible;Base.CeramicCrucibleSmall;Base.CeramicCrucible_Steel;Base.CeramicCrucibleSmall_Steel] mode:destroy flags[NotFull;ItemCount] mappers[SmeltMapper] ; tags-only: item 4 tags[base:charcoal] ; tags-only: item 1 tags[base:smeltablesteellarge] mode:destroy flags[ItemCount;AllowDestroyedItem] ; no-nutrition: item 1 mapper:SmeltMapper,item 1 [Base.CeramicCrucible;Base.CeramicCrucibleSmall;Base.CeramicCrucible_Steel;Base.CeramicCrucibleSmall_Steel] mode:destroy flags[NotFull;ItemCount] mappers[SmeltMapper] | item 1 tags[base:crudetongs;base:tongs] mode:keep flags[MayDegradeLight] | item 4 tags[base:charcoal] | item 1 tags[base:smeltablesteellarge] mode:destroy flags[ItemCount;AllowDestroyedItem],item 1 mapper:SmeltMapper,entities/blacksmith/craftRecipes/recipes_blacksmith_furnaces_i.txt,519
SmeltMediumIronItem,Base,Blacksmithing,200,,Furnace,,,,,,,,RecipeCodeOnCreate.smeltIronOrSteelMedium,,Base.CeramicCrucible;Base.CeramicCrucibleSmall;Base.CeramicCrucibleSmall_Iron;Base.CeramicCrucible_Iron,base:charcoal;base:crudetongs;base:smeltableironmedium;base:tongs,,Base.CeramicCrucibleSmall_Iron,SmeltMapper,false,Base.CeramicCrucible;Base.CeramicCrucibleSmall;Base.CeramicCrucibleSmall_Iron;Base.CeramicCrucible_Iron,,,,,,,multi-type: item 1 [Base.CeramicCrucible;Base.CeramicCrucibleSmall;Base.CeramicCrucible_Iron;Base.CeramicCrucibleSmall_Iron] mode:destroy flags[NotFull;ItemCount] mappers[SmeltMapper] ; tags-only: item 2 tags[base:charcoal] ; tags-only: item 1 tags[base:smeltableironmedium] mode:destroy flags[ItemCount;AllowDestroyedItem] ; no-nutrition: item 1 mapper:SmeltMapper,item 1 [Base.CeramicCrucible;Base.CeramicCrucibleSmall;Base.CeramicCrucible_Iron;Base.CeramicCrucibleSmall_Iron] mode:destroy flags[NotFull;ItemCount] mappers[SmeltMapper] | item 1 tags[base:crudetongs;base:tongs] mode:keep flags[MayDegradeLight] | item 2 tags[base:charcoal] | item 1 tags[base:smeltableironmedium] mode:destroy flags[ItemCount;AllowDestroyedItem],item 1 mapper:SmeltMapper,entities/blacksmith/craftRecipes/recipes_blacksmith_furnaces_i.txt,358
SmeltMediumPlusIronItem,Base,Blacksmithing,200,,Furnace,,,,,,,,RecipeCodeOnCreate.smeltIronOrSteelMediumPlus,,Base.CeramicCrucible;Base.CeramicCrucibleSmall;Base.CeramicCrucibleSmall_Iron;Base.CeramicCrucible_Iron,base:charcoal;base:crudetongs;base:smeltableironmediumplus;base:tongs,,Base.CeramicCrucibleSmall_Iron,SmeltMapper,false,Base.CeramicCrucible;Base.CeramicCrucibleSmall;Base.CeramicCrucibleSmall_Iron;Base.CeramicCrucible_Iron,,,,,,,multi-type: item 1 [Base.CeramicCrucible;Base.CeramicCrucibleSmall;Base.CeramicCrucible_Iron;Base.CeramicCrucibleSmall_Iron] mode:destroy flags[NotFull;ItemCount] mappers[SmeltMapper] ; tags-only: item 2 tags[base:charcoal] ; tags-only: item 1 tags[base:smeltableironmediumplus] mode:destroy flags[ItemCount;AllowDestroyedItem] ; no-nutrition: item 1 mapper:SmeltMapper,item 1 [Base.CeramicCrucible;Base.CeramicCrucibleSmall;Base.CeramicCrucible_Iron;Base.CeramicCrucibleSmall_Iron] mode:destroy flags[NotFull;ItemCount] mappers[SmeltMapper] | item 1 tags[base:crudetongs;base:tongs] mode:keep flags[MayDegradeLight] | item 2 tags[base:charcoal] | item 1 tags[base:smeltableironmediumplus] mode:destroy flags[ItemCount;AllowDestroyedItem],item 1 mapper:SmeltMapper,entities/blacksmith/craftRecipes/recipes_blacksmith_furnaces_i.txt,383
SmeltMediumPlusSteelItem,Base,Blacksmithing,200,,AdvancedFurnace,,,,,,,,RecipeCodeOnCreate.smeltIronOrSteelMediumPlus,,Base.CeramicCrucible;Base.CeramicCrucibleSmall;Base.CeramicCrucibleSmall_Steel;Base.CeramicCrucible_Steel,base:charcoal;base:crudetongs;base:smeltablesteelmediumplus;base:tongs,,Base.CeramicCrucibleSmall_Steel,SmeltMapper,false,Base.CeramicCrucible;Base.CeramicCrucibleSmall;Base.CeramicCrucibleSmall_Steel;Base.CeramicCrucible_Steel,,,,,,,multi-type: item 1 [Base.CeramicCrucible;Base.CeramicCrucibleSmall;Base.CeramicCrucible_Steel;Base.CeramicCrucibleSmall_Steel] mode:destroy flags[NotFull;ItemCount] mappers[SmeltMapper] ; tags-only: item 2 tags[base:charcoal] ; tags-only: item 1 tags[base:smeltablesteelmediumplus] mode:destroy flags[ItemCount;AllowDestroyedItem] ; no-nutrition: item 1 mapper:SmeltMapper,item 1 [Base.CeramicCrucible;Base.CeramicCrucibleSmall;Base.CeramicCrucible_Steel;Base.CeramicCrucibleSmall_Steel] mode:destroy flags[NotFull;ItemCount] mappers[SmeltMapper] | item 1 tags[base:crudetongs;base:tongs] mode:keep flags[MayDegradeLight] | item 2 tags[base:charcoal] | item 1 tags[base:smeltablesteelmediumplus] mode:destroy flags[ItemCount;AllowDestroyedItem],item 1 mapper:SmeltMapper,entities/blacksmith/craftRecipes/recipes_blacksmith_furnaces_i.txt,569
SmeltMediumSteelItem,Base,Blacksmithing,200,,AdvancedFurnace,,,,,,,,RecipeCodeOnCreate.smeltIronOrSteelMedium,,Base.CeramicCrucible;Base.CeramicCrucibleSmall;Base.CeramicCrucibleSmall_Steel;Base.CeramicCrucible_Steel,base:charcoal;base:crudetongs;base:smeltablesteelmedium;base:tongs,,Base.CeramicCrucibleSmall_Steel,SmeltMapper,false,Base.CeramicCrucible;Base.CeramicCrucibleSmall;Base.CeramicCrucibleSmall_Steel;Base.CeramicCrucible_Steel,,,,,,,multi-type: item 1 [Base.CeramicCrucible;Base.CeramicCrucibleSmall;Base.CeramicCrucible_Steel;Base.CeramicCrucibleSmall_Steel] mode:destroy flags[NotFull;ItemCount] mappers[SmeltMapper] ; tags-only: item 2 tags[base:charcoal] ; tags-only: item 1 tags[base:smeltablesteelmedium] mode:destroy flags[ItemCount;AllowDestroyedItem] ; no-nutrition: item 1 mapper:SmeltMapper,item 1 [Base.CeramicCrucible;Base.CeramicCrucibleSmall;Base.CeramicCrucible_Steel;Base.CeramicCrucibleSmall_Steel] mode:destroy flags[NotFull;ItemCount] mappers[SmeltMapper] | item 1 tags[base:crudetongs;base:tongs] mode:keep flags[MayDegradeLight] | item 2 tags[base:charcoal] | item 1 tags[base:smeltablesteelmedium] mode:destroy flags[ItemCount;AllowDestroyedItem],item 1 mapper:SmeltMapper,entities/blacksmith/craftRecipes/recipes_blacksmith_furnaces_i.txt,544
SmeltSmallIronItem,Base,Blacksmithing,200,,Furnace,,,,,,,,RecipeCodeOnCreate.smeltIronOrSteelSmall,,Base.CeramicCrucible;Base.CeramicCrucibleSmall;Base.CeramicCrucibleSmall_Iron;Base.CeramicCrucible_Iron,base:charcoal;base:crudetongs;base:smeltableironsmall;base:tongs,,Base.CeramicCrucibleSmall_Iron,SmeltMapper,false,Base.CeramicCrucible;Base.CeramicCrucibleSmall;Base.CeramicCrucibleSmall_Iron;Base.CeramicCrucible_Iron,,,,,,,multi-type: item 1 [Base.CeramicCrucible;Base.CeramicCrucibleSmall;Base.CeramicCrucible_Iron;Base.CeramicCrucibleSmall_Iron] mode:destroy flags[NotFull;ItemCount] mappers[SmeltMapper] ; tags-only: item 1 tags[base:charcoal] ; tags-only: item 1 tags[base:smeltableironsmall] mode:destroy flags[ItemCount;AllowDestroyedItem] ; no-nutrition: item 1 mapper:SmeltMapper,item 1 [Base.CeramicCrucible;Base.CeramicCrucibleSmall;Base.CeramicCrucible_Iron;Base.CeramicCrucibleSmall_Iron] mode:destroy flags[NotFull;ItemCount] mappers[SmeltMapper] | item 1 tags[base:crudetongs;base:tongs] mode:keep flags[MayDegradeLight] | item 1 tags[base:charcoal] | item 1 tags[base:smeltableironsmall] mode:destroy flags[ItemCount;AllowDestroyedItem],item 1 mapper:SmeltMapper,entities/blacksmith/craftRecipes/recipes_blacksmith_furnaces_i.txt,408
SmeltSmallSteelItem,Base,Blacksmithing,200,,AdvancedFurnace,,,,,,,,RecipeCodeOnCreate.smeltIronOrSteelSmall,,Base.CeramicCrucible;Base.CeramicCrucibleSmall;Base.CeramicCrucibleSmall_Steel;Base.CeramicCrucible_Steel,base:charcoal;base:crudetongs;base:smeltablesteelsmall;base:tongs,,Base.CeramicCrucibleSmall_Steel,SmeltMapper,false,Base.CeramicCrucible;Base.CeramicCrucibleSmall;Base.CeramicCrucibleSmall_Steel;Base.CeramicCrucible_Steel,,,,,,,multi-type: item 1 [Base.CeramicCrucible;Base.CeramicCrucibleSmall;Base.CeramicCrucible_Steel;Base.CeramicCrucibleSmall_Steel] mode:destroy flags[NotFull;ItemCount] mappers[SmeltMapper] ; tags-only: item 1 tags[base:charcoal] ; tags-only: item 1 tags[base:smeltablesteelsmall] mode:destroy flags[ItemCount;AllowDestroyedItem] ; no-nutrition: item 1 mapper:SmeltMapper,item 1 [Base.CeramicCrucible;Base.CeramicCrucibleSmall;Base.CeramicCrucible_Steel;Base.CeramicCrucibleSmall_Steel] mode:destroy flags[NotFull;ItemCount] mappers[SmeltMapper] | item 1 tags[base:crudetongs;base:tongs] mode:keep flags[MayDegradeLight] | item 1 tags[base:charcoal] | item 1 tags[base:smeltablesteelsmall] mode:destroy flags[ItemCount;AllowDestroyedItem],item 1 mapper:SmeltMapper,entities/blacksmith/craftRecipes/recipes_blacksmith_furnaces_i.txt,594
SmeltSmallerIronItem,Base,Blacksmithing,200,,Furnace,,,,,,,,RecipeCodeOnCreate.smeltIronOrSteelSmall,,Base.CeramicCrucible;Base.CeramicCrucibleSmall;Base.CeramicCrucibleSmall_Iron;Base.CeramicCrucible_Iron;Base.FishingHook_Forged;Base.ForkForged;Base.IronPiece;Base.Nails;Base.Needle_Forged;Base.SpoonForged,base:charcoal;base:crudetongs;base:tongs,,Base.CeramicCrucibleSmall_Iron,SmeltMapper,false,Base.CeramicCrucible;Base.CeramicCrucibleSmall;Base.CeramicCrucibleSmall_Iron;Base.CeramicCrucible_Iron,,,,,,,multi-type: item 1 [Base.CeramicCrucible;Base.CeramicCrucibleSmall;Base.CeramicCrucible_Iron;Base.CeramicCrucibleSmall_Iron] mode:destroy flags[NotFull;ItemCount] mappers[SmeltMapper] ; tags-only: item 1 tags[base:charcoal] ; multi-type: item 10 [Base.FishingHook_Forged;2:Base.ForkForged;5:Base.IronPiece;Base.Nails;50:Base.Needle_Forged;2:Base.SpoonForged] mode:destroy flags[ItemCount;AllowDestroyedItem;IsExclusive] ; no-nutrition: item 1 mapper:SmeltMapper,item 1 [Base.CeramicCrucible;Base.CeramicCrucibleSmall;Base.CeramicCrucible_Iron;Base.CeramicCrucibleSmall_Iron] mode:destroy flags[NotFull;ItemCount] mappers[SmeltMapper] | item 1 tags[base:crudetongs;base:tongs] mode:keep flags[MayDegradeLight] | item 1 tags[base:charcoal] | item 10 [Base.FishingHook_Forged;2:Base.ForkForged;5:Base.IronPiece;Base.Nails;50:Base.Needle_Forged;2:Base.SpoonForged] mode:destroy flags[ItemCount;AllowDestroyedItem;IsExclusive],item 1 mapper:SmeltMapper,entities/blacksmith/craftRecipes/recipes_blacksmith_furnaces_i.txt,433
SmeltSmallerSteelItem,Base,Blacksmithing,200,,AdvancedFurnace,,,,,,,,RecipeCodeOnCreate.smeltIronOrSteelSmall,,Base.ButterKnife;Base.CeramicCrucible;Base.CeramicCrucibleSmall;Base.CeramicCrucibleSmall_Steel;Base.CeramicCrucible_Steel;Base.FishingHook;Base.Fork;Base.Needle;Base.Screws;Base.Spoon;Base.SteelPiece;Base.TinCanEmpty,base:charcoal;base:crudetongs;base:tongs,,Base.CeramicCrucibleSmall_Steel,SmeltMapper,false,Base.CeramicCrucible;Base.CeramicCrucibleSmall;Base.CeramicCrucibleSmall_Steel;Base.CeramicCrucible_Steel;Base.TinCanEmpty,,,,,,,multi-type: item 1 [Base.CeramicCrucible;Base.CeramicCrucibleSmall;Base.CeramicCrucible_Steel;Base.CeramicCrucibleSmall_Steel] mode:destroy flags[NotFull;ItemCount] mappers[SmeltMapper] ; tags-only: item 1 tags[base:charcoal] ; multi-type: item 10 [Base.FishingHook;2:Base.Fork;5:Base.SteelPiece;Base.Screws;50:Base.Needle;2:Base.Spoon;2:Base.ButterKnife;Base.TinCanEmpty] mode:destroy flags[ItemCount;AllowDestroyedItem;IsExclusive] ; no-nutrition: item 1 mapper:SmeltMapper,item 1 [Base.CeramicCrucible;Base.CeramicCrucibleSmall;Base.CeramicCrucible_Steel;Base.CeramicCrucibleSmall_Steel] mode:destroy flags[NotFull;ItemCount] mappers[SmeltMapper] | item 1 tags[base:crudetongs;base:tongs] mode:keep flags[MayDegradeLight] | item 1 tags[base:charcoal] | item 10 [Base.FishingHook;2:Base.Fork;5:Base.SteelPiece;Base.Screws;50:Base.Needle;2:Base.Spoon;2:Base.ButterKnife;Base.TinCanEmpty] mode:destroy flags[ItemCount;AllowDestroyedItem;IsExclusive],item 1 mapper:SmeltMapper,entities/blacksmith/craftRecipes/recipes_blacksmith_furnaces_i.txt,458
SpikeArmorWelding,Base,Metalworking,300,Welding_Surface,AnySurfaceCraft,MetalWelding:5,MetalWelding:10,true,,MetalWelding:8,,,,,Base.BlowTorch;Base.GreaveScrap_Left;Base.GreaveScrap_Right;Base.Greave_Left;Base.Greave_Right;Base.Nails;Base.ShinKneeGuard_L_Metal;Base.ShinKneeGuard_R_Metal;Base.Shoulderpad_Articulated_L_Metal;Base.Shoulderpad_Articulated_R_Metal;Base.Shoulderpad_MetalScrap_L;Base.Shoulderpad_MetalScrap_R;Base.Shoulderpad_Metal_L;Base.Shoulderpad_Metal_R;Base.ThighMetal_L;Base.ThighMetal_R;Base.ThighScrapMetal_L;Base.ThighScrapMetal_R;Base.VambraceScrap_Left;Base.VambraceScrap_Right;Base.Vambrace_Left;Base.Vambrace_Right,base:weldingmask,,Base.GreaveSpikeScrap_Left;Base.GreaveSpikeScrap_Right;Base.GreaveSpike_Left;Base.GreaveSpike_Right;Base.ShinKneeGuardSpike_L_Metal;Base.ShinKneeGuardSpike_R_Metal;Base.Shoulderpad_ArticulatedSpike_L;Base.Shoulderpad_ArticulatedSpike_R;Base.Shoulderpad_MetalSpikeScrap_L;Base.Shoulderpad_MetalSpikeScrap_R;Base.Shoulderpad_MetalSpike_L;Base.Shoulderpad_MetalSpike_R;Base.ThighMetalSpike_L;Base.ThighMetalSpike_R;Base.ThighScrapMetalSpike_L;Base.ThighScrapMetalSpike_R;Base.VambraceSpikeScrap_Left;Base.VambraceSpikeScrap_Right;Base.VambraceSpike_Left;Base.VambraceSpike_Right,armorMapper,false,Base.BlowTorch,,,,,,,multi-type: item 1 [Base.ThighScrapMetal_L;Base.ThighScrapMetal_R;Base.GreaveScrap_Left;Base.GreaveScrap_Right;Base.VambraceScrap_Left;Base.VambraceScrap_Right;Base.Shoulderpad_MetalScrap_L;Base.Shoulderpad_MetalScrap_R;Base.ThighMetal_L;Base.ThighMetal_R;Base.Greave_Left;Base.Greave_Right;Base.Vambrace_Left;Base.Vambrace_Right;Base.Shoulderpad_Metal_L;Base.Shoulderpad_Metal_R;Base.Shoulderpad_Articulated_L_Metal;Base.Shoulderpad_Articulated_R_Metal;Base.ShinKneeGuard_L_Metal;Base.ShinKneeGuard_R_Metal] mappers[armorMapper] flags[Prop2;CopyClothing] ; no-nutrition: item 2 [Base.BlowTorch] ; not-in-dataset: item 3 [Base.Nails] ; multi-type: item 1 mapper:armorMapper,item 1 [Base.ThighScrapMetal_L;Base.ThighScrapMetal_R;Base.GreaveScrap_Left;Base.GreaveScrap_Right;Base.VambraceScrap_Left;Base.VambraceScrap_Right;Base.Shoulderpad_MetalScrap_L;Base.Shoulderpad_MetalScrap_R;Base.ThighMetal_L;Base.ThighMetal_R;Base.Greave_Left;Base.Greave_Right;Base.Vambrace_Left;Base.Vambrace_Right;Base.Shoulderpad_Metal_L;Base.Shoulderpad_Metal_R;Base.Shoulderpad_Articulated_L_Metal;Base.Shoulderpad_Articulated_R_Metal;Base.ShinKneeGuard_L_Metal;Base.ShinKneeGuard_R_Metal] mappers[armorMapper] flags[Prop2;CopyClothing] | item 2 [Base.BlowTorch] | item 1 tags[base:weldingmask] mode:keep | item 3 [Base.Nails],item 1 mapper:armorMapper,recipes/recipes_metalWelding_Armor.txt,246
SpikePadding,Base,Tailoring,300,MakingHammer_Surface,AnySurfaceCraft,Tailoring:5;Maintenance:1,Tailoring:45;Maintenance:10,true,Tailoring:7;Maintenance:2,,,,,,Base.Nails;Base.ShinKneeGuard_L;Base.ShinKneeGuard_L_Baseball;Base.ShinKneeGuard_L_IceHockey;Base.ShinKneeGuard_L_Protective;Base.ShinKneeGuard_R;Base.ShinKneeGuard_R_Baseball;Base.ShinKneeGuard_R_IceHockey;Base.ShinKneeGuard_R_Protective;Base.Shoulderpad_Football_L;Base.Shoulderpad_Football_R;Base.Vambrace_Leather_Left;Base.Vambrace_Leather_Right,base:awl;base:hammer;base:heavythread;base:leathercrudetannedsmall;base:scissors;base:sewingneedle;base:sharpknife,,Base.ShinKneeGuardSpike_L;Base.ShinKneeGuardSpike_L_Baseball;Base.ShinKneeGuardSpike_L_IceHockey;Base.ShinKneeGuardSpike_L_Protective;Base.ShinKneeGuardSpike_R;Base.ShinKneeGuardSpike_R_Baseball;Base.ShinKneeGuardSpike_R_IceHockey;Base.ShinKneeGuardSpike_R_Protective;Base.Shoulderpad_Football_Spiked_L;Base.Shoulderpad_Football_Spiked_R;Base.Vambrace_LeatherSpike_Left;Base.Vambrace_LeatherSpike_Right,armorMapper,false,,,,,,,,multi-type: item 1 [Base.Shoulderpad_Football_L;Base.Shoulderpad_Football_R;Base.ShinKneeGuard_R;Base.ShinKneeGuard_R_Baseball;Base.ShinKneeGuard_R_IceHockey;Base.ShinKneeGuard_R_Protective;Base.ShinKneeGuard_L;Base.ShinKneeGuard_L_Baseball;Base.ShinKneeGuard_L_IceHockey;Base.ShinKneeGuard_L_Protective;Base.Vambrace_Leather_Right;Base.Vambrace_Leather_Left] mappers[armorMapper] flags[Prop2;CopyClothing] ; tags-only: item 1 tags[base:leathercrudetannedsmall] ; tags-only: item 2 tags[base:heavythread] ; not-in-dataset: item 3 [Base.Nails] ; multi-type: item 1 mapper:armorMapper,item 1 [Base.Shoulderpad_Football_L;Base.Shoulderpad_Football_R;Base.ShinKneeGuard_R;Base.ShinKneeGuard_R_Baseball;Base.ShinKneeGuard_R_IceHockey;Base.ShinKneeGuard_R_Protective;Base.ShinKneeGuard_L;Base.ShinKneeGuard_L_Baseball;Base.ShinKneeGuard_L_IceHockey;Base.ShinKneeGuard_L_Protective;Base.Vambrace_Leather_Right;Base.Vambrace_Leather_Left] mappers[armorMapper] flags[Prop2;CopyClothing] | item 1 tags[base:scissors;base:sharpknife] mode:keep flags[MayDegradeLight] | item 1 tags[base:sewingneedle] mode:keep flags[MayDegradeLight] | item 1 tags[base:awl] mode:keep flags[MayDegradeLight] | item 1 tags[base:leathercrudetannedsmall] | item 2 tags[base:heavythread] | item 1 tags[base:hammer] mode:keep flags[Prop1;MayDegradeVeryLight] | item 3 [Base.Nails],item 1 mapper:armorMapper,recipes/recipes_tailoring_armor.txt,391
SpikePaddingLarge,Base,Tailoring,300,MakingHammer_Surface,AnySurfaceCraft,Tailoring:5;Maintenance:1,Tailoring:45;Maintenance:10,true,Tailoring:7;Maintenance:2,,,base:spikepadding,,,Base.Hat_CrashHelmetFULL;Base.Hat_CrashHelmetFULL_Black;Base.Nails;Base.Shoulderpads_Football;Base.Shoulderpads_FootballOnTop,base:awl;base:hammer;base:heavythread;base:leathercrudetannedsmall;base:scissors;base:sewingneedle;base:sharpknife,,Base.Hat_CrashHelmetFULL_Black_Spiked;Base.Hat_CrashHelmetFULL_Spiked;Base.Shoulderpads_FootballOnTop_Spiked,armorMapper,false,,,,,,,,multi-type: item 1 [Base.Hat_CrashHelmetFULL;Base.Hat_CrashHelmetFULL_Black;Base.Shoulderpads_Football;Base.Shoulderpads_FootballOnTop] mappers[armorMapper] flags[Prop2;CopyClothing] ; tags-only: item 2 tags[base:leathercrudetannedsmall] ; tags-only: item 4 tags[base:heavythread] ; not-in-dataset: item 6 [Base.Nails] ; multi-type: item 1 mapper:armorMapper,item 1 [Base.Hat_CrashHelmetFULL;Base.Hat_CrashHelmetFULL_Black;Base.Shoulderpads_Football;Base.Shoulderpads_FootballOnTop] mappers[armorMapper] flags[Prop2;CopyClothing] | item 1 tags[base:scissors;base:sharpknife] mode:keep flags[MayDegradeLight] | item 1 tags[base:sewingneedle] mode:keep flags[MayDegradeLight] | item 1 tags[base:awl] mode:keep flags[MayDegradeLight] | item 2 tags[base:leathercrudetannedsmall] | item 4 tags[base:heavythread] | item 1 tags[base:hammer] mode:keep flags[Prop1;MayDegradeVeryLight] | item 6 [Base.Nails],item 1 mapper:armorMapper,recipes/recipes_tailoring_armor.txt,434
SpinThreadFromFlax,Base,Farming,300,UseSpinningWheel,SpinningWheel,,,,,,,,RecipeCodeOnCreate.setEcruColor,,Base.FlaxHeckled,,,Base.Thread,,false,Base.Thread,,,,,,,not-in-dataset: item 1 [Base.FlaxHeckled] ; no-nutrition: item 1 Base.Thread,item 1 [Base.FlaxHeckled],item 1 Base.Thread,entities/animals/craftRecipes/recipes_spinning_wheel.txt,35
SpinThreadFromWool,Base,Farming,300,UseSpinningWheel,SpinningWheel,,,,,,,,,,Base.WoolRaw,,,Base.Thread,,false,Base.Thread,,,,,,,not-in-dataset: item 1 [Base.WoolRaw] flags[InheritColor] ; no-nutrition: item 1 Base.Thread,item 1 [Base.WoolRaw] flags[InheritColor],item 1 Base.Thread,entities/animals/craftRecipes/recipes_spinning_wheel.txt,3
SpinYarnFromWool,Base,Farming,300,UseSpinningWheel,SpinningWheel,,,,,,,,,,Base.WoolRaw,,,Base.Yarn,,false,,,,,,,,not-in-dataset: item 1 [Base.WoolRaw] flags[InheritColor] ; not-in-dataset: item 1 Base.Yarn,item 1 [Base.WoolRaw] flags[InheritColor],item 1 Base.Yarn,entities/animals/craftRecipes/recipes_spinning_wheel.txt,19
Split_Gold_Bar,Base,Blacksmithing,200,HammerMetalStanding,PrimitiveForge,Blacksmith:0,,,,,,,,,Base.GoldBar,base:charcoal;base:clubhammer;base:hammer;base:metalworkingchisel;base:tongs,,Base.SmallGoldBar,,false,,,,,,,,tags-only: item 1 tags[base:charcoal] ; not-in-dataset: item 1 [Base.GoldBar] ; not-in-dataset: item 8 Base.SmallGoldBar,item 1 tags[base:charcoal] | item 1 [Base.GoldBar] | item 1 tags[base:hammer;base:clubhammer] mode:keep flags[Prop1;MayDegradeLight] | item 1 tags[base:metalworkingchisel] mode:keep flags[MayDegradeLight] | item 1 tags[base:tongs] mode:keep flags[Prop2;MayDegradeLight],item 8 Base.SmallGoldBar,entities/blacksmith/craftRecipes/recipes_blacksmith_other_metals.txt,255
Split_Silver_Bar,Base,Blacksmithing,200,HammerMetalStanding,PrimitiveForge,Blacksmith:0,,,,,,,,,Base.SilverBar,base:charcoal;base:clubhammer;base:hammer;base:metalworkingchisel;base:tongs,,Base.SmallSilverBar,,false,,,,,,,,tags-only: item 1 tags[base:charcoal] ; not-in-dataset: item 1 [Base.SilverBar] ; not-in-dataset: item 8 Base.SmallSilverBar,item 1 tags[base:charcoal] | item 1 [Base.SilverBar] | item 1 tags[base:hammer;base:clubhammer] mode:keep flags[Prop1;MayDegradeLight] | item 1 tags[base:metalworkingchisel] mode:keep flags[MayDegradeLight] | item 1 tags[base:tongs] mode:keep flags[Prop2;MayDegradeLight],item 8 Base.SmallSilverBar,entities/blacksmith/craftRecipes/recipes_blacksmith_other_metals.txt,234
Split_Steel_Sheet_Into_Small_Sheets,Base,Blacksmithing,200,HammerMetalStanding,Forge,Blacksmith:3,,,,,,,,,Base.SheetMetal,base:ballpeenhammer;base:metalworkingchisel;base:tongs,,Base.SmallSheetMetal,,false,,,,,,,,not-in-dataset: item 1 [Base.SheetMetal] ; not-in-dataset: item 4 Base.SmallSheetMetal,item 1 [Base.SheetMetal] | item 1 tags[base:ballpeenhammer] mode:keep flags[Prop1;MayDegradeLight] | item 1 tags[base:tongs] mode:keep flags[Prop2;MayDegradeLight] | item 1 tags[base:metalworkingchisel] mode:keep flags[MayDegradeLight],item 4 Base.SmallSheetMetal,entities/blacksmith/craftRecipes/recipes_blacksmith_ii.txt,51
TakeACigarette,Base,Miscellaneous,15,TakeCigarette,InHandCraft;CanBeDoneInDark,,,,,,,,,,Base.CigarettePack,,,Base.CigaretteSingle,,false,Base.CigarettePack;Base.CigaretteSingle,0.0,0.0,0.0,0.0,0.0,0.0,,item 1 [Base.CigarettePack] flags[AllowFavorite;InheritFavorite],item 1 Base.CigaretteSingle,recipes/recipes_packing.txt,695
TakeAGarbageBag,Base,,15,Making,InHandCraft;CanBeDoneInDark,,,,,,,,,,Base.Garbagebag_box,,,Base.Garbagebag,,false,Base.Garbagebag_box,,,,,,,no-nutrition: item 1 [Base.Garbagebag_box] ; not-in-dataset: item 1 Base.Garbagebag,item 1 [Base.Garbagebag_box],item 1 Base.Garbagebag,recipes/recipes.txt,329
TakeATissue,Base,,15,Making,InHandCraft;CanBeDoneInDark,,,,,,,,,,Base.TissueBox,,,Base.Tissue,,false,Base.Tissue;Base.TissueBox,,,,,,,no-nutrition: item 1 [Base.TissueBox] ; no-nutrition: item 1 Base.Tissue,item 1 [Base.TissueBox],item 1 Base.Tissue,recipes/recipes.txt,85
TanLeather,Base,Farming,100,TanLeatherBarrel,TanLeather,,,,,,,,,,,base:braintan;base:leathercrudelarge;base:leathercrudemedium;base:leathercrudesmall;base:leatherfurlarge;base:leatherfurmedium;base:leatherfursmall,,Base.Bowl;Base.CalfLeather_Angus_Fur_Tan_Wet;Base.CalfLeather_Holstein_Fur_Tan_Wet;Base.CalfLeather_Simmental_Fur_Tan_Wet;Base.CowLeather_Angus_Fur_Tan_Wet;Base.CowLeather_Holstein_Fur_Tan_Wet;Base.CowLeather_Simmental_Fur_Tan_Wet;Base.DeerLeather_Fur_Tan_Wet;Base.FawnLeather_Fur_Tan_Wet;Base.LambLeather_Fur_Tan_Wet;Base.Leather_Crude_Large_Tan_Wet;Base.Leather_Crude_Medium_Tan_Wet;Base.Leather_Crude_Small_Tan_Wet;Base.PigLeather_Black_Fur_Tan_Wet;Base.PigLeather_Landrace_Fur_Tan_Wet;Base.PigletLeather_Black_Fur_Tan_Wet;Base.PigletLeather_Landrace_Fur_Tan_Wet;Base.RabbitLeather_Fur_Tan_Wet;Base.RaccoonLeather_Grey_Fur_Tan_Wet;Base.SheepLeather_Fur_Tan_Wet,TanLeatherMapper,false,Base.Bowl,,,,,,,tags-only: item 1 tags[base:leathercrudelarge;base:leatherfurlarge;base:leathercrudemedium;base:leatherfurmedium;base:leathercrudesmall;base:leatherfursmall] mappers[TanLeatherMapper] ; tags-only: item 1 tags[base:braintan] ; multi-type: item 1 mapper:TanLeatherMapper ; no-nutrition: item 1 Base.Bowl,item 1 tags[base:leathercrudelarge;base:leatherfurlarge;base:leathercrudemedium;base:leatherfurmedium;base:leathercrudesmall;base:leatherfursmall] mappers[TanLeatherMapper] | item 1 tags[base:braintan],item 1 mapper:TanLeatherMapper | item 1 Base.Bowl,entities/animals/craftRecipes/recipes_leather_prep.txt,161
TarpFootwrap,Base,Tailoring,200,SewingCloth,AnySurfaceCraft,,Tailoring:6,,,,false,,,,Base.DuctTape;Base.TarpPiece,,,Base.Shoes_TarpWrap,,false,Base.DuctTape,,,,,,,not-in-dataset: item 2 [Base.TarpPiece] ; no-nutrition: item 2 [Base.DuctTape] ; not-in-dataset: item 1 Base.Shoes_TarpWrap,item 2 [Base.TarpPiece] | item 2 [Base.DuctTape],item 1 Base.Shoes_TarpWrap,recipes/recipes_tailoring_garbageTapeAndTarp.txt,22
TarpHandwrap,Base,Tailoring,200,SewingCloth,AnySurfaceCraft,,Tailoring:6,,,,false,,,,Base.DuctTape;Base.TarpPiece,,,Base.Gloves_TarpWrap,,false,Base.DuctTape,,,,,,,not-in-dataset: item 2 [Base.TarpPiece] ; no-nutrition: item 1 [Base.DuctTape] ; not-in-dataset: item 1 Base.Gloves_TarpWrap,item 2 [Base.TarpPiece] | item 1 [Base.DuctTape],item 1 Base.Gloves_TarpWrap,recipes/recipes_tailoring_garbageTapeAndTarp.txt,3
TarpHat,Base,Tailoring,200,SewingCloth,AnySurfaceCraft,,Tailoring:6,,,,false,,,,Base.DuctTape;Base.TarpPiece,base:scissors;base:sharpknife,,Base.Hat_TarpHat,,false,Base.DuctTape,,,,,,,not-in-dataset: item 1 [Base.TarpPiece] ; no-nutrition: item 2 [Base.DuctTape] ; not-in-dataset: item 1 Base.Hat_TarpHat,item 1 [Base.TarpPiece] | item 2 [Base.DuctTape] | item 1 tags[base:scissors;base:sharpknife] mode:keep flags[IsNotDull;MayDegradeLight],item 1 Base.Hat_TarpHat,recipes/recipes_tailoring_garbageTapeAndTarp.txt,62
TarpSack,Base,Tailoring,200,SewingCloth,AnySurfaceCraft,,Tailoring:6,,,,false,,,,Base.DuctTape;Base.TarpPiece,base:sewingneedle;base:thread,,Base.Bag_TarpSack,,false,Base.DuctTape,,,,,,,not-in-dataset: item 1 [Base.TarpPiece] ; no-nutrition: item 2 [Base.DuctTape] ; tags-only: item 3 tags[base:thread] ; not-in-dataset: item 1 Base.Bag_TarpSack,item 1 [Base.TarpPiece] | item 2 [Base.DuctTape] | item 1 tags[base:sewingneedle] mode:keep flags[MayDegradeLight] | item 3 tags[base:thread],item 1 Base.Bag_TarpSack,recipes/recipes_tailoring_garbageTapeAndTarp.txt,41
ThreshGrain,Base,Farming,50,Threshing,InHandCraft;Farming,,,,,,,,,,Base.BarleySheafDried;Base.RyeSheafDried;Base.WheatSheafDried,,,Base.BarleySeed;Base.RyeSeed;Base.WheatSeed,grain,false,Base.BarleySeed;Base.BarleySheafDried;Base.RyeSeed;Base.RyeSheafDried;Base.WheatSeed;Base.WheatSheafDried,,,,,,,multi-type: item 1 [Base.BarleySheafDried;Base.RyeSheafDried;Base.WheatSheafDried] mappers[grain] mode:destroy flags[Prop1] ; multi-type: item 1 mapper:grain,item 1 [Base.BarleySheafDried;Base.RyeSheafDried;Base.WheatSheafDried] mappers[grain] mode:destroy flags[Prop1],item 1 mapper:grain,recipes/recipes_farming.txt,419
TieHeadband,Base,Tailoring,50,SewingCloth,InHandCraft;CanBeDoneInDark,,,,,,,,,,Base.LeatherStrips,,,Base.Hat_LeatherStripTied,,false,,,,,,,,not-in-dataset: item 1 [Base.LeatherStrips] mode:destroy ; not-in-dataset: item 1 Base.Hat_LeatherStripTied,item 1 [Base.LeatherStrips] mode:destroy,item 1 Base.Hat_LeatherStripTied,recipes/recipes_tailoring_leatherAndHide.txt,1487
TieRopeBelt,Base,Tailoring,50,Making,InHandCraft;CanBeDoneInDark,,,,,,,,,,Base.Rope,,,Base.RopeBelt,,false,,,,,,,,not-in-dataset: item 1 [Base.Rope] ; not-in-dataset: item 1 Base.RopeBelt,item 1 [Base.Rope],item 1 Base.RopeBelt,recipes/recipes_tailoring.txt,921
UnbundleFirewood,Base,Carpentry,60,Making,InHandCraft;CanBeDoneFromFloor;CanBeDoneInDark,,,,,,,,RecipeCodeOnCreate.splitLogStack,,Base.FirewoodBundle,,,Base.Firewood,,false,,,,,,,,not-in-dataset: item 1 [Base.FirewoodBundle] flags[Prop2] ; not-in-dataset: item 6 Base.Firewood,item 1 [Base.FirewoodBundle] flags[Prop2],item 6 Base.Firewood,recipes/recipes_carpentry.txt,258
UnbundleMoney,Base,Packing,80,Making,InHandCraft;Packing;CanBeDoneInDark,,,,,,,,,,Base.MoneyBundle,,,Base.Money,,false,,,,,,,,not-in-dataset: item 1 [Base.MoneyBundle] flags[AllowFavorite;InheritFavorite] ; not-in-dataset: item 100 Base.Money,item 1 [Base.MoneyBundle] flags[AllowFavorite;InheritFavorite],item 100 Base.Money,recipes/recipes_packing.txt,168
UnmakeSheetSlingBag,Base,Tailoring,50,Making,InHandCraft;CanBeDoneInDark,,,,,,,,,,Base.Bag_SheetSlingBag;Base.Bag_TarpSlingBag,,,Base.Tarp,SheetMapper,false,,,,,,,,multi-type: item 1 [Base.Bag_SheetSlingBag;Base.Bag_TarpSlingBag] flags[IsNotWorn;IsEmpty] mappers[SheetMapper] ; not-in-dataset: item 1 mapper:SheetMapper,item 1 [Base.Bag_SheetSlingBag;Base.Bag_TarpSlingBag] flags[IsNotWorn;IsEmpty] mappers[SheetMapper],item 1 mapper:SheetMapper,recipes/recipes_tailoring.txt,841
UnpackBox12,Base,Packing,5,UnPackBox,InHandCraft;Packing;CanBeDoneInDark,,,,,,,,RecipeCodeOnCreate.unpackBox,,Base.AdhesiveTapeBox;Base.AntibioticsBox;Base.BandageBox;Base.BatteryBox;Base.CottonBallsBox;Base.DuctTapeBox;Base.SutureNeedleBox,,,Base.Antibiotics;Base.Bandage;Base.Battery;Base.CottonBalls;Base.DuctTape;Base.Scotchtape;Base.SutureNeedle,itemType,false,Base.Antibiotics;Base.Battery;Base.DuctTape,,,,,,,multi-type: item 1 [Base.AdhesiveTapeBox;Base.AntibioticsBox;Base.BandageBox;Base.BatteryBox;Base.CottonBallsBox;Base.DuctTapeBox;Base.SutureNeedleBox] mappers[itemType] flags[AllowFavorite;InheritFavorite] ; multi-type: item 12 mapper:itemType,item 1 [Base.AdhesiveTapeBox;Base.AntibioticsBox;Base.BandageBox;Base.BatteryBox;Base.CottonBallsBox;Base.DuctTapeBox;Base.SutureNeedleBox] mappers[itemType] flags[AllowFavorite;InheritFavorite],item 12 mapper:itemType,recipes/recipes_packing.txt,581
UnpackBox6,Base,Packing,5,UnPackBox,InHandCraft;Packing;CanBeDoneInDark,,,,,,,,RecipeCodeOnCreate.unpackBox,,Base.CandleBox;Base.ColdpackBox;Base.LightBulbBox,,,Base.Candle;Base.Coldpack;Base.LightBulb,itemType,false,Base.Candle,,,,,,,multi-type: item 1 [Base.CandleBox;Base.ColdpackBox;Base.LightBulbBox] mappers[itemType] flags[AllowFavorite;InheritFavorite] ; multi-type: item 6 mapper:itemType,item 1 [Base.CandleBox;Base.ColdpackBox;Base.LightBulbBox] mappers[itemType] flags[AllowFavorite;InheritFavorite],item 6 mapper:itemType,recipes/recipes_packing.txt,640
UnpackBoxOfAdhesiveBandages,Base,Packing,50,UnPackBox_Small,InHandCraft;Packing;CanBeDoneInDark,,,,,,,,,,Base.AdhesiveBandageBox,,,Base.Bandaid,,false,,,,,,,,not-in-dataset: item 1 [Base.AdhesiveBandageBox] flags[AllowFavorite;InheritFavorite] ; not-in-dataset: item 24 Base.Bandaid,item 1 [Base.AdhesiveBandageBox] flags[AllowFavorite;InheritFavorite],item 24 Base.Bandaid,recipes/recipes_packing.txt,608
UnpackCigaretteCarton,Base,Packing,5,UnPackBox_Small,InHandCraft;Packing;CanBeDoneInDark,,,,,,,,,,Base.CigaretteCarton,,,Base.CigarettePack,,false,Base.CigarettePack,,,,,,,not-in-dataset: item 1 [Base.CigaretteCarton] flags[AllowFavorite;InheritFavorite],item 1 [Base.CigaretteCarton] flags[AllowFavorite;InheritFavorite],item 10 Base.CigarettePack,recipes/recipes_packing.txt,729
UnpackCigarettes,Base,Miscellaneous,25,UnpackCigarettes,InHandCraft;CanBeDoneInDark,,,,,,,,,,Base.CigarettePack,,,Base.CigaretteSingle,,false,Base.CigarettePack;Base.CigaretteSingle,0.0,0.0,0.0,0.0,0.0,0.0,,item 1 [Base.CigarettePack] mode:destroy flags[IsFull;AllowFavorite;InheritFavorite],item 20 Base.CigaretteSingle,recipes/recipes_packing.txt,663
UnpackSetOfBooks,Base,Packing,80,UnPackBox,InHandCraft;Packing;CanBeDoneInDark,,,,,,,,,,Base.BookAimingSet;Base.BookBlacksmithSet;Base.BookButcheringSet;Base.BookCarpentrySet;Base.BookCarvingSet;Base.BookCookingSet;Base.BookElectricianSet;Base.BookFarmingSet;Base.BookFirstAidSet;Base.BookFishingSet;Base.BookFlintKnappingSet;Base.BookForagingSet;Base.BookGlassmakingSet;Base.BookHusbandrySet;Base.BookLongBladeSet;Base.BookMaintenanceSet;Base.BookMasonrySet;Base.BookMechanicsSet;Base.BookMetalWeldingSet;Base.BookPotterySet;Base.BookReloadingSet;Base.BookTailoringSet;Base.BookTrackingSet;Base.BookTrappingSet,,,Base.BookAiming1;Base.BookAiming2;Base.BookAiming3;Base.BookAiming4;Base.BookAiming5;Base.BookBlacksmith1;Base.BookBlacksmith2;Base.BookBlacksmith3;Base.BookBlacksmith4;Base.BookBlacksmith5;Base.BookButchering1;Base.BookButchering2;Base.BookButchering3;Base.BookButchering4;Base.BookButchering5;Base.BookCarpentry1;Base.BookCarpentry2;Base.BookCarpentry3;Base.BookCarpentry4;Base.BookCarpentry5;Base.BookCarving1;Base.BookCarving2;Base.BookCarving3;Base.BookCarving4;Base.BookCarving5;Base.BookCooking1;Base.BookCooking2;Base.BookCooking3;Base.BookCooking4;Base.BookCooking5;Base.BookElectrician1;Base.BookElectrician2;Base.BookElectrician3;Base.BookElectrician4;Base.BookElectrician5;Base.BookFarming1;Base.BookFarming2;Base.BookFarming3;Base.BookFarming4;Base.BookFarming5;Base.BookFirstAid1;Base.BookFirstAid2;Base.BookFirstAid3;Base.BookFirstAid4;Base.BookFirstAid5;Base.BookFishing1;Base.BookFishing2;Base.BookFishing3;Base.BookFishing4;Base.BookFishing5;Base.BookFlintKnapping1;Base.BookFlintKnapping2;Base.BookFlintKnapping3;Base.BookFlintKnapping4;Base.BookFlintKnapping5;Base.BookForaging1;Base.BookForaging2;Base.BookForaging3;Base.BookForaging4;Base.BookForaging5;Base.BookGlassmaking1;Base.BookGlassmaking2;Base.BookGlassmaking3;Base.BookGlassmaking4;Base.BookGlassmaking5;Base.BookHusbandry1;Base.BookHusbandry2;Base.BookHusbandry3;Base.BookHusbandry4;Base.BookHusbandry5;Base.BookLongBlade1;Base.BookLongBlade2;Base.BookLongBlade3;Base.BookLongBlade4;Base.BookLongBlade5;Base.BookMaintenance1;Base.BookMaintenance2;Base.BookMaintenance3;Base.BookMaintenance4;Base.BookMaintenance5;Base.BookMasonry1;Base.BookMasonry2;Base.BookMasonry3;Base.BookMasonry4;Base.BookMasonry5;Base.BookMechanic1;Base.BookMechanic2;Base.BookMechanic3;Base.BookMechanic4;Base.BookMechanic5;Base.BookMetalWelding1;Base.BookMetalWelding2;Base.BookMetalWelding3;Base.BookMetalWelding4;Base.BookMetalWelding5;Base.BookPottery1;Base.BookPottery2;Base.BookPottery3;Base.BookPottery4;Base.BookPottery5;Base.BookReloading1;Base.BookReloading2;Base.BookReloading3;Base.BookReloading4;Base.BookReloading5;Base.BookTailoring1;Base.BookTailoring2;Base.BookTailoring3;Base.BookTailoring4;Base.BookTailoring5;Base.BookTracking1;Base.BookTracking2;Base.BookTracking3;Base.BookTracking4;Base.BookTracking5;Base.BookTrapping1;Base.BookTrapping2;Base.BookTrapping3;Base.BookTrapping4;Base.BookTrapping5,book1;book2;book3;book4;book5,false,,,,,,,,multi-type: item 1 [Base.BookAimingSet;Base.BookHusbandrySet;Base.BookButcheringSet;Base.BookCarpentrySet;Base.BookCarvingSet;Base.BookCookingSet;Base.BookElectricianSet;Base.BookFarmingSet;Base.BookFirstAidSet;Base.BookFishingSet;Base.BookForagingSet;Base.BookGlassmakingSet;Base.BookLongBladeSet;Base.BookMasonrySet;Base.BookMechanicsSet;Base.BookBlacksmithSet;Base.BookMetalWeldingSet;Base.BookReloadingSet;Base.BookTailoringSet;Base.BookTrackingSet;Base.BookTrappingSet;Base.BookFlintKnappingSet;Base.BookMaintenanceSet;Base.BookPotterySet] mappers[book1;book2;book3;book4;book5] flags[AllowFavorite;InheritFavorite] ; multi-type: item 1 mapper:book1 ; multi-type: item 1 mapper:book2 ; multi-type: item 1 mapper:book3 ; multi-type: item 1 mapper:book4 ; multi-type: item 1 mapper:book5,item 1 [Base.BookAimingSet;Base.BookHusbandrySet;Base.BookButcheringSet;Base.BookCarpentrySet;Base.BookCarvingSet;Base.BookCookingSet;Base.BookElectricianSet;Base.BookFarmingSet;Base.BookFirstAidSet;Base.BookFishingSet;Base.BookForagingSet;Base.BookGlassmakingSet;Base.BookLongBladeSet;Base.BookMasonrySet;Base.BookMechanicsSet;Base.BookBlacksmithSet;Base.BookMetalWeldingSet;Base.BookReloadingSet;Base.BookTailoringSet;Base.BookTrackingSet;Base.BookTrappingSet;Base.BookFlintKnappingSet;Base.BookMaintenanceSet;Base.BookPotterySet] mappers[book1;book2;book3;book4;book5] flags[AllowFavorite;InheritFavorite],item 1 mapper:book1 | item 1 mapper:book2 | item 1 mapper:book3 | item 1 mapper:book4 | item 1 mapper:book5,recipes/recipes_packing.txt,379
UnpackSleepingBag,Base,Miscellaneous,25,PutInBag,InHandCraft;CanBeDoneInDark,,,,,,,,,,Base.SleepingBag_BluePlaid_Packed;Base.SleepingBag_Camo_Packed;Base.SleepingBag_Cheap_Blue_Packed;Base.SleepingBag_Cheap_Green2_Packed;Base.SleepingBag_Cheap_Green_Packed;Base.SleepingBag_GreenPlaid_Packed;Base.SleepingBag_Green_Packed;Base.SleepingBag_Hide_Packed;Base.SleepingBag_HighQuality_Brown_Packed;Base.SleepingBag_RedPlaid_Packed;Base.SleepingBag_Spiffo_Packed,,,Base.SleepingBag_BluePlaid;Base.SleepingBag_Camo;Base.SleepingBag_Cheap_Blue;Base.SleepingBag_Cheap_Green;Base.SleepingBag_Cheap_Green2;Base.SleepingBag_Green;Base.SleepingBag_GreenPlaid;Base.SleepingBag_Hide;Base.SleepingBag_HighQuality_Brown;Base.SleepingBag_RedPlaid;Base.SleepingBag_Spiffo,bagTypes,false,,,,,,,,multi-type: item 1 [Base.SleepingBag_BluePlaid_Packed;Base.SleepingBag_Camo_Packed;Base.SleepingBag_Cheap_Blue_Packed;Base.SleepingBag_Cheap_Green_Packed;Base.SleepingBag_Cheap_Green2_Packed;Base.SleepingBag_Green_Packed;Base.SleepingBag_GreenPlaid_Packed;Base.SleepingBag_Hide_Packed;Base.SleepingBag_HighQuality_Brown_Packed;Base.SleepingBag_RedPlaid_Packed;Base.SleepingBag_Spiffo_Packed] mappers[bagTypes] ; multi-type: item 1 mapper:bagTypes,item 1 [Base.SleepingBag_BluePlaid_Packed;Base.SleepingBag_Camo_Packed;Base.SleepingBag_Cheap_Blue_Packed;Base.SleepingBag_Cheap_Green_Packed;Base.SleepingBag_Cheap_Green2_Packed;Base.SleepingBag_Green_Packed;Base.SleepingBag_GreenPlaid_Packed;Base.SleepingBag_Hide_Packed;Base.SleepingBag_HighQuality_Brown_Packed;Base.SleepingBag_RedPlaid_Packed;Base.SleepingBag_Spiffo_Packed] mappers[bagTypes],item 1 mapper:bagTypes,recipes/recipes_sleepingbags_and_tents.txt,33
UnpackTent,Base,Miscellaneous,50,PutInBag,InHandCraft;CanBeDoneInDark,,,,,,,,,,Base.CampingTentKit2_Packed;Base.HideTent_Packed;Base.ImprovisedTentKit_Packed;Base.TentBlue_Packed;Base.TentBrown_Packed;Base.TentGreen_Packed;Base.TentYellow_Packed,,,Base.CampingTentKit2;Base.HideTent;Base.ImprovisedTentKit;Base.TentBlue;Base.TentBrown;Base.TentGreen;Base.TentYellow,tentType,false,,,,,,,,multi-type: item 1 [Base.TentBlue_Packed;Base.TentBrown_Packed;Base.TentGreen_Packed;Base.HideTent_Packed;Base.TentYellow_Packed;Base.CampingTentKit2_Packed;Base.ImprovisedTentKit_Packed] mappers[tentType] ; multi-type: item 1 mapper:tentType,item 1 [Base.TentBlue_Packed;Base.TentBrown_Packed;Base.TentGreen_Packed;Base.HideTent_Packed;Base.TentYellow_Packed;Base.CampingTentKit2_Packed;Base.ImprovisedTentKit_Packed] mappers[tentType],item 1 mapper:tentType,recipes/recipes_sleepingbags_and_tents.txt,89
UnpackTongueDepressors,Base,Packing,5,UnPackBox_Small,InHandCraft;Packing;CanBeDoneInDark,,,,,,,,,,Base.TongueDepressorBox,,,Base.TongueDepressor,,false,,,,,,,,not-in-dataset: item 1 [Base.TongueDepressorBox] flags[AllowFavorite;InheritFavorite] ; not-in-dataset: item 20 Base.TongueDepressor,item 1 [Base.TongueDepressorBox] flags[AllowFavorite;InheritFavorite],item 20 Base.TongueDepressor,recipes/recipes_packing.txt,624
UnstackFourLogs,Base,Carpentry,60,Making,InHandCraft;CanBeDoneFromFloor;CanBeDoneInDark,,,,,,,,RecipeCodeOnCreate.splitLogStack,,Base.LogStacks4,,,Base.Log,,false,,,,,,,,not-in-dataset: item 1 [Base.LogStacks4] ; not-in-dataset: item 4 Base.Log,item 1 [Base.LogStacks4],item 4 Base.Log,recipes/recipes_carpentry.txt,223
UnstackThreeLogs,Base,Carpentry,60,Making,InHandCraft;CanBeDoneFromFloor;CanBeDoneInDark,,,,,,,,RecipeCodeOnCreate.splitLogStack,,Base.LogStacks3,,,Base.Log,,false,,,,,,,,not-in-dataset: item 1 [Base.LogStacks3] ; not-in-dataset: item 3 Base.Log,item 1 [Base.LogStacks3],item 3 Base.Log,recipes/recipes_carpentry.txt,206
UnstackTwoLogs,Base,Carpentry,60,Making,InHandCraft;CanBeDoneFromFloor;CanBeDoneInDark,,,,,,,,RecipeCodeOnCreate.splitLogStack,,Base.LogStacks2,,,Base.Log,,false,,,,,,,,not-in-dataset: item 1 [Base.LogStacks2] ; not-in-dataset: item 2 Base.Log,item 1 [Base.LogStacks2],item 2 Base.Log,recipes/recipes_carpentry.txt,189
UntieHeadband,Base,Tailoring,50,SewingCloth,InHandCraft;CanBeDoneInDark,,,,,,,,RecipeCodeOnCreate.untieHeadband,,Base.Hat_LeatherStripTied,,,Base.LeatherStrips,,false,,,,,,,,not-in-dataset: item 1 [Base.Hat_LeatherStripTied] ; not-in-dataset: item 1 Base.LeatherStrips,item 1 [Base.Hat_LeatherStripTied],item 1 Base.LeatherStrips,recipes/recipes_tailoring_leatherAndHide.txt,1503
UntieRopeBelt,Base,Tailoring,50,Making,InHandCraft;CanBeDoneInDark,,,,,,,,,,Base.RopeBelt,,,Base.Rope,,false,,,,,,,,not-in-dataset: item 1 [Base.RopeBelt] flags[IsNotWorn] ; not-in-dataset: item 1 Base.Rope,item 1 [Base.RopeBelt] flags[IsNotWorn],item 1 Base.Rope,recipes/recipes_tailoring.txt,862
UntieSheetRope,Base,,50,Making,InHandCraft;CanBeDoneInDark,,,,,,,,,,Base.SheetRope,,,Base.Sheet,,false,,,,,,,,not-in-dataset: item 1 [Base.SheetRope] ; not-in-dataset: item 1 Base.Sheet,item 1 [Base.SheetRope],item 1 Base.Sheet,recipes/recipes.txt,202
WeaveBurlap,Base,Farming,200,UseLoom,Weaving,,,,,,,,,,Base.Dogbane;Base.HempScutched,,,Base.BurlapPiece,,false,,,,,,,,multi-type: item 3 [Base.HempScutched;Base.Dogbane] ; not-in-dataset: item 1 Base.BurlapPiece,item 3 [Base.HempScutched;Base.Dogbane],item 1 Base.BurlapPiece,entities/agricultural/workstations/entity_simple_loom_craftRecipe.txt,35
WeaveCheeseCloth,Base,Farming,60,UseLoom,Weaving,,,,,,,,,,Base.Thread,,,Base.CheeseCloth,,false,Base.Thread,,,,,,,no-nutrition: item 20 [Base.Thread] ; not-in-dataset: item 1 Base.CheeseCloth,item 20 [Base.Thread],item 1 Base.CheeseCloth,entities/agricultural/workstations/entity_simple_loom_craftRecipe.txt,19
WeaveCloth,Base,Farming,300,UseLoom,Weaving,,,,,,,,,,Base.Thread,,,Base.FabricRoll_Cotton,,false,Base.FabricRoll_Cotton;Base.Thread,,,,,,,no-nutrition: item 400 [Base.Thread] flags[InheritColor] ; no-nutrition: item 1 Base.FabricRoll_Cotton,item 400 [Base.Thread] flags[InheritColor],item 1 Base.FabricRoll_Cotton,entities/agricultural/workstations/entity_simple_loom_craftRecipe.txt,3
WeaveTwineShoes,Base,Tailoring,200,SewingCloth,AnySurfaceCraft,Tailoring:1,Tailoring:9,true,Tailoring:4,,false,,,,Base.Twine,,,Base.Shoes_Twine,,false,Base.Twine,,,,,,,no-nutrition: item 5 [Base.Twine] ; not-in-dataset: item 1 Base.Shoes_Twine,item 5 [Base.Twine],item 1 Base.Shoes_Twine,recipes/recipes_tailoring.txt,937
WireSpear,Base,Weaponry,300,CraftKnifeSpear,InHandCraft;Survivalist,Maintenance:1,Maintenance:10,true,Maintenance:3;Spear:1,,,base:bindspear,RecipeCodeOnCreate.slightlyMoreDurable,,Base.BrokenGlass;Base.CrudeBlade;Base.CrudeKnife;Base.ElectricWire;Base.FightingKnife;Base.FlintKnife;Base.HandFork;Base.HuntingKnife;Base.HuntingKnifeForged;Base.KitchenKnife;Base.KitchenKnifeForged;Base.LargeKnife;Base.LargeKnife_Scrap;Base.LongCrudeBlade;Base.LongCrudeKnife;Base.LongStick;Base.Plunger;Base.Sapling;Base.Scissors;Base.Screwdriver;Base.Screwdriver_Old;Base.SharpBoneFragment;Base.SharpBone_Long;Base.SmallKnife;Base.SmashedBottle;Base.SteakKnife;Base.StoneBlade;Base.StoneBladeLong;Base.StoneKnifeLong;Base.Wire,base:pliers,,Base.SpearCrude;Base.SpearCrudeLong;Base.SpearFightingKnife;Base.SpearGlass;Base.SpearHandFork;Base.SpearHuntingKnife;Base.SpearKnife;Base.SpearKnifeSmall;Base.SpearLargeKnife;Base.SpearScissors;Base.SpearScrapKnife;Base.SpearScrewdriver;Base.SpearSteakKnife;Base.SpearStone;Base.SpearStoneLong;Base.Spear_Bone;Base.Spear_BoneLong;Base.Spear_Plunger,SpearMapper,false,Base.Wire,,,,,,,multi-type: item 1 [Base.SmallKnife;Base.LargeKnife;Base.LargeKnife_Scrap;Base.FightingKnife;Base.BrokenGlass;Base.CrudeBlade;Base.CrudeKnife;Base.FlintKnife;Base.HandFork;Base.HuntingKnife;Base.HuntingKnifeForged;Base.KitchenKnife;Base.KitchenKnifeForged;Base.LongCrudeBlade;Base.LongCrudeKnife;Base.Plunger;Base.Scissors;Base.Screwdriver;Base.Screwdriver_Old;Base.SharpBone_Long;Base.SharpBoneFragment;Base.SmashedBottle;Base.StoneBlade;Base.StoneBladeLong;Base.StoneKnifeLong;Base.SteakKnife] mappers[SpearMapper] flags[IsHeadPart;InheritSharpness] ; multi-type: item 1 [Base.LongStick;Base.Sapling] flags[Prop2;InheritCondition] ; multi-type: item 2 [Base.Wire;Base.ElectricWire] ; multi-type: item 1 mapper:SpearMapper,item 1 [Base.SmallKnife;Base.LargeKnife;Base.LargeKnife_Scrap;Base.FightingKnife;Base.BrokenGlass;Base.CrudeBlade;Base.CrudeKnife;Base.FlintKnife;Base.HandFork;Base.HuntingKnife;Base.HuntingKnifeForged;Base.KitchenKnife;Base.KitchenKnifeForged;Base.LongCrudeBlade;Base.LongCrudeKnife;Base.Plunger;Base.Scissors;Base.Screwdriver;Base.Screwdriver_Old;Base.SharpBone_Long;Base.SharpBoneFragment;Base.SmashedBottle;Base.StoneBlade;Base.StoneBladeLong;Base.StoneKnifeLong;Base.SteakKnife] mappers[SpearMapper] flags[IsHeadPart;InheritSharpness] | item 1 [Base.LongStick;Base.Sapling] flags[Prop2;InheritCondition] | item 2 [Base.Wire;Base.ElectricWire] | item 1 tags[base:pliers] mode:keep flags[Prop1;MayDegradeLight],item 1 mapper:SpearMapper,recipes/recipes_spears.txt,148
churn_butter,Base,Farming,500,,ChurnBucket,,,,,,,,,,*,,CowMilk;SheepMilk,Base.Butter,,true,Base.Butter,,,,,,,wildcard: item 1 [*],item 1 [*] | -fluid 5.0 [CowMilk;SheepMilk] mode:mixture,item 1 Base.Butter,entities/animals/craftRecipes/recipes_butter_churn.txt,3
dry_mint,Base,Farming,86400,,DryingRackHerb,,,,,,,,,,Base.MintHerb,,,Base.MintHerbDried,,false,Base.MintHerb;Base.MintHerbDried,,,,,,,variable-amount: item variable[1:20] [Base.MintHerb] ; variable-amount: item variable[1:20] Base.MintHerbDried,item variable[1:20] [Base.MintHerb],item variable[1:20] Base.MintHerbDried,entities/agricultural/workstations/entity_Herb_Drying_Rack_craftRecipe.txt,83
forge_garden_fork_head,Base,Tools,400,HammerMetalStanding,PrimitiveForge,Blacksmith:8,Blacksmith:45,true,Blacksmith:10,,,,,,Base.PiercedSteelBlock,base:ballpeenhammer;base:charcoal;base:metalworkingpunch;base:tongs,,Base.GardenForkHead_Forged,,false,,,,,,,,tags-only: item 6 tags[base:charcoal] ; not-in-dataset: item 1 [Base.PiercedSteelBlock] ; not-in-dataset: item 1 Base.GardenForkHead_Forged,item 6 tags[base:charcoal] | item 1 [Base.PiercedSteelBlock] | item 1 tags[base:ballpeenhammer] mode:keep flags[MayDegradeLight] | item 1 tags[base:tongs] mode:keep flags[MayDegradeLight] | item 1 tags[base:metalworkingpunch] mode:keep flags[MayDegradeLight],item 1 Base.GardenForkHead_Forged,entities/blacksmith/craftRecipes/recipes_blacksmith_heads.txt,51
open_mac_and_cheese,Base,Cooking,80,Making,InHandCraft;Cooking;CanBeDoneInDark,,,,,,,,RecipeCodeOnCreate.openMacAndCheese,,Base.Macandcheese,,,Base.Macaroni;Base.cheese_powdered,,false,Base.Macandcheese;Base.Macaroni;Base.cheese_powdered,2800.0,550.7,13.7,112.0,-74.0,74.0,,item 1 [Base.Macandcheese] flags[AllowFavorite;InheritFavorite;Prop2],item 1 Base.Macaroni | item 1 Base.cheese_powdered,recipes/recipes_cooking.txt,1171
place_ammo_in_box,Base,Packing,15,PlaceAmmoInBox,InHandCraft,,,,,,,,,,Base.3030Bullets;Base.308Bullets;Base.556Bullets;Base.Bullets357;Base.Bullets38;Base.Bullets44;Base.Bullets45;Base.Bullets9mm;Base.ShotgunShells,,,Base.3030Box;Base.308Box;Base.556Box;Base.Bullets357Box;Base.Bullets38Box;Base.Bullets44Box;Base.Bullets45Box;Base.Bullets9mmBox;Base.ShotgunShellsBox,ammoType,false,,,,,,,,multi-type: item 20 [Base.Bullets44;Base.308Bullets;25:Base.ShotgunShells;Base.556Bullets;50:Base.Bullets9mm;50:Base.Bullets45;50:Base.Bullets38;50:Base.Bullets357;Base.3030Bullets] mappers[ammoType] flags[AllowFavorite;InheritFavorite;IsExclusive] ; multi-type: item 1 mapper:ammoType,item 20 [Base.Bullets44;Base.308Bullets;25:Base.ShotgunShells;Base.556Bullets;50:Base.Bullets9mm;50:Base.Bullets45;50:Base.Bullets38;50:Base.Bullets357;Base.3030Bullets] mappers[ammoType] flags[AllowFavorite;InheritFavorite;IsExclusive],item 1 mapper:ammoType,recipes/recipes_ammunition.txt,85
put_oxygen_tank,Base,Miscellaneous,60,Making,InHandCraft;CanBeDoneInDark,,,,,,false,,RecipeCodeOnCreate.addOxygenTank,Tooltip_Recipe_CantBeWorn,Base.Oxygen_Tank,base:hazmatsuit;base:scba,,,,false,Base.Oxygen_Tank,,,,,,,no-outputs,item 1 tags[base:hazmatsuit;base:scba] flags[IsNotWorn;AllowFavorite;InheritFavorite;CopyClothing;ItemCount] mode:keep | item 1 [Base.Oxygen_Tank] flags[ItemCount;NotEmpty] mode:destroy,,recipes/recipes_gasmasks.txt,190
remove_oxygen_tank,Base,Miscellaneous,60,Making,InHandCraft;CanBeDoneInDark,,,,,,false,,RecipeCodeOnCreate.removeOxygenTank,Tooltip_Recipe_CantBeWorn,,base:hazmatsuit;base:scba,,,,false,,,,,,,,no-outputs,item 1 tags[base:hazmatsuit;base:scba] mode:keep flags[IsNotWorn;AllowFavorite;InheritFavorite;ItemCount],,recipes/recipes_gasmasks.txt,174
scrap_jewellery,Base,Metalworking,200,SawSmallItemMetal,AnySurfaceCraft,,,,,,,,RecipeCodeOnCreate.scrapJewellery,,,base:2diamondjewellery;base:2emeraldjewellery;base:2rubyjewellery;base:2sapphirejewellery;base:amethystjewellery;base:diamondjewellery;base:emeraldjewellery;base:lightmetalsnips;base:metalworkingpliers;base:pliers;base:rubyjewellery;base:sapphirejewellery;base:smallsaw,,,,false,,,,,,,,no-outputs,item 1 tags[base:diamondjewellery;base:2diamondjewellery;base:emeraldjewellery;base:2emeraldjewellery;base:rubyjewellery;base:2rubyjewellery;base:sapphirejewellery;base:2sapphirejewellery;base:amethystjewellery] flags[Prop2;AllowDestroyedItem] | item 1 tags[base:smallsaw;base:pliers;base:metalworkingpliers;base:lightmetalsnips] mode:keep flags[Prop1;MayDegradeVeryLight],,entities/blacksmith/craftRecipes/recipes_blacksmith_other_metals.txt,418
stack_items,Base,Packing,100,Making,InHandCraft;Packing,,,,,,,,,,Base.AlcoholRippedSheets;Base.BarbedWire;Base.DenimStrips;Base.DenimStripsDirty;Base.LeatherStrips;Base.LeatherStripsDirty;Base.Money;Base.RippedSheets;Base.RippedSheetsDirty;Base.Rope;Base.SheetRope;Base.Twigs;Base.Wire,,,Base.BarbedWireStack;Base.DenimStripsBundle;Base.DenimStripsDirtyBundle;Base.LeatherStripsBundle;Base.LeatherStripsDirtyBundle;Base.MoneyBundle;Base.RippedSheetsBundle;Base.RippedSheetsDirtyBundle;Base.RippedSheetsSterilizedBundle;Base.RopeStack;Base.SheetRopeBundle;Base.TwigsBundle;Base.WireStack,itemType,false,Base.Wire,,,,,,,multi-type: item 12 [Base.RippedSheets;Base.RippedSheetsDirty;Base.AlcoholRippedSheets;Base.DenimStrips;Base.DenimStripsDirty;Base.LeatherStrips;Base.LeatherStripsDirty;Base.Twigs;Base.SheetRope;Base.Rope;Base.BarbedWire;Base.Wire;100:Base.Money] mode:destroy mappers[itemType] flags[IsFull;AllowFavorite;InheritFavorite;ItemCount;IsExclusive] ; multi-type: item 1 mapper:itemType,item 12 [Base.RippedSheets;Base.RippedSheetsDirty;Base.AlcoholRippedSheets;Base.DenimStrips;Base.DenimStripsDirty;Base.LeatherStrips;Base.LeatherStripsDirty;Base.Twigs;Base.SheetRope;Base.Rope;Base.BarbedWire;Base.Wire;100:Base.Money] mode:destroy mappers[itemType] flags[IsFull;AllowFavorite;InheritFavorite;ItemCount;IsExclusive],item 1 mapper:itemType,recipes/recipes_packing.txt,793
unstack_items,Base,Packing,100,Making,InHandCraft;Packing;CanBeDoneInDark,,,,,,,,,,Base.BarbedWireStack;Base.DenimStripsBundle;Base.DenimStripsDirtyBundle;Base.LeatherStripsBundle;Base.LeatherStripsDirtyBundle;Base.RippedSheetsBundle;Base.RippedSheetsDirtyBundle;Base.RippedSheetsSterilizedBundle;Base.RopeStack;Base.SheetRopeBundle;Base.TwigsBundle;Base.WireStack,,,Base.AlcoholRippedSheets;Base.BarbedWire;Base.DenimStrips;Base.DenimStripsDirty;Base.LeatherStrips;Base.LeatherStripsDirty;Base.RippedSheets;Base.RippedSheetsDirty;Base.Rope;Base.SheetRope;Base.Twigs;Base.Wire,itemType,false,Base.Wire,,,,,,,multi-type: item 1 [Base.RippedSheetsBundle;Base.RippedSheetsDirtyBundle;Base.RippedSheetsSterilizedBundle;Base.DenimStripsBundle;Base.DenimStripsDirtyBundle;Base.LeatherStripsBundle;Base.LeatherStripsDirtyBundle;Base.TwigsBundle;Base.RopeStack;Base.SheetRopeBundle;Base.BarbedWireStack;Base.WireStack] mappers[itemType] flags[AllowFavorite;InheritFavorite] ; multi-type: item 12 mapper:itemType,item 1 [Base.RippedSheetsBundle;Base.RippedSheetsDirtyBundle;Base.RippedSheetsSterilizedBundle;Base.DenimStripsBundle;Base.DenimStripsDirtyBundle;Base.LeatherStripsBundle;Base.LeatherStripsDirtyBundle;Base.TwigsBundle;Base.RopeStack;Base.SheetRopeBundle;Base.BarbedWireStack;Base.WireStack] mappers[itemType] flags[AllowFavorite;InheritFavorite],item 12 mapper:itemType,recipes/recipes_packing.txt,762
