run,key,value,why,read_instead
exp03-20260910-045523,rows.r3_6_movement.row3_walking.caloriesRatioVsIdle,`measured: 1.2399` (vs `predicted: 4.875`),"The branch has 5 moving samples at indices 0, 1, 13, 27, 39 — one adjacent pair and three isolated ones. A least-squares line through them charges ~35 s of idle time to the walking branch, so the number measures the sampling gaps. The current guard writes `null` here. **Rows 3–6 are not measured.**",
exp03-20260910-045523,summary.r3_6.row3_walking.ratio,`measured: 1.2399` (vs `predicted: 4.875`),"The branch has 5 moving samples at indices 0, 1, 13, 27, 39 — one adjacent pair and three isolated ones. A least-squares line through them charges ~35 s of idle time to the walking branch, so the number measures the sampling gaps. The current guard writes `null` here. **Rows 3–6 are not measured.**",
exp03-20260910-045523,summary.r8.hungerExactlyFlat,`false`,"The queued `ISEatFoodAction` completed 9 samples into the window, so the whole-window fit straddles the gate. The gated segment (samples 0–8) is in fact bit-exactly flat at hunger `0.2`; read `rows.r8_food_eaten.raw` split at sample 9. The current script writes `null` plus a reason when the gate is not up for every sample.",read `rows.r8_food_eaten.raw` split at sample 9
exp03-20260910-045523,summary.r12.allBandsMatch,`false`,"The two `false` bands are the 50 kg / 65 kg weight drift above, not a band-boundary mismatch. **Seven** of the eleven weights held exactly (70 / 75 / 80 / 85 / 95 / 100 / 105 — those whose gain threshold sat above the primed 500 kcal); the four low ones (45 / 50 / 55 / 65) drifted, and **nine of the eleven bands match**. The current script writes `null` plus `allBandsMatchReason` whenever a weight drifted, and surfaces `allWeightsHeldExactly`.",
exp03-20260910-045523,rows.r8_food_eaten.foodTimerDecayNote,"`""~1200 units/real-s at settimespeed 30 (measured at speed 1 in the smoke run); 11000 from a real eat lasts <10 s there""`","Wrong in mechanism and ~20 % out in number. The decay is not on a frame/real clock: it is `minutesPerDay/30` units per **game**-second — **3.000** on this fixture's 90-minute day, measured flat across this row's own samples 0–8 (the same file's `rows.r8_food_eaten.raw`), 2.0 on the 60-minute default, frame-rate independent and, in game time, independent of `settimespeed`. The real wall-clock figure at speed 30 on this fixture is ≈1 438 units/real-s, not ~1 200. Read [`facts/body-and-weight.md#moodles`](../facts/body-and-weight.md#moodles) instead; the note text is corrected in the current script.","Read [`facts/body-and-weight.md#moodles`](../facts/body-and-weight.md#moodles) instead"
scenario-20260910-052624,evaluation.carb_drain_per_game_day,`−300.3`,"Whole-run fit. The subject died at game-hour 35 and `Nutrition.update` stops on a corpse, so the partial pre-death hour (h34→h35, a −9.57 carb step against a −12.59 full hour) is inside the window and the 37 dead hours contribute nothing. Over the alive window the same fit gives **−302.4 /game-day**, which is the figure that matches `0.0035 × 86 400` and the one runs 2 and 3 return over their whole traces.",
scenario-20260910-052624,evaluation.calorie_burn_per_game_day,`−1389.9`,"Same contamination, same cause: **−1399.7 /game-day** over the alive window.",
scenario-20260910-052624,evaluation.measured_delta_kg,"`1.073`, `0.358`, `81.073`, `3700`, `−437.9`, `−141.4`, `0.7`, `0`",Corpse readings taken 37 game-hours after the stores stopped moving. The live model check on this run is the **alive window**: measured **+1.045 kg** vs predicted **+1.057** over 34 game-hours.,
scenario-20260910-052624,measured_kg_per_game_day,"`1.073`, `0.358`, `81.073`, `3700`, `−437.9`, `−141.4`, `0.7`, `0`",Corpse readings taken 37 game-hours after the stores stopped moving. The live model check on this run is the **alive window**: measured **+1.045 kg** vs predicted **+1.057** over 34 game-hours.,
scenario-20260910-052624,weight_end_kg,"`1.073`, `0.358`, `81.073`, `3700`, `−437.9`, `−141.4`, `0.7`, `0`",Corpse readings taken 37 game-hours after the stores stopped moving. The live model check on this run is the **alive window**: measured **+1.045 kg** vs predicted **+1.057** over 34 game-hours.,
scenario-20260910-052624,calories_end,"`1.073`, `0.358`, `81.073`, `3700`, `−437.9`, `−141.4`, `0.7`, `0`",Corpse readings taken 37 game-hours after the stores stopped moving. The live model check on this run is the **alive window**: measured **+1.045 kg** vs predicted **+1.057** over 34 game-hours.,
scenario-20260910-052624,carbs_end,"`1.073`, `0.358`, `81.073`, `3700`, `−437.9`, `−141.4`, `0.7`, `0`",Corpse readings taken 37 game-hours after the stores stopped moving. The live model check on this run is the **alive window**: measured **+1.045 kg** vs predicted **+1.057** over 34 game-hours.,
scenario-20260910-052624,lipids_end,"`1.073`, `0.358`, `81.073`, `3700`, `−437.9`, `−141.4`, `0.7`, `0`",Corpse readings taken 37 game-hours after the stores stopped moving. The live model check on this run is the **alive window**: measured **+1.045 kg** vs predicted **+1.057** over 34 game-hours.,
scenario-20260910-052624,hunger_end,"`1.073`, `0.358`, `81.073`, `3700`, `−437.9`, `−141.4`, `0.7`, `0`",Corpse readings taken 37 game-hours after the stores stopped moving. The live model check on this run is the **alive window**: measured **+1.045 kg** vs predicted **+1.057** over 34 game-hours.,
scenario-20260910-052624,health_end,"`1.073`, `0.358`, `81.073`, `3700`, `−437.9`, `−141.4`, `0.7`, `0`",Corpse readings taken 37 game-hours after the stores stopped moving. The live model check on this run is the **alive window**: measured **+1.045 kg** vs predicted **+1.057** over 34 game-hours.,
exp05-20260910-084109,meta.dataset_commit,`72ed836`,"The answer to `git log -1 --format=%h -- data/food-items.json` at run time, which names the newest commit that *touched* the path — **not** the commit the bytes came from. The dataset had been regenerated by the concurrent fix round a minute before the run and was still uncommitted, so the bytes read are the ones committed **afterwards** as `25870ad`. The file says so itself: its `meta.dataset_meta` equals `25870ad`'s `meta` exactly — including `counts.multi_fluid_containers: 5`, a key `72ed836`'s meta does not have. **The verdict is unaffected, and that is checked rather than assumed**: across all 1 005 items and all 61 fluids, every one of the 13 columns this experiment compares is identical in the two commits (**0 differences**); the only record-level change is the added `replace_on_deplete` field (50 → 51 keys), which this experiment does not compare. Cite `25870ad` as the dataset behind these numbers. A run made after fix round 1 answers this off `meta.dataset_sha256` / `meta.dataset_dirty` instead.",read are the ones committed **afterwards** as `25870ad`
exp05-20260910-084109,summary.dataset_commit,`72ed836`,"The answer to `git log -1 --format=%h -- data/food-items.json` at run time, which names the newest commit that *touched* the path — **not** the commit the bytes came from. The dataset had been regenerated by the concurrent fix round a minute before the run and was still uncommitted, so the bytes read are the ones committed **afterwards** as `25870ad`. The file says so itself: its `meta.dataset_meta` equals `25870ad`'s `meta` exactly — including `counts.multi_fluid_containers: 5`, a key `72ed836`'s meta does not have. **The verdict is unaffected, and that is checked rather than assumed**: across all 1 005 items and all 61 fluids, every one of the 13 columns this experiment compares is identical in the two commits (**0 differences**); the only record-level change is the added `replace_on_deplete` field (50 → 51 keys), which this experiment does not compare. Cite `25870ad` as the dataset behind these numbers. A run made after fix round 1 answers this off `meta.dataset_sha256` / `meta.dataset_dirty` instead.",read are the ones committed **afterwards** as `25870ad`
exp05-20260910-084109,comparison.Base.Pop2.fluid.HungerChange.transform,"`""x0.01 (Item.InstanceItem)""`","Right arithmetic, wrong attribution — the label was hardcoded to the item route's wording and all 12 `fluid.script` rows were written with it. Nothing on these rows passes through `Item.InstanceItem`: they compare a *fluid definition*'s getters against the dataset's `fluids` record, with no item instance anywhere in them, and a fluid's ÷100 is the fluid script loader's (`FluidDefinitionScript.getHungerChange @0–@10 L186` — `fluids_Beverages.txt` writes Cola's `HungerChange = −12.0` and `fluid.script Cola` answers `−0.12`). **The numbers and the `match` verdicts stand**; only the `transform` string is wrong. The other eight fluid rows read `identity`, which is correct — though had any of those columns been null they would have read `""default (the item script sets no such key)""`, wrong the same way; none was. The current script labels this route `""x%g (FluidDefinitionScript.getHungerChange @0-@10 L186, the fluid script loader)""` / `""default (the fluid definition sets no such key)""`.","read `identity`, which is correct — though had any of those columns been null they would have read `""default (the item script sets no such key)""`, wrong the same way"
exp05-20260910-084109,…ThirstChange.transform,"`""x0.01 (Item.InstanceItem)""`","Right arithmetic, wrong attribution — the label was hardcoded to the item route's wording and all 12 `fluid.script` rows were written with it. Nothing on these rows passes through `Item.InstanceItem`: they compare a *fluid definition*'s getters against the dataset's `fluids` record, with no item instance anywhere in them, and a fluid's ÷100 is the fluid script loader's (`FluidDefinitionScript.getHungerChange @0–@10 L186` — `fluids_Beverages.txt` writes Cola's `HungerChange = −12.0` and `fluid.script Cola` answers `−0.12`). **The numbers and the `match` verdicts stand**; only the `transform` string is wrong. The other eight fluid rows read `identity`, which is correct — though had any of those columns been null they would have read `""default (the item script sets no such key)""`, wrong the same way; none was. The current script labels this route `""x%g (FluidDefinitionScript.getHungerChange @0-@10 L186, the fluid script loader)""` / `""default (the fluid definition sets no such key)""`.","read `identity`, which is correct — though had any of those columns been null they would have read `""default (the item script sets no such key)""`, wrong the same way"
exp05-20260910-084109,comparison.Base.JuiceBox.fluid,"`""x0.01 (Item.InstanceItem)""`","Right arithmetic, wrong attribution — the label was hardcoded to the item route's wording and all 12 `fluid.script` rows were written with it. Nothing on these rows passes through `Item.InstanceItem`: they compare a *fluid definition*'s getters against the dataset's `fluids` record, with no item instance anywhere in them, and a fluid's ÷100 is the fluid script loader's (`FluidDefinitionScript.getHungerChange @0–@10 L186` — `fluids_Beverages.txt` writes Cola's `HungerChange = −12.0` and `fluid.script Cola` answers `−0.12`). **The numbers and the `match` verdicts stand**; only the `transform` string is wrong. The other eight fluid rows read `identity`, which is correct — though had any of those columns been null they would have read `""default (the item script sets no such key)""`, wrong the same way; none was. The current script labels this route `""x%g (FluidDefinitionScript.getHungerChange @0-@10 L186, the fluid script loader)""` / `""default (the fluid definition sets no such key)""`.","read `identity`, which is correct — though had any of those columns been null they would have read `""default (the item script sets no such key)""`, wrong the same way"
exp05b-20260910-093307,summary.all_matched,`false` and `3`,"True as defined, and **misleading as evidence about the fluid arithmetic**. All three are the same field — the **outer** bracket's `calories` row — on the three drinks, and each misses the band's lower edge by **0.002 / 0.008 / 0.008 kcal**. The band's lower edge is `expected − 0.016 × weight/80 × Δgame-s`, i.e. it assumes the idle burn is *exactly* the model rate; subtracting the drift-free atomic delta from the outer one gives the burn that actually occurred, at ratios **1.00183 / 1.00411 / 1.00561** — inside the residual this repo has already measured twice (**1.0049**, `exp03-20260910-045523`; **+0.4 / +0.4 / +0.7 %**, the three slice-04 scenario runs). So the three rows are the idle-burn model's known excess seen a third time, not a disagreement about the drink. Cite `summary.per_drink.<drink>.matched` alongside the `atomic` / `container` blocks, or the report's § 4 tables. The tolerance was deliberately **not** widened after the fact — see the slice's report (workspace, outside the tree) § 5 — so a re-run flags the same three rows for the same reason.","Cite `summary.per_drink.<drink>.matched` alongside the `atomic` / `container` blocks, or the report's § 4 tables"
exp05b-20260910-093307,summary.fields_mismatched,`false` and `3`,"True as defined, and **misleading as evidence about the fluid arithmetic**. All three are the same field — the **outer** bracket's `calories` row — on the three drinks, and each misses the band's lower edge by **0.002 / 0.008 / 0.008 kcal**. The band's lower edge is `expected − 0.016 × weight/80 × Δgame-s`, i.e. it assumes the idle burn is *exactly* the model rate; subtracting the drift-free atomic delta from the outer one gives the burn that actually occurred, at ratios **1.00183 / 1.00411 / 1.00561** — inside the residual this repo has already measured twice (**1.0049**, `exp03-20260910-045523`; **+0.4 / +0.4 / +0.7 %**, the three slice-04 scenario runs). So the three rows are the idle-burn model's known excess seen a third time, not a disagreement about the drink. Cite `summary.per_drink.<drink>.matched` alongside the `atomic` / `container` blocks, or the report's § 4 tables. The tolerance was deliberately **not** widened after the fact — see the slice's report (workspace, outside the tree) § 5 — so a re-run flags the same three rows for the same reason.","Cite `summary.per_drink.<drink>.matched` alongside the `atomic` / `container` blocks, or the report's § 4 tables"
exp05b-20260910-093307,comparison.<drink>.outer.calories.expected,`119.233` / `58.977` / `79.233`,"Not a prediction of anything the game does: it is the **midpoint of a band**, `no_drift_expectation + max_drift/2`, chosen so `diff` reads as a signed distance from the middle. The physical prediction is the sibling key `no_drift_expectation` (`120` / `60` / `80`), and the same row's `max_drift` is the other edge.",
exp05b-20260910-093307,meta.drift_rates.lipids,"`""0.0035 per game-second (nutrition-core.md, M)""`","**Wrong rate, wrong citation.** The macro drains are three different constants, not one: `Nutrition.update @48/@66/@84 L76–L78` writes carbs `−0.0035`, lipids **`−0.00113`** and proteins **`−0.00086`** per game-second ([`facts/body-and-weight.md#passive-burn`](../facts/body-and-weight.md#passive-burn), C+M `exp01-20260910-003929`; the same constants slice 03 fitted at `testing/experiments/s03_body.py:103`, measured ratios 0.9991 / 0.9972 / 0.9993 in `exp03-20260910-045523`). The `nutrition-core.md` citation quoted here measures **carbohydrates only**. The labels are used for one thing — widening the outer bracket's band — so the error made those six bands ≈3× too wide, which can excuse a row but never fail one, and the file's own numbers reproduce the correct rates to four figures: subtracting each drink's expected gain from its outer delta and dividing by that window's own `worldAge` span gives lipids 0.00113000 / 0.00112995 / 0.00112984 and proteins 0.00086001 / 0.00085996 / 0.00085988. Cite the rates above and the run's own `outer.lipids` / `outer.proteins` deltas; the script at HEAD carries the corrected labels and bands.",Cite the rates above and the run's own `outer.lipids` / `outer.proteins` deltas
exp05b-20260910-093307,.proteins,"`""0.0035 per game-second (nutrition-core.md, M)""`","**Wrong rate, wrong citation.** The macro drains are three different constants, not one: `Nutrition.update @48/@66/@84 L76–L78` writes carbs `−0.0035`, lipids **`−0.00113`** and proteins **`−0.00086`** per game-second ([`facts/body-and-weight.md#passive-burn`](../facts/body-and-weight.md#passive-burn), C+M `exp01-20260910-003929`; the same constants slice 03 fitted at `testing/experiments/s03_body.py:103`, measured ratios 0.9991 / 0.9972 / 0.9993 in `exp03-20260910-045523`). The `nutrition-core.md` citation quoted here measures **carbohydrates only**. The labels are used for one thing — widening the outer bracket's band — so the error made those six bands ≈3× too wide, which can excuse a row but never fail one, and the file's own numbers reproduce the correct rates to four figures: subtracting each drink's expected gain from its outer delta and dividing by that window's own `worldAge` span gives lipids 0.00113000 / 0.00112995 / 0.00112984 and proteins 0.00086001 / 0.00085996 / 0.00085988. Cite the rates above and the run's own `outer.lipids` / `outer.proteins` deltas; the script at HEAD carries the corrected labels and bands.",Cite the rates above and the run's own `outer.lipids` / `outer.proteins` deltas
exp05b-20260910-093307,max_drift,"`""0.0035 per game-second (nutrition-core.md, M)""`","**Wrong rate, wrong citation.** The macro drains are three different constants, not one: `Nutrition.update @48/@66/@84 L76–L78` writes carbs `−0.0035`, lipids **`−0.00113`** and proteins **`−0.00086`** per game-second ([`facts/body-and-weight.md#passive-burn`](../facts/body-and-weight.md#passive-burn), C+M `exp01-20260910-003929`; the same constants slice 03 fitted at `testing/experiments/s03_body.py:103`, measured ratios 0.9991 / 0.9972 / 0.9993 in `exp03-20260910-045523`). The `nutrition-core.md` citation quoted here measures **carbohydrates only**. The labels are used for one thing — widening the outer bracket's band — so the error made those six bands ≈3× too wide, which can excuse a row but never fail one, and the file's own numbers reproduce the correct rates to four figures: subtracting each drink's expected gain from its outer delta and dividing by that window's own `worldAge` span gives lipids 0.00113000 / 0.00112995 / 0.00112984 and proteins 0.00086001 / 0.00085996 / 0.00085988. Cite the rates above and the run's own `outer.lipids` / `outer.proteins` deltas; the script at HEAD carries the corrected labels and bands.",Cite the rates above and the run's own `outer.lipids` / `outer.proteins` deltas
exp05b-20260910-093307,tolerance,"`""0.0035 per game-second (nutrition-core.md, M)""`","**Wrong rate, wrong citation.** The macro drains are three different constants, not one: `Nutrition.update @48/@66/@84 L76–L78` writes carbs `−0.0035`, lipids **`−0.00113`** and proteins **`−0.00086`** per game-second ([`facts/body-and-weight.md#passive-burn`](../facts/body-and-weight.md#passive-burn), C+M `exp01-20260910-003929`; the same constants slice 03 fitted at `testing/experiments/s03_body.py:103`, measured ratios 0.9991 / 0.9972 / 0.9993 in `exp03-20260910-045523`). The `nutrition-core.md` citation quoted here measures **carbohydrates only**. The labels are used for one thing — widening the outer bracket's band — so the error made those six bands ≈3× too wide, which can excuse a row but never fail one, and the file's own numbers reproduce the correct rates to four figures: subtracting each drink's expected gain from its outer delta and dividing by that window's own `worldAge` span gives lipids 0.00113000 / 0.00112995 / 0.00112984 and proteins 0.00086001 / 0.00085996 / 0.00085988. Cite the rates above and the run's own `outer.lipids` / `outer.proteins` deltas; the script at HEAD carries the corrected labels and bands.",Cite the rates above and the run's own `outer.lipids` / `outer.proteins` deltas
exp05b-20260910-093307,comparison.<drink>.outer.lipids,"`""0.0035 per game-second (nutrition-core.md, M)""`","**Wrong rate, wrong citation.** The macro drains are three different constants, not one: `Nutrition.update @48/@66/@84 L76–L78` writes carbs `−0.0035`, lipids **`−0.00113`** and proteins **`−0.00086`** per game-second ([`facts/body-and-weight.md#passive-burn`](../facts/body-and-weight.md#passive-burn), C+M `exp01-20260910-003929`; the same constants slice 03 fitted at `testing/experiments/s03_body.py:103`, measured ratios 0.9991 / 0.9972 / 0.9993 in `exp03-20260910-045523`). The `nutrition-core.md` citation quoted here measures **carbohydrates only**. The labels are used for one thing — widening the outer bracket's band — so the error made those six bands ≈3× too wide, which can excuse a row but never fail one, and the file's own numbers reproduce the correct rates to four figures: subtracting each drink's expected gain from its outer delta and dividing by that window's own `worldAge` span gives lipids 0.00113000 / 0.00112995 / 0.00112984 and proteins 0.00086001 / 0.00085996 / 0.00085988. Cite the rates above and the run's own `outer.lipids` / `outer.proteins` deltas; the script at HEAD carries the corrected labels and bands.",Cite the rates above and the run's own `outer.lipids` / `outer.proteins` deltas
exp05b-20260910-093307,.proteins,"`""0.0035 per game-second (nutrition-core.md, M)""`","**Wrong rate, wrong citation.** The macro drains are three different constants, not one: `Nutrition.update @48/@66/@84 L76–L78` writes carbs `−0.0035`, lipids **`−0.00113`** and proteins **`−0.00086`** per game-second ([`facts/body-and-weight.md#passive-burn`](../facts/body-and-weight.md#passive-burn), C+M `exp01-20260910-003929`; the same constants slice 03 fitted at `testing/experiments/s03_body.py:103`, measured ratios 0.9991 / 0.9972 / 0.9993 in `exp03-20260910-045523`). The `nutrition-core.md` citation quoted here measures **carbohydrates only**. The labels are used for one thing — widening the outer bracket's band — so the error made those six bands ≈3× too wide, which can excuse a row but never fail one, and the file's own numbers reproduce the correct rates to four figures: subtracting each drink's expected gain from its outer delta and dividing by that window's own `worldAge` span gives lipids 0.00113000 / 0.00112995 / 0.00112984 and proteins 0.00086001 / 0.00085996 / 0.00085988. Cite the rates above and the run's own `outer.lipids` / `outer.proteins` deltas; the script at HEAD carries the corrected labels and bands.",Cite the rates above and the run's own `outer.lipids` / `outer.proteins` deltas
exp06-20260910-112726,summary.craft_all_matched,`false` and `2`,"True as defined, and **misleading as evidence about the scanner**. Both mismatches are the same field — `inputCount`, on `MakePizza` (10 vs 9) and `MakeMilkFromPowderBucket` (3 vs 2) — and neither side lost an input. `CraftRecipe.LoadIO @218–@317` attaches a `-` (or `+`) prefixed line inside an `inputs` block to the **preceding** input as `consumeFromItemScript` / `createToItemScript` and adds it to `ioLines`, never to `inputs`, and `getInputCount()` is `inputs.size()` (`@0–@7 L257`). The dataset's `inputs` array is flat and keeps those sub-lines as rows of their own, so it carries *more* than the game's counter. Both rows record `top_level: 9` / `top_level: 2` with `top_level_matches: true` — the dataset's line list with the sub-lines removed equals the game's count exactly. Cite `summary.fields_mismatched_other` (**0**) beside them, or `summary.per_recipe`.","Cite `summary.fields_mismatched_other` (**0**) beside them, or `summary.per_recipe`"
exp06-20260910-112726,summary.fields_mismatched,`false` and `2`,"True as defined, and **misleading as evidence about the scanner**. Both mismatches are the same field — `inputCount`, on `MakePizza` (10 vs 9) and `MakeMilkFromPowderBucket` (3 vs 2) — and neither side lost an input. `CraftRecipe.LoadIO @218–@317` attaches a `-` (or `+`) prefixed line inside an `inputs` block to the **preceding** input as `consumeFromItemScript` / `createToItemScript` and adds it to `ioLines`, never to `inputs`, and `getInputCount()` is `inputs.size()` (`@0–@7 L257`). The dataset's `inputs` array is flat and keeps those sub-lines as rows of their own, so it carries *more* than the game's counter. Both rows record `top_level: 9` / `top_level: 2` with `top_level_matches: true` — the dataset's line list with the sub-lines removed equals the game's count exactly. Cite `summary.fields_mismatched_other` (**0**) beside them, or `summary.per_recipe`.","Cite `summary.fields_mismatched_other` (**0**) beside them, or `summary.per_recipe`"
exp06-20260910-112726,summary.evolved_observations.salad_matches_plan,`false` (against `plan_expected_187`),"**The plan's 187 is the wrong number, not the measurement.** `getPossibleItems()` answered **189** for both `Salad` and `SaladClay` (identical sets — `Salad`'s and `SaladClay`'s 189 names differ in nothing). Of those 189, **187 are `kind == ""food""` and 2 are `kind == ""drainable""`** — `Base.Vinegar2` and `Base.Vinegar_Jug`, the two drainables the slice-06 plan itself counts (`374 items carry EvolvedRecipe (372 food, 2 drainable)`) but which its Salad expectation left out. Verified independently offline: a scan of `media/scripts/**/*.txt` for items whose `EvolvedRecipe` key matches `Salad` (case-insensitively, aliases applied) returns exactly the same 189 names, 0 extra and 0 missing. An expansion that reproduces the game must include drainables.",
exp06-20260910-112726,.salad_clay_matches_plan,`false` (against `plan_expected_187`),"**The plan's 187 is the wrong number, not the measurement.** `getPossibleItems()` answered **189** for both `Salad` and `SaladClay` (identical sets — `Salad`'s and `SaladClay`'s 189 names differ in nothing). Of those 189, **187 are `kind == ""food""` and 2 are `kind == ""drainable""`** — `Base.Vinegar2` and `Base.Vinegar_Jug`, the two drainables the slice-06 plan itself counts (`374 items carry EvolvedRecipe (372 food, 2 drainable)`) but which its Salad expectation left out. Verified independently offline: a scan of `media/scripts/**/*.txt` for items whose `EvolvedRecipe` key matches `Salad` (case-insensitively, aliases applied) returns exactly the same 189 names, 0 extra and 0 missing. An expansion that reproduces the game must include drainables.",
exp06b-20260910-120123,items.<key>.use.predicted.thirstChange,`0` on all three rows,"**Not a prediction of anything the game does.** The harness built it as `before.thirstChange × factor`, and `before.thirstChange` is `TK.ITEM_STATE`'s reading of the **modified** getter, while `multiplyFoodValues @42 L2292` scales `getThirstChangeUnmodified()`. The two are the same number only where no modifier bites — which is why all three rows read 0 here and nothing is visibly wrong. The comparator never used it (`SCALED` deliberately excludes thirst; the before/after pair is in `comparison.<key>.recorded_uncompared`), and the command at HEAD no longer computes it. The other five `predicted` keys are sound and are compared as `harness_prediction` beside each scaling row.",read 0 here and nothing is visibly wrong
exp06b-20260910-120123,comparison.<key>.scaling.*.tolerance,e.g. `0.16801` on `icecream_third.calories`,"True as computed and **wider than the rule the script now applies**. The band was `ABS_FLOOR + REL × max(expected, live, before)`, so it was sized by the `before` value — the nutrition that is supposed to have *gone*. At HEAD the band is anchored on the two values being compared and a 0 expectation is compared exactly. Every row here matched under both rules (re-scored offline: 96/96), so the numbers stand; do not quote a tolerance from this file as the band the harness uses.",
exp08-20260910-152944,moddata_global.keyCount,`0` / `{}`,"**Not evidence that nothing stores anything under `pzt_probe_table`** — evidence that `ModData.getOrCreate` exists and creates. The Lua reads global scope through `getOrCreate`, which CREATES an absent table, so a global census can never report ""no such table"" and this one is reporting a table the probe itself had just made. Cite it for the binding (`witness.moddata global:<name>` reaches global ModData on 42.20.4) and for nothing else. A census of a table a *mod* owns is only meaningful when that mod is loaded and has run.",Cite it for the binding (`witness.moddata global:<name>` reaches global ModData on 42.20.4) and for nothing else
exp08-20260910-152944,.keys,`0` / `{}`,"**Not evidence that nothing stores anything under `pzt_probe_table`** — evidence that `ModData.getOrCreate` exists and creates. The Lua reads global scope through `getOrCreate`, which CREATES an absent table, so a global census can never report ""no such table"" and this one is reporting a table the probe itself had just made. Cite it for the binding (`witness.moddata global:<name>` reaches global ModData on 42.20.4) and for nothing else. A census of a table a *mod* owns is only meaningful when that mod is loaded and has run.",Cite it for the binding (`witness.moddata global:<name>` reaches global ModData on 42.20.4) and for nothing else
exp08-20260910-152944,player_server.fields.getMaxWeight,`12`,"Right value, wrong noun if quoted as nutrition. `IsoGameCharacter.getMaxWeight()` is the character's **carry capacity**, not body weight: this fixture's body weight is ~80 kg, and every weight figure this repo has measured (`exp03-20260910-045523`, the slice-04 scenarios, `exp05b`'s `0.016 × weight/80`) is `Nutrition.getWeight()`. The getter was in the probe list to exercise the witness, not to measure a body.",
exp08-20260910-152944,player_client.fields.getMaxWeight,`12`,"Right value, wrong noun if quoted as nutrition. `IsoGameCharacter.getMaxWeight()` is the character's **carry capacity**, not body weight: this fixture's body weight is ~80 kg, and every weight figure this repo has measured (`exp03-20260910-045523`, the slice-04 scenarios, `exp05b`'s `0.016 × weight/80`) is `Nutrition.getWeight()`. The getter was in the probe list to exercise the witness, not to measure a body.",
exp08-20260910-152944,player_server.fields.getHoursSurvived,`0.031719` vs `0.033204`,"**Not a desync.** The two probes are 0.5 real seconds apart on a clock running at `mult ≈ 4.6` (`session.time_start`), and each reply carries its own `worldAge` (`2.315918` / `2.317490`) which accounts for the gap. Nothing in this file compares a *moving* store across sides; the item macros, which do not move, are the cross-side comparison.",
exp08-20260910-152944,player_client.fields.getHoursSurvived,`0.031719` vs `0.033204`,"**Not a desync.** The two probes are 0.5 real seconds apart on a clock running at `mult ≈ 4.6` (`session.time_start`), and each reply carries its own `worldAge` (`2.315918` / `2.317490`) which accounts for the gap. Nothing in this file compares a *moving* store across sides; the item macros, which do not move, are the cross-side comparison.",
exp08-20260910-152944,session.rcon_additem,"`""""`",The RCON call succeeded (`timeline` `additem ok=true`) and the server answered with an empty body. It says nothing about the spawn; `item_server` resolving `#199691187` 3.8 s later is what says the apple arrived.,
exp08-20260910-152944,moddata_item.keyCount,`0` / `{}`,"**Not an independent corroboration of the cross-side asymmetry** — it corroborates the SERVER value (`{}`) only, and it is the same side and the same JVM that `item_sides_cross_check` already read. The matching client census (`witness.moddata item:admin/Base.Apple *` on the client) **was not run this session**: the client half of the finding rests on `item_client.fields.getModData` alone, one reading. Slice 09's first pass runs the census on both sides; until then cite the asymmetry from `item_sides_cross_check`, and cite this key only for the server side.",read
exp08-20260910-152944,.keys,`0` / `{}`,"**Not an independent corroboration of the cross-side asymmetry** — it corroborates the SERVER value (`{}`) only, and it is the same side and the same JVM that `item_sides_cross_check` already read. The matching client census (`witness.moddata item:admin/Base.Apple *` on the client) **was not run this session**: the client half of the finding rests on `item_client.fields.getModData` alone, one reading. Slice 09's first pass runs the census on both sides; until then cite the asymmetry from `item_sides_cross_check`, and cite this key only for the server side.",read
exp08-20260910-152944,*,—,"everything measured here, as a population — **`n = 1` everywhere.** One session, build 42.20.4, fixture `default`, one item (`Base.Apple`), one player. The command *shapes* are structural and should not vary, but the item numbers and the modData asymmetry are each a single reading. Nothing in this file supports a claim of the form ""always"" or ""on every build"" without a second run.",
exp08-20260910-152944,meta.dataset_meta,the dataset's whole `meta` block,"Embedded verbatim: 5 258 of `meta`'s 7 086 JSON bytes (74 % of `meta`, 12 % of the file), and none of it is a measurement this run made. Only `build` (`42.20.4`) and `jar_hash` (`b0bbce05d5`) matter from it — they say which game build the dataset numbers came off, so that the item comparison above is a comparison of like with like. The rest is `data/food-items.json`'s own provenance and belongs to that file, not to this run; read it there.",read it there
td1-20260910-192457,"snapshots[].{server,client}.census_player.beyondVanilla","all four/five vanilla fitness keys (`fitnessMod`, `fitnessUpTimer`, `strengthMod`, `strengthUpTimer`, and `hotbar` on the client)","**A driver defect, fixed after the run (`4239c5d`).** The exclusion set `VANILLA_ITEM_KEYS = {customName}` was applied to the **player** scope too, so every vanilla player key came back flagged as a finding. The census itself (`keys`, `keyCount`) is correct and is what to quote; `beyondVanilla` on the **player** rows is noise. The **item** rows' `beyondVanilla` (`Tooltip`) is right. **Dated note, 2026-09-10 (slice 10):** the player counts here — server 4 / client 5 — are a *late-session* reading. `td2-20260910-231655` took the same census six times and found the server's player modData **empty at join**, gaining the four vanilla fitness keys 22–33 s after `session_ready`; at join the pair is server 0 / client 5.",
td1-20260910-192457,who_ran_it.reading,"""…fired the hook between the action and this call""","True as a *timing* statement and misleading as a causal one. The `lastCookMinute -1` step is measured **not** to be a precondition: the cook block had already been entered twice this run, 1.33–1.67 game minutes apart, and on `td1b-20260910-202029` the same transition fired **907 ms before** that write reached the server. Cite `before_cooked` for outcome (c); never cite this run as evidence that the flip unblocked anything.",Cite `before_cooked` for outcome (c)
td1-20260910-192457,rcon_additem,"`""""`","The RCON `additem` answered with an empty body. It says nothing about the spawn; `timeline`'s `additem ok=True` and the client resolving the item id 3 s later are what say it worked. The driver records the boolean as `rcon_additem_ok` only from `4239c5d` on, which is after this run.",
td1-20260910-192457,notes,`[]`,"Correct here, but **not** reusable as a test. `notes` was both the dormant re-ask branch's sink and, from `4239c5d`, the home of a standing `KEYS_NOTE` — so on later artifacts an empty `notes` is not the ""nothing went wrong"" signal. On this file it is genuinely empty: no re-ask fired.",
td1-20260910-192457,steps[].ack.*.lastCookMinute,absent,"The harness gained both in `903ccaa`, after this run. Their absence here is skew, not a reading; the `item.update` step does carry `gameMinute 26`, which is the one counter this build of the harness reported.",
td1-20260910-192457,steps[].ack.gameMinute,absent,"The harness gained both in `903ccaa`, after this run. Their absence here is skew, not a reading; the `item.update` step does carry `gameMinute 26`, which is the one counter this build of the harness reported.",
td1-20260910-192457,getHeat,—,"A real reading, and **one item over 12 s**. It says the client's copy of *this* server-spawned item did not tick; it is not a general law about client-side item updates. Quote it as the observation. **Dated note, 2026-09-11 (slice 11):** the ""mechanism unexplained"" half is no longer true for the cooking case. Slice 10 (`td2-20260910-231655`, `appendix.A2`) read a server-pinned `Base.Steak` that **did** move on the client, which put the canonical row in [`platform/mp-model.md#what-a-client-copy-is`](../platform/mp-model.md#what-a-client-copy-is) into contention; slice 11 then ran the probe that row named — the same pin at `heat 1.2`, **below** `Food.update`'s 1.6 cooking gate (`td3-20260911-001948`, `carrier`) — and the client's copy was bit-frozen while the server's decayed. That row now reads **resolved per arm**: the carrier is the per-game-minute `sendItemStats` inside `Food.update`'s cooking branch, and **this** reading is its below-gate arm. **M per arm**, n = 1 in each; mechanism **C**.","read a server-pinned `Base.Steak` that **did** move on the client, which put the canonical row in [`platform/mp-model.md#what-a-client-copy-is`](../platform/mp-model.md#what-a-client-copy-is) into contention"
td1-20260910-192457,*,—,"everything measured here, as a population — **`n = 1`.** One session, build 42.20.4, fixture `default`, one mod, one item (`Skittles.CuredPork`), one player, one cook transition. The desyncs are structural (they follow from the packet's field list) but every *number* is a single reading, and the two surprises — the weight and the thirst rows — are each a single session until `td1b-20260910-202029` re-reads them.",
td1b-20260910-202029,censuses[].server.keys,`[]` on the vanilla item,"**A driver normalisation, not the wire's shape.** The empty census came back over the bus as `{}` (the harness-wide empty-table shape `exp08-20260910-152944` measured); the driver rendered it as a JSON list. Test emptiness with **`keyCount`**, which is `0` here and is what the readings quote; do not cite this file as evidence about the bus's empty-collection shape.",cite this file as evidence about the bus's empty-collection shape
td1b-20260910-202029,answers.4.2_vanilla_raw,`Base.Steak` resolves its display name on both sides; `Skittles.CuredPork` does not,"Supports exactly two claims — ""not dedicated-server-wide"" and ""this item's name does not resolve"" — and **not** ""mod item names do not resolve"". `n = 2`, and the two items differ in **two** ways at once: the mod item has no `DisplayName =` line *and* relies on a mod translation table. The discriminating control (an item that carries `DisplayName =`, or a vanilla item that does not) cannot come from this mod — its only two `DisplayName =` lines sit inside a commented-out block — so the cause stays **C** and open.",
td1b-20260910-202029,4.2_vanilla_after,`Base.Steak` resolves its display name on both sides; `Skittles.CuredPork` does not,"Supports exactly two claims — ""not dedicated-server-wide"" and ""this item's name does not resolve"" — and **not** ""mod item names do not resolve"". `n = 2`, and the two items differ in **two** ways at once: the mod item has no `DisplayName =` line *and* relies on a mod translation table. The discriminating control (an item that carries `DisplayName =`, or a vanilla item that does not) cannot come from this mod — its only two `DisplayName =` lines sit inside a commented-out block — so the cause stays **C** and open.",
td1b-20260910-202029,cook_poll,one row,"The transition had already happened before the first poll fired, so the poll loop measured **nothing** about timing. The server console is what dated the transition, in this run as in `td1`; the bus still cannot time a server-side tick on its own.",
td1b-20260910-202029,steps[set_lastCookMinute],the write is still sent,"Kept from the `td1` sequence and, on this run, sent **after** the transition — a step the driver no longer needs. A future driver testing the *gate* must send it **before** the `cookingTime` pin; as recorded here it proves the flip is unnecessary and nothing else.",
td1b-20260910-202029,*,rounded to six decimals,"every float — Same instrument limit as the block above: the bus quantises, so nothing in this file supports a bit-for-bit claim. `getActualWeight` 0 vs 0.35 and `getThirstChange` 0.1 vs 0.05 are whole-value differences, far above it.",
td1b-20260910-202029,*,—,"everything measured here, as a population — **`n = 1` per question, `n = 2` for the item pair.** One session, one fixture, one mod item, one vanilla control. The five answers are each a single reading; three of them (the display-name pair, the thirst hop, the XP null control) are second readings of something `td1` saw, which is exactly why they are worth more than their count.",
td2-20260910-231655,*,—,"everything measured here, as a population — **`n = 1`.** One session, build 42.20.4, fixture `default`, one mod, one character, one machine. Every gap landed **inside** its band, including the two ungraded snapshots, so the falsifier was never approached: the rule is validated as *consistent* with a 1 Hz push, not as *tight*. The weight arm was exercised on the **gain** side only (the loss arm and its opposite-signed band are untested), the ×2 arm at carbs/lipids > 400 was never entered (this run used carbs 800, the ×3 arm), and `isDead` / `isGodMod` were `false` throughout, so neither `Nutrition.update` gate was seen in its blocking state.",
td2-20260910-231655,grades[].flags*,flags agree on both sides at all six snapshots,"Both sides' `traitList` came back **empty** (`grades[].traits`), so the reading is ""**no disagreement on a character with no weight-band traits**"". The flag prediction depends on both sides computing the same `gainThreshold`, which depends on `hasTrait(WEIGHT_GAIN)` / `hasTrait(WEIGHT_LOSS)` agreeing — untested here, and that is exactly open question 10.",
td2-20260910-231655,appendix.A2.container,"`ItemContainer:[type:none, parent:IsoPlayer{ Name:null, ID:5 }]` (client) against `ID:1` (server)","**Presence and within-side stability only.** `ItemContainer.toString() @0-@16 L3513` is `getType() + String.valueOf(getParent())` and the parent's `IsoObject.toString()` ends at `@42 L5982` in a per-JVM identity hash, so the two sides' strings differ **by construction**. Comparing them across sides reads as a desync and is not one; the leading type token is the comparable part.",
td2-20260910-231655,appendix.A1,"hypothesis ""no translation entry"" confirmed inside vanilla","It separates ""no `ItemName.json` entry"" from a mod-specific failure and no further: whether 42.20.4 ever loads a **B41-layout `ItemName_EN.txt`** stays open, because separating it needs an `ItemName.json` added to a mod tree — a write under the read-only workshop folder. `n = 1` for the absent-name case.",read-only workshop folder
td2-20260910-231655,moddata_keys,the three probes joined by ` / ` for the reader,"A **display** string, not a bus token — the three probes were sent separately, and `notes[0]` says so. The `global:`-scoped one is **non-discriminating in both directions** and is metadata, not a control: `ModData.getOrCreate` creates the table for the census itself, and the mod's retired server half only ever created it empty.",
td2-20260910-231655,folder_check,"`server_mods [""PZTestKit"", ""simpleStatus""]`","Run metadata, **not** an answer to the folder→id rename question: on NTFS `simpleStatus` and `SimpleStatus` are the same directory, and no profile can reach `mods.install`'s name-keeping branch at all. [`platform/mod-anatomy.md#folder-name`](../platform/mod-anatomy.md#folder-name) stays ""first half M, second half C"".",
td2-20260910-231655,empirical_slope.pairs[0..2],0.307242 / 0.235916 / 0.311225 kcal/real-s,"The three **short** windows (6–11 s) scatter ±20 %, because ~6 s at 0.25 kcal/s is ~1.5 kcal against a quantised float32 store. Quote `empirical_slope.longest` (38.947 s, **0.250296**) against the derived 0.2560552 — ratio 0.9775 — which is the reading the bands were justified with.",
td2-20260910-231655,"snapshots[].{client,server}.census_player",server 4 / client 5,"True only **after ~30 s of session**. The server's copy is **empty at join** (`keyCount 0` at 79.194 / 91.074 / 97.411 s, then 4 at 108.773 s): the four vanilla fitness/strength keys are written server-side lazily. Anything comparing censuses at join sees **server 0 / client 5** — which also corrects the pass-1 player-scope baseline recorded on `td1-20260910-192457`.",
td2-20260910-231655,float_format,`tostring(v)`,"This file renders non-integral numbers exactly; **every artifact before `291f977` renders them at six decimals**. A diff across that boundary shows a rendering change, never a measurement one — and the `±Inf → null` behaviour the same commit added is **C (inferred), not measured**.",
td2-20260910-231655,mod_log_lines_server,"five lines: `loading simpleStatus` and four `overrides` lines (`ch`, `cn`, `de`, `en`)","**A SATURATED grep, not an exhaustive one.** The driver called `grep_file(server.log_path, MOD_RX, limit=5)` and `grep_file` **breaks** at its limit, so a result of exactly `limit` means the log had at least that many and the reader stopped. The server log itself holds **18** matching lines: `loading simpleStatus` (`:94`), **13** `overrides` lines at `:95-107` — one per shipped language, `ch` `cn` `de` `en` `es` `fr` `hu` `it` `ko` `pl` `pt` `ru` `tr` — and four `NoSuchFileException` lines for the `AnimSets` / `actiongroups` folders the mod does not ship (`:1278`, `:1299`, `:1320`, `:1341`, baseline noise). Quote **13**, from the log; the conclusion the four were used for (the mod shadows only its own JSONs, no key collision) is unchanged. Re-read 2026-09-11; the general rule is in [`platform/lessons.md#testing-discipline`](../platform/lessons.md#testing-discipline).",read 2026-09-11
td2-20260910-231655,summary.client_copy_ticked,`true`,"**It names the wrong question.** What `appendix.A2` measured is that the two VALUES moved and stayed bit-identical across a 0.5 s read offset; whether the client's copy *simulates* is not something two agreeing reads can settle. Resolved elsewhere and the other way: below `Food.update`'s 1.6 cooking gate the copy is **bit-frozen** (`td3-20260911-001948`, `carrier`), and `Food.update`'s cooking-branch `sendItemStats` is the carrier that moved this one. Cite the two readings and the gate, never this boolean.",read offset
td3-20260911-001948,*,—,"everything measured here, as a population — **`n = 1`.** One session, build 42.20.4, fixture `default`, one mod, one character, one machine. Every one of P1–P9 landed on its predicted branch, so no falsifier was approached: the merge rule is validated as *consistent* with the wiki's, not stress-tested. And it is bounded to a mod whose `getVersionDir()` resolves to a tree that **ships colliding files** — a version dir that is absent, empty, or ships only files `common/` lacks is untested here.",
td3-20260911-001948,snapshots[].client.census_player,`AutoCook:table` present at `session_ready + 1.044 s`,"**It names neither direction.** The key proves `common/` ran and the require chain completed (`addCharacterPageTab` is defined only in `common/…/ISCharacterInfoWindow_AddTab.lua:2`), but the `common/` copy of `AutoCook.lua` writes the same key at the same line (`:38`), one line *before* its B41-era `HasTrait` call at `:39` — so a green row is consistent with either copy having won. Only `M4_globals` separates them.",
td3-20260911-001948,M3_translations,"`""Cooking diet: ""`, `miss false`","Non-discriminating: both translation JSONs exist **only** in `common/`, so no collision is being resolved. What it *does* measure is that the `Translator` **merges** — the two vanilla controls (`ContextMenu_Destroy`, `UI_Yes`) still answer their vanilla text although the mod ships same-named files at the same relative paths.",
td3-20260911-001948,"snapshots[].{client,server}.nutrition","all `false`, agreeing on both sides at all four snapshots","**Agreement under the trivial arm.** The character sat in `Nutrition.updateWeight`'s **none** arm all session: weight 80 ⇒ gain threshold 1000, loss threshold 0, calories 798.45 → 782.90, strictly between them. Both sides answer `false` in that arm whether or not the client recomputes anything. The gate at `42.13/…/AutoCook.lua:216,219` is **unsettled**; settling it needs a session driving calories outside `[0, 1000]` (slice-12 item).",
td3-20260911-001948,AutoCook:allowSpice,"all `false`, agreeing on both sides at all four snapshots","**Agreement under the trivial arm.** The character sat in `Nutrition.updateWeight`'s **none** arm all session: weight 80 ⇒ gain threshold 1000, loss threshold 0, calories 798.45 → 782.90, strictly between them. Both sides answer `false` in that arm whether or not the client recomputes anything. The gate at `42.13/…/AutoCook.lua:216,219` is **unsettled**; settling it needs a session driving calories outside `[0, 1000]` (slice-12 item).",
td3-20260911-001948,carrier.window_s,`10.0`,"The **requested** sleep, not the measured window. The reads' own wall stamps give **12.54 s** (client 154.154 → 166.695). Quote the stamps.",
td3-20260911-001948,carrier.gate,"""… gated at heat **>= 1.6**; this probe pins heat at 1.2, BELOW it.""","The `>=` is the **driver's** wording, not the jar's. `Food.update @63-@71 L373` is `ldc_w 1.600000023841858; fcmpl; ifle`, so a heat of **exactly** 1.6 does **not** enter the branch: the gate is **strict**, `heat > 1.6f`, which is what every doc in the library quotes. The artifact string and the driver docstring that produced it (`testing/experiments/td3_autocook.py:540`) are both frozen and both say `>=`. Quote the jar. Nothing measured here turns on it — the pin at 1.2 is below the gate under either reading.",
td3-20260911-001948,t+3s,tag `t+3s`,"A **nominal** name. That snapshot opened at **transmit + 7.58 s** (the `t0` snapshot took 7.58 s to walk both sides). The server census *inside* `t0` sat at **transmit + 2.04 s** and already showed all seven keys, so the crossing is bounded at ≤ 2.04 s and nothing here measures it more tightly.",
td3-20260911-001948,phase2[0],server `keyCount 4`,"The server census **opened 0.51 s after the `moddata.set` ack** (134.918 → 135.427) and closed 1.77 s after it. Quote the bracket, not its far end.",
td3-20260911-001948,carrier,"client frozen, server moved","**One arm, one item, one 12.54 s window, one fixture.** `updateTemperature` runs unconditionally inside `Food.update`, so the reading is ""`Food.update` did not advance the client's held copy in this window"" — it **refines** the ""a client copy can tick"" clause rather than confirming it. Frozen and non-cookable items and every other push path are untested.",
td3-20260911-001948,getContainer,"`…parent:IsoPlayer{ Name:null, ID:5 }` (client) against `ID:1` (server)","**Presence and within-side stability only.** `ItemContainer.toString()` ends in a per-JVM identity hash, so the two sides' strings differ by construction; comparing them across sides reads as a desync and is not one.",
td3-20260911-001948,carrier.*_read_*,"`…parent:IsoPlayer{ Name:null, ID:5 }` (client) against `ID:1` (server)","**Presence and within-side stability only.** `ItemContainer.toString()` ends in a per-JVM identity hash, so the two sides' strings differ by construction; comparing them across sides reads as a desync and is not one.",
td3-20260911-001948,M1_overrides.client_console.count,`10`,"Not ten shadowed files — **the same five-line block twice**, once per client Lua state (lines 85–89 and 168–172, each preceded by its own `loading AutoCook` at 84 / 167). The server printed it once. A client-side grep must expect **2 × n**.",
td3-20260911-001948,moddata_keys,the three probes joined by a pipe separator for the reader,"A **display** string, not a bus token — the probes were sent separately, and `notes[0]` says so.",
td3-20260911-001948,verify,`{}`,"The `*` is skipped by the census's own `~= ""*""` guard, so it never lands in `missing` and its absence there is **not** a hit. The number worth quoting is `keyCount` (**6**).",
td3-20260911-001948,missing,`{}`,"The `*` is skipped by the census's own `~= ""*""` guard, so it never lands in `missing` and its absence there is **not** a hit. The number worth quoting is `keyCount` (**6**).",
td3-20260911-001948,*,—,"anything about the cooking pipeline — **Nothing on the bus reaches it.** The only entry is a context-menu option whose handler runs on a right-click; no shipped command clicks, presses a key or calls `triggerEvent`. `chooseItem`, `filterFood`, `allowSpice`, `acceptIngredient` and all five diets stay **C** — `M4_globals` read four of the mod's functions and **called none**.",read four of the mod's functions and **called none**
x121-20260911-030023,*,—,"everything measured here, as a population — **`n = 1`.** One session, build 42.20.4, fixture `default`, three mods we wrote, one character, one machine. Per-arm counts are smaller still: one item for the merge rule, one eat for `OnEat`, one transmit per direction.",
x121-20260911-030023,phases.M4.text.client.*,"four keys, all `miss: true`","**Wrong key form, and no positive control.** The probe asked the **prefixed** form `ItemName_<type>`, and the vanilla control `ItemName_Base.Apple` missed too — so this run cannot separate ""the key form is wrong"" from ""the route does not reach item names"". The graded reading is `x124-20260911-035819` → `phases.O5`, which asked the **bare** form as well and still missed on both sides (nine keys across the two runs), with slice 10's client-side `IGUI_` hit (`291f977`) as the out-of-run control. The rule is [`platform/mod-anatomy.md#translations`](../platform/mod-anatomy.md#translations)'s.",
x121-20260911-030023,phases.M4.text.server.*,"four keys, all `miss: true`","**Wrong key form, and no positive control.** The probe asked the **prefixed** form `ItemName_<type>`, and the vanilla control `ItemName_Base.Apple` missed too — so this run cannot separate ""the key form is wrong"" from ""the route does not reach item names"". The graded reading is `x124-20260911-035819` → `phases.O5`, which asked the **bare** form as well and still missed on both sides (nine keys across the two runs), with slice 10's client-side `IGUI_` hit (`291f977`) as the out-of-run control. The rule is [`platform/mod-anatomy.md#translations`](../platform/mod-anatomy.md#translations)'s.",
x121-20260911-030023,text.get,"four keys, all `miss: true`","**Wrong key form, and no positive control.** The probe asked the **prefixed** form `ItemName_<type>`, and the vanilla control `ItemName_Base.Apple` missed too — so this run cannot separate ""the key form is wrong"" from ""the route does not reach item names"". The graded reading is `x124-20260911-035819` → `phases.O5`, which asked the **bare** form as well and still missed on both sides (nine keys across the two runs), with slice 10's client-side `IGUI_` hit (`291f977`) as the out-of-run control. The rule is [`platform/mod-anatomy.md#translations`](../platform/mod-anatomy.md#translations)'s.",
x121-20260911-030023,verdicts.M7,"`as_predicted`, `TKX_fibre` true on both sides","**No hop was exercised.** Both sides already held `TKX_fibre` when the phase opened and `observed.itemWrites_server` is **0** — the verdict grades a *state*, not a crossing. The server→client **item**-modData direction is un-run and is named as slice 13's probe ([`areas/open-questions.md#x14`](../areas/open-questions.md#x14)).",
x121-20260911-030023,verdicts.M6.observed.join,client keys at `client_since_ready 2.785` already include `TKX_fibre`,"**The carrier was not measured.** The client held the key before the phase's transmit; nothing traced which packet put it there, and no control excluded the mod's own client-side write (its `server/` file runs client-side — see `phases.M7`). Cite `verdicts.M6.observed.after` and `client_only_after_less_rewrites` (`[]`) for the transmit's wipe-and-replace, and nothing at all for the earlier arrival.","Cite `verdicts.M6.observed.after` and `client_only_after_less_rewrites` (`[]`) for the transmit's wipe-and-replace, and nothing at all for the earlier arrival"
x121-20260911-030023,verdicts.M6,`trivial`,"It grades **P8's premise** (a key present server-side only), which failed — not the direction. The measured statement is in `observed.after`: the client's table became the server's once `TKX_fibre_client`, the key the client's own mod rewrites every tick, is set aside.",
x121-20260911-030023,getActualWeightUnmodded,`0` on both sides,"**Not a weight fact.** `Food.getActualWeightUnmodded` returns 0 whenever `getDisplayName()` is not the vanilla name — it is slice 09's display-name guard, read here only as part of the `witness.fields` set. Weight facts are `getActualWeight` and the `m8` flags.",read here only as part of the `witness.fields` set
x121-20260911-030023,phases.M4.items.*.witness.*.fields,`0` on both sides,"**Not a weight fact.** `Food.getActualWeightUnmodded` returns 0 whenever `getDisplayName()` is not the vanilla name — it is slice 09's display-name guard, read here only as part of the `witness.fields` set. Weight facts are `getActualWeight` and the `m8` flags.",read here only as part of the `witness.fields` set
x121-20260911-030023,phases.M3,"`getCalories 111`, verdict `falsified`","**A reading, not a rule.** 111 is the body of the mod *earlier* in `Mods=`, which kills ""`Mods=`-last wins"" and nothing else: four rival orderings survive it. The settled rule — sorted by the stored script path (C), `Mods=`-independent (M), last body wins per key (M) — is `x125-20260911-042055` and [`platform/loader-and-scripts.md#sorted-replay`](../platform/loader-and-scripts.md#sorted-replay).",
x121-20260911-030023,verdicts.M3,"`getCalories 111`, verdict `falsified`","**A reading, not a rule.** 111 is the body of the mod *earlier* in `Mods=`, which kills ""`Mods=`-last wins"" and nothing else: four rival orderings survive it. The settled rule — sorted by the stored script path (C), `Mods=`-independent (M), last body wins per key (M) — is `x125-20260911-042055` and [`platform/loader-and-scripts.md#sorted-replay`](../platform/loader-and-scripts.md#sorted-replay).",
x121-20260911-030023,text.get,0 replies carrying `null: true`,"**Untriggered, not confirmed.** No key in this run (or in `x124`) returned a Java null, so the guard's branch never executed. It is code that has not yet been exercised.",
x121-20260911-030023,5d9633f,0 replies carrying `null: true`,"**Untriggered, not confirmed.** No key in this run (or in `x124`) returned a Java null, so the guard's branch never executed. It is code that has not yet been exercised.",
x122-20260911-032326,*,—,"everything measured here, as a population — **`n = 1` session** (two boots of the same profile), one build, one purpose-built mod pair. What is at n = 2 is the *merge direction*, and only because `td3-20260911-001948` measured it on a workshop mod first.",
x122-20260911-032326,phases.L1,"`trivial`; `loading TKX_LoaderVersion` server 1 / client 2, `loading_common` 0","**Degenerate by construction.** `Mods=` named `TKX_LoaderVersion` *and* the installed folder was named `TKX_LoaderVersion`, so the announce cannot separate ""resolved through the version dir's `mod.info`"" from ""matched the folder name"". `x123-20260911-034426` / `x123b-20260911-034500` are the boots that separate them.",
x122-20260911-032326,verdicts.L1,"`trivial`; `loading TKX_LoaderVersion` server 1 / client 2, `loading_common` 0","**Degenerate by construction.** `Mods=` named `TKX_LoaderVersion` *and* the installed folder was named `TKX_LoaderVersion`, so the announce cannot separate ""resolved through the version dir's `mod.info`"" from ""matched the folder name"". `x123-20260911-034426` / `x123b-20260911-034500` are the boots that separate them.",
x122-20260911-032326,TKX_LoaderCommon,"`summary.L1_loading.common_id_mentions` `{server: 0, client: 0}`","**Unobserved, not confirmed — in either direction.** Zero mentions of the `common/` id in either log says the engine never *printed* it. Nothing here reads engine state, so it is neither evidence that the id was registered nor that it was not. The addressability question is `x123b`'s.",
x122-20260911-032326,modIdToDir,"`summary.L1_loading.common_id_mentions` `{server: 0, client: 0}`","**Unobserved, not confirmed — in either direction.** Zero mentions of the `common/` id in either log says the engine never *printed* it. Nothing here reads engine state, so it is neither evidence that the id was registered nor that it was not. The addressability question is `x123b`'s.",
x122-20260911-032326,*,—,anything about **folder-name** resolution — Not exercised: this mod's folder name equals the version dir's id. `boots.drift` in `x123-20260911-034426` is the folder-drift reading.,
x122-20260911-032326,server_error_count: 0,`0`,"It means **0 non-baseline** lines. `testing/pzt/server.py`'s `BASELINE_NOISE` whitelists the media-walk lines, and the raw server log holds **68** lines matching `ERROR`. Quote ""no non-baseline server errors"".",
x122-20260911-032326,summary.lua_error_hits,`0`,"It means **0 non-baseline** lines. `testing/pzt/server.py`'s `BASELINE_NOISE` whitelists the media-walk lines, and the raw server log holds **68** lines matching `ERROR`. Quote ""no non-baseline server errors"".",
x122-20260911-032326,ERROR,`0`,"It means **0 non-baseline** lines. `testing/pzt/server.py`'s `BASELINE_NOISE` whitelists the media-walk lines, and the raw server log holds **68** lines matching `ERROR`. Quote ""no non-baseline server errors"".",
x122-20260911-032326,common/,the walk lines in `greps.loader_wide`,"They are `AdvancedAnimator.loadModMedia`'s **media walk** frames, not the `activeFileMap` pass. The enumeration order of the map pass is a jar read (**C**, [`platform/loader-and-scripts.md#file-map`](../platform/loader-and-scripts.md#file-map)), and the same caveat applies to `phases.L3` as to `phases.L2`: the outcome is proven, the mechanism is the jar.","read (**C**, [`platform/loader-and-scripts.md#file-map`](../platform/loader-and-scripts.md#file-map)), and the same caveat applies to `phases.L3` as to `phases.L2`: the outcome is proven, the mechanism is the jar"
x122-20260911-032326,activeFileMap,the walk lines in `greps.loader_wide`,"They are `AdvancedAnimator.loadModMedia`'s **media walk** frames, not the `activeFileMap` pass. The enumeration order of the map pass is a jar read (**C**, [`platform/loader-and-scripts.md#file-map`](../platform/loader-and-scripts.md#file-map)), and the same caveat applies to `phases.L3` as to `phases.L2`: the outcome is proven, the mechanism is the jar.","read (**C**, [`platform/loader-and-scripts.md#file-map`](../platform/loader-and-scripts.md#file-map)), and the same caveat applies to `phases.L3` as to `phases.L2`: the outcome is proven, the mechanism is the jar"
x122-20260911-032326,greps.commononly_wide,substring `tkx_loadercommon`,"The pattern also matches **`TKX_LoaderCommonTree`**, the probe's own global, so a count mixes the mod id with the marker. A later driver should use `tkx_loadercommon(?![a-z])`. Two more frozen-driver notes: `TAIL_RX`'s id class excludes digits, so an unparsed `overrides` line vanishes from `tails` silently (reconcile `len(tails)` against `count`), and `media_trees_walked` is a **sorted set** — walk order survives only in the `wide_hits` line numbers. The file holds **one** doctor snapshot, not one per boot.",use `tkx_loadercommon(?![a-z])`
x123-20260911-034426,*,—,"everything measured here, as a population — **`n = 1` probe per boot**, one build, the **dedicated-server** path (`Mods=` → `ZomboidFileSystem.loadModAndRequired`), server only. The **client's own mod-list call site** — `ChooseGameInfo.getModDetails` reached from the mod selector — was never exercised and is named as slice 13's check.",
x123-20260911-034426,verdicts.P17,`parts` null; `observed.media_trees_walked.TKX_DriftedFolder2` `[]`,"**Never exercised.** The boot failed at the requested-id lookup, so those clauses had nothing to run against. Four P17 clauses are null, not three.",
x123-20260911-034426,overrides,`parts` null; `observed.media_trees_walked.TKX_DriftedFolder2` `[]`,"**Never exercised.** The boot failed at the requested-id lookup, so those clauses had nothing to run against. Four P17 clauses are null, not three.",
x123-20260911-034426,media_trees_walked,`[]`,"**Entailed, not measured.** Media mapping happens only for mods that load, so an unloaded mod walks no tree by definition. This cannot separate ""scanned and rejected"" from ""never scanned""; corroboration only.",
x123-20260911-034426,mod.info,—,"**The run measures addressability, not the map.** Nothing here reads engine state. The measured statement is the operational one above; the mechanism (`ChooseGameInfo.readModInfoAux` parsing exactly one file) is **C**, in [`platform/mod-anatomy.md#id-chain`](../platform/mod-anatomy.md#id-chain).",
x123-20260911-034426,modIdToDir,—,"**The run measures addressability, not the map.** Nothing here reads engine state. The measured statement is the operational one above; the mechanism (`ChooseGameInfo.readModInfoAux` parsing exactly one file) is **C**, in [`platform/mod-anatomy.md#id-chain`](../platform/mod-anatomy.md#id-chain).",
x123-20260911-034426,subjects,"a file census per subject (paths, `commit`, `dirty`)","**It lists files, never ids.** The two declared ids are in `testing/experiments/tkx-loader-probe/common/mod.info` and `.../42.20/mod.info` at commit `f36a860`; cite those beside the reading. Future drivers should record the id per tree.",cite those beside the reading
x123-20260911-034426,doctor,—,Not in this artifact. Only the pre-run state is recorded.,
x123-20260911-034426,mod.info,—,**Untested here.** Both boots used a folder carrying **both** files. 4 installed mods have the `common/`-only shape and only AutoCook has booted (`td3-20260911-001948`); the purpose-built probe is slice 13's.,
x123-20260911-034426,common/mod.info,—,**Untested here.** Both boots used a folder carrying **both** files. 4 installed mods have the `common/`-only shape and only AutoCook has booted (`td3-20260911-001948`); the purpose-built probe is slice 13's.,
x123-20260911-034426,verdicts.P17,`falsified`,"Frozen-driver note: the grading at `x123_folder.py` ~:900 would have written `falsified` even if `a_found` were `None`. It did not fire here (boot (a) found the mod), but the latent defect is worth knowing before the driver is copied.",
x124-20260911-035819,*,—,"everything measured here, as a population — **`n = 1` session**, one build, three mod bodies, one item.",
x124-20260911-035819,summary.O1_means,"""replay is ALPHABETICAL BY ID with per-key last-wins; `Mods=` position is irrelevant to which body lands last""","**The driver's own over-reading, frozen in the file.** Four rival rules predict 999 in this `Mods=` order (alphabetical by id, by folder name, by script path, and first-in-`Mods=`-wins), so this run selects none of them. The settled rule is ""**sorted by the stored script path** (C), `Mods=`-independent (M, two permutations plus `x121`), last body wins per key (M)"" — `x125-20260911-042055` and [`platform/loader-and-scripts.md#sorted-replay`](../platform/loader-and-scripts.md#sorted-replay). Do not write ""question 7 settled"" from this file.",
x124-20260911-035819,"summary.O1_body_that_won.{client,server}.means","""replay is ALPHABETICAL BY ID with per-key last-wins; `Mods=` position is irrelevant to which body lands last""","**The driver's own over-reading, frozen in the file.** Four rival rules predict 999 in this `Mods=` order (alphabetical by id, by folder name, by script path, and first-in-`Mods=`-wins), so this run selects none of them. The settled rule is ""**sorted by the stored script path** (C), `Mods=`-independent (M, two permutations plus `x121`), last body wins per key (M)"" — `x125-20260911-042055` and [`platform/loader-and-scripts.md#sorted-replay`](../platform/loader-and-scripts.md#sorted-replay). Do not write ""question 7 settled"" from this file.",
x124-20260911-035819,summary.O2_script_file_order,"`[""tkx_zwatermelon""]`; server 6 / client 8 hits","**Those are loader and `NoSuchFileException` lines that merely contain the mod id**, not script-path lines. `verdicts.O2` is `unmeasured` for that reason (its honest grade is `trivial` — zero true script-path lines), and the ""8 hits"" figure is a *reading-time* re-grep that includes the harness's own echoes; the boot-time count is 6. The one citable form is the negative: **the engine prints no script path at default verbosity** (direct grep, n = 3 sessions).",
x124-20260911-035819,summary.O2_script_file_hits,"`[""tkx_zwatermelon""]`; server 6 / client 8 hits","**Those are loader and `NoSuchFileException` lines that merely contain the mod id**, not script-path lines. `verdicts.O2` is `unmeasured` for that reason (its honest grade is `trivial` — zero true script-path lines), and the ""8 hits"" figure is a *reading-time* re-grep that includes the harness's own echoes; the boot-time count is 6. The one citable form is the negative: **the engine prints no script path at default verbosity** (direct grep, n = 3 sessions).",
x124-20260911-035819,phases.O5,"nine keys, all `miss: true` across `x121` + `x124`","It is evidence about the **`getText` route**, not about whether the table is populated: `x121` read the JSON display name off the *instance* in the same build. And this run carries **no in-run positive control** — every key missed — so soundness rests on slice 10's client-side `IGUI_SS_BARTITLE_HAPPY` hit (`291f977`), a different session on an earlier harness shape.",read the JSON display name off the *instance* in the same build
x124-20260911-035819,ItemName,"nine keys, all `miss: true` across `x121` + `x124`","It is evidence about the **`getText` route**, not about whether the table is populated: `x121` read the JSON display name off the *instance* in the same build. And this run carries **no in-run positive control** — every key missed — so soundness rests on slice 10's client-side `IGUI_SS_BARTITLE_HAPPY` hit (`291f977`), a different session on an earlier harness shape.",read the JSON display name off the *instance* in the same build
x124-20260911-035819,overrides,"`mod ""TKX_ZWatermelon"" overrides ` and two more","**Neither.** They are the known empty-tail line: a `common/`-less mod's non-directory branch in `searchFolders` with `getRelativeFile` returning `""""`. Cite it as a second and third instance, with slice 11's mechanism.","Cite it as a second and third instance, with slice 11's mechanism"
x124-20260911-035819,verdicts.P19,`falsified`,"The verdict word grades **the plan's prediction** that `getText` would reach the name, not the reading. The reading is `phases.O5` and it is a clean, bounded negative on both sides.",
x125-20260911-042055,*,—,"everything measured here, as a population — **`n = 1` session**, one build, the same three mod bodies as session 4 in a second permutation.",
x125-20260911-042055,summary.O1_body_that_won.*.means,"""ALPHABETICAL-LAST wins"" / ""the body replayed last is the one whose id sorts last""","**They name the wrong key.** Measurement cannot separate sort-by-**id** from sort-by-**folder name**, by **script path** or by **`mod.info` display name** — all four sort identically in every boot this library ran. The jar names the key and it is the **stored script path** (C, above). The id-vs-path boot (a mod whose id sorts last while its script file sorts first) is the named check, handed to slice 13.",
x125-20260911-042055,summary.O1_means,"""ALPHABETICAL-LAST wins"" / ""the body replayed last is the one whose id sorts last""","**They name the wrong key.** Measurement cannot separate sort-by-**id** from sort-by-**folder name**, by **script path** or by **`mod.info` display name** — all four sort identically in every boot this library ran. The jar names the key and it is the **stored script path** (C, above). The id-vs-path boot (a mod whose id sorts last while its script file sorts first) is the named check, handed to slice 13.",
x125-20260911-042055,verdicts.P20.observed.means,"""ALPHABETICAL-LAST wins"" / ""the body replayed last is the one whose id sorts last""","**They name the wrong key.** Measurement cannot separate sort-by-**id** from sort-by-**folder name**, by **script path** or by **`mod.info` display name** — all four sort identically in every boot this library ran. The jar names the key and it is the **stored script path** (C, above). The id-vs-path boot (a mod whose id sorts last while its script file sorts first) is the named check, handed to slice 13.",
x125-20260911-042055,Mods=,—,"The independence clause rests on **two permutations of the same bodies** (the winner held `Mods=` slots 1 and 2) plus `x121`'s independent kills. Write ""n = 2 permutations + x121"".",
x125-20260911-042055,verdicts.O2,`trivial`,"Same as `x124`: the engine prints no script-path lines. The citable form is the negative — ""no script path is printed at default verbosity"", direct grep, n = 3 sessions.",
x125-20260911-042055,summary.O3_foodByModule,`Base` 722 / `TKX` 3,"The baseline is `exp05-20260910-084109`, not a redefinition boot. Write ""722 in all three redefinition boots against the `exp05` baseline"".",
x125-20260911-042055,testing/profiles/x12-order.toml:11,—,"**Frozen with their artifacts and falsified for script bodies.** They are the predictions the runs were measured against; the profiles are not edited. Cite this run and [`platform/loader-and-scripts.md#sorted-replay`](../platform/loader-and-scripts.md#sorted-replay), never the comments. [`testing/profiles/README.md`](../../testing/profiles/README.md) says so on both rows.","Cite this run and [`platform/loader-and-scripts.md#sorted-replay`](../platform/loader-and-scripts.md#sorted-replay), never the comments"
x125-20260911-042055,x12-overrides.toml:2,—,"**Frozen with their artifacts and falsified for script bodies.** They are the predictions the runs were measured against; the profiles are not edited. Cite this run and [`platform/loader-and-scripts.md#sorted-replay`](../platform/loader-and-scripts.md#sorted-replay), never the comments. [`testing/profiles/README.md`](../../testing/profiles/README.md) says so on both rows.","Cite this run and [`platform/loader-and-scripts.md#sorted-replay`](../platform/loader-and-scripts.md#sorted-replay), never the comments"
x125-20260911-042055,Mods=,—,"**Frozen with their artifacts and falsified for script bodies.** They are the predictions the runs were measured against; the profiles are not edited. Cite this run and [`platform/loader-and-scripts.md#sorted-replay`](../platform/loader-and-scripts.md#sorted-replay), never the comments. [`testing/profiles/README.md`](../../testing/profiles/README.md) says so on both rows.","Cite this run and [`platform/loader-and-scripts.md#sorted-replay`](../platform/loader-and-scripts.md#sorted-replay), never the comments"
x125-20260911-042055,classify(),—,Frozen-driver notes: `x125_order2.py` ~:688 admits a mod-id-only line when the line also carries a `media/scripts` path (`is_file = bool(m) or in_scripts`) — it did not fire here; `grep_numbered` ~:427 classifies a 200-character truncation as a hit; and the re-classification of `x124`'s hits (0 true file hits) is true but is recorded in **no** artifact key.,
x126-20260911-045205,*,—,"everything measured here, as a population — **`n = 1` session**, two passes, one build, one probe shape.",
x126-20260911-045205,server_error_count: 4,4,"**A harness classifier artefact — zero engine faults.** `ERROR_RX` (`testing/pzt/server.py:15`) is applied at `:253` to every non-indented server line no `BASELINE_NOISE` pattern whitelists, and there is no PZTK-echo pattern: all four entries are verbatim `PZTK: cmd #N lua.global -> …` echoes of **this driver's own bus replies**, which happen to carry the exception string it was reading. Any session whose readings quote an exception inflates the number the same way. Read `server_errors` itself.",Read `server_errors` itself
x126-20260911-045205,server_errors,4,"**A harness classifier artefact — zero engine faults.** `ERROR_RX` (`testing/pzt/server.py:15`) is applied at `:253` to every non-indented server line no `BASELINE_NOISE` pattern whitelists, and there is no PZTK-echo pattern: all four entries are verbatim `PZTK: cmd #N lua.global -> …` echoes of **this driver's own bus replies**, which happen to carry the exception string it was reading. Any session whose readings quote an exception inflates the number the same way. Read `server_errors` itself.",Read `server_errors` itself
x126-20260911-045205,*,"0 hits for `TKX_DefinitelyNil`, `attempted to call`, `ExceptionLogger`","the engine's log silence, read as evidence about **unguarded** raises — **No unguarded raise occurred here.** Silence is a property of the *caught, argument-slot* shape. `x127-20260911-052049` measured the unguarded and nested shapes, and there the engine logs the raise **in full** (73 + 73 trace blocks).",
x126-20260911-045205,*,client `before` 2 < `tail` 3 on pass 1,"a pass's fields, read as an atomic snapshot — **Each `lua.global` field is its own bus round-trip.** A fire can land between two reads: on pass 2 `behind = tail + 1` on both sides (client 11/12, server 23/24). Compare **adjacent** fields (`behind` against `tail`), and read the per-side advances (`before`/`tail`/`behind`: client +9/+8/+9, server +8/+8/+9) rather than differencing across the passes.","read the per-side advances (`before`/`tail`/`behind`: client +9/+8/+9, server +8/+8/+9) rather than differencing across the passes"
x126-20260911-045205,err,`tried to call nil java.lang.RuntimeException`,"Quote the **whole** string. It is `getMessage()` concatenated with `getClass().getName()`; this library's old rule quoted only the message half, which is part of why the two readings were ever confused.",
x126-20260911-045205,summary.branch,"`i_pcall_catches`, `as_predicted`","This run settles the first half only. ""Kills the whole handler"" was **unmeasured** until `x127`, where it turns out to be **right** for the handler's own body and **wrong** for the handlers behind it.",
x126-20260911-045205,verdicts.P21_*,"`i_pcall_catches`, `as_predicted`","This run settles the first half only. ""Kills the whole handler"" was **unmeasured** until `x127`, where it turns out to be **right** for the handler's own body and **wrong** for the handlers behind it.",
x127-20260911-052049,*,—,"everything measured here, as a population — **`n = 1` session** for the server readings (two passes), **n = 2 boots** for the client freeze; one build, one probe file, one raise family.",
x127-20260911-052049,*,"`phases.reads.client.*`, `summary.values.client` / `counters.client` (all `null`), `phases.classification.client.gates`, `verdicts.P22_client` `unmeasured`, `summary.h1_branch.client` / `h2_branch.client` `unmeasured`","every **client-side** reading — **The client froze before it answered anything.** Zero hits for the H2 line say it never even reached the unguarded raise. Every client row of this session is `unmeasured`, and the verdict says so.",
x127-20260911-052049,summary.sides_agree,`false`,**One reading and one silence is not two readings.** The server answered and the client never did; there is nothing to agree or disagree with.,
x127-20260911-052049,server_error_count: 892,892,"Genuine engine output this time (0 harness echoes) — but the arithmetic is **10 entries per fire**: 4 `flushErrorMessage` heads, 4 bare `STACK TRACE` lines (`ERROR_RX` matches those too) and 2 `Exception thrown` lines, so 89 × 10 ≈ 892. Semantically it is ""trace lines the probe caused"", not events. The same caveat sits on `acceptance_result`'s `970`.",
x127-20260911-052049,verify,"`verify` `[]`, `verify_error ""TimeoutError: no ack for #1 lua.global within 30s""`","**The gate never ran.** `verify` is asked after `client_ready`, and this client never became ready — so the single client-side row recorded a timeout instead of a pass or a fail. Gate a raising probe on the **server**.",
x127-20260911-052049,verify_error,"`verify` `[]`, `verify_error ""TimeoutError: no ack for #1 lua.global within 30s""`","**The gate never ran.** `verify` is asked after `client_ready`, and this client never became ready — so the single client-side row recorded a timeout instead of a pass or a fail. Gate a raising probe on the **server**.",
x127-20260911-052049,pcall,"one trace, H1's","Both handlers route through `KahluaUtil.fail`, so the break is **shape-independent within that family** and H1 merely came first; and `x126` falsifies ""any Lua error"" outright. The live split is by raise **origin** — `call`'s direct `athrow` versus `luaMainloop` → `fail` — not by handler. The confound that remains is two raising handlers in one mod: one more session with the raises in **separate** mods settles which fired the break.",
x127-20260911-052049,showLuaDebuggerOnError,—,"`Core.debug`-gated in the jar (**C**) and **unmeasured**. The follow-up is the same probe under a `debug=False` client — a harness launch-flag change, outside this slice's file scope and named in [`areas/open-questions.md#x23`](../areas/open-questions.md#x23).",
x127-20260911-052049,probe.lines,`32` / `37`,"Frozen line numbers: they re-point if `TKX_RaiseProbe.lua`'s header is edited. Re-locate by content. A second frozen-driver note: this session's `pzt run --hold 5` burned **384 s** because `x12-raise.toml` left `[client] timeout` at its 300 s default — a profile fix, not a harness defect (the wait **is** capped: `testing/pzt/client.py:211`, fed from `cli.py:157` and `profile.py:326`).",
x131-20261004-175014,verdicts.P1.7,`as_predicted`,"Half of P1.7 was never measured: its no-trace half grepped for `file: NR_` / `MOD: NutritionRevamp`, and this build prints a mod frame as `Lua((MOD:Nutrition Revamp)).call(NR_Core.lua:37)`, so the grep could not match; the server log carries ten such traces.","read `phases.P1.logs.self_report_server`, `registered_lines`, `self_report_client` for the self-report half and `server_errors` for the traces"
x131-20261004-175014,summary.verdicts.P1.7,`as_predicted`,"Half of P1.7 was never measured: its no-trace half grepped for `file: NR_` / `MOD: NutritionRevamp`, and this build prints a mod frame as `Lua((MOD:Nutrition Revamp)).call(NR_Core.lua:37)`, so the grep could not match; the server log carries ten such traces.","read `phases.P1.logs.self_report_server`, `registered_lines`, `self_report_client` for the self-report half and `server_errors` for the traces"
x131-20261004-175014,phases.P1.logs.server_trace_lines,`[]`,"The trace regex never matched this build's frame format, so an empty list is not an absence of traces.",read `server_errors` and `server_error_count`
x131-20261004-175014,phases.P1.logs.client_trace_lines,`[]`,The same regex as the server list; the client is clean on other evidence.,read `client_lua_error`
x131-20261004-175014,summary.verify_ok,"`[false, true, false, true]`","The two false rows are the profile's mis-named harness control (`PZTestKit.version`; the harness global is `TK`), not a mod failure.",read `verify[1]` and `verify[3]`
x131b-20261004-175911,phases.P1.mirror.received,`1`,"Two sends reach this client by the code path (the answer to its OnGameStart `mirror.request` and the server first-sight `sendMirror`) and the count reads 1, not 2: the run does not say which route carried the mirror.",cite it as a mirror arrived; read `phases.P1.mirror.fields` for its contents
x131b-20261004-175911,phases.P1.store.minutes.serverWorldAge,"`{a: null, b: null}`","A `lua.global` ack carries no world age, so the nulls are an absent field, not a reading.",read `phases.P1.store.minutes.window_measured_s`
x131c-20261004-181223,verdicts.X34,`falsified`,"The falsifying stat is idleness, whose out-of-band hours are its clamp at 1 and reset to 0 at moments that differ between the boots; seven of the nine graded stats are flat or pinned.",read `phases.X34.per_stat.<stat>` row by row
x131c-20261004-181223,summary.verdicts.X34,`falsified`,"The same verdict as `verdicts.X34`, copied into the summary.",read `phases.X34.per_stat.<stat>` row by row
x131c-20261004-181223,phases.X34.per_stat.Fatigue.verdict,`as_predicted`,Fatigue is pinned at 1e-4 by the server's fatigue reset in both boots; its rates are float noise above the driver's 1e-7 moved threshold.,read it as trivial
x131c-20261004-181223,constants.SEGMENTS,`run` and `asleep` for segments 4 to 6,The player walked with running false and was never asleep at a sample.,"read `boots.A.walks`, `boots.B.walks` and `samples[k].body.asleep`"
x131c-20261004-181223,phases.X34.stress_first_measurement.segments,`run` and `asleep` for segments 4 to 6,The same labels as `constants.SEGMENTS`: the player walked and was never asleep at a sample.,read `boots.A.walks` and `samples[k].body.asleep`
x131c-20261004-181223,boots.A.x35.run,six pairs,"No pair ran: the player stood still (running false, moving false).",read them as resting pairs
x131c-20261004-181223,boots.B.x35.run,six pairs,"No pair ran: the player stood still (running false, moving false).",read them as resting pairs
x131c-20261004-181223,boots.B.x35.arrival,one read 0.76 s after the write,"Inside the write's push window: an arrival-latency reading, ungraded (#1488).",read `boots.B.x35.rest`
x131c-20261004-181223,phases.X34.per_stat.Boredom,`falsified`,"Recorded, not graded: boredom follows idleness's clamp and reset timing.",read `phases.X34.per_stat.Idleness`
x131c-20261004-181223,phases.X34.per_stat.Temperature,`falsified`,"Recorded, not graded: body temperature is the thermoregulator's, outside the seven updaters, and moved with the walk's timing.",
scenario-20261004-184114,result,`PASS`,"Trivial: the fast scenario sets calories to 0, inside the weight model's dead band at 80 kg, so with the burn frozen the evaluator predicts 0 kg whatever `updateWeight` does; it is not evidence that the model holds.",test.samples
scenario-20261004-184114,evaluation.within_tolerance,`true`,"Trivial: the fast scenario sets calories to 0, inside the weight model's dead band at 80 kg, so with the burn frozen the evaluator predicts 0 kg whatever `updateWeight` does; it is not evidence that the model holds.",test.samples
scenario-20261004-185129,result,`FAIL`,"The evaluator integrates vanilla's weight model as if `Nutrition.update` ran; with the option off it does not, so the prediction and the failure measure the evaluator's premise, not the game.",test.samples
scenario-20261004-185129,evaluation.within_tolerance,`false`,"The evaluator integrates vanilla's weight model as if `Nutrition.update` ran; with the option off it does not, so the prediction and the failure measure the evaluator's premise, not the game.",test.samples
scenario-20261004-185129,evaluation.predicted_delta_kg,`2.878`,"The evaluator integrates vanilla's weight model as if `Nutrition.update` ran; with the option off it does not, so the prediction and the failure measure the evaluator's premise, not the game.",test.samples
scenario-20261004-185129,evaluation.residual_kg,`-2.878`,"The evaluator integrates vanilla's weight model as if `Nutrition.update` ran; with the option off it does not, so the prediction and the failure measure the evaluator's premise, not the game.",test.samples
scenario-20261004-185129,evaluation.predicted_kg_per_game_day,`0.959`,"The evaluator integrates vanilla's weight model as if `Nutrition.update` ran; with the option off it does not, so the prediction and the failure measure the evaluator's premise, not the game.",test.samples
x131p-20261004-192310,db_scans,every `has` false,"The scan read `db/pzt.db`, the server's account database; the player store is `Saves/Multiplayer/pzt/players.db`, which this run never scanned.",verdicts.X28-player.observed
x131p-20261004-192310,file_changes[4].has.TKX_restart,`true`,"Boot 3r's server read of the global table created it empty through `getOrCreate` and the quit saved it: a table name, not the value.",verdicts.X49b.observed
x131p-20261004-192310,file_changes[6].has,all three `true`,"Boot 4's control reads created the three empty tables, which its quit saved: the control file's names are the witness's own.",verdicts.X28-global.observed
x131t-20261004-195234,verdicts.A1.verdict,`falsified`,"Graded on arrivals measured from the start of the add's bracket, which includes the server's command pickup (up to 1.76 s), not the write.",trials[0].add_poll.rows
x131t-20261004-195234,summary.verdicts.A1,`falsified`,"Graded on arrivals measured from the start of the add's bracket, which includes the server's command pickup (up to 1.76 s), not the write.",trials[0].add_poll.rows
x131t-20261004-195234,phases.A1A2_summary.A2.add_hit_ms_from_push,177-371 ms,"The first client read after each push already held the trait and the push came 1.2-1.6 s after the write, so the number bounds when the list was present, not when the push arrived.",trials[1].add_poll.rows
x131t-20261004-195234,summary.A2_from_push,177-371 ms,"The first client read after each push already held the trait and the push came 1.2-1.6 s after the write, so the number bounds when the list was present, not when the push arrived.",trials[1].add_poll.rows
x131t-20261004-195234,trials[1].add_poll.hit_ms_from_push,177-371 ms,"The first client read after each push already held the trait and the push came 1.2-1.6 s after the write, so the number bounds when the list was present, not when the push arrived.",trials[1].add_poll.rows
x131t-20261004-195234,trials[3].add_poll.hit_ms_from_push,177-371 ms,"The first client read after each push already held the trait and the push came 1.2-1.6 s after the write, so the number bounds when the list was present, not when the push arrived.",trials[1].add_poll.rows
x131t-20261004-195234,trials[5].add_poll.hit_ms_from_push,177-371 ms,"The first client read after each push already held the trait and the push came 1.2-1.6 s after the write, so the number bounds when the list was present, not when the push arrived.",trials[1].add_poll.rows
x131t-20261004-195234,phases.A1A2_summary.A1.removed,`false`,"The empty list serialises as {}, which the driver's name test reads as no answer rather than as absent, so a removal never registered as arrived.",trials[0].remove_poll.rows
x131t-20261004-195234,phases.A1A2_summary.A2.removed,`false`,"The empty list serialises as {}, which the driver's name test reads as no answer rather than as absent, so a removal never registered as arrived.",trials[0].remove_poll.rows
x131t-20261004-195234,trials[0].remove_poll.arrived,`false`,"The empty list serialises as {}, which the driver's name test reads as no answer rather than as absent, so a removal never registered as arrived.",trials[0].remove_poll.rows
x131t-20261004-195234,trials[1].remove_poll.arrived,`false`,"The empty list serialises as {}, which the driver's name test reads as no answer rather than as absent, so a removal never registered as arrived.",trials[0].remove_poll.rows
x131t-20261004-195234,trials[2].remove_poll.arrived,`false`,"The empty list serialises as {}, which the driver's name test reads as no answer rather than as absent, so a removal never registered as arrived.",trials[0].remove_poll.rows
x131t-20261004-195234,trials[3].remove_poll.arrived,`false`,"The empty list serialises as {}, which the driver's name test reads as no answer rather than as absent, so a removal never registered as arrived.",trials[0].remove_poll.rows
x131t-20261004-195234,trials[4].remove_poll.arrived,`false`,"The empty list serialises as {}, which the driver's name test reads as no answer rather than as absent, so a removal never registered as arrived.",trials[0].remove_poll.rows
x131t-20261004-195234,trials[5].remove_poll.arrived,`false`,"The empty list serialises as {}, which the driver's name test reads as no answer rather than as absent, so a removal never registered as arrived.",trials[0].remove_poll.rows
x131t-20261004-195234,phases.A3.remove_poll.arrived,`false`,"The empty list serialises as {}, which the driver's name test reads as no answer rather than as absent, so a removal never registered as arrived.",trials[0].remove_poll.rows
x131t-20261004-195234,verdicts.A3.observed.removed,`false`,"The empty list serialises as {}, which the driver's name test reads as no answer rather than as absent, so a removal never registered as arrived.",trials[0].remove_poll.rows
x131t-20261004-195234,verdicts.A1.observed.removed,`false`,"The empty list serialises as {}, which the driver's name test reads as no answer rather than as absent, so a removal never registered as arrived.",trials[0].remove_poll.rows
x131t-20261004-195234,verdicts.A2.observed.removed,`false`,"The empty list serialises as {}, which the driver's name test reads as no answer rather than as absent, so a removal never registered as arrived.",trials[0].remove_poll.rows
x131t-20261004-195234,phases.A1A2_summary.A1.pre_client_has,`null`,The same {} serialisation: the client's list was empty before every add.,trials[0].pre_client.traitList
x131t-20261004-195234,phases.A1A2_summary.A2.pre_client_has,`null`,The same {} serialisation: the client's list was empty before every add.,trials[0].pre_client.traitList
x131t-20261004-195234,trials[0].pre_client_has,`null`,The same {} serialisation: the client's list was empty before every add.,trials[0].pre_client.traitList
x131t-20261004-195234,trials[1].pre_client_has,`null`,The same {} serialisation: the client's list was empty before every add.,trials[0].pre_client.traitList
x131t-20261004-195234,trials[2].pre_client_has,`null`,The same {} serialisation: the client's list was empty before every add.,trials[0].pre_client.traitList
x131t-20261004-195234,trials[3].pre_client_has,`null`,The same {} serialisation: the client's list was empty before every add.,trials[0].pre_client.traitList
x131t-20261004-195234,trials[4].pre_client_has,`null`,The same {} serialisation: the client's list was empty before every add.,trials[0].pre_client.traitList
x131t-20261004-195234,trials[5].pre_client_has,`null`,The same {} serialisation: the client's list was empty before every add.,trials[0].pre_client.traitList
x131t-20261004-195234,verdicts.A1.observed.pre_client_has,`null`,The same {} serialisation: the client's list was empty before every add.,trials[0].pre_client.traitList
x131t-20261004-195234,verdicts.A2.observed.pre_client_has,`null`,The same {} serialisation: the client's list was empty before every add.,trials[0].pre_client.traitList
x131s-20261004-200859,phases.summary.W75.step_spacing,min 3.7 / max 6.003 s,"The spread of the spacings between the end stamps of step-bearing poll intervals: a step lies anywhere inside an interval of about 1.3-2 s, so the extremes measure the polling, not the cadence.",phases.summary.W75.step_spacing_s
x131s-20261004-200859,phases.summary.W85.step_spacing,min 3.695 / max 6.406 s,"The spread of the spacings between the end stamps of step-bearing poll intervals: a step lies anywhere inside an interval of about 1.3-2 s, so the extremes measure the polling, not the cadence.",phases.summary.W85.step_spacing_s
x131s-20261004-200859,summary.spacing,min 3.7 / 3.695 s,"The spread of the spacings between the end stamps of step-bearing poll intervals: a step lies anywhere inside an interval of about 1.3-2 s, so the extremes measure the polling, not the cadence.",summary.cadence_mean_s
x131s-20261004-200859,phases.W75.cal_set_held.readback.calories,999.5188,The read back trails the write by one bus round trip of vanilla's drain; the write was 1000.,phases.W75.cal_set_held.set.ack.calories
x131s-20261004-200859,phases.W75.cal_set_absent.readback.calories,999.6401,The read back trails the write by one bus round trip of vanilla's drain; the write was 1000.,phases.W75.cal_set_absent.set.ack.calories
x131s-20261004-200859,phases.W85.cal_set_held.readback.calories,999.4554,The read back trails the write by one bus round trip of vanilla's drain; the write was 1000.,phases.W85.cal_set_held.set.ack.calories
x131s-20261004-200859,phases.W85.cal_set_absent.readback.calories,999.8363,The read back trails the write by one bus round trip of vanilla's drain; the write was 1000.,phases.W85.cal_set_absent.set.ack.calories
x131s-20261004-200859,phases.W80.cal_set_held.readback.calories,999.8716,The read back trails the write by one bus round trip of vanilla's drain; the write was 1000.,phases.W80.cal_set_held.set.ack.calories
x131s-20261004-200859,phases.W80.cal_set_absent.readback.calories,999.4608,The read back trails the write by one bus round trip of vanilla's drain; the write was 1000.,phases.W80.cal_set_absent.set.ack.calories
x131r-20261004-201719,phases.AC.tagged,+1s/+2s/+4s,"Each triplet took about 1.5 s, so no read fell near +1 s: the +1s and +2s tags name the same triplet (2.18 s for calories, 2.76 s for proteins).",phases.AC.rows
x131r-20261004-201719,phases.AP.tagged,+1s/+2s/+4s,"Each triplet took about 1.5 s, so no read fell near +1 s: the +1s and +2s tags name the same triplet (2.18 s for calories, 2.76 s for proteins).",phases.AP.rows
x131r-20261004-201719,verdicts.AC.observed.tagged,+1s/+2s/+4s,"Each triplet took about 1.5 s, so no read fell near +1 s: the +1s and +2s tags name the same triplet (2.18 s for calories, 2.76 s for proteins).",phases.AC.rows
x131r-20261004-201719,verdicts.AP.observed.tagged,+1s/+2s/+4s,"Each triplet took about 1.5 s, so no read fell near +1 s: the +1s and +2s tags name the same triplet (2.18 s for calories, 2.76 s for proteins).",phases.AP.rows
x131r-20261004-201719,phases.AC.store_first,2177 ms,"Both had already changed at the first read after the write, and the two are stamped on different clocks (the bar on the python read's end, the store on the client's snapshot), so neither is an arrival and their difference is not a lag.",phases.AC.rows
x131r-20261004-201719,phases.AC.bar_first_ms,1774 ms,"Both had already changed at the first read after the write, and the two are stamped on different clocks (the bar on the python read's end, the store on the client's snapshot), so neither is an arrival and their difference is not a lag.",phases.AC.rows
x131r-20261004-201719,phases.AP.store_first,2760 ms,"Both had already changed at the first read after the write, and the two are stamped on different clocks (the bar on the python read's end, the store on the client's snapshot), so neither is an arrival and their difference is not a lag.",phases.AP.rows
x131r-20261004-201719,phases.AP.bar_first_ms,2271 ms,"Both had already changed at the first read after the write, and the two are stamped on different clocks (the bar on the python read's end, the store on the client's snapshot), so neither is an arrival and their difference is not a lag.",phases.AP.rows
x131r-20261004-201719,summary.AC,store_first 2177 / bar_first_ms 1774,"Both had already changed at the first read after the write, and the two are stamped on different clocks (the bar on the python read's end, the store on the client's snapshot), so neither is an arrival and their difference is not a lag.",phases.AC.rows
x131r-20261004-201719,summary.AP,store_first 2760 / bar_first_ms 2271,"Both had already changed at the first read after the write, and the two are stamped on different clocks (the bar on the python read's end, the store on the client's snapshot), so neither is an arrival and their difference is not a lag.",phases.AP.rows
x131r-20261004-201719,verdicts.AC.observed.store_first_ms,2177 ms,"Both had already changed at the first read after the write, and the two are stamped on different clocks (the bar on the python read's end, the store on the client's snapshot), so neither is an arrival and their difference is not a lag.",phases.AC.rows
x131r-20261004-201719,verdicts.AC.observed.bar_first_ms,1774 ms,"Both had already changed at the first read after the write, and the two are stamped on different clocks (the bar on the python read's end, the store on the client's snapshot), so neither is an arrival and their difference is not a lag.",phases.AC.rows
x131r-20261004-201719,verdicts.AP.observed.store_first_ms,2760 ms,"Both had already changed at the first read after the write, and the two are stamped on different clocks (the bar on the python read's end, the store on the client's snapshot), so neither is an arrival and their difference is not a lag.",phases.AP.rows
x131r-20261004-201719,verdicts.AP.observed.bar_first_ms,2271 ms,"Both had already changed at the first read after the write, and the two are stamped on different clocks (the bar on the python read's end, the store on the client's snapshot), so neither is an arrival and their difference is not a lag.",phases.AP.rows
x131r-20261004-201719,constants.POLL_S,0.5,The requested triplet spacing; the triplets came about 1.5 s apart.,phases.AC.rows
x131d-20261004-205257,phases.P1.byChar.calls_minus_hits,"`{a: 8, b: -5}`","Each side of the difference is two sequential bus reads under a second apart at about 10 handler calls a second, so it measures the read gap, not the misses since boot.",phases.P1.byChar.dHits
x131d-20261004-205257,summary.byChar.calls_minus_hits,"`{a: 8, b: -5}`","Each side of the difference is two sequential bus reads under a second apart at about 10 handler calls a second, so it measures the read gap, not the misses since boot.",phases.P1.byChar.dHits
x131d-20261004-205257,phases.P1.byChar.dHits_minus_dCalls,`13`,"The surplus is the sandwich order's wider hits window (its reads bracket the calls reads), not hits beyond calls.",phases.P1.byChar.dCalls
x131d-20261004-205257,summary.byChar.dHits_minus_dCalls,`13`,"The surplus is the sandwich order's wider hits window (its reads bracket the calls reads), not hits beyond calls.",phases.P1.byChar.dCalls
x131d-20261004-205257,phases.P1.mirror.received,`1`,"Two sends reach this client by the code path and the count reads 1, not 2: the run does not say which route carried the mirror.",cite it as a mirror arrived; read `phases.P1.mirror.fields` for its contents
x131d-20261004-205257,phases.P1.store.minutes.serverWorldAge,"`{a: null, b: null}`","A `lua.global` ack carries no world age, so the nulls are an absent field, not a reading.",read `phases.P1.store.minutes.window_measured_s`
x132c-20261005-041640,phases.P2.ack.usPerCall,`0.02`,"P2 is a method note, not a measurement: bench.global called NutritionRevamp.kernel.fast.step with no arguments, so the step raised on inp.M at NR_Kernel_Fast.lua:69 and was caught by bench.global's own pcall (calls 0, error set in the ack). The 0.02 is the cost of entering and catching the raise, not of the step; bench_fast (P1) is the step's benchable proxy.",cite `phases.P1.ack.usPerCall`
x132c-20261005-041640,boots.takeover.server_error_count,`7`,"The takeover boot's seven server errors are the P2 probe's expected caught raise -- the no-argument NutritionRevamp.kernel.fast.step bench raising at NR_Kernel_Fast.lua:69 plus the Kahlua flushErrorMessage and STACK TRACE lines the collector counts. Not a handler fault: the overlay boot runs no P2 probe and has 0, and the P1 bench_fast and P3 tick.rate readings on this boot are clean.",cross-check `boots.overlay.server_error_count` is 0
x132d-20261005-060046,verdicts.P1a_sides.verdict,`falsified`,"A grading-code fault, not a reading: the driver's counters() passed witness.moddata's values through _common.num, which answers None for a string, and witness.moddata renders every value with tostring, so every PRESENT counter graded as null while an absent one graded 0. The raw reads are server updateEat_server 29 / complete_server 1 and client 0 / 0, which is the prediction.",cite `snapshots.P1_post.moddata.server.values` and `snapshots.P1_post.moddata.client.missing`
x132d-20261005-060046,verdicts.P1b_sips.verdict,`unmeasured`,"The same string-to-None fault left updateEat_server null, so the equality was never evaluated; the raw reads are stats.sips 29 and updateEat_server 29.",cite `snapshots.P1_post.globals.server.NutritionRevamp.server.intake.stats.sips.value` beside `snapshots.P1_post.moddata.server.values.updateEat_server`
x132d-20261005-060046,verdicts.P3_half.verdict,`falsified`,"The same fault: complete_server and updateEat_server graded null. Off the raw reads the half arm met every clause (updateEat_server 29 to 61 and sips 29 to 61, both +32; complete_server 1 to 2; +40.12 kcal drift-corrected; bulk ingest 1.150 inside its band; lastIntake Base.JuiceBox).",cite `verdicts.P3_half.observed.kcal` and `.bulk` and the P3_pre / P3_post moddata values
x132d-20261005-060046,verdicts.X13.verdict,`falsified` / summary.x13 `B7 negative`,"Computed from the faulty P1a grade. The raw counters fired server-side only against a control (P2) that moved the stores, which is the CAN outcome.",cite the P1_post moddata values beside `verdicts.P2_control.observed`
x132d-20261005-060046,"summary.counters_P1_delta, summary.counters_after_all, summary.verdicts, verdicts.P1a_sides.observed.counter_delta, verdicts.P3_half.observed.counter_delta, verdicts.P2_control.observed.counter_delta",nulls on every _server key,"The string-to-None fault: these nulls are a parse failure, not absent counters.",cite `snapshots.<tag>.moddata.server.values`
x132d-20261005-060046,greps.lua_errors,"server 17, client 12","The pattern's `Exception thrown` alternative matched vanilla boot noise (AdvancedAnimator visitFileFailed, IsoPropertyType lookupOrDefaultStr) that the server's error collector classifies as baseline; no line names a Lua error.",cite `server_error_count` (0) and `client_lua_error` (false)
x132d-20261005-060046,greps.syncitemfields.server,`1`,"The one hit is the harness's own echo of the P2 drink reply, whose payload contains the word syncItemFields; no SyncItemFields error was logged.",cite `server_error_count` (0)
x132d-20261005-060046,verdicts.P1e_client_arrival,"first moves both 3.521 s","Each poll is a client-then-server nutrition pair about 1.5 to 2 s wide, so both first moves fall in one poll window; the client's delta in that poll was +17 against the server's +89. It shows arrival within a poll or two, not a latency.",cite the poll rows `phases.P1.polls` and `phases.P3.polls` as a granularity-bound reading
x132d-20261005-060046,"snapshots.*.globals.server.NutritionRevamp.server.store.records.admin.stomachFill",`1` after P1,"stomachFill is bulk over FULL_BULK clamped to 1, and the seeded-full stomach plus a can exceeds 8, so the scalar is pinned at its clamp.",cite the `stomach.bulk` values
x132e-20261005-062748,verdicts,`unmeasured` / `falsified` after P0,"The wrap cycle (TKX_EatHook re-wrapping over NutritionRevamp's wrapper at OnServerStarted, its old closure calling the overwritten global original) overflowed the stack inside every completed eat, so Eat never ran; no phase after P0 read the question it asks, and A6_completed's falsified is the cycle too.",cite `phases.*.delta` and `server_errors` for the cycle itself
x132e-20261005-062748,summary,x24/x33 unmeasured,The same cycle; the summary restates the phase verdicts.,cite `phases.*.delta`
x132e-20261005-062748,phases.Q1.delta.eats,`497`,"One eat action recursing to a stack overflow, not 497 eats; the same holds for every phase's eats and completes_server delta.",cite `server_errors` and `phases.Q1.kcal`
x132e-20261005-062748,greps.lua_errors,"server 20, client 20 (saturated)","Vanilla AdvancedAnimator boot noise plus the overflow traces, saturated at the limit.",cite `server_error_count` 112 and `server_errors`
x132e-20261005-063700,verdicts.A7_cancelled,`unmeasured`,player.stop did not cancel the started eat (it clears only unstarted actions); nothing about serverStop was read.,cite `phases.A7.delta` for the completed eat
x132e-20261005-063700,verdicts.A8_guard,`unmeasured`,"The same: no cancel happened, so the guard was never on the route.",cite `phases.A8.kcal` and `phases.A8.item_confirm` for the completed sub-guard eat
x132e-20261005-063700,verdicts.X33,`unmeasured`,No cancel arm reached serverStop.,—
x132e-20261005-063700,summary.x33,unmeasured: arms ...,The same.,—
x132e-20261005-063700,phases.A7.buffer,"predicted 0, `within false`","The prediction took the share of a cancel that never happened, and the store was already NaN from Q4.",—
x132e-20261005-063700,phases.A7.bulk,"predicted 0, `within false`",The same.,—
x132e-20261005-063700,phases.A8.buffer,"`nan`, `within false`",The store was already NaN from Q4.,—
x132e-20261005-063700,phases.A8.bulk,"`nan`, `within false`",The same.,—
x132e-20261005-063700,snapshots.Q4_post.record.values.admin.stomach.bulk,`nan`,"The mod's NaN landing (the finished item's raw hunger reads NaN after UseAndSync), not a stomach state; the same for every record value from Q4_post on.",cite `snapshots.Q3_post.record.values` for the last finite state
x132e-20261005-063700,snapshots.Q4_post.stats.server.hunger,`null`,"A non-finite hunger (the harness renders NaN as null), not an absent read; the same for every stats hunger from Q4_post on, both sides.",cite `snapshots.Q3_post.stats.server.hunger`
x132e-20261005-063700,greps.lua_errors,"server 20, client 20 (saturated)",Vanilla AdvancedAnimator boot noise saturated at the limit.,cite `server_error_count` 0
