id	topic	parameter	value	range	population	grade	citation	source	status	successor
S0001	energy	resting energy expenditure, Mifflin–St Jeor combined equation	REE (kcal/d) = 9.99·W + 6.25·H − 4.92·A + 166·sex − 161 (W kg, H cm, A y; sex male 1, female 0)	R² = 0.71	498 healthy adults aged 19–78 y (mean 45 ± 14), 251 men and 247 women, 264 normal-weight and 234 obese, US, indirect calorimetry	COH	Mifflin MD et al 1990, Am J Clin Nutr 51:241–247; doi:10.1093/ajcn/51.2.241; pmid:2305711	docs/superpowers/research/science-energy-body.md § 1. Resting energy expenditure	settled	
S0002	energy	resting energy expenditure, Mifflin–St Jeor equation for men	REE (kcal/d) = 10·W + 6.25·H − 5·A + 5	simplification and separation by sex did not reduce predictive value (combined R² = 0.71)	the 251 men of the Mifflin cohort: 498 healthy adults aged 19–78 y (mean 45 ± 14), 251 men and 247 women, 264 normal-weight and 234 obese, US, indirect calorimetry	COH	Mifflin MD et al 1990, Am J Clin Nutr 51:241–247; doi:10.1093/ajcn/51.2.241; pmid:2305711	docs/superpowers/research/science-energy-body.md § 1. Resting energy expenditure	settled	
S0003	energy	resting energy expenditure, Mifflin–St Jeor equation for women	REE (kcal/d) = 10·W + 6.25·H − 5·A − 161	simplification and separation by sex did not reduce predictive value (combined R² = 0.71)	the 247 women of the Mifflin cohort: 498 healthy adults aged 19–78 y (mean 45 ± 14), 251 men and 247 women, 264 normal-weight and 234 obese, US, indirect calorimetry	COH	Mifflin MD et al 1990, Am J Clin Nutr 51:241–247; doi:10.1093/ajcn/51.2.241; pmid:2305711	docs/superpowers/research/science-energy-body.md § 1. Resting energy expenditure	settled	
S0004	energy	resting energy expenditure from fat-free mass alone (the lean-mass form of Mifflin–St Jeor)	REE (kcal/d) = 19.7·FFM + 413 (FFM kg)	R² = 0.64; fat-free mass the best single predictor in the cohort	498 healthy adults aged 19–78 y (mean 45 ± 14), 251 men and 247 women, 264 normal-weight and 234 obese, US, indirect calorimetry	COH	Mifflin MD et al 1990, Am J Clin Nutr 51:241–247; doi:10.1093/ajcn/51.2.241; pmid:2305711	docs/superpowers/research/science-energy-body.md § 1. Resting energy expenditure	settled	
S0005	energy	resting energy expenditure from body weight alone (Mifflin cohort)	REE (kcal/d) = 15.1·W + 371	R² = 0.56	498 healthy adults aged 19–78 y (mean 45 ± 14), 251 men and 247 women, 264 normal-weight and 234 obese, US, indirect calorimetry	COH	Mifflin MD et al 1990, Am J Clin Nutr 51:241–247; doi:10.1093/ajcn/51.2.241; pmid:2305711	docs/superpowers/research/science-energy-body.md § 1. Resting energy expenditure	settled	
S0006	energy	resting energy expenditure from fat-free mass, Cunningham generalized equation	REE (kcal/d) = 370 + 21.6·FFM (FFM kg)	explains 65–90 % of REE variance across studies; no independent contribution of fat mass in the general population (fat mass may predict in obese women)	adults over a broad weight range, synthetic review of two-compartment body-composition studies	TXT	Cunningham JJ 1991, Am J Clin Nutr 54:963–969; doi:10.1093/ajcn/54.6.963; pmid:1957828	docs/superpowers/research/science-energy-body.md § 1. Resting energy expenditure	settled	
S0007	energy	resting metabolic rate from lean body mass, Cunningham 1980 reanalysis	RMR (kcal/d) = 500 + 22·LBM (LBM kg)		normal adults; unverified: the record resolves (2026-10-04) but its abstract does not carry the coefficients and the full text was not read (report § Gaps item 2)	COH	Cunningham JJ 1980, Am J Clin Nutr 33:2372–2374; doi:10.1093/ajcn/33.11.2372; pmid:7435418	docs/superpowers/research/science-energy-body.md § 1. Resting energy expenditure	unverified	
S0008	energy	precision of the revised Harris–Benedict equation and its bias in malnutrition	±14 % precision in normally nourished subjects; REE tracks body cell mass and is independent of age and sex once body cell mass is accounted for; underestimates measured REE in malnutrition	±14 %	239 original Harris–Benedict subjects and 98 published subjects over wider age ranges; tested in 74 normally nourished and malnourished patients	COH	Roza AM & Shizgal HM 1984, Am J Clin Nutr 40:168–182; doi:10.1093/ajcn/40.1.168; pmid:6741850	docs/superpowers/research/science-energy-body.md § 1. Resting energy expenditure	settled	
S0009		revised Harris–Benedict equation coefficients (Roza & Shizgal 1984)			the record resolves but the circulating coefficient set is not in its abstract and the full text was not read; settled by reading the paper (report § Gaps item 1)			docs/superpowers/research/science-energy-body.md § 1. Resting energy expenditure	open	
S0010	energy	most accurate resting-metabolic-rate prediction equation in healthy nonobese and obese adults	Mifflin–St Jeor: predicted RMR within 10 % of measured in more nonobese and obese individuals than Harris–Benedict, Owen or WHO/FAO/UNU	noteworthy errors and limitations when applied to individuals; older adults and US ethnic minorities under-represented	systematic review of validation studies, healthy nonobese and obese adults	MA	Frankenfield D et al 2005, J Am Diet Assoc 105:775–789; doi:10.1016/j.jada.2005.02.005; pmid:15883556	docs/superpowers/research/science-energy-body.md § 1. Resting energy expenditure	settled	
S0011	energy	specific metabolic rates of organs and tissues	liver 200, brain 240, heart 440, kidneys 440, skeletal muscle 13, adipose tissue 4.5, residual mass 12 kcal·kg⁻¹·d⁻¹	confirmed for younger adults; a minor downward adjustment is appropriate above 50 y	131 healthy adults in three age groups, MRI organ volumes and indirect calorimetry	COH	Wang Z et al 2010, Am J Clin Nutr 92:1369–1377; doi:10.3945/ajcn.2010.29885; pmid:20962155	docs/superpowers/research/science-energy-body.md § 1. Resting energy expenditure	settled	
S0012	energy	resting energy expenditure modelled from organ and tissue masses	REE can be modelled from measured organ and tissue masses and metabolically active tissue mass		adults, MRI organ masses and indirect calorimetry	COH	Gallagher D et al 1998, Am J Physiol 275:E249–58; doi:10.1152/ajpendo.1998.275.2.e249; pmid:9688626	docs/superpowers/research/science-energy-body.md § 1. Resting energy expenditure	settled	
S0013	energy	occurrence of adaptive thermogenesis after weight loss	reported in 27 of 33 studies; significant for REE in 23 (82.8 % of those measuring REE), for TDEE in 4 (80 %), for sleeping EE in 2 (100 %); well-designed studies reported lower or non-significant values, and it appears attenuated or absent after weight stabilisation	large heterogeneity in how it is quantified and in its magnitude	33 studies, 2528 adults	MA	Nunes CL et al 2022, Br J Nutr 127:451–469; doi:10.1017/s0007114521001094; pmid:33762040	docs/superpowers/research/science-energy-body.md § 1. Resting energy expenditure	settled	
S0014	energy	persistence of adaptive thermogenesis after maintained weight loss	after ≥10 % weight loss maintained >1 y, total, non-resting and (less so) resting energy expenditure were significantly lower than in never-reduced matched controls	7 matched subject trios — small n	weight-reduced adults, inpatient, controlled liquid-formula diets	EXP	Rosenbaum M et al 2008, Am J Clin Nutr 88:906–912; doi:10.1093/ajcn/88.4.906; pmid:18842775	docs/superpowers/research/science-energy-body.md § 1. Resting energy expenditure	settled	
S0015	energy	adaptive thermogenesis in humans, mechanism and measurement	narrative review: adaptive thermogenesis exists in humans and opposes the maintenance of a reduced body weight		humans	TXT	Rosenbaum M & Leibel RL 2010, Int J Obes (Lond) 34 Suppl 1:S47–55; doi:10.1038/ijo.2010.184; pmid:20935667	docs/superpowers/research/science-energy-body.md § 1. Resting energy expenditure	settled	
S0016	energy	what the adaptive reduction in basal metabolic rate tracks under semi-starvation	the reduction in thermogenesis (ΔBMR adjusted for ΔFFM and ΔFM) correlated with the degree of fat-mass depletion, not fat-free-mass depletion, during both loss and recovery; residual variance predicted by pre-starvation % fat and cormic index	r ≈ 0.5, p < 0.01	re-analysis of the 32 men of the Minnesota semi-starvation experiment at weeks 12 and 24 of semi-starvation and week 12 of restricted refeeding	COH	Dulloo AG & Jacquet J 1998, Am J Clin Nutr 68:599–606; doi:10.1093/ajcn/68.3.599; pmid:9734736	docs/superpowers/research/science-energy-body.md § 1. Resting energy expenditure	settled	
S0017	energy	adaptive-thermogenesis term needed to fit the Minnesota resting metabolic rate	a mechanistic energy-metabolism model reproduced the measured resting metabolic rate only with an explicit adaptive-thermogenesis term		model fitted to the Minnesota semi-starvation experiment, validated against a short-term caloric-restriction study	TXT	Hall KD 2006, Am J Physiol Endocrinol Metab 291:E23–37; doi:10.1152/ajpendo.00523.2005; pmid:16449298	docs/superpowers/research/science-energy-body.md § 1. Resting energy expenditure	settled	
S0018	energy	energy cost of sleeping	1.0 MET		adults 19–59 y, 2024 Adult Compendium of Physical Activities (1 MET = 1 kcal·kg⁻¹·h⁻¹)	AUTH	Herrmann SD et al 2024, J Sport Health Sci 13:6–12; doi:10.1016/j.jshs.2023.10.010; pmid:38242596	docs/superpowers/research/science-energy-body.md § 2. Activity energy expenditure	settled	
S0019	energy	energy cost of lying quietly awake or sitting quietly	1.0 MET (sitting fidgeting 1.5)		adults 19–59 y, 2024 Adult Compendium of Physical Activities (1 MET = 1 kcal·kg⁻¹·h⁻¹)	AUTH	Herrmann SD et al 2024, J Sport Health Sci 13:6–12; doi:10.1016/j.jshs.2023.10.010; pmid:38242596	docs/superpowers/research/science-energy-body.md § 2. Activity energy expenditure	settled	
S0020	energy	energy cost of standing quietly	1.3 MET (standing fidgeting 1.5)		adults 19–59 y, 2024 Adult Compendium of Physical Activities (1 MET = 1 kcal·kg⁻¹·h⁻¹)	AUTH	Herrmann SD et al 2024, J Sport Health Sci 13:6–12; doi:10.1016/j.jshs.2023.10.010; pmid:38242596	docs/superpowers/research/science-energy-body.md § 2. Activity energy expenditure	settled	
S0021	energy	energy cost of walking at 3.2–3.9 km/h (2.0–2.4 mph)	2.8 MET		adults 19–59 y, 2024 Adult Compendium of Physical Activities (1 MET = 1 kcal·kg⁻¹·h⁻¹)	AUTH	Herrmann SD et al 2024, J Sport Health Sci 13:6–12; doi:10.1016/j.jshs.2023.10.010; pmid:38242596	docs/superpowers/research/science-energy-body.md § 2. Activity energy expenditure	settled	
S0022	energy	energy cost of walking at 4.0 km/h (2.5 mph)	3.0 MET		adults 19–59 y, 2024 Adult Compendium of Physical Activities (1 MET = 1 kcal·kg⁻¹·h⁻¹)	AUTH	Herrmann SD et al 2024, J Sport Health Sci 13:6–12; doi:10.1016/j.jshs.2023.10.010; pmid:38242596	docs/superpowers/research/science-energy-body.md § 2. Activity energy expenditure	settled	
S0023	energy	energy cost of walking at 4.5–5.5 km/h (2.8–3.4 mph)	3.8 MET		adults 19–59 y, 2024 Adult Compendium of Physical Activities (1 MET = 1 kcal·kg⁻¹·h⁻¹)	AUTH	Herrmann SD et al 2024, J Sport Health Sci 13:6–12; doi:10.1016/j.jshs.2023.10.010; pmid:38242596	docs/superpowers/research/science-energy-body.md § 2. Activity energy expenditure	settled	
S0024	energy	energy cost of walking at 5.6–6.3 km/h (3.5–3.9 mph)	4.8 MET		adults 19–59 y, 2024 Adult Compendium of Physical Activities (1 MET = 1 kcal·kg⁻¹·h⁻¹)	AUTH	Herrmann SD et al 2024, J Sport Health Sci 13:6–12; doi:10.1016/j.jshs.2023.10.010; pmid:38242596	docs/superpowers/research/science-energy-body.md § 2. Activity energy expenditure	settled	
S0025	energy	energy cost of walking at 6.4–7.1 km/h (4.0–4.4 mph)	5.5 MET		adults 19–59 y, 2024 Adult Compendium of Physical Activities (1 MET = 1 kcal·kg⁻¹·h⁻¹)	AUTH	Herrmann SD et al 2024, J Sport Health Sci 13:6–12; doi:10.1016/j.jshs.2023.10.010; pmid:38242596	docs/superpowers/research/science-energy-body.md § 2. Activity energy expenditure	settled	
S0026	energy	energy cost of walking at 7.2–7.9 km/h (4.5–4.9 mph)	7.0 MET		adults 19–59 y, 2024 Adult Compendium of Physical Activities (1 MET = 1 kcal·kg⁻¹·h⁻¹)	AUTH	Herrmann SD et al 2024, J Sport Health Sci 13:6–12; doi:10.1016/j.jshs.2023.10.010; pmid:38242596	docs/superpowers/research/science-energy-body.md § 2. Activity energy expenditure	settled	
S0027	energy	energy cost of walking at 8.0–8.9 km/h (5.0–5.5 mph)	8.5 MET		adults 19–59 y, 2024 Adult Compendium of Physical Activities (1 MET = 1 kcal·kg⁻¹·h⁻¹)	AUTH	Herrmann SD et al 2024, J Sport Health Sci 13:6–12; doi:10.1016/j.jshs.2023.10.010; pmid:38242596	docs/superpowers/research/science-energy-body.md § 2. Activity energy expenditure	settled	
S0028	energy	energy cost of jogging, general, self-selected pace	7.5 MET	jogging in place 4.8 MET	adults 19–59 y, 2024 Adult Compendium of Physical Activities (1 MET = 1 kcal·kg⁻¹·h⁻¹)	AUTH	Herrmann SD et al 2024, J Sport Health Sci 13:6–12; doi:10.1016/j.jshs.2023.10.010; pmid:38242596	docs/superpowers/research/science-energy-body.md § 2. Activity energy expenditure	settled	
S0029	energy	energy cost of running at 9.7–10.1 km/h (6–6.3 mph)	9.3 MET		adults 19–59 y, 2024 Adult Compendium of Physical Activities (1 MET = 1 kcal·kg⁻¹·h⁻¹)	AUTH	Herrmann SD et al 2024, J Sport Health Sci 13:6–12; doi:10.1016/j.jshs.2023.10.010; pmid:38242596	docs/superpowers/research/science-energy-body.md § 2. Activity energy expenditure	settled	
S0030	energy	energy cost of running at 12.1 km/h (7.5 mph)	11.8 MET		adults 19–59 y, 2024 Adult Compendium of Physical Activities (1 MET = 1 kcal·kg⁻¹·h⁻¹)	AUTH	Herrmann SD et al 2024, J Sport Health Sci 13:6–12; doi:10.1016/j.jshs.2023.10.010; pmid:38242596	docs/superpowers/research/science-energy-body.md § 2. Activity energy expenditure	settled	
S0031	energy	energy cost of running at 12.9 km/h (8 mph)	12.0 MET		adults 19–59 y, 2024 Adult Compendium of Physical Activities (1 MET = 1 kcal·kg⁻¹·h⁻¹)	AUTH	Herrmann SD et al 2024, J Sport Health Sci 13:6–12; doi:10.1016/j.jshs.2023.10.010; pmid:38242596	docs/superpowers/research/science-energy-body.md § 2. Activity energy expenditure	settled	
S0032	energy	energy cost of running at 16.1 km/h (10 mph)	14.8 MET		adults 19–59 y, 2024 Adult Compendium of Physical Activities (1 MET = 1 kcal·kg⁻¹·h⁻¹)	AUTH	Herrmann SD et al 2024, J Sport Health Sci 13:6–12; doi:10.1016/j.jshs.2023.10.010; pmid:38242596	docs/superpowers/research/science-energy-body.md § 2. Activity energy expenditure	settled	
S0033	energy	energy cost of running at 19.3 km/h (12 mph)	18.5 MET		adults 19–59 y, 2024 Adult Compendium of Physical Activities (1 MET = 1 kcal·kg⁻¹·h⁻¹)	AUTH	Herrmann SD et al 2024, J Sport Health Sci 13:6–12; doi:10.1016/j.jshs.2023.10.010; pmid:38242596	docs/superpowers/research/science-energy-body.md § 2. Activity energy expenditure	settled	
S0034	energy	energy cost of running at 22.5 km/h (14 mph), the highest Compendium entry	23.0 MET	sprinting proper has no Compendium entry: any value above 23 MET is extrapolation, and an all-out sprint is anaerobic; the 2011 edition spanned 0.9 (sleeping) to 23 MET (running 14 mph)	adults 19–59 y, 2024 Adult Compendium of Physical Activities (1 MET = 1 kcal·kg⁻¹·h⁻¹)	AUTH	Herrmann SD et al 2024, J Sport Health Sci 13:6–12; doi:10.1016/j.jshs.2023.10.010; pmid:38242596; Ainsworth BE et al 2011, Med Sci Sports Exerc 43:1575–1581; doi:10.1249/mss.0b013e31821ece12; pmid:21681120	docs/superpowers/research/science-energy-body.md § 2. Activity energy expenditure	settled	
S0035	energy	energy cost of walking with a load on level ground	carrying 5–14 lb, moderate pace 4.0 MET; carrying 15–155 lb, slow pace 4.5 MET; carrying 50–150 lb, moderate pace 6.5 MET	load bands very wide (15–155 lb in one entry): a poor instrument for a load gradient	adults 19–59 y, 2024 Adult Compendium of Physical Activities (1 MET = 1 kcal·kg⁻¹·h⁻¹)	AUTH	Herrmann SD et al 2024, J Sport Health Sci 13:6–12; doi:10.1016/j.jshs.2023.10.010; pmid:38242596	docs/superpowers/research/science-energy-body.md § 2. Activity energy expenditure	settled	
S0036	energy	energy cost of backpacking and hiking with a daypack	backpacking 7.0 MET; walking with a daypack, level, in a city 3.5 MET; hiking with a daypack, organized walking 7.8 MET		adults 19–59 y, 2024 Adult Compendium of Physical Activities (1 MET = 1 kcal·kg⁻¹·h⁻¹)	AUTH	Herrmann SD et al 2024, J Sport Health Sci 13:6–12; doi:10.1016/j.jshs.2023.10.010; pmid:38242596	docs/superpowers/research/science-energy-body.md § 2. Activity energy expenditure	settled	
S0037	energy	energy cost of carrying loads upstairs, by load	1–15 lb 5.5 MET; 16–24 lb 6.0; 25–49 lb 8.0; 50–74 lb 10.0; >74 lb 12.0 MET	monotone in load	adults 19–59 y, 2024 Adult Compendium of Physical Activities (1 MET = 1 kcal·kg⁻¹·h⁻¹)	AUTH	Herrmann SD et al 2024, J Sport Health Sci 13:6–12; doi:10.1016/j.jshs.2023.10.010; pmid:38242596	docs/superpowers/research/science-energy-body.md § 2. Activity energy expenditure	settled	
S0038	energy	energy cost of chopping wood	splitting logs moderate effort 4.5 MET, vigorous 6.5 MET; occupational axe chopping with a 1.25 kg axe at 19 blows/min 5.0, 35 blows/min 8.0, 51 blows/min 17.5 MET	the 17.5 MET entry is an extreme short-duration work rate, not a sustainable one	adults 19–59 y, 2024 Adult Compendium of Physical Activities (1 MET = 1 kcal·kg⁻¹·h⁻¹)	AUTH	Herrmann SD et al 2024, J Sport Health Sci 13:6–12; doi:10.1016/j.jshs.2023.10.010; pmid:38242596	docs/superpowers/research/science-energy-body.md § 2. Activity energy expenditure	settled	
S0039	energy	energy cost of carrying or stacking wood	light-to-moderate effort 4.1 MET; moderate effort 5.5 MET		adults 19–59 y, 2024 Adult Compendium of Physical Activities (1 MET = 1 kcal·kg⁻¹·h⁻¹)	AUTH	Herrmann SD et al 2024, J Sport Health Sci 13:6–12; doi:10.1016/j.jshs.2023.10.010; pmid:38242596	docs/superpowers/research/science-energy-body.md § 2. Activity energy expenditure	settled	
S0040	energy	energy cost of construction and carpentry	carpentry light 2.5, moderate 4.3, heavy or vigorous 7.0 MET; construction outside, remodeling 4.0; roofing 6.0; sawing hardwood, planing and drilling, moderate-to-vigorous 6.0; hammering nails 3.0; home repair vigorous 6.0; heavy pneumatic power tools 6.3 MET		adults 19–59 y, 2024 Adult Compendium of Physical Activities (1 MET = 1 kcal·kg⁻¹·h⁻¹)	AUTH	Herrmann SD et al 2024, J Sport Health Sci 13:6–12; doi:10.1016/j.jshs.2023.10.010; pmid:38242596	docs/superpowers/research/science-energy-body.md § 2. Activity energy expenditure	settled	
S0041	energy	energy cost of digging and shovelling	shoveling, digging ditches 7.3 MET; shovelling >16 lb/min, deep digging, vigorous 8.8; 10–15 lb/min vigorous 6.5; <10 lb/min moderate 5.0; garden digging light-to-moderate 3.5, general 5.0, vigorous 7.3; shovelling dirt or mud 5.5; shovelling snow by hand 5.3–7.5 MET		adults 19–59 y, 2024 Adult Compendium of Physical Activities (1 MET = 1 kcal·kg⁻¹·h⁻¹)	AUTH	Herrmann SD et al 2024, J Sport Health Sci 13:6–12; doi:10.1016/j.jshs.2023.10.010; pmid:38242596	docs/superpowers/research/science-energy-body.md § 2. Activity energy expenditure	settled	
S0042	energy	energy cost of fighting-like effort	boxing in ring, general 12.3 MET; boxing sparring 7.8; punching bag 5.8 (60 b/min 7.0, 120 b/min 8.5, 180 b/min 10.8); martial arts moderate pace 10.3; taekwondo combat simulation 14.3; judo 11.3; kickboxing 7.3; competitive wrestling (5-min match) 6.0 MET	combat values are for trained athletes in bouts of minutes, not sustained work	adults 19–59 y, 2024 Adult Compendium of Physical Activities (1 MET = 1 kcal·kg⁻¹·h⁻¹)	AUTH	Herrmann SD et al 2024, J Sport Health Sci 13:6–12; doi:10.1016/j.jshs.2023.10.010; pmid:38242596	docs/superpowers/research/science-energy-body.md § 2. Activity energy expenditure	settled	
S0043	energy	energy cost of climbing	rock or mountain climbing 8.0 MET; ascending rock, high difficulty 7.3; low-to-moderate difficulty 5.8; speed climbing, very difficult 10.5; rappelling 5.0 MET		adults 19–59 y, 2024 Adult Compendium of Physical Activities (1 MET = 1 kcal·kg⁻¹·h⁻¹)	AUTH	Herrmann SD et al 2024, J Sport Health Sci 13:6–12; doi:10.1016/j.jshs.2023.10.010; pmid:38242596	docs/superpowers/research/science-energy-body.md § 2. Activity energy expenditure	settled	
S0044	energy	measured energy cost of covering 1600 m running versus walking	running 481 ± 20 kJ vs walking 340 ± 14 kJ on a treadmill (track 480 ± 23 vs 334 ± 14 kJ) at 2.82 and 1.41 m·s⁻¹	per-kg normalisation not possible from the abstract (mean body mass not reported there)	24 subjects, indirect calorimetry, treadmill and track	RCT	Hall C et al 2004, Med Sci Sports Exerc 36:2128–2134; doi:10.1249/01.mss.0000147584.87788.0e; pmid:15570150	docs/superpowers/research/science-energy-body.md § 2. Activity energy expenditure	settled	
S0045	energy	accuracy of walking and running energy-cost prediction equations	running: Léger and ACSM equations predicted measured cost well (ACSM total error −20 kJ per 1600 m); walking: ACSM and Pandolf predicted well (Pandolf error −10.0 kJ); McArdle's table and van der Walt's equation overestimated; Epstein's underestimated running		24 subjects, indirect calorimetry, treadmill and track	RCT	Hall C et al 2004, Med Sci Sports Exerc 36:2128–2134; doi:10.1249/01.mss.0000147584.87788.0e; pmid:15570150	docs/superpowers/research/science-energy-body.md § 2. Activity energy expenditure	settled	
S0046	energy	load-carriage metabolic rate (Pandolf equation)	M (W) = 1.5·W + 2.0·(W+L)·(L/W)² + η·(W+L)·(1.5·V² + 0.35·V·G); W body mass kg, L load kg, V speed m·s⁻¹, G grade %, η terrain factor	known to under-predict contemporary military load carriage (itself unverified, report § Gaps item 3)	soldiers standing or walking very slowly with loads; unverified: the citation resolves but the primary carries no abstract and the coefficients come from secondary reproductions (report § Gaps item 3)	AUTH	Pandolf KB et al 1977, J Appl Physiol Respir Environ Exerc Physiol 43:577–581; doi:10.1152/jappl.1977.43.4.577; pmid:908672	docs/superpowers/research/science-energy-body.md § 2. Activity energy expenditure	unverified	
S0047	energy	terrain factors (η) for load-carriage energy cost	blacktop or treadmill 1.0, dirt road 1.1, light brush 1.2, heavy brush 1.5, swampy bog 1.8, loose sand 2.1		measured across blacktop, dirt road, light brush, heavy brush, swampy bog and loose sand; unverified: the citation resolves but the values are the commonly reproduced ones, not read from the primary (report § Gaps item 3)	AUTH	Soule RG & Goldman RF 1972, J Appl Physiol 32:706–708; doi:10.1152/jappl.1972.32.5.706; pmid:5038861	docs/superpowers/research/science-energy-body.md § 2. Activity energy expenditure	unverified	
S0048	energy	peak shivering thermogenesis	4.9 ± 0.8 × resting metabolic rate = 22.1 ± 4.2 ml O₂·kg⁻¹·min⁻¹ = 41.7 ± 5.1 % of V̇O₂max; prediction Shiv_peak (ml O₂·kg⁻¹·min⁻¹) = 30.5 + 0.348·V̇O₂max − 0.909·BMI − 0.233·age	±0.8 × RMR; n = 15; prediction r² = 0.872, p = 0.0001	15 adults (4 women), mean 24.7 y, 72.1 kg, 22.3 % fat, V̇O₂max 53.2 ml·kg⁻¹·min⁻¹, immersed in 8 °C then 20 °C water	RCT	Eyolfson DA et al 2001, Eur J Appl Physiol 84:100–106; doi:10.1007/s004210000329; pmid:11394237	docs/superpowers/research/science-energy-body.md § 2. Activity energy expenditure	settled	
S0049	energy	sustained shivering metabolic rate and its muscle-glycogen fuel	metabolic rate rose to 3.5 ± 0.3 × resting during 90 min in 18 °C water; vastus lateralis glycogen fell from 410 ± 15 to 332 ± 18 mmol glucose·kg dry muscle⁻¹ in every subject (p < 0.001)	±0.3 × resting; n = 14	14 seminude subjects in 18 °C water for 90 min or until rectal temperature 35.5 °C	RCT	Martineau L & Jacobs I 1988, J Appl Physiol 65:2046–2050; doi:10.1152/jappl.1988.65.5.2046; pmid:3209549	docs/superpowers/research/science-energy-body.md § 2. Activity energy expenditure	settled	
S0050	energy	fuel selection in sustained shivering and survival in the cold	shivering can be sustained for hours on varied fuel mixtures; selective recruitment of fuel-specific muscle fibres, not the fuel mixture itself, gives a substantial survival advantage (glycogen-depletion model)	qualitative	narrative reviews	TXT	Haman F 2006, J Appl Physiol 100:1702–1708; doi:10.1152/japplphysiol.01088.2005; pmid:16614367; Haman F & Blondin DP 2017, Temperature (Austin) 4:217–226; doi:10.1080/23328940.2017.1328999; pmid:28944268	docs/superpowers/research/science-energy-body.md § 2. Activity energy expenditure	settled	
S0051	body-composition	cumulative energy deficit per unit weight lost (the 3500 kcal per pound rule)	3500 kcal/lb = 32.2 MJ/kg ≈ 7700 kcal per kg lost	matches the predicted energy density of lost weight in obese subjects with initial body fat above 30 kg; overestimates the deficit per kg for lower initial body fat	modelling checked against published weight-loss data from obese and lean subjects	TXT	Hall KD 2008, Int J Obes (Lond) 32:573–576; doi:10.1038/sj.ijo.0803720; pmid:17848938	docs/superpowers/research/science-energy-body.md § 3. Body composition dynamics	settled	
S0052	body-composition	direction of change in the energy density of weight lost	the cumulative deficit per kg lost rises with initial body fat and falls as weight loss continues, because a growing share of the loss is lean tissue of much lower energy density than fat	qualitative; direction well supported	modelling checked against published weight-loss data from obese and lean subjects	TXT	Hall KD 2008, Int J Obes (Lond) 32:573–576; doi:10.1038/sj.ijo.0803720; pmid:17848938	docs/superpowers/research/science-energy-body.md § 3. Body composition dynamics	settled	
S0053	body-composition	sex difference in weight lost at the same energy deficit	women carry more fat at the same body weight, so their lost weight has a higher energy density and men lose more weight for a given deficit	qualitative	modelling checked against published weight-loss data from obese and lean subjects	TXT	Hall KD 2008, Int J Obes (Lond) 32:573–576; doi:10.1038/sj.ijo.0803720; pmid:17848938	docs/superpowers/research/science-energy-body.md § 3. Body composition dynamics	settled	
S0054	body-composition	fat-free share of a weight change as a function of initial body fat (Forbes relation, extended by Hall)	Forbes's equation gives the fat-free share of a weight change from initial body fat; Hall extended it to macroscopic changes and re-expressed it through the energy-partitioning P-ratio; predictions matched human under- and over-feeding data; the magnitude of the change has a weak effect for modest changes, but Forbes's original underestimates fat-free-mass loss for very large losses (e.g. post-bariatric)		derivation checked against human underfeeding and overfeeding experiments	TXT	Hall KD 2007, Br J Nutr 97:1059–1063; doi:10.1017/s0007114507691946; pmid:17367567	docs/superpowers/research/science-energy-body.md § 3. Body composition dynamics	settled	
S0055	body-composition	effect of initial body fat on the lean share of a weight change (Forbes)	the fatter the starting body, the smaller the lean share of a weight change		humans, review of the author's own datasets	TXT	Forbes GB 2000, Ann N Y Acad Sci 904:359–365; doi:10.1111/j.1749-6632.2000.tb06482.x; pmid:10865771	docs/superpowers/research/science-energy-body.md § 3. Body composition dynamics	settled	
S0056	body-composition	maximum energy transfer rate out of the fat store (Alpert ceiling)	290 ± 25 kJ·kg fat⁻¹·d⁻¹ (≈ 69 ± 6 kcal·kg fat⁻¹·d⁻¹); a restriction beyond what the fat store can supply at this rate causes an immediate decrease in fat-free mass, a less severe deficit does not deplete it	±25 kJ·kg⁻¹·d⁻¹	derived from experimental data on underfed subjects maintaining moderate activity	TXT	Alpert SS 2005, J Theor Biol 233:1–13; doi:10.1016/j.jtbi.2004.08.029; pmid:15615615	docs/superpowers/research/science-energy-body.md § 3. Body composition dynamics	settled	
S0057	body-composition	slope of resting metabolic rate against fat-free mass in hypophagia	249 ± 25 kJ·kg FFM⁻¹·d⁻¹ (≈ 59 kcal·kg⁻¹·d⁻¹), linear; disagrees with cross-sectional measurements in diverse groups	±25 kJ·kg⁻¹·d⁻¹	underfed subjects	TXT	Alpert SS 2005, J Theor Biol 233:1–13; doi:10.1016/j.jtbi.2004.08.029; pmid:15615615	docs/superpowers/research/science-energy-body.md § 3. Body composition dynamics	settled	
S0058		energy density of weight lost in semi-starvation (Alpert 1988)			record only: the 1988 record resolves but carries no abstract, so no value was read			docs/superpowers/research/science-energy-body.md § 3. Body composition dynamics	open	
S0059	body-composition	between-individual spread in weight gain under identical overfeeding	+4.2 MJ/d (≈ +1000 kcal/d) on 84 of 100 days produced gains of 4.3 to 13.3 kg; variance between twin pairs about 3× that within pairs for body weight, fat gain and fat distribution	4.3–13.3 kg	12 pairs of identical young adult male twins, inpatient-controlled overfeeding	RCT	Bouchard C et al 1990, N Engl J Med 322:1477–1482; doi:10.1056/nejm199005243222101; pmid:2336074	docs/superpowers/research/science-energy-body.md § 3. Body composition dynamics	settled	
S0060	refeeding	fat overshoot and its duration on refeeding after semi-starvation	refeeding raised de novo lipogenesis which, with increased fat intake, produced rapid repletion and overshoot of body fat; fat mass predicted to need more than one additional year to return within 5 % of its original value	model prediction	model fitted to the Minnesota semi-starvation and refeeding experiment	TXT	Hall KD 2006, Am J Physiol Endocrinol Metab 291:E23–37; doi:10.1152/ajpendo.00523.2005; pmid:16449298	docs/superpowers/research/science-energy-body.md § 3. Body composition dynamics	settled	
S0061	protein	total protein intake beyond which resistance-training gains in fat-free mass plateau	1.62 g·kg⁻¹·d⁻¹	95 % CI not verified (report § Gaps item 4)	healthy adults under resistance training ≥6 wk, 49 RCTs, 1863 participants	MA	Morton RW et al 2018, Br J Sports Med 52:376–384; doi:10.1136/bjsports-2017-097608; pmid:28698222	docs/superpowers/research/science-energy-body.md § 4. Protein and muscle	superseded	S0591
S0062	protein	effect of protein supplementation with resistance training	1RM strength +2.49 kg, fat-free mass +0.30 kg, and muscle size increased vs control	effect diminished with advancing age and increased in already resistance-trained individuals	healthy adults under resistance training ≥6 wk, 49 RCTs, 1863 participants	MA	Morton RW et al 2018, Br J Sports Med 52:376–384; doi:10.1136/bjsports-2017-097608; pmid:28698222	docs/superpowers/research/science-energy-body.md § 4. Protein and muscle	superseded	S0591
S0063	protein	protein intake recommended during an energy deficit	1.6–2.4 g·kg⁻¹·d⁻¹, position within the range set by the severity of the deficit and the training load	a recommendation range, not a measured optimum	elite athletes losing weight	TXT	Hector AJ & Phillips SM 2018, Int J Sport Nutr Exerc Metab 28:170–177; doi:10.1123/ijsnem.2017-0273; pmid:29182451	docs/superpowers/research/science-energy-body.md § 4. Protein and muscle	settled	
S0064	protein	body-composition change by protein dose in a 40 % energy deficit with heavy training	2.4 vs 1.2 g·kg⁻¹·d⁻¹ over 4 wk: lean mass +1.2 ± 1.0 vs +0.1 ± 1.0 kg; fat mass −4.8 ± 1.6 vs −3.5 ± 1.4 kg; exercise performance improved similarly in both	±1.0 kg SD on lean change — individual variation as large as the mean effect	40 untrained or recreationally active young men, 4 wk, ~40 % energy deficit, resistance training plus HIIT 6 d/wk, single-blind randomised trial	RCT	Longland TM et al 2016, Am J Clin Nutr 103:738–746; doi:10.3945/ajcn.115.119339; pmid:26817506	docs/superpowers/research/science-energy-body.md § 4. Protein and muscle	settled	
S0065	protein	per-meal protein dose that maximally stimulates myofibrillar protein synthesis	young men 0.24 ± 0.06 g·kg body mass⁻¹ (0.25 ± 0.13 g·kg LBM⁻¹); older men 0.40 ± 0.19 g·kg⁻¹ (0.60 ± 0.29 g·kg LBM⁻¹)	SDs as shown; older men less sensitive to low protein intakes	pooled re-analysis of young (~22 y) and older (~71 y) men given 0–40 g protein doses	COH	Moore DR et al 2015, J Gerontol A Biol Sci Med Sci 70:57–62; doi:10.1093/gerona/glu103; pmid:25056502	docs/superpowers/research/science-energy-body.md § 4. Protein and muscle	settled	
S0066	lean-mass	lean-mass gain rate achievable in an energy deficit	+1.2 kg lean mass in 4 wk with high protein (2.4 g/kg/d) and 6 d/wk training in a 40 % deficit	±1.0 kg SD; about 0.3 kg/wk is the report's arithmetic	untrained or recreationally active young men	RCT	Longland TM et al 2016, Am J Clin Nutr 103:738–746; doi:10.3945/ajcn.115.119339; pmid:26817506	docs/superpowers/research/science-energy-body.md § 4. Protein and muscle	superseded	S0064
S0067	lean-mass	hypertrophy rate with strength training	quadriceps CSA +~17 % and muscle thickness +~10 % over 10 wk of unilateral strength training	single trial; about 0.24 %/d on CSA is the report's arithmetic	9 men and 10 women, 10 wk	RCT	Psilander N et al 2019, J Appl Physiol 126:1636–1645; doi:10.1152/japplphysiol.00917.2018; pmid:30991013	docs/superpowers/research/science-energy-body.md § 4. Protein and muscle	superseded	S0590
S0068	lean-mass	hypertrophy by training mode	given sufficient frequency, intensity and volume, dynamic, accommodating and isometric resistance all induce significant hypertrophy at an impressive rate; no mode or muscle-action type demonstrably superior	the review's numerical rate table is not in the abstract (report § Gaps item 5)	comprehensive review of quadriceps femoris and elbow flexor training studies	MA	Wernbom M et al 2007, Sports Med 37:225–264; doi:10.2165/00007256-200737030-00004; pmid:17326698	docs/superpowers/research/science-energy-body.md § 4. Protein and muscle	settled	
S0069	lean-mass	muscle loss during immobilisation	quadriceps CSA -3.5 ± 0.5 % after 5 d and -8.4 ± 2.8 % after 14 d of one-legged knee immobilisation; muscle myostatin mRNA doubled	±0.5 % and ±2.8 %; about 0.7 %/d early and 0.6 %/d over 14 d is the report's arithmetic	24 healthy young men	RCT	Wall BT et al 2014, Acta Physiol (Oxf) 210:600–611; doi:10.1111/apha.12190; pmid:24168489	docs/superpowers/research/science-energy-body.md § 4. Protein and muscle	settled	
S0070	strength	strength loss during immobilisation	−9.0 % after 5 d, −22.9 % after 14 d of one-legged knee immobilisation		24 healthy young men	RCT	Wall BT et al 2014, Acta Physiol (Oxf) 210:600–611; doi:10.1111/apha.12190; pmid:24168489	docs/superpowers/research/science-energy-body.md § 4. Protein and muscle	settled	
S0071	lean-mass	mechanism of short-term disuse atrophy	short-term disuse lowers myofibrillar protein synthesis and induces anabolic resistance to protein ingestion		healthy young and older men	RCT	Wall BT et al 2013, Ageing Res Rev 12:898–906; doi:10.1016/j.arr.2013.07.003; pmid:23948422; Wall BT et al 2016, Am J Physiol Endocrinol Metab 310:E137–47; doi:10.1152/ajpendo.00227.2015; pmid:26578714	docs/superpowers/research/science-energy-body.md § 4. Protein and muscle	settled	
S0072	lean-mass	lean share of weight loss with and without exercise	81 % of energy-restriction-only groups but only 39 % of energy-restriction-plus-exercise groups (exercise mainly aerobic) lost ≥15 % of their body-weight loss as fat-free mass	52 studies; proportions of groups, not pooled; middle-aged and older adults only	overweight or obese adults >50 y, BMI >25	MA	Weinheimer EM et al 2010, Nutr Rev 68:375–388; doi:10.1111/j.1753-4887.2010.00298.x; pmid:20591106	docs/superpowers/research/science-energy-body.md § 4. Protein and muscle	settled	
S0073	protein	upper limits of protein intake	gut absorbs amino acids at 1.3–10 g/h; suggested maximum safe intake ~2–2.5 g·kg⁻¹·d⁻¹ (≈ 25 % of energy, ≈ 176 g/d for 80 kg on 12 000 kJ/d), theoretical maximum 285–365 g/d for 80 kg; protein above ~35 % of energy produces hyperaminoacidaemia, hyperammonaemia, hyperinsulinaemia, nausea, diarrhoea and even death (rabbit starvation)	review-level synthesis; the 35 %-of-energy ceiling is the load-bearing number	humans	TXT	Bilsborough S & Mann N 2006, Int J Sport Nutr Exerc Metab 16:129–152; doi:10.1123/ijsnem.16.2.129; pmid:16779921	docs/superpowers/research/science-energy-body.md § 4. Protein and muscle	settled	
S0074	lean-mass	fate of myonuclei acquired during overload, on detraining	myonuclei acquired during overload precede hypertrophy and are not lost on detraining		mouse, in vivo time-lapse of single fibres	RCT	Bruusgaard JC et al 2010, Proc Natl Acad Sci U S A 107:15111–15116; doi:10.1073/pnas.0913935107; pmid:20713720	docs/superpowers/research/science-energy-body.md § 5. "Muscle memory"	settled	
S0075	lean-mass	myonuclear number during muscle atrophy	no loss of myonuclei over weeks of muscle atrophy		mouse	RCT	Bruusgaard JC & Gundersen K 2008, J Clin Invest 118:1450–1457; doi:10.1172/jci34022; pmid:18317591	docs/superpowers/research/science-energy-body.md § 5. "Muscle memory"	settled	
S0076	lean-mass	cellular memory from a transient anabolic exposure	an episodic anabolic-steroid exposure left a cellular memory that aided later overload hypertrophy long after the exposure		mouse	RCT	Egner IM et al 2013, J Physiol 591:6221–6230; doi:10.1113/jphysiol.2013.264457; pmid:24167222	docs/superpowers/research/science-energy-body.md § 5. "Muscle memory"	settled	
S0077		whether myonuclei are ever lost in humans and animals (Eftestøl 2020)			the report names the study but states no finding; settled by reading it			docs/superpowers/research/science-energy-body.md § 5. "Muscle memory"	open	
S0078	lean-mass	train, detrain and retrain response in humans (muscle memory test)	10 wk unilateral training: CSA +~17 %, thickness +~10 %, strength +~20 %, myonuclear number unchanged; 20 wk detraining: thickness and CSA back to baseline but strength remained elevated; 5 wk retraining: previously trained and untrained legs responded similarly	single trial, n = 19	9 men and 10 women	RCT	Psilander N et al 2019, J Appl Physiol 126:1636–1645; doi:10.1152/japplphysiol.00917.2018; pmid:30991013	docs/superpowers/research/science-energy-body.md § 5. "Muscle memory"	settled	
S0079	strength	strength preservation through detraining and speed of recovery on retraining in older men	strength, power and fibre-type gains partially preserved through 12 wk detraining; maximal strength recovered in under 8 wk of retraining; fibre growth during retraining correlated with myonuclear addition	n = 30 older men plus 10 young controls	older men, 12 wk training, 12 wk detraining, 12 wk retraining	RCT	Blocquiaux S et al 2020, Exp Gerontol 133:110860; doi:10.1016/j.exger.2020.110860; pmid:32017951; Blocquiaux S et al 2020, Exp Gerontol 134:110897; doi:10.1016/j.exger.2020.110897; pmid:32147251	docs/superpowers/research/science-energy-body.md § 5. "Muscle memory"	superseded	S0618
S0080	lean-mass	fibre size through detraining and response to retraining in trained women	fibre CSA relatively stable through 30–32 wk detraining (type IIb % rose); 6 wk retraining significantly increased fast-fibre CSA in previously trained and previously untrained women	n = 6 retrained	women, 20 wk training, 30–32 wk detraining, 6 wk retraining	RCT	Staron RS et al 1991, J Appl Physiol 70:631–640; doi:10.1152/jappl.1991.70.2.631; pmid:1827108	docs/superpowers/research/science-energy-body.md § 5. "Muscle memory"	settled	
S0081	lean-mass	status of the myonuclear-permanence muscle-memory hypothesis in humans	the mechanism rests mainly on rodent models; whether it holds in humans remains largely ambiguous		review of animal and human studies plus new analysis of the authors' prior training studies	TXT	Snijders T et al 2020, Acta Physiol (Oxf) 229:e13465; doi:10.1111/apha.13465; pmid:32175681	docs/superpowers/research/science-energy-body.md § 5. "Muscle memory"	superseded	S0622
S0082	strength	knee-extensor strength against muscle cross-sectional area	significant positive correlation between maximum voluntary force and mid-thigh extensor CSA in both sexes (p < 0.01); force per unit CSA 9.49 ± 1.34 (men) vs 8.92 ± 1.11 (women), not significantly different	wide inter-individual spread: strength not a useful predictor of CSA	25 young men and 25 young women, CT imaging	COH	Maughan RJ et al 1983, J Physiol 338:37–49; doi:10.1113/jphysiol.1983.sp014658; pmid:6875963	docs/superpowers/research/science-energy-body.md § 6. Strength vs lean mass	settled	
S0083	strength	knee-extensor strength against lean body mass	r = 0.50 (p < 0.01) in men; no significant correlation in women		25 young men and 25 young women, CT imaging	COH	Maughan RJ et al 1983, J Physiol 338:37–49; doi:10.1113/jphysiol.1983.sp014658; pmid:6875963	docs/superpowers/research/science-energy-body.md § 6. Strength vs lean mass	settled	
S0084	strength	knee-extensor strength against body weight	no significant correlation in either sex		25 young men and 25 young women, CT imaging	COH	Maughan RJ et al 1983, J Physiol 338:37–49; doi:10.1113/jphysiol.1983.sp014658; pmid:6875963	docs/superpowers/research/science-energy-body.md § 6. Strength vs lean mass	settled	
S0085	strength	allometric exponent for normalising strength to body size	S = F / mᵇ with b = 0.67 for muscle force (dynamometer) and b = 1 for muscle torque (isokinetic)	recommended exponents from geometric similarity and empirical review	humans, strength-testing methodology	TXT	Jaric S 2002, Sports Med 32:615–631; doi:10.2165/00007256-200232100-00002; pmid:12141882	docs/superpowers/research/science-energy-body.md § 6. Strength vs lean mass	settled	
S0086	strength	neural versus hypertrophic share of early strength gain	neural factors account for the larger part of the initial strength increment; hypertrophy becomes dominant after the first 3 to 5 weeks; cross-education to the untrained limb supports a neural locus	7 men and 8 women, 8 wk — small n, 1979 methods	young adults, isotonic training	RCT	Moritani T & deVries HA 1979, Am J Phys Med 58:115–130; pmid:453338	docs/superpowers/research/science-energy-body.md § 6. Strength vs lean mass	settled	
S0087	strength	strength loss relative to muscle loss in disuse	strength falls faster than CSA in disuse (5 d: CSA -3.5 %, strength -9.0 %; 14 d: CSA -8.4 %, strength -22.9 %)	the 2.5-2.7x ratio is computed from the two reported series (report arithmetic)	24 healthy young men, one-legged knee immobilisation	RCT	Wall BT et al 2014, Acta Physiol (Oxf) 210:600–611; doi:10.1111/apha.12190; pmid:24168489	docs/superpowers/research/science-energy-body.md § 6. Strength vs lean mass	settled	
S0088	water	adequate intake of total water (IOM/NASEM)	3.7 L/d adult men, 2.7 L/d adult women (drinking water, beverages and food)	an AI, not a requirement: the median intake of apparently well-hydrated people, with wide individual variation	US and Canadian adults	AUTH	Sawka MN et al 2005, Nutr Rev 63:S30–9; doi:10.1111/j.1753-4887.2005.tb00152.x; pmid:16028570; Institute of Medicine 2005, Dietary Reference Intakes for Water, Potassium, Sodium, Chloride, and Sulfate, National Academies Press; doi:10.17226/10925; isbn:0-309-09169-1	docs/superpowers/research/science-energy-body.md § 7. Hydration	settled	
S0089		adequate intake of total water (EFSA 2010)			the EFSA Journal record (2010, 8(3):1459) resolves through Crossref but its values were not read; report § Gaps item 6			docs/superpowers/research/science-energy-body.md § 7. Hydration	open	
S0090	sweat	whole-body sweating rate by sport	American football 1.51 ± 0.70 L/h; endurance 1.28 ± 0.57; basketball 0.95 ± 0.42; soccer 0.94 ± 0.38; baseball 0.83 ± 0.34 L/h; between-sport differences significant after ANCOVA	SDs as shown — the within-sport spread is about half the mean	1303 athletes, observational testing 2000–2017, standardised absorbent-patch and body-mass method	COH	Barnes KA et al 2019, J Sports Sci 37:2356–2366; doi:10.1080/02640414.2019.1633159; pmid:31230518	docs/superpowers/research/science-energy-body.md § 7. Hydration	settled	
S0091	sweat	modulators of sweating rate	exercise intensity, environmental conditions, heat acclimation, aerobic capacity, body size and composition, protective equipment, sex, maturation, ageing, diet and hydration status		review of methodology and intra- and inter-individual variability in athletes	TXT	Baker LB 2017, Sports Med 47:111–128; doi:10.1007/s40279-017-0691-5; pmid:28332116	docs/superpowers/research/science-energy-body.md § 7. Hydration	settled	
S0092	water	dehydration limit to prevent during exercise (ACSM position stand)	prevent excessive dehydration (>2 % body-weight loss from water deficit) and excessive electrolyte imbalance to avert compromised performance; replacement programmes customised to individual sweat rates, since sweat rate and electrolyte content vary widely between individuals	a recommendation, not an effect size; the standard operational threshold	exercising adults	AUTH	American College of Sports Medicine (Sawka MN et al) 2007, Med Sci Sports Exerc 39:377–390; doi:10.1249/mss.0b013e31802ca597; pmid:17277604	docs/superpowers/research/science-energy-body.md § 7. Hydration	settled	
S0093	water	dehydration level at which endurance performance is impaired — the review-consensus side of a disagreement with the self-paced cycling meta-analysis (Goulet 2011)	≥2 % body-mass loss, mediated by volume loss	a structured review, not a pooled meta-analysis; the impact depends on the task's makeup; the review finds no clear threshold or mechanism for a strength and power impairment	comprehensive review of the dehydration and performance literature	TXT	Cheuvront SN & Kenefick RW 2014, Compr Physiol 4:257–285; doi:10.1002/cphy.c130017; pmid:24692140	docs/superpowers/research/science-energy-body.md § 7. Hydration	settled	
S0094	water	dehydration level at which endurance performance is impaired — the self-paced meta-analysis side of a disagreement with the ≥2 % review consensus (Cheuvront & Kenefick 2014)	no impairment at the losses studied: a mean 2.20 % body-mass loss gave a non-significant +0.06 % change in self-paced outdoor cycling performance; drinking to thirst outperformed under- and over-drinking	5 cycling studies, 39 subjects, 13 effect estimates; mean 26.0 °C, 61 % RH, 68 % V̇O₂max, 86 min trials; the report's 'up to 4 %' is not in the record (review-t11); the record's own figure is the 2.20 % mean	trained cyclists, time trials	MA	Goulet ED 2011, Br J Sports Med 45:1149–1156; doi:10.1136/bjsm.2010.077966; pmid:21454440	docs/superpowers/research/science-energy-body.md § 7. Hydration	settled	
S0095	water	muscle strength and muscle endurance change under hypohydration	strength −5.5 ± 1.0 %, muscle endurance −8.3 ± 2.3 %, anaerobic power −5.8 ± 2.3 %; no correlation with the size of the hypohydration; the impact is substantially mitigated in trained individuals or when hypohydration is induced passively	28 manuscripts, 39 strength and 16 muscle-endurance effect estimates; the earlier review found no clear threshold or mechanism for a marginal strength and power impairment	meta-analysis of hypohydration trials on non-body-weight-dependent muscle performance	MA	Savoie FA et al 2015, Sports Med 45:1207–1227; doi:10.1007/s40279-015-0349-0; pmid:26178327; Cheuvront SN & Kenefick RW 2014, Compr Physiol 4:257–285; doi:10.1002/cphy.c130017; pmid:24692140	docs/superpowers/research/science-energy-body.md § 7. Hydration	superseded	S0624
S0096	water	cognitive effect of dehydration (review reading)	small, and related primarily to distraction or discomfort		comprehensive review of the dehydration and performance literature	TXT	Cheuvront SN & Kenefick RW 2014, Compr Physiol 4:257–285; doi:10.1002/cphy.c130017; pmid:24692140	docs/superpowers/research/science-energy-body.md § 7. Hydration	settled	
S0097	water	cognitive impairment from dehydration	small but significant impairment of executive function, attention and motor coordination; effect scaled with body-mass loss and was greater in studies reporting >2 % than ≤2 % loss	33 studies, 280 effect estimates, 413 subjects, 1–6 % body-mass loss; significant heterogeneity	mixed adult populations	MA	Wittbrodt MT & Millard-Stafford M 2018, Med Sci Sports Exerc 50:2360–2368; doi:10.1249/mss.0000000000001682; pmid:29933347	docs/superpowers/research/science-energy-body.md § 7. Hydration	superseded	S0894, S0895
S0098	water	cognitive and mood effects of mild dehydration in men	at 1.59 ± 0.42 % body-mass loss without hyperthermia: visual-vigilance errors increased (p = 0.048), visual working-memory latency slowed (p = 0.021), fatigue and tension/anxiety rose at rest (p = 0.040, 0.029) and fatigue during exercise (p = 0.026)	n = 26	26 men aged 20.0 ± 0.3 y, three randomised single-blind trials of 3 × 40 min treadmill walks at 5.6 km/h, 5 % grade, 27.7 °C	RCT	Ganio MS et al 2011, Br J Nutr 106:1535–1543; doi:10.1017/s0007114511002005; pmid:21736786	docs/superpowers/research/science-energy-body.md § 7. Hydration	settled	
S0099	water	mood and cognitive effects of mild dehydration in women	at 1.36 ± 0.16 % body-mass loss: adverse effects at rest and in exercise on vigour-activity, fatigue-inertia and total mood disturbance, and on task difficulty, concentration and headache; most aspects of cognitive performance not affected	n = 25; serum osmolality confirmed the manipulation (P = 0.006)	25 women aged 23.0 ± 0.6 y, three 8 h placebo-controlled trials	RCT	Armstrong LE et al 2012, J Nutr 142:382–388; doi:10.3945/jn.111.142000; pmid:22190027	docs/superpowers/research/science-energy-body.md § 7. Hydration	settled	
S0100	water	hydration, cognition and mood (review)	particular cognitive abilities and mood states are positively influenced by water consumption, most clearly in the elderly and children; inconsistent cognitive measures and weak hydration assessment limit the evidence	narrative review	humans	TXT	Masento NA et al 2014, Br J Nutr 111:1841–1852; doi:10.1017/s0007114513004455; pmid:24480458	docs/superpowers/research/science-energy-body.md § 7. Hydration	settled	
S0101	water	heat strain as a function of graded dehydration	the rise in core temperature and heart rate and the fall in stroke volume are graded in proportion to the dehydration accrued during exercise; the core-temperature rise correlated with serum osmolality and sodium	8 subjects; 4 fluid conditions (none, 20, 48, 81 % of sweat loss replaced)	8 trained cyclists, 2 h moderate-intensity exercise in warm conditions	RCT	Montain SJ & Coyle EF 1992, J Appl Physiol 73:1340–1350; doi:10.1152/jappl.1992.73.4.1340; pmid:1447078	docs/superpowers/research/science-energy-body.md § 7. Hydration	superseded	S1021
S0102	sodium	exercise-associated hyponatraemia from overdrinking: definition and incidence	serum [Na⁺] <135 mmol·L⁻¹ during or within 24 h of sustained exercise; proximate cause overconsumption of hypotonic fluid (drinking in excess of losses, not sodium loss per se), with non-osmotic vasopressin secretion contributing; drinking to thirst is the recommended strategy	reported incidence 7–15 % in marathon runners (symptomatic plus asymptomatic)	endurance athletes, military, hikers	AUTH	Hew-Butler T et al 2015, Clin J Sport Med 25:303–320; doi:10.1097/jsm.0000000000000221; pmid:26102445; Armstrong LE et al 2025, Open Access J Sports Med 16:159–177; doi:10.2147/oajsm.s556848; pmid:41280657; Klingert M et al 2022, J Clin Med 11:6775; doi:10.3390/jcm11226775; pmid:36431252; Seal AD & Kavouras SA 2022, Auton Neurosci 238:102930; doi:10.1016/j.autneu.2021.102930; pmid:35016044	docs/superpowers/research/science-energy-body.md § 7. Hydration	settled	
S0103		time to death without water			no verified quantitative source found (report § Gaps item 7)			docs/superpowers/research/science-energy-body.md § 7. Hydration	open	
S0104	starvation	weight-loss rate in total fasting	about 0.9 kg/d during the first week, slowing to 0.3 kg/d by the third week; the early rapid loss is primarily negative sodium balance	most fasting studies used obese subjects; results may not apply to lean persons	fasting humans, mostly obese	TXT	Kerndt PR et al 1982, West J Med 137:379–399; pmid:6758355	docs/superpowers/research/science-energy-body.md § 8. Starvation timeline	settled	
S0105	starvation	fuel sequence in fasting	early fasting: a high rate of gluconeogenesis from amino acids; as fasting continues, progressive ketosis from fatty-acid oxidation; rising ketones replace glucose as the main CNS fuel, reducing gluconeogenesis and sparing protein catabolism	qualitative sequence	fasting humans, mostly obese	TXT	Kerndt PR et al 1982, West J Med 137:379–399; pmid:6758355	docs/superpowers/research/science-energy-body.md § 8. Starvation timeline	settled	
S0106	starvation	hormonal signature of fasting	insulin and T₃ fall; glucagon and reverse T₃ rise		fasting humans, mostly obese	TXT	Kerndt PR et al 1982, West J Med 137:379–399; pmid:6758355	docs/superpowers/research/science-energy-body.md § 8. Starvation timeline	settled	
S0107	starvation	brain fuel after prolonged starvation	β-hydroxybutyrate and acetoacetate replaced glucose as the predominant fuel for brain metabolism (cerebral catheterisation)	n = 3 — the foundational measurement, very small	3 obese patients after 5–6 wk of starvation, inpatient measurement	EXP	Owen OE et al 1967, J Clin Invest 46:1589–1595; doi:10.1172/jci105650; pmid:6061736	docs/superpowers/research/science-energy-body.md § 8. Starvation timeline	settled	
S0108	starvation	role of ketone use by the brain in survival of prolonged starvation	brain use of D-β-hydroxybutyrate has permitted man to survive prolonged starvation by sparing protein, and is more efficient than glucose at providing cellular energy in ischaemic states	narrative and biographical review	humans	TXT	Cahill GF 2006, Annu Rev Nutr 26:1–22; doi:10.1146/annurev.nutr.26.061505.111258; pmid:16848698; Cahill GF 1970, N Engl J Med 282:668–675; doi:10.1056/nejm197003192821209; pmid:4915800; Cahill GF 1998, Am J Clin Nutr 68:1–2; doi:10.1093/ajcn/68.1.1; pmid:9665088	docs/superpowers/research/science-energy-body.md § 8. Starvation timeline	settled	
S0109	glycogen	resting vastus lateralis glycogen concentration	410 ± 15 mmol glucose·kg dry muscle⁻¹, falling to 332 ± 18 after 90 min of shivering	n = 14	14 adults before and after cold-water immersion	RCT	Martineau L & Jacobs I 1988, J Appl Physiol 65:2046–2050; doi:10.1152/jappl.1988.65.5.2046; pmid:3209549	docs/superpowers/research/science-energy-body.md § 8. Starvation timeline	settled	
S0110		total liver and muscle glycogen store size in grams			no fetched source gave the store in grams; only muscle concentrations were found (report § Gaps item 9)			docs/superpowers/research/science-energy-body.md § 8. Starvation timeline	open	
S0111		survival time under total starvation (the commonly cited 30–70 day range)			the Peel 1997 BMJ record resolves but its content was not read, and Lieberson 2004 is not indexed; no day count is evidenced (report § Gaps item 8)			docs/superpowers/research/science-energy-body.md § 8. Starvation timeline	open	
S0112	starvation	lowest body-mass index compatible with survival of starvation	BMI <10 kg/m² can be compatible with life given specialised care; many survivors fell below BMI 12, previously thought the limit of human adaptation; famine oedema equally prevalent in men and women, but men had more severe oedema and a poorer prognosis at any severity	573 inpatients; contributing factors high ambient temperature, tall phenotype, gradual intake reduction and prior chronic energy deficiency	573 adult inpatients, 1992–93 Somali famine, Baidoa therapeutic feeding centre	COH	Collins S 1995, Nat Med 1:810–814; doi:10.1038/nm0895-810; pmid:7585185; Henry CJ 1990, Eur J Clin Nutr 44:329–335; pmid:2364921	docs/superpowers/research/science-energy-body.md § 8. Starvation timeline	settled	
S0113	starvation	weight loss and symptoms of prolonged semi-starvation	most participants lost >25 % of body weight; many had anaemia, fatigue, apathy, extreme weakness, irritability, neurological deficits and lower-extremity oedema	36 volunteers (32 completed the metabolic series); 24 wk semi-starvation; a symptom list with no effect size	36 conscientious objectors, Minnesota Starvation Experiment, WWII (content via a verified historical account; the 1950 primary book not read)	COH	Kalm LM & Semba RD 2005, J Nutr 135:1347–1352; doi:10.1093/jn/135.6.1347; pmid:15930436	docs/superpowers/research/science-energy-body.md § 8. Starvation timeline	settled	
S0114	refeeding	refeeding syndrome definition	potentially fatal shifts in fluids and electrolytes that may occur in malnourished patients receiving artificial refeeding (enteral or parenteral)		malnourished patients; clinical review citing NICE	AUTH	Mehanna HM et al 2008, BMJ 336:1495–1498; doi:10.1136/bmj.a301; pmid:18583681	docs/superpowers/research/science-energy-body.md § 8. Starvation timeline	settled	
S0115	refeeding	criteria for high refeeding-syndrome risk (NICE)	one or more of: BMI <16; unintentional weight loss >15 % in 3–6 months; little or no intake >10 d; low potassium, phosphate or magnesium before feeding; or two or more of: BMI <18.5; weight loss >10 % in 3–6 months; little or no intake >5 d; history of alcohol or drug misuse		malnourished patients; clinical review citing NICE	AUTH	Mehanna HM et al 2008, BMJ 336:1495–1498; doi:10.1136/bmj.a301; pmid:18583681	docs/superpowers/research/science-energy-body.md § 8. Starvation timeline	settled	
S0116	refeeding	safe energy restart rate after starvation	start at most 0.042 MJ·kg⁻¹·24 h⁻¹ (≈ 10 kcal·kg⁻¹·d⁻¹); at most 0.021 MJ·kg⁻¹·24 h⁻¹ (≈ 5 kcal·kg⁻¹·d⁻¹) when severely malnourished (BMI ≤14 or negligible intake ≥2 wk); increase gradually over 4–7 d to full requirements, with cardiac monitoring for the most severe		malnourished patients; clinical review citing NICE	AUTH	Mehanna HM et al 2008, BMJ 336:1495–1498; doi:10.1136/bmj.a301; pmid:18583681	docs/superpowers/research/science-energy-body.md § 8. Starvation timeline	settled	
S0117	refeeding	refeeding-syndrome incidence in critically ill patients — the lower of two disagreeing pooled estimates (against Xie 2026, 35 %)	23 % pooled (adults 29 %, 95 % CI 19–41); no consistent association with mortality (OR 1.51, 95 % CI 0.79–2.88)	95 % CI 15–33; I² = 99 %; 28 studies, 10 412 patients	critically ill adult, paediatric and neonatal patients (the record pools all ages; the report's population read adults), not otherwise-healthy starved adults	MA	Schneider L et al 2026, Sci Rep 16:10454; doi:10.1038/s41598-026-41063-8; pmid:41735500	docs/superpowers/research/science-energy-body.md § 8. Starvation timeline	settled	
S0118	refeeding	refeeding-syndrome incidence in critically ill patients — the higher of two disagreeing pooled estimates (against Schneider 2026, 23 %)	35 % pooled	95 % CI 27–44; substantial heterogeneity; 49 studies, 24 778 patients	critically ill patients, not otherwise-healthy starved adults	MA	Xie H et al 2026, Clin Nutr 65:106734; doi:10.1016/j.clnu.2026.106734; pmid:42624024	docs/superpowers/research/science-energy-body.md § 8. Starvation timeline	settled	
S0119	body-composition	all-cause mortality hazard by body-mass index	minimal at BMI 20.0–25.0; HR vs 22.5–<25.0: 15.0–<18.5 1.51; 18.5–<20.0 1.13; 25.0–<27.5 1.07; 27.5–<30.0 1.20; 30.0–<35.0 1.45; 35.0–<40.0 1.94; 40.0–<60.0 2.76	95 % CIs 1.43–1.59, 1.09–1.17, 1.07–1.08, 1.18–1.22, 1.41–1.48, 1.87–2.01, 2.60–2.92; HR per +5 kg/m² above 25 1.29–1.39 by continent, larger in the young (1.52 at 35–49 y) and in men (1.51 vs 1.30)	3 951 455 never-smokers without chronic disease at recruitment, surviving ≥5 y, 189 of 239 prospective studies on four continents; 385 879 deaths; median follow-up 13.7 y; individual-participant-data meta-analysis	MA	Global BMI Mortality Collaboration 2016, Lancet 388:776–786; doi:10.1016/s0140-6736(16)30175-1; pmid:27423262	docs/superpowers/research/science-energy-body.md § 9. Obesity and excess	settled	
S0120	thermal	effect of body fat on thermoregulation	subcutaneous fat insulates (obese individuals cool more slowly in cool water) but also reduces heat-dissipation capacity	narrative review; direction only	humans and animals	TXT	Speakman JR 2018, Handb Clin Neurol 156:431–443; doi:10.1016/b978-0-444-63912-7.00026-6; pmid:30454605	docs/superpowers/research/science-energy-body.md § 9. Obesity and excess	settled	
S0121	energy	walking economy per kg in obesity	net metabolic rate per kg 0–6 % less in obese than nonobese adults across 11 speed and grade combinations (0.50–1.75 m/s, −3° to +9°); external mechanical work unaffected; obesity does not impair walking economy	n = 51; contradicts earlier reports	32 obese (102.1 ± 15.6 kg, BMI 33.9 ± 3.6) and 19 nonobese (64.4 ± 10.6 kg, BMI 21.6 ± 2.0) adults, dual-belt force treadmill	COH	Browning RC et al 2013, J Appl Physiol 114:1125–1131; doi:10.1152/japplphysiol.00765.2012; pmid:23412900	docs/superpowers/research/science-energy-body.md § 9. Obesity and excess	settled	
S0122	body-composition	work-related musculoskeletal injury odds in severe obesity	2.56× greater odds in the severely obese; 80.8 % of the cohort overweight or obese	single occupational cohort; self-reported injury history	probation officers	COH	Mota JA et al 2019, Med Sci Sports Exerc 51:1860–1865; doi:10.1249/mss.0000000000001996; pmid:30925576	docs/superpowers/research/science-energy-body.md § 9. Obesity and excess	settled	
S0123		magnitude of the Pandolf equation's under-prediction of contemporary heavy military load carriage			the finding is widely reported but its paper was not fetchable (report § Gaps item 3)			docs/superpowers/research/science-energy-body.md § Gaps	open	
S0124		95 % confidence interval on the 1.62 g·kg⁻¹·d⁻¹ protein breakpoint (Morton 2018)			usually quoted, but not in the abstract record; settled by reading the full text (report § Gaps item 4)			docs/superpowers/research/science-energy-body.md § Gaps	superseded	S0591
S0125		per-week hypertrophy rate by training frequency, intensity and volume (Wernbom 2007 rate table)			the dose–response numbers are in the paywalled full text (report § Gaps item 5)			docs/superpowers/research/science-energy-body.md § Gaps	open	
S0126		energy densities of fat tissue and lean tissue as explicit coefficients			the per-compartment densities used inside Hall's models are in paywalled appendices; only the 32.2 MJ/kg rule was verified (report § Gaps item 11)			docs/superpowers/research/science-energy-body.md § Gaps	open	
S0127		effect of body fat on sprint and endurance running performance			only unreviewed preprints found (report § Gaps item 12)			docs/superpowers/research/science-energy-body.md § Gaps	open	
S0128		effect size of obesity on heat tolerance			the direction is established (insulation up, dissipation down) but no usable magnitude was found (report § Gaps item 13)			docs/superpowers/research/science-energy-body.md § Gaps	open	
S0129		effect sizes of protein-energy malnutrition on immune function and wound healing in healthy adults			only rodent, paediatric, elderly or dialysis populations found; directionally consistent, no transferable effect size (report § Gaps item 15)			docs/superpowers/research/science-energy-body.md § Gaps	open	
S0130	digestion	first-order gastric-emptying rate constant (half-time) for a mixed meal			named by the design's stomach model (spec § 7 item 1) as an energy-report gap; the report carries no gastric-emptying source			docs/superpowers/research/science-energy-body.md § Gaps	superseded	S1272
S0131	digestion	scaling of the gastric-emptying rate by meal composition (energy density, fat, protein, fibre, liquid vs solid)	overall mean rate of caloric emptying 2.5 kcal/min; the steady rate after the first 30 min rose with initial volume and energy density; doubling meal volume from 300 to 600 ml raised it by a mean 0.72 kcal/min and doubling energy density from 0.7 to 1.3 kcal/ml by 0.62 kcal/min	1134 Polycose meals of 300, 400 and 600 ml at 0.5-2.0 kcal/ml recovered at 30, 60 or 120 min; emptying in the first 30 min faster than in later periods; the composition rows beside it are the Plan 11c harvest's Hunt and Stubbs 1975 (equal slowing per kcal by fat, protein and carbohydrate), Calbet 1997 (liquid-meal half-time linear in caloric density, r = 0.96) and Moore 1984 (liquid phase of a solid meal not slowed by meal kcal)	21 men; liquid glucose-polymer meals	EXP	Hunt JN, Smith JL, Jiang CL 1985, Gastroenterology 89:1326-1330; doi:10.1016/0016-5085(85)90650-x; pmid:4054524	docs/superpowers/research/science-energy-body.md § Gaps	settled	
S0132	energy	terrain factors (η) for load-carriage energy cost in soft snow	soft snow 15/25/35 cm: 2.5/3.3/4.1		soldiers walking with loads in soft snow of 15, 25 and 35 cm depth; unverified: the citation resolves but the values are the commonly reproduced ones, not read from the primary (report § Gaps item 3)	AUTH	Pandolf KB, Haisman MF, Goldman RF 1976, Ergonomics 19:683-690; pmid:1009916	docs/superpowers/research/science-energy-body.md § 2. Activity energy expenditure	unverified	
S0133	vitamin-a	vitamin A RDA (IOM)	900 µg RAE/d (men); 700 µg RAE/d (women)		adults 19+	AUTH	IOM 2001, Dietary Reference Intakes for Vitamin A, Vitamin K and trace elements, National Academies Press; doi:10.17226/10026; Linus Pauling Institute Micronutrient Information Center, vitamin A; url:https://lpi.oregonstate.edu/mic/vitamins/vitamin-A	docs/superpowers/research/science-vitamins.md § Vitamin A	settled	
S0134		vitamin A EAR (IOM)			the fetched secondary sources quoted RDAs only; the IOM 2001 report's EAR table would settle it			docs/superpowers/research/science-vitamins.md § Vitamin A	open	
S0135	vitamin-a	vitamin A population reference intake (EFSA)	750 µg RE/d (men); 650 µg RE/d (women)		EU adults (EFSA 2015 as quoted by the NNR 2023 review)	AUTH	Olsen T et al 2023, Food Nutr Res 67:10229; doi:10.29219/fnr.v67.10229; pmid:38686175	docs/superpowers/research/science-vitamins.md § Vitamin A	settled	
S0136	vitamin-a	tolerable upper intake level, preformed vitamin A	3000 µg RE/d	retained on re-review in 2024	adults	AUTH	EFSA NDA Panel 2024, EFSA J 22:e8814; doi:10.2903/j.efsa.2024.8814; pmid:38846679	docs/superpowers/research/science-vitamins.md § Vitamin A	settled	
S0137	vitamin-a	fraction of the body vitamin A store held in the liver	70–90% of total body retinol		healthy adults	AUTH	EFSA NDA Panel 2024, EFSA J 22:e8814; doi:10.2903/j.efsa.2024.8814; pmid:38846679	docs/superpowers/research/science-vitamins.md § Vitamin A	settled	
S0138	vitamin-a	liver retinol concentration of an adequate store	0.1–0.7 µmol retinol/g liver	balance zone 0.1–0.4 µmol/g	adults	AUTH	Olsen T et al 2023, Food Nutr Res 67:10229; doi:10.29219/fnr.v67.10229; pmid:38686175; Tanumihardjo SA et al 2016, J Nutr 146:1816S–1848S; doi:10.3945/jn.115.229708; pmid:27511929	docs/superpowers/research/science-vitamins.md § Vitamin A	settled	
S0139	vitamin-a	liver retinol concentration defining a deficient store	<0.07 µmol/g (20 µg/g); a newer proposal <0.1 µmol/g	the 20 µg/g figure is the criterion the DRI used for adequate reserves for four months	adults	AUTH	Olsen T et al 2023, Food Nutr Res 67:10229; doi:10.29219/fnr.v67.10229; pmid:38686175; Linus Pauling Institute Micronutrient Information Center, vitamin A; url:https://lpi.oregonstate.edu/mic/vitamins/vitamin-A	docs/superpowers/research/science-vitamins.md § Vitamin A	settled	
S0140	vitamin-a	duration of hepatic vitamin A stores on a deficient diet	several months (qualitative; no numeric half-life given)		adults on a deficient diet	AUTH	Olsen T et al 2023, Food Nutr Res 67:10229; doi:10.29219/fnr.v67.10229; pmid:38686175	docs/superpowers/research/science-vitamins.md § Vitamin A	settled	
S0141		half-life of hepatic vitamin A stores			the Iowa labelled-retinol depletion study (Sauberlich HE et al 1974, Vitam Horm, doi:10.1016/s0083-6729(08)60015-1, pmid:4617402) holds it; its numbers were not fetchable			docs/superpowers/research/science-vitamins.md § Vitamin A	open	
S0142	vitamin-a	earliest clinical sign of vitamin A deficiency	impaired dark adaptation (night blindness, nyctalopia)		adults and children	TXT	Linus Pauling Institute Micronutrient Information Center, vitamin A; url:https://lpi.oregonstate.edu/mic/vitamins/vitamin-A	docs/superpowers/research/science-vitamins.md § Vitamin A	settled	
S0143	vitamin-a	serum retinol at which ocular signs of vitamin A deficiency appear	0.35 µmol/L (WHO)	population-level deficiency cutoff <0.70 µmol/L	mixed populations	AUTH	Olsen T et al 2023, Food Nutr Res 67:10229; doi:10.29219/fnr.v67.10229; pmid:38686175; Tanumihardjo SA 2011, Am J Clin Nutr 94:658S–665S; doi:10.3945/ajcn.110.005777; pmid:21715511	docs/superpowers/research/science-vitamins.md § Vitamin A	settled	
S0144	vitamin-a	progression of vitamin A deficiency signs	night blindness, then xerophthalmia, then corneal ulcers, scarring and blindness		severe or prolonged deficiency	TXT	Linus Pauling Institute Micronutrient Information Center, vitamin A; url:https://lpi.oregonstate.edu/mic/vitamins/vitamin-A	docs/superpowers/research/science-vitamins.md § Vitamin A	settled	
S0145	vitamin-a	all-cause mortality under vitamin A supplementation	RR 0.88	95% CI 0.83–0.93; 19 trials, 1,202,382 children	children 6 mo–5 y in vitamin A deficient populations	MA	Imdad A et al 2017, Cochrane Database Syst Rev 2017:CD008524; doi:10.1002/14651858.CD008524.pub3; pmid:28282701	docs/superpowers/research/science-vitamins.md § Vitamin A	superseded	S0986
S0146	vitamin-a	measles incidence under vitamin A supplementation	RR 0.50	95% CI 0.37–0.67; 6 studies, 19,566 children	children 6 mo–5 y in vitamin A deficient populations	MA	Imdad A et al 2017, Cochrane Database Syst Rev 2017:CD008524; doi:10.1002/14651858.CD008524.pub3; pmid:28282701	docs/superpowers/research/science-vitamins.md § Vitamin A	superseded	S0987
S0147	vitamin-a	diarrhoea mortality under vitamin A supplementation	RR 0.88	95% CI 0.79–0.98; 9 trials, 1,098,538 children	children 6 mo–5 y in vitamin A deficient populations	MA	Imdad A et al 2017, Cochrane Database Syst Rev 2017:CD008524; doi:10.1002/14651858.CD008524.pub3; pmid:28282701	docs/superpowers/research/science-vitamins.md § Vitamin A	superseded	S0988
S0148	vitamin-a	correlation of dark-adapted pupillary threshold with serum retinol	r = 0.12 (P < 0.05), a weak correlation		Zambian children aged 4–8 y, n=542, marginally nourished (the report wrote Nepalese children; corrected from the record)	COH	Healy K et al 2018, J Nutr 148:1160–1166; doi:10.1093/jn/nxy069; pmid:29924320	docs/superpowers/research/science-vitamins.md § Vitamin A	settled	
S0149	vitamin-a	lowest intake associated with vitamin A hepatotoxicity	7500 µg RE/d	from case reports; the SCF applied an uncertainty factor of 2.5 to reach the UL	adults	AUTH	EFSA NDA Panel 2024, EFSA J 22:e8814; doi:10.2903/j.efsa.2024.8814; pmid:38846679	docs/superpowers/research/science-vitamins.md § Vitamin A	settled	
S0150	vitamin-a	liver retinol concentration associated with toxicity	≥2.87 µmol/g (recent post-mortem series); the BOND panel had used >10 µmol/g	about 3 µmol/g is the newer suggested threshold	adults	AUTH	EFSA NDA Panel 2024, EFSA J 22:e8814; doi:10.2903/j.efsa.2024.8814; pmid:38846679	docs/superpowers/research/science-vitamins.md § Vitamin A	settled	
S0151	vitamin-a	chronic vitamin A toxicity signs and the intake of onset	dry itchy skin, desquamation, anorexia, weight loss, headache, cerebral oedema, enlarged liver and spleen, anaemia, bone and joint pain; onset with long-term intake above ~10× the RDA (8000–10,000 µg RAE/d)		adults	TXT	Linus Pauling Institute Micronutrient Information Center, vitamin A; url:https://lpi.oregonstate.edu/mic/vitamins/vitamin-A; Penniston KL et al 2006, Am J Clin Nutr 83:191–201; doi:10.1093/ajcn/83.2.191; pmid:16469975	docs/superpowers/research/science-vitamins.md § Vitamin A	settled	
S0152	vitamin-a	acute vitamin A toxicity signs	nausea, headache, fatigue, appetite loss, dizziness, dry skin, desquamation, cerebral oedema	doses not verified	adults	TXT	Linus Pauling Institute Micronutrient Information Center, vitamin A; url:https://lpi.oregonstate.edu/mic/vitamins/vitamin-A; Penniston KL et al 2006, Am J Clin Nutr 83:191–201; doi:10.1093/ajcn/83.2.191; pmid:16469975	docs/superpowers/research/science-vitamins.md § Vitamin A	settled	
S0153		dose producing acute vitamin A toxicity			the signs are verified, the doses not; Penniston and Tanumihardjo 2006 is the candidate record			docs/superpowers/research/science-vitamins.md § Vitamin A	superseded	S1025
S0154	vitamin-a	resolution of ocular signs after vitamin A repletion	all repleted patients had subjective visual improvement with partial or complete resolution of ophthalmic findings	case series, no timing distribution given	adults with gastrointestinal or hepatobiliary disease	COH	Lai EW et al 2026, Front Ophthalmol 6:1779060; doi:10.3389/fopht.2026.1779060; pmid:42137746	docs/superpowers/research/science-vitamins.md § Vitamin A	settled	
S0155	vitamin-a	vitamin A content of notable foods per serving	beef liver 6420 µg RAE (1 slice, 68 g); canned pumpkin 955 and baked sweet potato 960 (½ cup); raw carrot 534 (½ cup); cooked spinach 472 (½ cup); cooked collards 361 (½ cup)		USDA values as reproduced by the LPI table	AUTH	Linus Pauling Institute Micronutrient Information Center, vitamin A; url:https://lpi.oregonstate.edu/mic/vitamins/vitamin-A	docs/superpowers/research/science-vitamins.md § Vitamin A	settled	
S0156	vitamin-a	β-carotene bioavailability from whole mixed vegetables relative to purified β-carotene	~14%		adults	MA	van het Hof KH et al 2000, J Nutr 130:503–506; doi:10.1093/jn/130.3.503; pmid:10702576	docs/superpowers/research/science-vitamins.md § Vitamin A	settled	
S0157	vitamin-d	vitamin D RDA (IOM)	15 µg/d (600 IU) ages 19–70; 20 µg/d (800 IU) ages 71+	assumes minimal sun exposure	adults	AUTH	IOM 2011, Dietary Reference Intakes for Calcium and Vitamin D, National Academies Press; doi:10.17226/13050; Linus Pauling Institute Micronutrient Information Center, vitamin D; url:https://lpi.oregonstate.edu/mic/vitamins/vitamin-D	docs/superpowers/research/science-vitamins.md § Vitamin D	settled	
S0158	vitamin-d	tolerable upper intake level for vitamin D	100 µg/d	EFSA 2016 and IOM 2011 agree; infants 25 µg/d (0–6 mo), 35 µg/d (6–12 mo)	adults	AUTH	Brustad M et al 2023, Food Nutr Res 67:10230; doi:10.29219/fnr.v67.10230; pmid:38084153	docs/superpowers/research/science-vitamins.md § Vitamin D	settled	
S0159	vitamin-d	serum 25(OH)D threshold for vitamin D deficiency	<30 nmol/L (<12 ng/mL); sufficiency above 50 nmol/L	broad consensus is below 25–30 nmol/L	adults	AUTH	Brustad M et al 2023, Food Nutr Res 67:10230; doi:10.29219/fnr.v67.10230; pmid:38084153; Linus Pauling Institute Micronutrient Information Center, vitamin D; url:https://lpi.oregonstate.edu/mic/vitamins/vitamin-D	docs/superpowers/research/science-vitamins.md § Vitamin D	settled	
S0160	vitamin-d	half-life of circulating 25(OH)D	~15 d	the NNR review states around 2–3 weeks	adults	AUTH	Jones G 2008, Am J Clin Nutr 88:582S–586S; doi:10.1093/ajcn/88.2.582S; pmid:18689406; Brustad M et al 2023, Food Nutr Res 67:10230; doi:10.29219/fnr.v67.10230; pmid:38084153	docs/superpowers/research/science-vitamins.md § Vitamin D	settled	
S0161	vitamin-d	half-life of parent vitamin D3 (stored in fat)	~2 months		adults	AUTH	Jones G 2008, Am J Clin Nutr 88:582S–586S; doi:10.1093/ajcn/88.2.582S; pmid:18689406	docs/superpowers/research/science-vitamins.md § Vitamin D	settled	
S0162	vitamin-d	half-life of 1,25(OH)2D3, the active hormone	~15 h		adults	AUTH	Jones G 2008, Am J Clin Nutr 88:582S–586S; doi:10.1093/ajcn/88.2.582S; pmid:18689406	docs/superpowers/research/science-vitamins.md § Vitamin D	settled	
S0163	vitamin-d	bone disease of severe vitamin D deficiency	rickets in children, osteomalacia in adults (defective mineralisation, bone pain, softening)		severe deficiency	AUTH	Brustad M et al 2023, Food Nutr Res 67:10230; doi:10.29219/fnr.v67.10230; pmid:38084153	docs/superpowers/research/science-vitamins.md § Vitamin D	settled	
S0164	vitamin-d	fracture risk under vitamin D supplementation alone	no fracture-preventing effect		adults	MA	Brustad M et al 2023, Food Nutr Res 67:10230; doi:10.29219/fnr.v67.10230; pmid:38084153	docs/superpowers/research/science-vitamins.md § Vitamin D	settled	
S0165	vitamin-d	fracture risk under vitamin D with calcium	reduced total and hip fracture		adults	MA	Brustad M et al 2023, Food Nutr Res 67:10230; doi:10.29219/fnr.v67.10230; pmid:38084153	docs/superpowers/research/science-vitamins.md § Vitamin D	settled	
S0166	vitamin-d	fracture hazard at the highest vitamin D intake quartile	hip fracture HR 0.70; any non-vertebral fracture HR 0.86	95% CI 0.58–0.86 and 0.76–0.96; quartile median 800 IU/d, range 792–2000 IU/d; 11 RCTs, 31,022 people	older adults, mean age 76, 91% women	MA	Bischoff-Ferrari HA et al 2012, N Engl J Med 367:40–49; doi:10.1056/NEJMoa1109617; pmid:22762317	docs/superpowers/research/science-vitamins.md § Vitamin D	settled	
S0167	vitamin-d	plasma 25(OH)D at which vitamin D toxicity appears (pharmacology review: above about 750 nmol/L; the NIH ODS fact sheet puts it typically above 375 nmol/L — a disagreement of two sources)	above ~750 nmol/L; 250 nmol/L proposed as a conservative safety limit	the mechanism of hypercalcaemia is incompletely settled	adults	TXT	Jones G 2008, Am J Clin Nutr 88:582S–586S; doi:10.1093/ajcn/88.2.582S; pmid:18689406	docs/superpowers/research/science-vitamins.md § Vitamin D	settled	
S0168	vitamin-d	seasonal absence of cutaneous vitamin D3 synthesis at high latitude (vitamin D winter)	solar radiation insufficient for skin vitamin D3 production part of the year	Kentucky at ~37–39° N is milder than the Nordic case	populations at Nordic latitudes	AUTH	Brustad M et al 2023, Food Nutr Res 67:10230; doi:10.29219/fnr.v67.10230; pmid:38084153	docs/superpowers/research/science-vitamins.md § Vitamin D	settled	
S0169		vitamin D content of notable foods per serving			no per-food table was fetchable (the LPI page carries none; USDA FoodData Central was rate-limited); USDA SR Legacy would settle it			docs/superpowers/research/science-vitamins.md § Vitamin D	open	
S0170	vitamin-e	vitamin E EAR (IOM)	12 mg/d α-tocopherol	all populations aged 14+	adults	AUTH	IOM 2000, Dietary Reference Intakes for Vitamin C, Vitamin E, Selenium, and Carotenoids, National Academies Press; doi:10.17226/9810; Hantikainen E et al 2023, Food Nutr Res 67:10238; doi:10.29219/fnr.v67.10238; pmid:38187798	docs/superpowers/research/science-vitamins.md § Vitamin E	settled	
S0171	vitamin-e	vitamin E RDA (IOM)	15 mg/d α-tocopherol	extrapolated from the EAR	adults	AUTH	IOM 2000, Dietary Reference Intakes for Vitamin C, Vitamin E, Selenium, and Carotenoids, National Academies Press; doi:10.17226/9810; Hantikainen E et al 2023, Food Nutr Res 67:10238; doi:10.29219/fnr.v67.10238; pmid:38187798; Traber MG 2014, Adv Nutr 5:503–514; doi:10.3945/an.114.006254; pmid:25469382	docs/superpowers/research/science-vitamins.md § Vitamin E	settled	
S0172	vitamin-e	biomarker on which the vitamin E requirement rests	erythrocyte haemolysis in depletion and repletion studies in men (a laboratory endpoint, not a clinical one)		men	AUTH	Traber MG 2014, Adv Nutr 5:503–514; doi:10.3945/an.114.006254; pmid:25469382	docs/superpowers/research/science-vitamins.md § Vitamin E	settled	
S0173	vitamin-e	upper level for supplemental vitamin E (EFSA)	300 mg/d α-tocopherol as a supplement		adults	AUTH	Hantikainen E et al 2023, Food Nutr Res 67:10238; doi:10.29219/fnr.v67.10238; pmid:38187798	docs/superpowers/research/science-vitamins.md § Vitamin E	settled	
S0174		tolerable upper intake level for vitamin E (IOM)			the IOM figure of 1000 mg/d was not verified; only the EFSA 300 mg/d supplemental level was confirmed; the IOM 2000 report would settle it			docs/superpowers/research/science-vitamins.md § Vitamin E	open	
S0175	vitamin-e	fraction of body vitamin E held in adipose tissue	~90% of total vitamin E (two-thirds α-tocopherol, one-third γ-tocopherol)		adults	AUTH	Hantikainen E et al 2023, Food Nutr Res 67:10238; doi:10.29219/fnr.v67.10238; pmid:38187798	docs/superpowers/research/science-vitamins.md § Vitamin E	settled	
S0176	vitamin-e	plasma half-life of RRR-α-tocopherol	48–60 h	plasma pool only; the adipose pool turns over far more slowly	healthy subjects	AUTH	Hantikainen E et al 2023, Food Nutr Res 67:10238; doi:10.29219/fnr.v67.10238; pmid:38187798	docs/superpowers/research/science-vitamins.md § Vitamin E	settled	
S0177	vitamin-e	vitamin E deficiency from low dietary intake in healthy adults	not described; deficiency arises from fat malabsorption or genetic defects		adults	AUTH	Hantikainen E et al 2023, Food Nutr Res 67:10238; doi:10.29219/fnr.v67.10238; pmid:38187798	docs/superpowers/research/science-vitamins.md § Vitamin E	settled	
S0178	vitamin-e	serum α-tocopherol threshold for clinical vitamin E deficiency symptoms	<8 µmol/L		adults	AUTH	Hantikainen E et al 2023, Food Nutr Res 67:10238; doi:10.29219/fnr.v67.10238; pmid:38187798	docs/superpowers/research/science-vitamins.md § Vitamin E	settled	
S0179	vitamin-e	clinical signs of vitamin E deficiency	peripheral neuropathy, spinocerebellar ataxia, skeletal myopathy	progressive	deficient patients	AUTH	Hantikainen E et al 2023, Food Nutr Res 67:10238; doi:10.29219/fnr.v67.10238; pmid:38187798; Traber MG 2014, Adv Nutr 5:503–514; doi:10.3945/an.114.006254; pmid:25469382	docs/superpowers/research/science-vitamins.md § Vitamin E	settled	
S0180	vitamin-e	sub-clinical associations of low plasma α-tocopherol	plasma α-tocopherol <12 µmol/L associated with increased infection, anaemia, growth stunting and poor pregnancy outcomes	association, not causation	mixed populations	TXT	Traber MG 2014, Adv Nutr 5:503–514; doi:10.3945/an.114.006254; pmid:25469382	docs/superpowers/research/science-vitamins.md § Vitamin E	settled	
S0181	vitamin-e	share of the US population consuming less vitamin E than the EAR	>90% of Americans	no matching epidemic of deficiency disease	US adults	TXT	Traber MG 2014, Adv Nutr 5:503–514; doi:10.3945/an.114.006254; pmid:25469382	docs/superpowers/research/science-vitamins.md § Vitamin E	settled	
S0182	vitamin-e	increase of the vitamin E requirement with dietary linoleic acid	0.4–0.6 mg RRR-α-tocopherol per g of dietary linoleic acid		adults	AUTH	Hantikainen E et al 2023, Food Nutr Res 67:10238; doi:10.29219/fnr.v67.10238; pmid:38187798	docs/superpowers/research/science-vitamins.md § Vitamin E	settled	
S0183		time from a vitamin E deficient diet to deficiency signs			no human dietary-depletion timeline was recoverable; dietary deficiency has not been described in healthy adults			docs/superpowers/research/science-vitamins.md § Vitamin E	open	
S0184	vitamin-k	vitamin K adequate intake (IOM)	120 µg/d (men); 90 µg/d (women)	no EAR or RDA was set	adults	AUTH	IOM 2001, Dietary Reference Intakes for Vitamin A, Vitamin K and trace elements, National Academies Press; doi:10.17226/10026; Linus Pauling Institute Micronutrient Information Center, vitamin K; url:https://lpi.oregonstate.edu/mic/vitamins/vitamin-K	docs/superpowers/research/science-vitamins.md § Vitamin K	settled	
S0185	vitamin-k	vitamin K adequate intake (EFSA)	1 µg phylloquinone/kg body weight/d, ≈70 µg/d for an adult	set to prevent a coagulation deficiency; the amount needed for optimal function of the vitamin K-dependent proteins is not known	all ages and sexes	AUTH	Lyytinen AT et al 2023, Food Nutr Res 67:10260; doi:10.29219/fnr.v67.10260; pmid:37920674	docs/superpowers/research/science-vitamins.md § Vitamin K	settled	
S0186	vitamin-k	tolerable upper intake level for vitamin K	none set; the evidence is too limited		adults	AUTH	Lyytinen AT et al 2023, Food Nutr Res 67:10260; doi:10.29219/fnr.v67.10260; pmid:37920674; Linus Pauling Institute Micronutrient Information Center, vitamin K; url:https://lpi.oregonstate.edu/mic/vitamins/vitamin-K	docs/superpowers/research/science-vitamins.md § Vitamin K	settled	
S0187	vitamin-k	vitamin K body store	stored primarily in adipose tissue; the total body pool is relatively low compared with the other fat-soluble vitamins	no total-mass figure given	adults	AUTH	Lyytinen AT et al 2023, Food Nutr Res 67:10260; doi:10.29219/fnr.v67.10260; pmid:37920674	docs/superpowers/research/science-vitamins.md § Vitamin K	settled	
S0188	vitamin-k	hepatic phylloquinone concentration	median 12 pmol/g in adults (2.2 pmol/g in term infants)		surgical adults	AUTH	Shearer MJ et al 2012, Adv Nutr 3:182–195; doi:10.3945/an.111.001800; pmid:22516726	docs/superpowers/research/science-vitamins.md § Vitamin K	settled	
S0189	vitamin-k	fraction of an oral vitamin K dose excreted within 5 days	~60–70% of a 45–1000 µg dose	early tritium-label studies	adults	AUTH	Shearer MJ et al 2012, Adv Nutr 3:182–195; doi:10.3945/an.111.001800; pmid:22516726	docs/superpowers/research/science-vitamins.md § Vitamin K	settled	
S0190	vitamin-k	fall in urinary vitamin K metabolite output under dietary restriction	~20% over 15 d of restriction at 11 µg/d	biochemical, not clinical	adults	AUTH	Shearer MJ et al 2012, Adv Nutr 3:182–195; doi:10.3945/an.111.001800; pmid:22516726	docs/superpowers/research/science-vitamins.md § Vitamin K	settled	
S0191	vitamin-k	inducibility of subclinical vitamin K deficiency by diet	subclinical deficiency demonstrated in normal subjects under dietary restriction	timing numbers not fetched	healthy adults	EXP	Ferland G et al 1993, J Clin Invest 91:1761–1768; doi:10.1172/JCI116386; pmid:8473516	docs/superpowers/research/science-vitamins.md § Vitamin K	superseded	S0961
S0192	vitamin-k	clinical sign of vitamin K deficiency and its adult incidence	bleeding and haemorrhage from impaired coagulation; adult deficiency is rare and usually limited to malabsorption disorders or drug use		adults	AUTH	Lyytinen AT et al 2023, Food Nutr Res 67:10260; doi:10.29219/fnr.v67.10260; pmid:37920674	docs/superpowers/research/science-vitamins.md § Vitamin K	settled	
S0193	vitamin-k	vitamin K content of notable foods per serving	boiled frozen kale 493 µg/cup; raw chard 299; cooked broccoli 220; raw spinach 121; raw green cabbage 68 µg/cup; soybean oil 26 µg/tbsp; olive oil 8 µg/tbsp		USDA values as reproduced by the LPI table	AUTH	Linus Pauling Institute Micronutrient Information Center, vitamin K; url:https://lpi.oregonstate.edu/mic/vitamins/vitamin-K	docs/superpowers/research/science-vitamins.md § Vitamin K	settled	
S0194	iron	non-haem iron absorption gain per mg of ascorbic acid in a meal	+0.0065 per mg ascorbic acid on ln(non-haem iron absorption, %) (about +0.65% relative per mg; P = 0.0441)	regression on 25 meals; 3 predictors explain 16.4% of the variance in absorption; adjusted to serum ferritin 30 µg/L	86 adult volunteers, extrinsic radio-iron labelling of 25 US meals (the report wrote percentage points; corrected from the record)	COH	Reddy MB et al 2000, Am J Clin Nutr 71:937–943; doi:10.1093/ajcn/71.4.937; pmid:10731500	docs/superpowers/research/science-vitamins.md § Cross-cutting	settled	
S0195	phytate	non-haem iron absorption loss per mg of phytic acid in a meal	-0.0034 per mg phytic acid on ln(non-haem iron absorption, %) (about -0.34% relative per mg; P = 0.0001)	animal tissue and phytic acid were the stronger predictors	86 adult volunteers, extrinsic radio-iron labelling of 25 US meals (the report wrote percentage points; corrected from the record)	COH	Reddy MB et al 2000, Am J Clin Nutr 71:937–943; doi:10.1093/ajcn/71.4.937; pmid:10731500	docs/superpowers/research/science-vitamins.md § Cross-cutting	settled	
S0196	iron	iron absorption from common beans under added polyphenols	-14% at 50 mg polyphenols; -45% at 200 mg		young women	COH	Petry N et al 2010, J Nutr 140:1977–1982; doi:10.3945/jn.110.125369; pmid:20861210	docs/superpowers/research/science-vitamins.md § Cross-cutting	settled	
S0197	vitamin-a	carotenoid absorption under fat-free, reduced-fat and full-fat salad dressing	fat-free: negligible appearance of α-carotene, β-carotene and lycopene in chylomicrons; reduced-fat significantly higher (P < 0.04); full-fat greater still (P < 0.02)		healthy adults	RCT	Brown MJ et al 2004, Am J Clin Nutr 80:396–403; doi:10.1093/ajcn/80.2.396; pmid:15277161	docs/superpowers/research/science-vitamins.md § Cross-cutting	settled	
S0198	vitamin-d	peak plasma vitamin D3 after a dose taken with a fat-containing versus a fat-free meal	+32% (12-hour peak)	95% CI 11% to 52%	adults	RCT	Dawson-Hughes B et al 2015, J Acad Nutr Diet 115:225–230; doi:10.1016/j.jand.2014.09.014; pmid:25441954	docs/superpowers/research/science-vitamins.md § Cross-cutting	settled	
S0199	vitamin-a	carotenoid absorption by dietary fat type and emulsification at 28 g fat	olive oil +55.2% versus coconut oil; emulsified fat +40% versus non-emulsified		healthy adults, randomised crossover	RCT	Yao Y et al 2023, Am J Clin Nutr 117:1017–1025; doi:10.1016/j.ajcnut.2023.03.011; pmid:36921903	docs/superpowers/research/science-vitamins.md § Cross-cutting	settled	
S0200	folate	plasma total homocysteine under folate or vitamin B12 deficiency	raised by intracellular deficiency of either, so the marker cannot distinguish them		adults	AUTH	Bjørke-Monsen A-L et al 2023, Food Nutr Res 67:10257; doi:10.29219/fnr.v67.10257; pmid:38084149	docs/superpowers/research/science-vitamins.md § Cross-cutting	settled	
S0201	choline	metabolic role of choline shared with folate and vitamin B12	methyl donor in one-carbon metabolism (qualitative; no interaction magnitude)		adults	AUTH	Obeid R et al 2023, Food Nutr Res 67:10359; doi:10.29219/fnr.v67.10359; pmid:38187796	docs/superpowers/research/science-vitamins.md § Cross-cutting	settled	
S0202	vitamin-a	liver retinol concentration above which provitamin A bioconversion is suppressed	>0.4 µmol/g liver		Mongolian gerbil model (the threshold is extrapolated to adults by the source)	AUTH	Olsen T et al 2023, Food Nutr Res 67:10229; doi:10.29219/fnr.v67.10229; pmid:38686175; Tanumihardjo SA et al 2016, J Nutr 146:1816S–1848S; doi:10.3945/jn.115.229708; pmid:27511929	docs/superpowers/research/science-vitamins.md § Cross-cutting	settled	
S0203		interaction magnitude between choline, folate and vitamin B12 as methyl donors			the shared pathway is verified, the coupling strength is not			docs/superpowers/research/science-vitamins.md § Cross-cutting	open	
S0204	biotin	biotin stability under heat treatment	quite stable		heat-treated foods	MA	Lešková E et al 2006, J Food Compos Anal 19:252–276; doi:10.1016/j.jfca.2005.04.014	docs/superpowers/research/science-vitamins.md § Cooking, canning and processing losses, consolidated	settled	
S0205	vitamin-a	gain in carotenoid bioavailability from heat treatment or homogenisation of vegetables	+18% to six-fold	range across studies	adults	MA	van het Hof KH et al 2000, J Nutr 130:503–506; doi:10.1093/jn/130.3.503; pmid:10702576	docs/superpowers/research/science-vitamins.md § Cooking, canning and processing losses, consolidated	settled	
S0206		vitamin D retention under cooking, canning or processing			no retention fraction was recoverable			docs/superpowers/research/science-vitamins.md § Cooking, canning and processing losses, consolidated	open	
S0207		vitamin E retention under cooking, canning or processing			no retention fraction was recoverable			docs/superpowers/research/science-vitamins.md § Cooking, canning and processing losses, consolidated	open	
S0208		vitamin K retention under cooking, canning or processing			no retention fraction was recoverable			docs/superpowers/research/science-vitamins.md § Cooking, canning and processing losses, consolidated	open	
S0209		time from dietary vitamin K restriction to subclinical deficiency			Ferland G et al 1993 (doi:10.1172/JCI116386) holds the timings; they were not fetchable			docs/superpowers/research/science-vitamins.md § Gaps	superseded	S0961
S0210		timing of each scurvy sign after vitamin C withdrawal, the onset day-count and the plasma threshold			the Iowa experimental-scurvy records (Hodges RE et al 1969, pmid:4977512; Hodges RE et al 1971, doi:10.1093/ajcn/24.4.432, pmid:5090631; Baker EM et al 1969, pmid:4891320) hold the per-sign sequence; not fetchable; their text would calibrate the scurvy timeline the fact sheet gives as about 1 month			docs/superpowers/research/science-vitamins.md § Gaps	open	
S0211		measured duration of vitamin B12 stores at zero intake			no source stated it; the report's 1–6 years is arithmetic from the store and the daily loss			docs/superpowers/research/science-vitamins.md § Gaps	open	
S0212		total body store mass of vitamin K			described only as relatively low compared with the other fat-soluble vitamins			docs/superpowers/research/science-vitamins.md § Gaps	open	
S0213		turnover rate of the adipose vitamin E store			the 48–60 h figure is the plasma pool only			docs/superpowers/research/science-vitamins.md § Gaps	open	
S0214		nutrient retention fraction under canning			no single canning fraction was recoverable for any nutrient; the canning liquid may matter more than the heat			docs/superpowers/research/science-vitamins.md § Gaps	open	
S0215		vitamin and mineral content of venison, rabbit and wild-foraged berries and greens			every meat and fish figure is beef, pork, poultry or fish; extending them is an inference			docs/superpowers/research/science-vitamins.md § Gaps	open	
S0216		effect size of vitamin C on human wound healing			the collagen mechanism is verified, a magnitude is not			docs/superpowers/research/science-vitamins.md § Gaps	open	
S0217		vitamin requirements under heavy labour, fever, cold exposure, bleeding or injury			every requirement is set for a sedentary, healthy, non-pregnant adult in a temperate climate			docs/superpowers/research/science-vitamins.md § Gaps	open	
S0218	vitamin-c	RDA for vitamin C	90 mg/d (men); 75 mg/d (women)	smokers +35 mg/d	adults	AUTH	Institute of Medicine 2000, Dietary Reference Intakes for Vitamin C, Vitamin E, Selenium, and Carotenoids, National Academies Press; doi:10.17226/9810; Linus Pauling Institute Micronutrient Information Center, Vitamin C (Oregon State University); url:https://lpi.oregonstate.edu/mic/vitamins/vitamin-C	docs/superpowers/research/science-vitamins.md § Vitamin C	settled	
S0219	vitamin-c	tolerable upper intake level (UL) for vitamin C	2 g/d	set to avoid diarrhoea and gastrointestinal disturbance	adults	AUTH	Institute of Medicine 2000, Dietary Reference Intakes for Vitamin C, Vitamin E, Selenium, and Carotenoids, National Academies Press; doi:10.17226/9810; Linus Pauling Institute Micronutrient Information Center, Vitamin C (Oregon State University); url:https://lpi.oregonstate.edu/mic/vitamins/vitamin-C	docs/superpowers/research/science-vitamins.md § Vitamin C	settled	
S0220	vitamin-c	vitamin C dose–plasma relationship and the intake saturating immune cells	sigmoid dose–plasma curve; immune cells saturate at 100 mg/d; doses above 400 mg/d "have no evident value"	7 healthy men, metabolic-ward depletion then graded repletion	healthy men on a metabolic ward	COH	Levine M et al 1996, Proc Natl Acad Sci USA 93:3704–3709; doi:10.1073/pnas.93.8.3704	docs/superpowers/research/science-vitamins.md § Vitamin C	settled	
S0221	vitamin-c	vitamin C intake giving adequate to saturating plasma concentrations	100–200 mg/d		adults	MA	Carr AC, Maggini S 2017, Nutrients 9:1211; doi:10.3390/nu9111211; pmid:29099763	docs/superpowers/research/science-vitamins.md § Vitamin C	settled	
S0222	vitamin-c	total body vitamin C pool	~1500 mg	from radiolabel studies	healthy adults	TXT	Padayatty SJ, Levine M 2016, Oral Dis 22:463–493; doi:10.1111/odi.12446; pmid:26808119	docs/superpowers/research/science-vitamins.md § Vitamin C	settled	
S0223	vitamin-c	plasma vitamin C threshold for deficiency	<11 µmol/L	hypovitaminosis C <23 µmol/L, "relatively common in Western populations"	adults	MA	Carr AC, Maggini S 2017, Nutrients 9:1211; doi:10.3390/nu9111211; pmid:29099763	docs/superpowers/research/science-vitamins.md § Vitamin C	settled	
S0224	vitamin-c	time from a vitamin-C-free diet to scurvy signs, self-experiment	161 days	one physician investigator, self-reported vitamin-C-free diet	adult male	COH	Padayatty SJ, Levine M 2016, Oral Dis 22:463–493; doi:10.1111/odi.12446; pmid:26808119	docs/superpowers/research/science-vitamins.md § Vitamin C	settled	
S0225	vitamin-c	time from vitamin C withdrawal to scurvy signs, controlled studies	about 40 days	conditions and individual factors varied considerably; the primary controlled series is Hodges 1971	adult men on a metabolic ward	TXT	Padayatty SJ, Levine M 2016, Oral Dis 22:463–493; doi:10.1111/odi.12446; pmid:26808119	docs/superpowers/research/science-vitamins.md § Vitamin C	settled	
S0226	vitamin-c	controlled vitamin C depletion series (Iowa experimental scurvy)	clinical manifestations of scurvy documented in sequence under controlled ascorbate withdrawal; per-sign timings not recovered	per-sign timings not fetched; the records are verified	adult male prisoners on a metabolic ward	COH	Hodges RE et al 1971, Am J Clin Nutr 24:432–443; doi:10.1093/ajcn/24.4.432; Baker EM et al 1969, Am J Clin Nutr 22:549–558; doi:10.1093/ajcn/22.5.549; pmid:4891320	docs/superpowers/research/science-vitamins.md § Vitamin C	settled	
S0227	vitamin-c	clinical signs of vitamin C deficiency (scurvy)	subcutaneous bleeding, poor wound closure, easy bruising, hair and tooth loss, joint pain and swelling		adults	TXT	Linus Pauling Institute Micronutrient Information Center, Vitamin C (Oregon State University); url:https://lpi.oregonstate.edu/mic/vitamins/vitamin-C	docs/superpowers/research/science-vitamins.md § Vitamin C	settled	
S0228	vitamin-c	scurvy presentation in a field outbreak	lower-limb pain and swelling, gingival swelling, hyperkeratosis, chest pain	ration-dependent refugee population; outbreak investigation	South Sudanese adolescents and young men, Kakuma refugee camp, Kenya, 2017–2018	COH	Ververs M et al 2019, MMWR Morb Mortal Wkly Rep 68:72–75; doi:10.15585/mmwr.mm6803a4; pmid:30677009	docs/superpowers/research/science-vitamins.md § Vitamin C	settled	
S0229	vitamin-c	time to scurvy symptom improvement after vitamin C treatment	symptoms improved within one week	outbreak investigation, not a trial	South Sudanese adolescents and young men, Kakuma refugee camp, Kenya, 2017–2018	COH	Ververs M et al 2019, MMWR Morb Mortal Wkly Rep 68:72–75; doi:10.15585/mmwr.mm6803a4; pmid:30677009	docs/superpowers/research/science-vitamins.md § Vitamin C	settled	
S0230	vitamin-c	minimum vitamin C intake preventing scurvy	as little as 10 mg/d		adults	TXT	Linus Pauling Institute Micronutrient Information Center, Vitamin C (Oregon State University); url:https://lpi.oregonstate.edu/mic/vitamins/vitamin-C	docs/superpowers/research/science-vitamins.md § Vitamin C	settled	
S0231	vitamin-c	immune-function effects of vitamin C supplementation	neutrophil chemotaxis +20%; neutrophil ROS generation +20% when supplementing people with inadequate status; pneumonia hospital stay −19% (low dose) and −36% (higher dose)	small trials	adults	MA	Carr AC, Maggini S 2017, Nutrients 9:1211; doi:10.3390/nu9111211; pmid:29099763	docs/superpowers/research/science-vitamins.md § Vitamin C	settled	
S0232	vitamin-c	vitamin C role in collagen synthesis and wound healing	central role in collagen synthesis; deficiency causes impaired wound healing; no human effect size	mechanistic, no human effect size verified	adults	TXT	Bisht S et al 2026, StatPearls (Vitamin C (Ascorbic Acid)); pmid:29763052	docs/superpowers/research/science-vitamins.md § Vitamin C	settled	
S0233	vitamin-c	vitamin C content of notable foods per serving	strawberries 85 mg/cup; navel orange 83 mg; cooked broccoli 51 mg/½ cup; SunGold kiwifruit 130 mg		USDA-derived values reproduced by the Linus Pauling Institute	AUTH	Linus Pauling Institute Micronutrient Information Center, Vitamin C (Oregon State University); url:https://lpi.oregonstate.edu/mic/vitamins/vitamin-C	docs/superpowers/research/science-vitamins.md § Vitamin C	settled	
S0234	vitamin-c	vitamin C stability under heat treatment	among the least stable vitamins in heat treatment; retention modelled across culinary processes	per-food retention factors in the USDA table	foods	MA	Lešková E et al 2006, J Food Compos Anal 19:252–276; doi:10.1016/j.jfca.2005.04.014	docs/superpowers/research/science-vitamins.md § Vitamin C	settled	
S0235	thiamine	RDA for thiamine	1.2 mg/d (men); 1.1 mg/d (women)		adults 19+	AUTH	Institute of Medicine 1998, Dietary Reference Intakes for Thiamin, Riboflavin, Niacin, Vitamin B6, Folate, Vitamin B12, Pantothenic Acid, Biotin, and Choline, National Academies Press; doi:10.17226/6015; Linus Pauling Institute Micronutrient Information Center, Thiamin (Oregon State University); url:https://lpi.oregonstate.edu/mic/vitamins/thiamin	docs/superpowers/research/science-vitamins.md § Vitamin B1 (thiamine)	settled	
S0236	thiamine	EFSA average requirement (AR) and population reference intake (PRI) for thiamine	AR 0.072 mg/MJ (0.3 mg/1000 kcal); PRI 0.1 mg/MJ (0.4 mg/1000 kcal)	energy-scaled, not a flat daily figure	all adults	AUTH	EFSA NDA Panel 2016, EFSA J 14:4653; doi:10.2903/j.efsa.2016.4653; pmid:42006014	docs/superpowers/research/science-vitamins.md § Vitamin B1 (thiamine)	settled	
S0237	thiamine	thiamine status criterion (erythrocyte transketolase activation coefficient)	αETK < 1.15	from depletion–repletion studies in adults	adults	AUTH	EFSA NDA Panel 2016, EFSA J 14:4653; doi:10.2903/j.efsa.2016.4653; pmid:42006014	docs/superpowers/research/science-vitamins.md § Vitamin B1 (thiamine)	settled	
S0238	thiamine	tolerable upper intake level (UL) for thiamine	none set; no well-established toxic effects from food or long-term oral supplementation up to 200 mg/d		adults	AUTH	Institute of Medicine 1998, Dietary Reference Intakes for Thiamin, Riboflavin, Niacin, Vitamin B6, Folate, Vitamin B12, Pantothenic Acid, Biotin, and Choline, National Academies Press; doi:10.17226/6015; Linus Pauling Institute Micronutrient Information Center, Thiamin (Oregon State University); url:https://lpi.oregonstate.edu/mic/vitamins/thiamin	docs/superpowers/research/science-vitamins.md § Vitamin B1 (thiamine)	settled	
S0239	thiamine	total body thiamine pool	~30 mg, most of it in muscle and liver		adults	AUTH	Strandler HS et al 2023, Food Nutr Res 67:10290; doi:10.29219/fnr.v67.10290; pmid:38084159	docs/superpowers/research/science-vitamins.md § Vitamin B1 (thiamine)	settled	
S0240	thiamine	whole-body thiamine half-life	9–18 d	14C-labelled thiamine; the number is the primary study's, quoted by Strandler 2023	adults	COH	Strandler HS et al 2023, Food Nutr Res 67:10290; doi:10.29219/fnr.v67.10290; pmid:38084159; Ariaey-Nejad MR et al 1970, Am J Clin Nutr 23:764–778; doi:10.1093/ajcn/23.6.764; pmid:5431041	docs/superpowers/research/science-vitamins.md § Vitamin B1 (thiamine)	settled	
S0241	thiamine	circulating and tissue thiamine half-life (the fast pool, not the body store)	1–12 h	the fast pool, not the body store	adults	AUTH	Whitfield KC et al 2018, Ann N Y Acad Sci 1430:3–43; doi:10.1111/nyas.13919; pmid:30151974	docs/superpowers/research/science-vitamins.md § Vitamin B1 (thiamine)	settled	
S0242	thiamine	thiamine intake below which clinical signs appear	below 0.5 mg/d		adults	AUTH	Strandler HS et al 2023, Food Nutr Res 67:10290; doi:10.29219/fnr.v67.10290; pmid:38084159	docs/superpowers/research/science-vitamins.md § Vitamin B1 (thiamine)	settled	
S0243		time from a thiamine-free diet to clinical deficiency			not verified in the report: the reviews fetched state stores are limited and a regular supply is needed, without a day count; a primary depletion study giving a day count would settle it			docs/superpowers/research/science-vitamins.md § Vitamin B1 (thiamine)	open	
S0244	thiamine	wet beriberi presentation	tachypnoea, tachycardia, pulmonary oedema, hepatomegaly, sometimes cyanosis; deterioration of the clinical condition is often rapid	cardiovascular form with oedema	adults and infants	AUTH	Whitfield KC et al 2018, Ann N Y Acad Sci 1430:3–43; doi:10.1111/nyas.13919; pmid:30151974	docs/superpowers/research/science-vitamins.md § Vitamin B1 (thiamine)	settled	
S0245	thiamine	Shoshin (fulminant) beriberi presentation	acute cardiogenic shock with lactic acidosis and multiorgan failure, no oedema; can easily mimic sepsis	patients may die before the correct diagnosis is made	adults	AUTH	Whitfield KC et al 2018, Ann N Y Acad Sci 1430:3–43; doi:10.1111/nyas.13919; pmid:30151974	docs/superpowers/research/science-vitamins.md § Vitamin B1 (thiamine)	settled	
S0246	thiamine	dry beriberi presentation	burning-feet syndrome early; exaggerated reflexes, diminished sensation, weakness in legs and arms	peripheral neuropathy	adults	TXT	Linus Pauling Institute Micronutrient Information Center, Thiamin (Oregon State University); url:https://lpi.oregonstate.edu/mic/vitamins/thiamin	docs/superpowers/research/science-vitamins.md § Vitamin B1 (thiamine)	settled	
S0247	thiamine	Wernicke encephalopathy presentation	triad of abnormal eye movement, gait ataxia and cognitive impairment	less often fatal than infantile beriberi in non-alcoholic adults	adults	AUTH	Whitfield KC et al 2018, Ann N Y Acad Sci 1430:3–43; doi:10.1111/nyas.13919; pmid:30151974	docs/superpowers/research/science-vitamins.md § Vitamin B1 (thiamine)	settled	
S0248	thiamine	Korsakoff psychosis presentation	amnesia, profound confusion, confabulation, little or no working memory	follows untreated Wernicke encephalopathy	adults	AUTH	Whitfield KC et al 2018, Ann N Y Acad Sci 1430:3–43; doi:10.1111/nyas.13919; pmid:30151974	docs/superpowers/research/science-vitamins.md § Vitamin B1 (thiamine)	settled	
S0249	thiamine	response time to thiamine repletion in beriberi	within hours infants with advanced beriberi return to breastfeeding; within days cardiac function returns to normal	a rapid response is conventionally taken as confirming deficiency	infants (and by extension adults)	AUTH	Whitfield KC et al 2018, Ann N Y Acad Sci 1430:3–43; doi:10.1111/nyas.13919; pmid:30151974	docs/superpowers/research/science-vitamins.md § Vitamin B1 (thiamine)	settled	
S0250	thiamine	effect of ethanol on intestinal thiamine transport	ethanol inhibits carrier-mediated thiamine transport across brush-border and basolateral membranes, down-regulating THTR-1		humans and models	TXT	Butts M et al 2023, Nutrients 15:1571; doi:10.3390/nu15071571; pmid:37049411	docs/superpowers/research/science-vitamins.md § Vitamin B1 (thiamine)	settled	
S0251	thiamine	notable dietary sources of thiamine	whole-grain cereals, legumes, nuts, lean pork, yeast; enriched white bread, fortified cereals, wheat germ	polished white rice is the classic gap	foods	TXT	Linus Pauling Institute Micronutrient Information Center, Thiamin (Oregon State University); url:https://lpi.oregonstate.edu/mic/vitamins/thiamin	docs/superpowers/research/science-vitamins.md § Vitamin B1 (thiamine)	settled	
S0252	thiamine	thiamine retention in cooking	20–80% retained across cooking methods	wide, method-dependent	foods	MA	Lešková E et al 2006, J Food Compos Anal 19:252–276; doi:10.1016/j.jfca.2005.04.014	docs/superpowers/research/science-vitamins.md § Vitamin B1 (thiamine)	settled	
S0253	riboflavin	RDA for riboflavin	1.3 mg/d (men); 1.1 mg/d (women)		adults	AUTH	Institute of Medicine 1998, Dietary Reference Intakes for Thiamin, Riboflavin, Niacin, Vitamin B6, Folate, Vitamin B12, Pantothenic Acid, Biotin, and Choline, National Academies Press; doi:10.17226/6015; Lysne V, Strandler HS 2023, Food Nutr Res 67:10315; doi:10.29219/fnr.v67.10315; pmid:38187799; Linus Pauling Institute Micronutrient Information Center, Riboflavin (Oregon State University); url:https://lpi.oregonstate.edu/mic/vitamins/riboflavin	docs/superpowers/research/science-vitamins.md § Vitamin B2 (riboflavin)	settled	
S0254	riboflavin	EFSA average requirement (AR) and population reference intake (PRI) for riboflavin	AR 1.3 mg/d; PRI 1.6 mg/d	both sexes	adults	AUTH	Lysne V, Strandler HS 2023, Food Nutr Res 67:10315; doi:10.29219/fnr.v67.10315; pmid:38187799	docs/superpowers/research/science-vitamins.md § Vitamin B2 (riboflavin)	settled	
S0255	riboflavin	tolerable upper intake level (UL) for riboflavin	none established		adults	AUTH	Institute of Medicine 1998, Dietary Reference Intakes for Thiamin, Riboflavin, Niacin, Vitamin B6, Folate, Vitamin B12, Pantothenic Acid, Biotin, and Choline, National Academies Press; doi:10.17226/6015; Linus Pauling Institute Micronutrient Information Center, Riboflavin (Oregon State University); url:https://lpi.oregonstate.edu/mic/vitamins/riboflavin	docs/superpowers/research/science-vitamins.md § Vitamin B2 (riboflavin)	settled	
S0256	riboflavin	riboflavin body store	no discrete store; reserves mainly in flavoproteins and to a lesser degree as free riboflavin	no total-mass or half-life figure recoverable	adults	AUTH	Lysne V, Strandler HS 2023, Food Nutr Res 67:10315; doi:10.29219/fnr.v67.10315; pmid:38187799	docs/superpowers/research/science-vitamins.md § Vitamin B2 (riboflavin)	settled	
S0257	riboflavin	riboflavin intake above which urinary excretion rises sharply (tissue saturation)	about 1 mg/d	the classic marker that tissues are full	adults	AUTH	Lysne V, Strandler HS 2023, Food Nutr Res 67:10315; doi:10.29219/fnr.v67.10315; pmid:38187799	docs/superpowers/research/science-vitamins.md § Vitamin B2 (riboflavin)	settled	
S0258	riboflavin	riboflavin status criterion (erythrocyte glutathione reductase activation coefficient)	EGRac below 1.3 indicates adequacy		adults	AUTH	Lysne V, Strandler HS 2023, Food Nutr Res 67:10315; doi:10.29219/fnr.v67.10315; pmid:38187799	docs/superpowers/research/science-vitamins.md § Vitamin B2 (riboflavin)	settled	
S0259	riboflavin	clinical signs of riboflavin deficiency	sore throat; hyperaemia and oedema of pharyngeal and oral mucous membranes; angular stomatitis, seborrhoeic dermatitis, glossitis; normocytic anaemia		adults	AUTH	Lysne V, Strandler HS 2023, Food Nutr Res 67:10315; doi:10.29219/fnr.v67.10315; pmid:38187799	docs/superpowers/research/science-vitamins.md § Vitamin B2 (riboflavin)	settled	
S0260		time from a riboflavin-deficient diet to clinical signs			adult men; not verified in the report: the Elgin depletion programme (Horwitt MK, Hills OW 1949, doi:10.1093/jn/39.3.357; Hills OW et al 1951, doi:10.1001/archinte.1951.03810050058006) and the galactoflavin induction study (Lane M et al 1964, doi:10.1172/jci104921) are verified records whose timelines were not fetched			docs/superpowers/research/science-vitamins.md § Vitamin B2 (riboflavin)	open	
S0261	riboflavin	effect of riboflavin therapy on haemoglobin and iron absorption in riboflavin-deficient men	haemoglobin rose; measured iron absorption did not change (the block is on utilisation, not uptake)	placebo-controlled with isotope absorption	adult Gambian men	RCT	Fairweather-Tait SJ et al 1992, Ann Nutr Metab 36:34–40; doi:10.1159/000177696; pmid:1590670	docs/superpowers/research/science-vitamins.md § Vitamin B2 (riboflavin)	settled	
S0262	riboflavin	effect of iron plus riboflavin supplementation on abnormal pupillary threshold (dark adaptation)	prevalence of abnormal pupillary threshold fell from 87% to 30% (P<0.05)	riboflavin status affects a vitamin-A functional test	nightblind, iron-deficient pregnant Nepali women given vitamin A-fortified rice (population corrected from the record)	RCT	Graham JM et al 2007, Am J Clin Nutr 85:1375–1384; doi:10.1093/ajcn/85.5.1375; pmid:17490976	docs/superpowers/research/science-vitamins.md § Vitamin B2 (riboflavin)	superseded	S0871
S0263	riboflavin	riboflavin loss in milk exposed to sunlight	up to 50% destroyed after two hours in bright sunlight in a clear glass bottle		milk	TXT	Linus Pauling Institute Micronutrient Information Center, Riboflavin (Oregon State University); url:https://lpi.oregonstate.edu/mic/vitamins/riboflavin	docs/superpowers/research/science-vitamins.md § Vitamin B2 (riboflavin)	settled	
S0264	riboflavin	riboflavin content of notable foods per serving	1% milk 0.42 mg/cup; almonds 0.33 mg/oz; hard-boiled egg 0.26 mg; cooked spinach 0.21 mg/½ cup; ground beef 0.16 mg/3 oz; cheddar 0.12 mg/oz; enriched white bread 0.07 mg/slice		USDA-derived values reproduced by the Linus Pauling Institute	AUTH	Linus Pauling Institute Micronutrient Information Center, Riboflavin (Oregon State University); url:https://lpi.oregonstate.edu/mic/vitamins/riboflavin	docs/superpowers/research/science-vitamins.md § Vitamin B2 (riboflavin)	settled	
S0265	riboflavin	riboflavin stability under heat treatment	intermediate between the labile and the stable vitamins	see the retention review	foods	MA	Lešková E et al 2006, J Food Compos Anal 19:252–276; doi:10.1016/j.jfca.2005.04.014	docs/superpowers/research/science-vitamins.md § Vitamin B2 (riboflavin)	settled	
S0266	niacin	EAR for niacin	12 mg NE/d (men); 11 mg NE/d (women)		adults	AUTH	Institute of Medicine 1998, Dietary Reference Intakes for Thiamin, Riboflavin, Niacin, Vitamin B6, Folate, Vitamin B12, Pantothenic Acid, Biotin, and Choline, National Academies Press; doi:10.17226/6015; Freese R et al 2023, Food Nutr Res 67:10299; doi:10.29219/fnr.v67.10299; pmid:38187785	docs/superpowers/research/science-vitamins.md § Vitamin B3 (niacin)	settled	
S0267	niacin	RDA for niacin	16 mg NE/d (men); 14 mg NE/d (women)		adults	AUTH	Institute of Medicine 1998, Dietary Reference Intakes for Thiamin, Riboflavin, Niacin, Vitamin B6, Folate, Vitamin B12, Pantothenic Acid, Biotin, and Choline, National Academies Press; doi:10.17226/6015; Freese R et al 2023, Food Nutr Res 67:10299; doi:10.29219/fnr.v67.10299; pmid:38187785; Linus Pauling Institute Micronutrient Information Center, Niacin (Oregon State University); url:https://lpi.oregonstate.edu/mic/vitamins/niacin	docs/superpowers/research/science-vitamins.md § Vitamin B3 (niacin)	settled	
S0268	niacin	EFSA average requirement (AR) and population reference intake (PRI) for niacin	AR 1.3 mg NE/MJ; PRI 1.6 mg NE/MJ	energy-scaled, both sexes, all ages	adults	AUTH	Freese R et al 2023, Food Nutr Res 67:10299; doi:10.29219/fnr.v67.10299; pmid:38187785	docs/superpowers/research/science-vitamins.md § Vitamin B3 (niacin)	settled	
S0269	niacin	tolerable upper intake level (UL) for niacin	35 mg/d (IOM); EU limits nicotinic acid to 10 mg/d and nicotinamide to 900 mg/d	the IOM UL is driven by flushing	adults	AUTH	Institute of Medicine 1998, Dietary Reference Intakes for Thiamin, Riboflavin, Niacin, Vitamin B6, Folate, Vitamin B12, Pantothenic Acid, Biotin, and Choline, National Academies Press; doi:10.17226/6015; Linus Pauling Institute Micronutrient Information Center, Niacin (Oregon State University); url:https://lpi.oregonstate.edu/mic/vitamins/niacin; Freese R et al 2023, Food Nutr Res 67:10299; doi:10.29219/fnr.v67.10299; pmid:38187785	docs/superpowers/research/science-vitamins.md § Vitamin B3 (niacin)	settled	
S0270	niacin	tryptophan-to-niacin conversion ratio	60 mg dietary tryptophan ≈ 1 mg niacin equivalent	efficiency depends on tryptophan status, not niacin status; individual variation roughly 30%	adults	COH	Freese R et al 2023, Food Nutr Res 67:10299; doi:10.29219/fnr.v67.10299; pmid:38187785; Horwitt MK et al 1981, Am J Clin Nutr 34:423–427; doi:10.1093/ajcn/34.3.423	docs/superpowers/research/science-vitamins.md § Vitamin B3 (niacin)	settled	
S0271	niacin	time from a low-niacin corn-based diet to deficiency signs	50–60 days	experimental pellagra series	adults	COH	Freese R et al 2023, Food Nutr Res 67:10299; doi:10.29219/fnr.v67.10299; pmid:38187785; Goldsmith GA et al 1956, Am J Clin Nutr 4:151–160; doi:10.1093/ajcn/4.2.151; pmid:13302163; Goldsmith GA 1956, J Am Diet Assoc 32:312–316; doi:10.1016/s0002-8223(21)16074-2; pmid:13306488	docs/superpowers/research/science-vitamins.md § Vitamin B3 (niacin)	settled	
S0272	niacin	pellagra presentation	the four Ds: diarrhoea, photosensitive dermatitis, dementia and, if untreated, death		adults	AUTH	Freese R et al 2023, Food Nutr Res 67:10299; doi:10.29219/fnr.v67.10299; pmid:38187785	docs/superpowers/research/science-vitamins.md § Vitamin B3 (niacin)	settled	
S0273	niacin	niacin bioavailability in corn not treated with lime	bound form not nutritionally available to humans; lime (alkali) treatment releases it	why maize-dependent populations got pellagra and nixtamalising ones did not	populations	COH	Linus Pauling Institute Micronutrient Information Center, Niacin (Oregon State University); url:https://lpi.oregonstate.edu/mic/vitamins/niacin; Goldsmith GA et al 1956, Am J Clin Nutr 4:151–160; doi:10.1093/ajcn/4.2.151; pmid:13302163	docs/superpowers/research/science-vitamins.md § Vitamin B3 (niacin)	settled	
S0274	niacin	nicotinic acid intake producing flushing	30 mg/d to 1000 mg/d can result in mild symptoms such as flushing	nicotinamide does not flush	adults	AUTH	Freese R et al 2023, Food Nutr Res 67:10299; doi:10.29219/fnr.v67.10299; pmid:38187785	docs/superpowers/research/science-vitamins.md § Vitamin B3 (niacin)	settled	
S0275	niacin	niacin content of notable foods per serving	turkey light meat 9.9 mg/3 oz; chicken light meat 8.9; canned light tuna in water 8.6; cooked salmon 8.5; beef (90% lean) 4.4; dry-roasted peanuts 4.1 mg/oz; enriched cooked pasta 1.9–2.4 mg/cup; whole-wheat bread 1.4 mg/slice; brewed coffee 2 mg/cup		USDA-derived values reproduced by the Linus Pauling Institute	AUTH	Linus Pauling Institute Micronutrient Information Center, Niacin (Oregon State University); url:https://lpi.oregonstate.edu/mic/vitamins/niacin	docs/superpowers/research/science-vitamins.md § Vitamin B3 (niacin)	settled	
S0276	niacin	niacin stability under heat treatment	quite stable		foods	MA	Lešková E et al 2006, J Food Compos Anal 19:252–276; doi:10.1016/j.jfca.2005.04.014	docs/superpowers/research/science-vitamins.md § Vitamin B3 (niacin)	settled	
S0277	pantothenate	adequate intake (AI) for pantothenic acid, IOM	5 mg/d	no EAR and no RDA were set	adults	AUTH	Institute of Medicine 1998, Dietary Reference Intakes for Thiamin, Riboflavin, Niacin, Vitamin B6, Folate, Vitamin B12, Pantothenic Acid, Biotin, and Choline, National Academies Press; doi:10.17226/6015; Linus Pauling Institute Micronutrient Information Center, Pantothenic Acid (Oregon State University); url:https://lpi.oregonstate.edu/mic/vitamins/pantothenic-acid	docs/superpowers/research/science-vitamins.md § Vitamin B5 (pantothenic acid)	settled	
S0278	pantothenate	adequate intake (AI) for pantothenic acid, EFSA	5 mg/d for adults and children above 11 y	3–4 mg/d for younger groups; 7 mg/d in lactation; NASEM 6 mg/d in pregnancy	all ages	AUTH	Freese R et al 2023, Food Nutr Res 67:10255; doi:10.29219/fnr.v67.10255; pmid:38187802	docs/superpowers/research/science-vitamins.md § Vitamin B5 (pantothenic acid)	settled	
S0279	pantothenate	EAR for pantothenic acid	none exists	the DRI is an AI because the data to set an EAR are absent	adults	AUTH	Freese R et al 2023, Food Nutr Res 67:10255; doi:10.29219/fnr.v67.10255; pmid:38187802	docs/superpowers/research/science-vitamins.md § Vitamin B5 (pantothenic acid)	settled	
S0280	pantothenate	tolerable upper intake level (UL) for pantothenic acid	none set, for lack of systematic oral dose-response intake studies		adults	AUTH	Freese R et al 2023, Food Nutr Res 67:10255; doi:10.29219/fnr.v67.10255; pmid:38187802; Linus Pauling Institute Micronutrient Information Center, Pantothenic Acid (Oregon State University); url:https://lpi.oregonstate.edu/mic/vitamins/pantothenic-acid	docs/superpowers/research/science-vitamins.md § Vitamin B5 (pantothenic acid)	settled	
S0281	pantothenate	observed population intake of pantothenic acid	3.2–6.3 mg/d	ordinary intakes straddle the AI	European men and women aged 18–65	AUTH	Freese R et al 2023, Food Nutr Res 67:10255; doi:10.29219/fnr.v67.10255; pmid:38187802	docs/superpowers/research/science-vitamins.md § Vitamin B5 (pantothenic acid)	settled	
S0282	pantothenate	frequency of dietary pantothenic acid deficiency	nutritional deficiency rare and toxicity negligible; naturally occurring deficiency in humans very rare		humans	AUTH	Freese R et al 2023, Food Nutr Res 67:10255; doi:10.29219/fnr.v67.10255; pmid:38187802; Linus Pauling Institute Micronutrient Information Center, Pantothenic Acid (Oregon State University); url:https://lpi.oregonstate.edu/mic/vitamins/pantothenic-acid	docs/superpowers/research/science-vitamins.md § Vitamin B5 (pantothenic acid)	settled	
S0283	pantothenate	clinical outcome of a pantothenic-acid-free diet alone	no clinical signs of deficiency; some subjects listless and complaining of fatigue	a metabolic-ward result	adult men	COH	Linus Pauling Institute Micronutrient Information Center, Pantothenic Acid (Oregon State University); url:https://lpi.oregonstate.edu/mic/vitamins/pantothenic-acid; Hodges RE et al 1958, J Clin Invest 37:1642–1657; doi:10.1172/jci103756; pmid:13587673	docs/superpowers/research/science-vitamins.md § Vitamin B5 (pantothenic acid)	settled	
S0284	pantothenate	deficiency produced by ω-methylpantothenate plus a deficient diet	headache, fatigue, insomnia, intestinal disturbances, numbness and tingling of hands and feet	the antagonist is a pantothenate kinase inhibitor, not a dietary condition	adult men	COH	Hodges RE et al 1959, J Clin Invest 38:1421–1425; doi:10.1172/jci103918; pmid:13673099; Linus Pauling Institute Micronutrient Information Center, Pantothenic Acid (Oregon State University); url:https://lpi.oregonstate.edu/mic/vitamins/pantothenic-acid	docs/superpowers/research/science-vitamins.md § Vitamin B5 (pantothenic acid)	settled	
S0285	pantothenate	reported pantothenic acid deficiency syndrome	burning feet syndrome (numbness and burning in the feet) with fatigue, weakness, restlessness, sleep disturbance, muscle cramps, irritability	overlaps the thiamine picture almost exactly	adults	AUTH	Freese R et al 2023, Food Nutr Res 67:10255; doi:10.29219/fnr.v67.10255; pmid:38187802	docs/superpowers/research/science-vitamins.md § Vitamin B5 (pantothenic acid)	settled	
S0286	pantothenate	longest controlled dietary pantothenic acid depletion	8–12 weeks on a pantothenic-acid-deficient diet; no clinical syndrome from diet alone	duration quoted via Freese 2023; the primary record is verified	adults	COH	Fry PC et al 1976, J Nutr Sci Vitaminol (Tokyo) 22:339–346; doi:10.3177/jnsv.22.339; pmid:1011047; Freese R et al 2023, Food Nutr Res 67:10255; doi:10.29219/fnr.v67.10255; pmid:38187802	docs/superpowers/research/science-vitamins.md § Vitamin B5 (pantothenic acid)	settled	
S0287		pantothenic acid body pool and half-life			not verified in the report: no total-mass or turnover figure was recoverable			docs/superpowers/research/science-vitamins.md § Vitamin B5 (pantothenic acid)	open	
S0288	pantothenate	pantothenic acid excess effects	doses up to 2 g/d not a health risk; 10–20 g associated with water retention and occasional diarrhoea		adults	AUTH	Freese R et al 2023, Food Nutr Res 67:10255; doi:10.29219/fnr.v67.10255; pmid:38187802	docs/superpowers/research/science-vitamins.md § Vitamin B5 (pantothenic acid)	settled	
S0289	pantothenate	pantothenic acid content of notable foods per serving	beef liver 5.9 mg/3 oz; shiitake mushrooms 2.6 mg/½ cup; sunflower seeds 2.0 mg/oz; trout 1.9 mg/3 oz; yogurt 1.3 mg/8 oz; avocado 1.0 mg/½ fruit; sweet potato 1.0 mg; skim milk 0.87 mg/cup; chicken light meat 0.77 mg/3 oz; hard-boiled egg 0.70 mg; broccoli 0.48 mg/½ cup; peanuts 0.29 mg/oz; whole-wheat bread 0.21 mg/slice		USDA-derived values reproduced by the Linus Pauling Institute	AUTH	Linus Pauling Institute Micronutrient Information Center, Pantothenic Acid (Oregon State University); url:https://lpi.oregonstate.edu/mic/vitamins/pantothenic-acid	docs/superpowers/research/science-vitamins.md § Vitamin B5 (pantothenic acid)	settled	
S0290	pantothenate	pantothenic acid stability under heat treatment	quite stable		foods	MA	Lešková E et al 2006, J Food Compos Anal 19:252–276; doi:10.1016/j.jfca.2005.04.014	docs/superpowers/research/science-vitamins.md § Vitamin B5 (pantothenic acid)	settled	
S0291	vitamin-b6	vitamin B6 RDA (IOM)	1.3 mg/d ages 19–50; 1.7 mg/d (men) and 1.5 mg/d (women) ages 51+	—	adults	AUTH	Institute of Medicine 1998, National Academies Press; doi:10.17226/6015; pmid:23193625; Linus Pauling Institute, Micronutrient Information Center: vitamin B6; url:https://lpi.oregonstate.edu/mic/vitamins/vitamin-B6	docs/superpowers/research/science-vitamins.md § Vitamin B6	settled	
S0292		vitamin B6 EAR (IOM)			the fetched secondary sources quoted the RDA and the EFSA AR, not the IOM EAR; the IOM 1998 DRI report table would settle it			docs/superpowers/research/science-vitamins.md § Vitamin B6	open	
S0293	vitamin-b6	vitamin B6 average requirement and population reference intake (EFSA)	AR 1.5 mg/d (men), 1.3 mg/d (women); PRI 1.7 mg/d (men), 1.6 mg/d (women)	D-A-CH 2020 sets AR 1.3/1.2 and RI 1.6/1.4 mg/d	adults (EFSA 2016 values quoted by the NNR 2023 review)	AUTH	Bjørke-Monsen AL, Ueland PM 2023, Food Nutr Res 67:10259; doi:10.29219/fnr.v67.10259; pmid:38187791	docs/superpowers/research/science-vitamins.md § Vitamin B6	settled	
S0294	vitamin-b6	vitamin B6 requirement per gram of dietary protein	0.016 mg B6 per g protein (the RDA basis); 0.015 mg/g normalised most biochemical indexes and 0.020 mg/g all but total urinary B6	metabolic-unit depletion–repletion on a high-protein diet (1.55 g/kg body weight)	8 healthy young women, metabolic unit	COH	Kretsch MJ, Sauberlich HE, Skala JH, Johnson HL 1995, Am J Clin Nutr 61:1091–1101; doi:10.1093/ajcn/61.5.1091; pmid:7733034	docs/superpowers/research/science-vitamins.md § Vitamin B6	settled	
S0295	vitamin-b6	vitamin B6 tolerable upper intake level (IOM)	100 mg/d	adults 19+	adults	AUTH	Institute of Medicine 1998, National Academies Press; doi:10.17226/6015; pmid:23193625; Linus Pauling Institute, Micronutrient Information Center: vitamin B6; url:https://lpi.oregonstate.edu/mic/vitamins/vitamin-B6	docs/superpowers/research/science-vitamins.md § Vitamin B6	settled	
S0296	vitamin-b6	vitamin B6 tolerable upper intake level (EFSA 2023)	12 mg/d (reduced from the previous 25 mg/d)	reference point 50 mg/d from a case-control study with uncertainty factor 4 gives 12.5 mg/d; an animal LOAEL of 50 mg/kg bw/d with UF 300 gives 11.7 mg/d; the UL is the rounded-down midpoint	adults including pregnancy and lactation	AUTH	EFSA NDA Panel (Turck D et al) 2023, EFSA J 21:e08006; doi:10.2903/j.efsa.2023.8006; pmid:37207271	docs/superpowers/research/science-vitamins.md § Vitamin B6	settled	
S0297	vitamin-b6	vitamin B6 total body store	~1000 µmol (170 mg), 80–90% of it in muscle	—	adults	AUTH	Bjørke-Monsen AL, Ueland PM 2023, Food Nutr Res 67:10259; doi:10.29219/fnr.v67.10259; pmid:38187791	docs/superpowers/research/science-vitamins.md § Vitamin B6	settled	
S0298	vitamin-b6	plasma PLP half-life	25–33 d	turnover much slower in muscle tissue	adults	AUTH	Bjørke-Monsen AL, Ueland PM 2023, Food Nutr Res 67:10259; doi:10.29219/fnr.v67.10259; pmid:38187791	docs/superpowers/research/science-vitamins.md § Vitamin B6	settled	
S0299	vitamin-b6	vitamin B6 status thresholds (plasma PLP)	≥30 nmol/L is the current sufficiency standard; the HK-ratio functional marker rises below 100 nmol/L and more steeply below 50 nmol/L; 50–100 nmol/L proposed as optimal	the conventional cutoff is probably too low	adults	AUTH	Bjørke-Monsen AL, Ueland PM 2023, Food Nutr Res 67:10259; doi:10.29219/fnr.v67.10259; pmid:38187791	docs/superpowers/research/science-vitamins.md § Vitamin B6	settled	
S0300	vitamin-b6	plasma PLP rise per unit vitamin B6 intake	~12 nmol/L per 1 mg/d increase in intake	US NHANES, multivariate-adjusted	US adults (NHANES, quoted by the NNR 2023 review)	COH	Bjørke-Monsen AL, Ueland PM 2023, Food Nutr Res 67:10259; doi:10.29219/fnr.v67.10259; pmid:38187791	docs/superpowers/research/science-vitamins.md § Vitamin B6	settled	
S0301	vitamin-b6	vitamin B6 controlled depletion: intake and duration producing biochemical depletion	<0.05 mg/d for 11–28 d produced measurable biochemical depletion, reversed stepwise by 0.5, 1.0, 1.5 and 2.0 mg/d for 14–21 d each	biochemical endpoints only; no clinical syndrome reported at this duration	8 young women, metabolic unit	COH	Kretsch MJ, Sauberlich HE, Skala JH, Johnson HL 1995, Am J Clin Nutr 61:1091–1101; doi:10.1093/ajcn/61.5.1091; pmid:7733034	docs/superpowers/research/science-vitamins.md § Vitamin B6	settled	
S0302		time from a vitamin B6-deficient diet to clinical signs			the classic deoxypyridoxine-antagonist deficiency experiments were not fetchable with timings			docs/superpowers/research/science-vitamins.md § Vitamin B6	open	
S0303	vitamin-b6	vitamin B6 deficiency signs	microcytic (sideroblastic) anaemia, depression and confusion; painful axonal peripheral neuropathy, seizures (dramatic in infants), glossitis and mouth sores, seborrhoeic dermatitis	the anaemia is microcytic because PLP is the cofactor for the first step of haem synthesis	adults	AUTH	Bjørke-Monsen AL, Ueland PM 2023, Food Nutr Res 67:10259; doi:10.29219/fnr.v67.10259; pmid:38187791; Linus Pauling Institute, Micronutrient Information Center: vitamin B6; url:https://lpi.oregonstate.edu/mic/vitamins/vitamin-B6	docs/superpowers/research/science-vitamins.md § Vitamin B6	settled	
S0304	vitamin-b6	low vitamin B6 status disease associations	low status associated with cardiovascular disease, diabetes, rheumatoid arthritis and inflammatory bowel disease	association, confounded because inflammation itself lowers PLP	adults	AUTH	Bjørke-Monsen AL, Ueland PM 2023, Food Nutr Res 67:10259; doi:10.29219/fnr.v67.10259; pmid:38187791	docs/superpowers/research/science-vitamins.md § Vitamin B6	settled	
S0305	vitamin-b6	vitamin B6 supplement neuropathy prevalence by dose	neuropathy in 48% of women on <50 mg/d for >6 months, 60% at 50–100 mg/d, 77% at 100–200 mg/d; reported at 200 mg/d for 36 months; ≥2000 mg/d for 2 months to several years reliably produces peripheral neuropathy	a case-control study (Dalton) and a case series (Schaumburg) as reviewed by EFSA; inverse relationship between dose and time to onset	supplement users, mostly women	COH	EFSA NDA Panel (Turck D et al) 2023, EFSA J 21:e08006; doi:10.2903/j.efsa.2023.8006; pmid:37207271	docs/superpowers/research/science-vitamins.md § Vitamin B6	settled	
S0306	vitamin-b6	recovery from vitamin B6 supplement neuropathy after withdrawal	55% of women reported partial or complete recovery after 3 months; all had recovered after 6 months	same case-control source as reviewed by EFSA	supplement users, mostly women	COH	EFSA NDA Panel (Turck D et al) 2023, EFSA J 21:e08006; doi:10.2903/j.efsa.2023.8006; pmid:37207271	docs/superpowers/research/science-vitamins.md § Vitamin B6	settled	
S0307	vitamin-b6	vitamin B6 intake from food alone (P95)	up to 5 mg/d in adults; only high-dose supplements exceed the UL	European dietary surveys	EU adults	AUTH	EFSA NDA Panel (Turck D et al) 2023, EFSA J 21:e08006; doi:10.2903/j.efsa.2023.8006; pmid:37207271	docs/superpowers/research/science-vitamins.md § Vitamin B6	settled	
S0308	vitamin-b6	vitamin B6 content of notable foods (per serving)	turkey light meat 0.70–0.81 mg/3 oz; wild salmon 0.47–0.80 mg/3 oz; russet potato 0.61 mg/medium; chicken light meat 0.51 mg/3 oz; banana 0.43 mg; fortified cereal 0.5–2.5 mg/cup	main Western sources: fish, meat, offal, potatoes, bread, cereals, milk and dairy	USDA-derived table reproduced by LPI	AUTH	Linus Pauling Institute, Micronutrient Information Center: vitamin B6; url:https://lpi.oregonstate.edu/mic/vitamins/vitamin-B6; Bjørke-Monsen AL, Ueland PM 2023, Food Nutr Res 67:10259; doi:10.29219/fnr.v67.10259; pmid:38187791	docs/superpowers/research/science-vitamins.md § Vitamin B6	settled	
S0309		vitamin B6 cooking retention fraction			no B6-specific retention fraction was recoverable			docs/superpowers/research/science-vitamins.md § Vitamin B6	open	
S0310	biotin	biotin adequate intake (IOM)	30 µg/d	no EAR, RDA or UL was set	adults	AUTH	Institute of Medicine 1998, National Academies Press; doi:10.17226/6015; pmid:23193625; Linus Pauling Institute, Micronutrient Information Center: biotin; url:https://lpi.oregonstate.edu/mic/vitamins/biotin	docs/superpowers/research/science-vitamins.md § Vitamin B7 (biotin)	settled	
S0311	biotin	biotin adequate intake (EFSA)	40 µg/d, based on observed mean/median intakes from mixed diets	+5 µg/d in lactation; 20 µg/d ages 1–3, 25 µg/d ages 4–10, 35 µg/d ages 11–17	adults	AUTH	Solvik BS, Strand TA 2024, Food Nutr Res 68:10256; doi:10.29219/fnr.v68.10256; pmid:38327992	docs/superpowers/research/science-vitamins.md § Vitamin B7 (biotin)	settled	
S0312	biotin	biotin EAR, RDA and UL	none exist: data are limited and no qualified biomarker of biotin status has been identified	no toxicity data on which to base a UL	adults	AUTH	Solvik BS, Strand TA 2024, Food Nutr Res 68:10256; doi:10.29219/fnr.v68.10256; pmid:38327992	docs/superpowers/research/science-vitamins.md § Vitamin B7 (biotin)	settled	
S0313	biotin	observed population biotin intake	26–50 µg/d (mean/median, adults <65 y); 24–43 µg/d in the elderly	ordinary intakes sit at or above the AI	European adults	AUTH	Solvik BS, Strand TA 2024, Food Nutr Res 68:10256; doi:10.29219/fnr.v68.10256; pmid:38327992	docs/superpowers/research/science-vitamins.md § Vitamin B7 (biotin)	settled	
S0314	biotin	frequency of dietary biotin deficiency	symptomatic biotin deficiency is rare	—	humans	AUTH	Solvik BS, Strand TA 2024, Food Nutr Res 68:10256; doi:10.29219/fnr.v68.10256; pmid:38327992	docs/superpowers/research/science-vitamins.md § Vitamin B7 (biotin)	settled	
S0315		biotin body pool size and half-life			neither source carried a store mass or a turnover rate			docs/superpowers/research/science-vitamins.md § Vitamin B7 (biotin)	open	
S0316	biotin	raw egg white avidin blocks biotin absorption; cooking removes the block	avidin binds biotin with near-unique affinity and prevents its absorption; the biotin-binding capacity of egg white is lost on cooking	cooking denatures avidin, rendering it digestible and unable to block absorption	humans	AUTH	Solvik BS, Strand TA 2024, Food Nutr Res 68:10256; doi:10.29219/fnr.v68.10256; pmid:38327992; Linus Pauling Institute, Micronutrient Information Center: biotin; url:https://lpi.oregonstate.edu/mic/vitamins/biotin	docs/superpowers/research/science-vitamins.md § Vitamin B7 (biotin)	settled	
S0317	biotin	egg-white injury (historical human observation)	deficiency produced by raw egg white and cured with a biotin concentrate	per-subject amounts and durations not fetchable; the modern case report's clinical detail not fetchable	adults (1942 observation; 2009 case report)	COH	Sydenstricker VP et al 1942, Science 95:176–177; doi:10.1126/science.95.2459.176; pmid:17818887; Cammalleri L, Bentivegna P, Malaguarnera M 2009, Intern Emerg Med 4:79–81; doi:10.1007/s11739-008-0192-5; pmid:18781405	docs/superpowers/research/science-vitamins.md § Vitamin B7 (biotin)	settled	
S0318	biotin	raw egg white exposure needed for clinical biotin deficiency	consumption of raw egg white for a prolonged period (many weeks to years)	not a meal-scale effect	adults	TXT	Linus Pauling Institute, Micronutrient Information Center: biotin; url:https://lpi.oregonstate.edu/mic/vitamins/biotin	docs/superpowers/research/science-vitamins.md § Vitamin B7 (biotin)	settled	
S0319	biotin	controlled avidin feeding: time to biotin deficiency	28 days of undenatured egg white with meals produced marginal, asymptomatic biotin deficiency; avidin dose a biotin-binding capacity ~7× typical dietary biotin intake	replicated across four studies in 7–10 healthy adults each, all asymptomatic and biochemical	healthy adults	COH	Stratton SL et al 2006, Am J Clin Nutr 84:384–388; doi:10.1093/ajcn/84.1.384; pmid:16895887; Stratton SL et al 2010, Am J Clin Nutr 92:1399–1405; doi:10.3945/ajcn.110.002543; pmid:20943794; Stratton SL et al 2011, J Nutr 141:353–358; doi:10.3945/jn.110.135772; pmid:21248194; Stratton SL et al 2012, J Nutr 142:22–26; doi:10.3945/jn.111.151621; pmid:22157538	docs/superpowers/research/science-vitamins.md § Vitamin B7 (biotin)	settled	
S0320	biotin	earliest biochemical markers of biotin depletion	plasma and urinary 3-hydroxyisovaleryl carnitine move by day 14 of a 28-day depletion; lymphocyte propionyl-CoA carboxylase likewise	laboratory endpoints, not symptoms	healthy adults	COH	Stratton SL et al 2010, Am J Clin Nutr 92:1399–1405; doi:10.3945/ajcn.110.002543; pmid:20943794; Stratton SL et al 2011, J Nutr 141:353–358; doi:10.3945/jn.110.135772; pmid:21248194; Stratton SL et al 2006, Am J Clin Nutr 84:384–388; doi:10.1093/ajcn/84.1.384; pmid:16895887	docs/superpowers/research/science-vitamins.md § Vitamin B7 (biotin)	settled	
S0321	biotin	clinical signs of biotin deficiency	alopecia; scaly red rash around eyes, nose, mouth and genitals; conjunctivitis; depression, lethargy, hallucinations, numbness and tingling of the extremities, ataxia, seizures	infants and children also hypotonia and developmental delay; most cases involve biotinidase deficiency or parenteral nutrition, not ordinary diets	adults and children	AUTH	Solvik BS, Strand TA 2024, Food Nutr Res 68:10256; doi:10.29219/fnr.v68.10256; pmid:38327992; Linus Pauling Institute, Micronutrient Information Center: biotin; url:https://lpi.oregonstate.edu/mic/vitamins/biotin	docs/superpowers/research/science-vitamins.md § Vitamin B7 (biotin)	settled	
S0322	biotin	biotin toxicity	not known to be toxic; up to 5 mg/d for two years without adverse effects; oral doses up to 200 mg/d well tolerated	no toxicity data exist on which to set a UL	adults	AUTH	Linus Pauling Institute, Micronutrient Information Center: biotin; url:https://lpi.oregonstate.edu/mic/vitamins/biotin; Solvik BS, Strand TA 2024, Food Nutr Res 68:10256; doi:10.29219/fnr.v68.10256; pmid:38327992	docs/superpowers/research/science-vitamins.md § Vitamin B7 (biotin)	settled	
S0323	biotin	smoking and biotin catabolism	smoking has been associated with increased biotin catabolism	association	adults	TXT	Linus Pauling Institute, Micronutrient Information Center: biotin; url:https://lpi.oregonstate.edu/mic/vitamins/biotin	docs/superpowers/research/science-vitamins.md § Vitamin B7 (biotin)	settled	
S0324	biotin	biotin content of notable foods (per serving)	cooked liver 27–35 µg/3 oz; cooked egg 13–25 µg/large egg; yeast 1.4–14 µg/7 g packet; avocado 2–6 µg/fruit; whole-wheat bread 0.02–6 µg/slice; cooked salmon 4–5 µg/3 oz; raw cauliflower 0.2–4 µg/cup; cooked pork 2–4 µg/3 oz; cheddar 0.4–2 µg/oz; raspberries 0.2–2 µg/cup	ranges are wide because food biotin assays are poor	USDA/LPI-derived table	AUTH	Linus Pauling Institute, Micronutrient Information Center: biotin; url:https://lpi.oregonstate.edu/mic/vitamins/biotin	docs/superpowers/research/science-vitamins.md § Vitamin B7 (biotin)	settled	
S0325		biotin cooking retention fraction			no retention fraction was recoverable; cooking eggs raises available biotin by destroying avidin			docs/superpowers/research/science-vitamins.md § Vitamin B7 (biotin)	open	
S0326	folate	folate RDA (IOM)	400 µg DFE/d	600 µg DFE/d in pregnancy	adults 19+	AUTH	Institute of Medicine 1998, National Academies Press; doi:10.17226/6015; pmid:23193625; Linus Pauling Institute, Micronutrient Information Center: folate; url:https://lpi.oregonstate.edu/mic/vitamins/folate	docs/superpowers/research/science-vitamins.md § Vitamin B9 (folate)	settled	
S0327		folate EAR (IOM)			the fetched sources quoted the RDA and the EFSA AR, not the IOM EAR; the IOM 1998 DRI report table would settle it			docs/superpowers/research/science-vitamins.md § Vitamin B9 (folate)	open	
S0328	folate	folate average requirement and population reference intake (EFSA)	AR 250 µg DFE/d; PRI 330 µg DFE/d	AI 600 µg DFE/d in pregnancy; PRI 500 µg DFE/d in lactation	adults (EFSA 2014 values quoted by the NNR 2023 review)	AUTH	Bjørke-Monsen AL, Ueland PM 2023, Food Nutr Res 67:10258; doi:10.29219/fnr.v67.10258; pmid:38187793	docs/superpowers/research/science-vitamins.md § Vitamin B9 (folate)	settled	
S0329	folate	folate intake needed to prevent a rise in plasma homocysteine	at least 350 µg/d	a functional rather than a deficiency-disease criterion	adults	AUTH	Bjørke-Monsen AL, Ueland PM 2023, Food Nutr Res 67:10258; doi:10.29219/fnr.v67.10258; pmid:38187793	docs/superpowers/research/science-vitamins.md § Vitamin B9 (folate)	settled	
S0330	folate	folic acid tolerable upper intake level	1000 µg/d	EFSA and IOM agree; 200 µg/d for children 1–3 y; applies to folic acid, not food folate	adults >17 y	AUTH	Bjørke-Monsen AL, Ueland PM 2023, Food Nutr Res 67:10258; doi:10.29219/fnr.v67.10258; pmid:38187793; Linus Pauling Institute, Micronutrient Information Center: folate; url:https://lpi.oregonstate.edu/mic/vitamins/folate	docs/superpowers/research/science-vitamins.md § Vitamin B9 (folate)	settled	
S0331	folate	dietary folate equivalent conversion	1 µg food folate = 1 µg DFE; 1 µg folic acid with food = 1.7 µg DFE; 1 µg folic acid on an empty stomach = 2 µg DFE	EFSA states the same ratio inverted (1 µg folate ≡ 0.6 µg folic acid with food, 0.5 µg fasting)	adults	AUTH	Linus Pauling Institute, Micronutrient Information Center: folate; url:https://lpi.oregonstate.edu/mic/vitamins/folate; Bjørke-Monsen AL, Ueland PM 2023, Food Nutr Res 67:10258; doi:10.29219/fnr.v67.10258; pmid:38187793	docs/superpowers/research/science-vitamins.md § Vitamin B9 (folate)	settled	
S0332	folate	bioavailability of food folate	30–98%	synthetic folic acid ~85% with food, close to 100% fasting	adults	AUTH	Bjørke-Monsen AL, Ueland PM 2023, Food Nutr Res 67:10258; doi:10.29219/fnr.v67.10258; pmid:38187793	docs/superpowers/research/science-vitamins.md § Vitamin B9 (folate)	settled	
S0333	folate	total body folate pool	5–10 mg, about half of it in the liver	—	adults	AUTH	Bjørke-Monsen AL, Ueland PM 2023, Food Nutr Res 67:10258; doi:10.29219/fnr.v67.10258; pmid:38187793	docs/superpowers/research/science-vitamins.md § Vitamin B9 (folate)	settled	
S0334	folate	time to deplete folate stores without supplements	stores depleted after 3 months or sooner	stated for pregnancy, where demand is raised; a non-pregnant adult should be slower	pregnant women	AUTH	Bjørke-Monsen AL, Ueland PM 2023, Food Nutr Res 67:10258; doi:10.29219/fnr.v67.10258; pmid:38187793	docs/superpowers/research/science-vitamins.md § Vitamin B9 (folate)	settled	
S0335	folate	time from folate deficiency to megaloblastic anaemia	it can take months to develop, because normal red blood cells circulate for approximately four months	the four months is the red-cell lifetime, not a measured onset; the report's quoted wording was corrected from the fetched page	adults	TXT	Linus Pauling Institute, Micronutrient Information Center: folate; url:https://lpi.oregonstate.edu/mic/vitamins/folate	docs/superpowers/research/science-vitamins.md § Vitamin B9 (folate)	settled	
S0336		week-by-week folate depletion sequence (falling serum folate, hypersegmented neutrophils, macro-ovalocytosis, megaloblastic marrow, anaemia)			Herbert 1962 self-depletion is the origin; Herbert V 1987, Am J Hematol 26:199–207 (doi:10.1002/ajh.2830260211, record resolved) restates it; neither was fetchable with the timings			docs/superpowers/research/science-vitamins.md § Vitamin B9 (folate)	open	
S0337	folate	folate status thresholds	serum folate >10 nmol/L adequate (WHO); >15 nmol/L for MTHFR variant carriers; RBC folate >906 nmol/L for women of reproductive age; <6.8 nmol/L the WHO decision limit when megaloblastic anaemia is the outcome	—	adults (WHO values quoted by the NNR 2023 review)	AUTH	Bjørke-Monsen AL, Ueland PM 2023, Food Nutr Res 67:10258; doi:10.29219/fnr.v67.10258; pmid:38187793	docs/superpowers/research/science-vitamins.md § Vitamin B9 (folate)	settled	
S0338	folate	folate-deficiency anaemia character	megaloblastic (macrocytic) anaemia with fatigue, weakness and shortness of breath	large red cells, unlike B6's microcytic anaemia	adults	TXT	Linus Pauling Institute, Micronutrient Information Center: folate; url:https://lpi.oregonstate.edu/mic/vitamins/folate	docs/superpowers/research/science-vitamins.md § Vitamin B9 (folate)	settled	
S0339	folate	other folate deficiency effects	anaemia and peripheral neuropathy reported in folate-deficient mothers	—	adults	AUTH	Bjørke-Monsen AL, Ueland PM 2023, Food Nutr Res 67:10258; doi:10.29219/fnr.v67.10258; pmid:38187793	docs/superpowers/research/science-vitamins.md § Vitamin B9 (folate)	settled	
S0340	folate	folate repletion speed (RBC folate)	RBC folate above 906 nmol/L within 4 weeks of 800 µg/d folic acid	RBC folate is a slow marker; serum folate responds far faster	women of reproductive age	AUTH	Bjørke-Monsen AL, Ueland PM 2023, Food Nutr Res 67:10258; doi:10.29219/fnr.v67.10258; pmid:38187793	docs/superpowers/research/science-vitamins.md § Vitamin B9 (folate)	settled	
S0341	folate	folate level in people with depression vs without	Hedges g = −0.24	95% CI −0.31 to −0.16, P<0.001; I² = 84.9%	adults	MA	Bender A, Hagan KE, Kingston N 2017, J Psychiatr Res 95:9–18; doi:10.1016/j.jpsychires.2017.07.019; pmid:28759846	docs/superpowers/research/science-vitamins.md § Vitamin B9 (folate)	settled	
S0342	folate	odds of depression with low folate status	OR 1.55 unadjusted; OR 1.42 adjusted	95% CI 1.26–1.91 unadjusted; 1.10–1.83 adjusted; causality not established	adults	MA	Gilbody S, Lightfoot T, Sheldon T 2007, J Epidemiol Community Health 61:631–637; doi:10.1136/jech.2006.050385; pmid:17568057	docs/superpowers/research/science-vitamins.md § Vitamin B9 (folate)	settled	
S0343	folate	effect of folate/B12 supplementation on depression	short-term: SMD −0.12 (no effect); long-term relapse prevention OR 0.33	SMD 95% CI −0.45 to 0.22; OR 95% CI 0.12–0.94	adults, randomised placebo-controlled trials	MA	Almeida OP, Ford AH, Flicker L 2015, Int Psychogeriatr 27:727–737; doi:10.1017/s1041610215000046; pmid:25644193	docs/superpowers/research/science-vitamins.md § Vitamin B9 (folate)	settled	
S0344	folate	low folate status and cognitive decline	low folate status associated with increased risk of cognitive decline or dementia	association	older adults	AUTH	Bjørke-Monsen AL, Ueland PM 2023, Food Nutr Res 67:10258; doi:10.29219/fnr.v67.10258; pmid:38187793	docs/superpowers/research/science-vitamins.md § Vitamin B9 (folate)	settled	
S0345	folate	folic acid supplementation and cardiovascular risk	10% lower stroke risk; 4% lower overall CVD risk	small effects in supplement trials	adults	MA	Bjørke-Monsen AL, Ueland PM 2023, Food Nutr Res 67:10258; doi:10.29219/fnr.v67.10258; pmid:38187793	docs/superpowers/research/science-vitamins.md § Vitamin B9 (folate)	settled	
S0346	folate	folate content of notable foods (per serving)	cooked lentils 179 µg DFE/½ cup; garbanzo beans 141; boiled asparagus 134; boiled spinach 132; orange juice 56 µg/6 fl oz; enriched spaghetti 180 µg/cup and enriched white rice 153–180 µg/cup (post-1998 fortification only); enriched bread 50 µg/slice	high concentrations in liver, green vegetables and legumes	USDA-derived table reproduced by LPI	AUTH	Linus Pauling Institute, Micronutrient Information Center: folate; url:https://lpi.oregonstate.edu/mic/vitamins/folate; Bjørke-Monsen AL, Ueland PM 2023, Food Nutr Res 67:10258; doi:10.29219/fnr.v67.10258; pmid:38187793	docs/superpowers/research/science-vitamins.md § Vitamin B9 (folate)	settled	
S0347	folate	start of US mandatory folic acid fortification of enriched cereal grain	1 January 1998 (enriched bread, pasta and rice carried no added folic acid before it); US serum folate rose by about 149.6 per cent across fortification	—	US population	COH	Ismail S, Eljazzar S, Ganji V 2023, Foods 12:1612; doi:10.3390/foods12081612; pmid:37107407; Ganji V, Kafai MR 2006, J Nutr 136:153-158; doi:10.1093/jn/136.1.153; pmid:16365075	docs/superpowers/research/science-vitamins.md § Vitamin B9 (folate)	settled	
S0348	folate	folate retention by cooking method	boiling: 49% retention in spinach, 44% in broccoli; steaming spinach or broccoli: no significant decrease; prolonged grilling of beef and boiling whole potatoes: no significant change	typical domestic cooking times	foods (UK diet contributors)	COH	McKillop DJ et al 2002, Br J Nutr 88:681–688; doi:10.1079/BJN2002733; pmid:12493090	docs/superpowers/research/science-vitamins.md § Vitamin B9 (folate)	settled	
S0349	vitamin-b12	vitamin B12 RDA (IOM)	2.4 µg/d (the lowest requirement of any water-soluble vitamin)	—	adults	AUTH	Institute of Medicine 1998, National Academies Press; doi:10.17226/6015; pmid:23193625; Linus Pauling Institute, Micronutrient Information Center: vitamin B12; url:https://lpi.oregonstate.edu/mic/vitamins/vitamin-B12; Green R, Miller JW 2022, Vitam Horm 119:405–439; doi:10.1016/bs.vh.2022.02.003; pmid:35337628	docs/superpowers/research/science-vitamins.md § Vitamin B12	settled	
S0350		vitamin B12 EAR (IOM)			the fetched sources quoted the RDA, the EFSA AI and the NNR RI; the IOM 1998 DRI report table would settle it			docs/superpowers/research/science-vitamins.md § Vitamin B12	open	
S0351	vitamin-b12	vitamin B12 adequate intake, EFSA 2015 (the higher of two authority requirements a factor of two apart; the NNR 2012 figure is its own row)	AI 4 µg/d for ages 14 and older	EFSA; the NNR 2012 RI of 2 µg/d is the disagreeing figure	adults	AUTH	Bjørke-Monsen AL, Lysne V 2023, Food Nutr Res 67:10257; doi:10.29219/fnr.v67.10257; pmid:38084149	docs/superpowers/research/science-vitamins.md § Vitamin B12	settled	
S0352	vitamin-b12	vitamin B12 intake at which biomarkers plateau	4–10 µg/d	more than this changes nothing measurable	adults	AUTH	Bjørke-Monsen AL, Lysne V 2023, Food Nutr Res 67:10257; doi:10.29219/fnr.v67.10257; pmid:38084149	docs/superpowers/research/science-vitamins.md § Vitamin B12	settled	
S0353	vitamin-b12	vitamin B12 tolerable upper intake level	none set; no evidence that intakes up to 100 µg/d from foods and supplements are a health risk	—	adults	AUTH	Bjørke-Monsen AL, Lysne V 2023, Food Nutr Res 67:10257; doi:10.29219/fnr.v67.10257; pmid:38084149; Linus Pauling Institute, Micronutrient Information Center: vitamin B12; url:https://lpi.oregonstate.edu/mic/vitamins/vitamin-B12	docs/superpowers/research/science-vitamins.md § Vitamin B12	settled	
S0354	vitamin-b12	vitamin B12 total body store	2–3 mg (LPI: total stores can exceed 2500 µg)	the largest store relative to requirement of any vitamin in the report	adults	AUTH	Bjørke-Monsen AL, Lysne V 2023, Food Nutr Res 67:10257; doi:10.29219/fnr.v67.10257; pmid:38084149; Linus Pauling Institute, Micronutrient Information Center: vitamin B12; url:https://lpi.oregonstate.edu/mic/vitamins/vitamin-B12	docs/superpowers/research/science-vitamins.md § Vitamin B12	settled	
S0355	vitamin-b12	vitamin B12 obligatory daily loss	1.4–5.1 µg/d	—	adults	AUTH	Bjørke-Monsen AL, Lysne V 2023, Food Nutr Res 67:10257; doi:10.29219/fnr.v67.10257; pmid:38084149	docs/superpowers/research/science-vitamins.md § Vitamin B12	settled	
S0356	vitamin-b12	vitamin B12 enterohepatic recycling	B12 excreted in bile is cleaved from haptocorrin in the intestine and may be reabsorbed, while analogues are excreted in faeces	the recycling, not the store mass alone, is what makes the store last	adults	AUTH	Bjørke-Monsen AL, Lysne V 2023, Food Nutr Res 67:10257; doi:10.29219/fnr.v67.10257; pmid:38084149; Green R, Miller JW 2022, Vitam Horm 119:405–439; doi:10.1016/bs.vh.2022.02.003; pmid:35337628	docs/superpowers/research/science-vitamins.md § Vitamin B12	settled	
S0357	vitamin-b12	vitamin B12 absorption ceiling per meal	a maximum of ~2 µg via the active route	~50% of dietary B12 absorbed overall by healthy adults	adults	AUTH	Bjørke-Monsen AL, Lysne V 2023, Food Nutr Res 67:10257; doi:10.29219/fnr.v67.10257; pmid:38084149	docs/superpowers/research/science-vitamins.md § Vitamin B12	settled	
S0358	vitamin-b12	vitamin B12 fractional absorption by oral dose	~50% of a 1 µg dose; ~5% of a 25 µg dose; ~1.2% of a dose absorbed passively (LPI gives 1–2%)	the intrinsic-factor route saturates	adults	AUTH	Bjørke-Monsen AL, Lysne V 2023, Food Nutr Res 67:10257; doi:10.29219/fnr.v67.10257; pmid:38084149; Linus Pauling Institute, Micronutrient Information Center: vitamin B12; url:https://lpi.oregonstate.edu/mic/vitamins/vitamin-B12	docs/superpowers/research/science-vitamins.md § Vitamin B12	settled	
S0359	vitamin-b12	vitamin B12 status thresholds	serum B12 deficiency cutoffs below 148 up to 300 pmol/L depending on the outcome; metabolic markers rise below ~500–550 pmol/L and more steeply below 250–275 pmol/L; holoTC <35–40 pmol/L suggests deficiency; MMA decision limits >0.271 to >0.376 µmol/L; adult tHcy >15 µmol/L	no clear agreement on what constitutes optimal status	adults	AUTH	Bjørke-Monsen AL, Lysne V 2023, Food Nutr Res 67:10257; doi:10.29219/fnr.v67.10257; pmid:38084149	docs/superpowers/research/science-vitamins.md § Vitamin B12	settled	
S0360	vitamin-b12	half-lives of the vitamin B12 transport pools	holotranscobalamin ~1 h; haptocorrin-bound B12 several days	transport pools, not the store	adults	AUTH	Bjørke-Monsen AL, Lysne V 2023, Food Nutr Res 67:10257; doi:10.29219/fnr.v67.10257; pmid:38084149	docs/superpowers/research/science-vitamins.md § Vitamin B12	settled	
S0361	vitamin-b12	vitamin B12 deficiency anaemia	megaloblastic anaemia from a defect in thymidine and hence DNA synthesis in rapidly dividing cells	clinically indistinguishable from folate's megaloblastic anaemia	adults	AUTH	Green R, Miller JW 2022, Vitam Horm 119:405–439; doi:10.1016/bs.vh.2022.02.003; pmid:35337628; Linus Pauling Institute, Micronutrient Information Center: vitamin B12; url:https://lpi.oregonstate.edu/mic/vitamins/vitamin-B12	docs/superpowers/research/science-vitamins.md § Vitamin B12	settled	
S0362	vitamin-b12	vitamin B12 deficiency neurological signs	numbness and paraesthesia in the extremities; loss of position and vibration sense; gait ataxia; depression and irritability; diminished cognition; psychosis; memory loss and dementia	partly defective myelin synthesis and repair; severity depends on degree and duration of deficiency	adults	AUTH	Bjørke-Monsen AL, Lysne V 2023, Food Nutr Res 67:10257; doi:10.29219/fnr.v67.10257; pmid:38084149; Green R, Miller JW 2022, Vitam Horm 119:405–439; doi:10.1016/bs.vh.2022.02.003; pmid:35337628; Linus Pauling Institute, Micronutrient Information Center: vitamin B12; url:https://lpi.oregonstate.edu/mic/vitamins/vitamin-B12	docs/superpowers/research/science-vitamins.md § Vitamin B12	settled	
S0363	vitamin-b12	reversibility of vitamin B12 neurological damage	neurological symptoms may not be reversed with treatment, especially if present for a long time	—	adults	TXT	Linus Pauling Institute, Micronutrient Information Center: vitamin B12; url:https://lpi.oregonstate.edu/mic/vitamins/vitamin-B12	docs/superpowers/research/science-vitamins.md § Vitamin B12	settled	
S0364	vitamin-b12	folic acid masking of vitamin B12 deficiency	large doses of folic acid can correct the megaloblastic anaemia of an undiagnosed B12 deficiency without correcting the deficiency	the blood sign disappears while the nerve damage continues	adults	TXT	Linus Pauling Institute, Micronutrient Information Center: vitamin B12; url:https://lpi.oregonstate.edu/mic/vitamins/vitamin-B12; Green R, Miller JW 2022, Vitam Horm 119:405–439; doi:10.1016/bs.vh.2022.02.003; pmid:35337628	docs/superpowers/research/science-vitamins.md § Vitamin B12	settled	
S0365	vitamin-b12	prevalence of non-dietary causes of vitamin B12 deficiency	atrophic gastritis in 10–30% of people over 60; pernicious anaemia in ~2–3% of people over 65	much real-world B12 deficiency is malabsorptive	older adults	TXT	Linus Pauling Institute, Micronutrient Information Center: vitamin B12; url:https://lpi.oregonstate.edu/mic/vitamins/vitamin-B12	docs/superpowers/research/science-vitamins.md § Vitamin B12	settled	
S0366	vitamin-b12	prevalence of low serum vitamin B12 in vegans	14%	many of whom supplement	Norwegian vegans and vegetarians (quoted by the NNR 2023 review)	COH	Bjørke-Monsen AL, Lysne V 2023, Food Nutr Res 67:10257; doi:10.29219/fnr.v67.10257; pmid:38084149	docs/superpowers/research/science-vitamins.md § Vitamin B12	settled	
S0367	vitamin-b12	vitamin B12 content of notable foods (per serving)	clams 84.1 µg; mussels 20.4; mackerel 16.2; beef 7.0; salmon 2.4; milk 1.3; egg 0.4	main sources are all animal foods: meat, liver, eggs, dairy, fish and shellfish	USDA-derived table reproduced by LPI	AUTH	Linus Pauling Institute, Micronutrient Information Center: vitamin B12; url:https://lpi.oregonstate.edu/mic/vitamins/vitamin-B12; Bjørke-Monsen AL, Lysne V 2023, Food Nutr Res 67:10257; doi:10.29219/fnr.v67.10257; pmid:38084149	docs/superpowers/research/science-vitamins.md § Vitamin B12	settled	
S0368	vitamin-b12	vitamin B12 loss on cooking beef	significant losses only in braised Triceps brachii (−25%) and deep-fat fried Longissimus lumborum (−5.5%); roasting and pan-frying negligible; grilling no significant loss	lipid-free dry basis	bovine meat	COH	Ortigues-Marty I et al 2006, Meat Sci 73:451–458; doi:10.1016/j.meatsci.2006.01.003; pmid:22062483	docs/superpowers/research/science-vitamins.md § Vitamin B12	settled	
S0369	vitamin-b12	vitamin B12, folic acid and iron loss to discarded cooking water	cooking fortified rice with excess water then decanting lost 45% of iron and ≥70% of folic acid and vitamin B12	leaching, not heat; tested on fortified rice, not meat	fortified extruded rice	COH	Jyrwa YW et al 2020, Matern Child Nutr 16(Suppl 3):e12932; doi:10.1111/mcn.12932; pmid:33347722	docs/superpowers/research/science-vitamins.md § Vitamin B12	settled	
S0370	choline	choline adequate intake (IOM)	550 mg/d (men), 425 mg/d (women)	450 mg/d pregnancy, 550 mg/d lactation	adults 19+	AUTH	Institute of Medicine 1998, National Academies Press; doi:10.17226/6015; pmid:23193625; Obeid R, Karlsson T 2023, Food Nutr Res 67:10359; doi:10.29219/fnr.v67.10359; pmid:38187796; Linus Pauling Institute, Micronutrient Information Center: choline; url:https://lpi.oregonstate.edu/mic/other-nutrients/choline	docs/superpowers/research/science-vitamins.md § Choline	settled	
S0371	choline	choline adequate intake (EFSA 2016)	400 mg/d for ages 15+	340 mg/d ages 11–14; 250 mg/d ages 7–10; 480 mg/d pregnancy; 520 mg/d lactation	adults	AUTH	Obeid R, Karlsson T 2023, Food Nutr Res 67:10359; doi:10.29219/fnr.v67.10359; pmid:38187796	docs/superpowers/research/science-vitamins.md § Choline	settled	
S0372	choline	choline EAR and RDA	none exist: EFSA could not derive average requirements; IOM set an AI because evidence was insufficient for an RDA	—	adults	AUTH	Obeid R, Karlsson T 2023, Food Nutr Res 67:10359; doi:10.29219/fnr.v67.10359; pmid:38187796; Linus Pauling Institute, Micronutrient Information Center: choline; url:https://lpi.oregonstate.edu/mic/other-nutrients/choline	docs/superpowers/research/science-vitamins.md § Choline	settled	
S0373	choline	choline tolerable upper intake level	3500 mg/d	lowest intake with side effects 7.5 g/d, uncertainty factor 2	adults	AUTH	Obeid R, Karlsson T 2023, Food Nutr Res 67:10359; doi:10.29219/fnr.v67.10359; pmid:38187796; Linus Pauling Institute, Micronutrient Information Center: choline; url:https://lpi.oregonstate.edu/mic/other-nutrients/choline	docs/superpowers/research/science-vitamins.md § Choline	settled	
S0374	choline	choline excess effects	hypotension, gastrointestinal symptoms and a fishy body odour from trimethylamine excretion	—	adults	AUTH	Obeid R, Karlsson T 2023, Food Nutr Res 67:10359; doi:10.29219/fnr.v67.10359; pmid:38187796; Linus Pauling Institute, Micronutrient Information Center: choline; url:https://lpi.oregonstate.edu/mic/other-nutrients/choline	docs/superpowers/research/science-vitamins.md § Choline	settled	
S0375	choline	observed population choline intake	Swedish and Finnish adults: men 317–468 mg/d, women 317–404 mg/d; most US residents below the AI	below the IOM AI and near the EFSA AI	Nordic and US adults	AUTH	Obeid R, Karlsson T 2023, Food Nutr Res 67:10359; doi:10.29219/fnr.v67.10359; pmid:38187796; Linus Pauling Institute, Micronutrient Information Center: choline; url:https://lpi.oregonstate.edu/mic/other-nutrients/choline	docs/superpowers/research/science-vitamins.md § Choline	settled	
S0376	choline	time from a choline-free diet to liver and muscle dysfunction	within 3 weeks	—	adults	AUTH	Obeid R, Karlsson T 2023, Food Nutr Res 67:10359; doi:10.29219/fnr.v67.10359; pmid:38187796	docs/superpowers/research/science-vitamins.md § Choline	settled	
S0377	choline	effects of 3 weeks of a choline-deficient diet	at 13 mg/d for 3 weeks: 30% fall in plasma choline and phosphatidylcholine, depleted liver choline stores, raised serum ALT	ALT rise is the marker of the liver injury	healthy adult men (quoted by the NNR 2023 review)	COH	Obeid R, Karlsson T 2023, Food Nutr Res 67:10359; doi:10.29219/fnr.v67.10359; pmid:38187796	docs/superpowers/research/science-vitamins.md § Choline	settled	
S0378	choline	proportion developing organ dysfunction on a very-low-choline diet	77% of men, 80% of postmenopausal women and 44% of premenopausal women developed fatty liver, liver damage and/or muscle damage	low-choline phase up to 42 d; signs resolved on repletion	57 healthy adults, metabolic ward	COH	Fischer LM et al 2007, Am J Clin Nutr 85:1275–1285; doi:10.1093/ajcn/85.5.1275; pmid:17490963	docs/superpowers/research/science-vitamins.md § Choline	settled	
S0379	choline	determinants of choline-deficiency susceptibility	oestrogen stimulates endogenous phosphatidylcholine synthesis via PEMT, protecting premenopausal women; common polymorphisms (including PEMT rs12325817) raise the requirement	subjects fed a low-choline diet until organ dysfunction or for up to 42 d	adults	COH	da Costa KA et al 2006, FASEB J 20:1336–1344; doi:10.1096/fj.06-5734com; pmid:16816108; Linus Pauling Institute, Micronutrient Information Center: choline; url:https://lpi.oregonstate.edu/mic/other-nutrients/choline	docs/superpowers/research/science-vitamins.md § Choline	settled	
S0380	choline	reversibility of choline-deficiency organ damage	fatty liver and muscle damage resolved on dietary repletion	no timing distribution given	adults	COH	Fischer LM et al 2007, Am J Clin Nutr 85:1275–1285; doi:10.1093/ajcn/85.5.1275; pmid:17490963; Linus Pauling Institute, Micronutrient Information Center: choline; url:https://lpi.oregonstate.edu/mic/other-nutrients/choline	docs/superpowers/research/science-vitamins.md § Choline	settled	
S0381	choline	plasma free choline kinetics after a meal	peak 3–4 h after a choline-rich meal (e.g. three eggs); cleared within ~8 h; declines on a choline-deprived diet	the circulating pool is a meal-scale signal, not a store	adults	AUTH	Obeid R, Karlsson T 2023, Food Nutr Res 67:10359; doi:10.29219/fnr.v67.10359; pmid:38187796	docs/superpowers/research/science-vitamins.md § Choline	settled	
S0382		choline body pool size			the liver store is described only qualitatively, with no mass			docs/superpowers/research/science-vitamins.md § Choline	open	
S0383	choline	low maternal choline intake or status and neural tube defects	pooled OR 1.36	95% CI 1.11–1.67	pregnancies	MA	Obeid R, Karlsson T 2023, Food Nutr Res 67:10359; doi:10.29219/fnr.v67.10359; pmid:38187796	docs/superpowers/research/science-vitamins.md § Choline	settled	
S0384	choline	choline and cognition or fetal brain development	observational associations only; no randomised controlled trials for fetal brain development; intervention studies lacking in the elderly	unsupported as an effect	mixed	AUTH	Obeid R, Karlsson T 2023, Food Nutr Res 67:10359; doi:10.29219/fnr.v67.10359; pmid:38187796	docs/superpowers/research/science-vitamins.md § Choline	settled	
S0385	choline	dietary choline, TMAO and cardiovascular risk	free choline salts, not dietary phosphatidylcholine, temporarily raise plasma TMAO; whether TMAO is a result or a culprit of CVD is unclear; TMAO judged inappropriate for setting the UL	no supported cardiovascular harm from food choline	adults	AUTH	Obeid R, Karlsson T 2023, Food Nutr Res 67:10359; doi:10.29219/fnr.v67.10359; pmid:38187796	docs/superpowers/research/science-vitamins.md § Choline	settled	
S0386	choline	choline content of notable foods (per serving)	pan-fried beef liver 355 mg/3 oz; egg 151 mg/large egg; canned pink salmon 75 mg/3 oz; cooked beef 71 mg/3 oz; cooked Atlantic cod 71 mg/3 oz; roasted chicken breast 62 mg/3 oz; cooked broccoli 62 mg/cup; wheat germ 51 mg/¼ cup; 1% milk 43 mg/cup	main sources: meat, dairy, eggs and grain products	USDA-derived table reproduced by LPI	AUTH	Linus Pauling Institute, Micronutrient Information Center: choline; url:https://lpi.oregonstate.edu/mic/other-nutrients/choline; Obeid R, Karlsson T 2023, Food Nutr Res 67:10359; doi:10.29219/fnr.v67.10359; pmid:38187796	docs/superpowers/research/science-vitamins.md § Choline	settled	
S0387		choline cooking retention fraction			no choline retention fraction was recoverable			docs/superpowers/research/science-vitamins.md § Choline	open	
S0388	vitamin-b12	vitamin B12 recommended intake, NNR 2012 (the lower of two authority requirements a factor of two apart; the EFSA 2015 figure is its own row)	RI 2 µg/d for adults	NNR 2012; the EFSA 2015 AI of 4 µg/d is the disagreeing figure	adults	AUTH	Bjørke-Monsen AL, Lysne V 2023, Food Nutr Res 67:10257; doi:10.29219/fnr.v67.10257; pmid:38084149	docs/superpowers/research/science-vitamins.md § Vitamin B12	settled	
S0389	sodium	sodium Adequate Intake (AI)	1500 mg/d (65 mmol/d)	single value, no distribution	adults 19-50, both sexes	AUTH	National Academies of Sciences, Engineering, and Medicine 2019, Dietary Reference Intakes for Sodium and Potassium (National Academies Press); doi:10.17226/25353; pmid:30844154	docs/superpowers/research/science-minerals-fibre-fats.md § Sodium	settled	
S0390	sodium	sodium Chronic Disease Risk Reduction intake (CDRR)	reduce intake if above 2300 mg/d (100 mmol/d)	first CDRR issued for any nutrient	adults 14 and older	AUTH	National Academies of Sciences, Engineering, and Medicine 2019, Dietary Reference Intakes for Sodium and Potassium (National Academies Press); doi:10.17226/25353; pmid:30844154	docs/superpowers/research/science-minerals-fibre-fats.md § Sodium	settled	
S0391	sodium	sodium EAR and RDA	none set		all adults	AUTH	National Academies of Sciences, Engineering, and Medicine 2019, Dietary Reference Intakes for Sodium and Potassium (National Academies Press); doi:10.17226/25353; pmid:30844154	docs/superpowers/research/science-minerals-fibre-fats.md § Sodium	settled	
S0392	sodium	sodium Tolerable Upper Intake Level (UL)	none set: insufficient evidence of sodium toxicity risk within the apparently healthy population		all adults	AUTH	National Academies of Sciences, Engineering, and Medicine 2019, Dietary Reference Intakes for Sodium and Potassium (National Academies Press); doi:10.17226/25353; pmid:30844154	docs/superpowers/research/science-minerals-fibre-fats.md § Sodium	settled	
S0393	sodium	sweat sodium concentration	10-90 mmol/L (230-2070 mg/L)	ninefold spread between individuals	exercising adults, whole-body and regional methods	TXT	Baker LB 2019, Temperature (Austin) 6:211-259; doi:10.1080/23328940.2019.1632145; pmid:31608304	docs/superpowers/research/science-minerals-fibre-fats.md § Sodium	superseded	S0518
S0394	sodium	sweat sodium loss rate	55.9 mmol/h (American football); 51.7 mmol/h (endurance)	means across 1303 athletes; other sports lower; about 1.3 g Na/h (about 3.3 g salt/h) at the American-football mean	trained athletes, field testing	COH	Barnes KA et al 2019, J Sports Sci 37:2356-2366; doi:10.1080/02640414.2019.1633159; pmid:31230518	docs/superpowers/research/science-minerals-fibre-fats.md § Sodium	settled	
S0395	sodium	blood-pressure change on cutting salt from 11.5 to 3.8 g/d	normotensive SBP -1.14 mmHg, DBP +0.01 mmHg; hypertensive SBP -5.71 mmHg, DBP -2.87 mmHg	95% CI -1.65 to -0.63 (normotensive SBP); -6.67 to -4.74 (hypertensive SBP)	white adults, pooled RCTs	MA	Graudal NA et al 2020, Cochrane Database Syst Rev 12:CD004022; doi:10.1002/14651858.CD004022.pub5; pmid:33314019	docs/superpowers/research/science-minerals-fibre-fats.md § Sodium	settled	
S0396	sodium	hormonal counter-regulation rise on a low-sodium diet	renin +55%, aldosterone +127%, noradrenalin +27%, adrenalin +14%	pooled across the same trials	white adults, pooled RCTs	MA	Graudal NA et al 2020, Cochrane Database Syst Rev 12:CD004022; doi:10.1002/14651858.CD004022.pub5; pmid:33314019	docs/superpowers/research/science-minerals-fibre-fats.md § Sodium	settled	
S0397	sodium	exercise-associated hyponatraemia threshold and primary cause	serum or plasma sodium below 135 mmol/L; caused primarily by drinking in excess of losses, not sodium loss per se		endurance athletes, military, hikers	AUTH	Hew-Butler T et al 2015, Clin J Sport Med 25:303-320; doi:10.1097/JSM.0000000000000221; pmid:26102445	docs/superpowers/research/science-minerals-fibre-fats.md § Sodium	superseded	S0102
S0398	potassium	potassium Adequate Intake (AI)	3400 mg/d (87 mmol/d) men; 2600 mg/d (66 mmol/d) women	single values	adults 19-50	AUTH	National Academies of Sciences, Engineering, and Medicine 2019, Dietary Reference Intakes for Sodium and Potassium (National Academies Press); doi:10.17226/25353; pmid:30844154	docs/superpowers/research/science-minerals-fibre-fats.md § Potassium	settled	
S0399	potassium	potassium EAR and RDA	none set		all adults	AUTH	National Academies of Sciences, Engineering, and Medicine 2019, Dietary Reference Intakes for Sodium and Potassium (National Academies Press); doi:10.17226/25353; pmid:30844154	docs/superpowers/research/science-minerals-fibre-fats.md § Potassium	settled	
S0400	potassium	potassium Chronic Disease Risk Reduction intake (CDRR)	none set: lack of evidence to characterize the effect, not absence of effect		all adults	AUTH	National Academies of Sciences, Engineering, and Medicine 2019, Dietary Reference Intakes for Sodium and Potassium (National Academies Press); doi:10.17226/25353; pmid:30844154	docs/superpowers/research/science-minerals-fibre-fats.md § Potassium	settled	
S0401	potassium	potassium Tolerable Upper Intake Level (UL)	none set (insufficient evidence, reaffirmed)		healthy adults; does not apply to impaired renal excretion	AUTH	National Academies of Sciences, Engineering, and Medicine 2019, Dietary Reference Intakes for Sodium and Potassium (National Academies Press); doi:10.17226/25353; pmid:30844154	docs/superpowers/research/science-minerals-fibre-fats.md § Potassium	settled	
S0402	potassium	systolic blood-pressure change on increased potassium intake	SBP -3.49 mmHg in hypertensives at 90-120 mmol/d; no significant effect in normotensives	95% CI -1.82 to -5.15	adults, pooled RCTs	MA	Aburto NJ et al 2013, BMJ 346:f1378; doi:10.1136/bmj.f1378; pmid:23558164	docs/superpowers/research/science-minerals-fibre-fats.md § Potassium	settled	
S0403	potassium	sweat potassium concentration	2-8 mmol/L (78-313 mg/L)	fourfold spread; much lower than sweat sodium	exercising adults	TXT	Baker LB 2019, Temperature (Austin) 6:211-259; doi:10.1080/23328940.2019.1632145; pmid:31608304	docs/superpowers/research/science-minerals-fibre-fats.md § Potassium	superseded	S0518
S0404	chloride	chloride Adequate Intake (AI)	2.3 g/d (65 mmol/d), equivalent to 3.8 g/d sodium chloride	set equimolar to the sodium AI, not from independent evidence	adults 19-50	AUTH	Institute of Medicine 2005, Dietary Reference Intakes for Water, Potassium, Sodium, Chloride, and Sulfate (National Academies Press); doi:10.17226/10925	docs/superpowers/research/science-minerals-fibre-fats.md § Chloride	settled	
S0405	chloride	chloride EAR and RDA	none set		all adults	AUTH	Institute of Medicine 2005, Dietary Reference Intakes for Water, Potassium, Sodium, Chloride, and Sulfate (National Academies Press); doi:10.17226/10925	docs/superpowers/research/science-minerals-fibre-fats.md § Chloride	settled	
S0406	chloride	chloride Tolerable Upper Intake Level (UL)	3.6 g/d	IOM 2005 Summary Table S-4 (2.3, 2.9 and 3.4 g/d at ages 1-3, 4-8 and 9-13); set equimolar to the 2005 sodium UL of 2.3 g/d, which NASEM 2019 withdrew in favour of a CDRR; the summary text also writes an equivalent chloride UL of 3.5 g	ages 14 and older	AUTH	Institute of Medicine 2005, Dietary Reference Intakes for Water, Potassium, Sodium, Chloride, and Sulfate (National Academies Press); doi:10.17226/10925; National Academies of Sciences, Engineering, and Medicine 2019, Dietary Reference Intakes for Sodium and Potassium (National Academies Press); doi:10.17226/25353; pmid:30844154	docs/superpowers/research/science-minerals-fibre-fats.md § Chloride	settled	
S0407	chloride	sweat chloride concentration	10-90 mmol/L	tracks sodium almost exactly	exercising adults	TXT	Baker LB 2019, Temperature (Austin) 6:211-259; doi:10.1080/23328940.2019.1632145; pmid:31608304	docs/superpowers/research/science-minerals-fibre-fats.md § Chloride	superseded	S0518
S0408	calcium	calcium RDA	1000 mg/d		adults 19-50, both sexes	AUTH	Institute of Medicine 2011, Dietary Reference Intakes for Calcium and Vitamin D (National Academies Press); doi:10.17226/13050; pmid:21796828	docs/superpowers/research/science-minerals-fibre-fats.md § Calcium	settled	
S0409	calcium	calcium EAR	800 mg/d		adults 19-30	AUTH	Institute of Medicine 2011, Dietary Reference Intakes for Calcium and Vitamin D (National Academies Press); doi:10.17226/13050; pmid:21796828	docs/superpowers/research/science-minerals-fibre-fats.md § Calcium	settled	
S0410	calcium	calcium Tolerable Upper Intake Level (UL)	2500 mg/d		adults 19-50	AUTH	Institute of Medicine 2011, Dietary Reference Intakes for Calcium and Vitamin D (National Academies Press); doi:10.17226/13050; pmid:21796828	docs/superpowers/research/science-minerals-fibre-fats.md § Calcium	settled	
S0411	calcium	skeletal calcium at maturity	1200 g (women); 1400 g (men)		healthy adults	AUTH	Institute of Medicine 2011, Dietary Reference Intakes for Calcium and Vitamin D (National Academies Press); doi:10.17226/13050; pmid:21796828	docs/superpowers/research/science-minerals-fibre-fats.md § Calcium	settled	
S0412	calcium	fraction of body calcium in bone and teeth	over 99%		adults	AUTH	Institute of Medicine 2011, Dietary Reference Intakes for Calcium and Vitamin D (National Academies Press); doi:10.17226/13050; pmid:21796828	docs/superpowers/research/science-minerals-fibre-fats.md § Calcium	settled	
S0413	calcium	fractional absorption of dietary calcium	about 25% of intake	across a wide age range	adult men and non-pregnant women	AUTH	Institute of Medicine 2011, Dietary Reference Intakes for Calcium and Vitamin D (National Academies Press); doi:10.17226/13050; pmid:21796828	docs/superpowers/research/science-minerals-fibre-fats.md § Calcium	settled	
S0414	calcium	obligatory renal calcium loss	5 mmol/d (200 mg/d)	mean urinary loss averages 22% of intake, faecal 75%	healthy adults	AUTH	Institute of Medicine 2011, Dietary Reference Intakes for Calcium and Vitamin D (National Academies Press); doi:10.17226/13050; pmid:21796828	docs/superpowers/research/science-minerals-fibre-fats.md § Calcium	settled	
S0415	calcium	sweat calcium concentration	0.2-2.0 mmol/L (8-80 mg/L)	tenfold spread	exercising adults	TXT	Baker LB 2019, Temperature (Austin) 6:211-259; doi:10.1080/23328940.2019.1632145; pmid:31608304	docs/superpowers/research/science-minerals-fibre-fats.md § Calcium	superseded	S0518
S0416	calcium	fracture risk reduction with calcium plus vitamin D supplementation	total fractures -15%; hip fractures -30%	pooled RCTs; supplement doses, mostly older adults	community-dwelling and institutionalised middle-aged to older adults	MA	Weaver CM et al 2016, Osteoporos Int 27:367-376; doi:10.1007/s00198-015-3386-5; pmid:26510847	docs/superpowers/research/science-minerals-fibre-fats.md § Calcium	settled	
S0417	calcium	fracture risk reduction with vitamin D alone	no statistically significant reduction in hip or any new fracture	Cochrane conclusion; vitamin D without calcium	post-menopausal women and older men	MA	Avenell A et al 2014, Cochrane Database Syst Rev 4:CD000227; doi:10.1002/14651858.CD000227.pub4; pmid:24729336	docs/superpowers/research/science-minerals-fibre-fats.md § Calcium	superseded	S0997
S0418	iron	iron absorption reduction by calcium in the same meal	40-300 mg Ca per meal reduces both heme and non-heme iron absorption, dose-related; little further effect above about 600 mg	single-meal radioisotope studies, 126 subjects	non-anaemic adults	COH	Hallberg L et al 1991, Am J Clin Nutr 53:112-119; doi:10.1093/ajcn/53.1.112; pmid:1984335	docs/superpowers/research/science-minerals-fibre-fats.md § Calcium	settled	
S0419	magnesium	magnesium RDA	400 mg/d (men 19-30), 420 mg/d (men 31-50); 310 mg/d (women 19-30), 320 mg/d (women 31-50)		adults	AUTH	Institute of Medicine 1997, Dietary Reference Intakes for Calcium, Phosphorus, Magnesium, Vitamin D, and Fluoride (National Academies Press); doi:10.17226/5776; pmid:23115811	docs/superpowers/research/science-minerals-fibre-fats.md § Magnesium	settled	
S0420	magnesium	magnesium EAR	330 mg/d (men), 255 mg/d (women)		adults 19-30	AUTH	Institute of Medicine 1997, Dietary Reference Intakes for Calcium, Phosphorus, Magnesium, Vitamin D, and Fluoride (National Academies Press); doi:10.17226/5776; pmid:23115811	docs/superpowers/research/science-minerals-fibre-fats.md § Magnesium	settled	
S0421	magnesium	magnesium Tolerable Upper Intake Level (UL)	350 mg/d from supplements and pharmacological sources only; no UL on food magnesium	the adverse effect is osmotic diarrhoea, not systemic toxicity	adults	AUTH	Institute of Medicine 1997, Dietary Reference Intakes for Calcium, Phosphorus, Magnesium, Vitamin D, and Fluoride (National Academies Press); doi:10.17226/5776; pmid:23115811	docs/superpowers/research/science-minerals-fibre-fats.md § Magnesium	settled	
S0422	magnesium	total body magnesium	about 25 g (1000 mmol)		normal adult	AUTH	Institute of Medicine 1997, Dietary Reference Intakes for Calcium, Phosphorus, Magnesium, Vitamin D, and Fluoride (National Academies Press); doi:10.17226/5776; pmid:23115811	docs/superpowers/research/science-minerals-fibre-fats.md § Magnesium	settled	
S0423	magnesium	body magnesium distribution	50-60% in bone; remainder soft tissue, about 1% extracellular		normal adult	AUTH	Institute of Medicine 1997, Dietary Reference Intakes for Calcium, Phosphorus, Magnesium, Vitamin D, and Fluoride (National Academies Press); doi:10.17226/5776; pmid:23115811	docs/superpowers/research/science-minerals-fibre-fats.md § Magnesium	settled	
S0424	magnesium	time for urinary magnesium to fall below 20 mg (1 mmol)/d on depletion	3-4 days		human experimental depletion	COH	Institute of Medicine 1997, Dietary Reference Intakes for Calcium, Phosphorus, Magnesium, Vitamin D, and Fluoride (National Academies Press); doi:10.17226/5776; pmid:23115811	docs/superpowers/research/science-minerals-fibre-fats.md § Magnesium	settled	
S0425	magnesium	first clinical sign of magnesium deficiency	neuromuscular hyperexcitability: latent tetany (Chvostek and Trousseau signs), spontaneous carpopedal spasm		magnesium-deficient humans	AUTH	Institute of Medicine 1997, Dietary Reference Intakes for Calcium, Phosphorus, Magnesium, Vitamin D, and Fluoride (National Academies Press); doi:10.17226/5776; pmid:23115811	docs/superpowers/research/science-minerals-fibre-fats.md § Magnesium	settled	
S0426	magnesium	magnesium supplementation effect on idiopathic muscle cramps	unlikely to provide clinically meaningful cramp prophylaxis at any of the dosages used	11 trials, 735 participants, largely older adults	adults with idiopathic cramps	MA	Garrison SR et al 2020, Cochrane Database Syst Rev 9:CD009402; doi:10.1002/14651858.CD009402.pub3; pmid:32956536	docs/superpowers/research/science-minerals-fibre-fats.md § Magnesium	settled	
S0427	magnesium	sweat magnesium concentration	0.02-0.40 mmol/L (0.5-10 mg/L)	twentyfold spread but tiny absolute loss	exercising adults	TXT	Baker LB 2019, Temperature (Austin) 6:211-259; doi:10.1080/23328940.2019.1632145; pmid:31608304	docs/superpowers/research/science-minerals-fibre-fats.md § Magnesium	superseded	S0518
S0428	phosphorus	phosphorus RDA	700 mg/d		adults 19-50, both sexes	AUTH	Institute of Medicine 1997, Dietary Reference Intakes for Calcium, Phosphorus, Magnesium, Vitamin D, and Fluoride (National Academies Press); doi:10.17226/5776; pmid:23115811	docs/superpowers/research/science-minerals-fibre-fats.md § Phosphorus	settled	
S0429	phosphorus	phosphorus EAR	580 mg/d		adults 19-30	AUTH	Institute of Medicine 1997, Dietary Reference Intakes for Calcium, Phosphorus, Magnesium, Vitamin D, and Fluoride (National Academies Press); doi:10.17226/5776; pmid:23115811	docs/superpowers/research/science-minerals-fibre-fats.md § Phosphorus	settled	
S0430	phosphorus	phosphorus Tolerable Upper Intake Level (UL)	4 g/d		adults 19-50	AUTH	Institute of Medicine 1997, Dietary Reference Intakes for Calcium, Phosphorus, Magnesium, Vitamin D, and Fluoride (National Academies Press); doi:10.17226/5776; pmid:23115811	docs/superpowers/research/science-minerals-fibre-fats.md § Phosphorus	settled	
S0431	iron	iron RDA	8 mg/d (men); 18 mg/d (women 19–50)	the 2.25× sex difference is menstrual loss	adults 19–50	AUTH	IOM 2001, Dietary Reference Intakes for Vitamin A, Vitamin K, Arsenic, Boron, Chromium, Copper, Iodine, Iron, Manganese, Molybdenum, Nickel, Silicon, Vanadium, and Zinc, National Academies Press; doi:10.17226/10026	docs/superpowers/research/science-minerals-fibre-fats.md § Iron	settled	
S0432	iron	iron EAR	6 mg/d (men); 8.1 mg/d (women)		adults 19–30	AUTH	IOM 2001, Dietary Reference Intakes for Vitamin A, Vitamin K, Arsenic, Boron, Chromium, Copper, Iodine, Iron, Manganese, Molybdenum, Nickel, Silicon, Vanadium, and Zinc, National Academies Press; doi:10.17226/10026	docs/superpowers/research/science-minerals-fibre-fats.md § Iron	settled	
S0433	iron	iron UL	45 mg/d	based on gastrointestinal distress, not systemic toxicity	adults	AUTH	IOM 2001, Dietary Reference Intakes for Vitamin A, Vitamin K, Arsenic, Boron, Chromium, Copper, Iodine, Iron, Manganese, Molybdenum, Nickel, Silicon, Vanadium, and Zinc, National Academies Press; doi:10.17226/10026	docs/superpowers/research/science-minerals-fibre-fats.md § Iron	settled	
S0434	iron	assumed dietary iron bioavailability used to set the RDA	18% (16.8% non-heme plus ~2.5% heme contribution)	mixed North American diet	adults	AUTH	IOM 2001, Dietary Reference Intakes for Vitamin A, Vitamin K, Arsenic, Boron, Chromium, Copper, Iodine, Iron, Manganese, Molybdenum, Nickel, Silicon, Vanadium, and Zinc, National Academies Press; doi:10.17226/10026	docs/superpowers/research/science-minerals-fibre-fats.md § Iron	settled	
S0435	iron	total body iron	~4 g, 50 mg/kg (75 kg man); ~40 mg/kg (menstruating women)		healthy adults	AUTH	IOM 2001, Dietary Reference Intakes for Vitamin A, Vitamin K, Arsenic, Boron, Chromium, Copper, Iodine, Iron, Manganese, Molybdenum, Nickel, Silicon, Vanadium, and Zinc, National Academies Press; doi:10.17226/10026	docs/superpowers/research/science-minerals-fibre-fats.md § Iron	settled	
S0436	iron	body iron distribution and mobilisable store	almost two-thirds in circulating haemoglobin; a readily mobilisable store of another ~25%	so store iron ≈ 1000 mg in a man, far less in a woman	healthy adults	AUTH	IOM 2001, Dietary Reference Intakes for Vitamin A, Vitamin K, Arsenic, Boron, Chromium, Copper, Iodine, Iron, Manganese, Molybdenum, Nickel, Silicon, Vanadium, and Zinc, National Academies Press; doi:10.17226/10026	docs/superpowers/research/science-minerals-fibre-fats.md § Iron	settled	
S0437	iron	basal (obligatory) iron loss	0.9–1.0 mg/d (men); ~1.5 mg/d average (menstruating women), up to 3.4 mg/d	mean menstrual contribution 0.6–0.7 mg/d	healthy adults	AUTH	IOM 2001, Dietary Reference Intakes for Vitamin A, Vitamin K, Arsenic, Boron, Chromium, Copper, Iodine, Iron, Manganese, Molybdenum, Nickel, Silicon, Vanadium, and Zinc, National Academies Press; doi:10.17226/10026	docs/superpowers/research/science-minerals-fibre-fats.md § Iron	settled	
S0438	iron	iron depletion sequence	stage 1 stores fall (ferritin drops, haemoglobin normal) → stage 2 iron-restricted erythropoiesis → stage 3 microcytic hypochromic anaemia	ferritin below ~15 µg/L indicates absent stores	adults	TXT	Camaschella C 2015, N Engl J Med 372:1832-1843; doi:10.1056/NEJMra1401038; pmid:25946282	docs/superpowers/research/science-minerals-fibre-fats.md § Iron	settled	
S0439	iron	VO₂max increase with iron supplementation	+2.35 mL·kg⁻¹·min⁻¹ (P = 0.003); overall SMD 0.37	95% CI 0.82–3.88 (18 studies); SMD 95% CI 0.11–0.62 (20 studies); clearest in iron-deficient and trained women	women of reproductive age, pooled RCTs	MA	Pasricha SR et al 2014, J Nutr 144:906-914; doi:10.3945/jn.113.189589; pmid:24717371	docs/superpowers/research/science-minerals-fibre-fats.md § Iron	superseded	S0696
S0440	iron	submaximal exercise heart rate and relative work change with iron supplementation	heart rate −4.05 bpm; work at −2.68% of VO₂max	HR 95% CI −7.25 to −0.85 (6 studies); work 95% CI −4.94 to −0.41	women of reproductive age, pooled RCTs	MA	Pasricha SR et al 2014, J Nutr 144:906-914; doi:10.3945/jn.113.189589; pmid:24717371	docs/superpowers/research/science-minerals-fibre-fats.md § Iron	superseded	S0697
S0441	iron	two mechanisms of reduced work capacity in iron deficiency	(i) tissue oxidative capacity → endurance and efficiency, present in iron deficiency without anaemia; (ii) low haemoglobin → maximal work output	29 research reports judged to show a strong causal effect	adults, lab and field studies	MA	Haas JD, Brownlie T 2001, J Nutr 131:676S-690S; doi:10.1093/jn/131.2.676S; pmid:11160598	docs/superpowers/research/science-minerals-fibre-fats.md § Iron	superseded	S0694, S0695
S0442	iron	acute oral iron toxicity thresholds	under 20 mg/kg elemental iron non-toxic; 20–60 mg/kg mild to moderate; above 60 mg/kg severe	consensus guideline thresholds	children and adults	AUTH	Manoguerra AS et al 2005, Clin Toxicol 43:553-570; doi:10.1081/CLT-200068842; pmid:16255338	docs/superpowers/research/science-minerals-fibre-fats.md § Iron	settled	
S0443	iron	calcium inhibition of iron absorption	40–300 mg Ca per meal reduces absorption, dose-related, both heme and non-heme		non-anaemic adults	COH	Hallberg L et al 1991, Am J Clin Nutr 53:112-119; doi:10.1093/ajcn/53.1.112; pmid:1984335	docs/superpowers/research/science-minerals-fibre-fats.md § Iron	superseded	S0418
S0444	zinc	zinc RDA	11 mg/d (men); 8 mg/d (women)		adults 19–50	AUTH	IOM 2001, Dietary Reference Intakes for Vitamin A, Vitamin K, Arsenic, Boron, Chromium, Copper, Iodine, Iron, Manganese, Molybdenum, Nickel, Silicon, Vanadium, and Zinc, National Academies Press; doi:10.17226/10026	docs/superpowers/research/science-minerals-fibre-fats.md § Zinc	settled	
S0445	zinc	zinc EAR	9.4 mg/d (men); 6.8 mg/d (women)		adults 19–30	AUTH	IOM 2001, Dietary Reference Intakes for Vitamin A, Vitamin K, Arsenic, Boron, Chromium, Copper, Iodine, Iron, Manganese, Molybdenum, Nickel, Silicon, Vanadium, and Zinc, National Academies Press; doi:10.17226/10026	docs/superpowers/research/science-minerals-fibre-fats.md § Zinc	settled	
S0446	zinc	zinc UL	40 mg/d	basis is reduction in erythrocyte copper-zinc superoxide dismutase activity, i.e. the UL exists to protect copper status	adults	AUTH	IOM 2001, Dietary Reference Intakes for Vitamin A, Vitamin K, Arsenic, Boron, Chromium, Copper, Iodine, Iron, Manganese, Molybdenum, Nickel, Silicon, Vanadium, and Zinc, National Academies Press; doi:10.17226/10026	docs/superpowers/research/science-minerals-fibre-fats.md § Zinc	settled	
S0447	zinc	body zinc distribution	over 85% in skeletal muscle and bone; plasma is 0.1% of body zinc		adults	AUTH	IOM 2001, Dietary Reference Intakes for Vitamin A, Vitamin K, Arsenic, Boron, Chromium, Copper, Iodine, Iron, Manganese, Molybdenum, Nickel, Silicon, Vanadium, and Zinc, National Academies Press; doi:10.17226/10026	docs/superpowers/research/science-minerals-fibre-fats.md § Zinc	settled	
S0448	zinc	mobilisable zinc pool	readily exchangeable zinc pools (those that exchange with plasma zinc within 72 h) shrink under dietary restriction; no large reserve	the DRI report gives no store size	adults	AUTH	IOM 2001, Dietary Reference Intakes for Vitamin A, Vitamin K, Arsenic, Boron, Chromium, Copper, Iodine, Iron, Manganese, Molybdenum, Nickel, Silicon, Vanadium, and Zinc, National Academies Press; doi:10.17226/10026	docs/superpowers/research/science-minerals-fibre-fats.md § Zinc	settled	
S0449	zinc	onset of zinc deficiency under dietary restriction	clinically important features can occur with only modest degrees of dietary zinc restriction (no timeline given)		adults	AUTH	IOM 2001, Dietary Reference Intakes for Vitamin A, Vitamin K, Arsenic, Boron, Chromium, Copper, Iodine, Iron, Manganese, Molybdenum, Nickel, Silicon, Vanadium, and Zinc, National Academies Press; doi:10.17226/10026	docs/superpowers/research/science-minerals-fibre-fats.md § Zinc	settled	
S0450	zinc	experimental zinc depletion timeline on a low-zinc high-phytate diet	7 weeks at 3–5 mg Zn/d produced measurable falls in plasma, urine and hair zinc with changes in taste acuity and cell-mediated immune response; reversed by 30 mg/d over 2 weeks	15 men, mean age 25.3 y	healthy young men, experimental depletion	COH	Prasad AS 2020, J Immunol Res 2020:9207279; doi:10.1155/2020/9207279; pmid:32411807	docs/superpowers/research/science-minerals-fibre-fats.md § Zinc	settled	
S0451	zinc	zinc deficiency signs	growth retardation, alopecia, diarrhoea, delayed sexual maturation and impotence, eye and skin lesions, impaired appetite		humans	AUTH	IOM 2001, Dietary Reference Intakes for Vitamin A, Vitamin K, Arsenic, Boron, Chromium, Copper, Iodine, Iron, Manganese, Molybdenum, Nickel, Silicon, Vanadium, and Zinc, National Academies Press; doi:10.17226/10026	docs/superpowers/research/science-minerals-fibre-fats.md § Zinc	settled	
S0452	zinc	immune mechanism of zinc deficiency	decreased thymulin activity in Th1 cells, decreased IL-2 and IFN-γ mRNA, impaired natural killer cell function		experimental human zinc deficiency	COH	Prasad AS 2020, J Immunol Res 2020:9207279; doi:10.1155/2020/9207279; pmid:32411807	docs/superpowers/research/science-minerals-fibre-fats.md § Zinc	settled	
S0453	zinc	common-cold duration reduction with zinc lozenges	zinc acetate >75 mg/d: −42% duration; other zinc salts at high dose: −20%; doses under 75 mg/d: no effect	acetate 95% CI 35–48%; other salts 95% CI 12–28%; 13 placebo-controlled trials	adults with common colds, pharmacological dose	MA	Hemilä H 2011, Open Respir Med J 5:51-58; doi:10.2174/1874306401105010051; pmid:21769305	docs/superpowers/research/science-minerals-fibre-fats.md § Zinc	settled	
S0454	phytate	phytate effect on zinc absorption	reduces zinc absorption by complexation and precipitation in the gut	no dose-response given	humans	AUTH	IOM 2001, Dietary Reference Intakes for Vitamin A, Vitamin K, Arsenic, Boron, Chromium, Copper, Iodine, Iron, Manganese, Molybdenum, Nickel, Silicon, Vanadium, and Zinc, National Academies Press; doi:10.17226/10026	docs/superpowers/research/science-minerals-fibre-fats.md § Zinc	settled	
S0455	zinc	sweat zinc concentration	0.0001–0.02 mmol/L (0.007–1.3 mg/L)	negligible absolute loss	exercising adults	TXT	Baker LB 2019, Temperature 6:211-259; doi:10.1080/23328940.2019.1632145; pmid:31608304	docs/superpowers/research/science-minerals-fibre-fats.md § Zinc	superseded	S0518
S0456	iodine	iodine RDA	150 µg/d		adults 19–50, both sexes	AUTH	IOM 2001, Dietary Reference Intakes for Vitamin A, Vitamin K, Arsenic, Boron, Chromium, Copper, Iodine, Iron, Manganese, Molybdenum, Nickel, Silicon, Vanadium, and Zinc, National Academies Press; doi:10.17226/10026	docs/superpowers/research/science-minerals-fibre-fats.md § Iodine	settled	
S0457	iodine	iodine EAR	95 µg/d		adults 19–30	AUTH	IOM 2001, Dietary Reference Intakes for Vitamin A, Vitamin K, Arsenic, Boron, Chromium, Copper, Iodine, Iron, Manganese, Molybdenum, Nickel, Silicon, Vanadium, and Zinc, National Academies Press; doi:10.17226/10026	docs/superpowers/research/science-minerals-fibre-fats.md § Iodine	settled	
S0458	iodine	iodine UL	1100 µg/d	from a LOAEL of 1700 µg/d (rise in baseline and TRH-stimulated TSH) ÷ uncertainty factor 1.5; critical adverse effect is elevated TSH	adults	AUTH	IOM 2001, Dietary Reference Intakes for Vitamin A, Vitamin K, Arsenic, Boron, Chromium, Copper, Iodine, Iron, Manganese, Molybdenum, Nickel, Silicon, Vanadium, and Zinc, National Academies Press; doi:10.17226/10026	docs/superpowers/research/science-minerals-fibre-fats.md § Iodine	settled	
S0459	iodine	thyroid iodine content	about 15 mg in an average adult thyroid	~one-third as thyroid hormone, two-thirds as precursors	iodine-sufficient adults	AUTH	IOM 2001, Dietary Reference Intakes for Vitamin A, Vitamin K, Arsenic, Boron, Chromium, Copper, Iodine, Iron, Manganese, Molybdenum, Nickel, Silicon, Vanadium, and Zinc, National Academies Press; doi:10.17226/10026	docs/superpowers/research/science-minerals-fibre-fats.md § Iodine	settled	
S0460	iodine	urinary iodine at which goitre prevalence falls to about 2%	100 µg/L (≈125 µg/d intake)	population-level indicator, not an individual one	populations	AUTH	IOM 2001, Dietary Reference Intakes for Vitamin A, Vitamin K, Arsenic, Boron, Chromium, Copper, Iodine, Iron, Manganese, Molybdenum, Nickel, Silicon, Vanadium, and Zinc, National Academies Press; doi:10.17226/10026	docs/superpowers/research/science-minerals-fibre-fats.md § Iodine	settled	
S0461	iodine	consequence of severe iodine deficiency	goitre and hypothyroidism: thyroid activity rises to maximise uptake and recycling, but iodine is still too low to make thyroid hormone		populations in severely deficient regions	TXT	Zimmermann MB, Boelaert K 2015, Lancet Diabetes Endocrinol 3:286-295; doi:10.1016/S2213-8587(14)70225-6; pmid:25591468	docs/superpowers/research/science-minerals-fibre-fats.md § Iodine	settled	
S0462	iodine	consequence of mild-to-moderate iodine deficiency	increased thyroid activity maintains euthyroidism in most individuals, at the cost of a higher population prevalence of toxic nodular goitre and hyperthyroidism		populations	TXT	Zimmermann MB, Boelaert K 2015, Lancet Diabetes Endocrinol 3:286-295; doi:10.1016/S2213-8587(14)70225-6; pmid:25591468	docs/superpowers/research/science-minerals-fibre-fats.md § Iodine	settled	
S0463	iodine	consequence of iodine excess	iodine status determines adult thyroid disorders in both directions; excess raises TSH and can precipitate thyroid dysfunction		adults	TXT	Zimmermann MB, Boelaert K 2015, Lancet Diabetes Endocrinol 3:286-295; doi:10.1016/S2213-8587(14)70225-6; pmid:25591468	docs/superpowers/research/science-minerals-fibre-fats.md § Iodine	settled	
S0464		time from replete to iodine deficiency (goitre or hypothyroid signs) at zero or low intake in an adult			no measured depletion study; the report infers ~100 days of supply from the 15 mg thyroid store at 150 µg/d, with upregulated uptake and recycling stretching it to months-to-years; an adult depletion or balance study would settle it			docs/superpowers/research/science-minerals-fibre-fats.md § Iodine	open	
S0465	selenium	selenium RDA	55 µg/d		adults 19–50, both sexes	AUTH	IOM 2000, Dietary Reference Intakes for Vitamin C, Vitamin E, Selenium, and Carotenoids, National Academies Press; doi:10.17226/9810	docs/superpowers/research/science-minerals-fibre-fats.md § Selenium	settled	
S0466	selenium	selenium EAR	45 µg/d		adults 19–30	AUTH	IOM 2000, Dietary Reference Intakes for Vitamin C, Vitamin E, Selenium, and Carotenoids, National Academies Press; doi:10.17226/9810	docs/superpowers/research/science-minerals-fibre-fats.md § Selenium	settled	
S0467	selenium	selenium UL	400 µg/d	adverse effect is selenosis (hair and nail brittleness and loss)	adults	AUTH	IOM 2000, Dietary Reference Intakes for Vitamin C, Vitamin E, Selenium, and Carotenoids, National Academies Press; doi:10.17226/9810	docs/superpowers/research/science-minerals-fibre-fats.md § Selenium	settled	
S0468	selenium	Keshan disease (endemic cardiomyopathy) with low food selenium	endemic congestive cardiomyopathy with multifocal myocardial necrosis and fibrous replacement; sodium selenite protective in intervention trials	co-factor (coxsackievirus) implicated; selenium deficiency necessary but probably not sufficient	rural Chinese populations in a low-selenium belt, 1960s–70s	COH	Ge K et al 1983, Virchows Arch A Pathol Anat Histopathol 401:1-15; doi:10.1007/BF00644785; pmid:6412443	docs/superpowers/research/science-minerals-fibre-fats.md § Selenium	settled	
S0469	selenium	selenium intake at which endemic selenosis occurred	selenosis at average intake 5.0 mg/d (range 3.2–6.7); none at average 0.750 mg/d (range 0.240–1.51)	morbidity nearly half of 248 inhabitants of the five worst villages at peak (1961–1964); hair and nail loss the commonest sign	high-selenium region of China	COH	Yang GQ et al 1983, Am J Clin Nutr 37:872-881; doi:10.1093/ajcn/37.5.872; pmid:6846228	docs/superpowers/research/science-minerals-fibre-fats.md § Selenium	settled	
S0470	copper	copper RDA	900 µg/d		adults 19–50, both sexes	AUTH	IOM 2001, Dietary Reference Intakes for Vitamin A, Vitamin K, Arsenic, Boron, Chromium, Copper, Iodine, Iron, Manganese, Molybdenum, Nickel, Silicon, Vanadium, and Zinc, National Academies Press; doi:10.17226/10026	docs/superpowers/research/science-minerals-fibre-fats.md § Copper	settled	
S0471	copper	copper EAR	700 µg/d		adults 19–30	AUTH	IOM 2001, Dietary Reference Intakes for Vitamin A, Vitamin K, Arsenic, Boron, Chromium, Copper, Iodine, Iron, Manganese, Molybdenum, Nickel, Silicon, Vanadium, and Zinc, National Academies Press; doi:10.17226/10026	docs/superpowers/research/science-minerals-fibre-fats.md § Copper	settled	
S0472	copper	copper UL	10 mg/d	NOAEL from 7 adults taking 10 mg/d copper gluconate for 12 weeks with normal liver function tests; critical endpoint is liver damage	adults	AUTH	IOM 2001, Dietary Reference Intakes for Vitamin A, Vitamin K, Arsenic, Boron, Chromium, Copper, Iodine, Iron, Manganese, Molybdenum, Nickel, Silicon, Vanadium, and Zinc, National Academies Press; doi:10.17226/10026	docs/superpowers/research/science-minerals-fibre-fats.md § Copper	settled	
S0473	copper	body copper distribution	nearly two-thirds of body copper in skeleton and muscle		adults	AUTH	IOM 2001, Dietary Reference Intakes for Vitamin A, Vitamin K, Arsenic, Boron, Chromium, Copper, Iodine, Iron, Manganese, Molybdenum, Nickel, Silicon, Vanadium, and Zinc, National Academies Press; doi:10.17226/10026	docs/superpowers/research/science-minerals-fibre-fats.md § Copper	settled	
S0474	copper	copper deficiency signs	normocytic hypochromic anaemia, leukopenia, neutropenia, osteoporosis; connective-tissue defects causing vascular and skeletal problems; anaemia from defective iron utilisation		humans	AUTH	IOM 2001, Dietary Reference Intakes for Vitamin A, Vitamin K, Arsenic, Boron, Chromium, Copper, Iodine, Iron, Manganese, Molybdenum, Nickel, Silicon, Vanadium, and Zinc, National Academies Press; doi:10.17226/10026	docs/superpowers/research/science-minerals-fibre-fats.md § Copper	settled	
S0475	copper	causes of acquired copper deficiency	excess zinc (an infant given 16–24 mg Zn/d developed copper deficiency); premature infants on milk formula; malnourished infants with chronic diarrhoea fed cow's milk; prolonged total parenteral nutrition	primary dietary copper deficiency in free-living adults is essentially unreported	humans	AUTH	IOM 2001, Dietary Reference Intakes for Vitamin A, Vitamin K, Arsenic, Boron, Chromium, Copper, Iodine, Iron, Manganese, Molybdenum, Nickel, Silicon, Vanadium, and Zinc, National Academies Press; doi:10.17226/10026	docs/superpowers/research/science-minerals-fibre-fats.md § Copper	settled	
S0476	manganese	manganese AI	2.3 mg/d (men); 1.8 mg/d (women)	an AI, not an RDA; evidence insufficient to set an EAR	adults 19–50	AUTH	IOM 2001, Dietary Reference Intakes for Vitamin A, Vitamin K, Arsenic, Boron, Chromium, Copper, Iodine, Iron, Manganese, Molybdenum, Nickel, Silicon, Vanadium, and Zinc, National Academies Press; doi:10.17226/10026	docs/superpowers/research/science-minerals-fibre-fats.md § Manganese	settled	
S0477	manganese	manganese EAR and RDA	none set		all adults	AUTH	IOM 2001, Dietary Reference Intakes for Vitamin A, Vitamin K, Arsenic, Boron, Chromium, Copper, Iodine, Iron, Manganese, Molybdenum, Nickel, Silicon, Vanadium, and Zinc, National Academies Press; doi:10.17226/10026	docs/superpowers/research/science-minerals-fibre-fats.md § Manganese	settled	
S0478	manganese	manganese UL	11 mg/d		adults 19+	AUTH	IOM 2001, Dietary Reference Intakes for Vitamin A, Vitamin K, Arsenic, Boron, Chromium, Copper, Iodine, Iron, Manganese, Molybdenum, Nickel, Silicon, Vanadium, and Zinc, National Academies Press; doi:10.17226/10026	docs/superpowers/research/science-minerals-fibre-fats.md § Manganese	settled	
S0479	fibre	total fibre Adequate Intake (AI)	38 g/d (men 19-50); 25 g/d (women 19-50); 14 g per 1000 kcal	an AI derived from coronary-heart-disease risk, not from a measured requirement	adults 19-50	AUTH	Institute of Medicine 2005, Dietary Reference Intakes for Energy, Carbohydrate, Fiber, Fat, Fatty Acids, Cholesterol, Protein, and Amino Acids (National Academies Press); doi:10.17226/10490	docs/superpowers/research/science-minerals-fibre-fats.md § Dietary fibre	settled	
S0480	fibre	total fibre EAR and RDA	none set		all adults	AUTH	Institute of Medicine 2005, Dietary Reference Intakes for Energy, Carbohydrate, Fiber, Fat, Fatty Acids, Cholesterol, Protein, and Amino Acids (National Academies Press); doi:10.17226/10490	docs/superpowers/research/science-minerals-fibre-fats.md § Dietary fibre	settled	
S0481	fibre	total fibre Tolerable Upper Intake Level (UL)	none set	the adverse effect of excess is gastrointestinal, not systemic	adults	AUTH	Institute of Medicine 2005, Dietary Reference Intakes for Energy, Carbohydrate, Fiber, Fat, Fatty Acids, Cholesterol, Protein, and Amino Acids (National Academies Press); doi:10.17226/10490	docs/superpowers/research/science-minerals-fibre-fats.md § Dietary fibre	settled	
S0482	fibre	constipation responder rate under fibre supplementation vs control	RR 1.48 (95% CI 1.17-1.88; P = 0.001); 66% responded on fibre vs 41% on control	16 RCTs, 1251 participants	adults with chronic constipation, RCTs of fibre supplementation	MA	van der Schoot A et al 2022, Am J Clin Nutr 116:953-969; doi:10.1093/ajcn/nqac184; pmid:35816465	docs/superpowers/research/science-minerals-fibre-fats.md § Dietary fibre	settled	
S0483	fibre	stool frequency increase under fibre supplementation	SMD 0.72 (95% CI 0.36-1.08; P = 0.0001)	best at doses above 10 g/d and durations of at least 4 weeks; psyllium most effective	adults with chronic constipation, RCTs of fibre supplementation	MA	van der Schoot A et al 2022, Am J Clin Nutr 116:953-969; doi:10.1093/ajcn/nqac184; pmid:35816465	docs/superpowers/research/science-minerals-fibre-fats.md § Dietary fibre	settled	
S0484	fibre	stool consistency improvement under fibre supplementation	SMD 0.32 (95% CI 0.18-0.46; P < 0.0001)		adults with chronic constipation, RCTs of fibre supplementation	MA	van der Schoot A et al 2022, Am J Clin Nutr 116:953-969; doi:10.1093/ajcn/nqac184; pmid:35816465	docs/superpowers/research/science-minerals-fibre-fats.md § Dietary fibre	settled	
S0485	fibre	flatulence increase under fibre supplementation (adverse effect)	SMD 0.80 (95% CI 0.47-1.13; P < 0.00001)	the one reliable downside	adults with chronic constipation, RCTs of fibre supplementation	MA	van der Schoot A et al 2022, Am J Clin Nutr 116:953-969; doi:10.1093/ajcn/nqac184; pmid:35816465	docs/superpowers/research/science-minerals-fibre-fats.md § Dietary fibre	settled	
S0486	fibre	chronic-disease risk reduction at higher vs lower fibre intake	15-30% lower all-cause mortality, cardiovascular mortality, coronary heart disease, stroke, type 2 diabetes and colorectal cancer; 25-29 g/d gives the greatest risk reduction, more above 30 g/d	185 prospective studies (about 135 million person-years) and 58 trials (4635 participants)	adults	MA	Reynolds A et al 2019, Lancet 393:434-445; doi:10.1016/S0140-6736(18)31809-9; pmid:30638909	docs/superpowers/research/science-minerals-fibre-fats.md § Dietary fibre	settled	
S0487	fibre	appetite reduction by viscous vs less viscous fibre	viscous fibres (pectins, beta-glucans, guar gum) reduced appetite in 59% of comparisons vs 14% for less viscous fibres; effects on body weight modest	systematic review of RCTs	adults	MA	Wanders AJ et al 2011, Obes Rev 12:724-739; doi:10.1111/j.1467-789X.2011.00895.x; pmid:21676152	docs/superpowers/research/science-minerals-fibre-fats.md § Dietary fibre	settled	
S0488	essential-fats	alpha-linolenic acid (ALA, 18:3n-3) Adequate Intake (AI)	1.6 g/d (men); 1.1 g/d (women)	AMDR 0.6-1.2% of energy	adults 19-50	AUTH	Institute of Medicine 2005, Dietary Reference Intakes for Energy, Carbohydrate, Fiber, Fat, Fatty Acids, Cholesterol, Protein, and Amino Acids (National Academies Press); doi:10.17226/10490	docs/superpowers/research/science-minerals-fibre-fats.md § Omega-3 fatty acids (ALA, EPA, DHA)	settled	
S0489	essential-fats	ALA EAR, RDA and UL	none set		adults	AUTH	Institute of Medicine 2005, Dietary Reference Intakes for Energy, Carbohydrate, Fiber, Fat, Fatty Acids, Cholesterol, Protein, and Amino Acids (National Academies Press); doi:10.17226/10490	docs/superpowers/research/science-minerals-fibre-fats.md § Omega-3 fatty acids (ALA, EPA, DHA)	settled	
S0490	essential-fats	EPA and DHA dietary reference intake	no US DRI set; considered within the ALA AMDR	a gap in the US DRI framework	adults	AUTH	Institute of Medicine 2005, Dietary Reference Intakes for Energy, Carbohydrate, Fiber, Fat, Fatty Acids, Cholesterol, Protein, and Amino Acids (National Academies Press); doi:10.17226/10490	docs/superpowers/research/science-minerals-fibre-fats.md § Omega-3 fatty acids (ALA, EPA, DHA)	settled	
S0491	essential-fats	all-cause mortality under long-chain n-3 (EPA/DHA) supplementation	RR 0.97 (95% CI 0.93-1.01): no clear effect	45 RCTs, 143693 participants, 11297 deaths	adults, mostly cardiovascular prevention trials	MA	Abdelhamid AS et al 2020, Cochrane Database Syst Rev 3:CD003177; doi:10.1002/14651858.CD003177.pub5; pmid:32114706	docs/superpowers/research/science-minerals-fibre-fats.md § Omega-3 fatty acids (ALA, EPA, DHA)	settled	
S0492	essential-fats	coronary heart disease events under long-chain n-3 supplementation	RR 0.91 (95% CI 0.85-0.97), NNTB 167	32 RCTs, 134116 participants, 8791 events; small benefit, moderate-to-low certainty	adults, mostly cardiovascular prevention trials	MA	Abdelhamid AS et al 2020, Cochrane Database Syst Rev 3:CD003177; doi:10.1002/14651858.CD003177.pub5; pmid:32114706	docs/superpowers/research/science-minerals-fibre-fats.md § Omega-3 fatty acids (ALA, EPA, DHA)	settled	
S0493	essential-fats	triglyceride reduction under long-chain n-3 supplementation	about 15%, dose-dependent		adults, mostly cardiovascular prevention trials	MA	Abdelhamid AS et al 2020, Cochrane Database Syst Rev 3:CD003177; doi:10.1002/14651858.CD003177.pub5; pmid:32114706	docs/superpowers/research/science-minerals-fibre-fats.md § Omega-3 fatty acids (ALA, EPA, DHA)	settled	
S0494	essential-fats	all-cause mortality under ALA supplementation	RR 1.01 (95% CI 0.84-1.20): no effect	5 RCTs, 19327 participants	adults	MA	Abdelhamid AS et al 2020, Cochrane Database Syst Rev 3:CD003177; doi:10.1002/14651858.CD003177.pub5; pmid:32114706	docs/superpowers/research/science-minerals-fibre-fats.md § Omega-3 fatty acids (ALA, EPA, DHA)	settled	
S0495	essential-fats	arrhythmia under ALA supplementation	RR 0.73 (95% CI 0.55-0.97), NNTB 91	2 RCTs, 4912 participants; only 2 trials, fragile	adults	MA	Abdelhamid AS et al 2020, Cochrane Database Syst Rev 3:CD003177; doi:10.1002/14651858.CD003177.pub5; pmid:32114706	docs/superpowers/research/science-minerals-fibre-fats.md § Omega-3 fatty acids (ALA, EPA, DHA)	settled	
S0496	essential-fats	evidence base of the omega-3 cardiovascular synthesis	86 RCTs, 162796 participants, 12-88 months duration		adults, cardiovascular prevention trials	MA	Abdelhamid AS et al 2020, Cochrane Database Syst Rev 3:CD003177; doi:10.1002/14651858.CD003177.pub5; pmid:32114706	docs/superpowers/research/science-minerals-fibre-fats.md § Omega-3 fatty acids (ALA, EPA, DHA)	settled	
S0497	essential-fats	linoleic acid (LA, 18:2n-6) Adequate Intake (AI)	17 g/d (men); 12 g/d (women)	AMDR 5-10% of energy	adults 19-50	AUTH	Institute of Medicine 2005, Dietary Reference Intakes for Energy, Carbohydrate, Fiber, Fat, Fatty Acids, Cholesterol, Protein, and Amino Acids (National Academies Press); doi:10.17226/10490	docs/superpowers/research/science-minerals-fibre-fats.md § Omega-6 (linoleic acid) and essential fatty acid deficiency	settled	
S0498	essential-fats	linoleic acid EAR, RDA and UL	none set		adults	AUTH	Institute of Medicine 2005, Dietary Reference Intakes for Energy, Carbohydrate, Fiber, Fat, Fatty Acids, Cholesterol, Protein, and Amino Acids (National Academies Press); doi:10.17226/10490	docs/superpowers/research/science-minerals-fibre-fats.md § Omega-6 (linoleic acid) and essential fatty acid deficiency	settled	
S0499	essential-fats	total fat Acceptable Macronutrient Distribution Range (AMDR)	20-35% of energy; no UL and no RDA (ND)		adults	AUTH	Institute of Medicine 2005, Dietary Reference Intakes for Energy, Carbohydrate, Fiber, Fat, Fatty Acids, Cholesterol, Protein, and Amino Acids (National Academies Press); doi:10.17226/10490	docs/superpowers/research/science-minerals-fibre-fats.md § Omega-6 (linoleic acid) and essential fatty acid deficiency	settled	
S0500	essential-fats	biochemical onset of essential fatty acid deficiency on a fat-free intake	eicosatrienoic acid and linoleic acid levels abnormal after 1 week; arachidonic acid abnormal after 2 weeks	32 patients studied prospectively	adults on fat-free total parenteral nutrition, 32 patients studied prospectively	COH	Goodgame JT, Lowry SF, Brennan MF 1978, Surgery 84:271-277; pmid:98859	docs/superpowers/research/science-minerals-fibre-fats.md § Omega-6 (linoleic acid) and essential fatty acid deficiency	settled	
S0501	essential-fats	time to the essential fatty acid deficiency diagnostic threshold on a fat-free intake	all patients on fat-free parenteral nutrition for 4 weeks had a triene:tetraene ratio above 0.4	the triene:tetraene ratio above 0.4 is the standard biochemical marker	adults on fat-free total parenteral nutrition, 32 patients studied prospectively	COH	Goodgame JT, Lowry SF, Brennan MF 1978, Surgery 84:271-277; pmid:98859	docs/superpowers/research/science-minerals-fibre-fats.md § Omega-6 (linoleic acid) and essential fatty acid deficiency	settled	
S0502	essential-fats	clinical signs of essential fatty acid deficiency and their reversal	skin lesions suggestive of EFA deficiency in 2 of 32 patients; biochemical abnormalities reversed rapidly on intravenous lipid	dry, scaly dermatitis is the classic sign	adults on fat-free total parenteral nutrition, 32 patients studied prospectively	COH	Goodgame JT, Lowry SF, Brennan MF 1978, Surgery 84:271-277; pmid:98859	docs/superpowers/research/science-minerals-fibre-fats.md § Omega-6 (linoleic acid) and essential fatty acid deficiency	settled	
S0503	carbohydrate-quality	carbohydrate RDA	130 g/d	set from the brain glucose requirement	adults	AUTH	Institute of Medicine 2005, Dietary Reference Intakes for Energy, Carbohydrate, Fiber, Fat, Fatty Acids, Cholesterol, Protein, and Amino Acids (National Academies Press); doi:10.17226/10490	docs/superpowers/research/science-minerals-fibre-fats.md § Carbohydrate quality: glycaemic effects and sugar	settled	
S0504	carbohydrate-quality	carbohydrate Acceptable Macronutrient Distribution Range (AMDR)	45-65% of energy		adults	AUTH	Institute of Medicine 2005, Dietary Reference Intakes for Energy, Carbohydrate, Fiber, Fat, Fatty Acids, Cholesterol, Protein, and Amino Acids (National Academies Press); doi:10.17226/10490	docs/superpowers/research/science-minerals-fibre-fats.md § Carbohydrate quality: glycaemic effects and sugar	settled	
S0505	carbohydrate-quality	added sugars maximal intake	no more than 25% of total energy	a maximal intake, not a target	adults	AUTH	Institute of Medicine 2005, Dietary Reference Intakes for Energy, Carbohydrate, Fiber, Fat, Fatty Acids, Cholesterol, Protein, and Amino Acids (National Academies Press); doi:10.17226/10490	docs/superpowers/research/science-minerals-fibre-fats.md § Carbohydrate quality: glycaemic effects and sugar	settled	
S0506	carbohydrate-quality	free sugars intake recommendation	below 10% of total energy (strong recommendation); below 5% suggested (conditional)	free sugars = sugars added by manufacturer, cook or consumer plus those in honey, syrups and fruit juice	adults and children	AUTH	World Health Organization 2015, Guideline: Sugars Intake for Adults and Children (WHO, Geneva); isbn:978-92-4-154902-8; pmid:25905159	docs/superpowers/research/science-minerals-fibre-fats.md § Carbohydrate quality: glycaemic effects and sugar	settled	
S0507	carbohydrate-quality	chronic-disease risk reduction from low vs higher glycaemic index or glycaemic load diets	smaller or no risk reductions	contrasted against a clear dose-response for fibre and whole grains	adults, observational	MA	Reynolds A et al 2019, Lancet 393:434-445; doi:10.1016/S0140-6736(18)31809-9; pmid:30638909	docs/superpowers/research/science-minerals-fibre-fats.md § Carbohydrate quality: glycaemic effects and sugar	settled	
S0508	carbohydrate-quality	carbohydrate-quality marker that carries the chronic-disease signal	dietary fibre and whole-grain intake, with dose-response consistent across prospective studies and trials	15-30% risk reductions	adults	MA	Reynolds A et al 2019, Lancet 393:434-445; doi:10.1016/S0140-6736(18)31809-9; pmid:30638909	docs/superpowers/research/science-minerals-fibre-fats.md § Carbohydrate quality: glycaemic effects and sugar	settled	
S0509	protein	protein RDA	0.8 g/kg/d; 56 g/d (men); 46 g/d (women)		adults	AUTH	Institute of Medicine 2005, Dietary Reference Intakes for Energy, Carbohydrate, Fiber, Fat, Fatty Acids, Cholesterol, Protein, and Amino Acids (National Academies Press); doi:10.17226/10490	docs/superpowers/research/science-minerals-fibre-fats.md § Very-low-carbohydrate and high-protein diets	settled	
S0510	protein	protein Acceptable Macronutrient Distribution Range (AMDR)	10-35% of energy	the 35% ceiling is the IOM upper bound	adults	AUTH	Institute of Medicine 2005, Dietary Reference Intakes for Energy, Carbohydrate, Fiber, Fat, Fatty Acids, Cholesterol, Protein, and Amino Acids (National Academies Press); doi:10.17226/10490	docs/superpowers/research/science-minerals-fibre-fats.md § Very-low-carbohydrate and high-protein diets	settled	
S0511	protein	prudent maximum protein intake	about 2-2.5 g/kg/d, about 25% of energy	gut amino-acid absorption limited to 1.3-10 g/h	adults	TXT	Bilsborough S, Mann N 2006, Int J Sport Nutr Exerc Metab 16:129-152; doi:10.1123/ijsnem.16.2.129; pmid:16779921	docs/superpowers/research/science-minerals-fibre-fats.md § Very-low-carbohydrate and high-protein diets	superseded	S0073
S0512	glycogen	race-walk performance gain after intensified training on a ketogenic low-carbohydrate high-fat (LCHF) diet vs carbohydrate diets	no improvement in 10 km race-walk time on 3 weeks of LCHF vs 5-7% improvement in the carbohydrate groups	despite markedly increased whole-body fat oxidation and an equal rise in peak aerobic capacity	elite race walkers, 3-arm controlled trial, 3 weeks	RCT	Burke LM et al 2017, J Physiol 595:2785-2807; doi:10.1113/JP273230; pmid:28012184	docs/superpowers/research/science-minerals-fibre-fats.md § Very-low-carbohydrate and high-protein diets	superseded	S0688
S0513	glycogen	exercise economy under LCHF adaptation	impaired: higher oxygen cost for the same speed	measured directly	elite race walkers, 3-arm controlled trial, 3 weeks	RCT	Burke LM et al 2017, J Physiol 595:2785-2807; doi:10.1113/JP273230; pmid:28012184	docs/superpowers/research/science-minerals-fibre-fats.md § Very-low-carbohydrate and high-protein diets	superseded	S0688
S0514	glycogen	carbohydrate availability and performance	carbohydrate availability governs performance in high-intensity and prolonged exercise	ACSM, Academy of Nutrition and Dietetics and Dietitians of Canada joint position	athletes	AUTH	Thomas DT, Erdman KA, Burke LM 2016, Med Sci Sports Exerc 48:543-568; doi:10.1249/MSS.0000000000000852; pmid:26891166	docs/superpowers/research/science-minerals-fibre-fats.md § Very-low-carbohydrate and high-protein diets	settled	
S0515	water	total water Adequate Intake (AI)	3.7 L/d (men); 2.7 L/d (women)	includes water in food and all beverages, not just drinking water	adults 19-50	AUTH	Institute of Medicine 2005, Dietary Reference Intakes for Water, Potassium, Sodium, Chloride, and Sulfate (National Academies Press); doi:10.17226/10925; National Academies of Sciences, Engineering, and Medicine 2019, Dietary Reference Intakes for Sodium and Potassium (National Academies Press); doi:10.17226/25353; pmid:30844154	docs/superpowers/research/science-minerals-fibre-fats.md § Sweat and loss modelling (water and electrolytes)	superseded	S0088
S0516	sweat	whole-body sweating rate by sport	1.51 +/- 0.70 L/h (American football); 1.28 +/- 0.57 L/h (endurance sport); basketball, soccer and baseball significantly lower	SDs about half the mean: individual variation dominates	1303 athletes, field testing	COH	Barnes KA et al 2019, J Sports Sci 37:2356-2366; doi:10.1080/02640414.2019.1633159; pmid:31230518	docs/superpowers/research/science-minerals-fibre-fats.md § Sweat and loss modelling (water and electrolytes)	superseded	S0090
S0517	sweat	sweat sodium loss rate by sport	55.9 mmol/h (American football); 51.7 mmol/h (endurance)	about 1.3 g Na/h, about 3.3 g salt/h	1303 athletes, field testing	COH	Barnes KA et al 2019, J Sports Sci 37:2356-2366; doi:10.1080/02640414.2019.1633159; pmid:31230518	docs/superpowers/research/science-minerals-fibre-fats.md § Sweat and loss modelling (water and electrolytes)	superseded	S0394
S0518	sweat	sweat electrolyte concentrations	Na+ 10-90 (230-2070 mg/L); Cl- 10-90; K+ 2-8 (78-313 mg/L); Ca2+ 0.2-2.0 (8-80 mg/L); Mg2+ 0.02-0.40 (0.5-10 mg/L); Fe 0.0001-0.03; Zn 0.0001-0.02 (0.007-1.3 mg/L); Cu 0.0005-0.02 mmol/L	Table 3 of the review; ranges span the literature; sodium spreads ninefold between individuals and chloride tracks it almost exactly; potassium is much lower than sodium; magnesium and zinc absolute losses are tiny	exercising adults	TXT	Baker LB 2019, Temperature (Austin) 6:211-259; doi:10.1080/23328940.2019.1632145; pmid:31608304	docs/superpowers/research/science-minerals-fibre-fats.md § Sweat and loss modelling (water and electrolytes)	settled	
S0519	water	dehydration threshold for exercise performance	avoid excessive dehydration, defined as more than 2% body-weight loss from water deficit	the standard operational threshold	exercising adults	AUTH	American College of Sports Medicine, Sawka MN et al 2007, Med Sci Sports Exerc 39:377-390; doi:10.1249/mss.0b013e31802ca597; pmid:17277604	docs/superpowers/research/science-minerals-fibre-fats.md § Sweat and loss modelling (water and electrolytes)	superseded	S0092
S0520	sodium	exercise-associated hyponatraemia definition and primary cause	plasma [Na+] below 135 mmol/L; primary cause is drinking in excess of losses; drinking to thirst is the recommended strategy	applies to prolonged exercise, hikers and military as well as athletes	adults	AUTH	Hew-Butler T et al 2015, Clin J Sport Med 25:303-320; doi:10.1097/JSM.0000000000000221; pmid:26102445	docs/superpowers/research/science-minerals-fibre-fats.md § Sweat and loss modelling (water and electrolytes)	superseded	S0102
S0521	alcohol	urine output over 4 h after 1 L of 4% beer (about 40 g ethanol), euhydrated, vs alcohol-free beer	1279 +/- 256 mL vs 1121 +/- 148 mL	extra diuresis about 160 mL, roughly 4 mL urine per g ethanol	healthy men, crossover, 1 L of 4% beer vs alcohol-free beer, euhydrated	RCT	Hobson RM, Maughan RJ 2010, Alcohol Alcohol 45:366-373; doi:10.1093/alcalc/agq029; pmid:20497950	docs/superpowers/research/science-minerals-fibre-fats.md § Alcohol	settled	
S0522	alcohol	urine output over 4 h after 1 L of 4% beer, hypohydrated, vs alcohol-free beer	261 +/- 138 mL vs 174 +/- 61 mL	total urine output collapses when already dehydrated	healthy men, crossover, 1 L of 4% beer vs alcohol-free beer, hypohydrated	RCT	Hobson RM, Maughan RJ 2010, Alcohol Alcohol 45:366-373; doi:10.1093/alcalc/agq029; pmid:20497950	docs/superpowers/research/science-minerals-fibre-fats.md § Alcohol	settled	
S0523	alcohol	diuretic action of alcohol under hypohydration	blunted when the body is hypohydrated	contradicts the common assumption	healthy men, crossover, 1 L of 4% beer vs alcohol-free beer	RCT	Hobson RM, Maughan RJ 2010, Alcohol Alcohol 45:366-373; doi:10.1093/alcalc/agq029; pmid:20497950	docs/superpowers/research/science-minerals-fibre-fats.md § Alcohol	settled	
S0524	alcohol	blood alcohol 1 h after 1 L of 4% beer	7.1 +/- 1.8 mmol/L (hypohydrated); 6.0 +/- 2.7 mmol/L (euhydrated)	about 0.033% and 0.028% BAC	healthy men, crossover, 1 L of 4% beer vs alcohol-free beer	RCT	Hobson RM, Maughan RJ 2010, Alcohol Alcohol 45:366-373; doi:10.1093/alcalc/agq029; pmid:20497950	docs/superpowers/research/science-minerals-fibre-fats.md § Alcohol	settled	
S0525	alcohol	cognitive and psychomotor impairment under alcohol	divided attention, executive function, perception, psychomotor skills, reaction time and vigilance all impaired at blood alcohol concentrations at or below the legal driving limit in many jurisdictions	inconsistent measures across studies; no per-BAC effect sizes given	adults	MA	Garrisson H et al 2021, Accid Anal Prev 154:106052; doi:10.1016/j.aap.2021.106052; pmid:33676142	docs/superpowers/research/science-minerals-fibre-fats.md § Alcohol	settled	
S0526	thiamine	thiamine deficiency and Wernicke encephalopathy in alcohol misuse	prevalence higher in people who misuse alcohol; dietary deficiency is one of four diagnostic criteria; treatment 200 mg thiamine three times daily, given before any carbohydrate	the abstract does not itemise the mechanisms	adults	AUTH	Galvin R et al 2010, Eur J Neurol 17:1408-1418; doi:10.1111/j.1468-1331.2010.03153.x; pmid:20642790	docs/superpowers/research/science-minerals-fibre-fats.md § Alcohol	settled	
S0527	caffeine	acute caffeine dose that raises urine output	at least 250-300 mg, short-term, in people who have abstained; tolerance develops in regular consumers		adults	MA	Maughan RJ, Griffin J 2003, J Hum Nutr Diet 16:411-420; doi:10.1046/j.1365-277X.2003.00477.x; pmid:19774754	docs/superpowers/research/science-minerals-fibre-fats.md § Caffeine	settled	
S0528	caffeine	net fluid balance under habitual caffeine-containing beverages	no fluid loss in excess of the volume ingested: coffee and tea hydrate		adults	MA	Maughan RJ, Griffin J 2003, J Hum Nutr Diet 16:411-420; doi:10.1046/j.1365-277X.2003.00477.x; pmid:19774754	docs/superpowers/research/science-minerals-fibre-fats.md § Caffeine	settled	
S0529	caffeine	hydration under moderate coffee intake vs equal water	no dehydration; total body water and hydration biomarkers unchanged	counterbalanced crossover in a free-living population	habitual male coffee drinkers	RCT	Killer SC, Blannin AK, Jeukendrup AE 2014, PLoS One 9:e84154; doi:10.1371/journal.pone.0084154; pmid:24416202	docs/superpowers/research/science-minerals-fibre-fats.md § Caffeine	settled	
S0530	caffeine	sleep effects of caffeine	longer sleep latency, shorter total sleep time, reduced sleep efficiency and reduced slow-wave sleep	systematic review of epidemiological studies and RCTs	adults	MA	Clark I, Landolt HP 2017, Sleep Med Rev 31:70-78; doi:10.1016/j.smrv.2016.01.006; pmid:26899133	docs/superpowers/research/science-minerals-fibre-fats.md § Caffeine	settled	
S0531	caffeine	endurance performance gain under 3-6 mg/kg caffeine	mean power output +3.03 +/- 3.07% (ES 0.23 +/- 0.15); time-trial completion time improved 2.22 +/- 2.59% (ES 0.41 +/- 0.2)	46 studies; 2 found slower time trials and 5 lower power: non-responders exist	trained adults	MA	Southward K, Rutherfurd-Markwick KJ, Ali A 2018, Sports Med 48:1913-1928; doi:10.1007/s40279-018-0939-8; pmid:29876876	docs/superpowers/research/science-minerals-fibre-fats.md § Caffeine	settled	
S0532	phytate	iron absorption reduction by phytate in the same meal (dose-response)	2 mg phytate phosphorus -18%; 25 mg -64%; 250 mg -82% (all P < 0.001)	seven dose levels, dual-radioisotope wheat rolls	healthy men	COH	Hallberg L, Brune M, Rossander L 1989, Am J Clin Nutr 49:140-144; doi:10.1093/ajcn/49.1.140; pmid:2911999	docs/superpowers/research/science-minerals-fibre-fats.md § Cross-cutting	settled	
S0533	phytate	ascorbic acid counteraction of phytate inhibition of iron absorption, single meal	ascorbic acid significantly counteracted the phytate inhibition; the meat effect was weaker and seen only at the highest phytate level	same dual-radioisotope study	healthy men	COH	Hallberg L, Brune M, Rossander L 1989, Am J Clin Nutr 49:140-144; doi:10.1093/ajcn/49.1.140; pmid:2911999	docs/superpowers/research/science-minerals-fibre-fats.md § Cross-cutting	settled	
S0534	iron	effect of whole-diet vitamin C intake on non-heme iron absorption	no significant difference in mean iron absorption across mean vitamin C intakes of 51-247 mg/d; the enhancing effect from a complete diet is far less pronounced than from single meals	12 subjects, labelled wheat roll with every meal for 5 d per period	adults	COH	Cook JD, Reddy MB 2001, Am J Clin Nutr 73:93-98; doi:10.1093/ajcn/73.1.93; pmid:11124756	docs/superpowers/research/science-minerals-fibre-fats.md § Cross-cutting	settled	
S0535	iron	whole-diet iron bioavailability	14-18% for mixed diets; 5-12% for vegetarian diets, in subjects with no iron stores	in multimeal studies the effect of single inhibitors and enhancers is more modest; iron status generally matters more than diet composition	adults, isotope and intake data	TXT	Hurrell R, Egli I 2010, Am J Clin Nutr 91:1461S-1467S; doi:10.3945/ajcn.2010.28674F; pmid:20200263	docs/superpowers/research/science-minerals-fibre-fats.md § Cross-cutting	settled	
S0536	phytate	fractional apparent magnesium absorption reduction by added phytic acid	32.5% -> 13.0% at 1.49 mmol phytic acid (whole-meal-bread level, P < 0.0005); 32.2% -> 24.0% at 0.75 mmol (brown-bread level, P < 0.01); dose-dependent (P < 0.005)	two stable-isotope studies, 8-9 adults each, total Mg standardised across meals	healthy adults	COH	Bohn T, Davidsson L, Walczyk T, Hurrell RF 2004, Am J Clin Nutr 79:418-423; doi:10.1093/ajcn/79.3.418; pmid:14985216	docs/superpowers/research/science-minerals-fibre-fats.md § Cross-cutting	settled	
S0537	copper	copper status change under zinc supplementation (zinc x copper)	2 x 25 mg Zn/d (50 mg/d) for 6 weeks significantly reduced erythrocyte Cu,Zn-superoxide dismutase (P < 0.05 at 6 wk); plasma copper and ferroxidase unchanged at 2, 4 and 6 weeks	placebo-controlled; a marker change, not clinical copper deficiency	healthy adult men	RCT	Fischer PW, Giroux A, L'Abbé MR 1984, Am J Clin Nutr 40:743-746; doi:10.1093/ajcn/40.4.743; pmid:6486080	docs/superpowers/research/science-minerals-fibre-fats.md § Cross-cutting	settled	
S0538	potassium	effect of magnesium deficiency on hypokalaemia (magnesium x potassium)	magnesium deficiency aggravates hypokalaemia and renders it refractory to potassium treatment; mechanism: loss of intracellular-Mg inhibition of ROMK channels raises distal K secretion	magnesium deficiency alone does not necessarily cause hypokalaemia; raised distal sodium delivery or aldosterone may be required	humans	TXT	Huang CL, Kuo E 2007, J Am Soc Nephrol 18:2649-2652; doi:10.1681/ASN.2007070792; pmid:17804670	docs/superpowers/research/science-minerals-fibre-fats.md § Cross-cutting	settled	
S0539	selenium	combined iodine and selenium deficiency (iodine x selenium)	combined deficiency leads to myxoedematous cretinism; selenoprotein deiodinases are required for thyroid hormone metabolism; the thyroid retains high selenium even on poor supply	in combined severe deficiency iodine must be normalised before selenium is given, or hypothyroidism is precipitated	populations	TXT	Zimmermann MB, Köhrle J 2002, Thyroid 12:867-878; doi:10.1089/105072502761016494; pmid:12487769	docs/superpowers/research/science-minerals-fibre-fats.md § Cross-cutting	settled	
S0540	iodine	effect of iron deficiency on thyroid function and iodine supplementation (iron x iodine)	iron deficiency impairs thyroid hormone synthesis by reducing heme-dependent thyroid peroxidase activity; iron-deficiency anaemia blunts, and iron supplementation improves, the efficacy of iodine supplementation		populations	TXT	Zimmermann MB, Köhrle J 2002, Thyroid 12:867-878; doi:10.1089/105072502761016494; pmid:12487769	docs/superpowers/research/science-minerals-fibre-fats.md § Cross-cutting	settled	
S0541	magnesium	circulating and muscle magnesium in chronic alcohol-use disorder	total and ionised circulating magnesium markedly reduced; skeletal muscle magnesium reduced; the renal response to hypomagnesaemia blunted	25 studies retained from 2719 records; significant heterogeneity, no significant publication bias	adults with chronic alcohol-use disorder	MA	Vanoni FO et al 2021, Nutrients 13:1959; doi:10.3390/nu13061959; pmid:34200366	docs/superpowers/research/science-minerals-fibre-fats.md § Cross-cutting	settled	
S0542	magnesium	urinary magnesium and calcium excretion after an oral magnesium load with moderate alcohol consumption	significantly higher, alcohol-dose-related urinary Mg and Ca excretion in moderate consumers than non-consumers	14 consumers vs 10 non-consumers with differing smoking habits; small and confounded	adult men	COH	Rylander R et al 2001, Scand J Clin Lab Invest 61:401-405; doi:10.1080/003655101316911459; pmid:11569488	docs/superpowers/research/science-minerals-fibre-fats.md § Cross-cutting	settled	
S0543	caffeine	urinary mineral excretion after oral caffeine (caffeine x calcium)	urinary calcium, magnesium, sodium and chloride rise for at least 3 h; effect proportional to dose per lean body mass; no adaptation with continued consumption	in younger adult women with adequate calcium, moderate caffeine may have little or no deleterious effect, partly via increased intestinal absorption; older women compensate less well	adults	TXT	Massey LK, Whiting SJ 1993, J Nutr 123:1611-1614; doi:10.1093/jn/123.9.1611; pmid:8360789	docs/superpowers/research/science-minerals-fibre-fats.md § Cross-cutting	settled	
S0544		total body potassium pool in a lean adult			the report quotes roughly 3000-4000 mmol, not pinned to a fetched record; settled by a whole-body potassium (40K counting or isotope dilution) record			docs/superpowers/research/science-minerals-fibre-fats.md § Gaps	open	
S0545		serum phosphate thresholds defining refeeding hypophosphataemia			named as the refeeding mechanism with no primary citation fetched; settled by a refeeding-syndrome consensus or cohort record			docs/superpowers/research/science-minerals-fibre-fats.md § Gaps	open	
S0546		time from the start of refeeding to onset of refeeding hypophosphataemia			no primary citation fetched; settled by a refeeding cohort reporting onset day			docs/superpowers/research/science-minerals-fibre-fats.md § Gaps	open	
S0547		carbohydrate dose on refeeding that triggers hypophosphataemia			no primary citation fetched; settled by a refeeding cohort or trial reporting energy or carbohydrate intake			docs/superpowers/research/science-minerals-fibre-fats.md § Gaps	open	
S0548		acute oral zinc dose that induces vomiting in adults			no primary citation fetched; settled by a toxicology record or case series			docs/superpowers/research/science-minerals-fibre-fats.md § Gaps	superseded	S1036
S0549		size of the mobilisable (readily exchangeable) zinc pool			the DRI describes pools that exchange with plasma zinc within 72 h but gives no store size; the key kinetic gap for a zinc clock; settled by a stable-isotope kinetic study			docs/superpowers/research/science-minerals-fibre-fats.md § Gaps	open	
S0550		time to onset of protein-excess symptoms (rabbit starvation) on an all-lean-meat diet			the about-1-week figure is inference from the verified protein ceiling; settled by a verified case report or controlled feeding record			docs/superpowers/research/science-minerals-fibre-fats.md § Gaps	open	
S0551		per-blood-alcohol-concentration effect sizes on attention, reaction time and psychomotor skill			the systematic review found inconsistent measures and published no effect sizes; settled by a meta-analysis reporting per-BAC magnitudes			docs/superpowers/research/science-minerals-fibre-fats.md § Gaps	open	
S0552		sleep latency added and total sleep lost per mg of caffeine			Drake et al report significance at 0, 3 and 6 h, not magnitudes; settled by a dose-response polysomnography record			docs/superpowers/research/science-minerals-fibre-fats.md § Gaps	open	
S0553		mechanisms by which alcohol misuse causes thiamine deficiency and their relative contributions			reduced intake, reduced absorption, impaired hepatic storage and raised requirement are named but not itemised in the fetched guideline abstract			docs/superpowers/research/science-minerals-fibre-fats.md § Gaps	open	
S0554		iron content of whole blood per mL (iron cost of blood loss)			the report uses about 0.5 mg/mL (about 250 mg per 500 mL) by arithmetic from haemoglobin iron content; unverified; settled by a haematology or blood-donation iron-loss record			docs/superpowers/research/science-minerals-fibre-fats.md § Gaps	open	
S0555		measured time to deplete adult male iron stores at basal loss on a low-iron intake			the report infers 2-3 years from a 1000 mg store and 1 mg/d loss; no measured depletion time; settled by a controlled depletion or phlebotomy-repletion record			docs/superpowers/research/science-minerals-fibre-fats.md § Gaps	open	
S0556		selenium content of a single Brazil nut			the report quotes 70-90 µg with no food-composition record fetched; settled by a food-composition database entry			docs/superpowers/research/science-minerals-fibre-fats.md § Gaps	open	
S0557		year iodised salt became standard in the United States and Kentucky's place in the historical goitre belt			historical claim (1924) with no record fetched; settled by a public-health history record			docs/superpowers/research/science-minerals-fibre-fats.md § Gaps	open	
S0558		caffeine content of a cup of drip coffee			no food-composition record fetched (used to convert 400 mg to about four cups); settled by a food-composition database entry			docs/superpowers/research/science-minerals-fibre-fats.md § Gaps	open	
S0559		resting (non-exercising) sweat rate			the report extrapolates well under 0.5 L/h from athlete data; settled by a measurement at rest in a warm environment			docs/superpowers/research/science-minerals-fibre-fats.md § Gaps	open	
S0560		net fluid balance after drinking beer			inferred from the verified Hobson and Maughan urine volumes; the trial did not report net balance; settled by a beverage hydration index record			docs/superpowers/research/science-minerals-fibre-fats.md § Gaps	open	
S0561		exertion or exercise-economy cost of a very-low-carbohydrate diet			the report scales a 5-10% penalty from a 5-7% training-improvement difference, a different quantity; settled by a trial reporting oxygen cost or energy cost at fixed work			docs/superpowers/research/science-minerals-fibre-fats.md § Gaps	open	
S0562		time to onset of deficiency on a fixed deficient intake, for the minerals, fibre and macronutrient-quality topics other than essential fatty acids, zinc and magnesium			measured only for essential fatty acids, zinc and magnesium urinary conservation; iron is arithmetic and iodine inferred; everything else uncharacterised			docs/superpowers/research/science-minerals-fibre-fats.md § Gaps	open	
S0563		time to tetany on a fixed magnesium-deficient intake			urinary conservation within 3-4 days is measured; no measured time to tetany; settled by a controlled depletion record			docs/superpowers/research/science-minerals-fibre-fats.md § Gaps	open	
S0564		repletion time constant for sodium after depletion			no verified repletion time constant found			docs/superpowers/research/science-minerals-fibre-fats.md § Gaps	open	
S0565		repletion time constant for magnesium after depletion			no verified repletion time constant found			docs/superpowers/research/science-minerals-fibre-fats.md § Gaps	open	
S0566		repletion time constant for potassium after depletion			no verified repletion time constant found			docs/superpowers/research/science-minerals-fibre-fats.md § Gaps	open	
S0567		repletion time constant for iron stores after depletion			no verified repletion time constant found			docs/superpowers/research/science-minerals-fibre-fats.md § Gaps	open	
S0568		effect size of dietary zinc status on wound-healing rate			healing impairment is asserted from the DRI deficiency signs; no quantitative effect size verified; settled by a trial or meta-analysis of zinc and healing			docs/superpowers/research/science-minerals-fibre-fats.md § Gaps	superseded	S0953
S0569		change in sweat sodium concentration with heat acclimation			widely held to fall with acclimation; no primary source verified; settled by an acclimation study reporting sweat sodium before and after			docs/superpowers/research/science-minerals-fibre-fats.md § Gaps	open	
S0570		potassium, sodium and water lost per diarrhoea episode in adults			no verified figure; settled by a stool electrolyte study			docs/superpowers/research/science-minerals-fibre-fats.md § Gaps	open	
S0571		intake threshold and time course for essential fatty acid deficiency on a low-fat diet of real food			the only verified timeline is from fat-free total parenteral nutrition; no study induced deficiency on a low-fat whole-food diet			docs/superpowers/research/science-minerals-fibre-fats.md § Gaps	open	
S0572		dose-response of adult dietary copper deficiency (low copper intake or high zinc intake to clinical deficiency)			Fischer et al 1984 moved only a copper enzyme marker at 50 mg Zn/d for 6 weeks; the IOM clinical case at 16-24 mg Zn/d was an infant			docs/superpowers/research/science-minerals-fibre-fats.md § Gaps	open	
S0573	strength	strength gain from resistance training vs no exercise, best-ranked prescription	SMD 1.60 vs non-exercise control for higher load (>80 % 1RM), multiset, 3 sessions/wk; all 12 prescriptions beat control	95 % credible interval 1.38–1.82; threshold analysis extremely robust	178 RCTs, n = 5097, 45 % women, healthy adults	MA	Currier BS et al 2023, Br J Sports Med 57:1211-1220; doi:10.1136/bjsports-2023-106807; pmid:37414459	docs/superpowers/research/wave2-science-strength-training.md § 1. Training dose and strength gain	settled	
S0574	lean-mass	muscle hypertrophy from resistance training vs no exercise, best-ranked prescription	SMD 0.66 vs control for higher load, multiset, 2 sessions/wk; all load prescriptions promoted hypertrophy comparably	95 % credible interval 0.47–0.85	119 RCTs, n = 3364, 47 % women, healthy adults	MA	Currier BS et al 2023, Br J Sports Med 57:1211-1220; doi:10.1136/bjsports-2023-106807; pmid:37414459	docs/superpowers/research/wave2-science-strength-training.md § 1. Training dose and strength gain	settled	
S0575	strength	training variable that separates strength gain from hypertrophy	load >80 % 1RM maximises strength; hypertrophy is indifferent to load but responsive to sets	the clearest dissociation in the network meta-analysis	178 RCTs (strength) and 119 RCTs (hypertrophy), healthy adults	MA	Currier BS et al 2023, Br J Sports Med 57:1211-1220; doi:10.1136/bjsports-2023-106807; pmid:37414459	docs/superpowers/research/wave2-science-strength-training.md § 1. Training dose and strength gain	settled	
S0576	strength	authoritative resistance-training prescription for strength and for hypertrophy	strength: load ≥80 % 1RM, full range of motion, 2–3 sets, early in the session, ≥2 sessions/wk; hypertrophy: ≥10 sets/wk per muscle plus eccentric overload; training to momentary fatigue, equipment, set structure, time under tension, blood-flow restriction and periodisation did not consistently change outcomes	overview of 137 systematic reviews, >30 000 participants; supersedes the 2009 stand	healthy adults ≥18 y, interventions 6–52 wk	AUTH	Currier BS et al 2026, Med Sci Sports Exerc 58:851-872; doi:10.1249/mss.0000000000003897; pmid:41843416	docs/superpowers/research/wave2-science-strength-training.md § 1. Training dose and strength gain	settled	
S0577	strength	shape of the weekly-volume dose-response for strength and hypertrophy	posterior probability that the volume slope exceeds zero is 100 % for both; both best-fit models show diminishing returns, considerably more pronounced for strength	Bayesian multilevel meta-regression adjusted for duration and training status	67 studies, n = 2058, 79 % male, mean age 25.2 ± 5.2 y	MA	Pelland JC et al 2026, Sports Med 56:481-505; doi:10.1007/s40279-025-02344-w; pmid:41343037	docs/superpowers/research/wave2-science-strength-training.md § 1. Training dose and strength gain	settled	
S0578	strength	shape of the training-frequency dose-response for strength and hypertrophy	frequency slope exceeds zero with probability 100 % for strength (diminishing returns) but <100 % for hypertrophy, compatible with a negligible effect on size	same models; fractional set counting was the best-supported quantification	67 studies, n = 2058, 79 % male, mean age 25.2 ± 5.2 y	MA	Pelland JC et al 2026, Sports Med 56:481-505; doi:10.1007/s40279-025-02344-w; pmid:41343037	docs/superpowers/research/wave2-science-strength-training.md § 1. Training dose and strength gain	settled	
S0579	lean-mass	muscle-size gain per additional weekly set per muscle	ES +0.023 per set ≈ +0.37 % muscle size; higher vs lower volume within study ES difference 0.241 ≈ +3.9 %	p = 0.002 continuous, p = 0.03 categorical; the <5 / 5–9 / 10+ split only a trend (p = 0.074)	34 treatment groups, 15 studies	MA	Schoenfeld BJ et al 2017, J Sports Sci 35:1073-1082; doi:10.1080/02640414.2016.1210197; pmid:27433992	docs/superpowers/research/wave2-science-strength-training.md § 1. Training dose and strength gain	settled	
S0580	strength	strength gain with high vs low weekly set volume	ES difference +0.18; pre-post ES 0.82 low volume vs 1.01 high volume	95 % CI 0.06–0.30, p = 0.003; multi-joint +0.18, isolation +0.23; medium vs low +0.15	61 treatment groups, 9 studies, restrictive inclusion	MA	Ralston GW et al 2017, Sports Med 47:2585-2601; doi:10.1007/s40279-017-0762-7; pmid:28755103	docs/superpowers/research/wave2-science-strength-training.md § 1. Training dose and strength gain	settled	
S0581	strength	strength gain by weekly training frequency	ES 0.74, 0.82, 0.93 and 1.08 for 1, 2, 3 and 4+ sessions/wk; the volume-equated subgroup is null, so frequency works mostly by carrying volume	p = 0.003 overall; volume-equated p = 0.421; significant for multi-joint 1RM and upper body, not single-joint or lower body	22 studies	MA	Grgic J et al 2018, Sports Med 48:1207-1220; doi:10.1007/s40279-018-0872-x; pmid:29470825	docs/superpowers/research/wave2-science-strength-training.md § 1. Training dose and strength gain	settled	
S0582	strength	optimal strength-training dose by training status	untrained 60 % 1RM, 3 d/wk, 4 sets per muscle; recreationally trained 80 % 1RM, 2 d/wk, 4 sets; athletes 85 % 1RM, 2 d/wk, 8 sets	derived from 177 studies and 1803 effect sizes across two meta-analyses	untrained, recreationally trained and competitive athletes	MA	Rhea MR et al 2003, Med Sci Sports Exerc 35:456-464; doi:10.1249/01.mss.0000053727.63505.d4; pmid:12618576; Peterson MD et al 2004, J Strength Cond Res 18:377-382; doi:10.1519/r-12842.1; pmid:15142003; Peterson MD et al 2005, J Strength Cond Res 19:950-958; doi:10.1519/r-16874.1; pmid:16287373	docs/superpowers/research/wave2-science-strength-training.md § 1. Training dose and strength gain	settled	
S0583	strength	minimum effective training dose for a 1RM gain in trained men	one set of 6–12 reps at ~70–85 % 1RM, 2–3 sessions/wk, at high effort; pooled 1RM +12.09 kg overall, squat +17.48 kg, bench press +8.25 kg	95 % CI 8.16–16.03 overall, 8.51–26.46 squat, 0.68–15.83 bench; 6 studies, 5 pooled; per study, not per week	resistance-trained men	MA	Androulakis-Korakakis P et al 2020, Sports Med 50:751-765; doi:10.1007/s40279-019-01236-0; pmid:31797219	docs/superpowers/research/wave2-science-strength-training.md § 1. Training dose and strength gain	settled	
S0584	strength	time after which hypertrophy overtakes neural factors in strength gain	neural factors account for the larger share of the initial increment; hypertrophy dominant after the first 3–5 weeks	n = 15, 8 wk, 1979 methods	7 men and 8 women, isotonic training	RCT	Moritani T & deVries HA 1979, Am J Phys Med 58:115-130; pmid:453338	docs/superpowers/research/wave2-science-strength-training.md § 1. Training dose and strength gain	superseded	S0086
S0585	strength	maximal force gain from a neural-only adaptation over 4 wk of isometric training	MVF +17.6 %; motor-unit discharge rate +8.2 % at recruitment and +11.3 % at constant force; recruitment thresholds unchanged; discharge-rate change correlated with MVF change r = 0.54–0.57	n = 13 trained vs 10 control	older adults, 71 ± 4 y, isometric dorsiflexor training	RCT	Casolo A et al 2026, J Physiol 604:2796-2815; doi:10.1113/jp290541; pmid:41823343	docs/superpowers/research/wave2-science-strength-training.md § 1. Training dose and strength gain	settled	
S0586	strength	motor-unit discharge-rate increase underlying a 4-wk isometric strength gain	+~4 spikes/s discharge rate at the plateau phase; rate of force development and motoneuron recruitment speed unchanged	motor-unit decomposition plus matched simulation	young adults	RCT	Del Vecchio A et al 2022, J Appl Physiol (1985) 132:84-94; doi:10.1152/japplphysiol.00218.2021; pmid:34792405	docs/superpowers/research/wave2-science-strength-training.md § 1. Training dose and strength gain	settled	
S0587	strength	reliability of EMG-based estimates of the neural share of strength gain	surface EMG amplitude is confounded by muscle size, so historical neural-share estimates from EMG are not clean	knowns and unknowns review plus a long-term-training study	humans	TXT	Škarabot J et al 2021, Eur J Appl Physiol 121:675-685; doi:10.1007/s00421-020-04567-3; pmid:33355714; Škarabot J et al 2021, J Appl Physiol (1985) 131:702-715; doi:10.1152/japplphysiol.00094.2021; pmid:34166110	docs/superpowers/research/wave2-science-strength-training.md § 1. Training dose and strength gain	settled	
S0588	strength	causal contribution of exercise-induced myofibrillar hypertrophy to strength gain (argued for)	myofibrillar hypertrophy argued to be a contributory cause of strength gain	editorial, not data	argument, no study population	TXT	Taber CB et al 2019, Sports Med 49:993-997; doi:10.1007/s40279-019-01107-8; pmid:31016546	docs/superpowers/research/wave2-science-strength-training.md § 1. Training dose and strength gain	settled	
S0589	strength	between-person spread of the strength and size response to an identical 12-wk programme	1RM +0 % to +250 %; MVC −32 % to +149 %; biceps CSA −2 % to +59 %; men gained 2.5 % more CSA, women gained more relative strength	the spread, not the mean, is the finding	585 adults (342 women, 243 men), 8 centres, 12 wk unilateral elbow-flexor training	COH	Hubal MJ et al 2005, Med Sci Sports Exerc 37:964-972; pmid:15947721	docs/superpowers/research/wave2-science-strength-training.md § 1. Training dose and strength gain	settled	
S0590	strength	strength and muscle-size gain rate over 10 wk of training in untrained adults	strength +~20 % (≈2 %/wk); quadriceps CSA +~17 % (≈1.7 %/wk); thickness +~10 %	single trial, n = 19	9 men and 10 women, untrained, unilateral training	RCT	Psilander N et al 2019, J Appl Physiol (1985) 126:1636-1645; doi:10.1152/japplphysiol.00917.2018; pmid:30991013	docs/superpowers/research/wave2-science-strength-training.md § 1. Training dose and strength gain	settled	
S0591	protein	total protein intake above which resistance-training gains in fat-free mass plateau	1.62 g/kg/day; supplementation effects 1RM +2.49 kg, FFM +0.30 kg, muscle size increased vs control	break point 95 % CI 1.03–2.20 g/kg/day (full text: segmental regression on 42 study arms, 723 participants, p = 0.079); effect diminished with age, larger in already-trained	49 RCTs, n = 1863, resistance training ≥6 wk	MA	Morton RW et al 2018, Br J Sports Med 52:376-384; doi:10.1136/bjsports-2017-097608; pmid:28698222	docs/superpowers/research/wave2-science-strength-training.md § 2. Protein and energy	settled	
S0592	lean-mass	lean-body-mass gain from extra protein with resistance exercise, and the intake at which it becomes significant	SMD 0.22; significant only at ≥1.6 g/kg/day in adults <65 y (1.2–1.59 g/kg/day sufficed in adults ≥65 y)	95 % CI 0.14–0.30, 62 studies, moderate certainty	74 RCTs, healthy non-obese adults	MA	Nunes EA et al 2022, J Cachexia Sarcopenia Muscle 13:795-810; doi:10.1002/jcsm.12922; pmid:35187864	docs/superpowers/research/wave2-science-strength-training.md § 2. Protein and energy	settled	
S0593	strength	strength gain from extra protein with resistance training	lower-body strength SMD 0.40 at ≥1.6 g/kg/day (19 studies); bench press SMD 0.18 in adults <65 y (32 studies); handgrip unclear; physical-function tests marginal	low certainty on all strength outcomes	74 RCTs, healthy non-obese adults	MA	Nunes EA et al 2022, J Cachexia Sarcopenia Muscle 13:795-810; doi:10.1002/jcsm.12922; pmid:35187864	docs/superpowers/research/wave2-science-strength-training.md § 2. Protein and energy	settled	
S0594	protein	baseline protein requirement by measurement method	non-athletes 0.64 g/kg/day by nitrogen balance vs 0.88 by indicator amino-acid oxidation (+36 %); athletes 1.27 vs 1.61 (+27 %)	IAAO runs ~30 % above nitrogen balance across age and sex subgroups	43 nitrogen-balance studies (n = 777), 17 IAAO studies (n = 186)	MA	Tagawa R et al 2025, J Nutr 155:3877-3885; doi:10.1016/j.tjnut.2025.08.036; pmid:40914512	docs/superpowers/research/wave2-science-strength-training.md § 2. Protein and energy	settled	
S0595	protein	per-meal protein dose saturating myofibrillar protein synthesis	young men 0.24 ± 0.06 g/kg body mass (0.25 ± 0.13 g/kg LBM); older men 0.40 ± 0.19 g/kg (0.60 ± 0.29 g/kg LBM)	SDs as shown	pooled young (~22 y) and older (~71 y) men, 0–40 g doses	COH	Moore DR et al 2015, J Gerontol A Biol Sci Med Sci 70:57-62; doi:10.1093/gerona/glu103; pmid:25056502	docs/superpowers/research/wave2-science-strength-training.md § 2. Protein and energy	superseded	S0065
S0596	protein	support for the leucine trigger hypothesis	16 of 29 eligible studies gave sufficient support; 13 of those 16 in older adults and 14 of 16 with isolated proteins; most application in older adults and isolated protein, not whole foods	qualitative systematic review, no pooled effect	young and older adults, rest and post-exercise	MA	Zaromskyte G et al 2021, Front Nutr 8:685165; doi:10.3389/fnut.2021.685165; pmid:34307436	docs/superpowers/research/wave2-science-strength-training.md § 2. Protein and energy	settled	
S0597	protein	effect of even protein distribution across meals on muscle outcomes	even distribution associated with higher muscle mass but not with strength or protein turnover; a direct RCT found no muscle-protein-synthesis difference between even and skewed distribution	one systematic review finds association only; a companion review questions the concept; one RCT	healthy adults; older adults for the RCT	MA	Jespersen SE & Agergaard J 2021, Eur J Nutr 60:3185-3202; doi:10.1007/s00394-021-02487-2; pmid:33550490; Hudson JL et al 2020, Nutrients 12:E1441; doi:10.3390/nu12051441; pmid:32429355; Justesen TEH et al 2022, Nutrients 14:4442; doi:10.3390/nu14214442; pmid:36364705	docs/superpowers/research/wave2-science-strength-training.md § 2. Protein and energy	settled	
S0598	protein	protein target in an energy deficit	1.6–2.4 g/kg/day, position in the range set by deficit severity and training load	recommendation, not a measured optimum	elite athletes losing weight	TXT	Hector AJ & Phillips SM 2018, Int J Sport Nutr Exerc Metab 28:170-177; doi:10.1123/ijsnem.2017-0273; pmid:29182451	docs/superpowers/research/wave2-science-strength-training.md § 2. Protein and energy	superseded	S0063
S0599	protein	protein target scaled to fat-free mass under energy restriction in lean trained athletes	2.3–3.1 g/kg FFM/day, scaled up with restriction severity and leanness; the one lean, heavily restricted group that held FFM ate 2.5–2.6 g/kg/day	6 studies, 13 study groups; body fat fell 0.5–6.6 %, FFM fell 0.3–2.7 kg in 9 of 13	energy-restricted resistance-trained adults (men ≤23 % fat, women ≤35 %)	MA	Helms ER et al 2014, Int J Sport Nutr Exerc Metab 24:127-138; doi:10.1123/ijsnem.2013-0054; pmid:24092765	docs/superpowers/research/wave2-science-strength-training.md § 2. Protein and energy	settled	
S0600	lean-mass	lean-mass change at 2.4 vs 1.2 g/kg/day protein in a 40 % energy deficit with heavy training	lean mass +1.2 ± 1.0 kg vs +0.1 ± 1.0 kg; fat mass −4.8 ± 1.6 vs −3.5 ± 1.4 kg over 4 wk; performance improved similarly	±1.0 kg SD, individual variation equals the mean effect	40 young men, 4 wk, 40 % deficit, resistance training plus HIIT 6 d/wk	RCT	Longland TM et al 2016, Am J Clin Nutr 103:738-746; doi:10.3945/ajcn.115.119339; pmid:26817506	docs/superpowers/research/wave2-science-strength-training.md § 2. Protein and energy	superseded	S0064
S0601	strength	strength loss under a severe 10-day energy deficit with heavy work, and its recovery	1RM bench press −9.5 / −9.7 %, 1RM leg press −7.8 / −8.3 %, jump height −14.7 / −14.6 % (2.0 vs 1.0 g/kg/day protein, no difference); fat-free mass unchanged; most variables near baseline after 7 days of recovery, jump height excepted	n = 19 per arm, not blinded to diet, single trial	young military personnel, 10-day field exercise at about −4300 kcal/day	RCT	Øfsteng SJ et al 2020, Scand J Med Sci Sports 30:865-877; doi:10.1111/sms.13634; pmid:32034812	docs/superpowers/research/wave2-science-strength-training.md § 2. Protein and energy	settled	
S0602	strength	lower-body performance decline vs cumulative energy deficit	decline tracks total energy balance, not daily deficit or duration: 0–2 % decline at −5686 to −19 109 kcal total; 7–10 % decline at −39 243 to −59 377 kcal total	strength r² = 0.836, power r² = 0.764; 9 studies, 15 subgroups	military personnel in field operations	MA	Murphy NE et al 2018, Sports Med 48:2169-2178; doi:10.1007/s40279-018-0945-x; pmid:29949108	docs/superpowers/research/wave2-science-strength-training.md § 2. Protein and energy	settled	
S0603	lean-mass	share of energy-restriction groups losing ≥15 % of weight loss as fat-free mass, without vs with exercise	81 % of restriction-only groups vs 39 % of restriction-plus-exercise groups (exercise mainly aerobic)	52 studies; proportions of groups, not pooled	overweight and obese adults ≥50 y, BMI >25	MA	Weinheimer EM et al 2010, Nutr Rev 68:375-388; doi:10.1111/j.1753-4887.2010.00298.x; pmid:20591106	docs/superpowers/research/wave2-science-strength-training.md § 2. Protein and energy	superseded	S0072
S0604	starvation	outcome of prolonged semi-starvation without training	most participants lost >25 % of body weight, with anaemia, fatigue, apathy, extreme weakness, irritability, neurological deficits and lower-extremity oedema	historical account; the 1950 monograph's per-week strength series is not indexed	36 healthy young men, 24 wk semi-starvation (Minnesota experiment)	TXT	Kalm LM & Semba RD 2005, J Nutr 135:1347-1352; doi:10.1093/jn/135.6.1347; pmid:15930436	docs/superpowers/research/wave2-science-strength-training.md § 2. Protein and energy	superseded	S0113
S0605	lean-mass	weight, fat and lean-mass gain under 8 wk of overfeeding by dietary protein share	+954 kcal/day (+40 %): weight +3.16 kg at 5 % protein, +6.05 kg at 15 %, +6.51 kg at 25 %; body fat rose similarly in all three (50 to >90 % of the excess stored); lean mass +2.87 kg (15 %) and +3.18 kg (25 %), none at 5 %	n = 25, single-blind, fully controlled inpatient	healthy weight-stable adults 18–35 y, BMI 19–30	RCT	Bray GA et al 2012, JAMA 307:47-55; doi:10.1001/jama.2011.1918; pmid:22215165	docs/superpowers/research/wave2-science-strength-training.md § 2. Protein and energy	settled	
S0606	lean-mass	total-body-protein accretion under an energy surplus with adequate protein	+40 % energy surplus raised total body protein +0.44 kg (+3.7 %); a +10 % surplus from protein alone raised it 0.00 kg; protein gain correlated with fat gain r = 0.820	95 % CI 0.21–0.67 kg; n = 23; 4-compartment body composition	healthy young men, 6 wk	RCT	Hatamoto Y et al 2024, Clin Nutr 43:48-60; doi:10.1016/j.clnu.2024.09.035; pmid:39423761	docs/superpowers/research/wave2-science-strength-training.md § 2. Protein and energy	settled	
S0607	protein	upper limit of safe protein intake	~2–2.5 g/kg/day; above ~35 % of energy from protein come hyperaminoacidaemia, hyperammonaemia, nausea, diarrhoea and even death (rabbit starvation); gut absorbs amino acids at 1.3–10 g/h	review-level synthesis	humans	TXT	Bilsborough S & Mann N 2006, Int J Sport Nutr Exerc Metab 16:129-152; doi:10.1123/ijsnem.16.2.129; pmid:16779921	docs/superpowers/research/wave2-science-strength-training.md § 2. Protein and energy	superseded	S0073
S0608	energy	musculoskeletal and multi-system impairment under low energy availability (REDs)	sustained low energy availability impairs multiple systems including musculoskeletal; clinical assessment tool with severity tiers	consensus statement, no effect size	athletes of both sexes	AUTH	Mountjoy M et al 2023, Br J Sports Med 57:1073-1097; doi:10.1136/bjsports-2023-106994; pmid:37752011; correction 2024, Br J Sports Med 58:e4; doi:10.1136/bjsports-2023-106994corr1; pmid:38325885	docs/superpowers/research/wave2-science-strength-training.md § 2. Protein and energy	superseded	S0693
S0609	lean-mass	interventions that limit lean loss during weight loss	adequate protein and resistance exercise limit lean-mass loss during deliberate weight loss	narrative review	adults losing weight	TXT	Cava E et al 2017, Adv Nutr 8:511-519; doi:10.3945/an.116.014506; pmid:28507015	docs/superpowers/research/wave2-science-strength-training.md § 2. Protein and energy	settled	
S0610	strength	muscular performance loss on training cessation	submaximal strength SMD −0.62, maximal force SMD −0.46, maximal power SMD −0.20, all p < 0.01; dose-response with cessation duration; larger in adults >65 y and in inactive than recreational-athlete groups	95 % CI −0.80 to −0.45, −0.54 to −0.37, −0.28 to −0.13; 103 studies; no per-week curve in the abstract	mixed: inactive, recreational, athletes, young and old	MA	Bosquet L et al 2013, Scand J Med Sci Sports 23:e140-9; doi:10.1111/sms.12047; pmid:23347054	docs/superpowers/research/wave2-science-strength-training.md § 3. Detraining and retraining	settled	
S0611	strength	detraining after short-term and long-term insufficient training stimulus	loss of training-induced adaptations described for short-term (<4 wk) and long-term cessation, with the muscular characteristics of detraining	standard descriptive reference; superseded on strength effect sizes by Bosquet 2013	humans, athletes and non-athletes	TXT	Mujika I & Padilla S 2000, Sports Med 30:79-87; doi:10.2165/00007256-200030020-00002; pmid:10966148; Mujika I & Padilla S 2000, Sports Med 30:145-154; doi:10.2165/00007256-200030030-00001; pmid:10999420; Mujika I & Padilla S 2001, Med Sci Sports Exerc 33:1297-1303; doi:10.1097/00005768-200108000-00009; pmid:11474330	docs/superpowers/research/wave2-science-strength-training.md § 3. Detraining and retraining	settled	
S0612	strength	time-course shape of strength and muscle-size decline in bed rest	logarithmic decline in knee-extensor strength and CSA, steepest in the earliest days, plateauing later	pooled 5–120 day bed rest	318 healthy adults	MA	Marusic U et al 2021, J Appl Physiol (1985) 131:194-206; doi:10.1152/japplphysiol.00363.2020; pmid:33703945	docs/superpowers/research/wave2-science-strength-training.md § 3. Detraining and retraining	settled	
S0613	strength	ratio of strength decline to atrophy during bed rest by day, and the share of strength loss atrophy explains	4.2 at day 5, 2.4 at day 14, stabilising at 1.9 after ~35 days; ~79 % of strength loss explained by atrophy	the abstract labels the quantity the ratio of muscle atrophy to strength decline while stating strength declines much faster; read as strength decline ÷ atrophy	318 healthy adults, 5–120 day bed rest	MA	Marusic U et al 2021, J Appl Physiol (1985) 131:194-206; doi:10.1152/japplphysiol.00363.2020; pmid:33703945	docs/superpowers/research/wave2-science-strength-training.md § 3. Detraining and retraining	settled	
S0614	strength	quadriceps size and strength loss under unilateral immobilisation	CSA −3.5 ± 0.5 % at 5 d and −8.4 ± 2.8 % at 14 d (≈0.7 %/d early); strength −9.0 % at 5 d and −22.9 % at 14 d, falling ~2.5–2.7× faster than size; muscle myostatin mRNA doubled	±0.5 % and ±2.8 % (CSA)	24 healthy young men, one-legged knee immobilisation	RCT	Wall BT et al 2014, Acta Physiol (Oxf) 210:600-611; doi:10.1111/apha.12190; pmid:24168489	docs/superpowers/research/wave2-science-strength-training.md § 3. Detraining and retraining	superseded	S0069, S0070, S0087
S0615	strength	strength and power loss over 10 days of bed rest in older adults	isotonic knee-extensor strength −13.2 ± 4.1 %, stair-climbing power −14 ± 4.1 %, aerobic capacity −12 %; standard physical-performance batteries unchanged	n = 11, p = 0.004 for strength	healthy older adults, 67 ± 5 y, eucaloric diet at the protein RDA	RCT	Kortebein P et al 2008, J Gerontol A Biol Sci Med Sci 63:1076-1081; doi:10.1093/gerona/63.10.1076; pmid:18948558	docs/superpowers/research/wave2-science-strength-training.md § 3. Detraining and retraining	settled	
S0616	strength	minimum training dose that maintains strength and muscle size	maintained up to 32 weeks with 1 session/wk and 1 set per exercise in younger people if relative load is maintained; older people may need 2 sessions and 2–3 sets; intensity is the preserving variable	narrative review; insufficient data for athletes and military	general populations, younger and older	TXT	Spiering BA et al 2021, J Strength Cond Res 35:1449-1458; doi:10.1519/jsc.0000000000003964; pmid:33629972	docs/superpowers/research/wave2-science-strength-training.md § 3. Detraining and retraining	settled	
S0617	lean-mass	retraining response of previously trained vs untrained muscle in young adults (muscle memory test)	10 wk training: CSA +~17 %, strength +~20 %, myonuclear number unchanged; 20 wk detraining: size back to baseline, strength still elevated; 5 wk retraining: previously trained and untrained legs responded similarly	n = 19; no myonuclear change and no retraining advantage	9 men and 10 women	RCT	Psilander N et al 2019, J Appl Physiol (1985) 126:1636-1645; doi:10.1152/japplphysiol.00917.2018; pmid:30991013	docs/superpowers/research/wave2-science-strength-training.md § 3. Detraining and retraining	superseded	S0078
S0618	strength	strength loss over 12 wk of detraining and time to regain the trained 1RM in older men	12 wk training +10 to +36 % strength and power; 12 wk detraining −5 to −15 % (type II CSA trend −17 %, satellite cells −30 %, myonuclei −12 %); <8 wk of retraining restored post-training 1RM; 12 wk retraining type II CSA +29 %, satellite cells +72 %, myonuclei +13 %	n = 30 trained + 10 controls, biopsy subset of 6; CSA change vs myonuclear change r = 0.40–0.73	older men	RCT	Blocquiaux S et al 2020, Exp Gerontol 133:110860; doi:10.1016/j.exger.2020.110860; pmid:32017951; correction 2020, Exp Gerontol 134:110897; doi:10.1016/j.exger.2020.110897; pmid:32147251	docs/superpowers/research/wave2-science-strength-training.md § 3. Detraining and retraining	settled	
S0619	lean-mass	fibre size through detraining and retraining in previously trained women	fibre CSA relatively stable through 30–32 wk detraining (type IIb % rose); 6 wk retraining raised fast-fibre CSA in previously trained and previously untrained women alike	n = 6 retrained	women, 20 wk training, 30–32 wk detraining, 6 wk retraining	RCT	Staron RS et al 1991, J Appl Physiol (1985) 70:631-640; doi:10.1152/jappl.1991.70.2.631; pmid:1827108	docs/superpowers/research/wave2-science-strength-training.md § 3. Detraining and retraining	superseded	S0080
S0620	lean-mass	epigenetic memory of hypertrophy after loading, unloading and reloading	18 816 hypomethylated CpGs after reloading vs 9153 after the earlier loading; AXIN1, GRIK2, CAMK4, TRAF1 stayed hypomethylated through unloading; no strength or mass rate derived	small n, single study, molecular endpoints	adult human vastus lateralis	RCT	Seaborne RA et al 2018, Sci Rep 8:1898; doi:10.1038/s41598-018-20287-3; pmid:29382913	docs/superpowers/research/wave2-science-strength-training.md § 3. Detraining and retraining	settled	
S0621	lean-mass	myonuclear retention through detraining and atrophy (rodent)	myonuclei acquired during overload precede hypertrophy and are not lost on detraining or over weeks of atrophy; an episodic anabolic-steroid exposure left a cellular memory aiding later overload hypertrophy	rodent; does not transfer to humans on its own	mouse	RCT	Bruusgaard JC et al 2010, Proc Natl Acad Sci U S A 107:15111-15116; doi:10.1073/pnas.0913935107; pmid:20713720; Bruusgaard JC & Gundersen K 2008, J Clin Invest 118:1450-1457; doi:10.1172/jci34022; pmid:18317591; Egner IM et al 2013, J Physiol 591:6221-6230; doi:10.1113/jphysiol.2013.264457; pmid:24167222	docs/superpowers/research/wave2-science-strength-training.md § 3. Detraining and retraining	superseded	S0074, S0075, S0076
S0622	lean-mass	status of the myonuclear muscle-memory hypothesis in humans	the mechanism rests mainly on rodent models; whether it holds in humans remains largely ambiguous	reviews, no new data	human and animal	TXT	Snijders T et al 2020, Acta Physiol (Oxf) 229:e13465; doi:10.1111/apha.13465; pmid:32175681; Eftestøl E et al 2020, J Appl Physiol (1985) 128:456-457; doi:10.1152/japplphysiol.00761.2019; pmid:31854249; Gundersen K et al 2018, J Physiol 596:4289-4290; doi:10.1113/jp276354; pmid:30145845	docs/superpowers/research/wave2-science-strength-training.md § 3. Detraining and retraining	settled	
S0623	strength	strength, power and high-intensity endurance decrement under hypohydration (narrative reading; disagrees with the meta-analysed strength figure)	strength ~−2 %, power ~−3 %, high-intensity endurance (30 s–2 min) ~−10 %; relation with mode, degree and rate of water loss unclear; mechanism probably neuromuscular	critical review; degree of hypohydration could not be related to decrement size	athletic, military and industrial settings	TXT	Judelson DA et al 2007, Sports Med 37:907-921; doi:10.2165/00007256-200737100-00006; pmid:17887814	docs/superpowers/research/wave2-science-strength-training.md § 4. Acute nutrition and strength	settled	
S0624	strength	muscle strength, endurance and power decrement under hypohydration (meta-analysed reading; disagrees with the narrative ~−2 % strength figure)	muscle strength −5.5 ± 1.0 % (upper body −6.2 ± 1.1, lower body −3.7 ± 1.8, NS difference); muscle endurance −8.3 ± 2.3 %; anaerobic power −5.8 ± 2.3 %; anaerobic capacity −3.5 ± 2.3 % (NS); vertical jump +0.9 ± 0.7 % (NS); no significant correlation between degree of hypohydration and any decrement; active (exercise or heat) dehydration an extra −5.4 ± 1.9 % vs passive; trained individuals lost 3.3 ± 1.7 % less (p = 0.06)	28 manuscripts, 85 effect estimates across 7 outcomes	mixed trained and untrained adults	MA	Savoie FA et al 2015, Sports Med 45:1207-1227; doi:10.1007/s40279-015-0349-0; pmid:26178327	docs/superpowers/research/wave2-science-strength-training.md § 4. Acute nutrition and strength	settled	
S0625	strength	physical-performance change under acute sleep loss, including strength	−7.56 % overall, significant for every exercise category including strength (66 outcome measures); ~−0.4 % per additional hour awake before the task; consistent only with deprivation and late restriction; PM tasks impaired, AM tasks largely unaffected	95 % CI −11.9 to −3.13, p = 0.001, I² = 98 %	69 publications, 227 outcomes, 89 % male; sleep loss = ≤6 h in 24 h	MA	Craven J et al 2022, Sports Med 52:2669-2690; doi:10.1007/s40279-022-01706-y; pmid:35708888	docs/superpowers/research/wave2-science-strength-training.md § 4. Acute nutrition and strength	superseded	S0762, S0763, S0764, S0765, S0766
S0626	caffeine	maximal strength and power gain from caffeine	maximal strength SMD 0.20; power SMD 0.17; upper-body strength SMD 0.21 significant; lower-body strength SMD 0.15 not significant	95 % CI 0.03–0.36 (strength, p = 0.023); 0.00–0.34 (power, p = 0.047); lower body p = 0.147; 10 studies per outcome	mostly young men	MA	Grgic J et al 2018, J Int Soc Sports Nutr 15:11; doi:10.1186/s12970-018-0216-0; pmid:29527137	docs/superpowers/research/wave2-science-strength-training.md § 4. Acute nutrition and strength	settled	
S0627	caffeine	ergogenic effect of caffeine across exercise types	ergogenic for aerobic endurance, muscle strength, muscle endurance, power, jumping and speed; moderate GRADE quality for muscle endurance, strength, anaerobic power and aerobic endurance; generally greater for aerobic than anaerobic exercise	11 reviews, 21 meta-analyses; not all analyses had a definite direction once the 95 % prediction interval was considered	healthy adults, mostly young men	MA	Grgic J et al 2020, Br J Sports Med 54:681-688; doi:10.1136/bjsports-2018-100278; pmid:30926628	docs/superpowers/research/wave2-science-strength-training.md § 4. Acute nutrition and strength	settled	
S0628	strength	strength-training performance change with higher carbohydrate intake	no effect in a fed state for workouts up to 10 sets per muscle: no improvement in 13 of 19 acute studies; benefit mainly vs fasted controls and >10 sets; no dose-response; none of 7 short-term (2–7 d) manipulations helped; 15 of 17 long-term studies showed no effect; no benefit vs isocaloric controls after glycogen depletion	49 studies, unpooled; lack of isocaloric controls and sensory-matched placebos flagged	strength trainees and athletes, recreationally active, untrained	MA	Henselmans M et al 2022, Nutrients 14:856; doi:10.3390/nu14040856; pmid:35215506	docs/superpowers/research/wave2-science-strength-training.md § 4. Acute nutrition and strength	settled	
S0629	lean-mass	muscle hypertrophy with higher carbohydrate intake under isonitrogenous conditions	SMD 0.15, p = 0.23 (no significant effect); isocaloric subgroup SMD 0.15, p = 0.60	11 studies; GRADE certainty low	healthy adults in resistance training	MA	Henselmans M et al 2026, Sports Med 56:691-702; doi:10.1007/s40279-025-02341-z; pmid:41712097	docs/superpowers/research/wave2-science-strength-training.md § 4. Acute nutrition and strength	settled	
S0630	alcohol	alcohol dose below which recovery is unlikely to be impaired	~0.5 g/kg body weight; at higher doses acute alcohol may impair immunoendocrine function, blood flow and protein synthesis and so recovery from muscle injury	narrative review; dose-dependence is the load-bearing claim	male athletes	TXT	Barnes MJ 2014, Sports Med 44:909-919; doi:10.1007/s40279-014-0192-8; pmid:24748461	docs/superpowers/research/wave2-science-strength-training.md § 4. Acute nutrition and strength	superseded	S0718
S0631	alcohol	suppression of myofibrillar protein synthesis by post-exercise alcohol	1.5 g/kg alcohol (12 ± 2 standard drinks) reduced myofibrillar protein synthesis by 24 % with 25 g whey and by 37 % with carbohydrate vs protein alone	n = 8, randomised crossover	physically active men after concurrent exercise	RCT	Parr EB et al 2014, PLoS One 9:e88384; doi:10.1371/journal.pone.0088384; pmid:24533082	docs/superpowers/research/wave2-science-strength-training.md § 4. Acute nutrition and strength	settled	
S0632		maximal voluntary strength under experimentally induced hypoglycaemia in healthy adults			no trial or review found in Europe PMC (also Gaps item 3); a hypoglycaemic-clamp strength trial would settle it			docs/superpowers/research/wave2-science-strength-training.md § 4. Acute nutrition and strength	open	
S0633	vitamin-d	muscle-strength effect of vitamin D supplementation by age (larger synthesis; disagrees with Tomlinson 2015 on young adults)	global strength SMD 0.17 (p = 0.02); no effect on muscle mass (SMD 0.058) or power (SMD 0.057); larger where baseline 25(OH)D <30 nmol/L; adults ≥65 y SMD 0.25, younger SMD 0.03	≥65 y 95 % CI 0.01–0.48; younger 95 % CI −0.08 to 0.14; 30 RCTs, all forms and doses pooled	n = 5615, mean age 61.1 y, mostly older adults	MA	Beaudart C et al 2014, J Clin Endocrinol Metab 99:4336-4345; doi:10.1210/jc.2014-1742; pmid:25033068	docs/superpowers/research/wave2-science-strength-training.md § 5. Micronutrients and strength	settled	
S0634	vitamin-d	upper- and lower-limb strength effect of vitamin D in young healthy adults (young-adult synthesis; disagrees with Beaudart 2014's younger subgroup)	upper-limb SMD 0.32; lower-limb SMD 0.32	95 % CI 0.10–0.54 (p = 0.005) upper; 0.01–0.63 (p = 0.04) lower; 7 trials	healthy adults 18–40 y, n = 310, 67 % female, 4 wk to 6 mo, 4000 IU/d to 60 000 IU/wk	MA	Tomlinson PB et al 2015, J Sci Med Sport 18:575-580; doi:10.1016/j.jsams.2014.07.022; pmid:25156880	docs/superpowers/research/wave2-science-strength-training.md § 5. Micronutrients and strength	settled	
S0635	iron	effect of iron deficiency on work capacity	strong causal effect of severe and moderate iron-deficiency anaemia on aerobic capacity; endurance compromised; energetic efficiency affected at all levels of deficiency including without anaemia; reduced field work productivity; no maximal-strength outcome	29 research reports	humans and animals, all levels of deficiency	MA	Haas JD & Brownlie T 2001, J Nutr 131:676S-688S; doi:10.1093/jn/131.2.676s; pmid:11160598	docs/superpowers/research/wave2-science-strength-training.md § 5. Micronutrients and strength	superseded	S0694, S0695
S0636	iron	performance gain from iron supplementation	VO2max +2.35 mL/kg/min; VO2max SMD 0.37; submaximal heart rate −4.05 bpm and −2.68 % of VO2max for the same workload; no strength outcome reported	95 % CI 0.82–3.88 (18 studies); SMD 95 % CI 0.11–0.62; 24 studies, 3 at overall low risk of bias	women of reproductive age	MA	Pasricha SR et al 2014, J Nutr 144:906-914; doi:10.3945/jn.113.189589; pmid:24717371	docs/superpowers/research/wave2-science-strength-training.md § 5. Micronutrients and strength	superseded	S0696, S0697
S0637	general	association of mineral intakes with muscle mass, strength and physical performance in older adults	only 10 studies met inclusion; magnesium, selenium, iron and zinc intakes positively associated with physical performance (one observational study each); magnesium supplementation improved performance in one RCT; magnesium, selenium, calcium and phosphorus intakes associated with sarcopenia prevalence; no study for sodium or potassium	overwhelmingly observational	healthy or frail older adults, mean age ≥65 y	MA	van Dronkelaar C et al 2018, J Am Med Dir Assoc 19:6-11.e3; doi:10.1016/j.jamda.2017.05.026; pmid:28711425	docs/superpowers/research/wave2-science-strength-training.md § 5. Micronutrients and strength	settled	
S0638	zinc	association of dietary zinc with muscle mass and strength	dietary zinc intake associated with skeletal muscle mass and strength	cross-sectional, association only; the 1982 controlled study is not a usable effect size	children and adolescents	COH	Kong FS & Ma CM 2024, Clin Pediatr (Phila) 63:313-317; doi:10.1177/00099228231171242; pmid:37139808; Krotkiewski M et al 1982, Acta Physiol Scand 116:309-311; doi:10.1111/j.1748-1716.1982.tb07146.x; pmid:7168359	docs/superpowers/research/wave2-science-strength-training.md § 5. Micronutrients and strength	settled	
S0639	essential-fats	effect of omega-3 supplementation on fat-free mass and muscle strength	no clear effect: FFM SMD 0.26, strength SMD −0.02	FFM 95 % CI −1.14 to 1.66 (p = 0.60, 4 studies); strength 95 % CI −0.38 to 0.34 (p = 0.92, 8 studies, 22 dependent effects); GRADE certainty very low	healthy adults without obesity	MA	Silva AMF et al 2026, Nutrition 153:113378; doi:10.1016/j.nut.2026.113378; pmid:42735611	docs/superpowers/research/wave2-science-strength-training.md § 5. Micronutrients and strength	settled	
S0640		effect of omega-3 on muscle and whole-body protein synthesis			the report consulted the omega-3 synthesis literature for direction only and took no effect size; a meta-analytic effect size would settle it			docs/superpowers/research/wave2-science-strength-training.md § 5. Micronutrients and strength	open	
S0641	strength	strength and power gain from creatine with resistance training	bench/chest press +1.43 kg (p = 0.002), squat +5.64 kg (p = 0.001), vertical jump +1.48 cm (p = 0.01), Wingate peak power +47.8 W (p = 0.004); handgrip +4.26 kg (p = 0.10) and leg press +3.13 kg (p = 0.11) not significant; significant in younger not older adults, in males not females	69 studies, n = 1937	adults, mixed training status, supplementation vs placebo	MA	Kazeminasab F et al 2025, Nutrients 17:2748; doi:10.3390/nu17172748; pmid:40944139	docs/superpowers/research/wave2-science-strength-training.md § 5. Micronutrients and strength	settled	
S0642	general	habitual dietary creatine intake with health benefit	~3 g/day habitual intake; supplementation safe up to 30 g/day for 5 y	position stand	healthy individuals and patients	AUTH	Kreider RB et al 2017, J Int Soc Sports Nutr 14:18; doi:10.1186/s12970-017-0173-z; pmid:28615996	docs/superpowers/research/wave2-science-strength-training.md § 5. Micronutrients and strength	settled	
S0643	strength	upper-limb strength gain from creatine supplementation (earlier synthesis)	upper-limb strength benefit from creatine supplementation	superseded for effect sizes by Kazeminasab 2025; cited for the record	adults	MA	Lanhers C et al 2017, Sports Med 47:163-173; doi:10.1007/s40279-016-0571-4; pmid:27328852	docs/superpowers/research/wave2-science-strength-training.md § 5. Micronutrients and strength	settled	
S0644	strength	relation of knee-extensor strength to muscle cross-sectional area, and strength per unit CSA	significant positive correlation between MVC and mid-thigh extensor CSA in both sexes (p < 0.01); strength/CSA 9.49 ± 1.34 (men) vs 8.92 ± 1.11 (women), NS (unit not given in the abstract); strength not a useful predictor of CSA between subjects	wide between-subject variation in the ratio	25 young men and 25 young women, CT	COH	Maughan RJ et al 1983, J Physiol 338:37-49; doi:10.1113/jphysiol.1983.sp014658; pmid:6875963	docs/superpowers/research/wave2-science-strength-training.md § 6. Strength vs lean mass	superseded	S0082
S0645	strength	correlation of strength with lean body mass	r = 0.50 (p < 0.01) in men; no significant correlation in women	single cross-sectional study	25 young men and 25 young women	COH	Maughan RJ et al 1983, J Physiol 338:37-49; doi:10.1113/jphysiol.1983.sp014658; pmid:6875963	docs/superpowers/research/wave2-science-strength-training.md § 6. Strength vs lean mass	superseded	S0083
S0646	strength	correlation of strength with total body weight	no significant correlation in either sex	single cross-sectional study	25 young men and 25 young women	COH	Maughan RJ et al 1983, J Physiol 338:37-49; doi:10.1113/jphysiol.1983.sp014658; pmid:6875963	docs/superpowers/research/wave2-science-strength-training.md § 6. Strength vs lean mass	superseded	S0084
S0647	strength	allometric exponent for normalising strength to body mass	S = F / m^b with b = 0.67 for muscle force (dynamometry) and b = 1 for muscle torque (isokinetic)	recommended exponents from geometric similarity plus empirical review	humans, strength-testing methodology	TXT	Jaric S 2002, Sports Med 32:615-631; doi:10.2165/00007256-200232100-00002; pmid:12141882	docs/superpowers/research/wave2-science-strength-training.md § 6. Strength vs lean mass	superseded	S0085
S0648	strength	strength and muscle morphology of long-term trained vs untrained men	maximal voluntary torque +60 %, muscle volume +56 %, physiological CSA +41 %, specific tension +9 %, patellar-tendon moment arm +4 %, fascicle length +11 %; muscle size the primary explanation	cross-sectional, n = 16 trained (4.0 ± 0.8 y) vs 52 untrained	young men	COH	Maden-Wilkinson TM et al 2020, J Appl Physiol (1985) 128:1000-1011; doi:10.1152/japplphysiol.00224.2019; pmid:31873069	docs/superpowers/research/wave2-science-strength-training.md § 6. Strength vs lean mass	settled	
S0649	strength	specific tension of human muscle in vivo	best estimate 26.8 N/cm²; reported range 2–73 N/cm²; accepted mammalian figure 22.5 N/cm²	30 studies, 96 values, weighted by directness of measurement	human in vivo	MA	Persad LS et al 2024, J Appl Physiol (1985) 137:945-962; doi:10.1152/japplphysiol.00296.2024; pmid:39169839	docs/superpowers/research/wave2-science-strength-training.md § 6. Strength vs lean mass	settled	
S0650	strength	contribution of exercise-induced size change to strength change (disputed: against and for)	argued both ways; the disagreement concerns within-person change, not the cross-sectional size-strength relation	two editorials, no new data	argument, no study population	TXT	Loenneke JP et al 2019, Sports Med 49:987-991; doi:10.1007/s40279-019-01106-9; pmid:31020548; Taber CB et al 2019, Sports Med 49:993-997; doi:10.1007/s40279-019-01107-8; pmid:31016546	docs/superpowers/research/wave2-science-strength-training.md § 6. Strength vs lean mass	settled	
S0651	strength	strength per unit fat-free mass in obese vs lean women	absolute isokinetic strength larger in obese (knee flexion and handgrip NS); correlation with FFM r = 0.28–0.53 lean, 0.29–0.49 obese; with fat mass none in lean, r = 0.21–0.39 in obese; after allometric correction for FFM every strength measure ≥6 % lower in obese except trunk flexion (≥8 % stronger)	n = 173 obese (BMI 37.8 ± 5.3) vs 80 lean (BMI 22.0 ± 2.2), matched for age and physical activity	women, mean age ~40 y	COH	Hulens M et al 2001, Int J Obes Relat Metab Disord 25:676-681; doi:10.1038/sj.ijo.0801560; pmid:11360150	docs/superpowers/research/wave2-science-strength-training.md § 6. Strength vs lean mass	settled	
S0652	strength	absolute vs body-mass-normalised strength in obesity	obese individuals at any age have greater absolute maximum strength but are weaker normalised to body mass; evidence normalised to muscle mass is limited and discrepant	narrative review; co-activation, architecture and activity measurement confound the muscle-quality question	adolescents to old age	TXT	Tomlinson DJ et al 2016, Biogerontology 17:467-483; doi:10.1007/s10522-015-9626-4; pmid:26667010	docs/superpowers/research/wave2-science-strength-training.md § 6. Strength vs lean mass	settled	
S0653		energy density of lean tissue lost under deficit overflow (kcal/kg)			a value from the Hall/Forbes partitioning literature would settle it			docs/superpowers/research/wave2-science-strength-training.md § Gaps	superseded	S0126
S0654		creatine content of raw beef, pork, chicken and fish per kilogram			a food-composition source would settle it			docs/superpowers/research/wave2-science-strength-training.md § Gaps	open	
S0655		per-week decay function of strength after training cessation			Bosquet 2013 reports a duration dose-response but no per-week function in the abstract; its full text or a fitted curve would settle it			docs/superpowers/research/wave2-science-strength-training.md § Gaps	open	
S0656		per-week hypertrophy rate by training volume (Wernbom 2007 table)			the table is paywalled and unresolved since wave 1			docs/superpowers/research/wave2-science-strength-training.md § Gaps	superseded	S0125
S0657		week-by-week strength and grip decline under 24 wk semi-starvation (Minnesota 1950 monograph)			the monograph is not indexed; only the 2005 historical account is verified			docs/superpowers/research/wave2-science-strength-training.md § Gaps	open	
S0658		maximal strength under combined underfeeding, sleep loss, dehydration and heavy work			no study measures the stressors together; how the single-stressor terms compose is untested			docs/superpowers/research/wave2-science-strength-training.md § Gaps	open	
S0659		sex difference in the strength response to training and to acute stressors			samples are mostly male (Pelland 79 %, Craven 89 %) and subgroup effects diverge; a sex-stratified synthesis would settle it			docs/superpowers/research/wave2-science-strength-training.md § Gaps	open	
S0660		direction of Marusic 2021's strength-decline-to-atrophy ratio (the abstract's label vs its prose)			the full text is not open in Europe PMC; a full-text read would settle it			docs/superpowers/research/wave2-science-strength-training.md § Gaps	open	
S0661	aerobic-capacity	VO₂max gain from continuous endurance training vs no-exercise control	+4.9 mL·kg⁻¹·min⁻¹ (possibly large beneficial effect)	95 % confidence limits ±1.4	28 controlled trials, 723 participants, healthy 18-45 y (25.1 ± 5 y), baseline VO₂max 40.8 ± 7.9 mL·kg⁻¹·min⁻¹, training ≥2 wk	MA	Milanović Z et al 2015, Sports Med 45:1469-1481; doi:10.1007/s40279-015-0365-0; pmid:26243014	docs/superpowers/research/wave2-science-endurance-fitness.md § 1. Training and aerobic fitness	settled	
S0662	aerobic-capacity	VO₂max gain from high-intensity interval training vs no-exercise control	+5.5 mL·kg⁻¹·min⁻¹ (likely large)	±1.2	28 controlled trials, 723 participants, healthy 18-45 y (25.1 ± 5 y), baseline VO₂max 40.8 ± 7.9 mL·kg⁻¹·min⁻¹, training ≥2 wk	MA	Milanović Z et al 2015, Sports Med 45:1469-1481; doi:10.1007/s40279-015-0365-0; pmid:26243014	docs/superpowers/research/wave2-science-endurance-fitness.md § 1. Training and aerobic fitness	settled	
S0663	aerobic-capacity	VO₂max advantage of high-intensity interval training over continuous training	+1.2 mL·kg⁻¹·min⁻¹ (possibly small beneficial)	±0.9	28 controlled trials, 723 participants, healthy 18-45 y (25.1 ± 5 y), baseline VO₂max 40.8 ± 7.9 mL·kg⁻¹·min⁻¹, training ≥2 wk	MA	Milanović Z et al 2015, Sports Med 45:1469-1481; doi:10.1007/s40279-015-0365-0; pmid:26243014	docs/superpowers/research/wave2-science-endurance-fitness.md § 1. Training and aerobic fitness	settled	
S0664	aerobic-capacity	extra VO₂max gain from a low starting fitness	endurance training +1.4 (±2.0); HIIT +3.2 (±1.9) mL·kg⁻¹·min⁻¹	limits overlap for the endurance arm; the HIIT modifier likely moderate	28 controlled trials, 723 participants, healthy 18-45 y (25.1 ± 5 y), baseline VO₂max 40.8 ± 7.9 mL·kg⁻¹·min⁻¹, training ≥2 wk	MA	Milanović Z et al 2015, Sports Med 45:1469-1481; doi:10.1007/s40279-015-0365-0; pmid:26243014	docs/superpowers/research/wave2-science-endurance-fitness.md § 1. Training and aerobic fitness	settled	
S0665	aerobic-capacity	extra VO₂max gain from a longer programme	endurance training +2.2 (±3.0); HIIT +3.0 (±1.9) mL·kg⁻¹·min⁻¹	limits cross zero for the endurance arm	28 controlled trials, 723 participants, healthy 18-45 y (25.1 ± 5 y), baseline VO₂max 40.8 ± 7.9 mL·kg⁻¹·min⁻¹, training ≥2 wk	MA	Milanović Z et al 2015, Sports Med 45:1469-1481; doi:10.1007/s40279-015-0365-0; pmid:26243014	docs/superpowers/research/wave2-science-endurance-fitness.md § 1. Training and aerobic fitness	settled	
S0666	aerobic-capacity	absolute VO₂max gain from interval training	+0.51 L·min⁻¹	95 % CI 0.43-0.60, I² = 70, random effects; a 9-study, 72-subject subset using longer intervals gained ~0.8-0.9 L·min⁻¹ with a marked response in all subjects	37 studies, 40 training groups, 334 sedentary-to-recreationally-active subjects (120 women) under 45 y; 6-13 wk, ≥3 d/wk, ≥10 min high-intensity work	MA	Bacon AP et al 2013, PLoS One 8:e73182; doi:10.1371/journal.pone.0073182; pmid:24066036	docs/superpowers/research/wave2-science-endurance-fitness.md § 1. Training and aerobic fitness	settled	
S0667	aerobic-capacity	dose-response of VO₂max gain to training intensity	none detectable: meta-regression on intensity, session dose, baseline VO₂max and volume Q₄ = 1.36, p = 0.85, R² = 0.05; tertiles ~60-70 %, ~80-92.5 %, ~100-250 % VO₂max gave +0.29 ± 0.15, +0.26 ± 0.10, +0.35 ± 0.17 L·min⁻¹ (ES 0.77, 0.68, 0.80), not different	the null is the finding, despite lower session dose and total volume in the higher tertiles	28 studies, young healthy adults (23 ± 1 y, VO₂max 3.4 ± 0.8 L·min⁻¹)	MA	Scribbans TD et al 2016, Int J Exerc Sci 9:230-247; doi:10.70252/hhbr9374; pmid:27182424	docs/superpowers/research/wave2-science-endurance-fitness.md § 1. Training and aerobic fitness	settled	
S0668	aerobic-capacity	time course of VO₂max adaptation to a fixed training load	rises for the first 3 wk then constant unless the work rate is raised; half-time of the rise 10.3 and 10.8 days over two successive blocks; +23 % over 9 wk	n = 9, single-arm, no control group; submaximal heart rate and lactate fall within 2-3 wk of each step-up	9 adults, 40 min/d, 6 d/wk cycling and running	EXP	Hickson RC et al 1981, Med Sci Sports Exerc 13:17-20; doi:10.1249/00005768-198101000-00012; pmid:7219130	docs/superpowers/research/wave2-science-endurance-fitness.md § 1. Training and aerobic fitness	settled	
S0669	aerobic-capacity	VO₂max maintenance at reduced training frequency	4 or 2 d/wk at unchanged intensity and duration held VO₂max at the trained level for 15 wk	n = 12; both reduced groups behaved the same; prior gain +25 % cycling, +20 % treadmill after 10 wk at 6 d/wk	12 adults (mean 23 y), parallel reduced-training arms	EXP	Hickson RC, Rosenkoetter MA 1981, Med Sci Sports Exerc 13:13-16; doi:10.1249/00005768-198101000-00011; pmid:7219129	docs/superpowers/research/wave2-science-endurance-fitness.md § 1. Training and aerobic fitness	settled	
S0670	aerobic-capacity	VO₂max and endurance maintenance at reduced session duration	26 or 13 min/d (from 40) held VO₂max and ~5-min endurance for 15 wk; ≥2 h endurance held at 26 min but fell 10 % (139 to 123 min) at 13 min; left-ventricular mass stayed +15-20 %	n = 13	13 adults, 10 wk training then 15 wk reduced, parallel reduced-training arms	EXP	Hickson RC et al 1982, J Appl Physiol 53:225-229; doi:10.1152/jappl.1982.53.1.225; pmid:6214534	docs/superpowers/research/wave2-science-endurance-fitness.md § 1. Training and aerobic fitness	settled	
S0671	aerobic-capacity	VO₂max and endurance loss when training intensity is cut	a ⅓ or ⅔ work-rate cut at unchanged frequency and duration lost VO₂max (still above pre-training); long-term endurance fell 21 % (184 to 145 min) at ⅓ and 30 % (202 to 141 min) at ⅔; calculated left-ventricular mass returned to control	n = 12; the ⅔ group lost more than the ⅓ group	12 adults, 10 wk training then 15 wk reduced, parallel reduced-training arms	EXP	Hickson RC et al 1985, J Appl Physiol 58:492-499; doi:10.1152/jappl.1985.58.2.492; pmid:3156841	docs/superpowers/research/wave2-science-endurance-fitness.md § 1. Training and aerobic fitness	settled	
S0672	aerobic-capacity	VO₂max change on short-term training cessation (<4 wk)	ES = −0.62	95 % CI −0.94 to −0.31, p < 0.01, I² = 35.3 %	21 studies of trained individuals (from 3315 screened)	MA	Zheng J et al 2022, Biomed Res Int 2022:2130993; doi:10.1155/2022/2130993; pmid:36017396	docs/superpowers/research/wave2-science-endurance-fitness.md § 1. Training and aerobic fitness	settled	
S0673	aerobic-capacity	VO₂max change on long-term training cessation (>4 wk)	ES = −1.42, larger than short-term (Q = 6.5, p = 0.01)	95 % CI −1.99 to −0.84, I² = 76.3 %, Egger p < 0.01 (small-study bias likely)	21 studies of trained individuals (from 3315 screened)	MA	Zheng J et al 2022, Biomed Res Int 2022:2130993; doi:10.1155/2022/2130993; pmid:36017396	docs/superpowers/research/wave2-science-endurance-fitness.md § 1. Training and aerobic fitness	settled	
S0674	aerobic-capacity	what detraining removes	recently acquired VO₂max gains are completely lost; a long-trained athlete's VO₂max declines markedly but stays above control; blood volume, cardiac dimensions, ventilatory efficiency and stroke volume go first, then capillarisation, a-vO₂ difference and oxidative enzymes; muscle glycogen returns to baseline and the lactate threshold falls; reduced training limits the loss as long as intensity is kept	narrative review in two parts, split at 4 weeks	trained athletes and recently trained individuals	TXT	Mujika I, Padilla S 2000, Sports Med 30:79-87; doi:10.2165/00007256-200030020-00002; pmid:10966148; Mujika I, Padilla S 2000, Sports Med 30:145-154; doi:10.2165/00007256-200030030-00001; pmid:10999420	docs/superpowers/research/wave2-science-endurance-fitness.md § 1. Training and aerobic fitness	settled	
S0675	aerobic-capacity	VO₂max decline under strict bed rest	linear with days: −0.30 %/day in L·min⁻¹, −0.43 %/day per kg body weight (difference not significant)	15-26 % of the variance in the decline explained by pre-bed-rest VO₂max (the fitter lose more); body-weight and lean-mass loss not associated with the decline	80 studies since 1949, 949 participants (>90 % men), median age 24.5 y, 1-90 days of bed rest without countermeasures	MA	Ried-Larsen M et al 2017, J Appl Physiol 123:790-799; doi:10.1152/japplphysiol.00415.2017; pmid:28705999	docs/superpowers/research/wave2-science-endurance-fitness.md § 1. Training and aerobic fitness	settled	
S0676	aerobic-capacity	between-individual spread and heritability of the VO₂max training response	mean ≈+400 mL·min⁻¹ over 20 wk, from little or none to >1.0 L·min⁻¹; between-family variance 2.5× within-family; heritability of the response ≈47 %	the spread, not the mean, is the finding	481 sedentary adults from 98 two-generation families, 20 wk cycle training (HERITAGE)	COH	Bouchard C et al 1999, J Appl Physiol 87:1003-1008; doi:10.1152/jappl.1999.87.3.1003; pmid:10484570	docs/superpowers/research/wave2-science-endurance-fitness.md § 1. Training and aerobic fitness	settled	
S0677	aerobic-capacity	exercise prescription for developing and maintaining cardiorespiratory fitness	≥30 min/d on ≥5 d/wk moderate (≥150 min/wk), or ≥20 min/d on ≥3 d/wk vigorous (≥75 min/wk), or a combination of ≥500-1000 MET·min/wk; resistance work 2-3 d/wk	position stand; people doing less than the target still benefit	apparently healthy adults of all ages	AUTH	Garber CE et al (ACSM position stand) 2011, Med Sci Sports Exerc 43:1334-1359; doi:10.1249/mss.0b013e318213fefb; pmid:21694556	docs/superpowers/research/wave2-science-endurance-fitness.md § 1. Training and aerobic fitness	settled	
S0678	aerobic-capacity	supplementary training modalities that raise VO₂max above continued normal training in trained athletes	5 of 11 beat normal training: blood-flow-restriction training, HIIT, intermittent hypoxic training, sprint interval training, small-sided games; HIIT and SIT most consistent, with a dose-response NMA over 31 studies	Bayesian network meta-analysis; confidence assessed with CINeMA	61 studies, healthy trained athletes	MA	Li D et al 2026, Front Physiol 17:1906583; doi:10.3389/fphys.2026.1906583; pmid:42597392	docs/superpowers/research/wave2-science-endurance-fitness.md § 1. Training and aerobic fitness	settled	
S0679	glycogen	resting muscle glycogen at normal carbohydrate availability	462 ± 132 mmol·kg⁻¹ dry muscle	SD as shown; at VO₂max 53 ± 8 mL·kg⁻¹·min⁻¹	meta-regression over 181 muscle-biopsy studies of continuous or intermittent cycling and running in healthy participants; males, vastus lateralis	MA	Areta JL, Hopkins WG 2018, Sports Med 48:2091-2102; doi:10.1007/s40279-018-0941-1; pmid:29923148	docs/superpowers/research/wave2-science-endurance-fitness.md § 2. Carbohydrate and energy availability	settled	
S0680	glycogen	change in resting muscle glycogen with dietary carbohydrate availability	high availability +102 mmol·kg⁻¹ dry muscle (moderate increase); low availability (depletion plus low-CHO diet) −253 mmol·kg⁻¹ (very large decrease)	±47 and ±30 (90 % CL); high = ≥6 g·kg⁻¹·d⁻¹ for ≥3 d or ≥7 g·kg⁻¹·d⁻¹ for ≥2 d	meta-regression over 181 muscle-biopsy studies of continuous or intermittent cycling and running in healthy participants; males, vastus lateralis	MA	Areta JL, Hopkins WG 2018, Sports Med 48:2091-2102; doi:10.1007/s40279-018-0941-1; pmid:29923148	docs/superpowers/research/wave2-science-endurance-fitness.md § 2. Carbohydrate and energy availability	settled	
S0681	glycogen	change in resting muscle glycogen per +10 mL·kg⁻¹·min⁻¹ VO₂max	+67 mmol·kg⁻¹ dry muscle at normal CHO; +29 at low; +80 at high	±15, ±44, ±40 (90 % CL)	meta-regression over 181 muscle-biopsy studies of continuous or intermittent cycling and running in healthy participants; males, vastus lateralis	MA	Areta JL, Hopkins WG 2018, Sports Med 48:2091-2102; doi:10.1007/s40279-018-0941-1; pmid:29923148	docs/superpowers/research/wave2-science-endurance-fitness.md § 2. Carbohydrate and energy availability	settled	
S0682	glycogen	muscle glycogen utilisation by exercise intensity, fitness and mode	+30 % of VO₂max in intensity raised use by 41 (±20) mmol·kg⁻¹ at 5 min and 87-134 mmol·kg⁻¹ at later timepoints; +10 mL·kg⁻¹·min⁻¹ VO₂max mainly trivial; CHO ingestion and continuous vs intermittent trivial; running used 70 (±32) mmol·kg⁻¹ less than cycling	a starting store 200 mmol·kg⁻¹ higher raised use at fatigue by 143 (±33)	meta-regression over 181 muscle-biopsy studies of continuous or intermittent cycling and running in healthy participants	MA	Areta JL, Hopkins WG 2018, Sports Med 48:2091-2102; doi:10.1007/s40279-018-0941-1; pmid:29923148	docs/superpowers/research/wave2-science-endurance-fitness.md § 2. Carbohydrate and energy availability	settled	
S0683	glycogen	muscle glycogen depletion rate during hard prolonged exercise	51.5 ± 5.4 mmol glucosyl units·kg⁻¹·h⁻¹ over the first 2 h at 71 % VO₂max, slowing to 23.0 ± 14.3 in the third hour	n = 7	7 endurance-trained cyclists exercising to fatigue at 71 ± 1 % VO₂max, crossover	RCT	Coyle EF et al 1986, J Appl Physiol 61:165-172; doi:10.1152/jappl.1986.61.1.165; pmid:3525502	docs/superpowers/research/wave2-science-endurance-fitness.md § 2. Carbohydrate and energy availability	settled	
S0684	glycogen	time to fatigue and plasma glucose at fatigue, without and with carbohydrate feeding	placebo: fatigue at 3.02 ± 0.19 h preceded by plasma glucose falling to 2.5 ± 0.5 mM and RER 0.85 to 0.80; CHO feeding (2.0 g·kg⁻¹ then 0.4 g·kg⁻¹ every 20 min) held glucose at 4.2-5.2 mM and extended fatigue to 4.02 ± 0.33 h (+33 %, p < 0.01) with muscle glycogen use unchanged over the first 3 h	n = 7	7 endurance-trained cyclists exercising to fatigue at 71 ± 1 % VO₂max, crossover	RCT	Coyle EF et al 1986, J Appl Physiol 61:165-172; doi:10.1152/jappl.1986.61.1.165; pmid:3525502	docs/superpowers/research/wave2-science-endurance-fitness.md § 2. Carbohydrate and energy availability	settled	
S0685	glycogen	share of trials showing a performance benefit of carbohydrate supplementation over water	82 % (50 of 61) significant benefit, 18 % no change; benefit size correlates with total exercise duration (p = 0.0036)	61 randomised trials	61 randomised performance trials, 679 mixed trained adults; all-out or endurance protocols, no team sports, carbohydrate only vs water	MA	Stellingwerff T, Cox GR 2014, Appl Physiol Nutr Metab 39:998-1011; doi:10.1139/apnm-2014-0027; pmid:24951297	docs/superpowers/research/wave2-science-endurance-fitness.md § 2. Carbohydrate and energy availability	settled	
S0686	glycogen	mechanism of the carbohydrate benefit by exercise duration	~1 h: central (oral carbohydrate receptors, reward centres), type and amount absorbed irrelevant; >2 h: delivery, with >90 g/h oxidation helped by multiple transportable carbohydrates (glucose:fructose)		61 randomised performance trials, 679 mixed trained adults; all-out or endurance protocols, no team sports, carbohydrate only vs water	MA	Stellingwerff T, Cox GR 2014, Appl Physiol Nutr Metab 39:998-1011; doi:10.1139/apnm-2014-0027; pmid:24951297	docs/superpowers/research/wave2-science-endurance-fitness.md § 2. Carbohydrate and energy availability	settled	
S0687	glycogen	effect of a ketogenic low-carbohydrate high-fat diet on endurance performance, pooled	no significant effect on VO₂max, time to exhaustion, HRmax or RPE; significant effect only on substrate oxidation (RER)	10 studies; the authors call for higher-quality interventions	endurance athletes	MA	Cao J et al 2021, Nutrients 13:2896; doi:10.3390/nu13082896; pmid:34445057	docs/superpowers/research/wave2-science-endurance-fitness.md § 2. Carbohydrate and energy availability	settled	
S0688	glycogen	effect of a low-carbohydrate high-fat diet on exercise economy and performance in elite athletes	3 wk intensified training raised VO₂peak in all three diet arms (90 % CI 2.55-5.20 %), but LCHF (<50 g/d CHO, 78 % energy as fat) raised the O₂ cost of race walking at race speeds and impaired performance: no improvement in 10 km race-walk time against a 5-7 % improvement in the carbohydrate arms; peak fat oxidation 1.57 ± 0.32 g·min⁻¹	n = 29 in three isoenergetic arms (HCHO 9, PCHO 10, LCHF 10)	world-class elite race walkers	RCT	Burke LM et al 2017, J Physiol 595:2785-2807; doi:10.1113/JP273230; pmid:28012184	docs/superpowers/research/wave2-science-endurance-fitness.md § 2. Carbohydrate and energy availability	settled	
S0689	glycogen	fat oxidation and intensity limit after keto-adaptation	fat oxidation roughly doubles to ~1.5 g·min⁻¹ within 3-4 wk (possibly 5-10 days); intensity of peak fat oxidation shifts from ~45 % to ~70 % VO₂max; performance above ~80 % VO₂max may be compromised by impaired glycogen use; responsiveness varies at both extremes	evidence for glycogen normalisation with long adaptation called weak	elite endurance athletes	TXT	Burke LM 2021, J Physiol 599:819-843; doi:10.1113/JP278928; pmid:32358802	docs/superpowers/research/wave2-science-endurance-fitness.md § 2. Carbohydrate and energy availability	settled	
S0690	energy	effect of intermittent (Ramadan) fasting on physical performance	deleterious on mean and peak power (Wingate, repeated sprint) and on morning sprint performance; aerobic performance, strength, jump height, fatigue index and total work unaffected	11 studies, random effects; most parameters unaffected	athletes fasting during Ramadan (daytime food and fluid restriction)	MA	Abaïdia AE et al 2020, Sports Med 50:1009-1026; doi:10.1007/s40279-020-01257-0; pmid:31960369	docs/superpowers/research/wave2-science-endurance-fitness.md § 2. Carbohydrate and energy availability	settled	
S0691	energy	energy availability threshold below which LH pulsatility is disrupted	30 kcal·kg lean body mass⁻¹·d⁻¹: unaffected at 30, below it LH pulse frequency fell and amplitude rose (p < 0.04), tracking plasma glucose, β-hydroxybutyrate, GH and cortisol; the transition lies between 20 and 30 kcal·kg LBM⁻¹·d⁻¹	n = 29; 5-day exposures at 45 vs 10, 20, 30 kcal·kg LBM⁻¹·d⁻¹ with exercise 15 kcal·kg LBM⁻¹·d⁻¹ at 70 % VO₂max; the threshold is for LH pulsatility and bone turnover, not for fatigue	29 regularly menstruating, habitually sedentary young women of normal body composition, randomised crossover	RCT	Loucks AB, Thuma JR 2003, J Clin Endocrinol Metab 88:297-311; doi:10.1210/jc.2002-020369; pmid:12519869; Loucks AB 2007, Sports Med 37:348–352; doi:10.2165/00007256-200737040-00019; pmid:17465605	docs/superpowers/research/wave2-science-endurance-fitness.md § 2. Carbohydrate and energy availability	settled	
S0692	energy	swim performance change over a season under low energy availability	ovarian-suppressed (lower intake and energy availability) −9.8 % 400-m velocity over 12 wk vs +8.2 % in the cyclic group	n = 10 (5 per group); prospective, not randomised	10 junior elite female swimmers, 15-17 y, 12-wk season	COH	Vanheest JL et al 2014, Med Sci Sports Exerc 46:156-166; doi:10.1249/mss.0b013e3182a32b72; pmid:23846160	docs/superpowers/research/wave2-science-endurance-fitness.md § 2. Carbohydrate and energy availability	settled	
S0693	energy	Relative Energy Deficiency in Sport (REDs) definition and model	a syndrome of health and performance outcomes in female and male athletes exposed to low energy availability, impairing multiple systems including the musculoskeletal; the 2023 update adds low carbohydrate availability, a physiological model separating problematic from adaptable LEA exposure, and Clinical Assessment Tool v2 with severity tiers	>170 original papers since the 2018 statement; a consensus, not a pooled estimate; nothing is quoted from the 2018 update, whose record carries no abstract	male and female athletes	AUTH	Mountjoy M et al 2023, Br J Sports Med 57:1073-1097; doi:10.1136/bjsports-2023-106994; pmid:37752011; correction 2024, Br J Sports Med 58:e4; doi:10.1136/bjsports-2023-106994corr1; pmid:38325885; Mountjoy M et al 2018, Br J Sports Med 52:687-697; doi:10.1136/bjsports-2018-099193; pmid:29773536	docs/superpowers/research/wave2-science-endurance-fitness.md § 2. Carbohydrate and energy availability	settled	
S0694	iron	causal effect of iron-deficiency anaemia on aerobic capacity	strong causal effect of severe and moderate iron-deficiency anaemia on aerobic capacity in animals and humans, through reduced oxygen transport with a contribution from reduced cellular oxidative capacity	critical review of 29 reports, not a pooled estimate; no maximal-strength outcome	29 animal and human research reports, field and laboratory, along a severe-to-moderate anaemia to non-anaemic deficiency continuum (critical review)	MA	Haas JD, Brownlie T 2001, J Nutr 131:676S-690S; doi:10.1093/jn/131.2.676S; pmid:11160598	docs/superpowers/research/wave2-science-endurance-fitness.md § 3. Iron and anaemia	settled	
S0695	iron	effect of iron deficiency on endurance capacity and energetic efficiency	endurance capacity also compromised in severe and moderate anaemia; the cellular oxidative-capacity mechanism not demonstrated in humans; energetic efficiency affected at all levels of iron deficiency in humans, including without anaemia; field work productivity reduced	effects without anaemia called more subtle but affecting far more people	29 animal and human research reports, field and laboratory, along a severe-to-moderate anaemia to non-anaemic deficiency continuum (critical review)	MA	Haas JD, Brownlie T 2001, J Nutr 131:676S-690S; doi:10.1093/jn/131.2.676S; pmid:11160598	docs/superpowers/research/wave2-science-endurance-fitness.md § 3. Iron and anaemia	settled	
S0696	iron	VO₂max gain with iron supplementation	relative VO₂max +2.35 mL·kg⁻¹·min⁻¹; absolute +0.11 L·min⁻¹; overall SMD 0.37	95 % CI 0.82-3.88 (p = 0.003, 18 studies); 0.03-0.20 (p = 0.01, 9 studies); 0.11-0.62 (p = 0.005, 20 studies); clearest in iron-deficient and trained women; no strength outcome reported	24 RCTs of daily oral iron vs control in women of reproductive age; only 3 of 24 at overall low risk of bias	MA	Pasricha SR et al 2014, J Nutr 144:906-914; doi:10.3945/jn.113.189589; pmid:24717371	docs/superpowers/research/wave2-science-endurance-fitness.md § 3. Iron and anaemia	settled	
S0697	iron	submaximal exercise cost after iron supplementation	heart rate at a defined workload −4.05 bpm; proportion of VO₂max required −2.68 %	95 % CI −7.25 to −0.85 (p = 0.01, 6 studies); −4.94 to −0.41 (p = 0.02, 6 studies)	24 RCTs of daily oral iron vs control in women of reproductive age; only 3 of 24 at overall low risk of bias	MA	Pasricha SR et al 2014, J Nutr 144:906-914; doi:10.3945/jn.113.189589; pmid:24717371	docs/superpowers/research/wave2-science-endurance-fitness.md § 3. Iron and anaemia	settled	
S0698	iron	effect of iron treatment on iron status and VO₂max in non-anaemic iron-deficient endurance athletes	ferritin g = 1.088 (95 % CI 0.914-1.263), serum iron 1.004, transferrin saturation 0.741; haemoglobin g = 0.695 (0.533-0.836); VO₂max g = 0.610 (95 % CI 0.399-0.821, p < 0.001)	17 studies; treatments beyond 80 days had the least effect on ferritin	iron-deficient non-anaemic endurance athletes	MA	Burden RJ et al 2015, Br J Sports Med 49:1389-1397; doi:10.1136/bjsports-2014-093624; pmid:25361786	docs/superpowers/research/wave2-science-endurance-fitness.md § 3. Iron and anaemia	settled	
S0699	iron	effect of iron supplementation on fatigue vs objective physical capacity in non-anaemic iron-deficient adults (disagrees with the athlete VO₂max pooling)	self-reported fatigue SMD −0.38 (95 % CI −0.52 to −0.23, I² = 0 %, 4 trials, 714 participants); VO₂max SMD 0.11 (95 % CI −0.15 to 0.37, I² = 0 %, 9 trials, 235 participants), no effect on timed exercise tests	18 unique trials, 1170 patients, from 11 580 citations	iron-deficient non-anaemic adults ≥18 y in primary care, not athletes	MA	Houston BL et al 2018, BMJ Open 8:e019240; doi:10.1136/bmjopen-2017-019240; pmid:29626044	docs/superpowers/research/wave2-science-endurance-fitness.md § 3. Iron and anaemia	settled	
S0700	iron	effect of oral iron on iron status and VO₂max in athletes	ferritin SMD 1.27 (95 % CI 0.44-2.10, p = 0.006); haemoglobin SMD 1.31 (−0.29 to 2.93, p = 0.099), sTfR and transferrin saturation unaltered; VO₂max a trend only, SMD 0.49 (95 % CI −0.09 to 1.07, p = 0.086)	13 studies, n = 449; GRADE quality moderate to low	healthy adult athletes	MA	Šmid AN et al 2024, Sports Med 54:1231-1247; doi:10.1007/s40279-024-01992-8; pmid:38407751	docs/superpowers/research/wave2-science-endurance-fitness.md § 3. Iron and anaemia	settled	
S0701	iron	endurance gain from training with iron repletion vs placebo	100 mg ferrous sulfate/day for 6 wk with 4 wk of training: both groups improved 15-km cycle time, the iron group significantly more (p = 0.04), partly attributable to ferritin and Hb rises	n = 42, randomised double-blind	42 iron-depleted (ferritin <16 µg/L) non-anaemic (Hb >12 g/dL) women, 18-33 y	RCT	Hinton PS et al 2000, J Appl Physiol 88:1103-1111; doi:10.1152/jappl.2000.88.3.1103; pmid:10710409	docs/superpowers/research/wave2-science-endurance-fitness.md § 3. Iron and anaemia	settled	
S0702	iron	VO₂max adaptation to training with iron repletion vs placebo	50 mg FeSO₄ twice daily for 6 wk with 4 wk of cycle training: VO₂max improved in both arms, significantly more with iron, Hb and haematocrit unchanged; the effect came entirely from subjects with the worst baseline status (sTfR > 8.0 mg/L)	n = 41, randomised double-blind	41 untrained, iron-depleted, non-anaemic women	RCT	Brownlie T et al 2002, Am J Clin Nutr 75:734-742; doi:10.1093/ajcn/75.4.734; pmid:11916761	docs/superpowers/research/wave2-science-endurance-fitness.md § 3. Iron and anaemia	settled	
S0703		haemoglobin rise rate with oral iron repletion			unverified in the report: the quoted ~1 g/dL per 2-3 weeks matched no fetched record; settled by a record carrying the rate (the BSG guideline full text, Snook 2021, abstract has none); Gaps item 1 names the same quantity			docs/superpowers/research/wave2-science-endurance-fitness.md § 3. Iron and anaemia	open	
S0704	water	dehydration threshold for impaired endurance performance, review reading (disagrees with the self-paced null)	≥2 % body-mass dehydration impairs endurance exercise performance through volume loss; no clear threshold or mechanism for strength and power; cognitive effect small, mainly distraction or discomfort	structured review, not a pooled estimate; the impact depends on the makeup of the task	comprehensive review of the dehydration literature	TXT	Cheuvront SN, Kenefick RW 2014, Compr Physiol 4:257-285; doi:10.1002/cphy.c130017; pmid:24692140	docs/superpowers/research/wave2-science-endurance-fitness.md § 4. Hydration	superseded	S0093, S0096
S0705	water	time-trial performance change with exercise-induced dehydration, self-paced (disagrees with the ≥2 % threshold)	+0.06 % at a mean 2.20 % body-mass loss, not significant; drinking to thirst beat under- and over-drinking	5 studies, 39 subjects, 13 effect estimates; mean 26.0 °C, 61 % RH, 68 % VO₂max, 86-min trials	trained cyclists	MA	Goulet ED 2011, Br J Sports Med 45:1149-1156; doi:10.1136/bjsm.2010.077966; pmid:21454440	docs/superpowers/research/wave2-science-endurance-fitness.md § 4. Hydration	superseded	S0094
S0706	water	endurance performance change with exercise-induced dehydration, self-paced vs clamped intensity	time trial +0.09 ± 2.60 % (p = 0.9); fixed intensity −1.91 ± 1.53 % (p < 0.05), and only under fixed intensity did ≥2 % body-mass loss impair endurance capacity (p = 0.03); ≤4 % very unlikely to impair self-paced performance	15 articles, 28 effect estimates, 122 subjects; the fixed-intensity case named as relevant to military and occupational settings	laboratory endurance trials	MA	Goulet ED 2013, Br J Sports Med 47:679-686; doi:10.1136/bjsports-2012-090958; pmid:22763119	docs/superpowers/research/wave2-science-endurance-fitness.md § 4. Hydration	settled	
S0707	water	aerobic performance, VO₂peak and VO₂ at lactate threshold when starting exercise hypohydrated	aerobic performance −2.4 ± 0.8 %; VO₂peak −2.4 ± 0.8 %; VO₂ at lactate threshold −4.4 ± 1.4 %	95 % CI 0.8-4.0, 0.7-4.0, 1.7-7.1; 15 manuscripts, 21/10/9 effect estimates, 186 subjects; mean deficit 3.6 ± 1.0 % body mass (1.7-5.6); mean test 22.3 ± 13.5 min	well-controlled human studies, ≥18 y, hypohydration induced ≥1 h before exercise	MA	Deshayes TA et al 2020, Sports Med 50:581-596; doi:10.1007/s40279-019-01223-5; pmid:31728846	docs/superpowers/research/wave2-science-endurance-fitness.md § 4. Hydration	settled	
S0708	water	muscle endurance, strength and anaerobic power change with hypohydration	muscle endurance −8.3 ± 2.3 %; strength −5.5 ± 1.0 %; anaerobic power −5.8 ± 2.3 % (all p < 0.05); anaerobic capacity −3.5 ± 2.3 % and vertical jump +0.9 ± 0.7 % not significant; no correlation with the degree of hypohydration; active (exercise or heat) dehydration cost an extra 5.4 ± 1.9 % over passive	28 manuscripts	mixed adults	MA	Savoie FA et al 2015, Sports Med 45:1207-1227; doi:10.1007/s40279-015-0349-0; pmid:26178327	docs/superpowers/research/wave2-science-endurance-fitness.md § 4. Hydration	superseded	S0624
S0709	water	physiological strain of dehydration with heat during exercise	dehydration to ~4 % body-mass loss brings hyperthermia, hyperventilation, cardiovascular strain with reduced brain, muscle and skin perfusion, greater reliance on muscle glycogen and, in some conditions, compromised muscle metabolism and aerobic capacity; attenuated by drinking, cold, or low-fraction work; stable at rest or small-muscle work, impaired in whole-body moderate-to-intense exercise	narrative physiological review	exercising humans	TXT	Trangmar SJ, González-Alonso J 2019, Sports Med 49:69-85; doi:10.1007/s40279-018-1033-y; pmid:30671905	docs/superpowers/research/wave2-science-endurance-fitness.md § 4. Hydration	settled	
S0710	water	core temperature, heart rate and stroke volume response to graded dehydration	rise in core temperature and HR and fall in stroke volume graded in proportion to the dehydration accrued; core-temperature rise correlated with serum osmolality and sodium	n = 8, four fluid-replacement conditions (0, 20, 48, 81 % of sweat loss)	8 trained cyclists, 2 h moderate exercise in warm conditions, crossover	RCT	Montain SJ, Coyle EF 1992, J Appl Physiol 73:1340-1350; doi:10.1152/jappl.1992.73.4.1340; pmid:1447078	docs/superpowers/research/wave2-science-endurance-fitness.md § 4. Hydration	superseded	S1021
S0711	water	exercise-associated hyponatraemia threshold and incidence	serum Na⁺ <135 mmol·L⁻¹ during or within 24 h of sustained exercise, caused by overconsumption of hypotonic fluid with non-osmotic vasopressin contributing; incidence 7-15 % in marathon runners (symptomatic plus asymptomatic)	consensus statement; the incidence from two major studies cited in the Klingert 2022 narrative review	endurance athletes	AUTH	Hew-Butler T et al 2015, Clin J Sport Med 25:303-320; doi:10.1097/JSM.0000000000000221; pmid:26102445; Klingert M et al 2022, J Clin Med 11:6775; doi:10.3390/jcm11226775; pmid:36431252	docs/superpowers/research/wave2-science-endurance-fitness.md § 4. Hydration	superseded	S0102
S0712	caffeine	endurance performance gain from acute caffeine at 3-6 mg/kg	mean power output +3.03 ± 3.07 % (ES 0.23 ± 0.15); time-trial completion time +2.22 ± 2.59 % (ES 0.41 ± 0.2)	46 randomised placebo-controlled studies; 2 found slower time trials and 5 lower power	trained adults	MA	Southward K et al 2018, Sports Med 48:1913-1928; doi:10.1007/s40279-018-0939-8; pmid:29876876	docs/superpowers/research/wave2-science-endurance-fitness.md § 5. Other nutrients and substances	superseded	S0531
S0713	caffeine	ergogenic effect of caffeine by exercise type	ergogenic for aerobic endurance, muscle strength, muscle endurance, power, jumping and speed; generally larger for aerobic than anaerobic exercise	umbrella review of 11 reviews with 21 meta-analyses; GRADE mostly moderate, some low to very low; not all 95 % prediction intervals give a definite direction	mixed; most primary studies in young men	MA	Grgic J et al 2020, Br J Sports Med 54:681-688; doi:10.1136/bjsports-2018-100278; pmid:30926628	docs/superpowers/research/wave2-science-endurance-fitness.md § 5. Other nutrients and substances	superseded	S0627
S0714	caffeine	loss of caffeine's performance benefit after 28 days of daily intake (tolerance)	acute 3 mg/kg raised 30-min work output before supplementation (383.3 ± 75.0 vs 344.9 ± 80.3 kJ, ES 0.49, p = 0.001); after 28 days of 1.5-3.0 mg·kg⁻¹·d⁻¹ the benefit was gone (383.3 ± 75.0 vs 358.0 ± 89.8 kJ, ES 0.31, p = 0.025) while placebo kept it; circulating caffeine, hormones and substrate oxidation did not differ	n = 18, randomised parallel	18 low-habitual caffeine consumers (<75 mg/d)	RCT	Beaumont R et al 2017, J Sports Sci 35:1920-1927; doi:10.1080/02640414.2016.1241421; pmid:27762662	docs/superpowers/research/wave2-science-endurance-fitness.md § 5. Other nutrients and substances	settled	
S0715	protein	effect of protein supplementation during endurance training on time to exhaustion, lean mass and VO₂max	time to exhaustion SMD 0.45 (95 % CI 0.15-0.76, p < 0.01); lean body mass SMD 0.13 (−0.01 to 0.28, p = 0.07); VO₂max not significant overall (untrained subgroup SMD 0.21); no effect on body weight, fat mass or aerobic or anaerobic capacity	23 randomised crossover trials, 1146 participants	endurance-training adults	MA	Xiao Y et al 2025, Front Nutr 12:1663860; doi:10.3389/fnut.2025.1663860; pmid:40851900	docs/superpowers/research/wave2-science-endurance-fitness.md § 5. Other nutrients and substances	settled	
S0716	vitamin-d	effect of vitamin D supplementation on physical performance and serum 25(OH)D in athletes	none of the 7 RCTs that measured performance found an effect; 25(OH)D +15.2 ng/mL at 3000 IU/d and +27.8 ng/mL at 5000 IU/d, both reaching sufficiency in winter at >45° latitude	95 % CI 10.7-19.7 (I² = 0 %) and 16.9-38.8 (I² = 78 %); 13 RCTs (2005-2016), 532 randomised, 433 complete; sufficiency cut-off 30 ng/mL	athletes, insufficient at baseline for the 25(OH)D rows	MA	Farrokhyar F et al 2017, Sports Med 47:2323-2339; doi:10.1007/s40279-017-0749-4; pmid:28577257	docs/superpowers/research/wave2-science-endurance-fitness.md § 5. Other nutrients and substances	settled	
S0717	riboflavin	effect of marginal B-vitamin status on high-intensity exercise capacity	poor or marginal B-vitamin status may decrease the ability to perform high-intensity exercise; exercise may raise riboflavin and vitamin B6 requirements; folate and B12 data limited	narrative review; no pooled effect size and no dose-response	active individuals and athletes	TXT	Woolf K, Manore MM 2006, Int J Sport Nutr Exerc Metab 16:453-484; doi:10.1123/ijsnem.16.5.453; pmid:17240780	docs/superpowers/research/wave2-science-endurance-fitness.md § 5. Other nutrients and substances	settled	
S0718	alcohol	effect of post-exercise alcohol on recovery	acute alcohol at athlete-typical volumes may impair recovery from muscle injury (immunoendocrine function, blood flow, protein synthesis), rehydration and glycogen resynthesis less so; about 0.5 g/kg body weight post-exercise is unlikely to affect most aspects of recovery	narrative review; depends on timing, dose, recovery time and injury status	male athletes	TXT	Barnes MJ 2014, Sports Med 44:909-919; doi:10.1007/s40279-014-0192-8; pmid:24748461	docs/superpowers/research/wave2-science-endurance-fitness.md § 5. Other nutrients and substances	settled	
S0719	fatigue-sleep	physical performance change after acute sleep loss, pooled	−7.56 %, significant in every exercise category (anaerobic power, speed/power endurance, HIIE, strength, endurance, strength-endurance, skill)	95 % CI −11.9 to −3.13, p = 0.001, I² = 98.1 %	227 outcome measures from 69 publications, n = 959 (89 % male) athletes and active adults; sleep loss ≤6 h in 24 h vs >6 h control	MA	Craven J et al 2022, Sports Med 52:2669-2690; doi:10.1007/s40279-022-01706-y; pmid:35708888	docs/superpowers/research/wave2-science-endurance-fitness.md § 5. Other nutrients and substances	superseded	S0762
S0720	fatigue-sleep	physical performance decrease per hour awake before exercise	≈0.4 % per hour awake (deprivation and late-restriction protocols); early restriction (delayed sleep onset) no consistent effect; PM tasks impaired, AM tasks largely unaffected	meta-regression within the pooled set (I² = 98.1 %)	227 outcome measures from 69 publications, n = 959 (89 % male) athletes and active adults; sleep loss ≤6 h in 24 h vs >6 h control	MA	Craven J et al 2022, Sports Med 52:2669-2690; doi:10.1007/s40279-022-01706-y; pmid:35708888	docs/superpowers/research/wave2-science-endurance-fitness.md § 5. Other nutrients and substances	superseded	S0763, S0764, S0765
S0721	fatigue-sleep	effect of sleep loss on maximal effort and sport-specific performance in athletes	some maximal efforts and gross motor performances can be maintained; the few athlete studies report reduced sport-specific performance; physiological effects equivocal, with possible autonomic imbalance resembling overtraining and raised pro-inflammatory cytokines; cognition consistently slower and less accurate	narrative review; extent and mechanism uncertain	athletes	TXT	Fullagar HH et al 2015, Sports Med 45:161-186; doi:10.1007/s40279-014-0260-0; pmid:25315456	docs/superpowers/research/wave2-science-endurance-fitness.md § 5. Other nutrients and substances	settled	
S0722		effect of magnesium status on endurance performance			no endurance-specific synthesis found; the nearest verified evidence is the null Cochrane cramp review (Garrison 2020); Gaps item 2 names the same quantity			docs/superpowers/research/wave2-science-endurance-fitness.md § 5. Other nutrients and substances	open	
S0723	body-composition	running capacity cost of added trunk mass per +5 % of body mass	−2.4 mL·kg⁻¹·min⁻¹ VO₂max per kg total weight, −35 s maximal treadmill run time, −89 m 12-min run distance; VO₂max in L·min⁻¹ and per kg fat-free weight not systematically changed; a consequence of the higher energy cost of submaximal running	n = 6, within-subject, four conditions (0, +5, +10, +15 % added weight), systematic and significant across conditions	6 subjects, treadmill and 12-min run	RCT	Cureton KJ et al 1978, Med Sci Sports 10:194-199; pmid:723510	docs/superpowers/research/wave2-science-endurance-fitness.md § 6. Body composition	settled	
S0724	body-composition	share of the sex difference in running performance closed by equating excess weight	adding trunk weight to men to match women's % body fat (+7.5 % on average) closed 32 % of the treadmill run-time difference (1.3 min) and 30 % of the 12-min run gap (173 m), via a 38 % smaller sex difference in submaximal O₂ per kg FFM and a 65 % smaller VO₂max-per-total-weight gap	n = 10 women + 10 men, within-subject added weight	trained distance runners	RCT	Cureton KJ, Sparling PB 1980, Med Sci Sports Exerc 12:288-294; doi:10.1249/00005768-198024000-00011; pmid:7421479	docs/superpowers/research/wave2-science-endurance-fitness.md § 6. Body composition	settled	
S0725	body-composition	dependence of VO₂max on fat-free mass and fat mass	FFM the strongest determinant of VO₂max (r = 0.87, p < 0.0001), fat mass no influence after adjusting for FFM; obese vs lean absolute VO₂max 1.56 ± 0.40 vs 1.24 ± 0.27 L·min⁻¹, per body weight 32.0 ± 4.1 vs 44.2 ± 3.2 mL·kg⁻¹·min⁻¹, per FFM 59.2 ± 4.9 vs 57.9 ± 5.8 mL·kg FFM⁻¹·min⁻¹ (no difference); submaximal capacity worse in the obese	study 1 DXA cross-section; study 2 before and after weight loss, four-compartment model	129 children across a wide body-composition range; 31 overweight women	COH	Goran M et al 2000, Int J Obes Relat Metab Disord 24:841-848; doi:10.1038/sj.ijo.0801241; pmid:10918530	docs/superpowers/research/wave2-science-endurance-fitness.md § 6. Body composition	settled	
S0726	thermal	core temperature rise with high body fat at a fixed heat production	rectal temperature rise over 60 min 0.87 ± 0.18 °C (high fat) vs 0.66 ± 0.21 °C (low fat), p = 0.02, at 550 W; sweat rate, whole-body sweat loss and net heat loss not different; at 7.5 W/kg lean mass the lean group got hotter	n = 9 + 9, mass-matched (88.7 ± 8.4 vs 90.1 ± 7.9 kg), 10.8 ± 3.6 % vs 32.0 ± 5.6 % body fat	18 men cycling 60 min at 28.1 °C, 26 % RH, matched-pair crossover	RCT	Dervis S et al 2016, J Appl Physiol 120:615-623; doi:10.1152/japplphysiol.00906.2015; pmid:26702025	docs/superpowers/research/wave2-science-endurance-fitness.md § 6. Body composition	settled	
S0727		effect of low lean mass on endurance capacity, measured directly			no direct synthesis found; only proportionality to fat-free mass is inherited from Goran 2000 (r = 0.87); Gaps item 4 names the same quantity			docs/superpowers/research/wave2-science-endurance-fitness.md § 6. Body composition	open	
S0728		magnitude and dose-response of the effect of marginal or deficient B-vitamin status on exercise capacity			Woolf and Manore 2006 give direction and mechanism only; settled by a trial or pooled estimate with an effect size			docs/superpowers/research/wave2-science-endurance-fitness.md § Gaps	open	
S0729		endurance capacity cost per hour of acute fasting			the Ramadan meta-analysis is confounded by fluid restriction and circadian shift and found aerobic performance unaffected; settled by a clean fasting-duration trial on aerobic endurance			docs/superpowers/research/wave2-science-endurance-fitness.md § Gaps	open	
S0730		endurance-performance decrement per °C core temperature or per % body mass lost when hyperthermia and dehydration combine			the evidence establishes a graded, multiplicative interaction (Montain and Coyle 1992; Trangmar and González-Alonso 2019), not per-level magnitudes			docs/superpowers/research/wave2-science-endurance-fitness.md § Gaps	open	
S0731		EFSA adequate intake for water			unverified in the earlier report (the source returned 403 on every route) and not used in this one			docs/superpowers/research/wave2-science-endurance-fitness.md § Gaps	superseded	S0089
S0732	fatigue-sleep	two-process model of sleep regulation, structure	sleep is regulated by a homeostatic process S rising during wake and falling during sleep, gated by a circadian process C	the founding formulation; the 2016 reappraisal and the 2022 retrospective both restate it as still standing	humans (and mammals generally)	MODEL	Borbély AA 1982, Hum Neurobiol 1:195–204; pmid:7185792; Borbély AA et al 2016, J Sleep Res 25:131–143; doi:10.1111/jsr.12371; pmid:26762182; Borbély A 2022, J Sleep Res 31:e13598; doi:10.1111/jsr.13598; pmid:35502706	docs/superpowers/research/wave2-science-fatigue-sleep.md § 1. Sleep need, sleep debt and the two-process model	settled	
S0733	fatigue-sleep	process S build-up during wake, wake time constant χw	S(t) = μ − (μ − S₀)·exp(−t/χw), a saturating exponential toward the upper asymptote μ; χw = 18.2 h	μ = 1 (normalised)	healthy adults; constants fitted to EEG slow-wave activity	MODEL	Daan S, Beersma DGM, Borbély AA 1984, Am J Physiol 246:R161–R183; doi:10.1152/ajpregu.1984.246.2.r161; pmid:6696142; Skeldon AC, Dijk DJ 2025, npj Biol Timing Sleep 2:24; doi:10.1038/s44323-025-00039-z; pmid:40546978	docs/superpowers/research/wave2-science-fatigue-sleep.md § 1. Sleep need, sleep debt and the two-process model	settled	
S0734	fatigue-sleep	process S decay during sleep, sleep time constant χs	S(t) = S₀·exp(−t/χs), exponential decay toward zero; χs = 4.2 h		healthy adults; constants fitted to EEG slow-wave activity	MODEL	Daan S, Beersma DGM, Borbély AA 1984, Am J Physiol 246:R161–R183; doi:10.1152/ajpregu.1984.246.2.r161; pmid:6696142; Skeldon AC, Dijk DJ 2025, npj Biol Timing Sleep 2:24; doi:10.1038/s44323-025-00039-z; pmid:40546978	docs/superpowers/research/wave2-science-fatigue-sleep.md § 1. Sleep need, sleep debt and the two-process model	settled	
S0735	fatigue-sleep	upper and lower sleep thresholds of process S	H⁺ mean level 0.67, H⁻ mean level 0.17; sleep begins when S crosses H⁺ and ends when it crosses H⁻	the twin-threshold extension of the model; each threshold is modulated by the circadian term	healthy adults	MODEL	Daan S, Beersma DGM, Borbély AA 1984, Am J Physiol 246:R161–R183; doi:10.1152/ajpregu.1984.246.2.r161; pmid:6696142; Skeldon AC, Dijk DJ 2025, npj Biol Timing Sleep 2:24; doi:10.1038/s44323-025-00039-z; pmid:40546978	docs/superpowers/research/wave2-science-fatigue-sleep.md § 1. Sleep need, sleep debt and the two-process model	settled	
S0736	fatigue-sleep	circadian amplitude about each sleep threshold	a = 0.12	the model's circadian term	healthy adults	MODEL	Daan S, Beersma DGM, Borbély AA 1984, Am J Physiol 246:R161–R183; doi:10.1152/ajpregu.1984.246.2.r161; pmid:6696142; Skeldon AC, Dijk DJ 2025, npj Biol Timing Sleep 2:24; doi:10.1038/s44323-025-00039-z; pmid:40546978	docs/superpowers/research/wave2-science-fatigue-sleep.md § 1. Sleep need, sleep debt and the two-process model	settled	
S0737	fatigue-sleep	the model's own natural sleep and wake periods at the fitted constants	Tsleep = χs·ln(H⁺/H⁻) ≈ 5.8 h; Twake = χw·ln((μ−H⁻)/(μ−H⁺)) ≈ 16.8 h; Tnat ≈ 22.6 h	the ~22.6 h natural period is shorter than 24 h and is entrained by C	healthy adults	MODEL	Skeldon AC, Dijk DJ 2025, npj Biol Timing Sleep 2:24; doi:10.1038/s44323-025-00039-z; pmid:40546978	docs/superpowers/research/wave2-science-fatigue-sleep.md § 1. Sleep need, sleep debt and the two-process model	settled	
S0738	fatigue-sleep	decline of slow-wave activity within sleep, shape	exponential		healthy adults	MODEL	Borbély A 2022, J Sleep Res 31:e13598; doi:10.1111/jsr.13598; pmid:35502706	docs/superpowers/research/wave2-science-fatigue-sleep.md § 1. Sleep need, sleep debt and the two-process model	settled	
S0739		recommended nightly sleep for adults, AASM/SRS joint consensus (the 7-or-more-hours figure)			settled by reading the statement text of Watson NF et al 2015 (Sleep 38:843–844): the record resolves, but the figure is not in its abstract and the full text was not fetchable			docs/superpowers/research/wave2-science-fatigue-sleep.md § 1. Sleep need, sleep debt and the two-process model	open	
S0740	fatigue-sleep	recommended sleep duration range, adults (National Sleep Foundation)	7–9 h for young adults and adults; 7–8 h for older adults	the panel's recommended band; wider may-be-appropriate bands sit outside it	adults	AUTH	Hirshkowitz M et al 2015, Sleep Health 1:233–243; doi:10.1016/j.sleh.2015.10.004; pmid:29073398	docs/superpowers/research/wave2-science-fatigue-sleep.md § 1. Sleep need, sleep debt and the two-process model	settled	
S0741	fatigue-sleep	consistency of the 2015 NSF duration recommendations with the following decade's meta-analyses	74 % of included meta-analyses consistent with the 2015 NSF bands	systematic review of the decade's meta-analyses	adults, both sexes examined	MA	Dzierzewski JM et al 2026, Sleep Health 12:599–611; doi:10.1016/j.sleh.2026.05.011; pmid:42248743	docs/superpowers/research/wave2-science-fatigue-sleep.md § 1. Sleep need, sleep debt and the two-process model	settled	
S0742	fatigue-sleep	cumulative neurobehavioural deficit under chronic sleep restriction (14 nights at 4 h or 6 h time in bed)	significant cumulative, dose-dependent cognitive deficits; 6 h or less per night reaches deficits equivalent to up to 2 nights of total sleep deprivation	subjective sleepiness showed only minimal progression; subjects were largely unaware	48 healthy adults, laboratory	RCT	Van Dongen HPA et al 2003, Sleep 26:117–126; doi:10.1093/sleep/26.2.117; pmid:12683469	docs/superpowers/research/wave2-science-fatigue-sleep.md § 1. Sleep need, sleep debt and the two-process model	settled	
S0743	fatigue-sleep	recovery of neurobehavioural deficits after 5 nights at 4 h, by one recovery night's dose (0–10 h)	deficits improve monotonically with recovery dose but persist at 10 h	complete recovery may require a longer sleep period during one night and/or multiple nights	159 healthy adults, randomised recovery dose	RCT	Banks S et al 2010, Sleep 33:1013–1026; doi:10.1093/sleep/33.8.1013; pmid:20815182	docs/superpowers/research/wave2-science-fatigue-sleep.md § 1. Sleep need, sleep debt and the two-process model	settled	
S0744	mood	recovery of mood after chronic sleep restriction, by one recovery night's dose (0–12 h)	mood restored in a dose-response fashion, greater improvement with a longer dose; mood deteriorated progressively across restriction with marked somatic components	N = 205 in the restriction arm (221 total protocol); 2 h dose increments	healthy adults, 9-day laboratory protocol	RCT	Jones CW et al 2024, Sleep 47:zsae091; doi:10.1093/sleep/zsae091; pmid:38602131	docs/superpowers/research/wave2-science-fatigue-sleep.md § 1. Sleep need, sleep debt and the two-process model	settled	
S0745	fatigue-sleep	recovery rates of different outcomes after chronic sleep restriction	mood, sleepiness and different cognitive domains recover at different rates; recovery depends on the length of the recovery sleep	narrative synthesis, no pooled estimate	healthy adults	TXT	Guzzetti JR, Banks S 2023, Sleep Adv 4:zpac044; doi:10.1093/sleepadvances/zpac044; pmid:37193276	docs/superpowers/research/wave2-science-fatigue-sleep.md § 1. Sleep need, sleep debt and the two-process model	settled	
S0746	cognition	memory formation impairment under sleep restriction (3–6.5 h vs 7–11 h)	Hedges' g = 0.29	95 % CI 0.13–0.44; small effect, memory specifically	mixed adult samples	MA	Crowley R et al 2024, Neurosci Biobehav Rev 167:105929; doi:10.1016/j.neubiorev.2024.105929; pmid:39427809	docs/superpowers/research/wave2-science-fatigue-sleep.md § 1. Sleep need, sleep debt and the two-process model	settled	
S0747	fatigue-sleep	optimal sleeping surface for sleep comfort, sleep quality and spinal alignment	a medium-firm, self-adjusted surface	24 controlled trials; no effect size given, qualitative ranking only	adults with and without back pain	MA	Radwan A et al 2015, Sleep Health 1:257–267; doi:10.1016/j.sleh.2015.08.001; pmid:29073401	docs/superpowers/research/wave2-science-fatigue-sleep.md § 1. Sleep need, sleep debt and the two-process model	settled	
S0748	fatigue-sleep	sleep degradation by night-time heat	night-time temperature above 25 °C strongly linked with reduced sleep efficiency and delayed sleep onset	systematic review of heat-exposed workers; no pooled estimate	heat-exposed adult workers	MA	Raja M et al 2026, Ann Occup Environ Med 38:e3; doi:10.35371/aoem.2026.38.e3; pmid:41680965	docs/superpowers/research/wave2-science-fatigue-sleep.md § 1. Sleep need, sleep debt and the two-process model	settled	
S0749	fatigue-sleep	sleep banking (pre-emptive sleep extension) on impairment under a subsequent restriction	reduces subsequent cognitive and motor impairment	narrative review; direction only, no pooled magnitude	healthy adults	TXT	Juginović A, Rodman L 2026, Clocks Sleep 8:8; doi:10.3390/clockssleep8010008; pmid:41892386	docs/superpowers/research/wave2-science-fatigue-sleep.md § 1. Sleep need, sleep debt and the two-process model	settled	
S0750	cognition	simple attention (PVT-type lapses) impairment under total sleep deprivation < 48 h	Hedges' g = −0.776	95 % CI −0.96 to −0.60, p < .001; the largest single domain effect in the analysis	70 articles, 147 tests, healthy adults; total sleep deprivation < 48 h	MA	Lim J, Dinges DF 2010, Psychol Bull 136:375–389; doi:10.1037/a0018883; pmid:20438143	docs/superpowers/research/wave2-science-fatigue-sleep.md § 2. Sleep loss on performance	settled	
S0751	cognition	reasoning accuracy impairment under total sleep deprivation < 48 h	g = −0.125 (not significant)	95 % CI −0.27 to 0.02; the smallest domain effect	70 articles, 147 tests, healthy adults; total sleep deprivation < 48 h	MA	Lim J, Dinges DF 2010, Psychol Bull 136:375–389; doi:10.1037/a0018883; pmid:20438143	docs/superpowers/research/wave2-science-fatigue-sleep.md § 2. Sleep loss on performance	settled	
S0752	cognition	speed versus accuracy measures within a cognitive domain under total sleep deprivation	no difference between speed and accuracy measures within any cognitive domain		70 articles, 147 tests, healthy adults; total sleep deprivation < 48 h	MA	Lim J, Dinges DF 2010, Psychol Bull 136:375–389; doi:10.1037/a0018883; pmid:20438143	docs/superpowers/research/wave2-science-fatigue-sleep.md § 2. Sleep loss on performance	settled	
S0753	cognition	moderator of between-study variance in sleep-deprivation cognitive effects	time awake was the only significant predictor, and only for accuracy measures		70 articles, 147 tests, healthy adults; total sleep deprivation < 48 h	MA	Lim J, Dinges DF 2010, Psychol Bull 136:375–389; doi:10.1037/a0018883; pmid:20438143	docs/superpowers/research/wave2-science-fatigue-sleep.md § 2. Sleep loss on performance	settled	
S0754	cognition	overall cognitive impairment under sleep restriction	g = −0.383 (p < .001)	across all domains pooled	adults under sleep restriction (not total deprivation)	MA	Lowe CJ et al 2017, Neurosci Biobehav Rev 80:586–604; doi:10.1016/j.neubiorev.2017.07.010; pmid:28757454	docs/superpowers/research/wave2-science-fatigue-sleep.md § 2. Sleep loss on performance	settled	
S0755	cognition	sustained attention impairment under sleep restriction	g = −0.409 (p < .001)	the worst-hit domain under restriction, matching deprivation's ordering	adults under sleep restriction (not total deprivation)	MA	Lowe CJ et al 2017, Neurosci Biobehav Rev 80:586–604; doi:10.1016/j.neubiorev.2017.07.010; pmid:28757454	docs/superpowers/research/wave2-science-fatigue-sleep.md § 2. Sleep loss on performance	settled	
S0756	cognition	executive function impairment under sleep restriction	g = −0.324 (p < .001)		adults under sleep restriction (not total deprivation)	MA	Lowe CJ et al 2017, Neurosci Biobehav Rev 80:586–604; doi:10.1016/j.neubiorev.2017.07.010; pmid:28757454	docs/superpowers/research/wave2-science-fatigue-sleep.md § 2. Sleep loss on performance	settled	
S0757	cognition	long-term memory impairment under sleep restriction	g = −0.192 (p = .002)	smallest of the three restriction domains	adults under sleep restriction (not total deprivation)	MA	Lowe CJ et al 2017, Neurosci Biobehav Rev 80:586–604; doi:10.1016/j.neubiorev.2017.07.010; pmid:28757454	docs/superpowers/research/wave2-science-fatigue-sleep.md § 2. Sleep loss on performance	settled	
S0758	mood	relative impact of sleep deprivation on mood, cognitive and motor performance	mood is more affected than either cognitive or motor performance; partial sleep deprivation has a more profound effect than either long- or short-term total deprivation	19 studies, 143 coefficients, N = 1932; no per-domain effect sizes in the abstract	healthy adults	MA	Pilcher JJ, Huffcutt AI 1996, Sleep 19:318–326; doi:10.1093/sleep/19.4.318; pmid:8776790	docs/superpowers/research/wave2-science-fatigue-sleep.md § 2. Sleep loss on performance	settled	
S0759	mood	negative mood increase under sleep loss	g = +0.45 (moderate increase)		adults, sleep deprivation and restriction pooled	MA	Tomaso CC et al 2021, Sleep 44:zsaa289; doi:10.1093/sleep/zsaa289; pmid:33367799	docs/superpowers/research/wave2-science-fatigue-sleep.md § 2. Sleep loss on performance	settled	
S0760	mood	positive mood decrease under sleep loss	g = −0.94 (large decrease)	the largest single effect of sleep loss found in the report	adults, sleep deprivation and restriction pooled	MA	Tomaso CC et al 2021, Sleep 44:zsaa289; doi:10.1093/sleep/zsaa289; pmid:33367799	docs/superpowers/research/wave2-science-fatigue-sleep.md § 2. Sleep loss on performance	settled	
S0761	mood	emotion and adaptive emotion regulation under sleep loss	emotion g = −0.11 (modest); adaptive emotion regulation g = −0.32 (small)		adults, sleep deprivation and restriction pooled	MA	Tomaso CC et al 2021, Sleep 44:zsaa289; doi:10.1093/sleep/zsaa289; pmid:33367799	docs/superpowers/research/wave2-science-fatigue-sleep.md § 2. Sleep loss on performance	settled	
S0762	fatigue-sleep	physical and exercise performance change under acute sleep loss	mean %Δ = −7.56 %, significant in every exercise category including strength	95 % CI −11.9 to −3.13, p = 0.001, I² = 98.1 %; extreme heterogeneity, a central tendency rather than a reliable point estimate	227 outcomes from 69 publications; n = 959, 89 % male; acute sleep loss	MA	Craven J et al 2022, Sports Med 52:2669–2690; doi:10.1007/s40279-022-01706-y; pmid:35708888	docs/superpowers/research/wave2-science-fatigue-sleep.md § 2. Sleep loss on performance	settled	
S0763	fatigue-sleep	physical performance decrement per hour awake before the task	approximately −0.4 % per hour awake	a fitted positive relationship between time awake and decrement	227 outcomes from 69 publications; n = 959, 89 % male; acute sleep loss	MA	Craven J et al 2022, Sports Med 52:2669–2690; doi:10.1007/s40279-022-01706-y; pmid:35708888	docs/superpowers/research/wave2-science-fatigue-sleep.md § 2. Sleep loss on performance	settled	
S0764	fatigue-sleep	sleep-loss protocols that impair physical performance	consistent negative effects only with deprivation and late restriction (sleep cut at the end of the night); early restriction showed no significant impact		227 outcomes from 69 publications; n = 959, 89 % male; acute sleep loss	MA	Craven J et al 2022, Sports Med 52:2669–2690; doi:10.1007/s40279-022-01706-y; pmid:35708888	docs/superpowers/research/wave2-science-fatigue-sleep.md § 2. Sleep loss on performance	settled	
S0765	fatigue-sleep	time-of-day interaction of sleep loss on physical performance	PM tasks consistently impaired; AM tasks largely unaffected	a circadian interaction, not a pure homeostatic one	227 outcomes from 69 publications; n = 959, 89 % male; acute sleep loss	MA	Craven J et al 2022, Sports Med 52:2669–2690; doi:10.1007/s40279-022-01706-y; pmid:35708888	docs/superpowers/research/wave2-science-fatigue-sleep.md § 2. Sleep loss on performance	settled	
S0766	fatigue-sleep	exercise categories covered by the acute sleep-loss meta-analysis (measures per category)	strength 66, anaerobic power 58, speed/power endurance 32, high-intensity interval 27, endurance 22, strength-endurance 9, skill 13	strength is the best-covered category	227 outcomes from 69 publications; n = 959, 89 % male; acute sleep loss	MA	Craven J et al 2022, Sports Med 52:2669–2690; doi:10.1007/s40279-022-01706-y; pmid:35708888	docs/superpowers/research/wave2-science-fatigue-sleep.md § 2. Sleep loss on performance	settled	
S0767	fatigue-sleep	performance after 17–19 h awake, blood-alcohol equivalence	equivalent to or worse than BAC 0.05 % on some tests; response speeds up to 50 % slower	39 subjects; crossover against a titrated alcohol dose	healthy adults	RCT	Williamson AM, Feyer AM 2000, Occup Environ Med 57:649–655; doi:10.1136/oem.57.10.649; pmid:10984335	docs/superpowers/research/wave2-science-fatigue-sleep.md § 2. Sleep loss on performance	settled	
S0768	fatigue-sleep	performance after wakefulness longer than 17–19 h, blood-alcohol equivalence	reached the equivalent of BAC 0.10 %	39 subjects; crossover against a titrated alcohol dose	healthy adults	RCT	Williamson AM, Feyer AM 2000, Occup Environ Med 57:649–655; doi:10.1136/oem.57.10.649; pmid:10984335	docs/superpowers/research/wave2-science-fatigue-sleep.md § 2. Sleep loss on performance	settled	
S0769	fatigue-sleep	cognitive performance after sustained wakefulness, alcohol equivalence (the original claim)	cognitive performance after sustained wakefulness degrades to an alcohol-equivalent level	record verified, abstract not fetchable; the report cites Williamson and Feyer 2000 for the numbers	healthy adults	RCT	Dawson D, Reid K 1997, Nature 388:235; doi:10.1038/40775; pmid:9230429	docs/superpowers/research/wave2-science-fatigue-sleep.md § 2. Sleep loss on performance	settled	
S0770	fatigue-sleep	postural balance regulation under sleep deprivation	the regulatory mechanisms of postural balance are degraded	comprehensive review, no pooled estimate	adults	TXT	Paillard T 2023, Front Hum Neurosci 14:1146550; doi:10.3389/fnhum.2023.1146550; pmid:37124366	docs/superpowers/research/wave2-science-fatigue-sleep.md § 2. Sleep loss on performance	settled	
S0771	starvation	symptom set of prolonged semi-starvation	most lost > 25 % of body weight; many experienced anaemia, fatigue, apathy, extreme weakness, irritability, neurological deficits and lower-extremity oedema	36 volunteers, 32 completing; the primary (Keys 1950, The Biology of Human Starvation) is a book and was not read	36 conscientious objectors, Minnesota Starvation Experiment, WWII	COH	Kalm LM, Semba RD 2005, J Nutr 135:1347–1352; doi:10.1093/jn/135.6.1347; pmid:15930436	docs/superpowers/research/wave2-science-fatigue-sleep.md § 3. Nutrition and fatigue	superseded	S0113
S0772	energy	energy availability threshold for reproductive and metabolic disruption	disruption below ~30 kcal·kg LBM⁻¹·d⁻¹, with the transition between 20 and 30 kcal·kg LBM⁻¹·d⁻¹	the threshold is for LH pulsatility and bone turnover, not for fatigue; the best-quantified energy-deficit threshold that exists	regularly menstruating young women, controlled feeding	COH	Loucks AB, Thuma JR 2003, J Clin Endocrinol Metab 88:297–311; doi:10.1210/jc.2002-020369; pmid:12519869; Loucks AB 2007, Sports Med 37:348–352; doi:10.2165/00007256-200737040-00019; pmid:17465605	docs/superpowers/research/wave2-science-fatigue-sleep.md § 3. Nutrition and fatigue	superseded	S0691
S0773	energy	fatigue as an early sign of problematic low energy availability	early psychological indicators associated with problematic LEA are mood changes, fatigue and psychological conflict	consensus statement wording; qualitative, no effect size	athletes of both sexes	AUTH	Mountjoy M et al 2023, Br J Sports Med 57:1073–1097; doi:10.1136/bjsports-2023-106994; pmid:37752011; Pensgaard AM et al 2023, Br J Sports Med 57:1127–1135; doi:10.1136/bjsports-2023-106867; pmid:37752005	docs/superpowers/research/wave2-science-fatigue-sleep.md § 3. Nutrition and fatigue	settled	
S0774	energy	low energy availability (REDs) severity stratification, the consensus's shape	a four-level traffic-light severity/risk stratification (green, yellow, orange, red) with graded participation guidance, driven by accumulated severity	clinical judgement aggregation, not a fitted dose-response	athletes	AUTH	Stellingwerff T et al 2023, Br J Sports Med 57:1109–1118; doi:10.1136/bjsports-2023-106914; pmid:37752002	docs/superpowers/research/wave2-science-fatigue-sleep.md § 3. Nutrition and fatigue	settled	
S0775	iron	fatigue reduction by iron therapy in iron deficiency without anaemia	pooled effect size 0.33	95 % CI 0.17–0.48, I² = 0.0 %, P < 0.0001; 6 RCTs	adults with iron deficiency and no anaemia, mostly women	MA	Yokoi K, Konomi A 2017, Br J Nutr 117:1422–1431; doi:10.1017/s0007114517001349; pmid:28625177	docs/superpowers/research/wave2-science-fatigue-sleep.md § 3. Nutrition and fatigue	settled	
S0776	iron	self-reported fatigue and objective physical capacity under iron supplementation in non-anaemic iron deficiency	self-reported fatigue SMD −0.38; no improvement in objective physical capacity	95 % CI −0.52 to −0.23, I² = 0 %; 4 trials, 714 participants	non-anaemic iron-deficient adults	MA	Houston BL et al 2018, BMJ Open 8:e019240; doi:10.1136/bmjopen-2017-019240; pmid:29626044	docs/superpowers/research/wave2-science-fatigue-sleep.md § 3. Nutrition and fatigue	superseded	S0699
S0777	iron	fatigue increase with iron deficiency without anaemia, observational	two studies found a slight increase in fatigue; marked between-study heterogeneity prevented pooling	disease-population review, so generalisation is limited	adults with inflammatory bowel disease	MA	Sartain S et al 2025, PLoS One 20:e0304293; doi:10.1371/journal.pone.0304293; pmid:39804874	docs/superpowers/research/wave2-science-fatigue-sleep.md § 3. Nutrition and fatigue	settled	
S0778	vitamin-d	fatigue reduction by vitamin D supplementation	SMD −0.18	95 % CI −0.36 to −0.01, I² = 0 %; 5 RCTs, 345 participants (271 female), ages ~25–41; multiple sclerosis only	adults with multiple sclerosis	MA	López-Muñoz P et al 2023, Nutrients 15:2861; doi:10.3390/nu15132861; pmid:37447189	docs/superpowers/research/wave2-science-fatigue-sleep.md § 3. Nutrition and fatigue	settled	
S0779	vitamin-b12	effect of vitamin B12 alone or B-complex supplementation on cognition and depressive symptoms	no evidence of an effect on any cognitive subdomain; likely ineffective for improving cognitive function and depressive symptoms	16 RCTs, 6276 participants; the review's fatigue-specific pooled estimate was not recovered	adults without neurological disorders	MA	Markun S et al 2021, Nutrients 13:923; doi:10.3390/nu13030923; pmid:33809274	docs/superpowers/research/wave2-science-fatigue-sleep.md § 3. Nutrition and fatigue	superseded	S0910, S0926
S0780	vitamin-b12	association of plasma homocysteine (B12 and folate status) with fatigue-related outcomes	plasma homocysteine associated with fatigue-related outcomes	cross-sectional; direction only, effect size not recovered	healthy adults	COH	Kanouchi H et al 2026, Nutrients 18:941; doi:10.3390/nu18060941; pmid:41901116	docs/superpowers/research/wave2-science-fatigue-sleep.md § 3. Nutrition and fatigue	settled	
S0781	water	fatigue, mood and cognition at mild dehydration, men	at 1.59 ± 0.42 % body-mass loss: fatigue and tension/anxiety increased at rest (P = 0.040, 0.029) and fatigue during exercise (P = 0.026); visual-vigilance errors up (P = 0.048), working-memory latency slower (P = 0.021)	n = 26; no hyperthermia, the effect is dehydration alone	26 men, age 20.0 ± 0.3 y, randomised crossover	RCT	Ganio MS et al 2011, Br J Nutr 106:1535–1543; doi:10.1017/s0007114511002005; pmid:21736786	docs/superpowers/research/wave2-science-fatigue-sleep.md § 3. Nutrition and fatigue	superseded	S0098
S0782	water	mood, fatigue and cognition at mild dehydration, women	at 1.36 ± 0.16 % body-mass loss: adverse effects on vigour-activity, fatigue-inertia and total mood disturbance, task difficulty, concentration and headache; most aspects of cognitive performance not affected	n = 25	25 women, age 23.0 ± 0.6 y, randomised crossover	RCT	Armstrong LE et al 2012, J Nutr 142:382–388; doi:10.3945/jn.111.142000; pmid:22190027	docs/superpowers/research/wave2-science-fatigue-sleep.md § 3. Nutrition and fatigue	superseded	S0099
S0783	water	cognitive impairment by dehydration above 2 % body-mass loss	ES = −0.28 for studies reporting > 2 % body-mass loss, greater than below it (P = 0.04 for the difference)	the cognitive effect is real but small and threshold-ish	adults	MA	Wittbrodt MT, Millard-Stafford M 2018, Med Sci Sports Exerc 50:2360–2368; doi:10.1249/mss.0000000000001682; pmid:29933347	docs/superpowers/research/wave2-science-fatigue-sleep.md § 3. Nutrition and fatigue	superseded	S0895
S0784	water	dehydration threshold for impaired endurance performance	≥ 2 % dehydration impairs endurance; strength/power impairment has no clear threshold or plausible mechanism; the cognitive effect appears small and related primarily to distraction or discomfort	structured review, not a pooled meta-analysis	adults	TXT	Cheuvront SN, Kenefick RW 2014, Compr Physiol 4:257–285; doi:10.1002/cphy.c130017; pmid:24692140	docs/superpowers/research/wave2-science-fatigue-sleep.md § 3. Nutrition and fatigue	superseded	S0093, S0096
S0785	water	hydration status on cognition and mood	water consumption positively influences particular cognitive abilities and mood states, most clearly in the elderly and children	narrative review, no pooled estimate; inconsistent measures the key limitation	humans	TXT	Masento NA et al 2014, Br J Nutr 111:1841–1852; doi:10.1017/s0007114513004455; pmid:24480458	docs/superpowers/research/wave2-science-fatigue-sleep.md § 3. Nutrition and fatigue	superseded	S0100
S0786	carbohydrate-quality	sleep-onset latency after a high-glycaemic-index meal 4 h before bed	SOL 9.0 ± 6.2 min (high GI) vs 17.5 ± 6.2 min (low GI), P = 0.009	small crossover; the effect vanished when the same meal was given 1 h before bed	healthy young men	RCT	Afaghi A, O'Connor H, Chow CM 2007, Am J Clin Nutr 85:426–430; doi:10.1093/ajcn/85.2.426; pmid:17284739	docs/superpowers/research/wave2-science-fatigue-sleep.md § 3. Nutrition and fatigue	settled	
S0787	carbohydrate-quality	sleep after a post-exercise high- versus low-glycaemic-index meal	total sleep time and sleep efficiency greater (p < 0.05) and sleep-onset latency shortened four-fold vs low GI	small n; post-exercise context	trained adults	RCT	Vlahoyiannis A et al 2018, Nutrients 10:1795; doi:10.3390/nu10111795; pmid:30453682	docs/superpowers/research/wave2-science-fatigue-sleep.md § 3. Nutrition and fatigue	settled	
S0788	carbohydrate-quality	meal glycaemic index and sleep indicators, pooled read	high glycaemic index meals likely improve sleep-onset latency in young males; results for other indicators equivocal	systematic review; restricts the claim to sleep-onset latency and to young males	adults	MA	Amiri-Ardekani E et al 2022, Minerva Med 113:1008–1016; doi:10.23736/S0026-4806.21.07444-9; pmid:33949181	docs/superpowers/research/wave2-science-fatigue-sleep.md § 3. Nutrition and fatigue	settled	
S0789	carbohydrate-quality	deep (N3) sleep after a low- versus high-glycaemic-index drink	N3 28.71 % vs 23.99 % of the night (p = .032), with better overnight memory retention	one trial; opposite direction from the sleep-onset finding	adults	RCT	Gaylor CM et al 2025, Nutr Res 134:49–59; doi:10.1016/j.nutres.2024.11.012; pmid:39854800	docs/superpowers/research/wave2-science-fatigue-sleep.md § 3. Nutrition and fatigue	settled	
S0790	carbohydrate-quality	long sleep duration by dietary glycaemic load, highest vs lowest quartile	OR 1.41 (P for trend = 0.001)	cross-sectional; long duration, not quality	adults	COH	Mohammadi M et al 2021, Clin Nutr ESPEN 46:471–476; doi:10.1016/j.clnesp.2021.09.007; pmid:34857237	docs/superpowers/research/wave2-science-fatigue-sleep.md § 3. Nutrition and fatigue	settled	
S0791	fatigue-sleep	postprandial sleep latency by meal form	a solid meal significantly decreased postprandial sleep latency vs an equivalent volume of water; no significant differences between food constituents	small laboratory nap studies	adults	COH	Orr WC et al 1997, Physiol Behav 62:709–712; doi:10.1016/s0031-9384(97)00012-7; pmid:9284488; Harnish MJ, Greenleaf SR, Orr WC 1998, Physiol Behav 64:93–96; doi:10.1016/s0031-9384(98)00025-0; pmid:9661987	docs/superpowers/research/wave2-science-fatigue-sleep.md § 3. Nutrition and fatigue	settled	
S0792		effect of protein intake on fatigue or sleepiness in healthy adults			no meta-analysis or trial was located through the report's search route; a protein-intake trial with a fatigue or sleepiness outcome would settle it			docs/superpowers/research/wave2-science-fatigue-sleep.md § 3. Nutrition and fatigue	open	
S0793	caffeine	caffeine elimination half-life, men vs women taking oral contraceptives	5.0 h in men; 9.7 h in women taking oral contraceptives	P = .05 for the difference; clinical ranges elsewhere are wider	healthy adults (n=16), randomised double-blind placebo-controlled crossover, 200 mg caffeine arm	RCT	Haller CA et al 2004, Clin Pharmacol Ther 75:259–273; doi:10.1016/j.clpt.2003.11.375; pmid:15060505	docs/superpowers/research/wave2-science-fatigue-sleep.md § 4. Caffeine	settled	
S0794	caffeine	source of the interindividual variability in caffeine clearance	CYP1A2 metabolises 95% of ingested caffeine and is polymorphic; NAT2 and ADORA2A add variation; age, sex, hormones, liver disease, obesity, smoking and diet shift clearance	highly variable among individuals; no single half-life given	adults	TXT	Nehlig A 2018, Pharmacol Rev 70:384–411; doi:10.1124/pr.117.014407; pmid:29514871	docs/superpowers/research/wave2-science-fatigue-sleep.md § 4. Caffeine	settled	
S0795	caffeine	caffeine effect on subsequent night sleep, pooled	total sleep time -45 min; sleep efficiency -7%; sleep-onset latency +9 min; wake after sleep onset +12 min	24 studies	healthy adults	MA	Gardiner C et al 2023, Sleep Med Rev 69:101764; doi:10.1016/j.smrv.2023.101764; pmid:36870101	docs/superpowers/research/wave2-science-fatigue-sleep.md § 4. Caffeine	settled	
S0796	caffeine	caffeine effect on sleep architecture	N1 (light) sleep +6.1 min / +1.7%; N3+N4 (deep) sleep -11.4 min / -1.4%	24 studies	healthy adults	MA	Gardiner C et al 2023, Sleep Med Rev 69:101764; doi:10.1016/j.smrv.2023.101764; pmid:36870101	docs/superpowers/research/wave2-science-fatigue-sleep.md § 4. Caffeine	settled	
S0797	caffeine	minimum interval between caffeine intake and bedtime to avoid a total-sleep-time reduction	coffee (107 mg per 250 mL) at least 8.8 h before bed; pre-workout serve (217.5 mg) at least 13.2 h before bed	derived from the pooled dose-timing model, not measured directly at those latencies	healthy adults	MA	Gardiner C et al 2023, Sleep Med Rev 69:101764; doi:10.1016/j.smrv.2023.101764; pmid:36870101	docs/superpowers/research/wave2-science-fatigue-sleep.md § 4. Caffeine	settled	
S0798	caffeine	caffeine effect on subsequent night sleep, independent replication	total sleep time -34.67 min; sleep-onset latency +8.35 min; sleep efficiency -4.74%; slow-wave sleep -1.01%; high dose additionally reduced SWS	22 controlled crossover trials, 956 participants; estimates slightly smaller than Gardiner 2023	healthy adults across age groups	MA	Chang YH et al 2025, Sleep Med 136:106874; doi:10.1016/j.sleep.2025.106874; pmid:41124973	docs/superpowers/research/wave2-science-fatigue-sleep.md § 4. Caffeine	settled	
S0799	caffeine	sleep disruption by 400 mg caffeine taken at bedtime, 3 h or 6 h before bed	significant disturbance vs placebo at all three timings (p < 0.05); the study advises no substantial caffeine for at least 6 h before sleep	no numeric total-sleep-time reduction in the abstract	healthy adults, double-blind placebo-controlled	RCT	Drake C et al 2013, J Clin Sleep Med 9:1195–1200; doi:10.5664/jcsm.3170; pmid:24235903	docs/superpowers/research/wave2-science-fatigue-sleep.md § 4. Caffeine	settled	
S0800	caffeine	caffeine effect on attention after sleep loss	response time g = 0.86; accuracy g = 0.68	response time 44 effect estimates; accuracy 95% CI 0.48–0.88, 27 effect estimates	adults following sleep deprivation or restriction	MA	Irwin C et al 2020, Neurosci Biobehav Rev 108:877–888; doi:10.1016/j.neubiorev.2019.12.008; pmid:31837359	docs/superpowers/research/wave2-science-fatigue-sleep.md § 4. Caffeine	superseded	S0900
S0801	caffeine	caffeine effect on reaction time and driving control after sleep loss	reaction time g = 1.11; driving control (lateral, longitudinal) g = 1.67, 1.60	reaction time 95% CI 0.75–1.47; lateral 1.32–2.02; longitudinal 1.16–2.03	adults following sleep deprivation or restriction	MA	Irwin C et al 2020, Neurosci Biobehav Rev 108:877–888; doi:10.1016/j.neubiorev.2019.12.008; pmid:31837359	docs/superpowers/research/wave2-science-fatigue-sleep.md § 4. Caffeine	superseded	S0900
S0802	caffeine	caffeine effect on performance under operational sleep loss	vigilance and response SMD 0.73; complex cognition SMD 0.54; military task performance SMD 0.45	95% CI 0.50–0.96; 0.16–0.93; 0.19–0.71; 7 RCTs	military personnel under sleep deprivation or restriction	MA	Wang R et al 2026, Front Nutr 13:1893033; doi:10.3389/fnut.2026.1893033; pmid:42761483	docs/superpowers/research/wave2-science-fatigue-sleep.md § 4. Caffeine	settled	
S0803	caffeine	validated caffeine-withdrawal symptoms	10 symptoms met validity criteria, including headache, fatigue, decreased alertness, drowsiness and difficulty concentrating	57 experimental and 9 survey studies	adults	MA	Juliano LM, Griffiths RR 2004, Psychopharmacology 176:1–29; doi:10.1007/s00213-004-2000-x; pmid:15448977	docs/superpowers/research/wave2-science-fatigue-sleep.md § 4. Caffeine	settled	
S0804	caffeine	caffeine-withdrawal incidence	headache 50%; clinically significant distress or functional impairment 13%	experimental studies; incidence rises with daily dose	adults	MA	Juliano LM, Griffiths RR 2004, Psychopharmacology 176:1–29; doi:10.1007/s00213-004-2000-x; pmid:15448977	docs/superpowers/research/wave2-science-fatigue-sleep.md § 4. Caffeine	settled	
S0805	caffeine	caffeine-withdrawal time course	onset 12–24 h after abstinence; peak 20–51 h; duration 2–9 days	typical ranges across studies	adults	MA	Juliano LM, Griffiths RR 2004, Psychopharmacology 176:1–29; doi:10.1007/s00213-004-2000-x; pmid:15448977	docs/superpowers/research/wave2-science-fatigue-sleep.md § 4. Caffeine	settled	
S0806	caffeine	minimum habitual caffeine dose whose abstinence produces withdrawal	100 mg/day; incidence and severity increase with daily dose		adults	MA	Juliano LM, Griffiths RR 2004, Psychopharmacology 176:1–29; doi:10.1007/s00213-004-2000-x; pmid:15448977	docs/superpowers/research/wave2-science-fatigue-sleep.md § 4. Caffeine	settled	
S0807	caffeine	caffeine tolerance under chronic dosing	at 400 mg/day for at least 14 days, tolerance to subjective but not physiological measures; no net beneficial effect of chronic administration	no tolerance half-life or decay rate reported	regular caffeine users (n=16), double-blind within-subject	RCT	Sigmon SC et al 2009, Psychopharmacology 204:573–585; doi:10.1007/s00213-009-1489-4; pmid:19241060	docs/superpowers/research/wave2-science-fatigue-sleep.md § 4. Caffeine	settled	
S0808		tea, l-theanine and l-theanine-plus-caffeine effects on cognition, sleep and mood (record verified, numbers not recovered: Payne ER et al 2025, Nutr Rev 83:1873–1891; doi:10.1093/nutrit/nuaf054; pmid:40314930)			settled by reading the numbers from the review			docs/superpowers/research/wave2-science-fatigue-sleep.md § 4. Caffeine	open	
S0809		effect on sleep of caffeine before late-afternoon or evening training (record verified, numbers not recovered: Kocak A et al 2025, Sports (Basel) 13:317; doi:10.3390/sports13090317; pmid:41003623)			settled by reading the numbers from the review			docs/superpowers/research/wave2-science-fatigue-sleep.md § 4. Caffeine	open	
S0810	alcohol	alcohol effect on the shape of a night's sleep	at all doses: shorter sleep-onset latency, a more consolidated first half of the night, more disruption in the latter half	narrative review; qualitative, no pooled estimate	healthy adults	MA	Ebrahim IO et al 2013, Alcohol Clin Exp Res 37:539–549; doi:10.1111/acer.12006; pmid:23347102	docs/superpowers/research/wave2-science-fatigue-sleep.md § 5. Alcohol	settled	
S0811	alcohol	alcohol effect on slow-wave sleep	SWS increased in the first half of the night across dose, age and sex; total-night SWS increased at high doses	majority of studies, consistent across subgroups	healthy adults	MA	Ebrahim IO et al 2013, Alcohol Clin Exp Res 37:539–549; doi:10.1111/acer.12006; pmid:23347102	docs/superpowers/research/wave2-science-fatigue-sleep.md § 5. Alcohol	settled	
S0812	alcohol	alcohol effect on REM sleep by dose	high doses reduce REM in the first half; total REM decreased at moderate and high doses; no clear trend at low dose; REM onset delayed at all doses	dose-graded	healthy adults	MA	Ebrahim IO et al 2013, Alcohol Clin Exp Res 37:539–549; doi:10.1111/acer.12006; pmid:23347102	docs/superpowers/research/wave2-science-fatigue-sleep.md § 5. Alcohol	settled	
S0813	alcohol	alcohol effect on subsequent sleep, pooled by dose	REM disruption from a low dose (<= 0.50 g/kg, about two drinks), worsening with dose; sleep-onset latency shortened only at a high dose (>= 0.85 g/kg, about five drinks); total sleep time, sleep efficiency and wake after sleep onset have no usable estimate	27 studies; large uncertainty on TST, SE and WASO	healthy adults	MA	Gardiner C et al 2025, Sleep Med Rev 80:102030; doi:10.1016/j.smrv.2024.102030; pmid:39631226	docs/superpowers/research/wave2-science-fatigue-sleep.md § 5. Alcohol	settled	
S0814	alcohol	next-day (hangover) psychomotor speed impairment	Hedges g = 0.66	95% CI 0.31–1.00	hangover with BAC below 0.02%; 19 studies, 1163 participants	MA	Gunn C et al 2018, Addiction 113:2182–2193; doi:10.1111/add.14404; pmid:30144191	docs/superpowers/research/wave2-science-fatigue-sleep.md § 5. Alcohol	settled	
S0815	alcohol	next-day (hangover) short-term memory impairment	g = 0.64	95% CI 0.15–1.13	hangover with BAC below 0.02%; 19 studies, 1163 participants	MA	Gunn C et al 2018, Addiction 113:2182–2193; doi:10.1111/add.14404; pmid:30144191	docs/superpowers/research/wave2-science-fatigue-sleep.md § 5. Alcohol	settled	
S0816	alcohol	next-day (hangover) long-term memory impairment	g = 0.59	95% CI 0.01–1.17	hangover with BAC below 0.02%; 19 studies, 1163 participants	MA	Gunn C et al 2018, Addiction 113:2182–2193; doi:10.1111/add.14404; pmid:30144191	docs/superpowers/research/wave2-science-fatigue-sleep.md § 5. Alcohol	settled	
S0817	alcohol	next-day (hangover) sustained attention impairment	g = 0.47; sustained attention and driving impaired, other domains mixed	95% CI 0.07–0.87	hangover with BAC below 0.02%; 19 studies, 1163 participants	MA	Gunn C et al 2018, Addiction 113:2182–2193; doi:10.1111/add.14404; pmid:30144191	docs/superpowers/research/wave2-science-fatigue-sleep.md § 5. Alcohol	settled	
S0818	alcohol	hangover effect on physical endurance	significantly more exhausted after the walk, but no difference in walk duration	naturalistic field study	adults walking the Samaria Gorge	COH	Verster JC et al 2019, J Clin Med 9:E114; doi:10.3390/jcm9010114; pmid:31906222	docs/superpowers/research/wave2-science-fatigue-sleep.md § 5. Alcohol	settled	
S0819	alcohol	interaction of alcohol with sleep restriction on driving	4 h sleep plus 0.035 g/dL BAC increased steering deviation more than either alone (doses tested 0.025 and 0.035 g/dL)	small sample; driving simulator	young men	RCT	Vakulin A et al 2007, Sleep 30:1327–1333; doi:10.1093/sleep/30.10.1327; pmid:17969466	docs/superpowers/research/wave2-science-fatigue-sleep.md § 5. Alcohol	settled	
S0820	alcohol	incident sleep disorder with chronic drinking	general drinking OR 1.37; heavy drinking OR 1.22 (not significant)	95% CI 1.22–1.54; heavy 0.94–1.60; 11 cohort studies	adults, cohort studies	MA	Hu N et al 2020, Drug Alcohol Depend 217:108259; doi:10.1016/j.drugalcdep.2020.108259; pmid:32927195	docs/superpowers/research/wave2-science-fatigue-sleep.md § 5. Alcohol	settled	
S0821	alcohol	alcohol effect on breathing during sleep	apnoea-hypopnoea index +2.33 events/h, larger in people with OSA	95% CI 1.41–3.25; 14 studies, n=422	adults	MA	Kolla BP et al 2018, Sleep Med Rev 42:59–67; doi:10.1016/j.smrv.2018.05.007; pmid:30017492	docs/superpowers/research/wave2-science-fatigue-sleep.md § 5. Alcohol	settled	
S0822	alcohol	alcohol effect on autonomic recovery during sleep	heart rate rose and HRV spectral power fell dose-dependently with intake	small laboratory study	adults	COH	Sagawa Y et al 2011, Alcohol Clin Exp Res 35:2093–2100; doi:10.1111/j.1530-0277.2011.01558.x; pmid:21848959	docs/superpowers/research/wave2-science-fatigue-sleep.md § 5. Alcohol	settled	
S0823	alcohol	alcohol sedation vs sleep	dose-dependent EEG effects show sedation/anaesthesia is qualitatively distinct from sleep	animal and human EEG review	mixed animal and human	TXT	Abrahao KP et al 2020, Neuropharmacology 164:107913; doi:10.1016/j.neuropharm.2019.107913; pmid:31843396	docs/superpowers/research/wave2-science-fatigue-sleep.md § 5. Alcohol	settled	
S0824	fatigue-sleep	acute exercise effect on sleep	small benefits on total sleep time, sleep-onset latency, sleep efficiency, stage 1 and slow-wave sleep; moderate benefit on wake after sleep onset	magnitude labels only; numeric Hedges g not in the abstract	healthy adults	MA	Kredlow MA et al 2015, J Behav Med 38:427–449; doi:10.1007/s10865-015-9617-6; pmid:25596964	docs/superpowers/research/wave2-science-fatigue-sleep.md § 6. Exercise and sleep	settled	
S0825	fatigue-sleep	regular exercise effect on sleep	small benefits on total sleep time and sleep efficiency; small-to-medium on sleep-onset latency; moderate on subjective sleep quality	magnitude labels only; numeric Hedges g not in the abstract	healthy adults	MA	Kredlow MA et al 2015, J Behav Med 38:427–449; doi:10.1007/s10865-015-9617-6; pmid:25596964	docs/superpowers/research/wave2-science-fatigue-sleep.md § 6. Exercise and sleep	settled	
S0826	fatigue-sleep	evening exercise effect on sleep architecture	REM latency +7.7 min; slow-wave sleep +1.3 percentage points; stage 1 sleep -0.9 percentage points	23 studies	healthy participants, single evening session vs no-exercise control	MA	Stutz J et al 2019, Sports Med 49:269–287; doi:10.1007/s40279-018-1015-0; pmid:30374942	docs/superpowers/research/wave2-science-fatigue-sleep.md § 6. Exercise and sleep	settled	
S0827	fatigue-sleep	evening exercise condition under which sleep is impaired	sleep-onset latency, total sleep time and sleep efficiency might be impaired after vigorous exercise ending <= 1 h before bedtime	the review's own hedged wording	healthy participants	MA	Stutz J et al 2019, Sports Med 49:269–287; doi:10.1007/s40279-018-1015-0; pmid:30374942	docs/superpowers/research/wave2-science-fatigue-sleep.md § 6. Exercise and sleep	settled	
S0828	fatigue-sleep	exercise-to-sleep interval beyond which exercise is not associated with sleep changes	>= 4 h before sleep onset; later timing and higher strain associated with delayed onset, shorter and poorer sleep, higher nocturnal resting heart rate, lower HRV	4,084,354 person-nights; observational; no minute values in the abstract	14,689 physically active adults with wearables	COH	Leota J et al 2025, Nat Commun 16:3297; doi:10.1038/s41467-025-58271-x; pmid:40234380	docs/superpowers/research/wave2-science-fatigue-sleep.md § 6. Exercise and sleep	settled	
S0829	fatigue-sleep	evening exercise effect on sleep by intensity	high intensity decreased REM MD -1.95%; moderate intensity trended to improve WASO MD -2.50 min; evening exercise before bedtime does not disrupt sleep	REM 95% credible interval -3.58 to -0.35; WASO -8.17 to 1.62; 28 studies, 325 participants; network meta-analysis	healthy adults with good sleep	MA	Yue T et al 2022, Nat Sci Sleep 14:2157–2177; doi:10.2147/NSS.S388863; pmid:36540196	docs/superpowers/research/wave2-science-fatigue-sleep.md § 6. Exercise and sleep	settled	
S0830	fatigue-sleep	wake after sleep onset after evening vs morning exercise	evening/night exercise associated with higher WASO, SMD -0.51 as reported (about 0.5 SD, evening worse)	95% CI -0.89 to -0.12; 16 RCTs; sign convention not resolvable from the abstract	healthy adults	MA	Souabni M et al 2026, Sleep Med Rev 90:102358; doi:10.1016/j.smrv.2026.102358; pmid:42632303	docs/superpowers/research/wave2-science-fatigue-sleep.md § 6. Exercise and sleep	settled	
S0831	fatigue-sleep	sleep-onset latency after evening vs morning exercise	unaffected, MD -2.24 min	95% CI -10.22 to 5.74; I2 = 99%	adults, 14 studies (5 with sleep outcomes)	MA	Pajareya P et al 2025, Sleep Breath 29:304; doi:10.1007/s11325-025-03459-0; pmid:41032147	docs/superpowers/research/wave2-science-fatigue-sleep.md § 6. Exercise and sleep	settled	
S0832	fatigue-sleep	sleep and sleep-deprivation symptoms during a mountain ultramarathon	77% slept during the race; 80% reported sleep-deprivation symptoms; naps under 30 min the commonest strategy	cross-sectional survey of finishers; survivor-biased	1154 mountain-ultramarathon finishers	COH	Kishi A et al 2024, Sports Med Open 10:34; doi:10.1186/s40798-024-00704-w; pmid:38589752	docs/superpowers/research/wave2-science-fatigue-sleep.md § 6. Exercise and sleep	settled	
S0833	fatigue-sleep	sleep obtained and nap effect on sleepiness during a 100-mile ultramarathon	28.4 ± 21.9 min sleep on average; 20-min naps produced immediate reductions in Karolinska Sleepiness Scale scores	observational field study	52 ultramarathon finishers	COH	Bourlois V et al 2026, Sleep Med 147:109159; doi:10.1016/j.sleep.2026.109159; pmid:42497815	docs/superpowers/research/wave2-science-fatigue-sleep.md § 6. Exercise and sleep	settled	
S0834	fatigue-sleep	sleep obtained and symptoms under exertion plus sleep loss	mean race sleep 96.67 ± 88.71 min; reported sleepiness, loss of balance and hallucinations	about 5 per symptom; case-series strength	male ultramarathon runners (n=13 with data)	COH	Daniel NVS et al 2026, Sleep Health 12:858–865; doi:10.1016/j.sleh.2026.07.002; pmid:42637627	docs/superpowers/research/wave2-science-fatigue-sleep.md § 6. Exercise and sleep	settled	
S0835	fatigue-sleep	daily sleep below which sleepiness and cognition worsen under ultra-endurance load	< 5.29 h/day: greater perceived sleepiness, worse cognitive performance, slower responses	sample split, not a fitted breakpoint	23 ultra-endurance cyclists	COH	Hurdiel R et al 2026, J Sleep Res 35:e70295; doi:10.1111/jsr.70295; pmid:41622427	docs/superpowers/research/wave2-science-fatigue-sleep.md § 6. Exercise and sleep	settled	
S0836		two-process model time constants as read from the primary Daan, Beersma and Borbély 1984 paper or the Borbély 2016 reappraisal			the values in use are second-hand, via Skeldon and Dijk 2025			docs/superpowers/research/wave2-science-fatigue-sleep.md § Gaps	open	
S0837		effect size of sleeping surface on sleep recovery			only a qualitative ranking exists (Radwan 2015)			docs/superpowers/research/wave2-science-fatigue-sleep.md § Gaps	open	
S0838		effect size of noise and light on sleep recovery			not searched			docs/superpowers/research/wave2-science-fatigue-sleep.md § Gaps	open	
S0839		recovery-sleep dynamics across multiple recovery nights			the available trials test one recovery night			docs/superpowers/research/wave2-science-fatigue-sleep.md § Gaps	open	
S0840		per-domain effect sizes of sleep loss on mood, cognitive and motor performance (Pilcher and Huffcutt 1996)			only the ordering is in the abstract			docs/superpowers/research/wave2-science-fatigue-sleep.md § Gaps	open	
S0841		hours-awake to blood-alcohol equivalence as read from Dawson and Reid 1997			abstract not fetchable; Williamson and Feyer 2000 carries the equivalence meanwhile			docs/superpowers/research/wave2-science-fatigue-sleep.md § Gaps	open	
S0842		strength-specific effect of sleep loss			Craven 2022 pools strength within an overall estimate at I2 = 98%			docs/superpowers/research/wave2-science-fatigue-sleep.md § Gaps	open	
S0843		dose-response of cognition against hours of sleep obtained			the available curves are against hours awake			docs/superpowers/research/wave2-science-fatigue-sleep.md § Gaps	open	
S0844		vitamin D status and fatigue in the general population			only a multiple-sclerosis meta-analysis found			docs/superpowers/research/wave2-science-fatigue-sleep.md § Gaps	open	
S0845		fatigue-specific pooled estimate of Markun 2021			the number exists in the full text and was not read			docs/superpowers/research/wave2-science-fatigue-sleep.md § Gaps	superseded	S0910
S0846		rate of fatigue accrual as a function of energy deficit			no quantitative link found; the 30 kcal per kg LBM threshold is a reproductive endpoint			docs/superpowers/research/wave2-science-fatigue-sleep.md § Gaps	open	
S0847		time course from replete iron status to fatigue under progressive depletion			the meta-analyses measure supplementation of the deficient			docs/superpowers/research/wave2-science-fatigue-sleep.md § Gaps	open	
S0848		caffeine tolerance decay rate			no source found			docs/superpowers/research/wave2-science-fatigue-sleep.md § Gaps	open	
S0849		caffeine dose-response on alertness in people who are not sleep-deprived			the meta-analyses found condition on sleep loss			docs/superpowers/research/wave2-science-fatigue-sleep.md § Gaps	open	
S0850		EFSA caffeine single-dose and daily-intake safety thresholds			the EFSA opinion was refused (HTTP 403)			docs/superpowers/research/wave2-science-fatigue-sleep.md § Gaps	open	
S0851		caffeine half-life range from a pharmacokinetic review			the 5.0 h value rests on a single trial (Haller 2004)			docs/superpowers/research/wave2-science-fatigue-sleep.md § Gaps	open	
S0852		difference in the alertness (not subjective) response to caffeine between habitual and naive users			not quantified			docs/superpowers/research/wave2-science-fatigue-sleep.md § Gaps	open	
S0853		pooled alcohol effect on total sleep time, sleep efficiency and wake after sleep onset			Gardiner 2025 reports too much uncertainty to estimate			docs/superpowers/research/wave2-science-fatigue-sleep.md § Gaps	open	
S0854		hangover duration as a function of alcohol dose			not found			docs/superpowers/research/wave2-science-fatigue-sleep.md § Gaps	open	
S0855		magnitude of the super-additive interaction of alcohol and sleep debt beyond one small simulator study			rests on Vakulin 2007 alone, young men only			docs/superpowers/research/wave2-science-fatigue-sleep.md § Gaps	open	
S0856		chronic alcohol effects on sleep architecture			not searched beyond the incident-sleep-disorder cohort meta-analysis			docs/superpowers/research/wave2-science-fatigue-sleep.md § Gaps	open	
S0857		numeric Hedges g values of exercise effects on sleep (Kredlow 2015)			only magnitude labels in the abstract			docs/superpowers/research/wave2-science-fatigue-sleep.md § Gaps	open	
S0858		sign convention of the Souabni 2026 evening-exercise WASO SMD			settled by reading the full text			docs/superpowers/research/wave2-science-fatigue-sleep.md § Gaps	open	
S0859		minute-level sleep effects of late and high-strain exercise (Leota 2025)			only the 4 h threshold and directions in the abstract			docs/superpowers/research/wave2-science-fatigue-sleep.md § Gaps	open	
S0860		increase in the rate of fatigue accrual under prolonged exertion			no study found; Stutz 2019 measures the following sleep, not the accrual			docs/superpowers/research/wave2-science-fatigue-sleep.md § Gaps	open	
S0861		circadian phase of the alertness trough			only the amplitude and the existence of a time-of-day effect are evidenced			docs/superpowers/research/wave2-science-fatigue-sleep.md § Gaps	open	
S0862		caffeine offset of the sleep-loss performance deficit on one common outcome scale			the only estimate compares two meta-analyses on different outcome scales (Irwin 2020, Lim and Dinges)			docs/superpowers/research/wave2-science-fatigue-sleep.md § Gaps	open	
S0863	vitamin-a	serum retinol threshold for vitamin A deficiency	<0.70 µmol/L (<20 µg/dL), the WHO threshold	the fetched study's laboratory used a looser <32.5 µg/dL cut: 752/2725 (27.7 %) positive, of whom 330 fell below the WHO cut	adults, US tertiary hospital, 2019–2022 (the WHO threshold quoted by a retrospective)	AUTH	Fearon KH et al 2026, Nutrients 18:1310; doi:10.3390/nu18081310; pmid:42075121	docs/superpowers/research/wave2-science-cognition-mood-perception.md § 1. Vision	settled	
S0864	vitamin-a	earliest functional consequence of vitamin A deficiency	impaired dark adaptation (nyctalopia), preceding any structural ocular sign	of those reaching an eye exam, 21 % had xerophthalmia signs and 18 % corneal findings: the functional deficit far commoner than the visible one	adults, US tertiary hospital, 2019–2022	COH	Fearon KH et al 2026, Nutrients 18:1310; doi:10.3390/nu18081310; pmid:42075121	docs/superpowers/research/wave2-science-cognition-mood-perception.md § 1. Vision	settled	
S0865	vitamin-a	selectivity of vitamin A deficiency for rod-driven (dark-adapted) vision	dark-adapted ERG responses selectively attenuated in severe deficiency and normalised after treatment; light-adapted responses unchanged; an equivalent-background desensitisation, probably free opsin activating phototransduction	mechanistic study, n = 5 (3 healthy, 1 vitamin A-deficient, 1 achromatopsia); the same opsin activation is known not to occur in cones	adults aged 21–70	COH	Margetts M et al 2025, Invest Ophthalmol Vis Sci 66:30; doi:10.1167/iovs.66.12.30; pmid:40938071	docs/superpowers/research/wave2-science-cognition-mood-perception.md § 1. Vision	settled	
S0866	vitamin-a	prevalence of impaired dark adaptation in vitamin A-deficient adults	40 %; worse in alcohol-related liver disease (p = 0.015)	n = 20 patients vs 15 controls	adults with vitamin A deficiency awaiting liver transplant	COH	Abbott-Johnson WJ et al 2011, Br J Ophthalmol 95:544–548; doi:10.1136/bjo.2009.179176; pmid:20693552	docs/superpowers/research/wave2-science-cognition-mood-perception.md § 1. Vision	settled	
S0867	vitamin-a	share of adults with impaired dark adaptation who were unaware of the deficit	75 %	n = 8 of the impaired subgroup	adults with vitamin A deficiency awaiting liver transplant	COH	Abbott-Johnson WJ et al 2011, Br J Ophthalmol 95:544–548; doi:10.1136/bjo.2009.179176; pmid:20693552	docs/superpowers/research/wave2-science-cognition-mood-perception.md § 1. Vision	settled	
S0868	vitamin-a	dark-adaptation gain after a single 50 000 IU intramuscular retinyl palmitate dose	0.3 log units of dark-adaptation gain measured at 1 month after the dose (light of half the previous intensity could be seen, p = 0.05)	single arm, n = 8, p at the boundary	adults with vitamin A deficiency awaiting liver transplant, liver disease	COH	Abbott-Johnson WJ et al 2011, Br J Ophthalmol 95:544–548; doi:10.1136/bjo.2009.179176; pmid:20693552	docs/superpowers/research/wave2-science-cognition-mood-perception.md § 1. Vision	settled	
S0869	vitamin-a	dark-adaptation recovery after 6 weeks at 850 µg RAE/d dietary vitamin A	mean pupillary threshold −0.71 ± 0.04 → −1.42 ± 0.02 log cd/m², a 0.71 log-unit (≈5-fold) recovery, P < 0.0001; plasma retinol rose only 0.95 → 1.07 µmol/L	six food-source arms (amaranth leaves, carrots, goat liver, vitamin A-fortified rice, retinyl palmitate, and one 2000 µg arm); liver beat fortified rice, P < 0.02; the abstract also reports that carrots and amaranth did not differ from retinyl palmitate or liver in this trial, which sits in tension with the carotene-does-not-substitute reading (Congdon 2000)	nightblind pregnant Nepali women	RCT	Haskell MJ et al 2005, Am J Clin Nutr 81:461–471; doi:10.1093/ajcn.81.2.461; pmid:15699236	docs/superpowers/research/wave2-science-cognition-mood-perception.md § 1. Vision	settled	
S0870	vitamin-a	dark-adaptation threshold under preformed vitamin A vs β-carotene vs placebo (β-carotene not distinguishable from placebo)	vitamin A arm −1.24 log cd/m² vs placebo −1.11 (P = 0.03) and β-carotene −1.13 (P = 0.05)	n = 298; threshold tracked serum retinol in the placebo and β-carotene arms but not in the vitamin A arm	pregnant and lactating Nepali women	RCT	Congdon NG et al 2000, Am J Clin Nutr 72:1004–1009; doi:10.1093/ajcn/72.4.1004; pmid:11010944	docs/superpowers/research/wave2-science-cognition-mood-perception.md § 1. Vision	settled	
S0871	vitamin-a	added iron and riboflavin on the dark-adaptation response to vitamin A (co-limitation, greater response)	30 mg iron + 6 mg riboflavin added to vitamin A-fortified rice gave significantly greater pupillary-threshold improvement in women iron-deficient at baseline (n = 38, P = 0.05); abnormal-threshold prevalence 87 % → 30 % (P < 0.05), riboflavin deficiency 60 % → 6 %, iron-deficiency anaemia 35 % → 15 %	6 weeks; the interaction is shown only in the iron-deficient subgroup	pregnant nightblind Nepali women	RCT	Graham JM et al 2007, Am J Clin Nutr 85:1375–1384; doi:10.1093/ajcn/85.5.1375; pmid:17490976	docs/superpowers/research/wave2-science-cognition-mood-perception.md § 1. Vision	settled	
S0872	zinc	dark-adapted final threshold in zinc deficiency (serum zinc <70 µg/100 mL), loss vs controls	3.2 ± 0.6 vs 2.1 ± 0.2 log lux (P < 0.01), a 1.1 log-unit (≈12-fold) loss	n = 6 cirrhotics vs 21 age-matched controls; small and uncontrolled	alcoholic cirrhotics	COH	Morrison SA et al 1978, Am J Clin Nutr 31:276–281; doi:10.1093/ajcn/31.2.276; pmid:623051	docs/superpowers/research/wave2-science-cognition-mood-perception.md § 1. Vision	settled	
S0873	zinc	dark-adaptation threshold reduction on zinc repletion, independent of vitamin A	220 mg zinc sulfate/d for 1–2 weeks cut thresholds by 0.9, 0.4 and 1.2 log lux with no rise in vitamin A concentrations	three individual responders, no control arm	alcoholic cirrhotics	COH	Morrison SA et al 1978, Am J Clin Nutr 31:276–281; doi:10.1093/ajcn/31.2.276; pmid:623051	docs/superpowers/research/wave2-science-cognition-mood-perception.md § 1. Vision	settled	
S0874	zinc	rod ERG and night blindness on zinc repletion	rod b-wave unrecordable; night blindness resolved and rod ERGs returned within normal limits after 3 weeks from admission on zinc supplementation, with serum vitamin A still low at recovery, while cone responses stayed depressed	single case (n = 1)	46-year-old man with low serum zinc and low vitamin A	COH	Mochizuki K et al 2006, Jpn J Ophthalmol 50:532–536; doi:10.1007/s10384-006-0376-3; pmid:17180528	docs/superpowers/research/wave2-science-cognition-mood-perception.md § 1. Vision	settled	
S0875	perception	contrast and glare sensitivity under 12 mg/d lutein for 16 weeks (improved)	significantly improved macular pigment optical density, contrast sensitivity and glare sensitivity vs placebo (direction and significance only)	n = 59; effect magnitudes are not in the fetched abstract	healthy adults aged 20–69	RCT	Machida N et al 2020, Nutrients 12:2966; doi:10.3390/nu12102966; pmid:32998324	docs/superpowers/research/wave2-science-cognition-mood-perception.md § 1. Vision	settled	
S0876		effect of dehydration on visual acuity or contrast sensitivity			no evidence found: the closest records (Hunt et al 2012, intraocular pressure; Bron and Willshire 2021, tear osmolarity) measure no perception outcome and support no vision mechanic; a dehydration trial with a visual-function outcome would settle it			docs/superpowers/research/wave2-science-cognition-mood-perception.md § 1. Vision	open	
S0877		effect of hypoglycaemia on visual function specifically			no direct visual-function evidence found; the hypoglycaemia effect is on attention and processing speed (§ 3), and the vision searches returned only diabetic retinopathy and inherited retinal disease			docs/superpowers/research/wave2-science-cognition-mood-perception.md § 1. Vision	open	
S0878	iron	hazard of incident hearing loss with iron-deficiency anaemia (higher)	HR 1.50 over five years, p < 0.001	95 % CI 1.34–1.67; peak in year 1 (HR 2.79, 95 % CI 2.00–3.88), elevated through year 5; severe anaemia (Hb < 10 g/dL) carried greater risk	71 003 propensity-matched pairs of female patients, TriNetX database 2010–2022	COH	Chen IW et al 2025, Front Nutr 12:1718261; doi:10.3389/fnut.2025.1718261; pmid:41450550	docs/superpowers/research/wave2-science-cognition-mood-perception.md § 2. Hearing	settled	
S0879	iron	five-year absolute incidence of hearing loss with iron-deficiency anaemia vs matched controls	0.98 % vs 0.81 %, an absolute difference of 0.17 percentage points over five years	the same study's headline numbers; the HR of 1.50 is a ratio of two very small risks	71 003 propensity-matched pairs of female patients, TriNetX database 2010–2022	COH	Chen IW et al 2025, Front Nutr 12:1718261; doi:10.3389/fnut.2025.1718261; pmid:41450550	docs/superpowers/research/wave2-science-cognition-mood-perception.md § 2. Hearing	settled	
S0880	iron	proposed mechanism linking anaemia and sensorineural hearing loss	cochlear microcirculatory compromise, tissue hypoxia, and inflammatory and oxidative-stress pathways	narrative review, no pooled estimate	general	TXT	Ye L et al 2024, Medicine (Baltimore) 103:e40326; doi:10.1097/md.0000000000040326; pmid:39496053	docs/superpowers/research/wave2-science-cognition-mood-perception.md § 2. Hearing	settled	
S0881	folate	low-frequency hearing-threshold decline under 800 µg/d folic acid for 3 years (slower)	+1.0 dB (CI 0.6–1.4) vs +1.7 dB (CI 1.3–2.1) on placebo at 0.5/1/2 kHz, difference −0.7 dB (CI −1.2 to −0.1), P = 0.020; no effect at high frequencies	n = 728; entry required homocysteine ≥13 µmol/L; no folic-acid fortification, baseline folate about half US levels, which the authors say limits extrapolation	older Dutch men and women, 2000–2004	RCT	Durga J et al 2007, Ann Intern Med 146:1–9; doi:10.7326/0003-4819-146-1-200701020-00003; pmid:17200216	docs/superpowers/research/wave2-science-cognition-mood-perception.md § 2. Hearing	settled	
S0882	folate	odds of prevalent mild hearing loss with low serum folate or raised homocysteine (higher)	serum folate <11 nmol/L OR 1.37 (CI 1.04–1.81); tHcy >20 µmol/L OR 1.64 (CI 1.06–2.53); serum B12 not significantly associated; no longitudinal association for any of the three	n = 2956 aged ≥50; the null incident findings attributed to insufficient power	Blue Mountains Hearing Study, Australia	COH	Gopinath B et al 2010, J Nutr 140:1469–1474; doi:10.3945/jn.110.122010; pmid:20573942	docs/superpowers/research/wave2-science-cognition-mood-perception.md § 2. Hearing	settled	
S0883	folate	risk of self-reported hearing loss with dietary folate <200 µg/d (higher)	RR 1.19 (CI 1.01–1.41) vs 200–399 µg/d, P-trend = 0.04	65 521 women, 1 084 598 person-years, 12 789 incident cases; outcome self-reported, not audiometric	Nurses' Health Study II, 1991–2009	COH	Curhan SG et al 2015, Am J Clin Nutr 102:1167–1175; doi:10.3945/ajcn.115.109314; pmid:26354537	docs/superpowers/research/wave2-science-cognition-mood-perception.md § 2. Hearing	settled	
S0884	vitamin-a	risk of self-reported hearing loss with carotenoid and preformed vitamin A intake	β-carotene highest vs lowest quintile RR 0.88 (CI 0.81–0.94); β-cryptoxanthin RR 0.90 (CI 0.84–0.96); no association for vitamin A	65 521 women, 1 084 598 person-years, 12 789 incident cases; outcome self-reported, not audiometric	Nurses' Health Study II, 1991–2009	COH	Curhan SG et al 2015, Am J Clin Nutr 102:1167–1175; doi:10.3945/ajcn.115.109314; pmid:26354537	docs/superpowers/research/wave2-science-cognition-mood-perception.md § 2. Hearing	settled	
S0885	vitamin-e	risk of self-reported hearing loss with vitamin E intake	no association	65 521 women, 1 084 598 person-years, 12 789 incident cases; outcome self-reported, not audiometric	Nurses' Health Study II, 1991–2009	COH	Curhan SG et al 2015, Am J Clin Nutr 102:1167–1175; doi:10.3945/ajcn.115.109314; pmid:26354537	docs/superpowers/research/wave2-science-cognition-mood-perception.md § 2. Hearing	settled	
S0886	vitamin-c	risk of self-reported hearing loss with vitamin C intake ≥1000 mg/d (higher)	RR 1.22 (CI 1.06–1.42)	65 521 women, 1 084 598 person-years, 12 789 incident cases; outcome self-reported, not audiometric	Nurses' Health Study II, 1991–2009	COH	Curhan SG et al 2015, Am J Clin Nutr 102:1167–1175; doi:10.3945/ajcn.115.109314; pmid:26354537	docs/superpowers/research/wave2-science-cognition-mood-perception.md § 2. Hearing	settled	
S0887	perception	serum homocysteine in sudden sensorineural hearing loss vs controls (higher)	SMD 0.41 (CI 0.11–0.72), P < 0.01; OR 3.27 (CI 2.16–4.94), P < 0.01	766 participants across six studies (continuous), 961 across three (dichotomous); sudden hearing loss is an acute idiopathic event, not a graded acuity change	sudden sensorineural hearing loss patients vs controls	MA	Niu X et al 2023, Eur Arch Otorhinolaryngol 280:2091–2097; doi:10.1007/s00405-023-07829-w; pmid:36658368	docs/superpowers/research/wave2-science-cognition-mood-perception.md § 2. Hearing	settled	
S0888	iron	association of serum iron with low-frequency hearing loss	association reported, direction consistent with Chen 2025; no effect size taken	the report verified the record but did not fetch the abstract; this harvest read it: lower serum iron with higher 1 kHz thresholds, none at 4 kHz, n = 2987, significant only at age ≥50	Korean females	COH	Jung I et al 2025, Ann Occup Environ Med 37:e28; doi:10.35371/aoem.2025.37.e28; pmid:41292202	docs/superpowers/research/wave2-science-cognition-mood-perception.md § 2. Hearing	settled	
S0889		effect of fatigue or dehydration on auditory attention in healthy people			no evidence found: the reachable literature runs the opposite way (hearing loss producing listening fatigue, Jiang et al 2023, hearing-impaired only) and names dehydration only as a prognostic factor in sudden hearing loss (Abe et al 2023; Shrestha et al 2025)			docs/superpowers/research/wave2-science-cognition-mood-perception.md § 2. Hearing	open	
S0890		effect of sleep deprivation on auditory vigilance (an auditory-specific synthesis)			no auditory-specific meta-analysis found; the sleep-loss attention effect (Lim and Dinges 2010) was measured on visual detection tasks; the same gap is named in § Gaps			docs/superpowers/research/wave2-science-cognition-mood-perception.md § 2. Hearing	open	
S0891	fatigue-sleep	cognitive effect of short-term total sleep deprivation, largest domain: lapses in simple attention (worse)	g = −0.776; the smallest, reasoning accuracy, g = −0.125 (−0.27 to 0.02), non-significant	95 % CI −0.96 to −0.60, p < .001; 70 articles, 147 cognitive tests; speed and accuracy did not differ within a domain; only time awake moderated between-study variance, and only for accuracy	healthy adults, laboratory, total sleep deprivation <48 h; the lapse effect comes from visual detection tasks (the PVT and relatives)	MA	Lim J, Dinges DF 2010, Psychol Bull 136:375–389; doi:10.1037/a0018883; pmid:20438143	docs/superpowers/research/wave2-science-cognition-mood-perception.md § 3. Reaction time and attention	superseded	S0750, S0751, S0752, S0753
S0892	fatigue-sleep	cognitive performance after 24 h sustained wakefulness matched to blood alcohol (qualitative)	matched to 0.05 % BAC on most tasks; fatigue worse than 0.05 % BAC on continuous-attention speed, memory/learning speed and complex-matching accuracy; alcohol worse only on memory/learning accuracy	ABACA design controlling practice effects; CogState battery	40 healthy adults	RCT	Falleti MG et al 2003, J Sleep Res 12:265–274; doi:10.1111/j.1365-2869.2003.00363.x; pmid:14633237	docs/superpowers/research/wave2-science-cognition-mood-perception.md § 3. Reaction time and attention	settled	
S0893	fatigue-sleep	blood-alcohol equivalent of 24 h wakefulness (quantitative band)	0.05 % BAC by an effect-size metric accounting for performance variability; above 0.08 % BAC by a raw percentage-change metric	0.05 % the defensible figure and 0.08 % the upper bound; the authors hold that earlier studies overestimated fatigue by ignoring variability	40 healthy adults	RCT	Maruff P et al 2005, J Sleep Res 14:21–27; doi:10.1111/j.1365-2869.2004.00438.x; pmid:15743330	docs/superpowers/research/wave2-science-cognition-mood-perception.md § 3. Reaction time and attention	settled	
S0894	water	pooled cognitive effect of dehydration (worse)	ES −0.21 across all domains, P < 0.0001; attention ES −0.52 (−0.66 to −0.37); motor coordination −0.40 (−0.63 to −0.17); executive function −0.24 (−0.37 to −0.12)	95 % CI −0.31 to −0.11 (pooled); 33 studies, 280 effect estimates, 413 subjects; significant heterogeneity	mixed adults, 1–6 % body-mass loss	MA	Wittbrodt MT, Millard-Stafford M 2018, Med Sci Sports Exerc 50:2360–2368; doi:10.1249/MSS.0000000000001682; pmid:29933347	docs/superpowers/research/wave2-science-cognition-mood-perception.md § 3. Reaction time and attention	settled	
S0895	water	cognitive effect of dehydration by body-mass-loss threshold	>2 % body-mass loss ES −0.28 (−0.41 to −0.16); ≤2 % ES −0.14 (−0.27 to 0.00), CI touching zero; the subgroup difference P = 0.04	the 2 % knee is the study's own subgroup split, not a fitted breakpoint	mixed adults, 1–6 % body-mass loss	MA	Wittbrodt MT, Millard-Stafford M 2018, Med Sci Sports Exerc 50:2360–2368; doi:10.1249/MSS.0000000000001682; pmid:29933347	docs/superpowers/research/wave2-science-cognition-mood-perception.md § 3. Reaction time and attention	settled	
S0896	cognition	cognitive performance after acute fasting vs satiated (no supported effect)	g = 0.02, no meaningful difference	95 % CrI −0.05 to 0.10; between-study heterogeneity low (τ = 0.17); 222 effect sizes, 3484 participants; only modest reductions for longer fasts and younger participants; cognitive domain did not reliably explain heterogeneity	healthy adults, median fasting duration 12 h	MA	Bamberg C, Moreau D 2025, Psychol Bull 151:1147–1169; doi:10.1037/bul0000492; pmid:41182703	docs/superpowers/research/wave2-science-cognition-mood-perception.md § 3. Reaction time and attention	settled	
S0897	cognition	blood glucose at which cognitive performance becomes impaired	2.6–3.0 mmol/L; complex tasks more sensitive than simple tasks; onset immediate, recovery may be delayed	narrative review; a range across studies, not a single fitted value	healthy subjects	TXT	Warren RE, Frier BM 2005, Diabetes Obes Metab 7:493–503; doi:10.1111/j.1463-1326.2004.00421.x; pmid:16050942	docs/superpowers/research/wave2-science-cognition-mood-perception.md § 3. Reaction time and attention	settled	
S0898	cognition	cognitive decrement at blood glucose 3.0 mmol/L vs 6.0 mmol/L (worse)	global cognitive score −0.7 SD (95 % CI −0.9 to −0.6, p < 0.0001); Symbol Digit Modalities Test 56.6 ± 12.0 → 48.7 ± 9.8, −7.9 points (95 % CI −10.9 to −4.9, p < 0.0001)	n = 25, randomised crossover clamp at 3.0 ± 0.2 vs 6.0 ± 0.2 mmol/L; age, sex, hormones and symptom severity had no influence	type 2 diabetes patients, not healthy adults	RCT	Nilsson M et al 2019, Diabetologia 62:1948–1958; doi:10.1007/s00125-019-4964-4; pmid:31367958	docs/superpowers/research/wave2-science-cognition-mood-perception.md § 3. Reaction time and attention	settled	
S0899	caffeine	acute caffeine effect on attention in rested subjects (better)	reaction time g = 0.28; accuracy g = 0.27; doses ≥200 mg did more than lower ones; dose-response linear for reaction time, quadratic for accuracy; unrelated to habitual consumption, task complexity or attention-network type	31 trials, n = 1455	healthy adults	MA	Kløve K, Petersen A 2025, Psychopharmacology (Berl) 242:1909–1930; doi:10.1007/s00213-025-06775-1; pmid:40335666	docs/superpowers/research/wave2-science-cognition-mood-perception.md § 3. Reaction time and attention	settled	
S0900	caffeine	acute caffeine effect on performance after sleep loss (better)	attention response time g = 0.86; attention accuracy g = 0.68 (0.48–0.88); information-processing reaction time g = 1.11 (0.75–1.47), response time g = 1.95 (1.39–2.52); executive function g = 0.35 (0.15–0.55); driving control lateral g = 1.67 (1.32–2.02), longitudinal g = 1.60 (1.16–2.03)	45 publications, 327 effect estimates (attention response time 44, accuracy 27); the abstract prints the CI of the g = 0.86 estimate as 0.53–0.83, which excludes its own point estimate, and that CI is not used	sleep-deprived adults	MA	Irwin C et al 2020, Neurosci Biobehav Rev 108:877–888; doi:10.1016/j.neubiorev.2019.12.008; pmid:31837359	docs/superpowers/research/wave2-science-cognition-mood-perception.md § 3. Reaction time and attention	settled	
S0901	caffeine	caffeine on vigilance and reasoning across three successive restricted-sleep overnights (maintained)	4 × 200 mg (800 mg) per overnight maintained PVT speed (p < 0.02), field-vigilance event detection (p < 0.001), vigilance-monitor correct responses (p < 0.001) and logical-reasoning speed (p < 0.001)	n = 20 (10 caffeine, 10 placebo)	young fit male Special Forces soldiers, 4 h afternoon sleep only	RCT	Kamimori GH et al 2015, Psychopharmacology (Berl) 232:2031–2042; doi:10.1007/s00213-014-3834-5; pmid:25527035	docs/superpowers/research/wave2-science-cognition-mood-perception.md § 3. Reaction time and attention	settled	
S0902	caffeine	caffeine effect on live-fire marksmanship under restricted sleep (no supported effect)	no caffeine effect on live-fire marksmanship	n = 20 (10 caffeine, 10 placebo), 4 × 200 mg per overnight	young fit male Special Forces soldiers, 4 h afternoon sleep only	RCT	Kamimori GH et al 2015, Psychopharmacology (Berl) 232:2031–2042; doi:10.1007/s00213-014-3834-5; pmid:25527035	docs/superpowers/research/wave2-science-cognition-mood-perception.md § 3. Reaction time and attention	settled	
S0903	caffeine	caffeine on shooting after 22 h of wakefulness: target engagement restored, accuracy and precision not	400 + 100 + 100 mg restored target engagement time and shots fired but not accuracy or precision; most shooting measures had degraded after 22 h awake	n = 20, double-blind crossover, 1 h rifle task; the authors split it as cognitive target detection vs psychomotor marksmanship	young adults	RCT	Tikuisis P et al 2004, Aviat Space Environ Med 75:771–776; pmid:15460628	docs/superpowers/research/wave2-science-cognition-mood-perception.md § 3. Reaction time and attention	settled	
S0904	fatigue-sleep	marksmanship and vigilance under sleep deprivation (worse), held by caffeine	placebo marksmanship accuracy 95.1 ± 8.3 % → 83.3 ± 19.2 % overnight; marksmanship vigilance 85 % → 61.4 ± 28.2 %; urban-operations vigilance 77.6 ± 19.2 % → 44.0 ± 30.2 %; PVT reaction time and lapses rose significantly; caffeine (100/200/100/200 mg) held all of them	n = 30, one 3 h restricted-sleep night then sustained wakefulness	young soldiers	RCT	McLellan TM et al 2005, Aviat Space Environ Med 76:39–45; pmid:15672985	docs/superpowers/research/wave2-science-cognition-mood-perception.md § 3. Reaction time and attention	settled	
S0905	alcohol	driving measures impaired at blood alcohol 0.03, 0.05 and 0.08 %	0.03 %: mean speed impaired; 0.05 %: mean speed and steering-wheel angle; 0.08 %: all driving measures except steering-wheel-angle variability	n = 75 licensed drivers, fixed-base simulator, within-subject dose series; mean speed the only measure significant at every level	Indian adult drivers	RCT	Yadav AK, Velaga NR 2019, Drug Alcohol Depend 205:107630; doi:10.1016/j.drugalcdep.2019.107630; pmid:31648105	docs/superpowers/research/wave2-science-cognition-mood-perception.md § 3. Reaction time and attention	settled	
S0906	iron	attention and concentration under oral iron supplementation (better)	SMD 0.59, irrespective of baseline iron status; IQ +2.5 points (1.24–3.76) in anaemic groups only	95 % CI 0.29–0.90, no heterogeneity; 14 RCTs; modest publication bias on the funnel plot	children ≥6 y, adolescents and women; no RCTs in men or older people existed	MA	Falkingham M et al 2010, Nutr J 9:4; doi:10.1186/1475-2891-9-4; pmid:20100340	docs/superpowers/research/wave2-science-cognition-mood-perception.md § 3. Reaction time and attention	settled	
S0907	iron	oral iron supplementation on memory, psychomotor skills and scholastic achievement (no supported effect)	no effect	14 RCTs	children ≥6 y, adolescents and women; no RCTs in men or older people existed	MA	Falkingham M et al 2010, Nutr J 9:4; doi:10.1186/1475-2891-9-4; pmid:20100340	docs/superpowers/research/wave2-science-cognition-mood-perception.md § 3. Reaction time and attention	settled	
S0908	iron	cognitive outcomes of iron supplementation in non-anaemic people	RCT arm: cognitive intelligence d = 0.46, short-term memory d = 0.53; no effect on attention	18 studies (12 RCT, 6 pre-post), n = 1408; the pre-post arm is much larger and less trustworthy	non-anaemic children, adolescents and menstruating adults (mean 34.6 ± 9.5 y)	MA	Fiani D et al 2025, Neurosci Biobehav Rev 178:106372; doi:10.1016/j.neubiorev.2025.106372; pmid:40945632	docs/superpowers/research/wave2-science-cognition-mood-perception.md § 3. Reaction time and attention	settled	
S0909	iron	psychiatric and cognitive effects of iron supplementation once iron-deficient participants are excluded (no supported effect)	the effects disappeared when iron-deficient participants were excluded	18 studies (12 RCT, 6 pre-post), n = 1408	non-anaemic children, adolescents and menstruating adults (mean 34.6 ± 9.5 y)	MA	Fiani D et al 2025, Neurosci Biobehav Rev 178:106372; doi:10.1016/j.neubiorev.2025.106372; pmid:40945632	docs/superpowers/research/wave2-science-cognition-mood-perception.md § 3. Reaction time and attention	settled	
S0910	vitamin-b12	B12 or B-complex supplementation on cognitive function (no supported effect)	no evidence for an effect on any subdomain of cognitive function; meta-regression found no moderator	16 RCTs, n = 6276; only one study addressed idiopathic fatigue, so fatigue could not be pooled	adults without overt deficiency or advanced neurological disease	MA	Markun S et al 2021, Nutrients 13:923; doi:10.3390/nu13030923; pmid:33809274	docs/superpowers/research/wave2-science-cognition-mood-perception.md § 3. Reaction time and attention	settled	
S0911	essential-fats	omega-3 supplementation dose-response on cognition, per 2000 mg/d	attention SMD 0.98 (0.41–1.54, GRADE low); perceptual speed 0.50 (0.05–0.95, moderate); primary memory 0.87 (0.17–1.56, moderate); visuospatial 0.86 (0.46–1.27, moderate); global cognition 1.08 (0.73–1.44, low); episodic memory and global ability non-linear, downward-curving	58 studies; the SMDs are implausibly large for a nutrient at low-to-moderate GRADE, so the shape (saturating, then falling) is the usable finding and the magnitudes unreliable	adults	MA	Shahinfar H et al 2025, Sci Rep 15:30610; doi:10.1038/s41598-025-16129-8; pmid:40836005	docs/superpowers/research/wave2-science-cognition-mood-perception.md § 3. Reaction time and attention	settled	
S0912	cognition	glucose ingestion dose-response on memory (inverted U)	doses of 0, 15, 25, 50 and 60 g significantly facilitated several memory tasks, with an inverted-U dose-response for long-term memory; moderated by individual glucose regulation and body weight; the effect is on memory, not reaction time	n = 30, double-blind repeated-measures crossover	healthy young adults	RCT	Sünram-Lea SI et al 2011, J Psychopharmacol 25:1076–1087; doi:10.1177/0269881110367725; pmid:20488830	docs/superpowers/research/wave2-science-cognition-mood-perception.md § 3. Reaction time and attention	settled	
S0913	cognition	glucose facilitation of memory	real and hippocampally mediated; largest for emotionally laden material and in people with compromised neurocognitive capacity	comprehensive narrative review; no pooled effect size	humans	TXT	Smith MA et al 2011, Neurosci Biobehav Rev 35:770–783; doi:10.1016/j.neubiorev.2010.09.008; pmid:20883717	docs/superpowers/research/wave2-science-cognition-mood-perception.md § 3. Reaction time and attention	settled	
S0914	starvation	mood and physical symptoms of semi-starvation (Minnesota experiment)	loss of >25 % of body weight with anaemia, fatigue, apathy, extreme weakness, irritability, neurological deficits and lower-extremity oedema; no effect size	36 volunteers; a symptom list, not a measurement; the primary (Keys A et al 1950, The Biology of Human Starvation, a book) was not read directly	36 conscientious objectors, University of Minnesota, WWII (controlled experiment, reported historically)	COH	Kalm LM, Semba RD 2005, J Nutr 135:1347–1352; doi:10.1093/jn/135.6.1347; pmid:15930436	docs/superpowers/research/wave2-science-cognition-mood-perception.md § 4. Mood, stress and anxiety	superseded	S0113
S0915	mood	positive affect under experimental sleep loss (lower)	SMD −0.27 to −1.14, reduced by every form of sleep loss	1338 effect sizes from 154 studies, N = 5717, ages 7–79; non-linear effects by amount of sleep lost and stage restricted	healthy humans, experimental sleep loss	MA	Palmer CA et al 2024, Psychol Bull 150:440–463; doi:10.1037/bul0000410; pmid:38127505	docs/superpowers/research/wave2-science-cognition-mood-perception.md § 4. Mood, stress and anxiety	settled	
S0916	mood	anxiety symptoms under experimental sleep loss (higher)	SMD +0.57 to +0.63	1338 effect sizes from 154 studies, N = 5717, ages 7–79; non-linear effects by amount of sleep lost and stage restricted	healthy humans, experimental sleep loss	MA	Palmer CA et al 2024, Psychol Bull 150:440–463; doi:10.1037/bul0000410; pmid:38127505	docs/superpowers/research/wave2-science-cognition-mood-perception.md § 4. Mood, stress and anxiety	settled	
S0917	mood	arousal to emotional stimuli under experimental sleep loss (blunted)	SMD −0.20 to −0.53	1338 effect sizes from 154 studies, N = 5717, ages 7–79; non-linear effects by amount of sleep lost and stage restricted	healthy humans, experimental sleep loss	MA	Palmer CA et al 2024, Psychol Bull 150:440–463; doi:10.1037/bul0000410; pmid:38127505	docs/superpowers/research/wave2-science-cognition-mood-perception.md § 4. Mood, stress and anxiety	settled	
S0918	mood	negative affect and depressive symptoms under experimental sleep loss	varied by type of sleep loss; not uniformly affected	1338 effect sizes from 154 studies, N = 5717, ages 7–79; non-linear effects by amount of sleep lost and stage restricted	healthy humans, experimental sleep loss	MA	Palmer CA et al 2024, Psychol Bull 150:440–463; doi:10.1037/bul0000410; pmid:38127505	docs/superpowers/research/wave2-science-cognition-mood-perception.md § 4. Mood, stress and anxiety	settled	
S0919	essential-fats	omega-3 supplementation on depression (lower), by EPA and DHA share	overall SMD −0.28 (P = 0.004); EPA-pure SMD −0.50 (P = 0.003) and EPA-major (≥60 % EPA) SMD −1.03 (P = 0.03), both at ≤1 g/d; DHA-pure and DHA-major showed no benefit	26 double-blind RCTs, 2160 participants; the numbers are the 2019 abstract's; the 2021 correction amends author names only	depressed patients	MA	Liao Y et al 2019, Transl Psychiatry 9:190; doi:10.1038/s41398-019-0515-5; pmid:31383846; Liao Y et al 2021 (correction), Transl Psychiatry 11:465; doi:10.1038/s41398-021-01582-6; pmid:34493705	docs/superpowers/research/wave2-science-cognition-mood-perception.md § 4. Mood, stress and anxiety	settled	
S0920	vitamin-d	vitamin D supplementation dose-response on depression (lower)	per 1000 IU/d SMD −0.32 (−0.43 to −0.22), moderate certainty; in those already symptomatic SMD −0.57 (−0.69 to −0.44); largest at 8000 IU/d, SMD −2.04 (−3.77 to −0.31)	31 trials, 24 189 participants; shorter trials (≤8 and 8–24 weeks) showed stronger effects than longer ones, a small-study-bias signature; the 8000 IU estimate rests on few trials	adults	MA	Ghaemi S et al 2024, Psychol Med 54:3999–4008; doi:10.1017/s0033291724001697; pmid:39552387	docs/superpowers/research/wave2-science-cognition-mood-perception.md § 4. Mood, stress and anxiety	settled	
S0921	vitamin-d	vitamin D supplementation on anxiety symptoms (no supported effect)	no significant effects on anxiety symptoms	the same 31 trials, 24 189 participants	adults	MA	Ghaemi S et al 2024, Psychol Med 54:3999–4008; doi:10.1017/s0033291724001697; pmid:39552387	docs/superpowers/research/wave2-science-cognition-mood-perception.md § 4. Mood, stress and anxiety	settled	
S0922	mood	B-vitamin supplementation on stress (lower) and depressive symptoms	stress SMD 0.23 (0.02–0.45), p = 0.03 (n = 958); depressive symptoms SMD 0.15 (−0.01 to 0.32), p = 0.07, not significant	18 articles / 16 trials, 2015 participants, 12 pooled; the stress CI nearly touches zero	healthy and at-risk adults	MA	Young LM et al 2019, Nutrients 11:2232; doi:10.3390/nu11092232; pmid:31527485	docs/superpowers/research/wave2-science-cognition-mood-perception.md § 4. Mood, stress and anxiety	settled	
S0923	mood	B-vitamin supplementation on anxiety (no supported effect)	SMD 0.03 (−0.13 to 0.20), p = 0.71	18 articles / 16 trials, 2015 participants, 12 pooled	healthy and at-risk adults	MA	Young LM et al 2019, Nutrients 11:2232; doi:10.3390/nu11092232; pmid:31527485	docs/superpowers/research/wave2-science-cognition-mood-perception.md § 4. Mood, stress and anxiety	settled	
S0924	magnesium	magnesium supplementation on subjective anxiety and stress (not quantified)	suggestive only: a positive effect in 4 of 8 anxious-sample, 4 of 7 PMS-sample and 1 of 2 hypertensive studies; no effect on postpartum anxiety; no pooled effect size	18 intervention studies, a systematic review without pooling; no validated stress outcome measure was administered in any study	mixed (anxious, PMS, hypertensive, postpartum)	MA	Boyle NB et al 2017, Nutrients 9:429; doi:10.3390/nu9050429; pmid:28445426	docs/superpowers/research/wave2-science-cognition-mood-perception.md § 4. Mood, stress and anxiety	settled	
S0925	iron	mood outcomes of iron supplementation in non-anaemic people	anxiety d = 0.34, fatigue d = 0.34, physical well-being d = 0.42; no effect on depression; the effects disappeared when iron-deficient participants were excluded	12 RCTs within 18 studies, n = 1408; the pre-post arm larger (depression d = 0.93, fatigue d = 1.01) and therefore less trustworthy	non-anaemic children, adolescents and menstruating adults (mean 34.6 ± 9.5 y)	MA	Fiani D et al 2025, Neurosci Biobehav Rev 178:106372; doi:10.1016/j.neubiorev.2025.106372; pmid:40945632	docs/superpowers/research/wave2-science-cognition-mood-perception.md § 4. Mood, stress and anxiety	settled	
S0926	vitamin-b12	B12 supplementation on depression (no supported effect)	no overall effect on depression	16 RCTs, n = 6276; only one study addressed idiopathic fatigue, so fatigue could not be pooled	adults without overt deficiency	MA	Markun S et al 2021, Nutrients 13:923; doi:10.3390/nu13030923; pmid:33809274	docs/superpowers/research/wave2-science-cognition-mood-perception.md § 4. Mood, stress and anxiety	settled	
S0927	water	mood under mild dehydration at −1.36 % body mass, women (worse)	significant adverse effects on vigour-activity, fatigue-inertia and total mood disturbance (Profile of Mood States), plus task difficulty, concentration problems and headache; most cognitive performance aspects unaffected	body-mass loss −1.36 ± 0.16 %; n = 25, three 8 h crossover trials; serum osmolality confirmed the manipulation (P = 0.006)	25 women aged 23.0 ± 0.6 y	RCT	Armstrong LE et al 2012, J Nutr 142:382–388; doi:10.3945/jn.111.142000; pmid:22190027	docs/superpowers/research/wave2-science-cognition-mood-perception.md § 4. Mood, stress and anxiety	superseded	S0099
S0928	water	mood and cognition under mild dehydration at −1.59 % body mass, men (worse)	fatigue and tension/anxiety increased at rest (P = 0.040, P = 0.029) and fatigue during exercise (P = 0.026); visual vigilance errors increased (P = 0.048); visual working-memory latency slowed (P = 0.021)	body-mass loss −1.59 ± 0.42 %; n = 26, three randomised single-blind trials at 27.7 °C	26 men aged 20.0 ± 0.3 y	RCT	Ganio MS et al 2011, Br J Nutr 106:1535–1543; doi:10.1017/S0007114511002005; pmid:21736786	docs/superpowers/research/wave2-science-cognition-mood-perception.md § 4. Mood, stress and anxiety	superseded	S0098
S0929	caffeine	anxiety with caffeine intake (higher), dose-dependent	overall SMD 0.94 (0.28–1.60); low dose SMD 0.61 (0.42–0.79); high dose SMD 2.86 (2.50–3.22), especially above 400 mg	14 studies, 546 participants; the high-dose estimate is enormous and rests on few studies; the direction and the 400 mg knee are the usable findings	healthy populations	MA	Liu C et al 2024, Front Psychol 15:1270246; doi:10.3389/fpsyg.2024.1270246; pmid:38362247	docs/superpowers/research/wave2-science-cognition-mood-perception.md § 4. Mood, stress and anxiety	settled	
S0930	alcohol	negative affect during alcohol hangover (higher)	a significant association between hangover and increased negative affect, including anxiety, stress and depression; no pooled effect size	22 studies, n = 6152, mean age 26.9 y, 57 % female, a systematic review without pooling; baseline anxiety and poor emotional regulation intensified it, social support and resilience buffered it	adult drinkers	MA	Rothman R et al 2026, Drug Alcohol Rev 45:e70052; doi:10.1111/dar.70052; pmid:41129386	docs/superpowers/research/wave2-science-cognition-mood-perception.md § 4. Mood, stress and anxiety	settled	
S0931	alcohol	long-term alcohol consumption and anxiety (no consistent effect)	inconsistent and unusable: one population-representative US study found low-volume drinking associated with lower long-term anxiety; the other seven, convenience or clinical samples, mixed in direction and significance	8 studies of varying quality, ≥3-month follow-up, a systematic review without pooling; the authors name the evidence base itself as the gap	adults	MA	D'Aquino S et al 2024, Addict Behav 155:108047; doi:10.1016/j.addbeh.2024.108047; pmid:38692070	docs/superpowers/research/wave2-science-cognition-mood-perception.md § 4. Mood, stress and anxiety	settled	
S0932	mood	exercise on depression and anxiety symptoms (lower)	depression SMD −0.61 (−0.69 to −0.54); anxiety SMD −0.47 (−0.59 to −0.36); aerobic exercise had the largest effect on both; shorter-duration, lower-intensity exercise associated most strongly with anxiety reduction; largest depression benefit at 18–30 y	63 studies, 81 meta-analyses, 1079 component studies, 79 551 participants; umbrella review with meta-meta-analysis	mixed adult, clinical and non-clinical	MA	Munro NR et al 2026, Br J Sports Med 60:590–599; doi:10.1136/bjsports-2025-110301; pmid:41667154	docs/superpowers/research/wave2-science-cognition-mood-perception.md § 4. Mood, stress and anxiety	settled	
S0933	mood	glucose ingestion on mood (no supported effect)	no effect on mood at 0, 15, 25, 50 or 60 g	n = 30, double-blind repeated measures	healthy young adults	RCT	Sünram-Lea SI et al 2011, J Psychopharmacol 25:1076–1087; doi:10.1177/0269881110367725; pmid:20488830	docs/superpowers/research/wave2-science-cognition-mood-perception.md § 4. Mood, stress and anxiety	settled	
S0934		pooled effect size of mild dehydration on the fatigue construct (fatigue-inertia, tension)			Armstrong 2012 and Ganio 2011 report p-values, not effect sizes; a dehydration trial reporting a fatigue effect size would settle it			docs/superpowers/research/wave2-science-cognition-mood-perception.md § Gaps	open	
S0935		measured interaction between two impairment drivers (sleep loss × dehydration, sleep loss × alcohol, dehydration × hypoglycaemia)			nothing found measures two drivers together; additivity is unmeasured			docs/superpowers/research/wave2-science-cognition-mood-perception.md § Gaps	open	
S0936		attention effect of dehydration split by the 2 % body-mass-loss threshold (the domain-by-threshold interaction)			Wittbrodt 2018 published the attention-domain effect and the threshold subgroups separately; the interaction was not published			docs/superpowers/research/wave2-science-cognition-mood-perception.md § Gaps	open	
S0937		effect size of semi-starvation on mood			Keys 1950 was not read; Kalm and Semba 2005 supply a symptom list and not one effect size			docs/superpowers/research/wave2-science-cognition-mood-perception.md § Gaps	open	
S0938		cognitive decrement of hypoglycaemia at 3.0 mmol/L in healthy adults			the measured magnitude (Nilsson 2019) is from type 2 diabetes patients; the threshold (Warren and Frier 2005) is from healthy subjects			docs/superpowers/research/wave2-science-cognition-mood-perception.md § Gaps	open	
S0939		association of iron deficiency or serum iron with hearing loss in men			the hearing cohorts are female-only (Chen 2025, Jung 2025, Curhan 2015); no male data found			docs/superpowers/research/wave2-science-cognition-mood-perception.md § Gaps	open	
S0940		attention effect of iron supplementation in men and older adults			Falkingham 2010 found no RCTs in men or older people; the SMD 0.59 rests on children, adolescents and women			docs/superpowers/research/wave2-science-cognition-mood-perception.md § Gaps	open	
S0941		dark-adaptation recovery time course and thresholds in non-pregnant general-population adults			the repletion evidence is almost all pregnant Nepali women (Haskell 2005, Congdon 2000, Graham 2007) plus 20 liver-transplant candidates (Abbott-Johnson 2011)			docs/superpowers/research/wave2-science-cognition-mood-perception.md § Gaps	open	
S0942		effect of zinc deficiency on dark adaptation in people without liver disease or malabsorption			the evidence is six cirrhotics and one case report (Morrison 1978, Mochizuki 2006)			docs/superpowers/research/wave2-science-cognition-mood-perception.md § Gaps	open	
S0943		pooled effect size of alcohol hangover on negative affect			Rothman 2026 is a systematic review without pooling			docs/superpowers/research/wave2-science-cognition-mood-perception.md § Gaps	open	
S0944		pooled effect size of magnesium supplementation on anxiety			Boyle 2017 pooled nothing and no included study used a validated stress measure			docs/superpowers/research/wave2-science-cognition-mood-perception.md § Gaps	open	
S0945		pooled effect size of long-term alcohol consumption on anxiety			D'Aquino 2024 is a systematic review without pooling of eight studies of varying quality			docs/superpowers/research/wave2-science-cognition-mood-perception.md § Gaps	open	
S0946	healing	mixed protein-energy oral supplement → pressure-ulcer incidence	RR 0.86 (about 14% fewer new ulcers)	95% CI 0.73–1.00, P = 0.05, I² 13%; 8 trials, 6062 participants; unclear or high risk of bias	hospital inpatients and older adults at risk of pressure ulcers	MA	Langer G et al 2014, Cochrane Database Syst Rev CD003216; doi:10.1002/14651858.CD003216.pub2; pmid:24919719	docs/superpowers/research/wave2-science-healing-immunity-thermal.md § 1. Wound healing	settled	
S0947	healing	mixed protein-energy supplement → healing of existing pressure ulcers	no clear effect	14 trials (7 mixed, 3 protein, 2 zinc, 2 ascorbic acid) too heterogeneous to pool; no individual trial showed a clear improvement	hospital inpatients and older adults with pressure ulcers	MA	Langer G et al 2014, Cochrane Database Syst Rev CD003216; doi:10.1002/14651858.CD003216.pub2; pmid:24919719	docs/superpowers/research/wave2-science-healing-immunity-thermal.md § 1. Wound healing	settled	
S0948	healing	arginine-, zinc- and antioxidant-enriched high-energy high-protein formula → pressure-ulcer area reduction at 8 weeks vs isocaloric isonitrogenous control	−15.7 percentage points of area	95% CI −29.9 to −1.5, P = 0.030, I² 58.6%; 3 RCTs	malnourished adults with stage II–IV pressure ulcers, long-term and home care	MA	Cereda E et al 2017, J Nutr Health Aging 21:655–661; doi:10.1007/s12603-016-0822-y; pmid:28537329	docs/superpowers/research/wave2-science-healing-immunity-thermal.md § 1. Wound healing	settled	
S0949	healing	same enriched formula → proportion reaching ≥ 40% ulcer-area reduction at 8 weeks	OR 1.72	95% CI 1.04–2.84, P = 0.033, I² 0%; 3 RCTs	malnourished adults with stage II–IV pressure ulcers	MA	Cereda E et al 2017, J Nutr Health Aging 21:655–661; doi:10.1007/s12603-016-0822-y; pmid:28537329	docs/superpowers/research/wave2-science-healing-immunity-thermal.md § 1. Wound healing	settled	
S0950	healing	same enriched formula → complete pressure-ulcer healing at 8 weeks	OR 1.72, not significant	95% CI 0.86–3.45, P = 0.127; 3 RCTs	malnourished adults with stage II–IV pressure ulcers	MA	Cereda E et al 2017, J Nutr Health Aging 21:655–661; doi:10.1007/s12603-016-0822-y; pmid:28537329	docs/superpowers/research/wave2-science-healing-immunity-thermal.md § 1. Wound healing	settled	
S0951	healing	enriched formula (OASIS trial) → pressure-ulcer area reduction at 8 weeks	60.9% with the enriched formula vs 45.2% control; adjusted mean difference 18.7 percentage points	CI 54.3–67.5% vs 38.4–52.0%; difference CI 5.7–31.8, P = 0.017; no difference in complete healing, wound-infection incidence or dressing count	200 malnourished adults with stage II–IV pressure ulcers, 400 mL/d for 8 weeks, long-term and home care	RCT	Cereda E et al 2015, Ann Intern Med 162:167–174; doi:10.7326/M14-0696; pmid:25643304	docs/superpowers/research/wave2-science-healing-immunity-thermal.md § 1. Wound healing	settled	
S0952	vitamin-c	vitamin C 1000 mg/d vs 20 mg/d → pressure-ulcer closure rate	null: closure hazard ratio 0.78	90% precision interval 0.44–1.39; absolute healing 0.21 vs 0.27 cm²/week (adjusted difference −0.17 to +0.13)	88 nursing-home and hospital patients, 12 weeks; replete-range supplementation	RCT	ter Riet G et al 1995, J Clin Epidemiol 48:1453–1460; doi:10.1016/0895-4356(95)00053-4; pmid:8543959	docs/superpowers/research/wave2-science-healing-immunity-thermal.md § 1. Wound healing	settled	
S0953	zinc	oral zinc sulphate → complete healing of leg ulcers	null: RR 1.22	95% CI 0.88–1.68; 4 venous-ulcer trials pooled within 6 trials, 183 participants; all small, unclear risk of bias	adults with arterial or venous leg ulcers	MA	Wilkinson EA 2014, Cochrane Database Syst Rev CD001273; doi:10.1002/14651858.CD001273.pub3; pmid:25202988	docs/superpowers/research/wave2-science-healing-immunity-thermal.md § 1. Wound healing	settled	
S0954	immunity	malnutrition → surgical-site infection after spinal surgery	OR 2.31	95% CI 1.75–3.05; 22 studies, > 175 000 participants (2.14% baseline SSI); hospital-based OR 3.16, population-based OR 2.00; no significant effect in cervical surgery	adult spinal-surgery patients, malnutrition by laboratory criteria or ICD-9 code	COH	Tsantes AG et al 2020, J Hosp Infect 104:111–119; doi:10.1016/j.jhin.2019.09.015; pmid:31562915	docs/superpowers/research/wave2-science-healing-immunity-thermal.md § 1. Wound healing	settled	
S0955	immunity	malnutrition → infection after total joint arthroplasty	OR 2.60 for surgical-site infection; OR 3.44 for periprosthetic joint infection	95% CI 2.10–3.10 and 2.35–4.53; I² 0% both; 9 studies	adults undergoing total joint arthroplasty	COH	Chen Y et al 2024, J Orthop Surg Res 19:660; doi:10.1186/s13018-024-05165-1; pmid:39407322	docs/superpowers/research/wave2-science-healing-immunity-thermal.md § 1. Wound healing	settled	
S0956	immunity	arginine-containing enteral immunonutrition → postoperative infectious complications	OR 0.48	95% CI 0.34–0.66, P < 0.001; 9 RCTs, 1198 patients; no effect on anastomotic leak, ileus or length of stay	colorectal-cancer surgical patients	MA	Wu Y et al 2026, Front Nutr 13:1861667; doi:10.3389/fnut.2026.1861667; pmid:42440717	docs/superpowers/research/wave2-science-healing-immunity-thermal.md § 1. Wound healing	settled	
S0957	vitamin-c	vitamin C mechanism in wound healing and post-surgical requirement	cofactor for prolyl and lysyl hydroxylase, which stabilise the collagen triple helix; post-surgical patients need ≥ 500 mg/d to normalise plasma status	mechanism certain; the dose–response for healing rate is not established in humans	general; post-surgical patients	TXT	Carr AC et al 2017, Nutrients 9:1211; doi:10.3390/nu9111211; pmid:29099763	docs/superpowers/research/wave2-science-healing-immunity-thermal.md § 1. Wound healing	settled	
S0958	vitamin-c	poor wound healing as a clinical sign of scurvy	a defining sign of scurvy (with petechiae, ecchymoses, purpura and joint pain); signs appear within about 1 month of intake below ~10 mg/d	onset varies with body stores; total body vitamin C ~300 mg near scurvy vs ~2 g replete	adults; the primary depletion experiments are cited for provenance, the timeline rests on the fact sheet	EXP	NIH Office of Dietary Supplements, Vitamin C Health Professional Fact Sheet; url:https://ods.od.nih.gov/factsheets/VitaminC-HealthProfessional/; Hodges RE et al 1969, Am J Clin Nutr 22:535–548; doi:10.1093/ajcn/22.5.535; pmid:4977512; Hodges RE et al 1971, Am J Clin Nutr 24:432–443; doi:10.1093/ajcn/24.4.432; pmid:5090631	docs/superpowers/research/wave2-science-healing-immunity-thermal.md § 1. Wound healing	settled	
S0959		human effect size of vitamin A status on wound-healing rate			no human meta-analysis or powered trial found; reachable work is rodent, fish and topical hydrogel; the corticosteroid-reversal human literature is unverified and would settle it			docs/superpowers/research/wave2-science-healing-immunity-thermal.md § 1. Wound healing	open	
S0960		human effect size of dehydration on wound-healing rate			no human trial found; mechanistic plausibility only			docs/superpowers/research/wave2-science-healing-immunity-thermal.md § 1. Wound healing	open	
S0961	vitamin-k	vitamin K restriction, 13 days at ~10 µg/d (from 80 µg/d) → coagulation	no effect on prothrombin time, aPTT, factor VII or protein C; plasma K1 fell to 13–18% of baseline (elderly 0.22 nM, young 0.14 nM); decarboxy-prothrombin rose slightly (P < 0.05); urinary Gla fell in the young only (P < 0.03)	32 subjects, metabolic ward, exact intake; the deficiency is subclinical	healthy men and women aged 20–40 and 60–80 y	EXP	Ferland G et al 1993, J Clin Invest 91:1761–1768; doi:10.1172/JCI116386; pmid:8473516	docs/superpowers/research/wave2-science-healing-immunity-thermal.md § 2. Bleeding and coagulation	settled	
S0962	vitamin-k	vitamin K restriction, 40 days at 32–40 µg/d → coagulation	serum phylloquinone 0.87 → 0.46 ng/mL over 21 d; undercarboxylated prothrombin detected and urinary Gla fell; no frank bleeding; 50 µg/d restored both indices to near normal	10 subjects on self-selected restricted diets; implies a requirement of ~1 µg phylloquinone/kg/d	healthy college-age men	EXP	Suttie JW et al 1988, Am J Clin Nutr 47:475–480; doi:10.1093/ajcn/47.3.475; pmid:3348159	docs/superpowers/research/wave2-science-healing-immunity-thermal.md § 2. Bleeding and coagulation	settled	
S0963	vitamin-k	reachability of a dietary vitamin K deficiency that prolongs clotting in an adult on a varied diet	almost impossible; deficiency is clinically relevant only when prothrombin time rises significantly; clinically significant adult deficiency is very rare and usually limited to malabsorption or interfering drugs	qualitative; no dose–response given	adults	AUTH	NIH Office of Dietary Supplements, Vitamin K Health Professional Fact Sheet; url:https://ods.od.nih.gov/factsheets/VitaminK-HealthProfessional/	docs/superpowers/research/wave2-science-healing-immunity-thermal.md § 2. Bleeding and coagulation	settled	
S0964	vitamin-k	dietary vitamin K restriction → clotting time and bleeding in healthy adults (a vitamin K bleeding-time effect)	not defensible as physiology: prothrombin time and aPTT unchanged after 13 days at ~10 µg/d and 40 days at 32–40 µg/d; only carboxylation markers moved	two restriction experiments (32 and 10 subjects) and the authority statement agree; no bleeding dose–response exists	healthy adults 20–80 y on controlled or restricted diets; months without greens plus malabsorption lie outside the studied population	EXP	Ferland G et al 1993, J Clin Invest 91:1761–1768; doi:10.1172/JCI116386; pmid:8473516; Suttie JW et al 1988, Am J Clin Nutr 47:475–480; doi:10.1093/ajcn/47.3.475; pmid:3348159; NIH Office of Dietary Supplements, Vitamin K Health Professional Fact Sheet; url:https://ods.od.nih.gov/factsheets/VitaminK-HealthProfessional/	docs/superpowers/research/wave2-science-healing-immunity-thermal.md § 2. Bleeding and coagulation	settled	
S0965	vitamin-c	vitamin C deficiency → capillary fragility and bleeding	scurvy is characterised by fatigue, widespread connective-tissue weakness and capillary fragility, with swollen bleeding gums and loosening or loss of teeth; untreated scurvy can be fatal	qualitative; onset within about 1 month below ~10 mg/d; body pool ~300 mg near scurvy vs ~2 g replete	adults	AUTH	NIH Office of Dietary Supplements, Vitamin C Health Professional Fact Sheet; url:https://ods.od.nih.gov/factsheets/VitaminC-HealthProfessional/	docs/superpowers/research/wave2-science-healing-immunity-thermal.md § 2. Bleeding and coagulation	settled	
S0966	vitamin-c	presenting phenotype of modern adult scurvy	purpura and corkscrew hairs predominate, alongside anaemia and haemorrhage; frequently mistaken for autoimmune or haemostatic disorders	280 adult cases 2000–2025; case-series synthesis with no incidence denominator, selected toward severe and puzzling cases	adults, largely restrictive diets, homelessness or social isolation	MA	Rivière E et al 2026, Clin Nutr 59:106601; doi:10.1016/j.clnu.2026.106601; pmid:41759242	docs/superpowers/research/wave2-science-healing-immunity-thermal.md § 2. Bleeding and coagulation	settled	
S0967		scurvy onset day-count and plasma threshold from the primary depletion experiments			Hodges et al 1969 (pmid:4977512) and 1971 (pmid:5090631) were not read in full; their text would calibrate the scurvy timeline the fact sheet gives as about 1 month			docs/superpowers/research/wave2-science-healing-immunity-thermal.md § 2. Bleeding and coagulation	superseded	S0210
S0968	essential-fats	omega-3 (fish oil) supplementation → bleeding risk	platelet aggregation reduced in healthy subjects, but no increase in bleeding or transfusion during or after surgery	52 publications (32 healthy-subject, 20 surgical), mostly RCTs or controlled	healthy adults and surgical patients	MA	Begtrup KM et al 2017, Dan Med J 64:A5366; pmid:28552094	docs/superpowers/research/wave2-science-healing-immunity-thermal.md § 2. Bleeding and coagulation	settled	
S0969	alcohol	alcohol → platelet function and coagulation (mechanism)	ethanol inhibits capacitative Ca²⁺ entry and phospholipase A₂, reducing thromboxane A₂ and platelet aggregation; coagulation factors including fibrinogen fall	narrative, mechanism-level; no dose–response or bleeding-time effect size	general, mostly habitual-intake epidemiology	TXT	Marumo M et al 2024, Nihon Eiseigaku Zasshi 79; doi:10.1265/jjh.24007; pmid:39631877	docs/superpowers/research/wave2-science-healing-immunity-thermal.md § 2. Bleeding and coagulation	settled	
S0970	alcohol	acute alcohol 0.5 g ethanol/kg → haemorheology and platelet aggregation	only modest effects in vivo and none in vitro; whole-blood viscosity unaffected; PFA-100 platelet aggregation increased 13 h after the drink vs water (rebound)	12 subjects, crossover; underpowered for a bleeding endpoint	healthy young men	RCT	Fehr M et al 2008, Clin Hemorheol Microcirc 39:351–358; doi:10.3233/CH-2008-1102; pmid:18503145	docs/superpowers/research/wave2-science-healing-immunity-thermal.md § 2. Bleeding and coagulation	settled	
S0971	alcohol	rebound platelet hyperaggregability after acute alcohol	a rebound of hyperaggregability is observed after acute alcohol consumption	narrative review; proposed mechanism for strokes and sudden deaths after drunkenness	general	TXT	Ruf JC 2004, Biol Res 37:209–215; doi:10.4067/S0716-97602004000200006; pmid:15455649	docs/superpowers/research/wave2-science-healing-immunity-thermal.md § 2. Bleeding and coagulation	settled	
S0972	immunity	protein-energy malnutrition → immunodeficiency	malnutrition is the primary cause of immunodeficiency worldwide; five infectious diseases cause more than half of deaths under 5, most in undernourished children	qualitative review; no pooled effect size	global, mostly children	TXT	Katona P et al 2008, Clin Infect Dis 46:1582–1588; doi:10.1086/587658; pmid:18419494	docs/superpowers/research/wave2-science-healing-immunity-thermal.md § 3. Infection and immunity	settled	
S0973	immunity	malnutrition and immune function (mechanism)	immune dysfunction is both a cause and a consequence of malnutrition, which is characterised by recurrent infection and chronic inflammation	narrative review of animal, in-vitro and cohort work; flags gaps	childhood undernutrition	TXT	Bourke CD et al 2016, Trends Immunol 37:386–398; doi:10.1016/j.it.2016.04.003; pmid:27237815	docs/superpowers/research/wave2-science-healing-immunity-thermal.md § 3. Infection and immunity	settled	
S0974	vitamin-d	vitamin D supplementation → acute respiratory infection risk, current pooled estimate (2025 update, read beside the 2017 IPD meta-analysis)	OR 0.94, not statistically significant (P = 0.057); no effect modification by baseline 25(OH)D, age, dosing frequency or dose size	95% CI 0.88–1.00; 40 studies, 61 589 participants, I² 26.4%; funnel plot left-asymmetric (Egger P = 0.0020), small-study bias likely inflated earlier estimates; the 2017 IPD estimate was OR 0.88 (0.81–0.96)	mixed, all ages; double-blind RCTs of vitamin D vs placebo	MA	Jolliffe DA et al 2025, Lancet Diabetes Endocrinol 13:307–320; doi:10.1016/S2213-8587(24)00348-6; pmid:39993397; Martineau AR et al 2017, BMJ 356:i6583; doi:10.1136/bmj.i6583; pmid:28202713	docs/superpowers/research/wave2-science-healing-immunity-thermal.md § 3. Infection and immunity	settled	
S0975	vitamin-d	vitamin D supplementation → acute respiratory infection, 2017 IPD overall estimate (revised by the 2025 update)	adjusted OR 0.88	95% CI 0.81–0.96; 25 RCTs, 11 321 participants, IPD for 10 933 (96.6%); graded high quality	all ages 0–95 y, mixed	MA	Martineau AR et al 2017, BMJ 356:i6583; doi:10.1136/bmj.i6583; pmid:28202713; Jolliffe DA et al 2025, Lancet Diabetes Endocrinol 13:307–320; doi:10.1016/S2213-8587(24)00348-6; pmid:39993397	docs/superpowers/research/wave2-science-healing-immunity-thermal.md § 3. Infection and immunity	settled	
S0976	vitamin-d	vitamin D → acute respiratory infection by dosing regimen (2017 IPD; the 2025 update found no modification by dosing frequency)	daily or weekly dosing without boluses OR 0.81; one or more bolus doses OR 0.97 (null)	95% CI 0.72–0.91 and 0.86–1.10; P for interaction 0.05	all ages 0–95 y, mixed	MA	Martineau AR et al 2017, BMJ 356:i6583; doi:10.1136/bmj.i6583; pmid:28202713; Jolliffe DA et al 2025, Lancet Diabetes Endocrinol 13:307–320; doi:10.1016/S2213-8587(24)00348-6; pmid:39993397	docs/superpowers/research/wave2-science-healing-immunity-thermal.md § 3. Infection and immunity	settled	
S0977	vitamin-d	vitamin D → acute respiratory infection in profound deficiency, baseline 25(OH)D < 25 nmol/L (2017 IPD; the 2025 update found no modification by baseline status)	OR 0.58 across all regimens; OR 0.30 with daily or weekly dosing vs 0.75 at ≥ 25 nmol/L	95% CI 0.40–0.82 (538 participants, 14 studies, NNT 8); 0.17–0.53 vs 0.60–0.95, P for interaction 0.006	all ages, mixed; the 0.58 reading is from the record's Table 2	MA	Martineau AR et al 2017, BMJ 356:i6583; doi:10.1136/bmj.i6583; pmid:28202713; Jolliffe DA et al 2025, Lancet Diabetes Endocrinol 13:307–320; doi:10.1016/S2213-8587(24)00348-6; pmid:39993397	docs/superpowers/research/wave2-science-healing-immunity-thermal.md § 3. Infection and immunity	settled	
S0978	vitamin-d	vitamin D supplementation → acute respiratory infection, 2021 update	OR 0.92, statistically significant	95% CI 0.86–0.99; 37 RCTs (as the 2025 update quotes it)	mixed, all ages	MA	Jolliffe DA et al 2021, Lancet Diabetes Endocrinol 9:276–292; doi:10.1016/S2213-8587(21)00051-6; pmid:33798465	docs/superpowers/research/wave2-science-healing-immunity-thermal.md § 3. Infection and immunity	settled	
S0979	vitamin-c	vitamin C ≥ 0.2 g/d, regular → common-cold incidence, general community	RR 0.97 (null)	95% CI 0.94–1.00; 10 708 participants within 29 comparisons, 11 306 in total	general adult and child community	MA	Hemilä H et al 2013, Cochrane Database Syst Rev CD000980; doi:10.1002/14651858.CD000980.pub4; pmid:23440782	docs/superpowers/research/wave2-science-healing-immunity-thermal.md § 3. Infection and immunity	settled	
S0980	vitamin-c	vitamin C ≥ 0.2 g/d, regular → common-cold incidence under acute severe physical stress and cold exposure	RR 0.48 (roughly halves incidence)	95% CI 0.35–0.64; 5 trials, 598 participants	marathon runners, skiers and soldiers on subarctic exercises: adults under heavy exertion and cold	MA	Hemilä H et al 2013, Cochrane Database Syst Rev CD000980; doi:10.1002/14651858.CD000980.pub4; pmid:23440782	docs/superpowers/research/wave2-science-healing-immunity-thermal.md § 3. Infection and immunity	settled	
S0981	vitamin-c	vitamin C, regular → common-cold duration	−8% in adults; −14% in children; −18% in children at 1–2 g/d; severity also reduced	adults 3–12%, children 7–21%; 31 comparisons, 9745 episodes	general adult and child community	MA	Hemilä H et al 2013, Cochrane Database Syst Rev CD000980; doi:10.1002/14651858.CD000980.pub4; pmid:23440782	docs/superpowers/research/wave2-science-healing-immunity-thermal.md § 3. Infection and immunity	settled	
S0982	vitamin-c	vitamin C started at cold-symptom onset (therapeutic) → duration and severity	no consistent effect	7 comparisons, 3249 episodes	adults	MA	Hemilä H et al 2013, Cochrane Database Syst Rev CD000980; doi:10.1002/14651858.CD000980.pub4; pmid:23440782	docs/superpowers/research/wave2-science-healing-immunity-thermal.md § 3. Infection and immunity	settled	
S0983	zinc	oral or intranasal zinc → respiratory-infection prevention	5 fewer RTIs per 100 person-months (NNT 20), moderate certainty	95% CI 1–8; sublingual zinc did not prevent colds after rhinovirus inoculation (RR 0.96, 0.77–1.21)	28 RCTs, 5446 adults unlikely to be zinc deficient	MA	Hunter J et al 2021, BMJ Open 11:e047474; doi:10.1136/bmjopen-2020-047474; pmid:34728441	docs/superpowers/research/wave2-science-healing-immunity-thermal.md § 3. Infection and immunity	settled	
S0984	zinc	zinc → respiratory-infection duration and severity	symptoms resolved ~2 days earlier (very low certainty); 19 more adults per 100 still symptomatic on day 7 without zinc (NNT 5, low certainty); day-3 severity −1.20 points; no effect on average daily severity (SMD −0.15)	95% CI 0.61–3.50 days; 2–38 per 100; SMD −0.43 to 0.13; non-serious adverse events RR 1.41 (1.17–1.69, NNH 7)	28 RCTs, 5446 adults unlikely to be zinc deficient	MA	Hunter J et al 2021, BMJ Open 11:e047474; doi:10.1136/bmjopen-2020-047474; pmid:34728441	docs/superpowers/research/wave2-science-healing-immunity-thermal.md § 3. Infection and immunity	settled	
S0985	zinc	zinc lozenge dose threshold for cold duration	> 75 mg/d reduced cold duration; lower doses did not	as the fact sheet reports an earlier systematic review	adults	AUTH	NIH Office of Dietary Supplements, Zinc Health Professional Fact Sheet; url:https://ods.od.nih.gov/factsheets/Zinc-HealthProfessional/	docs/superpowers/research/wave2-science-healing-immunity-thermal.md § 3. Infection and immunity	settled	
S0986	vitamin-a	vitamin A supplementation → all-cause mortality	RR 0.88 fixed effect (12% reduction); RR 0.76 random effects (24%)	95% CI 0.83–0.93 fixed, 0.66–0.88 random; sensitive to model choice; 19 trials, 1 202 382 children; high quality	children 6–59 months in populations at risk of vitamin A deficiency	MA	Imdad A et al 2017, Cochrane Database Syst Rev CD008524; doi:10.1002/14651858.CD008524.pub3; pmid:28282701	docs/superpowers/research/wave2-science-healing-immunity-thermal.md § 3. Infection and immunity	settled	
S0987	vitamin-a	vitamin A supplementation → measles incidence	RR 0.50	95% CI 0.37–0.67; 6 studies, 19 566 participants; moderate quality	children 6–59 months in populations at risk of vitamin A deficiency	MA	Imdad A et al 2017, Cochrane Database Syst Rev CD008524; doi:10.1002/14651858.CD008524.pub3; pmid:28282701	docs/superpowers/research/wave2-science-healing-immunity-thermal.md § 3. Infection and immunity	settled	
S0988	vitamin-a	vitamin A supplementation → diarrhoea incidence and mortality	incidence RR 0.85; diarrhoea mortality RR 0.88	95% CI 0.82–0.87 (15 studies, 77 946, low quality) and 0.79–0.98 (9 trials, 1 098 538, high quality); no significant effect on measles, respiratory or meningitis mortality, nor on respiratory-disease incidence or hospitalisation	children 6–59 months in populations at risk of vitamin A deficiency	MA	Imdad A et al 2017, Cochrane Database Syst Rev CD008524; doi:10.1002/14651858.CD008524.pub3; pmid:28282701	docs/superpowers/research/wave2-science-healing-immunity-thermal.md § 3. Infection and immunity	settled	
S0989	iron	routine iron (12.5 mg/d) + folic acid in a high-malaria setting → serious illness	death or hospital treatment for an adverse event +12%; hospital admission +11%; deaths +15% (not significant); iron arms stopped early by the safety board	95% CI 2–23% (P = 0.02), 1–23% (P = 0.03), −7 to +41% (P = 0.19); 24 076 children, 25 524 child-years; iron-deficient and anaemic children can benefit, supplementing the non-deficient might harm	children 1–35 months, high malaria transmission (Pemba, Zanzibar)	RCT	Sazawal S et al 2006, Lancet 367:133–143; doi:10.1016/S0140-6736(06)67962-2; pmid:16413877	docs/superpowers/research/wave2-science-healing-immunity-thermal.md § 3. Infection and immunity	settled	
S0990	immunity	low energy availability, 14 days at 22 vs 52 kcal/kg fat-free mass/d → immune markers and performance	cortisol +22% (P = 0.013); PBMC NADPH oxidase 2 protein +94% (P = 0.003); reduced leukocyte mobilisation on exercise; performance impaired, still after 3 days of refeeding	12 athletes, randomised single-blind crossover; markers, not clinical infection endpoints	healthy female endurance athletes, 26.8 ± 3.4 y	RCT	Jeppesen JS et al 2024, Redox Biol 75:103250; doi:10.1016/j.redox.2024.103250; pmid:38936255	docs/superpowers/research/wave2-science-healing-immunity-thermal.md § 3. Infection and immunity	settled	
S0991	immunity	low energy availability → upper-respiratory illness in the previous month	OR 3.8	95% CI 1.2–12; 132 respondents of 317 invited (42%); cross-sectional questionnaires, confounded; every participant reported at least one illness symptom	Olympic-class athletes, 3 months before the Games	COH	Drew M et al 2018, Br J Sports Med 52:47–53; doi:10.1136/bjsports-2017-098208; pmid:29056598	docs/superpowers/research/wave2-science-healing-immunity-thermal.md § 3. Infection and immunity	settled	
S0992	immunity	exercise-induced immune suppression (the open-window hypothesis)	contested: limited reliable evidence that vigorous exercise heightens infection risk; the post-exercise lymphocyte fall is redistribution, not suppression	a revisionist review; the counter-position exists	adults across the lifespan	TXT	Campbell JP et al 2018, Front Immunol 9:648; doi:10.3389/fimmu.2018.00648; pmid:29713319	docs/superpowers/research/wave2-science-healing-immunity-thermal.md § 3. Infection and immunity	settled	
S0993	immunity	habitual sleep duration → clinical cold after controlled rhinovirus exposure	vs > 7 h/night: < 5 h OR 4.50; 5–6 h OR 4.24; 6.01–7 h OR 1.66 (not raised); sleep fragmentation unrelated	95% CI 1.08–18.69, 1.08–16.71, 0.40–6.95; 164 adults, 7 days of wrist actigraphy then quarantine and nasal rhinovirus; independent of antibody, demographics, season, BMI, psychological variables and health practices	healthy men and women 18–55 y	COH	Prather AA et al 2015, Sleep 38:1353–1359; doi:10.5665/sleep.4968; pmid:26118561	docs/superpowers/research/wave2-science-healing-immunity-thermal.md § 3. Infection and immunity	settled	
S0994	calcium	calcium supplementation alone → hip fracture	RR 1.53, no benefit (point estimate toward harm)	95% CI 0.97–2.42; absolute risk difference 0.01 (0.00–0.01)	community-dwelling adults > 50 y; 33 RCTs, 51 145 participants in the review	MA	Zhao JG et al 2017, JAMA 318:2466–2482; doi:10.1001/jama.2017.19344; pmid:29279934	docs/superpowers/research/wave2-science-healing-immunity-thermal.md § 4. Bone and fracture	settled	
S0995	vitamin-d	vitamin D supplementation alone → hip fracture	RR 1.21, no benefit	95% CI 0.99–1.47; absolute risk difference 0.00 (−0.00 to 0.01)	community-dwelling adults > 50 y	MA	Zhao JG et al 2017, JAMA 318:2466–2482; doi:10.1001/jama.2017.19344; pmid:29279934	docs/superpowers/research/wave2-science-healing-immunity-thermal.md § 4. Bone and fracture	settled	
S0996	vitamin-d	calcium + vitamin D supplementation → hip fracture (community)	RR 1.09, no benefit; no association with non-vertebral, vertebral or total fracture	95% CI 0.85–1.39; consistent regardless of dose, sex, fracture history, dietary calcium and baseline 25(OH)D	community-dwelling adults > 50 y; 33 RCTs, 51 145 participants	MA	Zhao JG et al 2017, JAMA 318:2466–2482; doi:10.1001/jama.2017.19344; pmid:29279934	docs/superpowers/research/wave2-science-healing-immunity-thermal.md § 4. Bone and fracture	settled	
S0997	vitamin-d	vitamin D alone → fracture (Cochrane)	hip fracture RR 1.12; any new fracture RR 1.03; high-quality evidence of no effect	95% CI 0.98–1.29 (11 trials, 27 693) and 0.96–1.11 (15 trials, 28 271)	post-menopausal women and older men	MA	Avenell A et al 2014, Cochrane Database Syst Rev CD000227; doi:10.1002/14651858.CD000227.pub4; pmid:24729336	docs/superpowers/research/wave2-science-healing-immunity-thermal.md § 4. Bone and fracture	settled	
S0998	vitamin-d	calcium + vitamin D → hip fracture (Cochrane)	RR 0.84, P = 0.01, a small reduction; any fracture RR 0.95	95% CI 0.74–0.96 (9 trials, 49 853); any fracture 0.90–0.99	post-menopausal women and older men	MA	Avenell A et al 2014, Cochrane Database Syst Rev CD000227; doi:10.1002/14651858.CD000227.pub4; pmid:24729336	docs/superpowers/research/wave2-science-healing-immunity-thermal.md § 4. Bone and fracture	settled	
S0999	vitamin-d	calcium + vitamin D → hip fracture in absolute terms	1 fewer hip fracture per 1000 older adults per year in the community (baseline 8/1000/y); 9 fewer per 1000 per year in institutions (baseline 54/1000/y)	95% CI 0–2 and 2–14 per 1000 per year	post-menopausal women and older men	MA	Avenell A et al 2014, Cochrane Database Syst Rev CD000227; doi:10.1002/14651858.CD000227.pub4; pmid:24729336	docs/superpowers/research/wave2-science-healing-immunity-thermal.md § 4. Bone and fracture	settled	
S1000	vitamin-d	adverse effects of vitamin D with or without calcium	hypercalcaemia RR 2.28 (usually mild, 2.6–2.8 mmol/L); gastrointestinal symptoms RR 1.04; renal disease RR 1.16; mortality unaffected RR 0.97	95% CI 1.57–3.31 (21 trials), 1.00–1.08 (15 trials), 1.02–1.33 (11 trials), 0.93–1.01	post-menopausal women and older men	MA	Avenell A et al 2014, Cochrane Database Syst Rev CD000227; doi:10.1002/14651858.CD000227.pub4; pmid:24729336	docs/superpowers/research/wave2-science-healing-immunity-thermal.md § 4. Bone and fracture	settled	
S1001	vitamin-d	vitamin D supplementation → fracture, falls and bone density, with trial sequential analysis	total fracture RR 1.00; hip fracture RR 1.11; falls RR 0.97; bone mineral density difference −0.16% to +0.76% over 1–5 years at any site	95% CI 0.93–1.07 (36 trials, 44 790), 0.97–1.26 (20 trials, 36 655), 0.93–1.02 (37 trials, 34 144); 81 RCTs, 53 537 participants; total fracture lies within the futility boundary at relative-risk reductions of 15, 10, 7.5 and 5%; hip fracture only at 15%, with harm not excluded	adults > 18 y, including doses > 800 IU/d	MA	Bolland MJ et al 2018, Lancet Diabetes Endocrinol 6:847–858; doi:10.1016/S2213-8587(18)30265-1; pmid:30293909	docs/superpowers/research/wave2-science-healing-immunity-thermal.md § 4. Bone and fracture	settled	
S1002	vitamin-d	vitamin D3 2000 IU/d → fracture (VITAL)	total fracture HR 0.98; non-vertebral HR 0.97; hip HR 1.01; no modification by age, sex, race, BMI or baseline 25(OH)D	95% CI 0.89–1.08 (P = 0.70), 0.87–1.07, 0.70–1.47; 25 871 participants, 1991 fractures, median 5.3 y	US men ≥ 50 y and women ≥ 55 y, not selected for deficiency or low bone mass	RCT	LeBoff MS et al 2022, N Engl J Med 387:299–309; doi:10.1056/NEJMoa2202106; pmid:35939577	docs/superpowers/research/wave2-science-healing-immunity-thermal.md § 4. Bone and fracture	settled	
S1003	protein	dietary protein, high vs low → lumbar-spine bone mineral density	net change +0.52%	95% CI 0.06–0.97, I² 0%, 5 RCTs; moderate strength of evidence; no effect on total hip, femoral neck, total-body BMD or bone biomarkers	adults; 16 RCTs and 20 prospective cohorts in the review, medium risk of bias	MA	Shams-White MM et al 2017, Am J Clin Nutr 105:1528–1543; doi:10.3945/ajcn.116.145110; pmid:28404575	docs/superpowers/research/wave2-science-healing-immunity-thermal.md § 4. Bone and fracture	settled	
S1004	protein	higher protein intake → adverse bone effects	none: current evidence shows no adverse effects of higher protein intakes	the acid-ash and calciuria hypothesis is not supported	adults	MA	Shams-White MM et al 2017, Am J Clin Nutr 105:1528–1543; doi:10.3945/ajcn.116.145110; pmid:28404575	docs/superpowers/research/wave2-science-healing-immunity-thermal.md § 4. Bone and fracture	settled	
S1005	vitamin-d	vitamin D status thresholds for deficiency and osteomalacia	25(OH)D < 30 nmol/L (< 12 ng/mL) raises deficiency risk, which causes osteomalacia in adults (bone incompletely or defectively mineralised during remodelling); 30 to < 50 nmol/L generally inadequate; ≥ 50 nmol/L adequate	no onset timescale given; osteoporosis is in part a long-term effect of calcium and/or vitamin D insufficiency	adults	AUTH	NIH Office of Dietary Supplements, Vitamin D Health Professional Fact Sheet; url:https://ods.od.nih.gov/factsheets/VitaminD-HealthProfessional/	docs/superpowers/research/wave2-science-healing-immunity-thermal.md § 4. Bone and fracture	settled	
S1006		short-horizon (weeks to months) nutritional effect on fracture risk in healthy adults			no evidence of any sign, magnitude or timescale; the shortest measured interval is ≥ 1 year in older adults			docs/superpowers/research/wave2-science-healing-immunity-thermal.md § 4. Bone and fracture	open	
S1007	thermal	hypothermia staging by core temperature	accidental hypothermia below 35 °C; HT I 35–32 °C conscious and shivering; HT II < 32–28 °C impaired consciousness; HT III < 28 °C unconscious with vital signs; HT IV classically < 24 °C apparent death	cardiac arrest can occur at earlier or later stages; some patients keep vital signs below 24 °C	adults	AUTH	Paal P et al 2022, Int J Environ Res Public Health 19:501; doi:10.3390/ijerph19010501; pmid:35010760	docs/superpowers/research/wave2-science-healing-immunity-thermal.md § 5. Thermoregulation	settled	
S1008	thermal	core temperature at which hypothermic cardiac arrest becomes likely	below 30 °C in young healthy adults; below 32 °C in the elderly and those with comorbidities	the myocardium becomes more irritable with age and comorbidity	adults	TXT	Paal P et al 2022, Int J Environ Res Public Health 19:501; doi:10.3390/ijerph19010501; pmid:35010760	docs/superpowers/research/wave2-science-healing-immunity-thermal.md § 5. Thermoregulation	settled	
S1009	thermal	cooling rates in cold exposure	avalanche burial up to 9 °C/h; a hyperthermic patient in 1–2 °C water up to 5 °C per 10 min; immersion in water < 15 °C can cause arrest after 30 min	normothermic cooling in cold water depends heavily on conditions and is much slower; wind and wet speed cooling	adults	TXT	Paal P et al 2022, Int J Environ Res Public Health 19:501; doi:10.3390/ijerph19010501; pmid:35010760	docs/superpowers/research/wave2-science-healing-immunity-thermal.md § 5. Thermoregulation	settled	
S1010	thermal	body fat → cooling rate	a slender habitus with limited subcutaneous fat is named among the factors in rapid cooling, with a single thin clothing layer and an uncovered head	qualitative; no per-kg or per-percent coefficient	adults	TXT	Paal P et al 2022, Int J Environ Res Public Health 19:501; doi:10.3390/ijerph19010501; pmid:35010760	docs/superpowers/research/wave2-science-healing-immunity-thermal.md § 5. Thermoregulation	settled	
S1011	thermal	body fat → core temperature in cold water when insulated by clothing	no significant difference: low-fat (10.6%) vs moderate-fat (18.6%) men in dry suits at 10 and 15 °C differed by 0.1–0.5 °C rectal temperature over 3 h; insulated clothing attenuated the difference	5 men per group; responses stabilised after ~120 min; metabolic rate 184 W vs 147 W between insulation levels	healthy men	EXP	Toner MM et al 1989, Aviat Space Environ Med 60:957–963; pmid:2803162	docs/superpowers/research/wave2-science-healing-immunity-thermal.md § 5. Thermoregulation	settled	
S1012	thermal	acute cold defences and their modulators	cutaneous vasoconstriction (less heat loss) and shivering thermogenesis (more heat production), modulated by anthropometry, sex, race, fitness and thermoregulatory fatigue; chronic exposure gives habituation, metabolic or insulative acclimatisation	mechanism review, no effect sizes	humans	TXT	Castellani JW et al 2016, Auton Neurosci 196:63–74; doi:10.1016/j.autneu.2016.02.009; pmid:26924539	docs/superpowers/research/wave2-science-healing-immunity-thermal.md § 5. Thermoregulation	settled	
S1013	thermal	shivering failure → core cooling	shivering may be decreased or abolished in the exhausted, sedated or critically ill; without it core temperature drops faster and spontaneous rewarming is likely impossible	qualitative but categorical	adults	TXT	Paal P et al 2022, Int J Environ Res Public Health 19:501; doi:10.3390/ijerph19010501; pmid:35010760	docs/superpowers/research/wave2-science-healing-immunity-thermal.md § 5. Thermoregulation	settled	
S1014	thermal	energy deficit → secondary hypothermia through decreased heat production	insufficient fuel, hypoglycaemia, malnutrition, extreme exertion, impaired shivering, inactivity and anorexia nervosa are listed causes; endocrine and metabolic failure in the same table	a causal list with no dose–response or coefficient	adults	TXT	Paal P et al 2022, Int J Environ Res Public Health 19:501; doi:10.3390/ijerph19010501; pmid:35010760	docs/superpowers/research/wave2-science-healing-immunity-thermal.md § 5. Thermoregulation	settled	
S1015	alcohol	alcohol → hypothermia in cold exposure	binge drinking plus fasting produced hypothermia with hypoglycaemia; alcohol is listed as a secondary-hypothermia cause through vasodilation and ketoacidosis; hypothermia often kills people addicted to alcohol	one case report for the combined mechanism; no quantified cooling-rate multiplier	adults; a 34-year-old man in the case	COH	Lolar S et al 2025, JAAPA 38:27–31; doi:10.1097/01.JAA.0000000000000090; pmid:40729105; Paal P et al 2022, Int J Environ Res Public Health 19:501; doi:10.3390/ijerph19010501; pmid:35010760	docs/superpowers/research/wave2-science-healing-immunity-thermal.md § 5. Thermoregulation	settled	
S1016	iron	iron-deficiency anaemia → core temperature in mild cold	rectal temperature 0.2 °C lower (36.0 ± 0.2 vs 36.2 ± 0.1 °C, P = 0.001) after 100 min in a 28 °C water bath; iron supplementation corrected the anaemia and improved it (P = 0.03)	10 anaemic, 8 iron-depleted non-anaemic and 12 control women of similar body fatness; the iron-depleted non-anaemic group responded like controls, so the effect tracks anaemia, not stores; T4 and T3 lower (P < 0.002)	women with iron-deficiency anaemia	EXP	Beard JL et al 1990, Am J Clin Nutr 52:813–819; doi:10.1093/ajcn/52.5.813; pmid:2239756	docs/superpowers/research/wave2-science-healing-immunity-thermal.md § 5. Thermoregulation	settled	
S1017	iron	iron-deficiency anaemia → oxygen consumption (heat production) in mild cold	5.28 ± 0.26 vs 5.99 ± 0.29 mL/min/kg at 100 min (P = 0.04), about 12% lower; catecholamines unaffected	10 anaemic vs 12 control women; iron-depleted non-anaemic women behaved like controls	women with iron-deficiency anaemia	EXP	Beard JL et al 1990, Am J Clin Nutr 52:813–819; doi:10.1093/ajcn/52.5.813; pmid:2239756	docs/superpowers/research/wave2-science-healing-immunity-thermal.md § 5. Thermoregulation	settled	
S1018		human effect size of iodine deficiency on cold tolerance			only indirect: low T4/T3 accompanied impaired thermoregulation in anaemia (Beard 1990) and endocrine failure is a secondary-hypothermia cause			docs/superpowers/research/wave2-science-healing-immunity-thermal.md § 5. Thermoregulation	open	
S1019	water	dehydration threshold for impaired endurance performance	≥ 2% body-mass loss, volume-mediated; no clear threshold or mechanism for strength and power; cognitive effect small	comprehensive review with its own analysis of the literature	adults	TXT	Cheuvront SN et al 2014, Compr Physiol 4:257–285; doi:10.1002/cphy.c130017; pmid:24692140	docs/superpowers/research/wave2-science-healing-immunity-thermal.md § 5. Thermoregulation	superseded	S0093, S0096
S1020	water	dehydration limit during exercise (position stand)	prevent water-deficit loss > 2% of body weight to avert compromised performance; sweat rate and electrolyte content vary widely between individuals	a recommendation, not an effect size	people performing physical activity	AUTH	American College of Sports Medicine (Sawka MN et al) 2007, Med Sci Sports Exerc 39:377–390; doi:10.1249/MSS.0b013e31802ca597; pmid:17277604	docs/superpowers/research/wave2-science-healing-immunity-thermal.md § 5. Thermoregulation	superseded	S0092
S1021	water	graded dehydration → core temperature during exercise-heat stress	oesophageal temperature rise linearly related to dehydration of 1.1, 2.3, 3.4 and 4.2% body mass (r = 0.98, P < 0.02); heart rate up and stroke volume down in proportion (r = 0.99); sweat rate unchanged; the core-temperature rise correlated with serum osmolality and sodium	8 trained cyclists, 4 randomised fluid trials, 2 h at 62–67% VO₂max, 33 °C, 50% RH; full hydration gave 20–22% higher forearm blood flow	endurance-trained young men	RCT	Montain SJ et al 1992, J Appl Physiol 73:1340–1350; doi:10.1152/jappl.1992.73.4.1340; pmid:1447078	docs/superpowers/research/wave2-science-healing-immunity-thermal.md § 5. Thermoregulation	settled	
S1022	thermal	heatstroke threshold	core temperature above 40 °C with central nervous system dysfunction	narrative clinical review	emergency patients	TXT	Bridwell RE et al 2026, Cureus 18:e107294; doi:10.7759/cureus.107294; pmid:42158802	docs/superpowers/research/wave2-science-healing-immunity-thermal.md § 5. Thermoregulation	settled	
S1023	thermal	core temperature observed in exertional heat stroke	means 40–41.6 °C across studies; loss of consciousness, absence of sweating and confusion common; raised creatine phosphokinase, liver enzymes and creatinine	systematic review of 41 observational military studies; case-series means, not a threshold	military personnel	MA	Alele FO et al 2020, Int J Environ Res Public Health 17:7037; doi:10.3390/ijerph17197037; pmid:32993024	docs/superpowers/research/wave2-science-healing-immunity-thermal.md § 5. Thermoregulation	settled	
S1024	vitamin-a	tolerable upper intake level for preformed vitamin A	3000 µg RAE/d, adults 19+ (2800 µg at 14–18 y; 600 µg in infancy)	based on liver abnormalities, teratogenicity and toxic effects in infants and children; retinol and retinyl esters only, not beta-carotene	adults	AUTH	NIH Office of Dietary Supplements, Vitamin A and Carotenoids Health Professional Fact Sheet; url:https://ods.od.nih.gov/factsheets/VitaminA-HealthProfessional/	docs/superpowers/research/wave2-science-healing-immunity-thermal.md § 6. Toxicity and acute illness	settled	
S1025	vitamin-a	acute hypervitaminosis A threshold and signs	one or a few doses typically > 100 times the RDA, onset within days to weeks; severe headache, blurred vision, nausea, dizziness, aching muscles, coordination problems; severe cases raised CSF pressure, drowsiness, coma and death	with RDAs of 900 and 700 µg RAE, > 100× is roughly 70 000–90 000 µg RAE in a dose (the report's arithmetic)	adults	AUTH	NIH Office of Dietary Supplements, Vitamin A and Carotenoids Health Professional Fact Sheet; url:https://ods.od.nih.gov/factsheets/VitaminA-HealthProfessional/	docs/superpowers/research/wave2-science-healing-immunity-thermal.md § 6. Toxicity and acute illness	settled	
S1026	vitamin-a	chronic hypervitaminosis A signs	dry skin, painful muscles and joints, fatigue, depression and abnormal liver tests; pregnant and lactating women advised not to exceed 3000 µg RAE (10 000 IU) daily from supplements	no chronic threshold for non-pregnant adults beyond the UL	adults	AUTH	NIH Office of Dietary Supplements, Vitamin A and Carotenoids Health Professional Fact Sheet; url:https://ods.od.nih.gov/factsheets/VitaminA-HealthProfessional/	docs/superpowers/research/wave2-science-healing-immunity-thermal.md § 6. Toxicity and acute illness	settled	
S1027	vitamin-a	beta-carotene toxicity	not known to be teratogenic or to cause reproductive toxicity; the vitamin A UL does not apply		all	AUTH	NIH Office of Dietary Supplements, Vitamin A and Carotenoids Health Professional Fact Sheet; url:https://ods.od.nih.gov/factsheets/VitaminA-HealthProfessional/	docs/superpowers/research/wave2-science-healing-immunity-thermal.md § 6. Toxicity and acute illness	settled	
S1028	vitamin-a	therapeutic vitamin A bolus → vomiting within 48 h	RR 1.97	95% CI 1.44–2.69; 4 studies, 10 541 participants; moderate quality	children 6–59 months	MA	Imdad A et al 2017, Cochrane Database Syst Rev CD008524; doi:10.1002/14651858.CD008524.pub3; pmid:28282701	docs/superpowers/research/wave2-science-healing-immunity-thermal.md § 6. Toxicity and acute illness	settled	
S1029	vitamin-d	tolerable upper intake level for vitamin D	100 µg (4000 IU)/d for everyone 9 y and older	toxicity unlikely below 250 µg (10 000 IU)/d, though lower intakes might have adverse effects over time	adults	AUTH	NIH Office of Dietary Supplements, Vitamin D Health Professional Fact Sheet; url:https://ods.od.nih.gov/factsheets/VitaminD-HealthProfessional/	docs/superpowers/research/wave2-science-healing-immunity-thermal.md § 6. Toxicity and acute illness	settled	
S1030	vitamin-d	vitamin D toxicity threshold in serum 25(OH)D (ODS fact sheet: typically above 375 nmol/L; the pharmacology review Jones 2008 puts it above about 750 nmol/L — a disagreement of two sources)	marked hypercalcaemia (total calcium > 11.1 mg/dL; normal 8.4–10.2), hypercalciuria and serum 25(OH)D typically > 375 nmol/L (150 ng/mL), with adverse effects possible above 150 nmol/L per the fact sheet; extreme cases renal failure, soft-tissue calcification, arrhythmia and death	25(OH)D > 125 nmol/L (50 ng/mL) already linked to potential adverse effects; toxicity almost always from supplements, never from sun	adults	AUTH	NIH Office of Dietary Supplements, Vitamin D Health Professional Fact Sheet; url:https://ods.od.nih.gov/factsheets/VitaminD-HealthProfessional/	docs/superpowers/research/wave2-science-healing-immunity-thermal.md § 6. Toxicity and acute illness	settled	
S1031	iron	tolerable upper intake level for iron	45 mg/d for adults; supplemental iron ≥ 45 mg/d may cause nausea and constipation		adults	AUTH	NIH Office of Dietary Supplements, Iron Health Professional Fact Sheet; url:https://ods.od.nih.gov/factsheets/Iron-HealthProfessional/	docs/superpowers/research/wave2-science-healing-immunity-thermal.md § 6. Toxicity and acute illness	settled	
S1032	iron	acute iron toxicity threshold	> 20 mg/kg (about 1365 mg for a 150-lb person) can cause corrosive intestinal necrosis, fluid and blood loss, shock and organ failure, especially if food is not taken with the iron		adults	AUTH	NIH Office of Dietary Supplements, Iron Health Professional Fact Sheet; url:https://ods.od.nih.gov/factsheets/Iron-HealthProfessional/	docs/superpowers/research/wave2-science-healing-immunity-thermal.md § 6. Toxicity and acute illness	settled	
S1033	iron	severe or lethal acute iron dose	one-time 60 mg/kg (about 4090 mg for a 150-lb person) can cause multisystem organ failure, coma, convulsions and death; accidental iron overdose is a leading cause of fatal poisoning in children under 6		adults and children	AUTH	NIH Office of Dietary Supplements, Iron Health Professional Fact Sheet; url:https://ods.od.nih.gov/factsheets/Iron-HealthProfessional/	docs/superpowers/research/wave2-science-healing-immunity-thermal.md § 6. Toxicity and acute illness	settled	
S1034	zinc	tolerable upper intake level for zinc	40 mg/d for adults 19+ (34 mg at 14–18 y)		adults	AUTH	NIH Office of Dietary Supplements, Zinc Health Professional Fact Sheet; url:https://ods.od.nih.gov/factsheets/Zinc-HealthProfessional/	docs/superpowers/research/wave2-science-healing-immunity-thermal.md § 6. Toxicity and acute illness	settled	
S1035	zinc	zinc excess signs	nausea, dizziness, headaches, gastric distress, vomiting and loss of appetite; chronic excess can cause copper deficiency and neurologic disease	the chronic cases used ≥ 70 g denture cream a week for several years	adults	AUTH	NIH Office of Dietary Supplements, Zinc Health Professional Fact Sheet; url:https://ods.od.nih.gov/factsheets/Zinc-HealthProfessional/	docs/superpowers/research/wave2-science-healing-immunity-thermal.md § 6. Toxicity and acute illness	settled	
S1036		single acutely emetic dose of zinc			the widely repeated 225–450 mg could not be verified; the Food and Nutrition Board DRI zinc volume (NCBI Bookshelf) would settle it			docs/superpowers/research/wave2-science-healing-immunity-thermal.md § 6. Toxicity and acute illness	open	
S1037	zinc	zinc at therapeutic cold doses → non-serious adverse events	RR 1.41 (nausea, mouth or nasal irritation), NNH 7; no serious adverse events	95% CI 1.17–1.69; 28 RCTs, 5446 adults; 25 RCTs monitored serious events	adults, lozenge and intranasal doses	MA	Hunter J et al 2021, BMJ Open 11:e047474; doi:10.1136/bmjopen-2020-047474; pmid:34728441	docs/superpowers/research/wave2-science-healing-immunity-thermal.md § 6. Toxicity and acute illness	settled	
S1038	selenium	tolerable upper intake level for selenium (Food and Nutrition Board), which disagrees with EFSA	400 µg/d for adults, based on hair and nail brittleness and loss	EFSA's limit is 255 µg/d, a factor of 1.6 lower	adults	AUTH	NIH Office of Dietary Supplements, Selenium Health Professional Fact Sheet; url:https://ods.od.nih.gov/factsheets/Selenium-HealthProfessional/	docs/superpowers/research/wave2-science-healing-immunity-thermal.md § 6. Toxicity and acute illness	settled	
S1039	selenium	upper limit for selenium (EFSA 2023), which disagrees with the Food and Nutrition Board	255 µg/d for all adults including pregnancy and lactation, based on alopecia	the FNB UL is 400 µg/d	adults	AUTH	NIH Office of Dietary Supplements, Selenium Health Professional Fact Sheet; url:https://ods.od.nih.gov/factsheets/Selenium-HealthProfessional/	docs/superpowers/research/wave2-science-healing-immunity-thermal.md § 6. Toxicity and acute illness	settled	
S1040	selenium	chronic selenium excess (selenosis) signs	most commonly hair loss and nail brittleness or loss; also garlic breath, metallic taste, skin rash, nausea, diarrhoea, fatigue, irritability and nervous-system abnormalities	organic and inorganic forms have similar effects	adults	AUTH	NIH Office of Dietary Supplements, Selenium Health Professional Fact Sheet; url:https://ods.od.nih.gov/factsheets/Selenium-HealthProfessional/	docs/superpowers/research/wave2-science-healing-immunity-thermal.md § 6. Toxicity and acute illness	settled	
S1041	selenium	acute selenium toxicity	severe gastrointestinal and neurological symptoms, ARDS, myocardial infarction, hair loss, tremor, kidney and cardiac failure, rarely death; a 2008 incident harmed 201 people taking a supplement with 200 times its labelled selenium	no single-dose threshold in mg stated	adults	AUTH	NIH Office of Dietary Supplements, Selenium Health Professional Fact Sheet; url:https://ods.od.nih.gov/factsheets/Selenium-HealthProfessional/	docs/superpowers/research/wave2-science-healing-immunity-thermal.md § 6. Toxicity and acute illness	settled	
S1042	selenium	selenium content of Brazil nuts	68–91 µg per nut (USDA average 544 µg/oz); could cause selenium toxicity if eaten regularly	values vary widely with soil	adults	AUTH	NIH Office of Dietary Supplements, Selenium Health Professional Fact Sheet; url:https://ods.od.nih.gov/factsheets/Selenium-HealthProfessional/	docs/superpowers/research/wave2-science-healing-immunity-thermal.md § 6. Toxicity and acute illness	settled	
S1043	vitamin-c	tolerable upper intake level for vitamin C	2000 mg/d for adults 19+	400–2000 mg by age; not establishable in infancy	adults	AUTH	NIH Office of Dietary Supplements, Vitamin C Health Professional Fact Sheet; url:https://ods.od.nih.gov/factsheets/VitaminC-HealthProfessional/	docs/superpowers/research/wave2-science-healing-immunity-thermal.md § 6. Toxicity and acute illness	settled	
S1044	vitamin-k	tolerable upper intake level for vitamin K	none set: no adverse effects from food or supplements reported in humans or animals		all	AUTH	NIH Office of Dietary Supplements, Vitamin K Health Professional Fact Sheet; url:https://ods.od.nih.gov/factsheets/VitaminK-HealthProfessional/	docs/superpowers/research/wave2-science-healing-immunity-thermal.md § 6. Toxicity and acute illness	settled	
S1045	sodium	acute salt poisoning, a dose anchor	1 L of soy sauce produced serum sodium 171 mEq/L and a non-aneurysmal subarachnoid haemorrhage; full recovery with controlled correction	single case; normal serum sodium 135–145 mEq/L; no lethal g/kg dose stated	a 51-year-old man	COH	Hirayama I et al 2025, Clin Case Rep 13:e71472; doi:10.1002/ccr3.71472; pmid:41255456	docs/superpowers/research/wave2-science-healing-immunity-thermal.md § 6. Toxicity and acute illness	settled	
S1046	water	acute water intoxication, a dose anchor	~8 L of water within 3 h produced serum sodium 120 mEq/L with loss of consciousness, confusion and a seizure; discharged after 5 days on fluid restriction and 3% saline	single case; voluntary polydipsia before uroflowmetry	a 38-year-old man	COH	Sharma S et al 2026, Cureus 18:e106185; doi:10.7759/cureus.106185; pmid:42077743	docs/superpowers/research/wave2-science-healing-immunity-thermal.md § 6. Toxicity and acute illness	settled	
S1047	sodium	dilutional hyponatraemia severity bands	< 135 mmol/L defines exercise-associated hyponatraemia, mild cases asymptomatic or non-specific; < 120 mmol/L central-nervous symptoms from cerebral oedema; < 110–115 mmol/L respiratory failure and death	narrative review; excessive fluid intake the primary cause, sweat sodium loss lesser	endurance and ultra-endurance athletes	TXT	Knechtle B et al 2019, Medicina 55:537; doi:10.3390/medicina55090537; pmid:31455034	docs/superpowers/research/wave2-science-healing-immunity-thermal.md § 6. Toxicity and acute illness	settled	
S1048		lethal dose of sodium chloride (g/kg)			only a case anchor (1 L soy sauce → sodium 171 mEq/L); the forensic toxicology literature would settle it			docs/superpowers/research/wave2-science-healing-immunity-thermal.md § Gaps	open	
S1049		alcohol multiplier on cooling rate in cold exposure			direction and mechanism are authoritative (vasodilation, hypoglycaemia when drink replaces food); no magnitude found			docs/superpowers/research/wave2-science-healing-immunity-thermal.md § Gaps	open	
S1050		bone-remodelling cycle duration			no verified source read; would strengthen the bone timescale argument without changing its conclusion			docs/superpowers/research/wave2-science-healing-immunity-thermal.md § Gaps	open	
S1051		body-fat fraction from body weight (or BMI), age and sex: the relation that splits a starting body weight into fat and lean mass			named by the design (spec § 4.3, § 7 item 2); no harvest report carried a source			docs/superpowers/research/science-energy-body.md § Gaps	open	
S1052		respiratory water loss rate by activity level, air temperature and humidity			named by the design (spec § 4.3, the loss terms that feed § 4.4); no harvest report carried a source			docs/superpowers/research/science-energy-body.md § Gaps	open	
S1053		cold-induced diuresis: the added urine output under cold exposure			named by the design (spec § 4.3, the loss terms that feed § 4.4); no harvest report carried a source			docs/superpowers/research/science-energy-body.md § Gaps	open	
S1054		acute oral selenium dose producing toxicity, and the lethal dose			named by the design (spec § 4.5 toxicity ladder); the healing report gives acute signs (S1041) but no dose			docs/superpowers/research/wave2-science-healing-immunity-thermal.md § 6. Toxicity and acute illness	open	
S1055	energy	adaptive thermogenesis under a sustained energy deficit: the suppression of resting energy expenditure as a fraction of REE, its onset and its decay		direction only: S0013 and S0016 fix that the suppression occurs and tracks fat-mass depletion, and give no fraction, onset or decay	adults under sustained energy deficit (Minnesota; weight-loss cohorts)			docs/superpowers/research/science-energy-body.md § Gaps	open	
S1056	body-composition	the lean share of a surplus or a deficit as a fitted coefficient of initial body fat (the Forbes and Hall partition coefficient)		shape only: S0054 and S0055 fix that the lean share falls as initial fat rises, and give no coefficient the model can fit	adults across the body-fat range (Forbes; Hall's model)			docs/superpowers/research/science-energy-body.md § Gaps	open	
S1057	general	the fraction of a replete nutrient store at which marginal, depleted and clinical status begin, for a nutrient whose biomarker thresholds are not mapped to a store fraction		direction only: S0139, S0143, S0159 and S0438 give plasma or tissue biomarker thresholds and no settled row maps a biomarker to a store fraction; the plan ships 0.70, 0.45 and 0.25 as a game choice (Plan 4 ruling 4)	healthy adults depleted from replete status on a deficient diet			docs/superpowers/plans/2026-10-05-plan-4-kinetics.md § Global Constraints	open	
S1058	toxicity	the minimum duration of intake above a chronic-toxicity threshold before toxic signs appear (vitamin A, vitamin D, selenium, vitamin B6)		direction only: S0149, S1029 and S0469 give the chronic doses and S0305 a dose-by-duration prevalence, none a minimum exposure time; the plan ships 7 days as a game choice (Plan 4 ruling 4)	adults on sustained high intakes from food or supplements			docs/superpowers/research/wave2-science-healing-immunity-thermal.md § Gaps	open	
S1059	toxicity	the duration of the acute toxic state after a single overdose of iron or of preformed vitamin A		direction only: S1028 gives vomiting within 48 h of a therapeutic vitamin A bolus and S1032 the acute iron threshold, neither a duration the toxic state lasts; the plan ships a 48 h decay as a game choice (Plan 4 ruling 4)	adults after a single accidental or therapeutic overdose			docs/superpowers/research/wave2-science-healing-immunity-thermal.md § Gaps	open	
S1060	general	fractional absorption from a mixed diet of the vitamins and minerals with no settled absorption row (vitamins D, E and K, thiamine, riboflavin, niacin, vitamin B6, choline, zinc, iodine, selenium, sodium and potassium) and vitamin C's 0.85 food absorption (Plan 2)		direction only: settled absorption rows exist for carotene (S0156), folate (S0332), vitamin B12 (S0358), calcium (S0413), magnesium (S0536) and iron (S0434) only; the plan ships 1.0 for every other new key as a game choice (Plan 4 ruling 4)	healthy adults on a mixed diet			docs/superpowers/research/science-vitamins.md § Gaps	open	
S1061	vitamin-a	adult liver mass, to convert the hepatic retinol concentration into a whole-body vitamin A store		direction only: S0138 and S0139 give retinol per gram of liver; the plan's store cross-check takes about 1.5 kg of liver as a game choice	healthy adults			docs/superpowers/research/science-vitamins.md § Gaps	open	
S1062	vitamin-a	the liver vitamin A reserve below which serum retinol leaves its homeostatic plateau, and the shape of its fall		direction only: S0143 and S0863 give the serum thresholds and S0139 the deficient liver concentration, no row the plateau's breakpoint; the plan ships plasma = min(1, liver fraction/0.175) as a game choice	adults depleting from an adequate liver store			docs/superpowers/research/science-vitamins.md § Gaps	open	
S1063	vitamin-a	fractional absorption of preformed retinol from food		direction only: S0156 gives the carotene matrix factor only; the plan ships 1.0 for retinol as a game choice	healthy adults on a mixed diet			docs/superpowers/research/science-vitamins.md § Gaps	open	
S1064	vitamin-d	cutaneous vitamin D synthesis per minute of outdoor daylight exposure, by season, latitude and skin exposure		direction only: S0168 fixes that skin synthesis stops in the high-latitude winter and gives no rate; the plan ships a labelled sun term k_sun times outdoor daylight minutes as a game choice (Plan 4 ruling 3)	adults with ordinary outdoor exposure at temperate latitudes			docs/superpowers/research/science-vitamins.md § Gaps	open	
S1065	vitamin-d	the serum 25-hydroxyvitamin D concentration of a replete body store under steady intake at the requirement		direction only: S0159 and S1005 give the deficiency band and sufficiency above 50 nmol/L, not a replete reference; the plan ships 75 nmol/L as the store's unit as a game choice	healthy adults at steady vitamin D intake			docs/superpowers/research/science-vitamins.md § Gaps	open	
S1066	vitamin-d	the serum 25-hydroxyvitamin D concentration at which osteomalacia or other clinical vitamin D deficiency appears in adults		direction only: S0159 and S1005 give the deficiency band below 30 nmol/L without a clinical-sign threshold; the plan ships 12.5 nmol/L (a store fraction of 0.17) as a game choice	adults with prolonged low vitamin D status			docs/superpowers/research/science-vitamins.md § Gaps	open	
S1067	riboflavin	the riboflavin body turnover rate (the half-life of the tissue flavin pool) at zero intake		direction only: S0256 fixes that riboflavin has no discrete store and S0257 the tissue-saturation intake, and S0260 (open) asks the clinical onset; the plan ships thiamine's rate from S0240 as a game choice (Plan 4 ruling 3)	healthy adults on a riboflavin-deficient diet			docs/superpowers/research/science-vitamins.md § Gaps	open	
S1068	niacin	niacin status as a fraction of replete at the onset of pellagra		direction only: S0271 gives the 50 to 60 day onset on a low-niacin corn diet with no status measure; the plan ships the generic clinical fraction 0.25 as a game choice	adults on a low-niacin maize-based diet			docs/superpowers/research/science-vitamins.md § Gaps	open	
S1069	niacin	the tryptophan share of dietary protein in a mixed diet, for niacin equivalents		direction only: S0270 gives the 60 to 1 tryptophan-to-niacin conversion and no tryptophan content; the plan ships 1.1 % of protein as a game choice	adults on a mixed diet			docs/superpowers/research/science-vitamins.md § Gaps	open	
S1070	vitamin-b6	vitamin B6 status as a fraction of replete at the onset of clinical deficiency signs		direction only: S0301 gives biochemical depletion after 11 to 28 days at under 0.05 mg/d, and S0302 (open) asks the clinical onset; the plan ships the generic clinical fraction 0.25 as a game choice	adults on a vitamin B6-deficient diet			docs/superpowers/research/science-vitamins.md § Gaps	open	
S1071	vitamin-b6	the vitamin B6 requirement at high protein intake: whether the per-gram-protein requirement or the RDA governs		direction only: S0291 gives the RDA and S0294 the 0.016 mg per g protein basis; the plan ships max(RDA, 0.016 times protein g) as a game choice	adults across the range of protein intakes			docs/superpowers/research/science-vitamins.md § Gaps	open	
S1072	folate	the folate store as a fraction of replete when stores are depleted, in non-pregnant adults		direction only: S0334 gives stores depleted after 3 months in pregnancy and S0333 the 5 to 10 mg pool; the plan ships 0.10 at 90 days as a game choice	non-pregnant adults on a folate-free diet			docs/superpowers/research/science-vitamins.md § Gaps	open	
S1073	vitamin-b12	the vitamin B12 body store, as a fraction of replete, below which functional (tissue) deficiency begins		direction only: S0354 gives the 2 to 3 mg store and S0363 the irreversible neurological damage, no functional threshold; the plan ships 0.10 as a game choice	adults with zero or malabsorbed B12 intake			docs/superpowers/research/science-vitamins.md § Gaps	open	
S1074	choline	choline status as a fraction of replete at the onset of liver or muscle dysfunction on a deficient diet		direction only: S0376 and S0377 give the three-week onset at 13 mg/d with a 30 % plasma fall only; the plan ships 0.30 as a game choice	adults on a choline-deficient diet			docs/superpowers/research/science-vitamins.md § Gaps	open	
S1075	choline	the ratio of the female to the male rate of choline depletion on a deficient diet		direction only: S0378 gives 44 % of premenopausal women against 77 to 80 % of men and postmenopausal women affected, and S0379 the oestrogen mechanism; the plan ships 0.57 as a game choice	adult men and premenopausal women on a very-low-choline diet			docs/superpowers/research/science-vitamins.md § Gaps	open	
S1076	biotin	time from a raw-egg-white staple diet to the first visible biotin-deficiency sign (dermatitis or hair loss)		direction only: S0319 (28 days, marginal and asymptomatic), S0320 (markers move by day 14) and S0318 (many weeks to years); the plan ships 90 days as a game choice	adults eating raw egg white daily			docs/superpowers/research/science-vitamins.md § Gaps	open	
S1077	iron	the share of total body iron held as mobilisable store in an adult woman		direction only: S0436 gives about two-thirds in haemoglobin and a mobilisable store of about a quarter in a man, far less in a woman; the plan ships 25 % of 40 mg/kg as a game choice	premenopausal adult women			docs/superpowers/research/science-minerals-fibre-fats.md § Gaps	open	
S1078	iron	non-haem iron absorption as a function of the size of the body iron store		direction only: S0535 fixes that iron status matters more than diet composition; the plan ships 1 minus 0.5 times the store fraction as a game choice	adults across the range of iron status			docs/superpowers/research/science-minerals-fibre-fats.md § Gaps	open	
S1079	iron	haemoglobin iron as a fraction of replete at the anaemia cut-off in adults		direction only: S0438 gives the depletion stages to anaemia without a fraction; the plan ships 0.88 as a game choice	adults with progressive iron depletion			docs/superpowers/research/science-minerals-fibre-fats.md § Gaps	open	
S1080	iron	the increase in acute iron toxicity when the dose is taken without food		direction only: S1032 gives the 20 mg/kg threshold and says especially if food is not taken, with no magnitude; the plan ships 1.5 times below a stomach fill of 0.2 as a game choice	adults after a single large iron dose			docs/superpowers/research/wave2-science-healing-immunity-thermal.md § Gaps	open	
S1081	iron	the reduction in non-haem iron absorption at a meal calcium dose of 300 mg		direction only: S0418 gives a dose-related reduction across 40 to 300 mg with little further effect above about 600 mg, no magnitude in its cell; the plan ships 50 % as a game choice	healthy adults, single-meal isotope studies			docs/superpowers/research/science-minerals-fibre-fats.md § Gaps	open	
S1082	iron	the reduction in iron utilisation for haemoglobin under riboflavin depletion		direction only: S0261 gives a haemoglobin rise on riboflavin therapy with iron absorption unchanged; the plan ships a halved transfer as a game choice	riboflavin-deficient adults			docs/superpowers/research/science-minerals-fibre-fats.md § Gaps	open	
S1083	zinc	zinc status as a fraction of replete at the measurable taste and immune change of a seven-week depletion		direction only: S0450 gives seven weeks at 3 to 5 mg/d with no status fraction; the plan ships 0.5 as a game choice	adult men on a low-zinc high-phytate diet			docs/superpowers/research/science-minerals-fibre-fats.md § Gaps	open	
S1084	zinc	the reduction in zinc absorption per mg of dietary phytate		direction only: S0454 gives the direction with no dose-response; the plan ships the magnesium slope of S0536 as a game choice	adults on mixed and plant-based diets			docs/superpowers/research/science-minerals-fibre-fats.md § Gaps	open	
S1085	magnesium	the magnesium store as a fraction of replete at the onset of tetany		direction only: S0425 gives the first clinical sign and S0563 (open) asks its timing; the plan ships the generic clinical fraction 0.25 as a game choice	adults on a magnesium-deficient diet			docs/superpowers/research/science-minerals-fibre-fats.md § Gaps	open	
S1086	magnesium	the urinary magnesium loss per gram of ethanol		direction only: S0542 gives an alcohol-dose-related rise in urinary magnesium and calcium and S0541 low status in alcohol-use disorder, no magnitude; the plan ships a labelled magnitude as a game choice	adults drinking moderate to heavy amounts of alcohol			docs/superpowers/research/science-minerals-fibre-fats.md § Gaps	open	
S1087	magnesium	the urinary magnesium and calcium loss per mg of caffeine per kg of lean mass		direction only: S0543 gives a rise for at least 3 h proportional to dose per lean mass, no magnitude; the plan ships a labelled magnitude as a game choice	adults after oral caffeine			docs/superpowers/research/science-minerals-fibre-fats.md § Gaps	open	
S1088	iodine	the iodine store as a fraction of replete at the onset of goitre or hypothyroid signs		direction only: S0459 gives the 15 mg thyroid store and S0462 the compensating up-regulation, and S0464 (open) asks the timing; the plan ships the generic clinical fraction 0.25 as a game choice	adults on an iodine-deficient diet			docs/superpowers/research/science-minerals-fibre-fats.md § Gaps	open	
S1089	essential-fats	essential-fatty-acid status as a fraction of replete at a triene-to-tetraene ratio above 0.4		direction only: S0500 and S0501 give the biochemical onset at one week and the diagnostic threshold at 28 days on a fat-free intake; the plan ships the generic clinical fraction 0.25 as a game choice	adults on fat-free parenteral nutrition			docs/superpowers/research/science-minerals-fibre-fats.md § Gaps	open	
S1090	fibre	the time course and the intake fraction at which bowel habit changes (constipation) after fibre intake falls below the requirement		direction only: S0483 gives a stool-frequency gain under supplementation, and relief needs about four weeks above 10 g/d; the plan ships a 7-day average with rungs at 0.5 and 0.25 of the requirement as a game choice	healthy adults and adults with constipation			docs/superpowers/research/science-minerals-fibre-fats.md § Gaps	open	
S1091	water	total body water as a fraction of lean (fat-free) mass in adults		direction only: S0088 gives the water requirement and no row gives body water; the plan ships 0.73 times lean mass as a game choice (Plan 4 ruling 7)	healthy adults			docs/superpowers/research/science-energy-body.md § Gaps	open	
S1092	sodium	plasma sodium as a function of exchangeable sodium plus potassium over total body water (the Edelman relation's coefficients)		direction only: S1045 gives the normal 135 to 145 mmol/L range and S1046 a water-intoxication anchor; the plan ships plasma sodium = 140 times the osmotic pool over total body water as a game choice	adults across normal and disturbed water balance			docs/superpowers/research/science-energy-body.md § Gaps	open	
S1093	water	the obligatory daily water loss at rest (urine plus insensible loss) in a temperate climate		direction only: S0088 is the total-water intake of well-hydrated adults, not an obligatory loss; the plan ships the intake as basal turnover as a game choice (Plan 4 ruling 7)	sedentary adults in a temperate climate			docs/superpowers/research/science-energy-body.md § Gaps	open	
S1094	sweat	sweat rate as a function of metabolic rate (MET) and its between-person spread		direction only: S0090 gives 1.28 to 1.51 L/h at hard work with an SD of about half the mean and S0091 the modulators, and S0559 (open) asks the resting rate; the plan ships 1.0 L/h times clamp((MET - 3)/5, 0, 1.5) and a per-character draw in 0.5 to 1.5 as a game choice	exercising adults across work intensities			docs/superpowers/research/science-energy-body.md § Gaps	open	
S1095	water	the body-water deficit at which alcohol diuresis is blunted		direction only: S0521 gives the euhydrated urine output after 1 L of 4 % beer and S0522 and S0523 a blunted output when hypohydrated, no threshold; the plan ships a 2 % knee as a game choice	healthy adults drinking beer euhydrated and hypohydrated			docs/superpowers/research/science-energy-body.md § Gaps	open	
S1096	sodium	the renal excretion time constant of a sodium surplus in an adult on a normal diet		direction only: S0396 gives the hormonal counter-regulation on a low-sodium diet, and S0564 (open) asks the repletion constant after depletion; the plan ships 24 h as a game choice	healthy adults after an acute sodium load			docs/superpowers/research/science-energy-body.md § Gaps	open	
S1097	potassium	the renal excretion time constant of a potassium surplus in an adult on a normal diet		direction only: no settled row gives potassium handling kinetics, and S0544 (open) and S0566 (open) ask the pool and the repletion constant; the plan ships 24 h as a game choice	healthy adults after an acute potassium load			docs/superpowers/research/science-energy-body.md § Gaps	open	
S1098	water	thirst as a function of the body-water deficit (per cent of body mass)		direction only: S0092 and S0709 give the 2 % and 4 % performance thresholds the vanilla thirst moodle levels are placed on, and no row measures thirst; the plan ships knots at 1, 2, 4, 6 and 8 % as a game choice (Plan 4 ruling 8)	healthy adults losing water at rest and in exercise			docs/superpowers/research/science-energy-body.md § Gaps	open	
S1099	sodium	osmotic thirst: the plasma sodium rise at which thirst begins, its slope, and the suppression of thirst below normal plasma sodium		direction only: S0102 gives drinking to thirst as the protection against exercise hyponatraemia below 135 mmol/L; the plan ships one moodle band per 3 % sodium rise and a cap below 135 mmol/L as a game choice	healthy adults with disturbed water or salt balance			docs/superpowers/research/science-energy-body.md § Gaps	open	
S1100	strength	the difference between the strength decrement of exercise-induced and of passive (heat or fluid-restriction) dehydration at the same body-mass loss		direction only: S0623 and S0624 give the hypohydration decrements without the method split; the plan ships a sweat share of the last 6 h above 0.5 as the sweat-caused test as a game choice	adults dehydrated by exercise, heat or fluid restriction			docs/superpowers/research/wave2-science-endurance-fitness.md § Gaps	open	
S1101	water	the body-water deficit (per cent of body mass) at which dehydration becomes life-threatening in adults		direction only: S0709 gives severe strain at about 4 %, and S0103 (open) asks the time to death without water, not a deficit; the plan ships SEVERE_DEHYD_PCT 10 as a labelled game choice for Plan 5's lethality mapping (Plan 4 ruling 8, Task 8 review residual b)	adults deprived of water			docs/superpowers/research/science-energy-body.md § Gaps	open	
S1102	caffeine	oral caffeine absorption: the fraction absorbed and the time to peak plasma concentration	absorption through a 0.5 h gut lane bypassing the stomach's composition scale (Plan 4 ruling T17-2); the fraction 1.0	direction only: S0793 gives the elimination half-life only; the plan ships absorption at 1.0 through the stomach chain as a game choice	healthy adults after coffee or tablets			docs/superpowers/research/wave2-science-fatigue-sleep.md § Gaps	open	
S1103	caffeine	the population share of slow caffeine metabolisers (the CYP1A2 genotypes with the longer half-life)		direction only: S0794 fixes that CYP1A2 polymorphism drives the variability and S0793 gives 5.0 h against 9.7 h, and S0851 (open) asks the half-life range; the plan ships a labelled share as a game choice (Plan 4 ruling 10)	general adult population			docs/superpowers/research/wave2-science-fatigue-sleep.md § Gaps	open	
S1104	alcohol	the Widmark distribution factor r (the body-water share for ethanol) in men and women		direction only: S0524 gives one blood-alcohol anchor after 1 L of 4 % beer; the plan ships 0.68 for men and 0.55 for women as a game choice (Plan 4 ruling 11)	healthy adult men and women			docs/superpowers/research/wave2-science-fatigue-sleep.md § Gaps	open	
S1105	alcohol	the ethanol elimination rate as blood alcohol concentration per hour (Widmark beta) in adults		direction only: S0524 gives one anchor and no elimination rate; the plan ships 0.015 % per hour as a game choice (Plan 4 ruling 11)	healthy adults, non-dependent drinkers			docs/superpowers/research/wave2-science-fatigue-sleep.md § Gaps	open	
S1106	alcohol	the blood alcohol concentration at the onset of each observable intoxication stage (euphoria, loss of coordination, confusion, stupor)		direction only: S0905 gives the driving impairments at 0.03, 0.05 and 0.08 % and S0893 the 0.05 % calibration; the INTOXICATION map 100 times BAC over 0.20 is a game choice (Plan 5)	healthy adults, non-dependent drinkers			docs/superpowers/research/wave2-science-cognition-mood-perception.md § Gaps	open	
S1107	aerobic-capacity	the relative intensity (per cent of VO2max) of a given MET level for an untrained adult		direction only: S0683 gives glycogen use at 71 % of VO2max; the plan ships MET 7.5 as 71 % as a game choice	untrained healthy adults			docs/superpowers/research/wave2-science-endurance-fitness.md § Gaps	open	
S1108	glycogen	the muscle glycogen resynthesis time constant and the carbohydrate intake (g/kg/d) that holds the reference store		direction only: S0680 gives the +102 and -253 mmol/kg swings over windows of two to three days; the plan ships a 24 h time constant and a 3 g/kg pivot as a game choice	healthy adults across carbohydrate intakes			docs/superpowers/research/wave2-science-endurance-fitness.md § Gaps	open	
S1109	glycogen	the muscle glycogen level and exercise intensity at which exertional hypoglycaemia sets in		direction only: S0684 gives fatigue at a plasma glucose of 2.5 mM after 3 h at 71 % of VO2max; the plan ships a glycogen fraction below 0.2 at MET 6 or more as a game choice	endurance-trained adults in prolonged exercise			docs/superpowers/research/wave2-science-endurance-fitness.md § Gaps	open	
S1110	glycogen	the fall in blood glucose from alcohol after a prolonged fast		direction only: S1015 gives hypothermia with hypoglycaemia after binge drinking and fasting, no magnitude; the plan ships a labelled fall as a game choice	adults drinking alcohol after a fast			docs/superpowers/research/wave2-science-healing-immunity-thermal.md § Gaps	open	
S1111	glycogen	the time course of blood-glucose recovery after carbohydrate ingestion during exercise hypoglycaemia		direction only: S0684 gives plasma glucose held at 4.2 to 5.2 mM by carbohydrate feeding and S0686 the central effect within an hour; the plan ships a 15 min time constant as a game choice	adults in prolonged exercise			docs/superpowers/research/wave2-science-endurance-fitness.md § Gaps	open	
S1112	fatigue-sleep	the minimum sleep duration that resets the homeostatic sleep pressure accrued awake (a nap's effect)		direction only: S0733 and S0734 give the wake and sleep time constants of process S; the plan counts hours awake from the last sleep of 1 h or more as a game choice	healthy adults			docs/superpowers/research/wave2-science-fatigue-sleep.md § Gaps	open	
S1113	fatigue-sleep	the fraction of an accumulated sleep debt repaid per hour of sleep beyond need		direction only: S0743 gives deficits persisting after one recovery night of up to 10 h, and S0839 (open) asks multi-night recovery; the plan ships 0.5 as a game choice (Plan 4 ruling 13)	healthy adults recovering from chronic sleep restriction			docs/superpowers/research/wave2-science-fatigue-sleep.md § Gaps	open	
S1114	fatigue-sleep	the effect of accumulated sleep debt on the build-up rate and the floor of homeostatic sleep pressure		direction only: S0742 gives cumulative, dose-dependent deficits over 14 restricted nights, and S0836 (open) asks the primary constants; the plan ships a 2 % faster build-up per hour of debt and a floor of 0.01 times debt as a game choice	healthy adults under chronic sleep restriction			docs/superpowers/research/wave2-science-fatigue-sleep.md § Gaps	open	
S1115	cognition	the hours awake at which neurobehavioural performance first declines measurably		direction only: S0763 gives about -0.4 % per hour awake and S0767 a 0.05 % blood-alcohol equivalence at 17 to 19 h; the plan ships 16 h as the impairment zero point as a game choice (Plan 4 ruling 14)	healthy adults under sustained wakefulness			docs/superpowers/research/wave2-science-cognition-mood-perception.md § Gaps	open	
S1116	refeeding	the daily energy intake below which a day counts as little or no intake for refeeding risk		direction only: S0115 names little or no intake for more than 5 or 10 days and S0116 the 5 to 10 kcal/kg/d restart; the plan ships under 5 kcal/kg as a game choice (Plan 4 ruling 15)	adults after starvation or prolonged low intake			docs/superpowers/research/science-energy-body.md § Gaps	open	
S1117	body-composition	adult stature by sex, as the reference height for a body-mass-index computation		direction only: no settled row gives stature; the plan ships 1.75 m for both sexes as a game choice (Plan 4 ruling 15)	adults			docs/superpowers/plans/2026-10-05-plan-4-kinetics.md § Global Constraints	open	
S1118	vitamin-a	the retinol equivalence of absorbed beta-carotene (the conversion of beta-carotene to retinol after absorption, per unit absorbed)		direction only: S0156 gives the bioavailability of beta-carotene from mixed vegetables at about 14 per cent and no row gives the conversion after absorption; the plan ships 2:1 (0.5 retinol per unit absorbed) as a game choice (Plan 4 ruling T11-2)	adults eating mixed vegetables			docs/superpowers/research/science-vitamins.md § Vitamin A	open	
S1119	fatigue-sleep	the conversion of a standardised mean difference in a fatigue outcome into a multiplier on the build-up rate of homeostatic sleep pressure		direction only: S0699 and S0775 give fatigue effect sizes and no settled row maps an effect size onto a sleep-pressure rate; the plan ships 0.30 per unit of effect size (lambda), sized on the vanilla sleep traits' 1.3 and 0.7, as a game choice (Plan 5 ruling 11)	adults with a nutritional driver of fatigue			docs/superpowers/research/wave2-science-fatigue-sleep.md § 7.2 Nutritional and substance scaling	open	
S1120	iron	the multiplier on fatigue build-up in iron-deficiency anaemia, beyond that of non-anaemic iron depletion		direction only: S0699 gives SMD −0.38 in non-anaemic iron-depleted adults from trials that excluded anaemia, and the time course is open S0847; the plan ships x1.25 at the anaemia flag, an extrapolation beyond S0699, as a game choice (Plan 5 ruling 11)	adults with iron-deficiency anaemia			docs/superpowers/research/wave2-science-fatigue-sleep.md § 7.2 Nutritional and substance scaling	open	
S1121	water	the multiplier on fatigue build-up as a function of the body-water deficit between 1 and 4 per cent of body mass		direction only: S0894 gives no effect below 1 %, S0098 and S0099 the fatigue construct at 1.36 to 1.59 % and S0895 a larger effect above 2 %, none a dose-response curve, and the pooled fatigue effect is open S0934; the plan ships the knots 0 at 1 %, 0.35 at 1.6 %, 0.70 at 2.5 % and 1.20 from 4 % (times lambda) as a game choice (Plan 5 ruling 11)	young adults with mild dehydration and no hyperthermia			docs/superpowers/research/wave2-science-fatigue-sleep.md § 7.2 Nutritional and substance scaling	open	
S1122	caffeine	the size of the fatigue rise during caffeine withdrawal, as a function of habitual intake		direction only: S0805 gives the withdrawal time course and S0803 the symptom set, neither an effect size on fatigue; the plan ships a build-up multiplier of 1 + 0.20 x tolerance x the withdrawal phase as a game choice (Plan 5 ruling 11)	habitual caffeine consumers abstaining			docs/superpowers/research/wave2-science-fatigue-sleep.md § 7.3 A caffeine pharmacokinetic term	open	
S1123	caffeine	the time constant over which tolerance to caffeine's subjective effects builds under daily intake		direction only: S0807 gives tolerance to subjective measures at 400 mg/d after at least 14 days, no build-up curve, and the fade is open S0848; the plan ships a 7-day time constant as a game choice (Plan 5 ruling 11)	adults on regular daily caffeine			docs/superpowers/research/wave2-science-fatigue-sleep.md § 7.3 A caffeine pharmacokinetic term	open	
S1124	caffeine	the largest reduction of felt sleepiness a caffeine dose produces after sleep loss, and the dose at half that reduction		direction only: S0900 gives g 0.86 on attention after sleep loss against S0750's g −0.776 for under 48 h of total deprivation, no dose-response, and the common scale is open S0862; the plan ships a 0.35 FATIGUE maximum and a 150 mg half-maximal dose as game choices (Plan 5 ruling 11)	sleep-deprived adults			docs/superpowers/research/wave2-science-fatigue-sleep.md § 7.3 A caffeine pharmacokinetic term	open	
S1125	caffeine	the share of caffeine's offset of felt sleepiness lost under full tolerance		direction only: S0807 gives tolerance to subjective and not physiological measures, while S0899 gives a rested attention effect unrelated to habitual intake; the plan ships a 60 per cent blunting of the offset as a game choice (Plan 5 ruling 11)	habitual caffeine consumers			docs/superpowers/research/wave2-science-fatigue-sleep.md § 7.3 A caffeine pharmacokinetic term	open	
S1126	caffeine	the reduction in the rate of sleep recovery per unit of caffeine on board at sleep onset		direction only: S0795 (sleep efficiency −7 %) and S0798 give the size of the next-night sleep cost and no recovery-rate mapping, and S0797 with S0793 the 32.1 mg zero point; the plan ships recovery x(1 − 0.15 x the saturation between 32.1 and 107 mg) as a game choice (Plan 5 ruling 11)	adults taking caffeine before sleep			docs/superpowers/research/wave2-science-fatigue-sleep.md § 7.3 A caffeine pharmacokinetic term	open	
S1127	alcohol	the multiplier on fatigue build-up on the day after heavy drinking (hangover)		direction only: S0814 (g 0.66) and S0817 (g 0.47) give next-day psychomotor and attention impairment, not a fatigue rate, and the hangover duration is open S0854; the plan ships x1.15 through lambda as a game choice (Plan 5 ruling 11)	adults on the day after heavy drinking			docs/superpowers/research/wave2-science-fatigue-sleep.md § 7.4 An alcohol sleep-quality penalty	open	
S1128	alcohol	the shortening of sleep-onset latency by a high evening alcohol dose		direction only: S0813 gives a shorter sleep-onset latency only at doses of 0.85 g/kg or more, with no pooled size, and the overnight recovery band is open S0853; the plan ships x0.6 on the onset delay at alcohol band 2 as a game choice (Plan 5 ruling 11)	healthy adults drinking in the evening			docs/superpowers/research/wave2-science-fatigue-sleep.md § 7.4 An alcohol sleep-quality penalty	open	
S1129	fatigue-sleep	the gain in sleep recovery from exercise earlier the same day, as a function of minutes exercised		direction only: S0826 gives +1.3 percentage points of slow-wave sleep and S0824 small benefits, and the numeric effect sizes are open S0857; the plan ships recovery x(1 + 0.10 x min(1, minutes / 30)) as a game choice (Plan 5 ruling 11)	healthy adults			docs/superpowers/research/wave2-science-fatigue-sleep.md § 7.2 Nutritional and substance scaling	open	
S1130	fatigue-sleep	the sleep-recovery cost and the sleep-onset delay of vigorous exercise ending within one hour of sleep		direction only: S0827 gives impaired onset, total sleep and efficiency after vigorous exercise ending close to bedtime with no size, and S0828 no association at 4 h or more; the plan ships recovery x0.95 and +9 minutes of onset (borrowed from S0795) as game choices (Plan 5 ruling 11)	healthy adults exercising in the evening			docs/superpowers/research/wave2-science-fatigue-sleep.md § Gaps	open	
S1131	fatigue-sleep	the felt sleepiness that an accumulated sleep debt adds beyond homeostatic sleep pressure, per hour of debt, and its maximum		direction only: S0742 gives cumulative, dose-dependent deficits under chronic restriction of which subjects were largely unaware; the plan ships 0.005 FATIGUE per debt hour capped at 0.10 as a game choice (Plan 5 ruling 11)	adults under chronic sleep restriction			docs/superpowers/research/wave2-science-fatigue-sleep.md § 7.5 A sleep-debt term, because one night does not clear it	open	
S1132	fatigue-sleep	the largest sleepiness that nutritional states alone may add, and the shares of dehydration and hypoglycaemia within it		direction only: S0098 and S0099 give the fatigue construct under mild dehydration (pooled size open S0934) and S0897 the glucose band that impairs, neither a sleepiness magnitude; the plan ships a cap of 0.15 FATIGUE, dehydration +0.06 at 2 % rising to +0.10 at 4 % and hypoglycaemia below 2.6 mmol/L +0.10 as game choices (Plan 5 ruling 11)	adults			docs/superpowers/research/wave2-science-fatigue-sleep.md § 7.2 Nutritional and substance scaling	open	
S1133	fatigue-sleep	the bounds on the combined multipliers of sleep-pressure build-up and of sleep recovery		direction only: no settled row bounds either product; the plan ships build-up clamped to 0.2 to 5.0 and recovery to 0.25 to 2.0 as game choices (Plan 5 ruling 11)	adults			docs/superpowers/plans/2026-10-06-plan-5-effects.md § Global Constraints	open	
S1134	cognition	the change in the time a firearm takes to settle on target (the aiming delay) per impairment unit, one unit being 24 h awake		direction only: S0892 and S0893 set one unit at 24 h awake (0.05 % BAC) and S0902 and S0903 show marksmanship not restored by caffeine, none an aim-time slope; the plan ships aiming delay x(1 + 0.25 x the impairment unit) as a game choice (Plan 5 ruling 5)	impaired or sleep-deprived adults handling firearms			docs/superpowers/research/wave2-science-cognition-mood-perception.md § 5.4 The aiming-delay multiplier	open	
S1135	cognition	the bounds on the aiming-delay multiplier		direction only: no settled row bounds it; the plan ships 0.90 to 1.60 as a game choice, the lower bound unreachable while the impairment unit is not negative (Plan 5 ruling 5)	impaired or sleep-deprived adults handling firearms			docs/superpowers/research/wave2-science-cognition-mood-perception.md § 5.4 The aiming-delay multiplier	open	
S1136	cognition	the largest total impairment, in impairment units, that summed drivers may reach		direction only: S0893 sets 24 h awake at 0.05 % BAC with 0.08 % as its upper bound and S0905 gives impairment at 0.08 %, and additivity is open S0935; Plan 4 shipped a cap of 2.5 units as a game choice that Plan 5 reads	adults under combined impairment drivers			docs/superpowers/research/wave2-science-cognition-mood-perception.md § 5.0 The unit, and the engine's own exchange rate	open	
S1137	iron	the impairment-unit equivalent of iron depletion on attention		direction only: S0906 gives SMD 0.59 irrespective of baseline iron status and is contested by S0908 and S0909; Plan 4 shipped 0.38 units at the depleted grade (half of 0.76) as a game choice that Plan 5 reads	iron-depleted adults			docs/superpowers/research/wave2-science-cognition-mood-perception.md § 5.0 The unit, and the engine's own exchange rate	open	
S1138	alcohol	the impairment-unit equivalent of a blood alcohol concentration between 0.03 and 0.08 per cent		direction only: S0905 gives impaired driving measures at 0.03, 0.05 and 0.08 % and S0893 sets 0.05 % at one unit, and the stage map is open S1106; Plan 4 shipped 0.30 units at 0.03 % and 1.60 at 0.08 % as a game choice that Plan 5 reads	adults			docs/superpowers/research/wave2-science-cognition-mood-perception.md § 5.0 The unit, and the engine's own exchange rate	open	
S1139	caffeine	the caffeine credit against the sleep-loss term of the impairment unit, as a function of the dose on board		direction only: S0900 gives g 0.86 after sleep loss against S0750's g −0.776 and S0899 a rested effect unrelated to habitual intake; Plan 4 shipped 0.5 x min(1, C / 100) + 0.6 x min(1, C / 200) units, never above the sleep term, as a game choice (ruling T9-2) that Plan 5 reads	sleep-deprived adults			docs/superpowers/research/wave2-science-cognition-mood-perception.md § 5.4 The aiming-delay multiplier	open	
S1140	vitamin-a	the time on a replete preformed vitamin A intake after which dark adaptation is restored enough to count as night vision		direction only: S0869 gives restored dark adaptation after 6 weeks at 850 µg RAE/d and S0868 a 0.3 log unit gain from one injected dose, and the non-pregnant time course is open S0941; the plan ships 14 days, compressed from S0869, as a game choice (Plan 5 ruling 6)	adults repleting vitamin A			docs/superpowers/research/wave2-science-cognition-mood-perception.md § 5.2 The night-vision trait: when to grant and when to withdraw	open	
S1141	vitamin-a	the slowing of dark-adaptation recovery under concurrent iron or riboflavin depletion		direction only: S0871 gives a greater dark-adaptation response with iron and riboflavin added to vitamin A, no rate; the plan ships twice the days (the counter at half rate) as a game choice (Plan 5 ruling 6)	adults deficient in vitamin A and iron or riboflavin			docs/superpowers/research/wave2-science-cognition-mood-perception.md § 5.2 The night-vision trait: when to grant and when to withdraw	open	
S1142	vitamin-a	the time after a lapse in vitamin A status before a dark-adaptation gain is regained		direction only: no settled row times re-repletion after a lapse; the plan ships a 3-day re-grant as a game choice, a hysteresis the whole-list trait push requires (Plan 5 ruling 6)	adults repleting vitamin A after a lapse			docs/superpowers/research/wave2-science-cognition-mood-perception.md § 5.2 The night-vision trait: when to grant and when to withdraw	open	
S1143	vitamin-a	the vitamin A status at which visual acuity is lost (the Short Sighted toggle)		direction only: S0143 gives ocular signs at serum retinol 0.35 µmol/L, S0144 the progression from night blindness to xerophthalmia and S0864 impaired dark adaptation as the first loss, and the generic store fraction is open S1057; the plan ships the clinical grade at Severity 1 or more as a game choice (Plan 5 ruling 7)	adults with vitamin A deficiency			docs/superpowers/research/wave2-science-cognition-mood-perception.md § 5.3 When the Short Sighted toggle is justified	open	
S1144	mood	the moodle-band width that one standardised mean difference of a mood outcome represents		direction only: S0915, S0916, S0920, S0922, S0929 and S0932 give their SMDs on psychometric scales with no settled mapping onto a game band; the plan ships one SMD as one band (STRESS 0.25, PANIC about 24, UNHAPPINESS about 22) as a game choice (Plan 5 ruling 10)	adults			docs/superpowers/research/wave2-science-cognition-mood-perception.md § 5.5 Stress, panic, unhappiness and boredom coefficients	open	
S1145	mood	the mood shifts of nutritional states that have no pooled effect size (dehydration, hangover, B-vitamin and vitamin D depletion, caffeine withdrawal, caffeine above 400 mg)		direction only: S0098 gives tension under mild dehydration, S0930 hangover negative affect (pooled size open S0943), S0922 stress SMD 0.23, S0920 the vitamin D dose-response, S0803 and S0805 the withdrawal symptoms and course, and S0929 the 400 mg knee; the plan ships panic +7 and stress +0.06 for dehydration, stress +0.10 for hangover, stress +0.03 at B-vitamin depletion, unhappiness +2 at vitamin D depletion, unhappiness 10 in withdrawal and a panic slope to 64 at 800 mg as game choices (Plan 5 ruling 10)	adults			docs/superpowers/research/wave2-science-cognition-mood-perception.md § 5.5 Stress, panic, unhappiness and boredom coefficients	open	
S1146	mood	the rate at which a mood state rises toward the level a nutritional state sets		direction only: no settled row gives the onset rate of a nutritional mood effect; the plan ships stress 5e-5 per game second (vanilla's bite term), panic and unhappiness one moodle band per game hour and sickness 0.25 per game hour as game choices (Plan 5 ruling 9)	adults			docs/superpowers/plans/2026-10-06-plan-5-effects.md § Global Constraints	open	
S1147	mood	the largest mood shift that nutritional states alone may produce		direction only: no settled row; the plan ships caps one step under the third moodle band (stress 0.50, unhappiness 59, panic 64) as game choices (Plan 5 ruling 10)	adults			docs/superpowers/plans/2026-10-06-plan-5-effects.md § Global Constraints	open	
S1148	mood	the exercise exposure that earns the full mood and sleep credit, and the time constant of its memory		direction only: S0932 gives the mood SMDs of exercise and S0826 its sleep effect, neither a dose; the plan ships full credit at 30 minutes and a 6 h exponential memory as game choices (Plan 5 ruling 9)	adults			docs/superpowers/plans/2026-10-06-plan-5-effects.md § Global Constraints	open	
S1149	healing	the lowest wound-healing rate that nutritional deficiency alone may impose, as a fraction of normal		direction only: S0951 gives 0.74 (60.9 against 45.2 % reduction) in malnourished inpatients, the largest settled ratio; the plan ships a floor of 0.5 as a game choice (Plan 5 ruling 17)	malnourished adults			docs/superpowers/research/wave2-science-healing-immunity-thermal.md § 7.1 A healing-rate multiplier	open	
S1150	healing	the wound-healing rate at the marginal and depleted protein-energy grades		direction only: S0951 anchors the clinical grade at 0.74 and the healthy-adult effect sizes are open S0129; the plan ships 0.92 and 0.80 as game choices (Plan 5 ruling 17)	adults with protein-energy malnutrition			docs/superpowers/research/wave2-science-healing-immunity-thermal.md § 7.1 A healing-rate multiplier	open	
S1151	zinc	the wound-healing rate at depleted and clinical zinc status		direction only: S0953 gives a null for zinc supplementation and S0948 a multi-nutrient formula whose effect is not attributable to zinc; the plan ships 0.92 and 0.85 as game choices (Plan 5 ruling 17)	adults with zinc deficiency			docs/superpowers/research/wave2-science-healing-immunity-thermal.md § 7.1 A healing-rate multiplier	open	
S1152	vitamin-c	the increase in bleeding at depleted and clinical vitamin C status		direction only: S0965 gives capillary fragility and bleeding in scurvy and S0966 purpura as the predominant presentation, neither a magnitude; the plan ships total bleeding damage x1.10 depleted and x1.25 clinical as game choices (Plan 5 ruling 17)	adults with vitamin C deficiency			docs/superpowers/research/wave2-science-healing-immunity-thermal.md § 7.2 A bleeding-time multiplier	open	
S1153	vitamin-c	the rate of spontaneous bruising (purpura) in clinical scurvy and the size of one bruise		direction only: S0966 gives purpura as the predominant presentation of modern adult scurvy, no rate or size; the plan ships one event per two game days (1/2880 per game minute) at a bleeding time of 0.05 as game choices (Plan 5 ruling 17)	adults with scurvy			docs/superpowers/research/wave2-science-healing-immunity-thermal.md § 7.2 A bleeding-time multiplier	open	
S1154	immunity	the increase in wound-infection progression at the marginal and depleted protein-energy grades		direction only: S0954 (OR 2.31) and S0955 (OR 2.60 and 3.44) anchor the clinical grade at 2.30, and reading an odds ratio as a progression multiplier is itself a choice; the plan ships 1.15 and 1.55 as game choices (Plan 5 ruling 17)	adults with protein-energy malnutrition			docs/superpowers/research/wave2-science-healing-immunity-thermal.md § 7.3 An infection-probability multiplier	open	
S1155	vitamin-c	the common-cold risk at clinical vitamin C deficiency, and the intake, exertion and cold exposure that earn vitamin C's protection		direction only: S0980 gives RR 0.48 at 0.2 g/d or more under acute severe physical stress or cold and S0979 a null in the community, neither a deficiency rung; the plan ships x1.15 at the clinical grade and the credit x0.50 when replete, at 200 mg/d or more, on an exerting day and cold-exposed within 6 h, as game choices (Plan 5 ruling 17)	adults			docs/superpowers/research/wave2-science-healing-immunity-thermal.md § 7.4 A cold-catching multiplier	open	
S1156	immunity	the common-cold risk as a function of daily energy availability		direction only: S0991 gives OR 3.8 for low energy availability, S0990 immune changes at 22 kcal/kg fat-free mass and S0691 the 30 kcal/kg threshold; the plan ships x1.3 at 20 to 30, x2.2 at 10 to 20 and x3.0 below 10 kcal/kg lean mass as game choices (Plan 5 ruling 17)	athletes and active adults			docs/superpowers/research/wave2-science-healing-immunity-thermal.md § 7.4 A cold-catching multiplier	open	
S1157	immunity	the habitual nightly sleep an accumulated sleep debt stands for, for common-cold risk, and the risk at each debt band		direction only: S0993 gives OR 4.50 under 5 h, 4.24 at 5 to 6 h and 1.66 (not significant) at 6 to 7 h of habitual sleep; the plan ships x1.6 at debt band 1, x2.5 at band 2 and the hours-of-debt band edges as game choices (Plan 5 ruling 17)	healthy adults			docs/superpowers/research/wave2-science-healing-immunity-thermal.md § 7.4 A cold-catching multiplier	open	
S1158	vitamin-d	the common-cold risk at depleted and clinical vitamin D status		direction only: S0974 gives OR 0.94 (not significant, at most 6 per cent) for supplementation, against S0975, S0977 and S0978; the plan ships x1.03 depleted and x1.06 clinical as game choices, gated off with the vitamin D effects (Plan 5 rulings 8 and 17)	adults			docs/superpowers/research/wave2-science-healing-immunity-thermal.md § 7.4 A cold-catching multiplier	open	
S1159	immunity	the bounds on the combined common-cold risk multiplier		direction only: S0991's OR 3.8 is the largest and S0980's RR 0.48 the smallest settled ratio feeding it; the plan ships 0.5 to 3.0 as a game choice (Plan 5 ruling 17)	adults			docs/superpowers/research/wave2-science-healing-immunity-thermal.md § 7.4 A cold-catching multiplier	open	
S1160	water	the rise in core temperature per per cent of body-water deficit during exercise in heat		direction only: S1021 gives a linear rise with a 1.1 to 4.2 per cent deficit and no slope, and the combined hyperthermia and dehydration decrement is open S0730; the plan ships +0.3 °C at 4 per cent rising from 2 per cent while exerting as a game choice (Plan 5 ruling 16)	trained adults exercising in heat			docs/superpowers/research/wave2-science-healing-immunity-thermal.md § 7.6 Thermoregulation: what vanilla already covers, and the additions	open	
S1161	thermal	the fall in core temperature in hypoglycaemia		direction only: S1014 lists hypoglycaemia among the causes of secondary hypothermia through decreased heat production, no size; the plan ships −0.2 °C below 2.6 mmol/L as a game choice (Plan 5 ruling 16)	adults			docs/superpowers/research/wave2-science-healing-immunity-thermal.md § 7.6 Thermoregulation: what vanilla already covers, and the additions	open	
S1162	vitamin-a	the acute lethal dose of preformed vitamin A in adults		direction only: S1025 gives acute toxicity at one or a few doses typically above 100 times the RDA and S1028 vomiting after a therapeutic bolus, no lethal dose; the plan ships no lethal rung for vitamin A	adults			docs/superpowers/research/wave2-science-healing-immunity-thermal.md § Gaps	open	
S1163	vitamin-d	the acute lethal dose of vitamin D in adults		direction only: S1029 gives the upper level and S1030 the toxic serum range, no lethal dose; the plan ships no lethal rung for vitamin D	adults			docs/superpowers/research/wave2-science-healing-immunity-thermal.md § Gaps	open	
S1164	toxicity	the acute toxic doses of vitamin B6 and of niacin in adults		direction only: S0305 gives chronic B6 neuropathy by dose and S0274 niacin flushing from 30 mg/d, neither an acute toxic dose; the plan ships no acute rung for either	adults			docs/superpowers/research/wave2-science-healing-immunity-thermal.md § Gaps	open	
S1165	toxicity	the sickness each toxicity rung produces, read as the game's sickness stat		direction only: S1031, S1034, S1038, S1024 and S1043 give the upper levels, S0442, S1032 and S1033 the acute iron ladder, S1025, S1029 and S1030 the vitamin A and D toxicity signs and S1047 the hyponatraemia bands, none a sickness magnitude; the plan ships SICKNESS 0.30, 0.55 and 0.90 with POISON 0 at every rung as game choices (Plan 5 ruling 12)	adults			docs/superpowers/research/wave2-science-healing-immunity-thermal.md § 7.7 Toxicity mapped to the food-sickness and poison stats	open	
S1166	starvation	the time from exhausted body-fat reserves to death in total starvation		direction only: S0112 gives the lowest body-mass index compatible with survival and S0113 the course of semi-starvation, and the survival time is open S0111; the plan ships 72 game hours from the reserve floor as a game choice (Plan 5 ruling 13)	adults in total starvation			docs/superpowers/plans/2026-10-06-plan-5-effects.md § Global Constraints	open	
S1167	body-composition	the body-fat fraction at which fat reserves count as exhausted in starvation, by sex		direction only: no settled row gives an essential-fat floor; the plan ships 0.04 for men and 0.10 for women as game choices (Plan 5 ruling 13)	adults in total starvation			docs/superpowers/plans/2026-10-06-plan-5-effects.md § Global Constraints	open	
S1168	vitamin-c	the time from clinical scurvy to death without treatment		direction only: S0225 gives signs at about 40 days of withdrawal and S0965 that scurvy can be fatal, no time to death, and the timing of the signs is open S0210; the plan ships death 168 game hours after 30 days at the clinical grade as game choices (Plan 5 ruling 13)	adults with untreated scurvy			docs/superpowers/plans/2026-10-06-plan-5-effects.md § Global Constraints	open	
S1169	thiamine	the time from clinical thiamine deficiency to fatal cardiac beriberi without treatment		direction only: S0244 and S0245 give the wet and fulminant presentations and a rapid deterioration, no time, and the time to clinical deficiency is open S0243; the plan ships death 72 game hours after 7 days at the clinical grade as game choices (Plan 5 ruling 13)	adults with untreated thiamine deficiency			docs/superpowers/plans/2026-10-06-plan-5-effects.md § Global Constraints	open	
S1170	niacin	the time from clinical niacin deficiency to death from pellagra without treatment		direction only: S0272 gives death as the fourth D of untreated pellagra, no time, and the status fraction at onset is open S1068; the plan ships death 336 game hours after 60 days at the clinical grade as game choices (Plan 5 ruling 13)	adults with untreated pellagra			docs/superpowers/plans/2026-10-06-plan-5-effects.md § Global Constraints	open	
S1171	sodium	the time from severe hyponatraemia to death without treatment		direction only: S1047 gives respiratory failure and death below 110 to 115 mmol/L, no time; the plan ships death 6 game hours after plasma sodium falls below 112 mmol/L as a game choice (Plan 5 ruling 13)	adults with severe hyponatraemia			docs/superpowers/plans/2026-10-06-plan-5-effects.md § Global Constraints	open	
S1172	water	the time from a 10 per cent body-water deficit to death		direction only: the life-threatening deficit is open S1101 and the time to death without water open S0103; the plan ships death 12 game hours after the deficit reaches 10 per cent as a game choice (Plan 5 ruling 13)	adults without water			docs/superpowers/plans/2026-10-06-plan-5-effects.md § Global Constraints	open	
S1173	iron	the time from a lethal acute iron dose to death without treatment		direction only: S1033 gives a severe or lethal one-time dose of 60 mg/kg and S0442 the acute ladder, no time, and the duration of the acute state is open S1059; the plan ships death 24 game hours into the acute window as a game choice (Plan 5 ruling 13)	adults after an acute iron overdose			docs/superpowers/plans/2026-10-06-plan-5-effects.md § Global Constraints	open	
S1174	general	how concurrent lethal deficiency states combine, and whether wound and health recovery stop while one is active		direction only: no settled row; the plan ships the largest of the active drains (not their sum) and zero health regeneration while a drain runs as game choices (Plan 5 ruling 13)	adults			docs/superpowers/plans/2026-10-06-plan-5-effects.md § Global Constraints	open	
S1175	general	the size of the recovery and sleep bonus for a fully replete diet (BalanceBonus)		direction only: no settled row; one of the two exceptions to adequacy never being a bonus, a dial default; the plan ships x1.05 as a game choice (Plan 5 ruling 11)	adults on a replete diet			docs/superpowers/plans/2026-10-06-plan-5-effects.md § Global Constraints	open	
S1176	general	the walking-speed reduction in severe dehydration, hypoglycaemia, high impairment and severe hyponatraemia, and its floor		direction only: S0897 gives the glucose bands and S1047 central nervous symptoms below 120 mmol/L, neither a gait speed; the plan ships 0.85 at 6 per cent dehydration, 0.92 and 0.85 in the two glucose bands, 0.90 at 2 impairment units, 0.85 in hyponatraemia and a floor of 0.75 as game choices, computed and unapplied until X47 reads (Plan 5 ruling 20)	adults			docs/superpowers/plans/2026-10-06-plan-5-effects.md § Global Constraints	open	
S1177	general	the per-tick endurance change above which the change is taken as an outside write rather than the engine's own drain or recovery		direction only: no settled row, a threshold of the engine mechanism and not a physiological quantity; the plan ships 0.1 per tick as a game choice (Plan 5 ruling 15)	not a physiological quantity			docs/superpowers/plans/2026-10-06-plan-5-effects.md § Global Constraints	open	
S1178	general	the step sizes at which the nutritional state is quantised before the effects are recomputed		direction only: no settled row, a property of the rebuild trigger and not a physiological quantity; the plan ships caffeine 50 mg, impairment 0.1 unit, sleep impairment 0.125 unit and exercise memory 7.5 minutes as game choices (Plan 5 ruling 2)	not a physiological quantity			docs/superpowers/plans/2026-10-06-plan-5-effects.md § Global Constraints	open	
S1179	starvation	the body-mass index that separates the marginal from the depleted protein-energy grade		direction only: S0115 gives body-mass index 16 and 18.5 and the 5- and 10-day starved criteria, no edge at 17; the plan ships 17 as a game choice (Plan 5 ruling 18)	adults			docs/superpowers/plans/2026-10-06-plan-5-effects.md § Global Constraints	open	
S1180	protein	the seven-day protein intakes below the RDA that mark the marginal, depleted and clinical protein grades		direction only: S0509 gives the RDA of 0.8 g/kg/d and no settled row grades intakes below it; the plan ships 0.6 and 0.4 g/kg/d as game choices (Plan 5 ruling 18)	adults			docs/superpowers/plans/2026-10-06-plan-5-effects.md § Global Constraints	open	
S1181	general	edible insect composition per 100 g dry matter, Coleoptera (beetles, grubs)	protein 40.69, fat 33.40, fibre 10.74, NFE 13.20, ash 5.07 g/100 g DM; energy 490.30 kcal/100 g DM	the per-order mean of the paper's compilation of 236 literature compositions, no spread in the reproduced table; read from Lee 2020 Table 4 and cross-checked against Verheyen 2021 Table 1 (doi:10.3390/ph14121273) and Abril 2022 Table 2 (doi:10.3389/fnut.2022.904812), the primary being paywalled	edible insect species of the order as compiled from the literature by Rumpold and Schlüter, mixed life stages, wild and farmed, dry matter	TXT	Rumpold BA, Schlüter OK 2013, Mol Nutr Food Res 57:802–823; doi:10.1002/mnfr.201200735; pmid:23471778; as reproduced in Lee HJ et al 2020, Asian-Australas J Anim Sci 33:1533–1543, Table 4; doi:10.5713/ajas.20.0419; pmid:32819080	docs/superpowers/plans/2026-10-06-plan-6-item-pass.md § Task 4a–4d: The curation waves — Opus implementers (parallel, disjoint parts), Opus reviewers	settled	
S1182	general	edible insect composition per 100 g dry matter, Lepidoptera (butterflies, moths)	protein 45.38, fat 27.66, fibre 6.60, NFE 18.76, ash 4.51 g/100 g DM; energy 508.89 kcal/100 g DM	the per-order mean of the paper's compilation of 236 literature compositions, no spread in the reproduced table; read from Lee 2020 Table 4 and cross-checked against Verheyen 2021 Table 1 (doi:10.3390/ph14121273) and Abril 2022 Table 2 (doi:10.3389/fnut.2022.904812), the primary being paywalled	edible insect species of the order as compiled from the literature by Rumpold and Schlüter, mixed life stages, wild and farmed, dry matter	TXT	Rumpold BA, Schlüter OK 2013, Mol Nutr Food Res 57:802–823; doi:10.1002/mnfr.201200735; pmid:23471778; as reproduced in Lee HJ et al 2020, Asian-Australas J Anim Sci 33:1533–1543, Table 4; doi:10.5713/ajas.20.0419; pmid:32819080	docs/superpowers/plans/2026-10-06-plan-6-item-pass.md § Task 4a–4d: The curation waves — Opus implementers (parallel, disjoint parts), Opus reviewers	settled	
S1183	general	edible insect composition per 100 g dry matter, Orthoptera (crickets, grasshoppers, locusts)	protein 61.32, fat 13.41, fibre 9.55, NFE 12.98, ash 3.85 g/100 g DM; energy 426.25 kcal/100 g DM	the per-order mean of the paper's compilation of 236 literature compositions, no spread in the reproduced table; read from Lee 2020 Table 4 and cross-checked against Verheyen 2021 Table 1 (doi:10.3390/ph14121273) and Abril 2022 Table 2 (doi:10.3389/fnut.2022.904812), the primary being paywalled	edible insect species of the order as compiled from the literature by Rumpold and Schlüter, mixed life stages, wild and farmed, dry matter	TXT	Rumpold BA, Schlüter OK 2013, Mol Nutr Food Res 57:802–823; doi:10.1002/mnfr.201200735; pmid:23471778; as reproduced in Lee HJ et al 2020, Asian-Australas J Anim Sci 33:1533–1543, Table 4; doi:10.5713/ajas.20.0419; pmid:32819080	docs/superpowers/plans/2026-10-06-plan-6-item-pass.md § Task 4a–4d: The curation waves — Opus implementers (parallel, disjoint parts), Opus reviewers	settled	
S1184	general	edible insect composition per 100 g dry matter, Hymenoptera (ants, bees)	protein 46.47, fat 25.09, fibre 5.71, NFE 20.25, ash 3.51 g/100 g DM; energy 484.45 kcal/100 g DM	the per-order mean of the paper's compilation of 236 literature compositions, no spread in the reproduced table; read from Lee 2020 Table 4 and cross-checked against Verheyen 2021 Table 1 (doi:10.3390/ph14121273) and Abril 2022 Table 2 (doi:10.3389/fnut.2022.904812), the primary being paywalled	edible insect species of the order as compiled from the literature by Rumpold and Schlüter, mixed life stages, wild and farmed, dry matter	TXT	Rumpold BA, Schlüter OK 2013, Mol Nutr Food Res 57:802–823; doi:10.1002/mnfr.201200735; pmid:23471778; as reproduced in Lee HJ et al 2020, Asian-Australas J Anim Sci 33:1533–1543, Table 4; doi:10.5713/ajas.20.0419; pmid:32819080	docs/superpowers/plans/2026-10-06-plan-6-item-pass.md § Task 4a–4d: The curation waves — Opus implementers (parallel, disjoint parts), Opus reviewers	settled	
S1185	general	edible insect composition per 100 g dry matter, Blattodea (cockroaches)	protein 57.30, fat 29.90, fibre 5.31, NFE 4.53, ash 2.94 g/100 g DM; energy not reported	the per-order mean of the paper's compilation of 236 literature compositions, no spread in the reproduced table; read from Lee 2020 Table 4 and cross-checked against Verheyen 2021 Table 1 (doi:10.3390/ph14121273) and Abril 2022 Table 2 (doi:10.3389/fnut.2022.904812), the primary being paywalled; energy not reported in the reproduced table (Abril 2022 omits the order)	edible insect species of the order as compiled from the literature by Rumpold and Schlüter, mixed life stages, wild and farmed, dry matter	TXT	Rumpold BA, Schlüter OK 2013, Mol Nutr Food Res 57:802–823; doi:10.1002/mnfr.201200735; pmid:23471778; as reproduced in Lee HJ et al 2020, Asian-Australas J Anim Sci 33:1533–1543, Table 4; doi:10.5713/ajas.20.0419; pmid:32819080	docs/superpowers/plans/2026-10-06-plan-6-item-pass.md § Task 4a–4d: The curation waves — Opus implementers (parallel, disjoint parts), Opus reviewers	settled	
S1186	general	edible insect composition per 100 g dry matter, Isoptera (termites)	protein 35.34, fat 32.74, fibre 5.06, NFE 22.84, ash 5.88 g/100 g DM; energy not reported	the per-order mean of the paper's compilation of 236 literature compositions, no spread in the reproduced table; read from Lee 2020 Table 4 and cross-checked against Verheyen 2021 Table 1 (doi:10.3390/ph14121273) and Abril 2022 Table 2 (doi:10.3389/fnut.2022.904812), the primary being paywalled; energy not reported by Lee 2020 or Verheyen 2021, Abril 2022 repeats the Lepidoptera 508.89, read as a transcription error	edible insect species of the order as compiled from the literature by Rumpold and Schlüter, mixed life stages, wild and farmed, dry matter	TXT	Rumpold BA, Schlüter OK 2013, Mol Nutr Food Res 57:802–823; doi:10.1002/mnfr.201200735; pmid:23471778; as reproduced in Lee HJ et al 2020, Asian-Australas J Anim Sci 33:1533–1543, Table 4; doi:10.5713/ajas.20.0419; pmid:32819080	docs/superpowers/plans/2026-10-06-plan-6-item-pass.md § Task 4a–4d: The curation waves — Opus implementers (parallel, disjoint parts), Opus reviewers	settled	
S1187	general	edible insect composition per 100 g dry matter, Diptera (flies)	protein 49.48, fat 22.75, fibre 13.56, NFE 6.01, ash 10.31 g/100 g DM; energy 409.78 kcal/100 g DM	the per-order mean of the paper's compilation of 236 literature compositions, no spread in the reproduced table; read from Lee 2020 Table 4 and cross-checked against Verheyen 2021 Table 1 (doi:10.3390/ph14121273) and Abril 2022 Table 2 (doi:10.3389/fnut.2022.904812), the primary being paywalled	edible insect species of the order as compiled from the literature by Rumpold and Schlüter, mixed life stages, wild and farmed, dry matter	TXT	Rumpold BA, Schlüter OK 2013, Mol Nutr Food Res 57:802–823; doi:10.1002/mnfr.201200735; pmid:23471778; as reproduced in Lee HJ et al 2020, Asian-Australas J Anim Sci 33:1533–1543, Table 4; doi:10.5713/ajas.20.0419; pmid:32819080	docs/superpowers/plans/2026-10-06-plan-6-item-pass.md § Task 4a–4d: The curation waves — Opus implementers (parallel, disjoint parts), Opus reviewers	settled	
S1188		the dry-matter fraction of whole fresh edible insects, converting a per-order dry-matter composition to fresh weight		direction only: the reproduced Rumpold table gives no moisture; Finke 2013 (doi:10.1002/zoo.21012) reports moisture 60.2–74.8 % in four feeder species, Oonincx and Dierenfeld 2012 (doi:10.1002/zoo.20382) dry matter 20.82–49.22 % in seven insect species, and Payne 2016 (doi:10.1038/ejcn.2015.149) adult cricket 20.1 g protein and 153 kcal per 100 g edible portion (against the Orthoptera 61.32 % and 426.25 kcal per 100 g DM, about 0.33 to 0.36); the plan ships 0.30 (70 % moisture) as a game choice (ruling T4-4)	whole edible insects, fresh			docs/superpowers/plans/2026-10-06-plan-6-item-pass.md § Task 4a–4d: The curation waves — Opus implementers (parallel, disjoint parts), Opus reviewers	open	
S1189	general	earthworm composition per 100 g dry matter and fresh moisture, Eisenia andrei	protein 53.75, fat 19.30, ash 3.69, carbohydrate by difference 23.26 g/100 g DM; energy 2023.2 kJ/100 g DM; moisture of the fresh worm 83.68 %; energy 483.56 kcal/100 g DM, computed ÷ 4.184 from the 2023.2 kJ	one farmed batch analysed (proximate values given without spread); carbohydrate by difference includes fibre	farmed Eisenia andrei fed vegetable scraps, New Zealand, freeze-dried powder	COH	Kavle RR et al 2023, Foods 12:1948; doi:10.3390/foods12101948; pmid:37238766	docs/superpowers/plans/2026-10-06-plan-6-item-pass.md § Task 4a–4d: The curation waves — Opus implementers (parallel, disjoint parts), Opus reviewers	settled	
S1190	general	woodlouse composition per 100 g dry matter, Porcellio scaber	dry matter 32.18 %; crude protein 41.20, crude fat 11.50, NDF 14.02, ADF 5.04, ash 32.69 g/100 g DM; energy not reported	one pooled sample (n = 1); the authors cite 40–80 % DM protein for other woodlice (Pokarzhevskii 2003)	captive-reared adult Porcellio scaber, St. Louis Zoo, on mulch, leaf litter and vegetables	COH	Oonincx DG, Dierenfeld ES 2012, Zoo Biol 31:40–54; doi:10.1002/zoo.20382; pmid:21442652	docs/superpowers/plans/2026-10-06-plan-6-item-pass.md § Task 4a–4d: The curation waves — Opus implementers (parallel, disjoint parts), Opus reviewers	settled	
S1191	general	centipede composition per 100 g of the dried product, Scolopendra subspinipes mutilans	moisture 4.5–10.0, crude protein 54.9–55.8, crude fat 26.8–30.6, ash 3.2–3.3, crude fibre 4.2–4.4, carbohydrate by difference 4.7–5.8 g/100 g as is; energy not reported; the three-region mean of as-is ÷ (1 − moisture), computed: 59.99/30.90/4.65/5.62/3.50 g/100 g DM (crude protein/crude fat/crude fibre/carbohydrate by difference/ash)	three regional samples (Sancheong, Yeonggwang, Jeju), per-region values in Table 1, no within-region spread	dried traditional-medicine centipedes collected in three regions of South Korea	COH	Kim SY et al 2017, J Life Sci 27:1308–1314; doi:10.5352/JLS.2017.27.11.1308	docs/superpowers/plans/2026-10-06-plan-6-item-pass.md § Task 4a–4d: The curation waves — Opus implementers (parallel, disjoint parts), Opus reviewers	settled	
S1192	general	millipede composition per 100 g dry matter, species unnamed	crude protein 24.85, crude fat 5.20, crude fibre 4.88, ash 2.23 g/100 g DM; energy 397.56 kcal (basis not stated)	abstract only, the full text not available; one sample, no spread; the implied nitrogen-free extract near 63 % DM is implausible for an arthropod	millipedes from Nigeria (species not named in the abstract)	COH	Abulude FO, Folorunso RO 2003, Global J Agric Sci 2:68–71; doi:10.4314/gjass.v2i2.2207	docs/superpowers/plans/2026-10-06-plan-6-item-pass.md § Task 4a–4d: The curation waves — Opus implementers (parallel, disjoint parts), Opus reviewers	unverified	
S1193	phytate	phytic acid content of whole wheat grain	390–1350 mg/100 g dry weight (midpoint 870 mg/100 g)	the compiled range of the review's table row, no central value given (the side table ships the midpoint); read from Lesjak 2019 Table 3, whose column is headed g phytate/100 g food without a basis and read as dry weight because its oat 0.42–1.16 and rye 0.54–1.46 rows equal the dry-weight rows of the Gupta 2015 copy (doi:10.1007/s13197-013-0978-y, Table 1); the primary is paywalled and was not read, and the copy does not reproduce the original reference the row cites; the copy labels the row wheat seed	mature whole wheat grain, unprocessed, cultivars and origins as compiled in the review	TXT	Schlemmer U, Frølich W, Prieto RM, Grases F 2009, Mol Nutr Food Res 53:S330–S375; doi:10.1002/mnfr.200900099; pmid:19774556; as reproduced in Lesjak M, Srai SKS 2019, Pharmaceuticals 12:119, Table 3; doi:10.3390/ph12030119; pmid:31398897	docs/superpowers/plans/2026-10-06-plan-6-item-pass.md § Task 4a–4d: The curation waves — Opus implementers (parallel, disjoint parts), Opus reviewers	settled	
S1194	phytate	phytic acid content of rice grain	60–1080 mg/100 g dry weight (midpoint 570 mg/100 g)	the compiled range of the review's table row, no central value given (the side table ships the midpoint); read from Lesjak 2019 Table 3, whose column is headed g phytate/100 g food without a basis and read as dry weight because its oat 0.42–1.16 and rye 0.54–1.46 rows equal the dry-weight rows of the Gupta 2015 copy (doi:10.1007/s13197-013-0978-y, Table 1); the primary is paywalled and was not read, and the copy does not reproduce the original reference the row cites; the row does not distinguish brown from white or polished rice, so the low end is the milled grain's and the midpoint overstates white rice	rice grain, milling degree not stated, as compiled in the review	TXT	Schlemmer U, Frølich W, Prieto RM, Grases F 2009, Mol Nutr Food Res 53:S330–S375; doi:10.1002/mnfr.200900099; pmid:19774556; as reproduced in Lesjak M, Srai SKS 2019, Pharmaceuticals 12:119, Table 3; doi:10.3390/ph12030119; pmid:31398897	docs/superpowers/plans/2026-10-06-plan-6-item-pass.md § Task 4a–4d: The curation waves — Opus implementers (parallel, disjoint parts), Opus reviewers	settled	
S1195	phytate	phytic acid content of maize grain	720–2220 mg/100 g dry weight (midpoint 1470 mg/100 g)	the compiled range of the review's table row, no central value given (the side table ships the midpoint); read from Lesjak 2019 Table 3, whose column is headed g phytate/100 g food without a basis and read as dry weight because its oat 0.42–1.16 and rye 0.54–1.46 rows equal the dry-weight rows of the Gupta 2015 copy (doi:10.1007/s13197-013-0978-y, Table 1); the primary is paywalled and was not read, and the copy does not reproduce the original reference the row cites; the copy labels the row corn	mature maize grain, unprocessed, as compiled in the review (not immature sweet corn)	TXT	Schlemmer U, Frølich W, Prieto RM, Grases F 2009, Mol Nutr Food Res 53:S330–S375; doi:10.1002/mnfr.200900099; pmid:19774556; as reproduced in Lesjak M, Srai SKS 2019, Pharmaceuticals 12:119, Table 3; doi:10.3390/ph12030119; pmid:31398897	docs/superpowers/plans/2026-10-06-plan-6-item-pass.md § Task 4a–4d: The curation waves — Opus implementers (parallel, disjoint parts), Opus reviewers	settled	
S1196		phytic acid content of refined wheat products (white flour, white bread, pasta), white rice as distinct from brown, potato and ready-to-eat breakfast cereal		direction only: neither copy of Schlemmer 2009 Table 1 read (Gupta 2015 Table 1, Lesjak 2019 Table 3) carries these rows and the primary is paywalled; the whole-grain rows S1193–S1195 are upper bounds for the refined products, milling removing the bran and germ where the phytate sits; answered since by S1197–S1208, the PhyFoodComp database medians for white flour, potato, rolled oats and the other refined products	refined cereal products and potato as eaten			docs/superpowers/plans/2026-10-06-plan-6-item-pass.md § Task 4a–4d: The curation waves — Opus implementers (parallel, disjoint parts), Opus reviewers	open	
S1197	phytate	phytic acid content of white (refined) wheat flour	214.32 mg/100 g edible portion, fresh weight (median of 9 entries)	entries <LOD and 123–320 mg/100 g; the median entry 01030204; the median of the database entries named in the citation, read from the workbook itself (every value per 100 g edible portion on a fresh-weight basis, the paper's stated convention); per entry the total phytic acid column where present, else IP6; a below-LOD entry ranked lowest; methods mixed across entries (precipitation, anion exchange, HPLC IP6); the selection rule is the reader's, not the database's	white or all-purpose wheat flour as sold, several countries	TXT	FAO/IZiNCG 2018, FAO/INFOODS/IZiNCG Global Food Composition Database for Phytate version 1.0 (PhyFoodComp 1.0), Rome, workbook PhyFoodComp_1.0.xlsx, sheet 01, food item IDs 01030201, 01030202, 01030203, 01030204, 01030205, 01030206, 01030207, 01030208, 01030184; described in Dahdouh S, Grande F, Nájera Espinosa S, Vincent A, Gibson R, Bailey K, King J, Rittenschober D, Charrondière UR 2019, J Food Compos Anal 78:42–48; doi:10.1016/j.jfca.2019.01.023; pmid:31057213	docs/superpowers/plans/2026-10-06-plan-6-item-pass.md § Task 4a–4d: The curation waves — Opus implementers (parallel, disjoint parts), Opus reviewers	settled	
S1198	phytate	phytic acid content of whole-grain wheat flour	814 mg/100 g edible portion, fresh weight (median of 9 entries)	entries 537–1176 mg/100 g; the median entry 01030213; the median of the database entries named in the citation, read from the workbook itself (every value per 100 g edible portion on a fresh-weight basis, the paper's stated convention); per entry the total phytic acid column where present, else IP6; a below-LOD entry ranked lowest; methods mixed across entries (precipitation, anion exchange, HPLC IP6); the selection rule is the reader's, not the database's	whole-grain or wholemeal wheat flour as sold, several countries	TXT	FAO/IZiNCG 2018, FAO/INFOODS/IZiNCG Global Food Composition Database for Phytate version 1.0 (PhyFoodComp 1.0), Rome, workbook PhyFoodComp_1.0.xlsx, sheet 01, food item IDs 01030209, 01030210, 01030211, 01030212, 01030213, 01030214, 01030215, 01030216, 01030217; described in Dahdouh S, Grande F, Nájera Espinosa S, Vincent A, Gibson R, Bailey K, King J, Rittenschober D, Charrondière UR 2019, J Food Compos Anal 78:42–48; doi:10.1016/j.jfca.2019.01.023; pmid:31057213	docs/superpowers/plans/2026-10-06-plan-6-item-pass.md § Task 4a–4d: The curation waves — Opus implementers (parallel, disjoint parts), Opus reviewers	settled	
S1199	phytate	phytic acid content of white wheat bread	20 mg/100 g edible portion, fresh weight (median of 9 entries)	entries <LOD (2) and 0–277 mg/100 g; the median entry 01030055; the high-fibre and unleavened entries excluded; the median of the database entries named in the citation, read from the workbook itself (every value per 100 g edible portion on a fresh-weight basis, the paper's stated convention); per entry the total phytic acid column where present, else IP6; a below-LOD entry ranked lowest; methods mixed across entries (precipitation, anion exchange, HPLC IP6); the selection rule is the reader's, not the database's	leavened baked white wheat bread, several countries	TXT	FAO/IZiNCG 2018, FAO/INFOODS/IZiNCG Global Food Composition Database for Phytate version 1.0 (PhyFoodComp 1.0), Rome, workbook PhyFoodComp_1.0.xlsx, sheet 01, food item IDs 01030050, 01030051, 01030052, 01030053, 01030054, 01030055, 01030056, 01030058, 01030059; described in Dahdouh S, Grande F, Nájera Espinosa S, Vincent A, Gibson R, Bailey K, King J, Rittenschober D, Charrondière UR 2019, J Food Compos Anal 78:42–48; doi:10.1016/j.jfca.2019.01.023; pmid:31057213	docs/superpowers/plans/2026-10-06-plan-6-item-pass.md § Task 4a–4d: The curation waves — Opus implementers (parallel, disjoint parts), Opus reviewers	settled	
S1200	phytate	phytic acid content of wholemeal wheat bread	176 mg/100 g edible portion, fresh weight (median of 7 entries)	entries 57.05–403 mg/100 g; the median entry 01030069; the phytase- or bifidobacteria-treated, unleavened, steamed and toasted entries excluded; the median of the database entries named in the citation, read from the workbook itself (every value per 100 g edible portion on a fresh-weight basis, the paper's stated convention); per entry the total phytic acid column where present, else IP6; a below-LOD entry ranked lowest; methods mixed across entries (precipitation, anion exchange, HPLC IP6); the selection rule is the reader's, not the database's	leavened baked whole-wheat bread, several countries	TXT	FAO/IZiNCG 2018, FAO/INFOODS/IZiNCG Global Food Composition Database for Phytate version 1.0 (PhyFoodComp 1.0), Rome, workbook PhyFoodComp_1.0.xlsx, sheet 01, food item IDs 01030064, 01030065, 01030066, 01030067, 01030068, 01030069, 01030070; described in Dahdouh S, Grande F, Nájera Espinosa S, Vincent A, Gibson R, Bailey K, King J, Rittenschober D, Charrondière UR 2019, J Food Compos Anal 78:42–48; doi:10.1016/j.jfca.2019.01.023; pmid:31057213	docs/superpowers/plans/2026-10-06-plan-6-item-pass.md § Task 4a–4d: The curation waves — Opus implementers (parallel, disjoint parts), Opus reviewers	settled	
S1201	phytate	phytic acid content of dry refined wheat pasta	244.2 mg/100 g edible portion, fresh weight (median of 5 entries)	entries <LOD and 153.54–389.4 mg/100 g; the median entry 01030124; the dark, flavoured and mixed-flour pastas excluded; the median of the database entries named in the citation, read from the workbook itself (every value per 100 g edible portion on a fresh-weight basis, the paper's stated convention); per entry the total phytic acid column where present, else IP6; a below-LOD entry ranked lowest; methods mixed across entries (precipitation, anion exchange, HPLC IP6); the selection rule is the reader's, not the database's	plain refined wheat pasta, uncooked, as sold	TXT	FAO/IZiNCG 2018, FAO/INFOODS/IZiNCG Global Food Composition Database for Phytate version 1.0 (PhyFoodComp 1.0), Rome, workbook PhyFoodComp_1.0.xlsx, sheet 01, food item IDs 01030113, 01030114, 01030123, 01030124, 01030132; described in Dahdouh S, Grande F, Nájera Espinosa S, Vincent A, Gibson R, Bailey K, King J, Rittenschober D, Charrondière UR 2019, J Food Compos Anal 78:42–48; doi:10.1016/j.jfca.2019.01.023; pmid:31057213	docs/superpowers/plans/2026-10-06-plan-6-item-pass.md § Task 4a–4d: The curation waves — Opus implementers (parallel, disjoint parts), Opus reviewers	settled	
S1202	phytate	phytic acid content of raw potato	50.51 mg/100 g edible portion, fresh weight (median of 26 entries)	entries 6.94–373.3 mg/100 g, the South African unknown-method entries 38.7–373.3 against the US IP6 entries 21–73; the median the mean of 50.02 (02010030) and 51 (02010023); the median of the database entries named in the citation, read from the workbook itself (every value per 100 g edible portion on a fresh-weight basis, the paper's stated convention); per entry the total phytic acid column where present, else IP6; a below-LOD entry ranked lowest; methods mixed across entries (precipitation, anion exchange, HPLC IP6); the selection rule is the reader's, not the database's	raw potato, peeled or unpeeled, all cultivars compiled	TXT	FAO/IZiNCG 2018, FAO/INFOODS/IZiNCG Global Food Composition Database for Phytate version 1.0 (PhyFoodComp 1.0), Rome, workbook PhyFoodComp_1.0.xlsx, sheet 02, food item IDs 02010020, 02010002, 02010003, 02010004, 02010005, 02010006, 02010007, 02010010, 02010013, 02010015, 02010016, 02010018, 02010019, 02010021, 02010022, 02010023, 02010025, 02010026, 02010027, 02010028, 02010029, 02010030, 02010031, 02010032, 02010034, 02010035; described in Dahdouh S, Grande F, Nájera Espinosa S, Vincent A, Gibson R, Bailey K, King J, Rittenschober D, Charrondière UR 2019, J Food Compos Anal 78:42–48; doi:10.1016/j.jfca.2019.01.023; pmid:31057213	docs/superpowers/plans/2026-10-06-plan-6-item-pass.md § Task 4a–4d: The curation waves — Opus implementers (parallel, disjoint parts), Opus reviewers	settled	
S1203	phytate	phytic acid content of boiled potato	19.866 mg/100 g edible portion, fresh weight (median of 3 entries)	entries 4.82–47.61 mg/100 g; the median entry 02010014; the freeze-dried chuño entry excluded; the median of the database entries named in the citation, read from the workbook itself (every value per 100 g edible portion on a fresh-weight basis, the paper's stated convention); per entry the total phytic acid column where present, else IP6; a below-LOD entry ranked lowest; methods mixed across entries (precipitation, anion exchange, HPLC IP6); the selection rule is the reader's, not the database's	water-boiled potato, Bolivia and South Africa	TXT	FAO/IZiNCG 2018, FAO/INFOODS/IZiNCG Global Food Composition Database for Phytate version 1.0 (PhyFoodComp 1.0), Rome, workbook PhyFoodComp_1.0.xlsx, sheet 02, food item IDs 02010014, 02010024, 02010033; described in Dahdouh S, Grande F, Nájera Espinosa S, Vincent A, Gibson R, Bailey K, King J, Rittenschober D, Charrondière UR 2019, J Food Compos Anal 78:42–48; doi:10.1016/j.jfca.2019.01.023; pmid:31057213	docs/superpowers/plans/2026-10-06-plan-6-item-pass.md § Task 4a–4d: The curation waves — Opus implementers (parallel, disjoint parts), Opus reviewers	settled	
S1204	phytate	phytic acid content of Shredded Wheat breakfast cereal	1103 mg/100 g edible portion, fresh weight (one entry, IP6)	a single entry, no range and no n; the median of the database entries named in the citation, read from the workbook itself (every value per 100 g edible portion on a fresh-weight basis, the paper's stated convention); per entry the total phytic acid column where present, else IP6; a below-LOD entry ranked lowest; methods mixed across entries (precipitation, anion exchange, HPLC IP6); the selection rule is the reader's, not the database's	Nabisco Shredded Wheat, USA	TXT	FAO/IZiNCG 2018, FAO/INFOODS/IZiNCG Global Food Composition Database for Phytate version 1.0 (PhyFoodComp 1.0), Rome, workbook PhyFoodComp_1.0.xlsx, sheet 01, food item IDs 01030086; described in Dahdouh S, Grande F, Nájera Espinosa S, Vincent A, Gibson R, Bailey K, King J, Rittenschober D, Charrondière UR 2019, J Food Compos Anal 78:42–48; doi:10.1016/j.jfca.2019.01.023; pmid:31057213	docs/superpowers/plans/2026-10-06-plan-6-item-pass.md § Task 4a–4d: The curation waves — Opus implementers (parallel, disjoint parts), Opus reviewers	settled	
S1205	phytate	phytic acid content of raw white (milled) rice	185.06 mg/100 g edible portion, fresh weight (median of 16 entries)	entries <LOD and 12.95–461.68 mg/100 g; the median the mean of 183.12 (01010341) and 187 (01010313); breeding-line, GM and fertilisation-trial entries excluded; 01010292 and 01010297 identical, both counted; the median of the database entries named in the citation, read from the workbook itself (every value per 100 g edible portion on a fresh-weight basis, the paper's stated convention); per entry the total phytic acid column where present, else IP6; a below-LOD entry ranked lowest; methods mixed across entries (precipitation, anion exchange, HPLC IP6); the selection rule is the reader's, not the database's	milled, polished or white rice, raw, several countries	TXT	FAO/IZiNCG 2018, FAO/INFOODS/IZiNCG Global Food Composition Database for Phytate version 1.0 (PhyFoodComp 1.0), Rome, workbook PhyFoodComp_1.0.xlsx, sheet 01, food item IDs 01010292, 01010293, 01010294, 01010295, 01010296, 01010297, 01010298, 01010299, 01010313, 01010314, 01010337, 01010338, 01010340, 01010341, 01010342, 01010343; described in Dahdouh S, Grande F, Nájera Espinosa S, Vincent A, Gibson R, Bailey K, King J, Rittenschober D, Charrondière UR 2019, J Food Compos Anal 78:42–48; doi:10.1016/j.jfca.2019.01.023; pmid:31057213	docs/superpowers/plans/2026-10-06-plan-6-item-pass.md § Task 4a–4d: The curation waves — Opus implementers (parallel, disjoint parts), Opus reviewers	settled	
S1206	phytate	phytic acid content of cooked white rice	38.644 mg/100 g edible portion, fresh weight (median of 8 entries)	entries 23.94–71.736 mg/100 g; the median the mean of 29.718 (01010300) and 47.57 (01010335); the median of the database entries named in the citation, read from the workbook itself (every value per 100 g edible portion on a fresh-weight basis, the paper's stated convention); per entry the total phytic acid column where present, else IP6; a below-LOD entry ranked lowest; methods mixed across entries (precipitation, anion exchange, HPLC IP6); the selection rule is the reader's, not the database's	white rice boiled, cooked or steamed without other ingredients, Iran, Gambia and Bolivia	TXT	FAO/IZiNCG 2018, FAO/INFOODS/IZiNCG Global Food Composition Database for Phytate version 1.0 (PhyFoodComp 1.0), Rome, workbook PhyFoodComp_1.0.xlsx, sheet 01, food item IDs 01010090, 01010290, 01010291, 01010300, 01010301, 01010302, 01010303, 01010335; described in Dahdouh S, Grande F, Nájera Espinosa S, Vincent A, Gibson R, Bailey K, King J, Rittenschober D, Charrondière UR 2019, J Food Compos Anal 78:42–48; doi:10.1016/j.jfca.2019.01.023; pmid:31057213	docs/superpowers/plans/2026-10-06-plan-6-item-pass.md § Task 4a–4d: The curation waves — Opus implementers (parallel, disjoint parts), Opus reviewers	settled	
S1207	phytate	phytic acid content of raw brown rice	731.635 mg/100 g edible portion, fresh weight (median of 6 entries)	entries 23.79–1548.75 mg/100 g; the median the mean of 721.27 (01010095) and 742 (01010097); germinated excluded; the median of the database entries named in the citation, read from the workbook itself (every value per 100 g edible portion on a fresh-weight basis, the paper's stated convention); per entry the total phytic acid column where present, else IP6; a below-LOD entry ranked lowest; methods mixed across entries (precipitation, anion exchange, HPLC IP6); the selection rule is the reader's, not the database's	brown or unpolished rice, raw or dried, several countries	TXT	FAO/IZiNCG 2018, FAO/INFOODS/IZiNCG Global Food Composition Database for Phytate version 1.0 (PhyFoodComp 1.0), Rome, workbook PhyFoodComp_1.0.xlsx, sheet 01, food item IDs 01010092, 01010094, 01010095, 01010096, 01010097, 01010334; described in Dahdouh S, Grande F, Nájera Espinosa S, Vincent A, Gibson R, Bailey K, King J, Rittenschober D, Charrondière UR 2019, J Food Compos Anal 78:42–48; doi:10.1016/j.jfca.2019.01.023; pmid:31057213	docs/superpowers/plans/2026-10-06-plan-6-item-pass.md § Task 4a–4d: The curation waves — Opus implementers (parallel, disjoint parts), Opus reviewers	settled	
S1208	phytate	phytic acid content of rolled oats	909.3 mg/100 g edible portion, fresh weight (mean of 2 entries)	entries 871 (01060188) and 947.6 (01060193); the median of the database entries named in the citation, read from the workbook itself (every value per 100 g edible portion on a fresh-weight basis, the paper's stated convention); per entry the total phytic acid column where present, else IP6; a below-LOD entry ranked lowest; methods mixed across entries (precipitation, anion exchange, HPLC IP6); the selection rule is the reader's, not the database's	rolled oats or oat flakes as sold, China and New Zealand	TXT	FAO/IZiNCG 2018, FAO/INFOODS/IZiNCG Global Food Composition Database for Phytate version 1.0 (PhyFoodComp 1.0), Rome, workbook PhyFoodComp_1.0.xlsx, sheet 01, food item IDs 01060188, 01060193; described in Dahdouh S, Grande F, Nájera Espinosa S, Vincent A, Gibson R, Bailey K, King J, Rittenschober D, Charrondière UR 2019, J Food Compos Anal 78:42–48; doi:10.1016/j.jfca.2019.01.023; pmid:31057213	docs/superpowers/plans/2026-10-06-plan-6-item-pass.md § Task 4a–4d: The curation waves — Opus implementers (parallel, disjoint parts), Opus reviewers	settled	
S1209	energy	Atwater general energy factors for protein, fat and carbohydrate	protein 4.0 kcal/g (17 kJ/g), fat 9.0 kcal/g (37 kJ/g), carbohydrate 4.0 kcal/g (17 kJ/g)	the general factors of the Atwater system as the report states them in section 3.5.1; the report also gives available carbohydrate as monosaccharide equivalents at 3.75 kcal/g (16 kJ/g), which the pass does not use	food energy of mixed human diets by the general system	AUTH	FAO 2003, Food energy - methods of analysis and conversion factors, FAO Food and Nutrition Paper 77, Rome; url:https://www.fao.org/4/y5022e/y5022e00.htm	docs/superpowers/plans/2026-10-06-plan-6-item-pass.md § Task 13: The documentation delta	settled	
S1210	energy	energy factor for dietary fibre	2.0 kcal/g (8 kJ/g)	the report's recommended factor in section 3.5.2, assuming about 70 percent of the fibre of conventional foods is fermentable	dietary fibre in conventional foods	AUTH	FAO 2003, Food energy - methods of analysis and conversion factors, FAO Food and Nutrition Paper 77, Rome; url:https://www.fao.org/4/y5022e/y5022e00.htm	docs/superpowers/plans/2026-10-06-plan-6-item-pass.md § Task 13: The documentation delta	settled	
S1211	alcohol	energy factor for ethanol	7.0 kcal/g (29 kJ/g), unrounded 6.9 kcal/g	the rounded general-system value of section 3.5.1; the unrounded 6.9 is the report's own alternative	ethanol in beverages and foods	AUTH	FAO 2003, Food energy - methods of analysis and conversion factors, FAO Food and Nutrition Paper 77, Rome; url:https://www.fao.org/4/y5022e/y5022e00.htm	docs/superpowers/plans/2026-10-06-plan-6-item-pass.md § Task 13: The documentation delta	settled	
S1212	general	effect of canning and freezing on water-soluble and oxygen-labile nutrients (qualitative)	the initial thermal treatment of a canned product loses water-soluble and oxygen-labile nutrients such as vitamin C and the B vitamins, which are then relatively stable in canned storage for lack of oxygen; frozen products lose fewer nutrients at blanching and more in storage by oxidation	qualitative: the abstract gives no coefficient; read from the abstract through Europe PMC, the full text not read; moisture changes can misrepresent nutrient change unless data are on a dry-weight basis	fruits and vegetables, fresh, frozen and canned, in a review of the recent and classical literature	TXT	Rickman JC, Barrett DM, Bruhn CM 2007, J Sci Food Agric 87:930-944; doi:10.1002/jsfa.2825	docs/superpowers/plans/2026-10-06-plan-6-item-pass.md § Task 13: The documentation delta	settled	
S1213	general	USDA nutrient retention factors for cooking, the table the pass cites a code from	Release 6 (2007) of the table, one row per retention code and nutrient, the factor a percent of the raw amount retained after cooking; the pipeline cites 51 codes and 24 rows of the file are defective and are skipped	the 24 defective rows are pinned in the extract's counts (defective_retention_rows); the table is a compilation of published and USDA studies by food and cooking method	cooked foods by USDA retention code, United States	AUTH	USDA Agricultural Research Service, Nutrient Data Laboratory 2007, USDA Table of Nutrient Retention Factors, Release 6; url:https://ndownloader.figshare.com/files/44488754	docs/superpowers/plans/2026-10-06-plan-6-item-pass.md § Task 13: The documentation delta	settled	
S1214	iodine	iodine content of foods per 100 g, the table the pass cites a row from for iodine	Release 4.0 (2024-10) of the USDA, FDA and NIH ODS database, per 100 g of food; the pipeline cites 47 rows from it	a compilation of analysed values by food and brand class; the pass reads only the per-100 g page and takes the value as eaten	foods of the United States food supply	AUTH	USDA, FDA and NIH Office of Dietary Supplements 2024, Iodine Database Release 4.0, per 100 g table; url:https://www.ars.usda.gov/ARSUserFiles/80400535/Data/Iodine/IODINE_DATABASE_RELEASE_4_PER_100G.pdf	docs/superpowers/plans/2026-10-06-plan-6-item-pass.md § Task 13: The documentation delta	settled	
S1215	phytate	phytic acid content of chickpea seed	940 mg/100 g dry weight (midpoint of the compiled range)	the table row's compiled range 0.28-1.6 g/100 g dry weight, no central value given (the side table ships the midpoint); the row cites Ravindran et al 1994; read as reproduced in Gupta 2015 Table 1, the primary being paywalled and not read; the mapping converts to the as-eaten basis with the FDC entry's water	mature dry seed, cultivars and origins as compiled in the review	TXT	Schlemmer U, Frolich W, Prieto RM, Grases F 2009, Mol Nutr Food Res 53:S330-S375; doi:10.1002/mnfr.200900099; pmid:19774556; as reproduced in Gupta RK, Gangoliya SS, Singh NK 2015, J Food Sci Technol 52:676-684, Table 1; doi:10.1007/s13197-013-0978-y; pmid:25694676	docs/superpowers/plans/2026-10-06-plan-6-item-pass.md § Task 13: The documentation delta	settled	
S1216	phytate	phytic acid content of kidney bean seed	1495 mg/100 g dry weight (midpoint of the compiled range)	the table row's compiled range 0.61-2.38 g/100 g dry weight, no central value given (the side table ships the midpoint); the row cites Lehrfeld 1994; read as reproduced in Gupta 2015 Table 1, the primary being paywalled and not read; the mapping converts to the as-eaten basis with the FDC entry's water	mature dry seed, cultivars and origins as compiled in the review	TXT	Schlemmer U, Frolich W, Prieto RM, Grases F 2009, Mol Nutr Food Res 53:S330-S375; doi:10.1002/mnfr.200900099; pmid:19774556; as reproduced in Gupta RK, Gangoliya SS, Singh NK 2015, J Food Sci Technol 52:676-684, Table 1; doi:10.1007/s13197-013-0978-y; pmid:25694676	docs/superpowers/plans/2026-10-06-plan-6-item-pass.md § Task 13: The documentation delta	settled	
S1217	phytate	phytic acid content of lentil seed	890 mg/100 g dry weight (midpoint of the compiled range)	the table row's compiled range 0.27-1.51 g/100 g dry weight, no central value given (the side table ships the midpoint); the row cites Ravindran et al 1994; read as reproduced in Gupta 2015 Table 1, the primary being paywalled and not read; the mapping converts to the as-eaten basis with the FDC entry's water	mature dry seed, cultivars and origins as compiled in the review	TXT	Schlemmer U, Frolich W, Prieto RM, Grases F 2009, Mol Nutr Food Res 53:S330-S375; doi:10.1002/mnfr.200900099; pmid:19774556; as reproduced in Gupta RK, Gangoliya SS, Singh NK 2015, J Food Sci Technol 52:676-684, Table 1; doi:10.1007/s13197-013-0978-y; pmid:25694676	docs/superpowers/plans/2026-10-06-plan-6-item-pass.md § Task 13: The documentation delta	settled	
S1218	phytate	phytic acid content of peanut seed	2320 mg/100 g dry weight (midpoint of the compiled range)	the table row's compiled range 0.17-4.47 g/100 g dry weight, no central value given (the side table ships the midpoint); the row cites Venktachalam and Sathe 2006; read as reproduced in Gupta 2015 Table 1, the primary being paywalled and not read; the mapping converts to the as-eaten basis with the FDC entry's water	mature dry seed, cultivars and origins as compiled in the review	TXT	Schlemmer U, Frolich W, Prieto RM, Grases F 2009, Mol Nutr Food Res 53:S330-S375; doi:10.1002/mnfr.200900099; pmid:19774556; as reproduced in Gupta RK, Gangoliya SS, Singh NK 2015, J Food Sci Technol 52:676-684, Table 1; doi:10.1007/s13197-013-0978-y; pmid:25694676	docs/superpowers/plans/2026-10-06-plan-6-item-pass.md § Task 13: The documentation delta	settled	
S1219	phytate	phytic acid content of pea seed	720 mg/100 g dry weight (midpoint of the compiled range)	the table row's compiled range 0.22-1.22 g/100 g dry weight, no central value given (the side table ships the midpoint); the row cites Ravindran et al 1994; read as reproduced in Gupta 2015 Table 1, the primary being paywalled and not read; the mapping converts to the as-eaten basis with the FDC entry's water	mature dry seed, cultivars and origins as compiled in the review	TXT	Schlemmer U, Frolich W, Prieto RM, Grases F 2009, Mol Nutr Food Res 53:S330-S375; doi:10.1002/mnfr.200900099; pmid:19774556; as reproduced in Gupta RK, Gangoliya SS, Singh NK 2015, J Food Sci Technol 52:676-684, Table 1; doi:10.1007/s13197-013-0978-y; pmid:25694676	docs/superpowers/plans/2026-10-06-plan-6-item-pass.md § Task 13: The documentation delta	settled	
S1220	phytate	phytic acid content of soybean seed	1610 mg/100 g dry weight (midpoint of the compiled range)	the table row's compiled range 1-2.22 g/100 g dry weight, no central value given (the side table ships the midpoint); the row cites Lolas et al 1976; read as reproduced in Gupta 2015 Table 1, the primary being paywalled and not read; the mapping converts to the as-eaten basis with the FDC entry's water	mature dry seed, cultivars and origins as compiled in the review	TXT	Schlemmer U, Frolich W, Prieto RM, Grases F 2009, Mol Nutr Food Res 53:S330-S375; doi:10.1002/mnfr.200900099; pmid:19774556; as reproduced in Gupta RK, Gangoliya SS, Singh NK 2015, J Food Sci Technol 52:676-684, Table 1; doi:10.1007/s13197-013-0978-y; pmid:25694676	docs/superpowers/plans/2026-10-06-plan-6-item-pass.md § Task 13: The documentation delta	settled	
S1221	alcohol	density of ethanol at 20 °C	0.789 g/mL (0.7893 g/cm³)	the CRC Handbook's tabulated value for pure ethanol at 20 °C; the density that converts the mod's per-litre ethanol grams to volume	pure ethanol, liquid, 20 °C	AUTH	Haynes WM (ed) 2014, CRC Handbook of Chemistry and Physics, 95th edition, CRC Press, Boca Raton, p 3-246; as quoted in the PubChem compound record for ethanol, CID 702; url:https://pubchem.ncbi.nlm.nih.gov/compound/702	docs/superpowers/plans/2026-10-06-plan-6-item-pass.md § Task 14: the whole-pass close fix	settled	
S1222	protein	acute appetite after protein vs an isocaloric lower-protein control (pooled mean difference) (the reading that protein satiates more)	hunger -7 mm VAS (P<0.001); fullness +10 mm (P<0.001); desire to eat -5 mm (P = 0.045); prospective food consumption -5 mm (P = 0.001); satiety +4 mm (P<0.001); ghrelin -20 pg/ml	49 acute publications, random-effects mean differences; appetite ratings moved at protein doses < 35 g, ghrelin, cholecystokinin and GLP-1 at doses >= 35 g; the 19 long-term articles showed no effect on these outcomes except a GLP-1 decrease; a per-kcal weight needs each trial's protein-energy contrast, which the abstract does not give	healthy adults; randomised trials with isocaloric treatment and control arms	MA	Kohanmoo A, Faghih S, Akhlaghi M 2020, Physiol Behav 226:113123; doi:10.1016/j.physbeh.2020.113123; pmid:32768415	docs/superpowers/specs/2026-10-08-satiety-physiology-design.md § 5. Evidence (the harvest), Plan 11c Task 1 harvest (2026-10-08)	settled	
S1223	protein	fullness area under the curve after higher- vs lower-protein preloads (pooled) (the reading that protein satiates more)	+2,435.74 mm.240 min (95% CI 1,375.18 to 3,496.31 mm.240 min; P<0.0001)	5 studies met the meta-analysis criteria (2-4 h fullness AUC); 28 studies in a directional vote count, also positive (P<0.01); the authors limit the reading to tightly defined preload conditions	healthy adults; oral preloads of intact dietary protein	MA	Dhillon J, Craig BA, Leidy HJ et al 2016, J Acad Nutr Diet 116:968-983; doi:10.1016/j.jand.2016.01.003; pmid:26947338	docs/superpowers/specs/2026-10-08-satiety-physiology-design.md § 5. Evidence (the harvest), Plan 11c Task 1 harvest (2026-10-08)	settled	
S1224	satiety	delay of the spontaneous dinner request after a 1 MJ snack, by the snack's dominant macronutrient (time-blinded)	high-protein snack (77% of energy) delayed the dinner request by 60 min; high-carbohydrate (84%) by 34 min; high-fat (58%) by 25 min	11 subjects, four sessions, the three snack sessions in counterbalanced order; snack eaten 240 min after the start of lunch, in a satiety state; snack composition had no effect on energy or macronutrient intake at dinner; the abstract reports no test of the differences between the three snacks	young men deprived of temporal cues	RCT	Marmonier C, Chapelot D, Louis-Sylvestre J 2000, Appetite 34:161-168; doi:10.1006/appe.1999.0302; pmid:10744905	docs/superpowers/specs/2026-10-08-satiety-physiology-design.md § 5. Evidence (the harvest), Plan 11c Task 1 harvest (2026-10-08)	settled	
S1225	satiety	hunger, satiety and later intake after meals rich in protein, carbohydrate, fat or alcohol at similar energy density (the null reading of the macronutrient satiety hierarchy)	no significant differences in hunger or satiety sensations or in ad libitum energy intake over 5 h after the four meals	crossover; breakfasts rich in protein (32% of energy), carbohydrate (65%), fat (65%) or alcohol (23%) with similar energy density and fibre; diet-induced thermogenesis +27% after alcohol (P < 0.01), +17% after protein (NS); the pooled protein readings are Kohanmoo 2020 and Dhillon 2016	normal-weight healthy women (n = 9) and men (n = 10)	RCT	Raben A, Agerholm-Larsen L, Flint A, Holst JJ, Astrup A 2003, Am J Clin Nutr 77:91-100; doi:10.1093/ajcn/77.1.91; pmid:12499328	docs/superpowers/specs/2026-10-08-satiety-physiology-design.md § 5. Evidence (the harvest), Plan 11c Task 1 harvest (2026-10-08)	settled	
S1226	satiety	satiety index of isoenergetic 240 kcal servings of common foods and its food-composition correlates	boiled potatoes 323 +/- 51% to croissant 47 +/- 17% of white bread (100%); SI correlated with serving weight r = 0.66, water content r = 0.64, fibre r = 0.46, protein r = 0.37, fat r = -0.43, palatability r = -0.64	38 foods in six categories, groups of 11-13 subjects, satiety rated every 15 min over 120 min; energy eaten after 120 min correlated with the satiety AUC r = -0.37 (P < 0.05, n = 43)	human subjects; 1000 kJ (240 kcal) servings	EXP	Holt SH, Miller JC, Petocz P, Farmakalidis E 1995, Eur J Clin Nutr 49:675-690; pmid:7498104	docs/superpowers/specs/2026-10-08-satiety-physiology-design.md § 5. Evidence (the harvest), Plan 11c Task 1 harvest (2026-10-08)	settled	
S1227	satiety	fat vs carbohydrate per kcal, short term: appetite and intake 60 min after isovolumetric sucrose or safflower-oil preloads (the reading that fat satiates less)	1254 kJ sucrose suppressed food intake by 653 kJ vs control where 1254 kJ safflower oil did not; sucrose 418 and 836 kJ reduced intake by 518 kJ and 1254 kJ by 1129 kJ; oil reduced intake (by 480 kJ) only at 1254 kJ in its own experiment; sucrose but not oil suppressed average appetite	four experiments, preloads of 0, 418, 836 and 1254 kJ, appetite by VAS every 15 min, food intake 60 min after the preload	young men; the abstract does not state their number	RCT	Woodend DM, Anderson GH 2001, Appetite 37:185-195; doi:10.1006/appe.2001.0425; pmid:11895319	docs/superpowers/specs/2026-10-08-satiety-physiology-design.md § 5. Evidence (the harvest), Plan 11c Task 1 harvest (2026-10-08)	settled	
S1228	satiety	fat vs carbohydrate per kcal: time to the next spontaneous meal request after isoenergetic isovolumetric drinks (the reading that fat satiates more)	meal request 126 +/- 21 min after the high-fat drink vs 65 +/- 15 min after the simple-carbohydrate drink; interpolated 65-min satiety score fat 38 +/- 8.2 vs carbohydrate 16 +/- 4	1 MJ drinks consumed at the first meal request after an overnight fast; ad libitum meals at later requests; requests coincided with dynamic declines in blood glucose	10 men aged 18-30 y, time-blinded	RCT	Melanson KJ, Westerterp-Plantenga MS, Saris WH, Smith FJ, Campfield LA 1999, Am J Physiol 277:R337-R345; doi:10.1152/ajpregu.1999.277.2.r337; pmid:10444538	docs/superpowers/specs/2026-10-08-satiety-physiology-design.md § 5. Evidence (the harvest), Plan 11c Task 1 harvest (2026-10-08)	settled	
S1229	satiety	fat content of foods at constant energy density and its effect on energy intake (the reading that fat has no effect of its own)	fat content of the compulsory foods (16% vs 36% of energy) had no significant effect on energy intake; low vs high energy density (4.4 vs 6.7 kJ/g) reduced intake of self-selected foods at meals by 16%; hunger ratings did not differ between diets	within-subjects, four 4-d test periods; manipulated compulsory entrees supplied 50% of usual energy intake; palatability held constant; lean and obese responded alike	17 lean and 17 obese women	RCT	Rolls BJ, Bell EA, Castellanos VH, Chow M, Pelkman CL, Thorwart ML 1999, Am J Clin Nutr 69:863-871; doi:10.1093/ajcn/69.5.863; pmid:10232624	docs/superpowers/specs/2026-10-08-satiety-physiology-design.md § 5. Evidence (the harvest), Plan 11c Task 1 harvest (2026-10-08)	settled	
S1230	energy	daily energy intake on lower vs higher energy-density served food (pooled)	SMD -1.002 (95% CI -0.745 to -1.266)	31 studies (27 adult, 4 child), 90 effects, multi-level meta-analysis; consistent whether or not macronutrient content was changed to vary energy density; relation strong and linear with minimal compensation at other meals; weight change -0.7 kg (95% CI -1.34, 0.04; 5 studies, NS)	adults and children in experimental studies of at least 1 day	MA	Robinson E, Khuttan M, McFarland-Lesser I, Patel Z, Jones A 2022, Int J Behav Nutr Phys Act 19:48; doi:10.1186/s12966-022-01287-z; pmid:35459185	docs/superpowers/specs/2026-10-08-satiety-physiology-design.md § 5. Evidence (the harvest), Plan 11c Task 1 harvest (2026-10-08)	settled	
S1231	water	lunch energy intake after isoenergetic preloads with water incorporated into the food (soup) vs the same water drunk alongside the food	1209 +/- 125 kJ after the soup vs 1657 +/- 148 kJ after the casserole served with water and 1639 +/- 148 kJ after the casserole alone	within-subjects; 1128 kJ preloads 17 min before lunch; the soup held the same ingredients as the casserole served with its glass of water (356 g); the soup raised fullness and lowered hunger, water served as a beverage did not affect satiety; no compensation at dinner	24 lean women	RCT	Rolls BJ, Bell EA, Thorwart ML 1999, Am J Clin Nutr 70:448-455; doi:10.1093/ajcn/70.4.448; pmid:10500012	docs/superpowers/specs/2026-10-08-satiety-physiology-design.md § 5. Evidence (the harvest), Plan 11c Task 1 harvest (2026-10-08)	settled	
S1232	digestion	gastric volume and hunger after a solid meal with a glass of water vs the same meal blended to soup (gastric sieving of the water)	soup reduced hunger (P = 0.02); gastric content volume fell more slowly after the soup than after the solid/liquid meal (P = 0.0003)	two crossovers: satiety VAS for 3 h (n = 22) and MRI of gastric emptying for 3 h (n = 18); 1008 kJ roasted chicken and vegetables with water; sieving is the faster emptying of liquids than solids when they separate in the stomach	healthy volunteers	RCT	Marciani L, Hall N, Pritchard SE et al 2012, J Nutr 142:1253-1258; doi:10.3945/jn.112.159830; pmid:22649258	docs/superpowers/specs/2026-10-08-satiety-physiology-design.md § 5. Evidence (the harvest), Plan 11c Task 1 harvest (2026-10-08)	settled	
S1233	energy	lunch energy intake after isoenergetic milk drinks of 300, 450 and 600 mL (volume at constant energy)	lunch intake including the preload 5263 +/- 321 kJ (300 mL), 5011 +/- 300 kJ (450 mL) and 4703 +/- 353 kJ (600 mL) vs 4323 +/- 322 kJ with no preload	within-subjects; 2088 kJ (499 kcal) drinks, 30.3% fat, 54.7% carbohydrate, 15% protein, 30 min before lunch; the volume effect held with dinner included (P <= 0.022); volume also moved hunger and fullness ratings	20 normal-weight young men	RCT	Rolls BJ, Castellanos VH, Halford JC et al 1998, Am J Clin Nutr 67:1170-1177; doi:10.1093/ajcn/67.6.1170; pmid:9625090	docs/superpowers/specs/2026-10-08-satiety-physiology-design.md § 5. Evidence (the harvest), Plan 11c Task 1 harvest (2026-10-08)	settled	
S1234	digestion	gastric-emptying half-time and fullness of 500 mL shakes by energy density and viscosity	GE t50: thin 100 kcal 26.5 +/- 3.0 min, thick 100 kcal 41 +/- 3.9 min, thin 500 kcal 69.5 +/- 5.9 min, thick 500 kcal 81.9 +/- 8.3 min (overall 54.7 +/- 3.8 min); fullness at 40 min 58 points (thick 100 kcal) vs 48 points (thin 500 kcal)	randomised 2 x 2 crossover, MRI every 10 min to 90 min; 0.2 vs 1 kcal/mL dairy shakes, 50% carbohydrate, 20% protein, 30% fat; energy density slowed emptying more than viscosity, viscosity raised perceived fullness more	15 healthy men, age 22.6 +/- 2.4 y, BMI 22.6 +/- 1.8	RCT	Camps G, Mars M, de Graaf C, Smeets PA 2016, Am J Clin Nutr 104:73-80; doi:10.3945/ajcn.115.129064; pmid:27281305	docs/superpowers/specs/2026-10-08-satiety-physiology-design.md § 5. Evidence (the harvest), Plan 11c Task 1 harvest (2026-10-08)	settled	
S1235	digestion	gastric volume, fullness and satiety after isovolumic 500 ml fat, protein or glucose liquid meals	early-emptying volume curves were uniform for all three macronutrients; fullness and satiety were linearly associated with postprandial gastric volume, not with macronutrient composition	fat emulsion 375 kcal, protein solution 375 kcal, glucose solution 400 kcal infused into the stomach on three occasions; MRI to 90 min; initial and early gastric volumes highest for glucose because of lower initial emptying	12 healthy volunteers	RCT	Goetze O, Steingoetter A, Menne D et al 2007, Am J Physiol Gastrointest Liver Physiol 292:G11-G17; doi:10.1152/ajpgi.00498.2005; pmid:16935851	docs/superpowers/specs/2026-10-08-satiety-physiology-design.md § 5. Evidence (the harvest), Plan 11c Task 1 harvest (2026-10-08)	settled	
S1236	fibre	acute satiety and energy-intake effect of added fibre vs a low- or no-fibre control (the reading of no reliable effect)	39% of treatments reduced subjective appetite and 22% reduced food or energy intake; 61% did not enhance satiety and 78% did not reduce intake; neither fibre type nor dose was related to the response	44 publications, 107 treatments, 38 fibre sources, treatment periods <= 24 h; vote count, no pooled effect size; beta-glucan, lupin kernel fibre, rye bran, whole grain rye and a mixed high-fibre diet were supported in more than one publication; the viscous-fibre comparison is S0487	healthy humans	MA	Clark MJ, Slavin JL 2013, J Am Coll Nutr 32:200-211; doi:10.1080/07315724.2013.791194; pmid:23885994	docs/superpowers/specs/2026-10-08-satiety-physiology-design.md § 5. Evidence (the harvest), Plan 11c Task 1 harvest (2026-10-08)	settled	
S1237	fibre	post-meal energy intake under soluble-fibre supplementation, by fibre type (the reading of an effect for specific soluble fibres)	pooled Cohen's d: guar gum -0.90, beta-glucan -0.44, alginate -0.42, polydextrose -0.36, pectin -0.26	risk of bias high for every study (Jadad); significant arms were guar gum 5 g in milk beverages, alginate 5 g in liquid or 9 g in solid meals, polydextrose 25 g in a liquid meal	healthy adults; randomised controlled trials	MA	Salleh SN, Fairus AAH, Zahary MN, Bhaskar Raj N, Mhd Jalil AM 2019, Foods 8:15; doi:10.3390/foods8010015; pmid:30621363	docs/superpowers/specs/2026-10-08-satiety-physiology-design.md § 5. Evidence (the harvest), Plan 11c Task 1 harvest (2026-10-08)	superseded	S1338
S1238	fibre	gastric-emptying half-time, appetite and later intake after a breakfast with viscous oat beta-glucan vs a low-fibre control (fibre slows emptying without moving appetite)	half-time geometric mean 285 min (95% CI 184, 442) with 4 g oat beta-glucan vs 105 min (95% CI 95, 117) after cream of rice; ad libitum pizza 834 +/- 78 vs 887 +/- 64 kcal (nonsignificant); subjective appetite, PYY and ghrelin similar	double-blind randomised crossover; meals equal in weight, energy and macronutrients; beta-glucan of lowered molecular weight (lower viscosity) did not slow emptying; 2 g beta-glucan arm 831 +/- 61 kcal	16 men and 12 non-pregnant women aged 18-60 y, BMI 20.0-30.0, without diabetes	RCT	Wolever TMS, Tosh SM, Spruill SE et al 2020, Am J Clin Nutr 111:319-328; doi:10.1093/ajcn/nqz285; pmid:31828287	docs/superpowers/specs/2026-10-08-satiety-physiology-design.md § 5. Evidence (the harvest), Plan 11c Task 1 harvest (2026-10-08)	settled	
S1239	fibre	total gastric-emptying time of a solid mixed meal with natural fibre at 20 vs 4 g per 1000 kcal (the reading that fibre slows emptying)	231.7 (17.3) min with high fibre vs 186.0 (15.6) min with low fibre (p < 0.05); no difference in satiety or fullness, hunger returned more rapidly after the low-fibre meal	ultrasound antral area to 300 min; meals otherwise exactly equivalent	8 healthy subjects; 870 kcal meal (700 kcal for women), 47% carbohydrate, 36% fat, 17% protein	RCT	Benini L, Castellani G, Brighenti F et al 1995, Gut 36:825-830; doi:10.1136/gut.36.6.825; pmid:7615267	docs/superpowers/specs/2026-10-08-satiety-physiology-design.md § 5. Evidence (the harvest), Plan 11c Task 1 harvest (2026-10-08)	settled	
S1240	fibre	gastric half-emptying time of a semisolid meal with 0 to 4.5 g guar gum (no effect at these doses)	T1/2 88.2 +/- 11 min (0 g), 83.3 +/- 11.9 (2.5 g), 83.3 +/- 13.6 (3.5 g), 72.4 +/- 7.2 min (4.5 g); p = 0.86	scintigraphy for at least 2 h; intestinal transit parameter also unchanged (p = 0.52)	8 men	RCT	van Nieuwenhoven MA, Kovacs EM, Brummer RJ, Westerterp-Plantenga MS, Brouns F 2001, J Am Coll Nutr 20:87-91; doi:10.1080/07315724.2001.10719019; pmid:11293473	docs/superpowers/specs/2026-10-08-satiety-physiology-design.md § 5. Evidence (the harvest), Plan 11c Task 1 harvest (2026-10-08)	settled	
S1241	digestion	gastric retention of a low-fat egg-substitute meal at 60, 120 and 240 min (international control values)	median 69% (95th percentile 90%) at 60 min, 24% (60%) at 120 min, 1.2% (10%) at 240 min	99Tc scintigraphy, 11 centres; emptying initially faster in men but comparable at 4 h, faster in older subjects, independent of BMI	123 healthy volunteers aged 19-73 y (60 women, 63 men)	COH	Tougas G, Eaker EY, Abell TL et al 2000, Am J Gastroenterol 95:1456-1462; doi:10.1111/j.1572-0241.2000.02076.x; pmid:10894578	docs/superpowers/specs/2026-10-08-satiety-physiology-design.md § 5. Evidence (the harvest), Plan 11c Task 1 harvest (2026-10-08)	settled	
S1242	digestion	steady caloric delivery of glucose from the stomach to the duodenum	2.13 kcal/min, the same for glucose at 0.05, 0.125 and 0.25 g/ml; physiological saline emptied rapidly and exponentially	intraduodenal glucose of 26.5-120 kcal slowed saline emptying by 0.46 min/kcal, the reciprocal of 2.13 kcal/min	human subjects; the abstract does not state their number	EXP	Brener W, Hendrix TR, McHugh PR 1983, Gastroenterology 85:76-82; doi:10.1016/s0016-5085(83)80232-7; pmid:6852464	docs/superpowers/specs/2026-10-08-satiety-physiology-design.md § 5. Evidence (the harvest), Plan 11c Task 1 harvest (2026-10-08)	settled	
S1243	digestion	relative slowing of gastric emptying by fat, protein and carbohydrate at equal energy (fitted)	consistent with equal slowing by isocaloric amounts of fat, protein and carbohydrate, e.g. 4 g fat or 9 g carbohydrate (both 36 kcal)	a fit to 33 published and unpublished studies, meal volumes 50-1250 ml, nutritive density 0 to 2-3 kcal/ml; the greater the density the smaller the volume emptied in 30 min; the initial volume did not set the rate (ml/min); eight anomalous result sets; volumes emptied in 30 min were computed assuming exponential emptying; energy delivery to the duodenum still rose with nutritive density	human gastric-emptying studies, pure carbohydrate to ordinary food	MODEL	Hunt JN, Stubbs DF 1975, J Physiol 245:209-225; doi:10.1113/jphysiol.1975.sp010841; pmid:1127608	docs/superpowers/specs/2026-10-08-satiety-physiology-design.md § 5. Evidence (the harvest), Plan 11c Task 1 harvest (2026-10-08)	settled	
S1244	digestion	gastric-emptying half-time of 600 ml liquid meals by caloric density	glucose 0.1 kcal/ml 9.4 +/- 1.2 min; pea and whey peptide hydrolysates 0.2 kcal/ml 16.3 +/- 5.4 and 17.2 +/- 6.1 min; milk protein 0.7 kcal/ml 26.4 +/- 10.0 min; caloric density linear with half-time (r = 0.96)	double-sampling aspiration, random order; the nature of the calories played a minor role; early caloric delivery 46.3 +/- 6 (glucose) to 113.8 +/- 25 cal min-1 kg-1 (milk protein), linear in caloric density (r = 0.99); fat not tested	6 healthy subjects	RCT	Calbet JA, MacLean DA 1997, J Physiol 498:553-559; doi:10.1113/jphysiol.1997.sp021881; pmid:9032702	docs/superpowers/specs/2026-10-08-satiety-physiology-design.md § 5. Evidence (the harvest), Plan 11c Task 1 harvest (2026-10-08)	settled	
S1245	digestion	gastric half-emptying time of a 240 ml drink of water in the fasted state	T50% 13 +/- 1 min (mean +/- SEM); gastric volume back to baseline 45 min after the drink	MRI at intervals for 2 h; gastric fluid rose from 35 +/- 7 ml resting to 242 +/- 9 ml on drinking	12 healthy volunteers, fasted	EXP	Mudie DM, Murray K, Hoad CL et al 2014, Mol Pharm 11:3039-3047; doi:10.1021/mp500210c; pmid:25115349	docs/superpowers/specs/2026-10-08-satiety-physiology-design.md § 5. Evidence (the harvest), Plan 11c Task 1 harvest (2026-10-08)	settled	
S1246	digestion	effect of meal weight and meal energy on solid- vs liquid-phase gastric emptying	solid emptying (g/min) rose with meal weight; more meal kcal slowed solid emptying without overcoming the weight effect; liquid emptying rates were uninfluenced by meal total kcal	dual-isotope scintigraphy; 50, 300 and 900 g lettuce-and-water meals adjusted to 68, 208 or 633 kcal with salad oil	9 healthy volunteers	EXP	Moore JG, Christian PE, Brown JA et al 1984, Dig Dis Sci 29:513-519; doi:10.1007/bf01296271; pmid:6723483	docs/superpowers/specs/2026-10-08-satiety-physiology-design.md § 5. Evidence (the harvest), Plan 11c Task 1 harvest (2026-10-08)	settled	
S1247	satiety	interval from a liquid preload to the spontaneous meal request, by preload energy	247 +/- 24 min (preload 7.5% of total daily energy expenditure), 286 +/- 20 min (16%), 321 +/- 27 min (33%); P = 0.015	three sessions, preloads equal in volume at 0900 h; ghrelin nadir 80.2, 72.7 and 60.8% of baseline; a Cox regression found no relation between the ghrelin profile and the meal request	10 volunteers	RCT	Callahan HS, Cummings DE, Pepe MS, Breen PA, Matthys CC, Weigle DS 2004, J Clin Endocrinol Metab 89:1319-1324; doi:10.1210/jc.2003-031267; pmid:15001628	docs/superpowers/specs/2026-10-08-satiety-physiology-design.md § 5. Evidence (the harvest), Plan 11c Task 1 harvest (2026-10-08)	settled	
S1248	satiety	intermeal interval from a scheduled lunch to a freely requested dinner without time or food cues	320-425 min	the range over which the preprandial ghrelin rise occurred, in all but one subject; blood every 5 min; hunger scores and ghrelin had similar temporal profiles	human subjects deprived of time- and food-related cues; the abstract does not state their number	COH	Cummings DE, Frayo RS, Marmonier C, Aubert R, Chapelot D 2004, Am J Physiol Endocrinol Metab 287:E297-E304; doi:10.1152/ajpendo.00582.2003; pmid:15039149	docs/superpowers/specs/2026-10-08-satiety-physiology-design.md § 5. Evidence (the harvest), Plan 11c Task 1 harvest (2026-10-08)	settled	
S1249	satiety	relation of meal size to the following intermeal interval in free-living humans	meal size correlated with preprandial factors (premeal interval, estimated premeal stomach content, self-reported hunger); the postprandial relation of meal size to the postmeal interval appeared only for meals eaten alone; protein suppressed later intake and hunger independent of its energy	7-day diaries, five meal definitions, univariate and multiple correlation	31 adults, free-living	COH	de Castro JM 1988, Physiol Behav 44:651-659; doi:10.1016/0031-9384(88)90331-9; pmid:3237851	docs/superpowers/specs/2026-10-08-satiety-physiology-design.md § 5. Evidence (the harvest), Plan 11c Task 1 harvest (2026-10-08)	settled	
S1250	digestion	water volume drunk to satiation and to maximum fullness (two-step water load test)	satiation 428.36 ml (SD 242.48; range 134-1231 ml); maximum fullness 734.48 ml total (SD 316.80; range 259-1683 ml); satiation at 57.82% of the maximum (SD 16.33)	read from the full text (PMC5033375), Results; 28 participants retested for reliability; water drunk over two successive 5-min periods	99 healthy women aged 18-35 y	COH	van Dyck Z, Vögele C, Blechert J, Lutz AP, Schulz A, Herbert BM 2016, PLoS One 11:e0163574; doi:10.1371/journal.pone.0163574; pmid:27657528	docs/superpowers/specs/2026-10-08-satiety-physiology-design.md § 5. Evidence (the harvest), Plan 11c Task 1 harvest (2026-10-08)	settled	
S1251	digestion	volume of a slow nutrient drink at maximal satiety	937 +/- 428 ml and 1048 +/- 421 ml (first and second test)	functional-dyspepsia patients 489 +/- 276 and 503 +/- 248 ml; the ingested amount depended on age, sex and baseline symptom score	34 healthy controls	COH	Kindt S, Coulie B, Wajs E, Janssens J, Tack J 2008, Neurogastroenterol Motil 20:320-329; doi:10.1111/j.1365-2982.2008.01092.x; pmid:18371010	docs/superpowers/specs/2026-10-08-satiety-physiology-design.md § 5. Evidence (the harvest), Plan 11c Task 1 harvest (2026-10-08)	settled	
S1252	digestion	energy of a slow caloric drink taken at maximum satiety, and what limits it	1508 (53) kcal in controls vs 542 (50) kcal in severe functional dyspepsia (p < 0.0001); at different caloric densities the ingested volume rather than the caloric load determined maximum satiety	slow satiety drinking test; the calories correlated with gastric accommodation, not with emptying or sensitivity	25 healthy controls	COH	Tack J, Caenepeel P, Piessevaux H, Cuomo R, Janssens J 2003, Gut 52:1271-1277; doi:10.1136/gut.52.9.1271; pmid:12912857	docs/superpowers/specs/2026-10-08-satiety-physiology-design.md § 5. Evidence (the harvest), Plan 11c Task 1 harvest (2026-10-08)	settled	
S1253	digestion	intragastric balloon volume at maximal discomfort (stomach capacity)	1100 +/- 185 ml (SE) in lean subjects vs 1925 +/- 175 ml in obese subjects	water-filled balloon at 100 ml/min with 30 s pauses, discomfort rating 10 on a 1-10 scale; a balloon of 400 ml or more reduced liquid-lunch intake (p < 0.01)	4 lean and 4 obese subjects	COH	Geliebter A 1988, Physiol Behav 44:665-668; doi:10.1016/0031-9384(88)90333-2; pmid:3237852	docs/superpowers/specs/2026-10-08-satiety-physiology-design.md § 5. Evidence (the harvest), Plan 11c Task 1 harvest (2026-10-08)	settled	
S1254	starvation	rise in energy intake (appetite) per kg of weight lost under a covert energy deficit (feedback gain)	~100 kcal/day per kg of lost weight	computed by a validated mathematical method from the body-weight time course of a 52-week placebo-controlled trial; more than threefold the corresponding energy-expenditure adaptation; an effect size computed by a validated intake model from the treated arm's weight course, not a randomised contrast	153 free-living patients treated with canagliflozin, which raises urinary glucose loss without the patient being aware of the deficit	COH	Polidori D, Sanghvi A, Seeley RJ, Hall KD 2016, Obesity (Silver Spring) 24:2289-2295; doi:10.1002/oby.21653; pmid:27804272	docs/superpowers/specs/2026-10-08-satiety-physiology-design.md § 5. Evidence (the harvest), Plan 11c Task 1 harvest (2026-10-08)	settled	
S1255	starvation	change in VAS hunger over 2 years of calorie restriction targeting 25%	hunger and thirst increased (R2 >= 0.30; P < 0.001) but the total increase in scale scores was < 10 mm throughout	polynomial regression of the time course; weight loss until about week 60, then a plateau; adherence declined after about week 20	143 non-obese adults (BMI 21.9-28.0) randomised to calorie restriction, CALERIE 2	COH	Dorling JL, Das SK, Racette SB et al 2020, Eur J Clin Nutr 74:1210-1220; doi:10.1038/s41430-020-0593-8; pmid:32144378	docs/superpowers/specs/2026-10-08-satiety-physiology-design.md § 5. Evidence (the harvest), Plan 11c Task 1 harvest (2026-10-08)	settled	
S1256	starvation	appetite and appetite hormones after diet-induced weight loss and one year later	a 13.5 +/- 0.5 kg loss raised ghrelin and subjective appetite (P < 0.001) and lowered leptin, PYY, cholecystokinin and insulin (P < 0.001); at 62 weeks leptin, PYY, ghrelin and hunger still differed from baseline (P < 0.001)	10-week very-low-energy diet, measures at baseline, 10 and 62 weeks	50 overweight or obese patients without diabetes	EXP	Sumithran P, Prendergast LA, Delbridge E et al 2011, N Engl J Med 365:1597-1604; doi:10.1056/nejmoa1105816; pmid:22029981	docs/superpowers/specs/2026-10-08-satiety-physiology-design.md § 5. Evidence (the harvest), Plan 11c Task 1 harvest (2026-10-08)	settled	
S1257	starvation	24-hour plasma ghrelin after diet-induced weight loss	+24% in the 24-h ghrelin AUC (P = 0.006) after a 17% loss of initial body weight	six-month dietary programme; ghrelin rose shortly before and fell shortly after every meal	13 obese subjects	EXP	Cummings DE, Weigle DS, Frayo RS et al 2002, N Engl J Med 346:1623-1630; doi:10.1056/nejmoa012908; pmid:12023994	docs/superpowers/specs/2026-10-08-satiety-physiology-design.md § 5. Evidence (the harvest), Plan 11c Task 1 harvest (2026-10-08)	settled	
S1258	starvation	plasma leptin after sustained weight loss and after a short fast	-76.3 +/- 8.1% after a 21.4 +/- 3.7% weight loss; -61.9 +/- 25.2% after 3 days of fasting with 2.6 +/- 0.8% weight loss; back to baseline within 12 h of refeeding	single high- or low-fat meals and 7 weeks at 10% fat did not change leptin	9 obese men (weight loss); 7 non-obese women (fast)	EXP	Weigle DS, Duell PB, Connor WE, Steiner RA, Soules MR, Kuijper JL 1997, J Clin Endocrinol Metab 82:561-565; doi:10.1210/jcem.82.2.3757; pmid:9024254	docs/superpowers/specs/2026-10-08-satiety-physiology-design.md § 5. Evidence (the harvest), Plan 11c Task 1 harvest (2026-10-08)	settled	
S1259	starvation	timeline of fasting hunger during weight loss on a ketogenic very-low-energy diet	fasting hunger rose by day 3 (2 +/- 1% weight loss) and at 5% loss (12 +/- 8 days); no rise at 10-17% loss while ketotic; rose at week 13 (17 +/- 2% loss) once refeeding occurred	8 weeks of VLED then 4 weeks of weight maintenance; basal and postprandial active ghrelin raised at week 13	31 sedentary adults with obesity (18 men), BMI 37 +/- 4.5	EXP	Nymo S, Coutinho SR, Jørgensen J et al 2017, Int J Obes (Lond) 41:1224-1231; doi:10.1038/ijo.2017.96; pmid:28439092	docs/superpowers/specs/2026-10-08-satiety-physiology-design.md § 5. Evidence (the harvest), Plan 11c Task 1 harvest (2026-10-08)	settled	
S1260	starvation	fasting total ghrelin after weight loss by calorie restriction, exercise or both (pooled)	SMD 0.55 (95% CI 0.07-1.04) in RCTs; SMD 0.24 (95% CI 0.14-0.35) in non-RCTs	127 studies (19 RCTs, 108 non-RCTs); meta-regression: greater weight loss, greater rise in total ghrelin; changes did not differ among the three interventions once weight loss was controlled; acylated ghrelin fell in RCTs (SMD -0.58, 95% CI -1.09 to -0.06) and rose in non-RCTs (SMD 0.15, 95% CI 0.03 to 0.27)	people with overweight or obesity	MA	Jin Z, Li J, Thackray AE et al 2025, Int J Obes (Lond) 49:776-792; doi:10.1038/s41366-025-01726-4; pmid:39929932	docs/superpowers/specs/2026-10-08-satiety-physiology-design.md § 5. Evidence (the harvest), Plan 11c Task 1 harvest (2026-10-08)	settled	
S1261	carbohydrate-quality	appetite and later energy intake at higher vs lower added-sugar intake (no consistent relationship)	added sugar did not change subsequent energy intake (n 9 comparisons), satiety (n 12) or ghrelin (n 4); leptin rose (n 3)	19 studies in 21 articles; narrative synthesis, no pooled estimate	overweight or obese adults; randomised controlled trials	MA	Thornhill K, Charlton K, Probst Y, Neale E 2019, Br J Nutr 121:232-240; doi:10.1017/s0007114518003239; pmid:30489234	docs/superpowers/specs/2026-10-08-satiety-physiology-design.md § 5. Evidence (the harvest), Plan 11c Task 1 harvest (2026-10-08)	settled	
S1262	carbohydrate-quality	food intake 30 vs 120 min after rapidly vs slowly digestible starch (the time course differs)	at 30 min only maltodextrin (86% rapidly digestible starch) reduced food intake; at 120 min whole-grain, high-amylose and regular cornstarch reduced it (P < 0.0001)	soups with 50 g maltodextrin or starch, or none, at 1-week intervals; premeal appetite fell after all treatments	young men; the abstract does not state their number	RCT	Anderson GH, Cho CE, Akhavan T et al 2010, Am J Clin Nutr 91:932-939; doi:10.3945/ajcn.2009.28443; pmid:20164321	docs/superpowers/specs/2026-10-08-satiety-physiology-design.md § 5. Evidence (the harvest), Plan 11c Task 1 harvest (2026-10-08)	settled	
S1263	carbohydrate-quality	time course of satiety after high- vs low-glycaemic carbohydrate	high-glycaemic carbohydrates reduce appetite and intake in the short term (e.g. one hour); the satiating effect of lower-glycaemic carbohydrates appears delayed (e.g. 2 to 3 hours); no consistent evidence that the blood-glucose rise is the primary determinant	narrative review	human short-term satiety studies	TXT	Anderson GH, Woodend D 2003, Nutr Rev 61:S17-S26; doi:10.1301/nr.2003.may.s17-s26; pmid:12828188	docs/superpowers/specs/2026-10-08-satiety-physiology-design.md § 5. Evidence (the harvest), Plan 11c Task 1 harvest (2026-10-08)	settled	
S1264	satiety	dietary compensation for daily carbohydrate eaten as a liquid (soda) vs a solid (jelly beans) (the reading that liquid calories are not compensated)	compensation 118% for the solid vs -17% for the liquid; body weight and BMI rose only in the liquid period	1880 kJ/day loads, two 4-week periods with a 4-week washout, crossover; hunger unchanged	7 men and 8 women	RCT	DiMeglio DP, Mattes RD 2000, Int J Obes Relat Metab Disord 24:794-800; doi:10.1038/sj.ijo.0801229; pmid:10878689	docs/superpowers/specs/2026-10-08-satiety-physiology-design.md § 5. Evidence (the harvest), Plan 11c Task 1 harvest (2026-10-08)	settled	
S1265	satiety	daily energy intake on days a food is taken as a beverage vs its matched solid form	higher by 12.4% (high-carbohydrate), 19% (high-fat) and 15% (high-protein) on beverage days	watermelon vs juice, cheese vs milk, coconut meat vs coconut milk; crossover; attributed more to a weak effect on satiety than on satiation	120 lean and obese adults aged 18-50 y; 40 participants (20 lean, 20 obese) per food pair	RCT	Mourao DM, Bressan J, Campbell WW, Mattes RD 2007, Int J Obes (Lond) 31:1688-1695; doi:10.1038/sj.ijo.0803667; pmid:17579632	docs/superpowers/specs/2026-10-08-satiety-physiology-design.md § 5. Evidence (the harvest), Plan 11c Task 1 harvest (2026-10-08)	settled	
S1266	satiety	energy compensation after a preload by its physical form and the intermeal interval (meta-regression)	compensation ranged from -370% (overconsumption, mostly of liquids) to 450%; in a meta-regression of the studies reporting positive compensation, the intermeal interval with physical form and energy explained 50% of the variance; compensation was greatest for semisolid or solid preloads with an interval of 30-120 min	48 publications, 253 interventions (121 liquid, 69 semisolid, 20 solid, 43 composite)	human preload studies; independent of gender and BMI	MA	Almiron-Roig E, Palla L, Guest K et al 2013, Nutr Rev 71:458-473; doi:10.1111/nure.12048; pmid:23815144	docs/superpowers/specs/2026-10-08-satiety-physiology-design.md § 5. Evidence (the harvest), Plan 11c Task 1 harvest (2026-10-08)	settled	
S1267	satiety	whether liquid calories satiate less than solid calories (the reading that the evidence is inconclusive)	the evidence that liquids have less impact on satiety than solid foods remains inconclusive: some studies report liquids less satiating than solids, others solids less satiating than liquids	narrative review; compensation varied with subject characteristics, preload volume and the lag to the next meal	laboratory preload studies	TXT	Almiron-Roig E, Chen Y, Drewnowski A 2003, Obes Rev 4:201-212; doi:10.1046/j.1467-789x.2003.00112.x; pmid:14649371	docs/superpowers/specs/2026-10-08-satiety-physiology-design.md § 5. Evidence (the harvest), Plan 11c Task 1 harvest (2026-10-08)	settled	
S1268	satiety	per-kcal satiety weights of protein, carbohydrate and fat as a pooled ratio		named by Plan 11c (the w_k of K.satiety.feed); the pooled sources give mm differences at matched energy (Kohanmoo 2020, Dhillon 2016) and meal-request delays for one snack size (Marmonier 2000); no harvested source states a per-kcal weight for each macronutrient				docs/superpowers/specs/2026-10-08-satiety-physiology-design.md § 5. Evidence (the harvest), Plan 11c Task 1 harvest (2026-10-08)	open	
S1269	fibre	pooled effect of dietary fibre on gastric-emptying half-time		no meta-analysis found in the 2026-10-08 Europe PMC search; single trials disagree: viscous oat beta-glucan 285 vs 105 min (Wolever 2020), natural fibre 231.7 vs 186.0 min total emptying (Benini 1995), guar gum up to 4.5 g no effect (van Nieuwenhoven 2001)				docs/superpowers/specs/2026-10-08-satiety-physiology-design.md § 5. Evidence (the harvest), Plan 11c Task 1 harvest (2026-10-08)	open	
S1270	satiety	half-life of post-absorptive satiety after the stomach has emptied		named by Plan 11c (the decay of P); the harvested sources give meal-request intervals (Callahan 2004, Cummings 2004) and gastric emptying, not a decay constant for a satiety signal				docs/superpowers/specs/2026-10-08-satiety-physiology-design.md § 5. Evidence (the harvest), Plan 11c Task 1 harvest (2026-10-08)	open	
S1271	starvation	rise in subjective hunger per percent of energy deficit		named by Plan 11c (the deficit floor); the harvested sources give intake per kg lost (Polidori 2016), hunger timelines (Nymo 2017, Dorling 2020) and hormone changes against percent weight lost, not a VAS rise per percent deficit				docs/superpowers/specs/2026-10-08-satiety-physiology-design.md § 5. Evidence (the harvest), Plan 11c Task 1 harvest (2026-10-08)	open	
S1272	digestion	solid- and liquid-phase half-emptying times of mixed meals by meal weight, and the shape of solid emptying	solid-phase half-emptying times 77 min (300 g meal), 146 min (900 g) and 277 min (self-selected filling meal, mean 1692 g); solid-phase emptying was linear, not exponential	liquid-phase marker in the same meals curvilinear, half-times 40, 81 and 178 min; the three meals varied in composition and kcal as well as weight; dual-isotope scintigraphy	10 subjects; a self-selected filling meal (mean 1692 g) and meals of 900 and 300 g, varying in composition and kcal	EXP	Moore JG, Christian PE, Coleman RE 1981, Dig Dis Sci 26:16-22; doi:10.1007/bf01307971; pmid:7460704	docs/superpowers/specs/2026-10-08-satiety-physiology-design.md § 5. Evidence (the harvest), Plan 11c Task 1 harvest (2026-10-08)	settled	
S1273	satiety	endogenous circadian rhythm of hunger independent of sleep, meals and time awake: its size and phase (the reading that the trough is the biological morning)	trough at 50 degrees (equivalent to 7:50 AM in these subjects), peak at 230 degrees (7:50 PM); 17% peak-to-trough difference as percentage of mean (P=0.004)	100-mm VAS rated 5 times per wake period, 60 times per subject; mixed-model cosinor; no significant interaction between circadian phase and time since wake (P=0.34); appetites for sweet, salty and starchy foods, fruits, meats/poultry, food overall and how much food participants could eat 14-25% (troughs 40-60 degrees, 7:10-8:30 AM); fullness had no significant circadian rhythm; one subject excluded; absolute VAS values appear only in the figure	12 healthy non-obese adults (6 male; age 20-42 y; BMI 19.9-29.6 kg/m2), 13-day laboratory forced desynchrony (12 recurring 20-h cycles, 2:1 wake/sleep, dim light), eucaloric meals	EXP	Scheer FA, Morris CJ, Shea SA 2013, Obesity (Silver Spring) 21:421-423; doi:10.1002/oby.20351; pmid:23456944	docs/superpowers/specs/2026-10-08-satiety-physiology-design.md § 4. Edge cases (Sleep), Plan 11c Task 1c harvest (2026-10-08)	settled	
S1274	satiety	endogenous circadian rhythm of hunger and satiety under sleep restriction: its phase (the reading that the trough is the biological night)	hunger highest in the biological evening (~17:00 h) and lowest in the biological night (~05:00 h); satiety highest in the biological night (~01:00-05:00 h) and lowest in the biological evening (~17:00-21:00 h)	main effect of circadian phase on hunger F5,26 = 9.0, P = 0.0001; no main effect of condition and no phase by condition interaction; hunger lowest 1.5 h and highest 6.5 h after a meal; amplitudes appear only in the figure; circadian phase in six 60° (~4 h) bins; hunger lowest around the core-temperature minimum (300°–0°)	28 healthy young men, 8 x 28-h forced-desynchrony days at the equivalent of 6 h (n = 14) or 4 h (n = 14) time in bed per 24 h; standardised meals; 100-mm VAS every 2.5 h awake	EXP	Sargent C, Zhou X, Matthews RW, Darwent D, Roach GD 2016, Int J Environ Res Public Health 13:170; doi:10.3390/ijerph13020170; pmid:26840322	docs/superpowers/specs/2026-10-08-satiety-physiology-design.md § 4. Edge cases (Sleep), Plan 11c Task 1c harvest (2026-10-08)	settled	
S1275	satiety	endogenous circadian rhythm of active (acylated) ghrelin, biological evening vs biological morning	higher in the biological evening than the biological morning: fasting +15.1% (P = 0.0001), postprandial +10.4% (P = 0.0002); consistent with the circadian variation in hunger (P = 0.028)	two 8-day laboratory protocols; circadian misalignment (12-h behavioural cycle inversion) raised postprandial active ghrelin +5.4% (P = 0.04) without significantly changing hunger (P > 0.08); full text: no significant circadian effects on fasting hunger and appetite ratings (all P≥0.06); postprandial hunger P=0.03, n.s. (P=0.13) with active ghrelin as covariate	14 healthy young adults (8 men; 28 ± 9 y; BMI 25.4 ± 2.6 kg/m2), two 8-day laboratory protocols	EXP	Qian J, Morris CJ, Caputo R, Garaulet M, Scheer FAJL 2019, Int J Obes (Lond) 43:1644-1649; doi:10.1038/s41366-018-0208-9; pmid:30232416	docs/superpowers/specs/2026-10-08-satiety-physiology-design.md § 4. Edge cases (Sleep), Plan 11c Task 1c harvest (2026-10-08)	settled	
S1276	satiety	endogenous circadian rhythm of self-selected caloric intake per meal	circadian peak-to-trough difference of 196 kcal per meal (CI 95% 164, 226), peak timing 296 degrees (288, 304; equivalent to ~17:30 in these participants); intake decreased across the wake episode and increased from circadian morning to circadian evening	amplitudes blunted and intake later in the waking episode and circadian cycle in those with overweight or obesity	51 adolescents (24 healthy weight, 13 overweight, 14 obesity), seven 28-h forced-desynchrony cycles, dim light awake and darkness asleep	EXP	Barker DH, Carskadon MA, Gredvig-Ardito C, Hart CN, Raynor HA, Scheer FAJL 2025, Proc Natl Acad Sci U S A 122:e2407907122; doi:10.1073/pnas.2407907122; pmid:39964717	docs/superpowers/specs/2026-10-08-satiety-physiology-design.md § 4. Edge cases (Sleep), Plan 11c Task 1c harvest (2026-10-08)	settled	
S1277	satiety	satiety obtained per meal by time of day in free-living eating (direction)	as the day progressed, postmeal intervals and satiety ratios decreased while premeal intervals increased: humans obtain less satiety from a given amount of food later in the day than earlier	9-day diaries; stomach energy content estimated with a model; no magnitudes in the abstract	8 male and 30 female undergraduate students, free-living	COH	de Castro JM 1987, Physiol Behav 40:437-446; doi:10.1016/0031-9384(87)90028-x; pmid:3628541	docs/superpowers/specs/2026-10-08-satiety-physiology-design.md § 4. Edge cases (Sleep), Plan 11c Task 1c harvest (2026-10-08)	settled	
S1278	satiety	share of daily intake eaten in the morning vs late evening and overall daily intake	proportion of intake in the morning negatively correlated with overall intake (r=-0.13, P<0.01); proportion ingested late in the evening positively correlated (r=0.14, P<0.01); the author reads morning intake as particularly satiating and late-night intake as lacking satiating value	7-day diet diaries reanalysed in five 4-h periods; correlational	375 male and 492 female free-living individuals	COH	de Castro JM 2004, J Nutr 134:104-111; doi:10.1093/jn/134.1.104; pmid:14704301	docs/superpowers/specs/2026-10-08-satiety-physiology-design.md § 4. Edge cases (Sleep), Plan 11c Task 1c harvest (2026-10-08)	settled	
S1279	satiety	diurnal rhythm of intermeal plasma ghrelin across a fed day and night	ghrelin increased nearly twofold immediately before each meal and fell to trough levels within 1 h after eating; intermeal levels rose throughout the day to a zenith at 0100, then fell overnight to a nadir at 0900	38 samples over 24 h; in phase with leptin	10 healthy subjects, meals on a fixed schedule	COH	Cummings DE, Purnell JQ, Frayo RS, Schmidova K, Wisse BE, Weigle DS 2001, Diabetes 50:1714-1719; doi:10.2337/diabetes.50.8.1714; pmid:11473029	docs/superpowers/specs/2026-10-08-satiety-physiology-design.md § 4. Edge cases (Sleep), Plan 11c Task 1c harvest (2026-10-08)	settled	
S1280	satiety	nocturnal plasma ghrelin asleep vs kept awake	during sleep ghrelin increased during the early part of the night and decreased in the morning; the nocturnal increase was blunted during sleep deprivation, ghrelin increasing only slightly until the early morning	two 24-h sessions, sleep 2300-0700 vs awake all night; no magnitudes in the abstract; the authors attribute the nocturnal rise to sleep-associated processes rather than circadian influences; order of the two sessions not stated in the abstract	healthy male volunteers	EXP	Dzaja A, Dalal MA, Himmerich H, Uhr M, Pollmächer T, Schuld A 2004, Am J Physiol Endocrinol Metab 286:E963-7; doi:10.1152/ajpendo.00527.2003; pmid:14871884	docs/superpowers/specs/2026-10-08-satiety-physiology-design.md § 4. Edge cases (Sleep), Plan 11c Task 1c harvest (2026-10-08)	settled	
S1281	satiety	plasma ghrelin across a 24-h fast	an increase and spontaneous decrease in ghrelin at the timepoints of customary meals; pulsatile, approximately 8 peaks/24 h; an overall decrease in ghrelin levels over the study period	pilot; blood every 20 min over 24 h	6 healthy volunteers (3 female; 25.5 y; BMI 22.8 kg/m2), 24-h fast	EXP	Natalucci G, Riedl S, Gleiss A, Zidek T, Frisch H 2005, Eur J Endocrinol 152:845-850; doi:10.1530/eje.1.01919; pmid:15941923	docs/superpowers/specs/2026-10-08-satiety-physiology-design.md § 4. Edge cases (Sleep), Plan 11c Task 1c harvest (2026-10-08)	settled	
S1282	fatigue-sleep	morning hunger and ghrelin after a night of total sleep deprivation vs 7 h or 4.5 h sleep (the same overnight fast)	hunger 3.9 +/- 0.7 after total sleep deprivation vs 1.7 +/- 0.3 after 7 h sleep (P = 0.020) and 2.2 +/- 0.5 after 4.5 h sleep (P = 0.041); plasma ghrelin 22 +/- 10% higher after total sleep deprivation than after 7 h sleep (0.85 +/- 0.06 vs 0.72 +/- 0.04 ng/mL; P = 0.048), 0.77 +/- 0.04 ng/mL after 4.5 h; leptin did not differ	three nights in balanced order separated by at least 2 weeks; hunger on a standard symptom-rating scale whose range the abstract does not give	9 healthy normal-weight men	RCT	Schmid SM, Hallschmid M, Jauch-Chara K, Born J, Schultes B 2008, J Sleep Res 17:331-334; doi:10.1111/j.1365-2869.2008.00662.x; pmid:18564298	docs/superpowers/specs/2026-10-08-satiety-physiology-design.md § 4. Edge cases (Sleep), Plan 11c Task 1c harvest (2026-10-08)	settled	
S1283	fatigue-sleep	morning ghrelin, hunger and portion size after total sleep deprivation vs 8 h sleep	after total sleep deprivation plasma ghrelin +13% (p=0.04), portions +14% (p=0.02), self-reported hunger enhanced (p<0.01); after breakfast larger snack portions (+16%, p=0.02), meal items not different (6%, p=0.13)	randomized within-subject design; computer-based portion task fasted and sated; the hunger difference has no magnitude in the abstract	16 men (age 23 +/- 0.9 y; BMI 23.6 +/- 0.6 kg/m2)	RCT	Hogenkamp PS, Nilsson E, Nilsson VC et al 2013, Psychoneuroendocrinology 38:1668-1674; doi:10.1016/j.psyneuen.2013.01.012; pmid:23428257	docs/superpowers/specs/2026-10-08-satiety-physiology-design.md § 4. Edge cases (Sleep), Plan 11c Task 1c harvest (2026-10-08)	settled	
S1284	fatigue-sleep	subjective hunger under sleep restriction vs normal sleep (pooled)	mean difference = 13.4 on a 100 mm scale (p < 0.001); energy intake +252.8 kcal/d (p = 0.011); weight +0.34 kg under partial restriction (p = 0.003)	41 randomized controlled trials of sleep restriction; no strong evidence of an effect on mean leptin or ghrelin levels or energy expenditure	healthy adults	MA	Zhu B, Shi C, Park CG, Zhao X, Reutrakul S 2019, Sleep Med Rev 45:18-30; doi:10.1016/j.smrv.2019.02.002; pmid:30870662	docs/superpowers/specs/2026-10-08-satiety-physiology-design.md § 4. Edge cases (Sleep), Plan 11c Task 1c harvest (2026-10-08)	settled	
S1285	fatigue-sleep	ghrelin under short sleep or sleep deprivation (pooled) (the reading that sleep loss raises ghrelin, against Zhu 2019's RCT pooling)	short sleep: ghrelin SMD = 0.14 (95% CI 0.03, 0.25), p = 0.01; sleep deprivation groups: ghrelin SMD = 0.18 (95% CI 0.04, 0.33), p = 0.01, leptin SMD = 0.24 (95% CI 0.10, 0.39), p = 0.001	21 of 3536 studies, 2250 participants, experimental and cross-sectional; Zhu 2019's pooling of 41 RCTs found no strong evidence on mean ghrelin	adults, short vs recommended sleep	MA	Lin J, Jiang Y, Wang G, Meng M, Zhu Q, Mei H, Liu S, Jiang F 2020, Obes Rev 21:e13051; doi:10.1111/obr.13051; pmid:32537891	docs/superpowers/specs/2026-10-08-satiety-physiology-design.md § 4. Edge cases (Sleep), Plan 11c Task 1c harvest (2026-10-08)	settled	
S1286	satiety	next-morning appetite after a bedtime protein milk snack vs a non-energetic placebo (an evening snack's satiety does not reach the morning)	the snack reduced hunger (P=0.01) and increased fullness (P=0.04) during the evening immediately after ingestion but elicited no effect the next morning; next-morning breakfast BS0 2187 (sem 365) kJ, BS10 2070 (sem 336) kJ, BS30 2582 (sem 384) kJ (P=0.21); next-morning RMR not altered (P=0.19)	milk snack with 10 or 30 g protein 30 min before bedtime; VAS and an ad libitum breakfast	mildly overweight males (age 24.3 (sem 0.8) y; BMI 27.4 (sem 1.1) kg/m2)	RCT	Lay AHH, Crabtree DR, Campbell TG, Dreczkowski GM, Galloway SDR, Tipton KD, Witard OC 2018, Br J Nutr 119:1355-1365; doi:10.1017/s0007114518001058; pmid:29845905	docs/superpowers/specs/2026-10-08-satiety-physiology-design.md § 4. Edge cases (Sleep), Plan 11c Task 1c harvest (2026-10-08)	settled	
S1287	energy	sleeping metabolic rate as a ratio of basal metabolic rate (the reading that SMR is below BMR)	SMR 1416 +/- 245 vs BMR 1492 +/- 256 kcal/d; SMR/BMR 0.95 +/- 0.08 (8.4% coefficient of variation); males 0.93 +/- 0.10, females 0.97 +/- 0.06 (p < 0.05)	r = 0.867 between SMR and BMR; no anthropometric measure correlated with the ratio; the authors read the difference as tending to become negligible over 24 h or more	94 healthy Japanese adults (37 male, 57 female; 39 +/- 12 y; 22.0 +/- 7.4% body fat), respiratory chamber	COH	Kumahara H, Yoshioka M, Yoshitake Y, Shindo M, Schutz Y, Tanaka H 2004, J Nutr Sci Vitaminol (Tokyo) 50:441-445; doi:10.3177/jnsv.50.441; pmid:15895522	docs/superpowers/specs/2026-10-08-satiety-physiology-design.md § 4. Edge cases (Sleep), Plan 11c Task 1c harvest (2026-10-08)	settled	
S1288	energy	sleeping metabolic rate over a whole 8-h sleep and over its minimum 3 h, as ratios of basal metabolic rate (the reading that whole-night SMR equals BMR)	SMR/BMR 1.01 +/- 0.09 (range 0.82-1.42) for SMR-8h; 0.94 +/- 0.07 (range 0.77-1.23) for SMR-3h	two open-circuit indirect human calorimeters; BMR by calorimeter or mask and Douglas bag	adult Japanese men (n=71) and women (n=66)	COH	Ganpule AA, Tanaka S, Ishikawa-Takata K, Tabata I 2007, Eur J Clin Nutr 61:1256-1261; doi:10.1038/sj.ejcn.1602645; pmid:17299487	docs/superpowers/specs/2026-10-08-satiety-physiology-design.md § 4. Edge cases (Sleep), Plan 11c Task 1c harvest (2026-10-08)	settled	
S1289	energy	sleeping metabolic rate against resting metabolic rate across the night	SMR decreased continuously during sleep to its lowest point just before waking; averages for RMR and SMR were similar; RMR lower than SMR at the beginning of sleep and higher in the morning hours; average SMR tends to be lower than RMR in obese and higher than RMR in non-obese subjects	human respiratory chamber; the rate of SMR decrease correlated with body weight (-0.829), BMI (-0.896) and FFM (-0.798)	18 healthy pre-menopausal women (9 obese, 9 non-obese; average age 36 y, range 22-45)	COH	Zhang K, Sun M, Werner P, Kovera AJ, Albu J, Pi-Sunyer FX, Boozer CN 2002, Int J Obes Relat Metab Disord 26:376-383; doi:10.1038/sj.ijo.0801922; pmid:11896493	docs/superpowers/specs/2026-10-08-satiety-physiology-design.md § 4. Edge cases (Sleep), Plan 11c Task 1c harvest (2026-10-08)	settled	
S1290	energy	night-time energy expenditure awake (sleep deprivation) vs asleep	night-time EE significantly increased by ~32% on the sleep deprivation night and decreased by ~4% during recovery sleep compared to baseline; 24-h EE increased by ~7% during the first 24 h of sleep deprivation and decreased by ~5% during recovery	whole-room indirect calorimeter for 3 days: baseline 16 h wake and 8 h sleep, then 40 h sleep deprivation and 8 h recovery sleep; small differences among sleep stages; wakefulness within the sleep episode raised EE	7 healthy participants aged 22 +/- 5 y on a weight-maintenance diet	EXP	Jung CM, Melanson EL, Frydendall EJ, Perreault L, Eckel RH, Wright KP 2011, J Physiol 589:235-244; doi:10.1113/jphysiol.2010.197517; pmid:21059762	docs/superpowers/specs/2026-10-08-satiety-physiology-design.md § 4. Edge cases (Sleep), Plan 11c Task 1c harvest (2026-10-08)	settled	
S1291	digestion	gastric emptying half-time of an evening (8 PM) vs a morning (8 AM) meal	evening half-times significantly longer for solids (p < 0.001), not liquids; the increase in evening meal emptying time 53.6%	8 PM meal; the abstract does not say whether subjects slept during the measurement	16 healthy male subjects synchronized with diurnal activity and nocturnal rest	EXP	Goo RH, Moore JG, Greenberg E, Alazraki NP 1987, Gastroenterology 93:515-518; doi:10.1016/0016-5085(87)90913-9; pmid:3609660	docs/superpowers/specs/2026-10-08-satiety-physiology-design.md § 4. Edge cases (Sleep), Plan 11c Task 1c harvest (2026-10-08)	settled	
S1292	digestion	gastric myoelectric activity asleep vs awake	dominant power fell from waking 31.4 +/- 1.4 dB to 23.1 +/- 1.5 dB (stage 2), 24.7 +/- 1.4 dB (stage 4) and 24.3 +/- 1.3 dB (REM); 2-4 cpm activity fell from 90.8 +/- 3.2% awake to 64.6 +/- 7.6% (stage 2) and 57.5 +/- 5.5% (stage 4), not significantly vs REM (74.1 +/- 5.4%)	electrogastrogram over 20-min segments under polysomnography; no significant differences between sleep stages; emptying itself was not measured	17 healthy volunteers	COH	Elsenbruch S, Orr WC, Harnish MJ, Chen JD 1999, Sleep 22:453-458; doi:10.1093/sleep/22.4.453; pmid:10389221	docs/superpowers/specs/2026-10-08-satiety-physiology-design.md § 4. Edge cases (Sleep), Plan 11c Task 1c harvest (2026-10-08)	settled	
S1293	digestion	gastric contraction amplitude by sleep depth	the amplitude of gastric contractions decreased with depth of sleep (light sleep N2 vs deep sleep N3; P<0.05); progression through the small intestine did not change with depth of sleep	pilot; ingestible electromagnetic capsules (3D-Transit) with polysomnography; emptying not measured as a rate	9 healthy subjects	COH	Haase AM, Fallet S, Otto M, Scott SM, Schlageter V, Krogh K 2015, Clin Exp Gastroenterol 8:327-332; doi:10.2147/ceg.s91964; pmid:26677340	docs/superpowers/specs/2026-10-08-satiety-physiology-design.md § 4. Edge cases (Sleep), Plan 11c Task 1c harvest (2026-10-08)	settled	
S1294	digestion	gastric emptying during sleep (narrative review)	gastric emptying is slow during sleep but REM sleep is associated with faster gastric emptying; gastrointestinal function markedly reduced most of the time during sleep	narrative review in Portuguese with an English abstract; no emptying rate given	humans	TXT	Dantas RO, Aben-Athar CG 2002, Arq Gastroenterol 39:55-59; doi:10.1590/s0004-28032002000100010; pmid:12184167	docs/superpowers/specs/2026-10-08-satiety-physiology-design.md § 4. Edge cases (Sleep), Plan 11c Task 1c harvest (2026-10-08)	settled	
S1295	fatigue-sleep	factor by which sleep slows the rise of hunger (the decay of post-absorptive satiety) per hour, against quiet wakefulness at the same time since the last meal		named by Plan 11c (ruling 11c-21, F_sleep); the harvested sources give the direction only: morning hunger after a night awake exceeds that after a night asleep at the same fast (Schmid 2008, Hogenkamp 2013), sleep restriction raises hunger 13.4 mm (Zhu 2019), and a circadian peak-to-trough difference of 17% of the mean, trough 07:50 (Scheer 2013); none states a per-hour rate, and a bedtime snack's satiety is gone by morning (Lay 2018)				docs/superpowers/specs/2026-10-08-satiety-physiology-design.md § 4. Edge cases (Sleep), Plan 11c Task 1c harvest (2026-10-08)	open	
S1296	digestion	gastric emptying rate or half-time of a meal while asleep		no measurement found in the 2026-10-08 Europe PMC search; slowing is inferred from evening-meal half-times taken awake (Goo 1987, evening meal emptying time +53.6%, measured from 8 PM), electrogastrography (Elsenbruch 1999), contraction amplitude (Haase 2015) and a narrative review (Dantas 2002)				docs/superpowers/specs/2026-10-08-satiety-physiology-design.md § 4. Edge cases (Sleep), Plan 11c Task 1c harvest (2026-10-08)	open	
S1297	satiety	appetite-hormone response to an acute bout of exercise (pooled AUC effect sizes) (the reading that PYY and GLP-1 rise, against Douglas 2016 in overweight or obese adults)	acylated ghrelin suppressed: Cohen's d -0.20 (95% CI -0.373 to -0.027), median decrease 16.5%; PYY raised: d 0.24 (95% CI 0.007 to 0.475), median increase 8.9%; GLP-1 raised: d 0.275 (95% CI -0.031 to 0.581), median increase 13%; PP raised: d 0.50 (95% CI 0.11 to 0.89), median increase 15%	20 studies (28 trials), 241 participants (77.6% men); random effects for acylated ghrelin (18 studies, 25 trials) and PYY (8 studies, 14 trials), fixed effects for PP (4 studies, 5 trials) and GLP-1 (5 studies, 8 trials); no significant heterogeneity; publication bias detected for all analyses; no moderator variable (intensity, duration, mode, participant characteristics) moderated acylated ghrelin or PYY	healthy adults, mostly men, in acute laboratory exercise trials reporting AUC over more than three time points	MA	Schubert MM, Sabapathy S, Leveritt M, Desbrow B 2014, Sports Med 44:387-403; doi:10.1007/s40279-013-0120-3; pmid:24174308	docs/superpowers/specs/2026-10-08-satiety-physiology-design.md § 5a, Plan 11c Task 1d harvest (2026-10-08)	settled	
S1298	satiety	acylated ghrelin, PYY and GLP-1 after acute exercise in overweight or obese adults (pooled) (the reading that PYY and GLP-1 do not rise in this population, against Schubert 2014)	acylated ghrelin AUC suppressed: pooled SMD -0.34 (95% CI -0.53 to -0.15); total PYY SMD 0.10 (95% CI -0.13 to 0.31); GLP-1 SMD -0.03 (95% CI -0.18 to 0.13); the acylated ghrelin reduction greater at higher mean BMI (metaregression slope -0.04 SMD per kg/m2, 95% CI -0.07 to 0.00)	6 published studies, 73 participants (78% male), random effects	overweight or obese adults (mean BMI 30.6 kg/m2)	MA	Douglas JA, Deighton K, Atkinson JM et al 2016, J Obes 2016:2643625; doi:10.1155/2016/2643625; pmid:28116150	docs/superpowers/specs/2026-10-08-satiety-physiology-design.md § 5a, Plan 11c Task 1d harvest (2026-10-08)	settled	
S1299	satiety	time course of hunger during and after intense exercise and its effect on the next meal (exercise-induced anorexia)	subjective hunger significantly suppressed during and after intense exercise sessions (P < 0.01) but the suppression was short-lived; no significant effect on the amount eaten at the test meal; intense exercise delayed the start of eating (P < 0.05); only the long-duration high-intensity session created a significant short-term negative energy balance relative to expenditure (P < 0.001)	two repeated-measures studies, three conditions each (control, low and high intensity; control, short and long duration at high intensity), randomly assigned; hunger by VAS and the time from the end of exercise to the volitional onset of eating; intake by a free-selection test meal and recorded for the next 2 days; the abstract gives no VAS magnitude and no duration in minutes	23 healthy lean men (n = 11 and n = 12), Leeds University population	RCT	King NA, Burley VJ, Blundell JE 1994, Eur J Clin Nutr 48:715-724; pmid:7835326	docs/superpowers/specs/2026-10-08-satiety-physiology-design.md § 5a, Plan 11c Task 1d harvest (2026-10-08)	settled	
S1300	satiety	hunger and acylated ghrelin over 9 h after a 60-min run at 72% VO2max vs rest	acylated ghrelin AUC lower with exercise: 317 +/- 135 vs 510 +/- 186 pg.ml-1.3 h over the first 3 h and 917 +/- 342 vs 1,401 +/- 521 pg.ml-1.9 h over 9 h (means +/- SE; P < 0.05); hunger AUC lower over the first 3 h of the exercise trial (P = 0.013)	random crossover, two 9-h trials from 0800 after an overnight fast; run 0800-0900, test meal at 1100; hunger by visual scale; hunger magnitudes not in the abstract	9 men aged 19-25 y	RCT	Broom DR, Stensel DJ, Bishop NC et al 2007, J Appl Physiol 102:2165-2171; doi:10.1152/japplphysiol.00759.2006; pmid:17347386	docs/superpowers/specs/2026-10-08-satiety-physiology-design.md § 5a, Plan 11c Task 1d harvest (2026-10-08)	settled	
S1301	satiety	hunger, acylated ghrelin and PYY during and after resistance vs aerobic exercise (exercise mode)	significant interaction effects (P < 0.05) indicating suppressed hunger and acylated ghrelin during aerobic and resistance exercise and increased PYY during aerobic exercise; 8-h PYY AUC control 1,411 +/- 110, resistance 1,381 +/- 97, aerobic 1,750 +/- 170 pg/ml 8 h	randomised crossover, three 8-h trials: 90-min free-weight lifting then 6.5 h rest; 60-min run then 7 h rest; 8 h rest; meals at 2 and 5 h; hunger magnitudes not in the abstract	11 healthy male students (21.1 +/- 0.3 y, BMI 23.1 +/- 0.4 kg/m2, VO2max 62.1 +/- 1.8 ml/kg/min)	RCT	Broom DR, Batterham RL, King JA, Stensel DJ 2009, Am J Physiol Regul Integr Comp Physiol 296:R29-R35; doi:10.1152/ajpregu.90706.2008; pmid:18987287	docs/superpowers/specs/2026-10-08-satiety-physiology-design.md § 5a, Plan 11c Task 1d harvest (2026-10-08)	settled	
S1302	satiety	appetite, intake and acylated ghrelin after 60 min of self-paced brisk walking (low intensity: no suppression)	brisk walking (7.0 +/- 0.1 km/h) yielded a net energy expenditure of 2008 +/- 134 kJ yet did not significantly influence appetite, energy or macronutrient intake or acylated ghrelin during or after exercise (P > 0.05); no compensation, so a deficit of 1836 kJ (439 kcal) relative to control	randomised counterbalanced, two 8-h trials; ad libitum buffet meals at 1.5-2 and 5-5.5 h; appetite every 30 min	14 healthy young men (21.9 +/- 0.5 y, BMI 23.4 +/- 0.6 kg/m2, VO2max 55.9 +/- 1.8 ml/kg/min)	RCT	King JA, Wasse LK, Broom DR, Stensel DJ 2010, Med Sci Sports Exerc 42:485-492; doi:10.1249/MSS.0b013e3181ba10c4; pmid:19952806	docs/superpowers/specs/2026-10-08-satiety-physiology-design.md § 5a, Plan 11c Task 1d harvest (2026-10-08)	settled	
S1303	satiety	overall appetite over 8 h after 60 min of moderate-intensity treadmill exercise (59% peak VO2) vs rest, and its duration	main effect of trial: overall appetite lower in the exercise than the control trial (95% CI -3.1 to -0.5 mm, ES = 0.07, P = 0.01); trial-by-time interaction: lower at 0.5, 1.0 and 1.5 h (all ES >= 0.60, P <= 0.001); lower at 0.5, 1.0 and 1.5 h (all ES >= 0.60, P <= 0.001); ad libitum energy intake at 7 h similar (95% CI -391 to 346 kJ, P = 0.90); delta acylated ghrelin not different (95% CI -5 to 3 pg/ml, P = 0.76)	randomised crossover, two 8-h trials; exercise at 0-1 h; standardised meals at 1.5 and 4 h; buffet at 7 h; overall appetite is the mean of hunger, satisfaction, fullness and prospective food consumption on 100-mm VAS every 30 min (satisfaction and fullness reverse-scored); lean -3.5 mm (ES 0.14) vs overweight/obese -0.1 mm (ES < 0.01), trial-by-group P = 0.01; overall appetite already lower in the exercise than the control trial at baseline (95% CI -11.2 to -0.4 mm, ES = 0.34, P = 0.04)	47 healthy adults: 22 lean (11 female; 37.5 y; 22.4 kg/m2) and 25 overweight/obese (11 female; 45.0 y; 29.2 kg/m2)	RCT	Douglas JA, King JA, Clayton DJ et al 2017, Int J Obes (Lond) 41:1737-1744; doi:10.1038/ijo.2017.181; pmid:28769121	docs/superpowers/specs/2026-10-08-satiety-physiology-design.md § 5a, Plan 11c Task 1d harvest (2026-10-08)	settled	
S1304	satiety	duration of acute appetite suppression after a single bout, and its dependence on intensity (HIIT/SIT vs moderate continuous)	both HIIT/SIT and MICT suppressed appetite vs no-exercise control immediately post exercise, with no significant effect 30-90 min post exercise or in AUC values; HIIT/SIT suppressed hunger more than MICT 30-90 min post exercise (MD = -6.347 mm [-12.054, -0.639], p = 0.029); differences between HIIT/SIT and MICT immediately post exercise negligible	13 randomised controlled studies to September 2021; VAS; the abstract gives no mean difference against control	adults in single-session laboratory trials	MA	Hu M, Nie J, Lei OK, Shi Q, Kong Z 2023, Appetite 182:106427; doi:10.1016/j.appet.2022.106427; pmid:36565929	docs/superpowers/specs/2026-10-08-satiety-physiology-design.md § 5a, Plan 11c Task 1d harvest (2026-10-08)	settled	
S1305	satiety	the intensity threshold and mode dependence of exercise-induced anorexia (narrative consensus)	subjective feelings of appetite transiently suppressed during exercise performed at or greater than 60% peak oxygen uptake; the change has been reported after resistance exercise but is less marked and is not observed consistently; Appetite perceptions typically return to resting control values within 30 to 60 min of exercise cessation	narrative review; studies mostly in lean, physically active men	healthy adults	TXT	Dorling J, Broom DR, Burns SF et al 2018, Nutrients 10:1140; doi:10.3390/nu10091140; pmid:30131457	docs/superpowers/specs/2026-10-08-satiety-physiology-design.md § 5a, Plan 11c Task 1d harvest (2026-10-08)	settled	
S1306	satiety	reproducibility and between-person variation of appetite suppression after a 60-min run at 70% peak VO2	exercise suppressed mean acylated ghrelin and appetite perceptions (all ES = 0.62-1.47, P < 0.001) and raised total PYY (ES = 1.49, P < 0.001) vs control; the SD of the change scores substantially greater in exercise than control; the two replicate responses correlated r = 0.54-0.82 (P <= 0.036); participant-by-condition interactions for all variables (P <= 0.053)	replicated crossover: two 60-min rest and two 60-min fasted treadmill-run conditions in randomised sequences; measured immediately before and after	15 healthy recreationally active men	RCT	Goltz FR, Thackray AE, King JA et al 2018, Med Sci Sports Exerc 50:758-768; doi:10.1249/MSS.0000000000001504; pmid:29240652	docs/superpowers/specs/2026-10-08-satiety-physiology-design.md § 5a, Plan 11c Task 1d harvest (2026-10-08)	settled	
S1307	satiety	appetite, hormones and energy intake after acute exercise in overweight and obese adults (pooled)	hunger ES = -0.35; prospective food consumption ES = -0.26; fullness ES = 0.16; satiety ES = 0.15; acylated ghrelin ES = -0.73; insulin ES = -0.55 (nonsignificant); GLP-1 ES = 3.96 (nonsignificant); PYY ES = 0.24 (nonsignificant); relative energy intake ES = -0.54; absolute energy intake ES = -0.19	19 studies (34 trials), random effects; an erratum is published (doi:10.1123/ijsnem.2025-0175)	people living with overweight or obesity	MA	Li N, Wu M, Li Y 2025, Int J Sport Nutr Exerc Metab 35:540-556; doi:10.1123/ijsnem.2025-0078; pmid:40840552	docs/superpowers/specs/2026-10-08-satiety-physiology-design.md § 5a, Plan 11c Task 1d harvest (2026-10-08)	settled	
S1308	digestion	gastric emptying during and after acute exercise vs rest (pooled), and its dependence on intensity and mode	volume emptied ES = 0.195 (95% CI -0.25 to 0.64); half-time ES = -0.109 (95% CI -0.66 to 0.44); oro-caecal transit time ES = 0.089 (95% CI -0.64 to 0.82), all non-significant; emptying faster at lower and slower at high exercise intensities; walking associated with faster and cycling with slower emptying; greater meal or fluid volume, higher osmolality and longer exercise duration associated with slower emptying	20 studies (35 trials), 221 participants (157 men, 52 women, 12 unknown); Hedges' g, random effects; significant heterogeneity; mostly a liquid bolus given before exercise	generally active or trained adults	MA	Horner KM, Schubert MM, Desbrow B, Byrne NM, King NA 2015, Sports Med 45:659-678; doi:10.1007/s40279-014-0285-4; pmid:25398225	docs/superpowers/specs/2026-10-08-satiety-physiology-design.md § 5a, Plan 11c Task 1d harvest (2026-10-08)	settled	
S1309	satiety	dependence of the appetite-hormone response on exercise intensity (narrative)	changes in appetite-regulating hormones after acute exercise appear intensity-dependent, with increasing intensity leading to greater suppression of orexigenic signals and greater stimulation of anorexigenic signals; blood redistribution proposed as important for suppressing ghrelin	narrative review; no pooled estimate	healthy adults in acute exercise studies	TXT	Hazell TJ, Islam H, Townsend LK, Schmale MS, Copeland JL 2016, Appetite 98:80-88; doi:10.1016/j.appet.2015.12.016; pmid:26721721	docs/superpowers/specs/2026-10-08-satiety-physiology-design.md § 5a, Plan 11c Task 1d harvest (2026-10-08)	settled	
S1310	satiety	ad libitum energy intake after an acute bout of exercise vs rest, absolute and relative to the energy expended (pooled)	absolute energy intake: ES = 0.14 (95% CI -0.005 to 0.29), trivial; relative energy intake (creating an energy deficit): ES = -1.35 (95% CI -1.64 to -1.05), large; individuals tend not to compensate for the energy expended during exercise in the immediate hours after exercise	29 studies, 51 trials (25 for relative intake); exercise 30-120 min at 36-81% VO2max; trials 2-14 h; ad libitum test meals 0-2 h post exercise; random effects	adults in laboratory crossover trials	MA	Schubert MM, Desbrow B, Sabapathy S, Leveritt M 2013, Appetite 63:92-104; doi:10.1016/j.appet.2012.12.010; pmid:23274127	docs/superpowers/specs/2026-10-08-satiety-physiology-design.md § 5a, Plan 11c Task 1d harvest (2026-10-08)	settled	
S1311	satiety	24-h energy intake after a 90-min run vs no exercise (a large exercise deficit not compensated the same day)	participants expended 5324 kJ during exercise; 24-h energy intake control 17,191 kJ vs exercise 17,606 kJ, no compensatory increase; appetite and acylated ghrelin transiently suppressed and no different from control in the hours afterwards	randomised crossover; run at 68.8 +/- 0.8% VO2max then 8.5 h rest; ad libitum buffet meals; next-morning fasting sample and appetite ratings	9 healthy men	RCT	King JA, Miyashita M, Wasse LK, Stensel DJ 2010, Appetite 54:492-498; doi:10.1016/j.appet.2010.02.002; pmid:20152871	docs/superpowers/specs/2026-10-08-satiety-physiology-design.md § 5a, Plan 11c Task 1d harvest (2026-10-08)	settled	
S1312	satiety	appetite and intake under equal same-day energy deficits created by exercise vs by food restriction	deficits by food restriction 4820 +/- 151 kJ and by exercise 4715 +/- 113 kJ; appetite and ad libitum energy intake responded in a compensatory fashion to food restriction yet were not influenced by exercise; acylated ghrelin rose and PYY3-36 fell under food restriction (trial x time P < 0.001 each), not under exercise	randomised counterbalanced, three 9-h trials; 90-min run at 70% VO2max at the start of the exercise trial, then 7.5 h rest; test meals at 2 and 4.75 h; buffet at 8 h	12 healthy men	RCT	King JA, Wasse LK, Ewens J et al 2011, J Clin Endocrinol Metab 96:1114-1121; doi:10.1210/jc.2010-2735; pmid:21270331	docs/superpowers/specs/2026-10-08-satiety-physiology-design.md § 5a, Plan 11c Task 1d harvest (2026-10-08)	settled	
S1313	satiety	same-day compensation for land-based endurance exercise, and the exception of low-volume supramaximal exercise (narrative consensus)	a consensus among the majority of investigations that an acute bout of land-based endurance exercise does not stimulate compensatory increases in appetite and energy intake on the day of exercise; preliminary evidence that low-volume supramaximal exercise may increase appetite perceptions in the subsequent hours; the daily energy balance response to exercise primarily determined by the energy cost of exercise	narrative review	healthy adults	TXT	Deighton K, Stensel DJ 2014, Proc Nutr Soc 73:352-358; doi:10.1017/S002966511400007X; pmid:24717417	docs/superpowers/specs/2026-10-08-satiety-physiology-design.md § 5a, Plan 11c Task 1d harvest (2026-10-08)	settled	
S1314	satiety	post-exercise ad libitum energy intake after high-intensity or sprint interval vs moderate continuous exercise (pooled)	no difference in absolute energy intake for HIIE vs MICE (p = 0.54; 95% CI -0.14 to 0.26; 22 comparisons) or SIE vs MICE (p = 0.08; 95% CI -0.65 to 0.03; 6 comparisons), nor in relative energy intake (HIIE p = 0.97, 95% CI -0.35 to 0.10; SIE p = 0.28, 95% CI -1.03 to 0.06)	17 studies, 28 pairwise comparisons, random effects; subgroup analyses (intake method, body mass, sex, volume, timing) non-significant	adults in acute crossover trials	MA	Rossi PAQ, Panissa VLG, Silveira R et al 2022, Eur J Clin Nutr 76:929-942; doi:10.1038/s41430-021-01026-w; pmid:34675403	docs/superpowers/specs/2026-10-08-satiety-physiology-design.md § 5a, Plan 11c Task 1d harvest (2026-10-08)	settled	
S1315	satiety	ad libitum energy intake after a single bout of water-based exercise vs no exercise, vs land, and by water temperature (pooled)	water vs control: +330 kJ (95% CI 118 to 542, P = 0.002); water vs land: 78 kJ (95% CI -176 to 334, P = 0.55); cold water (18-20 C) vs neutral (27-33 C): +719 kJ (95% CI 222 to 1215, P < 0.005)	8 acute studies (water vs control), 5 (water vs land), 2 (two temperatures); fixed effects; appetite not meta-analysed because of heterogeneity	adults	MA	Grigg MJ, Thake CD, Allgrove JE et al 2023, Appetite 180:106375; doi:10.1016/j.appet.2022.106375; pmid:36375602	docs/superpowers/specs/2026-10-08-satiety-physiology-design.md § 5a, Plan 11c Task 1d harvest (2026-10-08)	settled	
S1316	satiety	ad libitum energy intake during or after acute cold or heat exposure vs thermoneutral, at rest or during exercise (pooled)	a small increase in energy intake in cold conditions (g = 0.44; p = 0.019) and a small decrease in hot conditions (g = -0.39; p = 0.022); the effect of exercise remains unclear	13 randomised controlled trials (2 heat, 8 cold, 3 both)	169 men and 30 women aged 20-52 y	MA	Millet J, Siracusa J, Tardo-Dino PE et al 2021, Nutrients 13:3424; doi:10.3390/nu13103424; pmid:34684424	docs/superpowers/specs/2026-10-08-satiety-physiology-design.md § 5a, Plan 11c Task 1d harvest (2026-10-08)	settled	
S1317	satiety	compensatory change in energy intake and expenditure over 7-day periods in response to the energy imbalances of high (about 4 MJ/day) vs no exercise and high- vs low-fat diets (2 x 2), feeding ad libitum	mean daily expenditure 17.6 vs 11.5 MJ/day (P < 0.001) on high vs no exercise; the energy imbalances induced compensatory changes in energy balance over time of approximately 0.3-0.4 MJ/day (P < 0.05), from intake (approximately 0.2 MJ/day) and expenditure (approximately 0.35 MJ/day), small but persistent; EI 13.4 MJ/day on the high-fat vs 9.0 MJ/day on the low-fat diets	2 x 2 randomised design (exercise x high- or low-fat diet), 7-day periods; intake weighed; expenditure by heart-rate monitoring	8 lean men	RCT	Stubbs RJ, Hughes DA, Johnstone AM et al 2004, Am J Physiol Regul Integr Comp Physiol 286:R350-R358; doi:10.1152/ajpregu.00196.2003; pmid:14707013	docs/superpowers/specs/2026-10-08-satiety-physiology-design.md § 5a, Plan 11c Task 1d harvest (2026-10-08)	settled	
S1318	satiety	fraction of an exercise-induced energy deficit compensated by intake over 14 days of ad libitum feeding	on average subjects compensated for about 30% of the exercise-induced energy deficit, the degree varying considerably among individuals; women EE 9.2, 11.6 and 13.7 MJ/d with EI 8.3, 8.6 and 9.9 MJ/d (P = 0.118); men EE 12.2, 14.0 and 16.7 MJ/d with EI 10.6, 11.6 and 12.0 MJ/d (P = 0.031) for no, moderate (1.5-2.0 MJ/d) and high (3.0-4.0 MJ/d) exercise; the authors state total compensation would take a matter of weeks	16-day protocols, fed to balance on days 1-2, ad libitum on days 3-16 from a medium-fat diet of constant composition; EE by doubly labelled water; each subject studied three times	6 lean men and 6 lean women	EXP	Whybrow S, Hughes DA, Ritz P et al 2008, Br J Nutr 100:1109-1115; doi:10.1017/S0007114508968240; pmid:18377694	docs/superpowers/specs/2026-10-08-satiety-physiology-design.md § 5a, Plan 11c Task 1d harvest (2026-10-08)	settled	
S1319	satiety	between-person variation in intake and hunger compensation over 12 weeks of supervised exercise	mean weight loss 3.7 +/- 3.6 kg as predicted, range -14.7 to +1.7 kg; compensators: energy intake +268.2 +/- 455.4 kcal/day and average daily hunger +6.9 +/- 11.4 mm; non-compensators: intake -130 +/- 485 kcal/day and hunger 0.4 +/- 9.6 mm/day	single-arm 12-week intervention, supervised exercise five times per week; compensators classed by actual vs predicted weight loss (NC 6.3 +/- 3.2 kg, C 1.5 +/- 2.5 kg)	35 overweight and obese sedentary men and women (BMI 31.8 +/- 4.1 kg/m2; 39.6 +/- 11.0 y)	EXP	King NA, Hopkins M, Caudwell P, Stubbs RJ, Blundell JE 2008, Int J Obes (Lond) 32:177-184; doi:10.1038/sj.ijo.0803712; pmid:17848941	docs/superpowers/specs/2026-10-08-satiety-physiology-design.md § 5a, Plan 11c Task 1d harvest (2026-10-08)	settled	
S1320	satiety	rise in daily energy intake after 24 weeks of supervised exercise at two doses vs control (doubly labelled water)	energy intake rose by 90.7 kcal/d (95% CI 35.1, 146.4) at 8 kcal/kg/wk and 123.6 kcal/d (95% CI 64.5, 182.7) at 20 kcal/kg/wk vs -2.3 kcal/d (95% CI -58.0, 53.5) in control; weight compensation 1.5 kg (95% CI 0.9, 2.2) and 2.7 kg (95% CI 2.0, 3.5); RMR and non-exercise activity did not change differentially; participants with higher compensation reported increased appetite ratings	randomised controlled trial (E-MECHANIC), per-protocol n = 171 of 198 randomised; 72.5% women	adults with overweight or obesity (BMI 31.5 +/- 4.7 kg/m2)	RCT	Martin CK, Johnson WD, Myers CA et al 2019, Am J Clin Nutr 110:583-592; doi:10.1093/ajcn/nqz054; pmid:31172175	docs/superpowers/specs/2026-10-08-satiety-physiology-design.md § 5a, Plan 11c Task 1d harvest (2026-10-08)	settled	
S1321	satiety	energy compensation over 12 weeks of 1,500 vs 3,000 kcal/wk of exercise expenditure (compensation not proportional to dose)	compensation 943 (-164 to 2,050) and 1,007 (32 to 1,982) kcal/wk (mean, 95% CI; P >= 0.93), or 62.9% and 33.6% of exercise expenditure; resting metabolic rate and energy intake did not change; acylated ghrelin increased (P <= 0.02) and GLP-1 and food reinforcement decreased (P < 0.02)	randomised to 300 or 600 kcal per session, 5 days/wk, 12 wk; 14 and 15 completers; compensation from changes in body tissue energy stores	overweight-to-obese sedentary men and women	RCT	Flack KD, Ufholz K, Johnson L, Fitzgerald JS, Roemmich JN 2018, Am J Physiol Regul Integr Comp Physiol 315:R619-R626; doi:10.1152/ajpregu.00071.2018; pmid:29897822	docs/superpowers/specs/2026-10-08-satiety-physiology-design.md § 5a, Plan 11c Task 1d harvest (2026-10-08)	settled	
S1322	energy	total energy compensation (intake and expenditure together) for exercise energy expenditure across interventions, and its growth with duration	overall mean energy compensation 18% +/- 93%; for studies of about 80 weeks the compensation approached 84%; 48% of the variance explained by the interaction of initial fat mass, age and intervention duration; from 25 weeks onward compensation no longer differed by these predictors	61 studies, 928 subjects; compensation = body energy change (fat and fat-free mass) over total exercise energy expenditure, so it includes intake and expenditure responses; sex, frequency, intensity and exercise dose were not significant predictors	adults in exercise interventions	MA	Riou ME, Jomphe-Tremblay S, Lamothe G et al 2015, Nutrients 7:3677-3704; doi:10.3390/nu7053677; pmid:25988763	docs/superpowers/specs/2026-10-08-satiety-physiology-design.md § 5a, Plan 11c Task 1d harvest (2026-10-08)	settled	
S1323	satiety	daily energy intake and fasting hunger after exercise training vs no-exercise control (pooled)	in studies rated fair or good, no significant pre-post change in daily intake and a small but negligible (SMD < 0.20) post-intervention difference vs no-exercise control (five study arms; MD = 102 [1, 203] kcal); negligible-to-small pre-post increases in fasting hunger and dietary restraint	48 articles; quality poor in 39, fair in 7, good in 2; median intervention 12 weeks; daily intake mostly self-reported	adults with overweight or obesity (median BMI 30.6 kg/m2)	MA	Beaulieu K, Blundell JE, van Baak MA et al 2021, Obes Rev 22 Suppl 4:e13251; doi:10.1111/obr.13251; pmid:33949089	docs/superpowers/specs/2026-10-08-satiety-physiology-design.md § 5a, Plan 11c Task 1d harvest (2026-10-08)	settled	
S1324	energy	total daily energy expenditure of military personnel in garrison and field training (doubly labelled water)	men: group means 13.0 to 29.8 MJ (3109-7131 kcal) per day, overall 19.3 +/- 2.7 MJ (4610 +/- 650 kcal) per day; women: 9.8 to 23.4 MJ (2332-5597 kcal) per day, overall 11.9 +/- 2.6 MJ (2850 +/- 620 kcal) per day; combat training higher than non-combat training or support; tended higher in the cold or at high altitude, not raised by hot weather	424 men measured over an average 12.2 days (2.25-69); 77 women over an average 8.8 days (2.25-14); a compilation of measured groups	military personnel (soldiers, sailors, airmen, marines)	COH	Tharion WJ, Lieberman HR, Montain SJ et al 2005, Appetite 44:47-65; doi:10.1016/j.appet.2003.11.010; pmid:15604033	docs/superpowers/specs/2026-10-08-satiety-physiology-design.md § 5a, Plan 11c Task 1d harvest (2026-10-08)	settled	
S1325	satiety	appetite during 72 h of strenuous activity (about 9.6 MJ/d activity expenditure) with limited sleep, energy-balanced vs energy-deficient, and the deficit needed to raise appetite	relative to sedentary REST: hunger, desire to eat and prospective consumption +26 (sd 40)%, +56 (sd 71)% and +28 (sd 34)% under the deficit diet and -55 (sd 25)%, -52 (sd 27)% and -54 (sd 21)% under the balanced diet; fullness +65 (sd 61)% under the balanced diet; regression predicted energy deficits of >= 25% would be required to elicit increases in appetite	randomised crossover after 1 sedentary balanced day; energy balance +18 (sd 20)% (BAL) and -43 (sd 9)% (DEF); slowed gastric emptying, raised anorexigenic hormones and lower fasting acylated ghrelin named as potential mechanisms of suppression; simulated sustained military operations (SUSOPS)	10 men	RCT	Karl JP, Hatch-McChesney A, Allen JT et al 2021, Br J Nutr 126:1571-1584; doi:10.1017/S0007114521000131; pmid:33441218	docs/superpowers/specs/2026-10-08-satiety-physiology-design.md § 5a, Plan 11c Task 1d harvest (2026-10-08)	settled	
S1326	satiety	energy intake and hunger across a 15-day military expedition in the cold with ample palatable food (intake compensation builds over days)	energy intake 15.3 +/- 2.1, 16.1 +/- 2.1 and 17.6 +/- 2.0 MJ for D1-5, D6-10 and D11-15 (p < .012), reaching neutral energy balance by D6-10; intake increased only in the mid-day (10:00-14:00) period; hunger and thirst increased only in the morning, higher in D11-15 than D1-5 (p < .009); body mass -1.13 +/- 1.42% and fat mass -19.5 +/- 15.6%	single-group field study; ~20-MJ daily bags of easy-to-use, highly palatable, familiar foods with multiple long breaks	12 male soldiers	COH	Charlot K, Chapelot D, Siracusa J et al 2021, Physiol Rep 9:e14591; doi:10.14814/phy2.14591; pmid:34057319	docs/superpowers/specs/2026-10-08-satiety-physiology-design.md § 5a, Plan 11c Task 1d harvest (2026-10-08)	settled	
S1327	satiety	energy intake and hunger across a 14-day cold-weather military expedition in Greenland	energy expenditure 15 +/- 9 MJ/day, relatively constant; self-reported energy intake 17% higher in D8-D14 than D1-D7, giving a neutral energy balance; hunger scores (VAS) not significantly altered; body fat mass -1.0 +/- 0.7 kg (p < 0.001), body mass unchanged	single-group field study; easy-to-eat palatable foods in excess; expenditure by accelerometry, intake by diary	12 male French soldiers	COH	Charlot K, Chapelot D, Colin P, Bourrilhon C 2020, Appl Physiol Nutr Metab 45:968-977; doi:10.1139/apnm-2019-0677; pmid:32187499	docs/superpowers/specs/2026-10-08-satiety-physiology-design.md § 5a, Plan 11c Task 1d harvest (2026-10-08)	settled	
S1328	satiety	energy intake against expenditure on a 5-day field training exercise with rations, and the reasons given for underconsumption	energy expenditure 3,245 +/- 238 (CCAR) and 3,276 +/- 317 (FSR) kcal/day; intake 2,194 +/- 539 vs 1,914 +/- 611 kcal/day; energy deficit 32% +/- 12% vs 42% +/- 11%; the most commonly cited reasons for underconsumption: not liking the food, lack of time and lack of appetite	parallel single-blinded randomised trial; one ration per day (about 2,850-2,910 kcal provided); expenditure by doubly labelled water	active-duty service members (n = 29 and n = 28)	RCT	Dawson MA, Hatch-McChesney A, Ndou TV et al 2026, Mil Med usag134; doi:10.1093/milmed/usag134; pmid:41921503	docs/superpowers/specs/2026-10-08-satiety-physiology-design.md § 5a, Plan 11c Task 1d harvest (2026-10-08)	settled	
S1329	satiety	underconsumption of operational rations in military training and field operations	military personnel in training and field operations often do not eat their rations in the amounts needed to meet their energy and nutrient requirements and consequently lose weight	committee report, 20 chapters; qualitative	military personnel in the field	AUTH	Institute of Medicine (US) Committee on Military Nutrition Research 1995, Not Eating Enough: Overcoming Underconsumption of Military Operational Rations, National Academies Press; doi:10.21236/ada300575; pmid:25121269	docs/superpowers/specs/2026-10-08-satiety-physiology-design.md § 5a, Plan 11c Task 1d harvest (2026-10-08)	settled	
S1330	satiety	energy intake, hunger and balance over 7 days of a sedentary (1.4 x RMR) vs moderately active (1.8 x RMR) routine, feeding ad libitum	energy expenditure 9.7 vs 12.8 MJ/d (P < 0.01); energy intake 13.5 vs 14.4 MJ/d (P = 0.463); no regimen effect on hunger, appetite or body weight; cumulative energy balance by day 7 26.3 vs 11.1 MJ; a sedentary routine does not induce a compensatory reduction of intake	each subject studied twice, 7 days resident in a whole-body indirect calorimeter, medium-fat diet of constant composition	6 lean men (23.0 +/- 2.3 y)	EXP	Stubbs RJ, Hughes DA, Johnstone AM et al 2004, Am J Clin Nutr 79:62-69; doi:10.1093/ajcn/79.1.62; pmid:14684398	docs/superpowers/specs/2026-10-08-satiety-physiology-design.md § 5a, Plan 11c Task 1d harvest (2026-10-08)	settled	
S1331	satiety	energy intake against physical activity across activity quintiles, and fat gain over 1 year (the low-activity uncoupling)	a positive relation between calculated energy intake and activity group except in the lowest quintile; the least-active group (15.7 +/- 9.9 min MVPA/d, 6062 +/- 1778 steps/d) gained the most fat mass over 1 y (1.7 +/- 0.3 kg); odds of gaining > 3% fat mass 1.8 to 3.8 times those of the middle activity group; a threshold for energy balance at 7116 steps/d	prospective cohort, measures every 3 months; intake calculated from body-composition change and energy expenditure	421 adults (27.6 +/- 3.8 y)	COH	Shook RP, Hand GA, Drenowatz C et al 2015, Am J Clin Nutr 102:1332-1338; doi:10.3945/ajcn.115.115360; pmid:26561620	docs/superpowers/specs/2026-10-08-satiety-physiology-design.md § 5a, Plan 11c Task 1d harvest (2026-10-08)	settled	
S1332	satiety	energy intake across graded habitual physical activity levels (a J-shaped relation)	a significant curvilinear effect of graded activity level (low, medium, high, very high) on standardised energy intake (main effect F(3,21) = 3.57, P = 0.03; linear F = 5.79, P = 0.03; quadratic F = 8.10, P = 0.01); active individuals compensated better for high-energy preloads; appetite sensations and absolute energy intake did not differ consistently	28 studies (14 cross-sectional, 14 exercise training); the J-curve from 10 cross-sectional studies, 8 on self-reported daily intake	healthy non-smoking adults aged 18-64 y	MA	Beaulieu K, Hopkins M, Blundell J, Finlayson G 2016, Sports Med 46:1897-1919; doi:10.1007/s40279-016-0518-9; pmid:27002623	docs/superpowers/specs/2026-10-08-satiety-physiology-design.md § 5a, Plan 11c Task 1d harvest (2026-10-08)	settled	
S1333	satiety	energy intake against occupational activity from sedentary to very heavy work (Mayer's uncoupling at low activity)	as Beaulieu 2016 reports it: daily energy expenditure and intake closely matched at higher levels of daily activity, but at low levels the coupling was lost, intake exceeding expenditure in those performing 'sedentary' or 'light' work; the primary's own numbers were not read	the primary has no abstract and its full text was not reachable at harvest (2026-10-08)	male jute-mill workers in West Bengal, sedentary to very heavy occupations	COH	Mayer J, Roy P, Mitra KP 1956, Am J Clin Nutr 4:169-175; doi:10.1093/ajcn/4.2.169; pmid:13302165	docs/superpowers/specs/2026-10-08-satiety-physiology-design.md § 5a, Plan 11c Task 1d harvest (2026-10-08)	unverified	
S1334		the pooled size, in mm VAS, of hunger suppression against a no-exercise control immediately after an acute aerobic bout, and its decay constant in minutes as a function of intensity		direction and duration family settled: suppression during and immediately after the bout (Hu 2023), absent 30-90 min after in that pooling but seen to 1.5 h at 59% peak VO2 (Douglas 2017) and in the 3-h hunger AUC after a 72% VO2max run (Broom 2007); Hu 2023's abstract gives a difference only against MICT (-6.347 mm); no source gives a time constant; a narrative 30-60 min return (Dorling 2018); Douglas 2017's main effect of trial -3.1 to -0.5 mm (ES 0.07) over 8 h, ES >= 0.60 at 0.5-1.5 h	healthy adults, acute laboratory exercise			docs/superpowers/specs/2026-10-08-satiety-physiology-design.md § 5a, Plan 11c Task 1d harvest (2026-10-08)	superseded	S1500, S1502
S1335		the time constant, in days, over which intake compensation for a sustained rise in activity expenditure builds		readings at fixed horizons only: about 0.2 MJ/day of intake by 7 days (Stubbs 2004, AJP), about 30% of the deficit over 14 days (Whybrow 2008), 33.6-62.9% total compensation at 12 weeks (Flack 2018), an 18% mean rising toward 84% at about 80 weeks (Riou 2015, intake and expenditure together); no source fits a time constant	adults under weeks of added exercise, feeding ad libitum			docs/superpowers/specs/2026-10-08-satiety-physiology-design.md § 5a, Plan 11c Task 1d harvest (2026-10-08)	open	
S1336		appetite and intake under weeks of heavy daily manual labour with scarce or unpalatable food		the field studies run 3 to 15 days with ample (Charlot 2020, 2021) or ration-limited (Dawson 2026) food; the one controlled reading (Karl 2021) is 72 h; none covers weeks of labour under scarcity	people doing heavy physical work under food scarcity			docs/superpowers/specs/2026-10-08-satiety-physiology-design.md § 5a, Plan 11c Task 1d harvest (2026-10-08)	open	
S1337	fibre	acute energy intake reduction by viscous vs less viscous fibre (vote count; the companion of S0487's appetite reading)	more viscous fibres (e.g. pectins, beta-glucans and guar gum) reduced acute energy intake in 69% of comparisons vs 30% for less viscous fibres; overall effects on energy intake and body weight relatively small; distinct dose-response relationships not observed	systematic review of RCTs; effect rates as proportions of fibre-control comparisons: appetite n = 58, acute energy intake n = 26, long-term energy intake n = 38, body weight n = 66 comparisons; no pooled effect size; no certainty rating given	humans in randomised controlled trials	MA	Wanders AJ, van den Borne JJ, de Graaf C et al 2011, Obes Rev 12:724-739; doi:10.1111/j.1467-789X.2011.00895.x; pmid:21676152	docs/superpowers/research/2026-10-09-satiety-research-2/21-fibre.md § Satiety research 2, fibre harvest (2026-10-09)	settled	
S1338	fibre	post-meal energy intake under soluble-fibre supplementation by type, with the confidence intervals S1237 omits (the reading that only polydextrose's pooled effect excludes zero)	pooled Cohen's d on energy intake: guar gum -0.90 (95% CI -1.83, 0.03; I2 = 95.8%; random effects; n = 3); beta-glucan -0.44 (95% CI -0.91 to 0.04; I2 = 0%; fixed effects; n = 2); alginate -0.42 (95% CI -0.84, 0.01; I2 = 80.9%; random effects; n = 2); polydextrose -0.36 (95% CI -0.56, -0.17; I2 = 0%; fixed effects; n = 4); pectin -0.26 (95% CI -0.53, 0.02; I2 = 0%; fixed effects; n = 2); only four test products significantly reduced energy intake: 5 g alginate and 5 g guar gum in milk beverages, 9 g alginate in chocolate cookies and 25 g polydextrose in chocolate-flavoured beverages	15 RCT articles (17 interventional studies; 31 soluble-fibre types, doses or viscosities), 21 fibres from 10 articles meta-analysed; n = pooled studies per fibre; risk of bias high: only four studies clearly reported randomisation and only one was double-blinded (low Jadad scores); energy intake measured 90 to 240 min after the fibre; the polydextrose upper bound is printed both -0.017 and -0.17 (either excludes zero); no certainty rating given	healthy adults; randomised controlled trials	MA	Salleh SN, Fairus AAH, Zahary MN, Bhaskar Raj N, Mhd Jalil AM 2019, Foods 8:15; doi:10.3390/foods8010015; pmid:30621363	docs/superpowers/research/2026-10-09-satiety-research-2/21-fibre.md § Satiety research 2, fibre harvest (2026-10-09)	settled	
S1339	fibre	share of well-characterised fibre comparisons efficacious for any appetite outcome, and which fibre property predicts efficacy	in 51 of 90 comparisons the fibre was efficacious for >= 1 appetite-related outcome; reported differences in viscosity, molecular weight or fermentability did not clearly correspond to differences in efficacy, whereas gel-forming fibre sources were consistently efficacious (but with very few comparisons)	systematic search; 49 articles with 90 comparisons, acute and sustained-exposure trials; included only where the fibre's viscosity, gelling, fermentability or molecular weight was reported; the authors judge methods too inconsistent for generalised conclusions; no certainty rating given	healthy humans; controlled intervention trials	MA	Poutanen KS, Dussort P, Erkner A et al 2017, Am J Clin Nutr 106:747-754; doi:10.3945/ajcn.117.157172; pmid:28724643	docs/superpowers/research/2026-10-09-satiety-research-2/21-fibre.md § Satiety research 2, fibre harvest (2026-10-09)	settled	
S1340	fibre	appetite and ad libitum intake under higher vs lower cereal fibre, by cereal source	cereal fibre associated with favourable effects on satiety and other appetite measures but limited effects on ad libitum energy intake; rye and oat fibre superior on appetite; wheat and barley fibres, and functional fibres, resistant starch and soluble corn fibre, showed a weak effect on appetite sensations and ad libitum energy intake	systematic review of 48 randomised crossover studies, appetite >= 2 h, washout >= 3 days; quality by the Academy of Nutrition and Dietetics Quality Criteria Checklist and the Health Canada Consistency Tool; no pooled estimate; PROSPERO CRD42023395182	healthy humans	MA	Machalias A, Ferguson JJA, Guy T, Beck EJ 2026, Nutr Rev 84:47-68; doi:10.1093/nutrit/nuaf083; pmid:40644449	docs/superpowers/research/2026-10-09-satiety-research-2/21-fibre.md § Satiety research 2, fibre harvest (2026-10-09)	settled	
S1341	fibre	satiety from an interaction of added fibre with dietary fat (acute)	a meta-analysis of a fat-fibre interaction on satiety found no significant effects; fat per kJ had a weak effect on satiation	systematic review of acute studies to December 2017; 1490 records reduced to 12 included studies; no certainty rating given	humans; acute studies	MA	Warrilow A, Mellor D, McKune A, Pumpa K 2019, Eur J Clin Nutr 73:333-344; doi:10.1038/s41430-018-0295-7; pmid:30166637	docs/superpowers/research/2026-10-09-satiety-research-2/21-fibre.md § Satiety research 2, fibre harvest (2026-10-09)	settled	
S1342	fibre	ad libitum lunch and daily energy intake after polydextrose in a mid-morning snack, and its dose-response per gram	lunch energy intake reduced (SMD = 0.35; P < 0.01; I2 = 0); EI at lunch (%) = -0.67 x polydextrose (g/day) (R2 = 0.80; P < 0.01); rest-of-day and daily intake not different in the meta-analysis, but EI daily (%) = -0.35 x polydextrose (g/day) (R2 = 0.68; P < 0.05)	6 studies in the lunch analysis, 3 in the rest-of-day and daily analyses; PRISMA; Ibarra, Olli and Tiihonen are with DuPont Nutrition & Health (the polydextrose supplier), Alhoniemi with Avoltus Oy; no certainty rating given	adults; polydextrose in a mid-morning snack	MA	Ibarra A, Astbury NM, Olli K, Alhoniemi E, Tiihonen K 2015, Appetite 87:30-37; doi:10.1016/j.appet.2014.12.099; pmid:25510531	docs/superpowers/research/2026-10-09-satiety-research-2/21-fibre.md § Satiety research 2, fibre harvest (2026-10-09)	settled	
S1343	fibre	subjective appetite (VAS iAUC) after polydextrose in the satiation and satiety periods	desire to eat in the satiation period reduced (SMD = 0.24, I2 < 0.01, p = 0.018), in men SMD = 0.35 (p = 0.015); no other significant results across hunger, satisfaction, fullness, prospective consumption and desire to eat	7 studies; Ibarra, Olli and Tiihonen are with DuPont Nutrition & Health (the polydextrose supplier), Alhoniemi with Avoltus Oy; no certainty rating given	adults; polydextrose	MA	Ibarra A, Astbury NM, Olli K, Alhoniemi E, Tiihonen K 2016, Nutrients 8:45; doi:10.3390/nu8010045; pmid:26784221	docs/superpowers/research/2026-10-09-satiety-research-2/21-fibre.md § Satiety research 2, fibre harvest (2026-10-09)	settled	
S1344	fibre	appetite, energy intake and body weight under inulin-type fructan supplementation (the null reading for fructans)	adults: 5 RCTs found no effect on appetite sensations; 11 RCTs found no effect on daily energy intake or energy intake at a meal test; 2 of 3 RCTs on body weight showed a reduction; children: 1 RCT (n = 97, aged 9-13 y) found a reduced weight increase on 8 g/day oligofructose + inulin over 1 year	systematic review; adults 15 RCTs (n = 545), children 4 RCTs (n = 232); no pooled estimate; no certainty rating given	children and adults; well-defined inulin-type fructans vs placebo or no intervention	MA	Liber A, Szajewska H 2013, Ann Nutr Metab 63:42-54; doi:10.1159/000350312; pmid:23887189	docs/superpowers/research/2026-10-09-satiety-research-2/21-fibre.md § Satiety research 2, fibre harvest (2026-10-09)	settled	
S1345	fibre	subjective appetite after acute resistant starch, by dose and type (the pooled positive reading; S21.10 is the large-trial null)	appetite AUC lower than control: WMD -1.375 mm min (95% CI -1.673, -1.076); doses >= 25 g: WMD -4.513 mm min (95% CI -5.270, -3.755; I2 = 0%); doses < 25 g: WMD -0.799 mm min (95% CI -1.123, -0.474); RS2: WMD -4.808 mm min (95% CI -5.834, -3.782); RS1: WMD -0.128 mm min (95% CI -0.457, 0.202; P = 0.448)	4 studies; overall I2 = 94.5% (P < 0.001); no certainty rating given	healthy adults; randomised placebo-controlled trials	MA	Amini S, Mansoori A, Maghsumi-Norouzabad L 2021, Clin Nutr ESPEN 41:42-48; doi:10.1016/j.clnesp.2020.12.006; pmid:33487300	docs/superpowers/research/2026-10-09-satiety-research-2/21-fibre.md § Satiety research 2, fibre harvest (2026-10-09)	settled	
S1346	fibre	appetite, gut hormones and food intake after 12 weeks of 45 g/day resistant starch (RS2) vs isocaloric digestible starch (the large-trial null)	no effect on VAS appetite (P > 0.05), the Eating Inventory (P >= 0.24), GLP-1 (P = 0.61), PYY (P = 0.34), total (P = 0.26) or active (P = 0.47) ghrelin, buffet energy intake (P = 0.30) or free-living energy intake by remote food photography (P = 0.40)	randomised controlled trial; 68 enrolled, 59 analysed; secondary end points	adults aged 35-75 y with BMI >= 27 and prediabetes	RCT	White U, Peterson CM, Beyl RA, Martin CK, Ravussin E 2020, J Acad Nutr Diet 120:1034-1041; doi:10.1016/j.jand.2020.01.017; pmid:32280055	docs/superpowers/research/2026-10-09-satiety-research-2/21-fibre.md § Satiety research 2, fibre harvest (2026-10-09)	settled	
S1347	fibre	self-reported satiety after a week of resistant-starch (RS2) wheat rolls vs wild-type wheat (a hormone change without a behavioural one)	fasting and peak PYY3-36 increased (q = 0.02) and GIP peak and iAUC decreased (q < 0.001), but VAS hunger or fullness did not differ after the test meal	double-blind randomised placebo-controlled crossover; the hormone readings exploratory; mechanism-only for satiety	30 healthy adults aged 40-65 y	RCT	Hughes RL, Horn WF, Wen A et al 2022, Appetite 168:105802; doi:10.1016/j.appet.2021.105802; pmid:34774669	docs/superpowers/research/2026-10-09-satiety-research-2/21-fibre.md § Satiety research 2, fibre harvest (2026-10-09)	settled	
S1348	fibre	ad libitum lunch intake and satiety after an alginate preload at two volumes	low volume (9.9 g alginate in 330 ml): lunch energy intake 8.0% lower than placebo (P = 0.040) without differences in satiety feelings or paracetamol concentrations; high volume (15.0 g in 500 ml): satiety raised (P = 0.038), hunger (P = 0.042) and prospective consumption (P = 0.027) reduced, paracetamol iAUC reduced (P = 0.05), but energy intake only 5.5% lower (P = 0.20)	four-way placebo-controlled double-blind crossover; preloads 30 min before a fixed breakfast and again before an ad libitum lunch	20 normal-weight subjects, age 25.9 +/- 3.4 y, BMI 23.5 +/- 1.7	RCT	Georg Jensen M, Kristensen M, Belza A, Knudsen JC, Astrup A 2012, Obesity (Silver Spring) 20:1851-1858; doi:10.1038/oby.2011.232; pmid:21779093	docs/superpowers/research/2026-10-09-satiety-research-2/21-fibre.md § Satiety research 2, fibre harvest (2026-10-09)	settled	
S1349	fibre	daily energy intake over 7 days of preprandial strong-gelling sodium alginate vs control (free-living; the positive reading against S21.14's alginate null)	mean daily energy intake reduced by 134.8 kcal (7%), with reductions in carbohydrate, sugar, fat, saturated fat and protein; no interaction with gender, BMI class or preload timing	randomised controlled two-way crossover	68 free-living males and females, BMI 18.50-32.81	RCT	Paxman JR, Richardson JC, Dettmar PW, Corfe BM 2008, Appetite 51:713-719; doi:10.1016/j.appet.2008.06.013; pmid:18655817	docs/superpowers/research/2026-10-09-satiety-research-2/21-fibre.md § Satiety research 2, fibre harvest (2026-10-09)	settled	
S1350	fibre	gastric emptying, gastric volumes, satiation, free-choice meal intake and gut hormones after 10 days of alginate capsules vs placebo (the null reading for alginate)	no treatment effects on gastric emptying or volumes, ghrelin, CCK, GLP-1 or PYY, satiation, or total and macronutrient calorie intake at a free-choice meal	randomised 1:1 placebo-controlled allocation-concealed trial; three capsules a day 30 min before the main meal, six before testing on days 8-10	48 overweight or obese adults without psychiatric comorbidity or binge eating disorder	RCT	Odunsi ST, Vazquez-Roque MI, Camilleri M et al 2010, Obesity (Silver Spring) 18:1579-1584; doi:10.1038/oby.2009.421; pmid:19960001	docs/superpowers/research/2026-10-09-satiety-research-2/21-fibre.md § Satiety research 2, fibre harvest (2026-10-09)	settled	
S1351	fibre	energy intake on a twice-daily calcium-gelled alginate-pectin beverage vs control, by dietary restraint	food intake at dinner reduced for both the 1.0 g and 2.8 g formulations vs control; women in the lower 50th percentile of rigid restraint ate 12% less energy during the day and 22% less at the evening snack on 2.8 g; no effect in the upper 50th percentile	within-subjects double-blind placebo-controlled; 1-week treatment periods with 1-week washout; intake on days 1 and 7	29 nondieting overweight and obese women	RCT	Pelkman CL, Navia JL, Miller AE, Pohle RJ 2007, Am J Clin Nutr 86:1595-1602; doi:10.1093/ajcn/86.5.1595; pmid:18065575	docs/superpowers/research/2026-10-09-satiety-research-2/21-fibre.md § Satiety research 2, fibre harvest (2026-10-09)	settled	
S1352	fibre	inter-meal hunger and fullness over 3 days of psyllium before breakfast and lunch, by dose	3.4 g, 6.8 g and 10.2 g all gave directional or significant reductions in hunger and desire to eat and increased fullness between meals vs placebo, the two higher doses better than placebo or 3.4 g, and 6.8 g the most consistent (p <= 0.013); in a second study with an energy-restricted breakfast, 6.8 g reduced 3-day mean hunger and desire to eat and raised fullness (p <= 0.004)	two sequential randomised double-blind placebo-controlled crossover trials; Brum and Gibb are with Procter & Gamble, maker of the psyllium product (Metamucil); no intake outcome	healthy volunteers	RCT	Brum JM, Gibb RD, Peters JC, Mattes RD 2016, Appetite 105:27-36; doi:10.1016/j.appet.2016.04.041; pmid:27166077	docs/superpowers/research/2026-10-09-satiety-research-2/21-fibre.md § Satiety research 2, fibre harvest (2026-10-09)	settled	
S1353	fibre	ad libitum intake 75 min after a high insoluble-fibre cereal vs a low-fibre cereal, white bread and water (insoluble fibre)	ad libitum intake 937 +/- 86 kcal after the high-fibre cereal (33 g insoluble fibre), 970 +/- 65 after white bread, 1109 +/- 90 after the low-fibre cereal and 1224 +/- 89 after water (P < 0.001); appetite lower after the high-fibre cereal than white bread but not different from the low-fibre cereal	crossover; caloric treatments matched for energy, macronutrients, volume and weight	healthy young men after an overnight fast	RCT	Samra RA, Anderson GH 2007, Am J Clin Nutr 86:972-979; doi:10.1093/ajcn/86.4.972; pmid:17921373	docs/superpowers/research/2026-10-09-satiety-research-2/21-fibre.md § Satiety research 2, fibre harvest (2026-10-09)	settled	
S1354	fibre	gastric-emptying half-time after 4 weeks of 20 g/day apple pectin vs alpha-cellulose (viscous vs insoluble fibre, sustained intake)	gastric emptying half-time prolonged approximately twofold after pectin (p < 0.005), returning to normal 3 weeks after pectin stopped; cellulose did not alter the gastric emptying rate	2 wk low-fibre (3 g) diet, then 4 wk isocaloric diet with 20 g/day pectin (7 subjects) or cellulose (6 subjects); low-fibre test breakfast labelled with technetium sulfur-colloid; no appetite outcome	healthy volunteers	EXP	Schwartz SE, Levine RA, Singh A, Scheidecker JR, Track NS 1982, Gastroenterology 83:812-817; doi:10.1016/s0016-5085(82)80010-3; pmid:6286402	docs/superpowers/research/2026-10-09-satiety-research-2/21-fibre.md § Satiety research 2, fibre harvest (2026-10-09)	settled	
S1355	fibre	gastric-emptying half-time and lag phase of a beta-glucan-enriched oat bread vs a whole-wheat bread at 25 g available carbohydrate	oat bread increased T1/2 by 18 min (p = 0.005) and Tlag by 14 min (p = 0.010); gastric emptying rate not different (p = 0.562); GLP-1 not different (p = 0.892)	randomised crossover; ultrasound antral area to 120 min; no appetite or intake outcome	22 healthy adults, age 24.6 +/- 3.1 y, BMI 23.1 +/- 2.7	RCT	Revheim I, Ballance S, Standal AF et al 2024, Nutr Metab (Lond) 21:13; doi:10.1186/s12986-024-00789-w; pmid:38500209	docs/superpowers/research/2026-10-09-satiety-research-2/21-fibre.md § Satiety research 2, fibre harvest (2026-10-09)	settled	
S1356	fibre	gastric emptying and satiety across a 1000-fold range of meal viscosity (non-nutrient locust bean gum meals)	despite a 1000-fold range of initial viscosity there was only a small delay in gastric emptying (P for trend < 0.05); all meals underwent rapid intragastric dilution; satiety AUC increased and hunger AUC decreased with initial viscosity (P < 0.05)	500 mL meals of 0.25, 0.5, 1.0 or 1.5 g/100 g locust bean gum; echo-planar MRI	8 healthy volunteers	RCT	Marciani L, Gowland PA, Spiller RC et al 2000, J Nutr 130:122-127; doi:10.1093/jn/130.1.122; pmid:10613778	docs/superpowers/research/2026-10-09-satiety-research-2/21-fibre.md § Satiety research 2, fibre harvest (2026-10-09)	settled	
S1357	fibre	gastric emptying, gastric volume and fullness for meals of low or high viscosity, with or without nutrients (viscosity against nutrient load)	adding nutrients to the high-viscosity meal delayed gastric emptying from 46 +/- 9 to 76 +/- 6 min (P < 0.004), whereas increasing viscosity had a smaller effect; fullness linear in total gastric volume for the nutrient meals (R2 = 0.98), logarithmic for the non-nutrient meals (R2 = 0.96); fullness higher for high- than low-viscosity meals (P < 0.02)	four polysaccharide test meals; MRI; no intake outcome	12 healthy subjects	RCT	Marciani L, Gowland PA, Spiller RC et al 2001, Am J Physiol Gastrointest Liver Physiol 280:G1227-G1233; doi:10.1152/ajpgi.2001.280.6.g1227; pmid:11352816	docs/superpowers/research/2026-10-09-satiety-research-2/21-fibre.md § Satiety research 2, fibre harvest (2026-10-09)	settled	
S1358	fibre	fullness at the same gastric volume after strong- or weak-gelling alginate or guar gum (gel lumps in the stomach)	gastric emptying similar for all 4 meals, but fullness at the same gastric volume significantly greater for all 3 viscous meals than control; strong-gelling alginate (P = 0.031) and guar (P = 0.041) increased fullness at 115 min; strong-gelling alginate decreased hunger at 115 min (P = 0.041) and 240 min (P = 0.041)	325 mL milk-based meal-replacer beverage with 1% by weight alginate or guar gum, or control; serial MRI; satiety recorded for 4 h; no intake outcome	12 subjects (3 men, 9 women)	RCT	Hoad CL, Rayment P, Spiller RC et al 2004, J Nutr 134:2293-2300; doi:10.1093/jn/134.9.2293; pmid:15333719	docs/superpowers/research/2026-10-09-satiety-research-2/21-fibre.md § Satiety research 2, fibre harvest (2026-10-09)	settled	
S1359	fibre	return of hunger after guar gum in low- and high-fat soups and its relation to gastric emptying	3% guar gum delayed emptying of the low-fat soup, and the small delays in the return of hunger and decline of fullness correlated with gastric emptying; with the high-fat soup the delays in return of hunger and decline of fullness were far greater and not correlated with the small additional delay in emptying	crossover; no intake outcome	8 male volunteers	RCT	French SJ, Read NW 1994, Am J Clin Nutr 59:87-91; doi:10.1093/ajcn/59.1.87; pmid:8279409	docs/superpowers/research/2026-10-09-satiety-research-2/21-fibre.md § Satiety research 2, fibre harvest (2026-10-09)	settled	
S1360	fibre	ad libitum energy intake after colonic propionate delivery (inulin-propionate ester), and weight gain over 24 weeks	acute 10 g inulin-propionate ester vs inulin-control: buffet intake 300 min after a standard breakfast fell from 1175 kcal (95% CI 957 to 1392) to 1013 kcal (95% CI 816 to 1210) (p < 0.01), a mean reduction of 13.8%, with higher PYY and GLP-1 at 240-420 min and no suppression of subjective appetite; 24 weeks of 10 g/day vs inulin-control: >= 3% weight gain in 1 of 25 (4%) vs 6 of 24 (25%) (p = 0.036), >= 5% in none vs 4 of 24 (17%) (p = 0.033); weight change -1.02 kg (95% CI -2.10 to 0.04) vs 0.38 kg (95% CI -0.95 to 1.72), p = 0.099; change in ad libitum meal intake at week 24 not different between groups (p = 0.972)	acute randomised controlled crossover (n = 20); long-term randomised double-blind placebo-controlled parallel trial, 60 randomised, 49 analysed; no certainty rating given	acute: 20 volunteers (healthy subjects, per the discussion); long-term: overweight adults aged 40-65 y, BMI 25-40	RCT	Chambers ES, Viardot A, Psichas A et al 2015, Gut 64:1744-1754; doi:10.1136/gutjnl-2014-307913; pmid:25500202	docs/superpowers/research/2026-10-09-satiety-research-2/21-fibre.md § Satiety research 2, fibre harvest (2026-10-09)	settled	
S1361	fibre	satiety and energy intake over 2 weeks of 16 g/day oligofructose vs maltodextrin (fermentable fibre, pilot)	satiety increased after breakfast (P = 0.04) and dinner (P = 0.04); hunger (P = 0.04) and prospective consumption (P = 0.05) reduced after dinner; energy intake lower at breakfast (P = 0.01) and lunch (P = 0.03); total daily energy intake 5% lower on oligofructose	single-blinded randomised placebo-controlled crossover pilot; 2-week phases, 2-week washout	5 men and 5 women aged 21-39 y, BMI 18.5-27.4	RCT	Cani PD, Joly E, Horsmans Y, Delzenne NM 2006, Eur J Clin Nutr 60:567-572; doi:10.1038/sj.ejcn.1602350; pmid:16340949	docs/superpowers/research/2026-10-09-satiety-research-2/21-fibre.md § Satiety research 2, fibre harvest (2026-10-09)	settled	
S1362	fibre	satiety at breakfast after an evening meal rich in indigestible carbohydrate (the second-meal effect) and its link to colonic fermentation	barley-kernel or fibre-and-resistant-starch-enriched evening breads improved next-morning glucose tolerance vs white wheat bread (P < 0.05); breath hydrogen correlated positively with breakfast satiety (r = 0.27; P < 0.01) and inversely with gastric emptying rate (r = -0.23; P < 0.05)	crossover; evening meals of 50 g available starch; no intake outcome	15 healthy subjects	RCT	Nilsson AC, Ostman EM, Holst JJ, Bjorck IM 2008, J Nutr 138:732-739; doi:10.1093/jn/138.4.732; pmid:18356328	docs/superpowers/research/2026-10-09-satiety-research-2/21-fibre.md § Satiety research 2, fibre harvest (2026-10-09)	settled	
S1363	fibre	hunger and appetite hormones at a standard breakfast 11-14 h after an evening meal of brown beans vs white wheat bread (the second-meal effect)	hunger sensations -15% (p = 0.05), PYY +51% (p < 0.001), ghrelin -14% (p < 0.05); breath H2 +141% (p < 0.01), plasma propionate +16% (p < 0.05)	randomised crossover; no intake outcome	16 healthy young adults	RCT	Nilsson A, Johansson E, Ekstrom L, Bjorck I 2013, PLoS One 8:e59985; doi:10.1371/journal.pone.0059985; pmid:23577078	docs/superpowers/research/2026-10-09-satiety-research-2/21-fibre.md § Satiety research 2, fibre harvest (2026-10-09)	settled	
S1364	satiety	satiety and second-meal intake after pulses vs isocaloric controls (acute)	satiety iAUC 31% greater (ratio of means 1.31, 95% CI 1.09 to 1.58, P = 0.004; I2 = 0%); second-meal intake not affected (MD -19.94, 95% CI -75 to 35, P = 0.48; I2 = 63%)	9 acute controlled trials; random effects; the authors note small samples, narrow participant characteristics and unexplained heterogeneity; no certainty rating given	humans; beans, peas, chickpeas and lentils vs isocaloric controls	MA	Li SS, Kendall CW, de Souza RJ et al 2014, Obesity (Silver Spring) 22:1773-1780; doi:10.1002/oby.20782; pmid:24820437	docs/superpowers/research/2026-10-09-satiety-research-2/21-fibre.md § Satiety research 2, fibre harvest (2026-10-09)	settled	
S1365	satiety	subjective appetite and energy intake after whole-grain vs refined-grain foods, and its dependence on how the arms were matched (the reading that the effect follows the portion's mass)	hunger AUC SMD -0.34 (95% CI -0.46, -0.22), fullness 0.49 (0.31, 0.66), satiety 0.33 (0.18, 0.47), desire to eat -0.33 (-0.46, -0.20); energy intake SMD -0.11 (95% CI -0.23, 0.01; P = 0.070), significant only above the median 90.1 g whole grain; arms matched by available carbohydrate: hunger -0.44 (-0.59, -0.30), fullness 0.57 (0.37, 0.77); arms matched by calories: hunger -0.10 (-0.33, 0.14), fullness 0.19 (-0.18, 0.57), both non-significant; matched by calories and volume: hunger -0.22 (-0.47, 0.03)	36 RCTs reviewed, 32 pooled; hunger I2 = 15.17%, fullness I2 = 36.76%; energy intake 29 comparisons from 17 studies, I2 = 7.44%; GRADE moderate for appetite and energy intake (low for prospective consumption), downgraded for risk of bias and possible publication bias; funded by General Mills	adults; RCTs	MA	Sanders LM, Zhu Y, Wilcox ML, Koecher K, Maki KC 2021, Adv Nutr 12:1177-1195; doi:10.1093/advances/nmaa178; pmid:33530093	docs/superpowers/research/2026-10-09-satiety-research-2/21-fibre.md § Satiety research 2, fibre harvest (2026-10-09)	settled	
S1366	satiety	lunch energy intake and fullness after apple as whole fruit, applesauce or juice (with and without added fibre), matched for weight, energy, energy density and ingestion rate	whole apple reduced lunch energy intake (preload + test meal) by 15% (187 +/- 36 kcal) vs no preload (p < 0.0001) and decreased intake vs applesauce and both juices; fullness apple > applesauce > both juices > control; adding naturally occurring levels of fibre to juice did not enhance satiety	within-subjects, once a week for 5 weeks; preloads 266 g, 125 kcal, 15 min before an ad libitum meal	58 adults	RCT	Flood-Obbagy JE, Rolls BJ 2009, Appetite 52:416-422; doi:10.1016/j.appet.2008.12.001; pmid:19110020	docs/superpowers/research/2026-10-09-satiety-research-2/21-fibre.md § Satiety research 2, fibre harvest (2026-10-09)	settled	
S1367	satiety	gastric-emptying half-time and fullness after isocaloric whole apple, apple puree or apple juice	GE t50 65 (3.3) min for whole apple vs 41 (2.8) min for puree and 38 (2.9) min for juice (P < 0.0001; puree and juice not different); fullness and satiety AUC 0-270 min greater for whole apple than juice (P = 0.002 and 0.004)	open-label 3-way randomised crossover; 178 kcal portions; MRI to 270 min; mean (SEM); no intake outcome	18 healthy adults, age 25 +/- 4 y, BMI 22.7 +/- 3.5	RCT	Krishnasamy S, Lomer MCE, Marciani L et al 2020, J Nutr 150:2890-2899; doi:10.1093/jn/nxaa191; pmid:32805050	docs/superpowers/research/2026-10-09-satiety-research-2/21-fibre.md § Satiety research 2, fibre harvest (2026-10-09)	settled	
S1368	satiety	ingestion rate and satiety of apples as intact fruit, puree or fibre-free juice (fibre removal and disruption)	juice consumed eleven times faster than intact apples and four times faster than puree; with ingestion rate equalised, juice significantly less satisfying than puree, and puree than apples	test meals of 60 g available carbohydrate; satiety scored numerically; no intake outcome	10 normal subjects	RCT	Haber GB, Heaton KW, Murphy D, Burroughs LF 1977, Lancet 2:679-682; doi:10.1016/s0140-6736(77)90494-9; pmid:71495	docs/superpowers/research/2026-10-09-satiety-research-2/21-fibre.md § Satiety research 2, fibre harvest (2026-10-09)	settled	
S1369	fibre	body weight under viscous fibre added to an ad libitum diet for >= 4 weeks	-0.33 kg (95% CI -0.51, -0.14; P = 0.004); BMI -0.28 (-0.42, -0.14); waist -0.63 cm (-1.11, -0.16); no change in body fat (-0.78%; 95% CI -1.56, 0.00; P = 0.05); greater reductions in overweight people and those with diabetes or metabolic syndrome	62 trials, n = 3877; GRADE moderate for body weight, high for waist and body fat, low for BMI	adults; RCTs >= 4 wk without calorie restriction	MA	Jovanovski E, Mazhar N, Komishon A et al 2020, Am J Clin Nutr 111:471-485; doi:10.1093/ajcn/nqz292; pmid:31897475	docs/superpowers/research/2026-10-09-satiety-research-2/21-fibre.md § Satiety research 2, fibre harvest (2026-10-09)	settled	
S1370	fibre	body weight under viscous fibre added to a calorie-restricted diet for >= 4 weeks	-0.81 kg (95% CI -1.20, -0.41; p < 0.0001); BMI -0.25 (-0.46, -0.05); body fat -1.39% (-2.61, -0.17); waist not changed	15 studies, n = 1347; GRADE moderate for body weight, BMI and body fat (downgraded for imprecision), low for waist	overweight adults and those with cardiovascular risk factors; calorie-restricted diets	MA	Jovanovski E, Mazhar N, Komishon A et al 2021, Eur J Nutr 60:101-112; doi:10.1007/s00394-020-02224-1; pmid:32198674	docs/superpowers/research/2026-10-09-satiety-research-2/21-fibre.md § Satiety research 2, fibre harvest (2026-10-09)	settled	
S1371	fibre	body weight under isolated soluble fibre vs placebo without energy restriction (2 to 17 weeks)	body weight -2.52 kg (95% CI -4.25, -0.79; P = 0.004); BMI -0.84 (-1.35, -0.32); body fat -0.41% (-0.58, -0.24)	12 RCTs, n = 609; considerable between-study heterogeneity for most outcomes; no publication bias identified; no certainty rating given	adults with overweight and obesity	MA	Thompson SV, Hannon BA, An R, Holscher HD 2017, Am J Clin Nutr 106:1514-1528; doi:10.3945/ajcn.117.163246; pmid:29092878	docs/superpowers/research/2026-10-09-satiety-research-2/21-fibre.md § Satiety research 2, fibre harvest (2026-10-09)	settled	
S1372	fibre	body weight and energy intake under cereal beta-glucan (the reading of weight loss without an intake reduction)	body weight WMD -0.77 kg (95% CI -1.49, -0.04); BMI -0.62 (-1.04, -0.21); no significant effect on waist or energy intake; in a subgroup, >= 4 g/day beta-glucan increased energy intake	20 RCTs; no certainty rating given	humans; randomised controlled trials	MA	Rahmani J, Miri A, Cerneviciute R et al 2019, Complement Ther Med 43:131-139; doi:10.1016/j.ctim.2019.01.018; pmid:30935520	docs/superpowers/research/2026-10-09-satiety-research-2/21-fibre.md § Satiety research 2, fibre harvest (2026-10-09)	settled	
S1373	fibre	body weight under glucomannan supplementation	body weight WMD -0.79 kg (95% CI -1.53, -0.05)	14 studies, n = 531; random effects; no certainty rating given; a later systematic review of 6 RCTs (Zalewski 2015) found short-term reductions only and no favourable effect on BMI	adults and children in randomised controlled trials	MA	Sood N, Baker WL, Coleman CI 2008, Am J Clin Nutr 88:1167-1175; doi:10.1093/ajcn/88.4.1167; pmid:18842808; Zalewski BM, Chmielewska A, Szajewska H 2015, Nutrition 31:437-442; doi:10.1016/j.nut.2014.09.004; pmid:25701331	docs/superpowers/research/2026-10-09-satiety-research-2/21-fibre.md § Satiety research 2, fibre harvest (2026-10-09)	settled	
S1374	fibre	body weight under psyllium dosed just before meals (>= 2 months)	MD -2.1 kg (95% CI -2.6 to -1.6; p < .001); BMI -0.8 (-1.0 to -0.6); waist -2.2 cm (-2.9 to -1.4); mean dose 10.8 g/day, mean duration 4.8 months	6 studies, n = 354; random effects; authors affiliated with the psyllium product's maker; no certainty rating given	overweight and obese adults	MA	Gibb RD, Sloan KJ, McRorie JW 2023, J Am Assoc Nurse Pract 35:468-476; doi:10.1097/JXX.0000000000000882; pmid:37163454	docs/superpowers/research/2026-10-09-satiety-research-2/21-fibre.md § Satiety research 2, fibre harvest (2026-10-09)	settled	
S1375	satiety	body weight on diets containing whole pulses vs no pulse intervention	-0.34 kg (95% CI -0.63, -0.04; P = 0.03) at a median 132 g/d (about 1 serving/d) over a median 6 weeks; significant in negative-energy-balance (P = 0.02) and neutral-energy-balance (P = 0.03) diets	21 trials, n = 940; low between-study heterogeneity; risk of bias by the Cochrane tool; no GRADE rating in the abstract	adults; RCTs >= 3 wk	MA	Kim SJ, de Souza RJ, Choo VL et al 2016, Am J Clin Nutr 103:1213-1223; doi:10.3945/ajcn.115.124677; pmid:27030531	docs/superpowers/research/2026-10-09-satiety-research-2/21-fibre.md § Satiety research 2, fibre harvest (2026-10-09)	settled	
S1376	fibre	bodyweight in clinical trials comparing higher with lower dietary fibre intake (whole diets, not supplements)	clinical trials show significantly lower bodyweight, systolic blood pressure and total cholesterol when comparing higher with lower intakes of dietary fibre	58 clinical trials with 4635 adults across the outcomes; weight-loss and supplement trials excluded; certainty for dietary fibre and critical outcomes graded moderate (GRADE); the kg value is in the full text and was not resolved here	adults without chronic disease	MA	Reynolds A, Mann J, Cummings J, Winter N, Mete E, Te Morenga L 2019, Lancet 393:434-445; doi:10.1016/S0140-6736(18)31809-9; pmid:30638909	docs/superpowers/research/2026-10-09-satiety-research-2/21-fibre.md § Satiety research 2, fibre harvest (2026-10-09)	settled	
S1377	fibre	fibre intake as a predictor of weight loss on calorie-restricted diets over 6 months	fibre intake the most influential predictor of weight loss (beta = -0.37; P < 0.0001) in the best-fit model (R2 = 0.41); fibre strongly associated with adherence to the macronutrient prescription (P < 0.0001); mean weight change -7.27 +/- 5.6 kg	secondary analysis of the POUNDS Lost randomised trial; LASSO with model averaging on a 70% training set; observational with respect to fibre	345 adults with overweight or obesity (53.9% female), age 52.5 +/- 8.7 y, BMI 32.6 +/- 3.9, on -750 kcal/d diets	COH	Miketinas DC, Bray GA, Beyl RA, Ryan DH, Sacks FM, Champagne CM 2019, J Nutr 149:1742-1748; doi:10.1093/jn/nxz117; pmid:31174214	docs/superpowers/research/2026-10-09-satiety-research-2/21-fibre.md § Satiety research 2, fibre harvest (2026-10-09)	settled	
S1378		the pooled per-gram effect of viscous or gel-forming fibre on VAS hunger or ad libitum intake in a mixed whole-food meal		no meta-analysis pools a per-gram effect for any fibre but polydextrose (Ibarra 2015: -0.67% lunch intake per g); Wanders 2011 found no distinct dose-response; every viscous-fibre pooled effect in Salleh 2019 has a CI that includes zero				docs/superpowers/research/2026-10-09-satiety-research-2/21-fibre.md § Satiety research 2, fibre harvest (2026-10-09)	open	
S1379	satiety	appetite-hormone change after acute protein vs an isocaloric lower-protein control, and the dose at which hormones move (pooled mean difference) (mechanism only; the behavioural readings of the same pool are S1222)	cholecystokinin +30 pg/ml (P<0.001); glucagon-like peptide-1 +21 ng/ml (P<0.001); no change in gastric inhibitory polypeptide or peptide YY; appetite markers were affected by protein doses < 35 g but ghrelin, cholecystokinin and GLP-1 changed significantly after doses >= 35 g	49 acute publications, random-effects mean differences; I2, risk of bias and certainty not read (abstract only, the full text is not open access); no certainty rating given in the abstract	healthy adults; randomised trials with isocaloric treatment and control arms	MA	Kohanmoo A, Faghih S, Akhlaghi M 2020, Physiol Behav 226:113123; doi:10.1016/j.physbeh.2020.113123; pmid:32768415	docs/superpowers/research/2026-10-09-satiety-research-2/22-protein.md § Satiety research 2, protein harvest (2026-10-09)	settled	
S1380	satiety	ad libitum test-meal intake and total intake after a protein preload vs control in older adults (pooled) (the reading that the preload's own energy is not compensated)	test-meal energy intake MD -164 kJ (95% CI -299, -29 kJ; P = 0.02); total energy intake including the supplement MD +649 kJ (95% CI 438, 861 kJ; P < 0.00001); appetite ratings suppressed in 7 of 24 acute protein arms	7 acute studies, 22 protein arms for intake; random effects; I2 and certainty not read (abstract only); no certainty rating given in the abstract	healthy adults >= 60 y; 22 studies (9 acute, 13 longitudinal), 857 participants (331 men, 526 women)	MA	Ben-Harchache S, Roche HM, Corish CA, Horner KM 2021, Adv Nutr 12:490-502; doi:10.1093/advances/nmaa115; pmid:33037427	docs/superpowers/research/2026-10-09-satiety-research-2/22-protein.md § Satiety research 2, protein harvest (2026-10-09)	settled	
S1381	satiety	daily energy intake at the end of longitudinal protein supplementation vs control in older adults (pooled) (the chronic null)	daily energy intake MD -54 kJ/d (95% CI -300, 193 kJ/d; P = 0.67) with protein intake higher by 0.29 g/kg/d (95% CI 0.14, 0.45; P < 0.001)	12 protein arms; random effects; I2 and certainty not read (abstract only); no certainty rating given in the abstract	healthy adults >= 60 y; longitudinal supplementation trials (supplements or whole foods)	MA	Ben-Harchache S, Roche HM, Corish CA, Horner KM 2021, Adv Nutr 12:490-502; doi:10.1093/advances/nmaa115; pmid:33037427	docs/superpowers/research/2026-10-09-satiety-research-2/22-protein.md § Satiety research 2, protein harvest (2026-10-09)	settled	
S1382	satiety	subsequent energy intake, fullness and hunger after a protein-rich vs a normal-protein breakfast in children and adolescents (pooled, as published)	subsequent energy intake MD -111.2 kcal (95% CI -145.4, -76.9); fullness MD +7.4 mm (95% CI 6.0, 8.8); hunger MD -8.5 mm (95% CI -9.7, -7.3)	8 studies for intake (n = 824), 9 for appetite (fullness n = 736, hunger n = 710); random effects; considerable inconsistency across trials; most eligible studies of low quality (the authors); a published reanalysis corrects the intake estimate (Henschel 2023)	children and adolescents 7-19 y; 10 randomised trials	MA	Qiu M, Zhang Y, Long Z, He Y 2021, Nutrients 13:2840; doi:10.3390/nu13082840; pmid:34445000	docs/superpowers/research/2026-10-09-satiety-research-2/22-protein.md § Satiety research 2, protein harvest (2026-10-09)	settled	
S1383	satiety	subsequent energy intake after a protein-rich vs a control breakfast in children and adolescents, reanalysed for crossover correlation and multi-arm double counting	unstandardised mean difference -106.8 kcal (the published -111.2 kcal corrected); the fullness and hunger estimates were not reanalysed, and the authors expect similar issues in them	the reanalysis keeps Qiu 2021's study selection and corrects two statistical errors (within-subject correlation in six crossovers; three multi-arm studies entered without adjustment) and data-extraction errors; random effects; corrected estimate 95% CI -130.3, -83.2 kcal, I2 = 51% (as published by Qiu 2021: -145.42, -76.9 kcal, I2 = 67%); a published comment; no certainty rating given	children and adolescents 7-19 y; the trials of Qiu 2021	MA	Henschel B, Chen X, Dickinson SL, Brown AW, Allison DB 2023, Nutrients 15:1653; doi:10.3390/nu15071653; pmid:37049496	docs/superpowers/research/2026-10-09-satiety-research-2/22-protein.md § Satiety research 2, protein harvest (2026-10-09)	settled	
S1384	satiety	short-term appetite after whey protein vs carbohydrate, and long-term appetite under whey supplementation (pooled composite appetite score) (the short-term null for whey against carbohydrate)	short term: composite appetite score MD -0.39 mm (95% CI -2.07, 1.30; P = 0.653; I2 = 0.0%); long term: composite appetite score reduced by 4.13 mm (95% CI -6.57, -1.96; P = 0.001); prospective food consumption MD -2.17 (95% CI -3.86, -0.48)	8 publications (5 short-term, 3 long-term); fixed or random effects; Cochran Q and I2 for heterogeneity; no certainty rating given	adults in randomised controlled trials of whey supplementation	MA	Mollahosseini M, Shab-Bidar S, Rahimi MH, Djafarian K 2017, Clin Nutr ESPEN 20:34-40; doi:10.1016/j.clnesp.2017.04.002; pmid:29072167	docs/superpowers/research/2026-10-09-satiety-research-2/22-protein.md § Satiety research 2, protein harvest (2026-10-09)	settled	
S1385	satiety	dose-response of ad libitum meal intake to the protein share of an isoenergetic beverage preload (13 %, 25 %, 50 % of energy from protein)	ad libitum pasta intake control 637.6 +/- 39.7 g, low protein 596.9 +/- 40.5 g, medium 546.9 +/- 34.7 g, high 533.6 +/- 42.3 g; total energy intake after the medium and high drinks did not differ significantly from control; no significant differences in hunger or fullness ratings	repeated-measures crossover; preloads about 1155 kJ in 300 g, 30 min before the meal and 210 min after a standard breakfast; control 328 kJ; 100% compensation not achieved	28 men aged 18-35 y	RCT	Bertenshaw EJ, Lluch A, Yeomans MR 2009, Appetite 52:580-587; doi:10.1016/j.appet.2009.01.010; pmid:19501753	docs/superpowers/research/2026-10-09-satiety-research-2/22-protein.md § Satiety research 2, protein harvest (2026-10-09)	settled	
S1386	satiety	ad libitum intake, appetite and gut hormones 90 min after a whey vs a casein preload (protein source, digestion speed)	buffet energy intake 90 min after a 1700 kJ preload with 48 g whey significantly less than after the equivalent casein preload (P<0.05; magnitude not in the abstract); whey raised plasma amino acids 28%, cholecystokinin 60%, GLP-1 65% and gastric inhibitory polypeptide 36% (iAUC) vs casein; greater subjective satiety after whey (P<0.05)	two studies; liquid preloads; gastric emptying differed by protein type (paracetamol profiles); randomisation not stated in the abstract	human volunteers; the abstract does not state their number	EXP	Hall WL, Millward DJ, Long SJ, Morgan LM 2003, Br J Nutr 89:239-248; doi:10.1079/BJN2002760; pmid:12575908	docs/superpowers/research/2026-10-09-satiety-research-2/22-protein.md § Satiety research 2, protein harvest (2026-10-09)	settled	
S1387	satiety	appetite and later intake after casein-, soy- or whey-protein breakfasts at 10 vs 25 % of energy from protein (protein source by dose)	at 10 En% whey decreased hunger more than casein or soy (p<0.05); at 25 En% no differences in appetite ratings; whey triggered the strongest active GLP-1 and insulin responses; no differences in ad libitum lunch energy intake 180 min later	randomised single-blind; custards 10/55/35 (normal) or 25/55/20 (high) En% protein/carbohydrate/fat; VAS and amino acids over 4 h	25 healthy adults, BMI 23.9 +/- 0.3 kg/m2, age 22 +/- 1 y	RCT	Veldhorst MA, Nieuwenhuizen AG, Hochstenbach-Waelen A, van Vught AJ, Westerterp KR, Engelen MP et al 2009, Physiol Behav 96:675-682; doi:10.1016/j.physbeh.2009.01.004; pmid:19385022	docs/superpowers/research/2026-10-09-satiety-research-2/22-protein.md § Satiety research 2, protein harvest (2026-10-09)	settled	
S1388	satiety	caloric compensation at a meal 30 min after a 20 g protein preload by source, and the loss of the effect when the preload is a starter	caloric compensation 110, 103, 62, 56 and 51% after casein, pea protein, whey, egg albumin and maltodextrin; food intake significantly lower than water control only after casein and pea protein (P = 0.02; 0.04); consumed as a starter during the meal, no difference between preloads in ad libitum intake	two randomised single-blind crossovers; beverage preloads; VAS every 10 min	32 men, 25 +/- 4 y, BMI 24 +/- 0.4 kg/m2 (study 1); 32 men (study 2)	RCT	Abou-Samra R, Keersmaekers L, Brienza D, Mukherjee R, Mace K 2011, Nutr J 10:139; doi:10.1186/1475-2891-10-139; pmid:22196620	docs/superpowers/research/2026-10-09-satiety-research-2/22-protein.md § Satiety research 2, protein harvest (2026-10-09)	settled	
S1389	satiety	ad libitum intake 3 h after isoenergetic legume-based vs meat-based meals that differed in fibre (the reading that plant protein satiates more)	12% and 13% lower energy intake after the high-protein legume meal than after the high-protein meat meal or the low-protein legume meal (p<0.01); lower hunger and higher fullness after the high-protein legume meal (p<0.05)	randomised double-blind three-way crossover; 3.5 MJ meals, 28 E% fat; HP-Legume 19 E% protein with 25 g fibre/100 g, HP-Meat 19 E% with 6 g/100 g, LP-Legume 9 E% with 10 g/100 g; fibre not matched	43 healthy normal-weight young men	RCT	Kristensen MD, Bendsen NT, Christensen SM, Astrup A, Raben A 2016, Food Nutr Res 60:32634; doi:10.3402/fnr.v60.32634; pmid:27765144	docs/superpowers/research/2026-10-09-satiety-research-2/22-protein.md § Satiety research 2, protein harvest (2026-10-09)	settled	
S1390	satiety	ad libitum intake and appetite 3 h after isoenergetic legume-, meat- or egg-based meals matched for fibre (the reading that protein source has no effect once fibre is matched, against Kristensen 2016)	no differences in ad libitum energy intake across test meals (p > 0.05); no differences in hunger, satiety, fullness, prospective food consumption or composite appetite score (all p > 0.05)	randomised acute crossover; about 3550 kJ meals at 19% of energy from protein; fava beans/split peas 28.5 g fibre, pork/veal or eggs with pea fibre added to 28.5 g, eggs without added fibre 6.0 g	35 healthy men	RCT	Nielsen LV, Kristensen MD, Klingenberg L, Ritz C, Belza A, Astrup A et al 2018, Nutrients 10:96; doi:10.3390/nu10010096; pmid:29337861	docs/superpowers/research/2026-10-09-satiety-research-2/22-protein.md § Satiety research 2, protein harvest (2026-10-09)	settled	
S1391	satiety	appetite and weight loss over 2 weeks on a soy-based vs a meat-based high-protein weight-loss diet (chronic, protein source)	weight loss 2.41 kg (soy) vs 2.27 kg (meat) (P = 0.352; SED 0.1); hunger (P = 0.569; SED 3.8), fullness (P = 0.404; SED 4.1) and desire to eat (P = 0.356; SED 3.7) did not differ	randomised crossover, 2 wk per diet after 3 d of maintenance; both diets 30% protein, 30% fat, 40% carbohydrate fed at measured resting metabolic rate	20 obese men, BMI 34.8 kg/m2	RCT	Neacsu M, Fyfe C, Horgan G, Johnstone AM 2014, Am J Clin Nutr 100:548-558; doi:10.3945/ajcn.113.077503; pmid:24944057	docs/superpowers/research/2026-10-09-satiety-research-2/22-protein.md § Satiety research 2, protein harvest (2026-10-09)	settled	
S1392	satiety	ad libitum energy intake, weight and fat mass over 12 weeks after raising dietary protein from 15 to 30 % of energy at constant carbohydrate	spontaneous energy intake decreased by 441 +/- 63 kcal/d, body weight by 4.9 +/- 0.5 kg and fat mass by 3.7 +/- 0.4 kg (means +/- SE) with the ad libitum high-protein diet; satiety markedly increased on the isocaloric high-protein diet (magnitude not in the abstract)	sequential, not randomised: 2 wk weight-maintaining (15% protein, 35% fat, 50% carbohydrate), 2 wk isocaloric (30/20/50), 12 wk ad libitum (30/20/50); leptin AUC decreased and ghrelin AUC increased on the ad libitum diet	19 subjects	EXP	Weigle DS, Breen PA, Matthys CC, Callahan HS, Meeuws KE, Burden VR et al 2005, Am J Clin Nutr 82:41-48; doi:10.1093/ajcn.82.1.41; pmid:16002798	docs/superpowers/research/2026-10-09-satiety-research-2/22-protein.md § Satiety research 2, protein harvest (2026-10-09)	settled	
S1393	body-composition	weight loss over 6 months on ad libitum fat-reduced diets with protein at 25 vs 12 % of energy	weight loss 8.9 kg (high protein) vs 5.1 kg (high carbohydrate), difference 3.7 kg (95% CI 1.3-6.2 kg; P < 0.001); fat loss 7.6 vs 4.3 kg, difference 3.3 kg (1.1-5.5 kg); 35% vs 9% lost > 10 kg	randomised, 6 months; all food self-selected in a department shop; compliance checked by urinary nitrogen; over 90% completed; intake differences not stated in the abstract	65 healthy overweight and obese subjects (50 women, 15 men, 18-55 y): high carbohydrate n = 25, high protein n = 25, control n = 15	RCT	Skov AR, Toubro S, Ronn B, Holm L, Astrup A 1999, Int J Obes Relat Metab Disord 23:528-536; doi:10.1038/sj.ijo.0800867; pmid:10375057	docs/superpowers/research/2026-10-09-satiety-research-2/22-protein.md § Satiety research 2, protein harvest (2026-10-09)	settled	
S1394	body-composition	durability of the high-protein ad libitum weight loss at 12 months (follow-up of Skov 1999)	after 6 months 9.4 vs 5.9 kg (P<0.01); after 12 months weight loss 6.2 (high protein) vs 4.3 kg (medium protein), not significantly different; dropout 8% vs 28% (P<0.07)	6 months strictly controlled, then 6-12 months of less stringent counselling and 24 months of follow-up, in which more than 50% were lost	50 overweight and obese subjects, 19-55 y, BMI 26-34 kg/m2	RCT	Due A, Toubro S, Skov AR, Astrup A 2004, Int J Obes Relat Metab Disord 28:1283-1290; doi:10.1038/sj.ijo.0802767; pmid:15303109	docs/superpowers/research/2026-10-09-satiety-research-2/22-protein.md § Satiety research 2, protein harvest (2026-10-09)	settled	
S1395	body-composition	weight, fat mass, fat-free mass and resting energy expenditure on isocaloric energy-restricted high-protein vs standard-protein low-fat diets (pooled), and satiety	body weight -0.79 kg (95% CI -1.50, -0.08); fat mass -0.87 kg (-1.26, -0.48); fat-free mass +0.43 kg (0.09, 0.78); REE +595.5 kJ/d (67.0, 1124.1); greater satiety with high protein in 3 of 5 studies	24 trials, 1063 individuals; mean diet duration 12.1 +/- 9.3 wk; diets isocalorically prescribed, so intake was not free; I2 and certainty not read (abstract only)	adults >= 18 y in weight-loss trials matched for fat intake	MA	Wycherley TP, Moran LJ, Clifton PM, Noakes M, Brinkworth GD 2012, Am J Clin Nutr 96:1281-1298; doi:10.3945/ajcn.112.044321; pmid:23097268	docs/superpowers/research/2026-10-09-satiety-research-2/22-protein.md § Satiety research 2, protein harvest (2026-10-09)	settled	
S1396	body-composition	body weight change after interventions with increased dietary protein vs control in adults with excess weight (pooled), and protein source	weight reduced by 1.6 kg (95% CI 1.2; 2.0) vs controls; in the six studies comparing specific proteins no specific protein seemed superior, too few reporting a variance for a meta-analysis	37 studies of 43 trials; random effects; I2 = 56%; most studies at high risk of bias (non-blinded; complete-case analyses); sensitivity analyses without high-risk studies gave a comparable result; protein 18-59 E%; controls isocaloric, energy reduction introduced in certain studies	adults with overweight or obesity in randomised trials	MA	Hansen TT, Astrup A, Sjodin A 2021, Nutrients 13:3193; doi:10.3390/nu13093193; pmid:34579069	docs/superpowers/research/2026-10-09-satiety-research-2/22-protein.md § Satiety research 2, protein harvest (2026-10-09)	settled	
S1397	satiety	fullness and satiety under high-protein diets (> 1.2 g/kg/d or > 25 % of energy) for 7 days or more in overweight and obese adults (systematic review, vote count)	6 of 10 studies reported enhanced fullness or satiety with the high-protein diet, four of them with 10-12 week interventions	10 articles of 4191 records; no pooled estimate; low level of evidence from heterogeneous protocols and high risk of bias (the authors)	1079 adults with overweight or obesity	MA	de Carvalho KMB, Pizato N, Botelho PB, Dutra ES, Goncalves VSS 2020, Eur J Nutr 59:2317-2332; doi:10.1007/s00394-020-02321-1; pmid:32648023	docs/superpowers/research/2026-10-09-satiety-research-2/22-protein.md § Satiety research 2, protein harvest (2026-10-09)	settled	
S1398	protein	total energy intake on ad libitum diets with 10 vs 15 vs 25 % of energy from protein over 4 days (protein leverage, randomised)	lowering protein from 15% to 10% raised total energy intake by 12 +/- 4.5% (p = 0.02), 4.34 MJ over 4 days, the net of 1.24 MJ less protein energy and 5.59 MJ more carbohydrate and fat; 70% of the increase from foods available between meals; raising protein from 15% to 25% did not alter energy intake	randomised order of three 4-day in-house periods; 28 foods matched for palatability; leverage incomplete: the increase did not hold protein intake constant; urinary urea on 10% and 15% did not differ from habitual	22 lean adults	RCT	Gosby AK, Conigrave AD, Lau NS, Iglesias MA, Hall RM, Jebb SA et al 2011, PLoS One 6:e25929; doi:10.1371/journal.pone.0025929; pmid:22022472	docs/superpowers/research/2026-10-09-satiety-research-2/22-protein.md § Satiety research 2, protein harvest (2026-10-09)	settled	
S1399	protein	asymmetry of protein leverage: non-protein energy eaten per kJ of protein below vs above the 15 % level	for every 1 kJ decrease in protein intake below the 15% level, non-protein intake increased by 4.5 kJ; for every 1 kJ increase above the target, non-protein intake decreased by 1 kJ	the authors read this as an asymmetry in protein leveraging; computed over the 4-day periods; no CI stated with it	22 lean adults	RCT	Gosby AK, Conigrave AD, Lau NS, Iglesias MA, Hall RM, Jebb SA et al 2011, PLoS One 6:e25929; doi:10.1371/journal.pone.0025929; pmid:22022472	docs/superpowers/research/2026-10-09-satiety-research-2/22-protein.md § Satiety research 2, protein harvest (2026-10-09)	settled	
S1400	satiety	hunger after a 10 vs 25 % protein breakfast on day 4 of ad libitum feeding (the time course of the leverage signal)	the rise in hunger score from 1 to 2 h after breakfast was greater after the 10% than the 25% protein breakfast (1.6 +/- 0.4 vs 0.5 +/- 0.3, p = 0.005; 10 cm VAS); hunger and fullness did not differ with percent protein from 12:00 onwards nor from breakfast to 22:00	ad libitum breakfast intake did not change with percent protein; the leverage appeared as between-meal snacking, not as larger meals	22 lean adults	RCT	Gosby AK, Conigrave AD, Lau NS, Iglesias MA, Hall RM, Jebb SA et al 2011, PLoS One 6:e25929; doi:10.1371/journal.pone.0025929; pmid:22022472	docs/superpowers/research/2026-10-09-satiety-research-2/22-protein.md § Satiety research 2, protein harvest (2026-10-09)	settled	
S1401	protein	energy intake, FGF-21 and appetite hormones over 4 days of ad libitum diets at 25 vs 10 % of energy from protein	energy intake 14% higher at 10% than 25% protein (p = 0.02); fasting plasma FGF-21 6-fold higher (p<0.0001); serum triglycerides 1.5-fold higher (p<0.0001); ghrelin, GLP-1 and cholecystokinin unchanged	three 4-day in-house periods; the intake result is the trial reported in Gosby 2011 (as previously reported), so it is not an independent replication	22 lean healthy adults	RCT	Gosby AK, Lau NS, Tam CS, Iglesias MA, Morrison CD, Caterson ID et al 2016, PLoS One 11:e0161003; doi:10.1371/journal.pone.0161003; pmid:27536869	docs/superpowers/research/2026-10-09-satiety-research-2/22-protein.md § Satiety research 2, protein harvest (2026-10-09)	settled	
S1402	protein	percent dietary protein against total ad libitum energy intake across published trials confined to menus of differing composition (pooled analysis)	percent dietary protein negatively associated with total energy intake (F = 6.9, P < 0.0001) irrespective of whether carbohydrate (F = 0, P = 0.7) or fat (F = 0, P = 0.5) were the diluents	38 published experimental trials; protein 8-54%, carbohydrate 1.6-72%, fat 11-66% of energy; the slope is not stated in the abstract; no certainty rating given	lean, overweight and obese adults in ad libitum feeding trials	MA	Gosby AK, Conigrave AD, Raubenheimer D, Simpson SJ 2014, Obes Rev 15:183-191; doi:10.1111/obr.12131; pmid:24588967	docs/superpowers/research/2026-10-09-satiety-research-2/22-protein.md § Satiety research 2, protein harvest (2026-10-09)	settled	
S1403	protein	ad libitum energy intake over 12 days on diets with 5, 15 and 30 % of energy from protein (milk or plant protein) (the reading that leverage acts on high-protein, not low-protein, diets)	total energy intake 7.21 +/- 3.08 MJ/d (30%) vs 9.33 +/- 3.52 (5%) and 9.62 +/- 3.51 MJ/d (15%) (P = 0.001), mostly from meals; VAS appetite AUC did not differ; hunger and desire-to-eat fluctuations attenuated at 30% vs 15%; no evidence of leverage from the 5% diet	randomised crossover, 12 d per diet; effects did not differ by age, sex, BMI or protein type	40 men and 39 women, age 34.0 +/- 17.6 y, BMI 23.7 +/- 3.4 kg/m2	RCT	Martens EA, Lemmens SG, Westerterp-Plantenga MS 2013, Am J Clin Nutr 97:86-93; doi:10.3945/ajcn.112.046540; pmid:23221572	docs/superpowers/research/2026-10-09-satiety-research-2/22-protein.md § Satiety research 2, protein harvest (2026-10-09)	settled	
S1404	protein	ad libitum energy intake, appetite and nitrogen balance over 12 days on 5, 15 and 30 % of energy from mainly beef protein	energy intake 8.73 +/- 1.93 MJ/d (30%) vs 9.48 +/- 1.67 (5%) and 9.30 +/- 1.62 MJ/d (15%) (P = 0.001); hunger and desire to eat higher and fullness lower on 5% than on 15% and 30% (P = 0.001); nitrogen balance maintained on 5%, positive on 15% and 30%	randomised 3-arm crossover, 12 d per diet; the authors: complete protein leverage did not occur, and the low-protein null may stem from nitrogen balance being maintained over 12 d	30 men and 28 women, age 33 +/- 16 y, BMI 24.4 +/- 4.0 kg/m2	RCT	Martens EA, Tan SY, Dunlop MV, Mattes RD, Westerterp-Plantenga MS 2014, Am J Clin Nutr 99:1397-1406; doi:10.3945/ajcn.113.078774; pmid:24760974	docs/superpowers/research/2026-10-09-satiety-research-2/22-protein.md § Satiety research 2, protein harvest (2026-10-09)	settled	
S1405	protein	strength of protein leverage in free-living older adults: power-function exponent L of total energy intake on the protein energy share, and intake per percent protein	L = -0.37 (p < 0.001); each percent of energy intake from protein reduced total energy intake by 77 kJ on average; BMI unassociated with total energy intake	retrospective cross-sectional analysis of the NuAge cohort; mixture models; observational, self-reported intake; mean intake 7673 kJ with 16.4% protein; no certainty rating given	1699 community-dwelling adults aged 67-84 y	COH	Honfo SH, Senior AM, Legault V, Presse N, Turcot V, Gaudreau P et al 2024, Int J Obes (Lond) 48:654-661; doi:10.1038/s41366-023-01455-6; pmid:38145994	docs/superpowers/research/2026-10-09-satiety-research-2/22-protein.md § Satiety research 2, protein harvest (2026-10-09)	settled	
S1406	protein	strength of protein leverage in a general adult population: power-function exponent L of total energy intake on the protein share	L = -0.36 (p < .001) for protein; L = 0.33 (p < .001) for fat; proportion of ultra-processed food positively associated with energy intake (b = 554) and negatively with protein share (b = -2.0)	pre-registered cross-sectional analysis of the Tromso Study 2015-2016; no positive association between energy intake and BMI, so leverage on BMI was not testable; no certainty rating given	11,152 adults aged 40-99 y, Norway	COH	Eriksen R, Rognmo K, Hopstock LA, McCutcheon JE 2026, Appetite 224:108581; doi:10.1016/j.appet.2026.108581; pmid:42102975	docs/superpowers/research/2026-10-09-satiety-research-2/22-protein.md § Satiety research 2, protein harvest (2026-10-09)	settled	
S1407	protein	strength of protein leverage in a national nutrition survey (ecological): power-function exponent L	mean protein intake 18.4% of energy; energy intake decreased with increasing energy from protein (L = -0.18, p < 0.0001); highly processed discretionary foods a significant diluent of protein	multidimensional nutritional geometry on the Australian National Nutrition and Physical Activity Survey; cross-sectional; no certainty rating given	9341 adults >= 19 y, mean age 46.3 y; Australian National Nutrition and Physical Activity Survey 2011-2012	COH	Grech A, Sui Z, Rangan A, Simpson SJ, Coogan SCP, Raubenheimer D 2022, Obesity (Silver Spring) 30:2156-2166; doi:10.1002/oby.23578; pmid:36321270	docs/superpowers/research/2026-10-09-satiety-research-2/22-protein.md § Satiety research 2, protein harvest (2026-10-09)	settled	
S1408	protein	strength of protein leverage in children followed to adolescence: power-function exponent L at three ages	L = -0.36 (95% CI -0.47 to -0.25), -0.26 (-0.37 to -0.15) and -0.25 (-0.38 to -0.13) at about 7.6, 9.8 and 15.8 y (all P < 0.001); energy intake not associated with BMI z-score but positively with energy expenditure	4-day food records; the PANIC study; observational	children aged 7.6 y (n = 422), followed at 9.8 y (n = 387) and 15.8 y (n = 229), Finland	COH	Saner C, Senior AM, Zhang H, Eloranta AM, Magnussen CG, Sabin MA et al 2023, Eur J Clin Nutr 77:652-659; doi:10.1038/s41430-023-01276-w; pmid:36797489	docs/superpowers/research/2026-10-09-satiety-research-2/22-protein.md § Satiety research 2, protein harvest (2026-10-09)	settled	
S1409	protein	protein balance against energy intake in pregnancy (the null reading of protein leverage, against the population L estimates)	protein balance in early pregnancy not significantly associated with energy intake across mid and mid/late pregnancy (beta = 328.7, p = 0.30; beta = 286.2, p = 0.26) or gestational weight gain (beta = 117.0, p = 0.41)	energy intake by the intake-balance method; protein by food photography as a ratio of the pregnancy EAR (0.88 g/kg/d); small cohort	41 pregnant women with obesity, pregravid BMI 34.4 (2.9) kg/m2	COH	Kebbe M, Most J, Altazan AD, Redman LM 2023, Obesity (Silver Spring) 31:2057-2064; doi:10.1002/oby.23789; pmid:37387452	docs/superpowers/research/2026-10-09-satiety-research-2/22-protein.md § Satiety research 2, protein harvest (2026-10-09)	settled	
S1410	protein	whether a negative association of energy intake with percent protein in survey data can arise without protein leverage (the method caveat on the L estimates)	patterns consistent with protein leverage do not emerge simply because protein intake has a lower mean and/or variance than non-protein intake; they are observed where protein has a lower index of dispersion (variance/mean) than non-protein intake; disentangling causality is beyond the power of observational data alone	analytical models validated by simulation; cited for the shape of the inference, not for an effect size	dietary surveillance data in general	MODEL	Senior AM, Raubenheimer D, Simpson SJ 2022, R Soc Open Sci 9:220756; doi:10.1098/rsos.220756; pmid:36177194	docs/superpowers/research/2026-10-09-satiety-research-2/22-protein.md § Satiety research 2, protein harvest (2026-10-09)	settled	
S1411	protein	protein intake on an ultra-processed vs an unprocessed diet matched for presented macronutrients, eaten ad libitum (protein intake held while energy rose)	energy intake greater on the ultra-processed diet by 508 +/- 106 kcal/d (p = 0.0001), from carbohydrate (280 +/- 54 kcal/d) and fat (230 +/- 53 kcal/d) but not protein (-2 +/- 12 kcal/d; p = 0.85); weight +0.9 +/- 0.3 kg vs -0.9 +/- 0.3 kg	inpatient randomised crossover, 2 weeks per diet; meals matched for presented calories, energy density, macronutrients, sugar, sodium and fibre; the trial does not manipulate protein share, so it is consistent with but not a test of leverage	20 weight-stable adults, 31.2 +/- 1.6 y, BMI 27 +/- 1.5 kg/m2	RCT	Hall KD, Ayuketah A, Brychta R, Cai H, Cassimatis T, Chen KY et al 2019, Cell Metab 30:67-77.e3; doi:10.1016/j.cmet.2019.05.008; pmid:31105044	docs/superpowers/research/2026-10-09-satiety-research-2/22-protein.md § Satiety research 2, protein harvest (2026-10-09)	settled	
S1412	protein	ad libitum energy intake and expenditure on a high-protein (30 %) vs a normal-protein (13 %) ultra-processed diet over 54 h	energy intake -196 +/- 396 kcal/d and energy expenditure +128 +/- 98 kcal/d on the high-protein diet; energy balance less positive (18% vs 32%); postprandial ghrelin lower, glucagon and PYY higher	single-blind randomised crossover in a whole-room calorimeter; meals equally palatable, matched for calories, fat and fibre; carbohydrate 29% vs 46%	21 healthy young adults	RCT	Hagele FA, Herpich C, Koop J, Grubbel J, Dorner R, Fedde S et al 2025, Nat Metab 7:704-713; doi:10.1038/s42255-025-01247-4; pmid:40082711	docs/superpowers/research/2026-10-09-satiety-research-2/22-protein.md § Satiety research 2, protein harvest (2026-10-09)	settled	
S1413		per-meal protein dose threshold for satiety in grams (the 25-30 g per meal idea), from a pooled dose-response of ad libitum intake or time to the next meal		named by Satiety research 2 Task 22; no pooled source states a threshold; Kohanmoo 2020 (S1222) found appetite ratings moved at doses < 35 g, and Bertenshaw 2009 a graded intake response across 13-50% protein in a beverage; the 25-30 g figure traces to narrative reviews				docs/superpowers/research/2026-10-09-satiety-research-2/22-protein.md § Satiety research 2, protein harvest (2026-10-09)	open	
S1414		pooled randomised estimate of the change in ad libitum energy intake per percentage point of dietary protein energy below the protein target, with its CI (the protein leverage gain in humans)		named by Satiety research 2 Task 22; the randomised trials disagree (Gosby 2011 +12% at 10 vs 15%; Martens 2013 and 2014 no rise at 5%); the population L of -0.18 to -0.37 is observational and its causal reading contested (Senior 2022)				docs/superpowers/research/2026-10-09-satiety-research-2/22-protein.md § Satiety research 2, protein harvest (2026-10-09)	open	
S1415	satiety	fat vs carbohydrate per kcal, acute: appetite after an added 1.52 MJ fat or carbohydrate breakfast supplement, and energy eaten ad libitum from high-fat vs high-carbohydrate foods (the fat paradox: fat satiates weakly)	a 1.52 MJ (362 kcal) carbohydrate supplement at breakfast suppressed appetite 90 min later but had no effect on a test meal given after 270 min; a 1.52 MJ fat supplement produced no detectable action on measures of appetite at any time point; obese subjects eating from a range of high-fat or high-carbohydrate foods voluntarily consumed twice as much energy from the fat items, and that large fat intake exerted a disproportionately weak effect on satiety	three separate preload experiments plus one ad libitum study; subject numbers not given in the abstract; no certainty rating given; a symposium paper reporting the group's experiments	lean adults (preload experiments); obese adults (ad libitum food-range study)	EXP	Blundell JE, Burley VJ, Cotton JR, Lawton CL 1993, Am J Clin Nutr 57(5 Suppl):772S-777S; doi:10.1093/ajcn/57.5.772s; pmid:8475895	docs/superpowers/research/2026-10-09-satiety-research-2/23-carbohydrate-and-fat.md § Satiety research 2, carbohydrate and fat harvest (2026-10-09)	settled	
S1416	satiety	spontaneous daily energy intake over 2 weeks on covertly manipulated low-, medium- and high-fat diets of similar appearance and palatability (passive overconsumption of fat, chronic)	relative to the medium-fat diet (30-35% of energy from fat), subjects spontaneously consumed an 11.3% deficit on the low-fat diet (15-20%) and a 15.4% surfeit on the high-fat diet (45-50%) (p < 0.0001), with significant body-weight changes (p < 0.001); a small amount of caloric compensation did occur (p < 0.02), greatest in the leanest subjects (p < 0.03)	n = 24, each through a sequence of three 2-wk treatments; no certainty rating given; energy density rose with fat, so fat and energy density are not separated	women, free-living on provided diets	RCT	Lissner L, Levitsky DA, Strupp BJ, Kalkwarf HJ, Roe DA 1987, Am J Clin Nutr 46:886-892; doi:10.1093/ajcn/46.6.886; pmid:3687822	docs/superpowers/research/2026-10-09-satiety-research-2/23-carbohydrate-and-fat.md § Satiety research 2, carbohydrate and fat harvest (2026-10-09)	settled	
S1417	satiety	energy balance over 7 days in a calorimeter on covertly manipulated low-, medium- and high-fat diets eaten ad libitum (fat has no apparent reductive effect on next-day intake)	diets 20/40/60% of energy as fat at 4.80, 5.59 and 7.04 kJ/g; energy intake rose with percent fat (P < 0.001), giving average daily balances of -0.27, 0.77 and 2.58 MJ/d on the low-, medium- and high-fat diets; carbohydrate balance related negatively to the next day's energy balance (P = 0.0082, 5.5% of variance) and fat balance positively (P < 0.0001, 19.9% of variance); the authors find a potential for protein and carbohydrate to reduce subsequent intake and no apparent reductive effect of fat	n = 6, three 7-d occasions each; no certainty rating given; fat and energy density co-varied by design	lean men confined to a whole-body indirect calorimeter	RCT	Stubbs RJ, Harbron CG, Murgatroyd PR, Prentice AM 1995, Am J Clin Nutr 62:316-329; doi:10.1093/ajcn/62.2.316; pmid:7625338	docs/superpowers/research/2026-10-09-satiety-research-2/23-carbohydrate-and-fat.md § Satiety research 2, carbohydrate and fat harvest (2026-10-09)	settled	
S1418	satiety	energy intake and expenditure over 2 weeks per diet on covertly manipulated low-, medium- and high-fat diets eaten ad libitum while free-living	energy intakes 9.11, 10.32 and 12.78 MJ/d on the low- (20% fat), medium- (40%) and high-fat (60%) diets, almost identical to the calorimeter study (9.02, 10.2 and 12.35 MJ/d); doubly labelled water expenditure 12.45, 12.10 and 11.97 MJ/d	n = 7, 2 wk per diet; no certainty rating given; energy density rose with fat	men resident in but not confined to a metabolic suite	RCT	Stubbs RJ, Ritz P, Coward WA, Prentice AM 1995, Am J Clin Nutr 62:330-337; doi:10.1093/ajcn/62.2.330; pmid:7625339	docs/superpowers/research/2026-10-09-satiety-research-2/23-carbohydrate-and-fat.md § Satiety research 2, carbohydrate and fat harvest (2026-10-09)	settled	
S1419	body-composition	body weight after at least 6 months on a lower vs higher total-fat diet without any intention to lose weight (pooled; the chronic fat effect is small)	mean body weight reduction of 1.4 kg (95% CI -1.7 to -1.1 kg) on lower fat; BMI -0.5 kg/m2 (95% CI -0.6 to -0.3); greater fat reduction, lower baseline fat intake and higher baseline BMI associated with greater weight reduction; the effect does not alter over time	26 RCTs, 53,875 participants for weight (37 RCTs, 57,079 participants in all); I2 = 75%, explained by subgrouping and meta-regression; GRADE high-consistency evidence, not downgraded	adults not aiming to lose weight, trials of 6 months or longer	MA	Hooper L, Abdelhamid AS, Jimoh OF, Bunn D, Skeaff CM 2020, Cochrane Database Syst Rev 6:CD013636; doi:10.1002/14651858.CD013636; pmid:32476140	docs/superpowers/research/2026-10-09-satiety-research-2/23-carbohydrate-and-fat.md § Satiety research 2, carbohydrate and fat harvest (2026-10-09)	settled	
S1420	satiety	ad libitum energy intake on a minimally processed plant-based low-fat high-carbohydrate diet vs an animal-based ketogenic low-carbohydrate diet (the reading that a very high fat share does not lower intake, against the carbohydrate-insulin model)	the low-fat diet (10.3% fat, 75.2% carbohydrate, glycaemic load 85 g/1,000 kcal) led to 689 +/- 73 kcal/d less energy intake than the low-carbohydrate diet (75.8% fat, 10.0% carbohydrate, 6 g/1,000 kcal) over 2 weeks (P < 0.0001) and 544 +/- 68 kcal/d less over the final week (P < 0.0001)	n = 20 inpatients, randomised crossover, 2 wk per diet; one withdrawal for hypoglycaemia on the low-carbohydrate diet; no certainty rating given; the diets also differed in energy density and plant vs animal source	adults aged 29.9 +/- 1.4 y, BMI 27.8 +/- 1.3 kg/m2, inpatients at the NIH Clinical Center	RCT	Hall KD, Guo J, Courville AB et al 2021, Nat Med 27:344-353; doi:10.1038/s41591-020-01209-1; pmid:33479499	docs/superpowers/research/2026-10-09-satiety-research-2/23-carbohydrate-and-fat.md § Satiety research 2, carbohydrate and fat harvest (2026-10-09)	settled	
S1421	carbohydrate-quality	energy intake at the next meal after a low- vs high-glycaemic-index breakfast (pooled; the reading that breakfast GI has no effect)	no effect of breakfast GI on subsequent short-term energy intake: ES = -0.01, 95% CI (-0.21, 0.18), z = -0.12, p = 0.90	9 studies, 11 trials, 183 participants; Q(10) = 18.70, p = 0.04, I2 = 46%, random effects; only one trial classified as high methodological quality	healthy people, randomised controlled and crossover trials	MA	Sun FH, Li C, Zhang YJ, Wong SH, Wang L 2016, Nutrients 8:37; doi:10.3390/nu8010037; pmid:26742058	docs/superpowers/research/2026-10-09-satiety-research-2/23-carbohydrate-and-fat.md § Satiety research 2, carbohydrate and fat harvest (2026-10-09)	settled	
S1422	carbohydrate-quality	satiety after low- vs high-glycaemic foods in the short term (1 day) and over the long term (the reading that low GI is more satiating, against Sun 2016)	evidence from the short-term (1 day) studies that low-glycaemic foods or meals have a higher satietogenic effect than high-glycaemic foods or meals; in the long-term studies confounding variables make it impossible to conclude that low-glycaemic diets benefit body-weight regulation; in some studies the effect of lower glycaemia cannot be separated from that of fibre	systematic review without pooling, 32 human intervention studies selected for control of confounders; no certainty rating given; industry-affiliated authors	human intervention studies (participant characteristics not given in the abstract)	MA	Bornet FR, Jardy-Gennetier AE, Jacquet N, Stowell J 2007, Appetite 49:535-553; doi:10.1016/j.appet.2007.04.006; pmid:17610996	docs/superpowers/research/2026-10-09-satiety-research-2/23-carbohydrate-and-fat.md § Satiety research 2, carbohydrate and fat harvest (2026-10-09)	settled	
S1423	carbohydrate-quality	body weight on low-glycaemic-index diets vs other diets (pooled, chronic)	small but significant improvements in body weight and BMI overall, with no individual control diet significantly different; in people with normal blood glucose who achieved a GI difference of 20 points or more, body weight SMD = -0.26 (95% CI -0.43 to -0.09)	101 studies, 109 study arms, 8,527 participants; random effects; no certainty rating given in the abstract	adults in randomised controlled trials, normal and impaired glucose control	MA	Zafar MI, Mills KE, Zheng J, Peng MM, Ye X, Chen LL 2019, Obes Rev 20:290-315; doi:10.1111/obr.12791; pmid:30460737	docs/superpowers/research/2026-10-09-satiety-research-2/23-carbohydrate-and-fat.md § Satiety research 2, carbohydrate and fat harvest (2026-10-09)	settled	
S1424	carbohydrate-quality	body weight when dietary sugars are reduced or increased ad libitum vs exchanged isoenergetically for other carbohydrates (sugar acts through energy, not per kcal)	ad libitum: reduced sugars associated with a decrease in body weight of 0.80 kg (95% CI 0.39 to 1.21; P < 0.001), increased sugars with a comparable increase of 0.75 kg (0.30 to 1.19; P = 0.001); isoenergetic exchange of sugars with other carbohydrates: 0.04 kg (-0.04 to 0.13), no change; cohorts in children: highest vs lowest sugar-sweetened beverage intake OR 1.55 (1.32 to 1.82) for overweight or obesity at 1 y	30 trials and 38 cohort studies; GRADE and Cochrane methods; heterogeneity in one meta-analysis and potential bias in some trials, trends robust to sensitivity analyses	adults on ad libitum diets (trials of 2 weeks or more); children (the sugar-sweetened beverage cohort analysis)	MA	Te Morenga L, Mallard S, Mann J 2012, BMJ 346:e7492; doi:10.1136/bmj.e7492; pmid:23321486	docs/superpowers/research/2026-10-09-satiety-research-2/23-carbohydrate-and-fat.md § Satiety research 2, carbohydrate and fat harvest (2026-10-09)	settled	
S1425	carbohydrate-quality	ad libitum energy intake and body weight after 10 weeks of daily sucrose supplements, mostly as beverages, vs artificially sweetened supplements	sucrose supplements provided 3.4 MJ and 152 g sucrose/d, sweetener supplements 1.0 MJ; after 10 wk total energy intake rose by 1.6 MJ/d in the sucrose group (sucrose to 28% of energy); body weight +1.6 kg and fat mass +1.3 kg in the sucrose group vs -1.0 and -0.3 kg in the sweetener group (P < 0.001 weight, P < 0.01 fat mass)	n = 21 sucrose vs 20 sweetener, parallel 10-wk trial; no certainty rating given	overweight men and women, BMI about 28 kg/m2	RCT	Raben A, Vasilaras TH, Moller AC, Astrup A 2002, Am J Clin Nutr 76:721-729; doi:10.1093/ajcn/76.4.721; pmid:12324283	docs/superpowers/research/2026-10-09-satiety-research-2/23-carbohydrate-and-fat.md § Satiety research 2, carbohydrate and fat harvest (2026-10-09)	settled	
S1426	satiety	appetite ratings after 10 weeks of sucrose-sweetened vs artificially sweetened beverages and foods added to a free diet (sugar supplements did not raise fullness)	at week 10 the sucrose group had a 3.3 MJ higher energy intake but felt less full and had higher ratings of prospective food consumption than the sweetener group; supplements 2 g/kg body weight, 80% beverages and 20% solid foods by weight	subgroup of the Raben 2002 trial, n = 12 sucrose vs 10 sweetener, single-blind; no certainty rating given	overweight adults	RCT	Sorensen LB, Vasilaras TH, Astrup A, Raben A 2014, Am J Clin Nutr 100:36-45; doi:10.3945/ajcn.113.081554; pmid:24787495	docs/superpowers/research/2026-10-09-satiety-research-2/23-carbohydrate-and-fat.md § Satiety research 2, carbohydrate and fat harvest (2026-10-09)	settled	
S1427	satiety	dietary compensation over 4 weeks for 1800 kJ/d of sucrose drinks vs artificially sweetened drinks (the reading that liquid sugar is partly compensated, against DiMeglio and Mattes 2000)	sucrose drinks (4 x 250 ml/d, 1800 kJ/d) vs sweetener drinks (67 kJ/d): by 4 weeks sucrose supplements significantly reduced total carbohydrate, fat and protein intake compared with sweetener supplements (all P < 0.001); mean daily energy intake increased by just under 1000 kJ compared with baseline (P < 0.001), with a non-significant trend to weight gain in those receiving sucrose; no effects on appetite or mood; the expectancy labelling had no effect	n = 133, 4 wk, counterbalanced labelling; intake by 7-d diary; no certainty rating given	normal-weight women	RCT	Reid M, Hammersley R, Hill AJ, Skidmore P 2007, Br J Nutr 97:193-203; doi:10.1017/S0007114507252705; pmid:17217576	docs/superpowers/research/2026-10-09-satiety-research-2/23-carbohydrate-and-fat.md § Satiety research 2, carbohydrate and fat harvest (2026-10-09)	settled	
S1428	carbohydrate-quality	subjective appetite and food intake 80 min after 300 kcal sugar solutions differing in glucose-to-fructose ratio (high-glucose solutions sate more)	sucrose, HFCS 55 and G50:F50 had similar effects on all measures; all sugar solutions similarly reduced the average appetite AUC; food intake was significantly (P < 0.05) lower after high-glucose than after low-glucose solutions, and lower intake was associated with a greater blood glucose AUC (P < 0.05) and smaller appetite and ghrelin AUCs (P < 0.01)	two repeated-measures experiments, n = 12 and n = 19; no certainty rating given	healthy young men	RCT	Akhavan T, Anderson GH 2007, Am J Clin Nutr 86:1354-1363; doi:10.1093/ajcn/86.5.1354; pmid:17991646	docs/superpowers/research/2026-10-09-satiety-research-2/23-carbohydrate-and-fat.md § Satiety research 2, carbohydrate and fat harvest (2026-10-09)	settled	
S1429	carbohydrate-quality	buffet intake 38 min after a 500 mL fructose vs glucose preload (the reading that fructose sates more, against Akhavan 2007 and Luo 2015)	after the fructose preload subjects ate fewer overall calories and fewer grams of fat than after the glucose, aspartame or plain-water preloads; aspartame did not stimulate intake beyond water	within-subjects design, preloads in randomised order at weekly intervals; subject numbers and magnitudes not given in the abstract; no certainty rating given	overweight and normal-weight adults	RCT	Rodin J 1990, Am J Clin Nutr 51:428-435; doi:10.1093/ajcn/51.3.428; pmid:2178391	docs/superpowers/research/2026-10-09-satiety-research-2/23-carbohydrate-and-fat.md § Satiety research 2, carbohydrate and fat harvest (2026-10-09)	settled	
S1430	carbohydrate-quality	hunger, desire for food and food-reward choices after a fructose vs glucose drink	fructose relative to glucose led to greater hunger and desire for food, and a greater willingness to give up long-term monetary rewards to obtain immediate high-calorie foods, with smaller increases in plasma insulin	n = 24, double-blind random-order crossover; magnitudes not given in the abstract; no certainty rating given	healthy volunteers	RCT	Luo S, Monterosso JR, Sarpelleh K, Page KA 2015, Proc Natl Acad Sci U S A 112:6509-6514; doi:10.1073/pnas.1503358112; pmid:25941364	docs/superpowers/research/2026-10-09-satiety-research-2/23-carbohydrate-and-fat.md § Satiety research 2, carbohydrate and fat harvest (2026-10-09)	settled	
S1431	carbohydrate-quality	body weight when sugar-sweetened beverages are added (adult RCTs) and per daily serving (cohorts) (pooled)	RCTs in adults: body weight increased when SSBs were added, 0.85 kg (95% CI 0.50, 1.20 kg; random and fixed effects); cohorts in adults: 0.22 kg (95% CI 0.09, 0.34) random and 0.12 kg (0.10, 0.14) fixed per daily serving over 1 y; RCTs in children: BMI gain -0.17 (95% CI -0.39, 0.05) random when SSBs were reduced	adults: 5 trials, n = 292, and 7 cohorts, n = 174,252; children: 5 trials, n = 2,772, and 15 cohorts, n = 25,745; no certainty rating given in the abstract	children and adults	MA	Malik VS, Pan A, Willett WC, Hu FB 2013, Am J Clin Nutr 98:1084-1102; doi:10.3945/ajcn.113.058362; pmid:23966427	docs/superpowers/research/2026-10-09-satiety-research-2/23-carbohydrate-and-fat.md § Satiety research 2, carbohydrate and fat harvest (2026-10-09)	settled	
S1432	satiety	daily energy intake on days 1.08 L of an energy-bearing beverage (beer, light beer, alcohol-free beer, cola) is drunk with a midday meal vs carbonated water	energy intake was significantly higher each day an energy-bearing beverage was consumed relative to its preceding day; energy from carbohydrate in a beverage (cola, 1749 kJ) elicited little dietary response, and adjustment for ethanol energy was imprecise	n = 16 (8 men, 8 women), each beverage every 3-4 days, diet records; no certainty rating given	adults	RCT	Mattes RD 1996, Physiol Behav 59:179-187; doi:10.1016/0031-9384(95)02007-1; pmid:8848479	docs/superpowers/research/2026-10-09-satiety-research-2/23-carbohydrate-and-fat.md § Satiety research 2, carbohydrate and fat harvest (2026-10-09)	settled	
S1433	satiety	weight gain over 18 months on a masked 250 mL/d sugar-sweetened beverage (104 kcal) vs a sugar-free beverage (sugar calories incompletely compensated over months)	weight increased by 7.37 kg in the sugar group vs 6.35 kg in the sugar-free group (95% CI of the difference -1.54 to -0.48 kg); BMI z score +0.15 vs +0.02 SD units (95% CI of the difference -0.21 to -0.05); skinfolds, waist-to-height ratio and fat mass also rose less on sugar-free	n = 641, double-blind, 18 mo; 26% stopped drinking, data imputed; completers-plus-discontinued analysis BMI z +0.12 vs +0.06 (P = 0.06); no certainty rating given	primarily normal-weight children aged 4 y 10 mo to 11 y 11 mo	RCT	de Ruyter JC, Olthof MR, Seidell JC, Katan MB 2012, N Engl J Med 367:1397-1406; doi:10.1056/NEJMoa1203034; pmid:22998340	docs/superpowers/research/2026-10-09-satiety-research-2/23-carbohydrate-and-fat.md § Satiety research 2, carbohydrate and fat harvest (2026-10-09)	settled	
S1434	satiety	ad libitum energy intake after medium-chain vs long-chain triglycerides, acute and chronic (pooled; MCT lowers intake without changing appetite ratings)	a moderate decrease in ad libitum energy intake after acute and chronic MCT vs LCT under laboratory conditions: mean effect size -0.444 (95% CI -0.808, -0.080), p < 0.017; little evidence of any effect of MCT on subjective appetite ratings or circulating hormones	17 studies (291 participants) reviewed, 11 in the energy-intake meta-analysis, random effects; no certainty rating given in the abstract	adults in laboratory feeding studies	MA	Maher T, Clegg ME 2021, Crit Rev Food Sci Nutr 61:636-648; doi:10.1080/10408398.2020.1742654; pmid:32212947	docs/superpowers/research/2026-10-09-satiety-research-2/23-carbohydrate-and-fat.md § Satiety research 2, carbohydrate and fat harvest (2026-10-09)	settled	
S1435	satiety	time to the spontaneous meal request and lunch intake after a high-carbohydrate breakfast with 1460 kJ added as monounsaturated LCT, saturated LCT or MCT vs a fat substitute (time-blinded)	adding any of the fats did not alter hunger ratings but significantly delayed the request for lunch compared with the low-fat breakfast; the free-choice lunch after the MCT breakfast was significantly smaller; no differences between the monounsaturated and saturated LCT conditions	n = 12, four breakfasts (1670 kJ base); magnitudes not given in the abstract; no certainty rating given	healthy adult men isolated and deprived of time cues	RCT	Van Wymelbeke V, Himaya A, Louis-Sylvestre J, Fantino M 1998, Am J Clin Nutr 68:226-234; doi:10.1093/ajcn/68.2.226; pmid:9701177	docs/superpowers/research/2026-10-09-satiety-research-2/23-carbohydrate-and-fat.md § Satiety research 2, carbohydrate and fat harvest (2026-10-09)	settled	
S1436	satiety	lunch intake 1 h after a 10 g preload of MCT vs LCT (corn oil), having taken 20 g of the same oil at breakfast	food intake at the lunch test meal 532 +/- 389 kcal after MCT vs 804 +/- 486 kcal after LCT (mean +/- s.e.m., P < 0.05); GLP-1 and PYY did not explain the difference	study 2, n = 7, randomised crossover; study 1 (n = 10, lunch at 3 h) reported in the paper; no certainty rating given	overweight men	RCT	St-Onge MP, Mayrsohn B, O'Keeffe M, Kissileff HR, Choudhury AR, Laferrere B 2014, Eur J Clin Nutr 68:1134-1140; doi:10.1038/ejcn.2014.145; pmid:25074387	docs/superpowers/research/2026-10-09-satiety-research-2/23-carbohydrate-and-fat.md § Satiety research 2, carbohydrate and fat harvest (2026-10-09)	settled	
S1437	satiety	buffet intake after 90-min intraduodenal infusion of lauric acid (C12) vs decanoic acid (C10) vs control at 0.375 kcal/min (chain length decides the gut fat signal; mechanism, not eating)	energy intake control 4,604 +/- 464 kJ, C10 4,109 +/- 588 kJ, C12 1,747 +/- 632 kJ (P < 0.001, C12 vs control and C10); C12 but not C10 suppressed appetite perceptions and induced nausea; C12 raised CCK far more than C10 and stimulated GLP-1	n = 8, double-blind randomised, three occasions; no certainty rating given; intraduodenal infusion bypasses mouth and stomach	healthy men aged 19-47 y	RCT	Feltrin KL, Little TJ, Meyer JH et al 2004, Am J Physiol Regul Integr Comp Physiol 287:R524-R533; doi:10.1152/ajpregu.00039.2004; pmid:15166004	docs/superpowers/research/2026-10-09-satiety-research-2/23-carbohydrate-and-fat.md § Satiety research 2, carbohydrate and fat harvest (2026-10-09)	settled	
S1438	satiety	appetite and 24-h intake after muffins with 40 g of butter (saturated) vs canola or peanut oil (monounsaturated) vs no fat (fat type does not change satiety)	canola and peanut oil muffins gave higher fullness, and all three fat muffins lower hunger at 30, 60 and 120 min, than the fat-free muffin; no differences among the fat-containing loads, including 24-h intake; intake after the session was higher after the fat-free muffin, but total intake including the preload was similar across treatments	within-subject preload study; n not given in the abstract; no certainty rating given	lean adults after an overnight fast	RCT	Alfenas RC, Mattes RD 2003, Obes Res 11:183-187; doi:10.1038/oby.2003.29; pmid:12582212	docs/superpowers/research/2026-10-09-satiety-research-2/23-carbohydrate-and-fat.md § Satiety research 2, carbohydrate and fat harvest (2026-10-09)	settled	
S1439	essential-fats	appetite under n-3 polyunsaturated fatty acid supplementation vs control (pooled)	no significant difference in overall appetite score: SMD = 0.458 (95% CI -0.327, 1.242), P = 0.25; desire to eat increased: SMD = 1.07 (95% CI 0.116, 2.029), P = 0.02	15 controlled trials, 1,504 participants (872 n-3, 632 placebo), random effects; no certainty rating given in the abstract	adults and patients in controlled clinical trials of n-3 supplements	MA	Sasanfar B, Toorang F, Salehi-Abarghouei A 2024, Syst Rev 13:44; doi:10.1186/s13643-023-02430-y; pmid:38281014	docs/superpowers/research/2026-10-09-satiety-research-2/23-carbohydrate-and-fat.md § Satiety research 2, carbohydrate and fat harvest (2026-10-09)	settled	
S1440	essential-fats	postprandial hunger and fullness on a high vs low long-chain n-3 diet during energy restriction (the reading that n-3 raises satiety, against Sasanfar 2024)	high LC n-3 (>1300 mg/day) vs low (<260 mg/day) during the last 2 weeks of an 8-week energy-restricted diet: higher fullness directly after the test dinner (p = 0.045) and at 120 min (p = 0.008), lower hunger at 120 min (p = 0.039); erythrocyte n-3/n-6 ratio correlated with 2-h fullness r = 0.139 (p = 0.032)	n = 121 high vs 112 low; weight loss -5.9 +/- 3.1%; VAS only, no intake measure; no certainty rating given	overweight and obese adults aged 31 +/- 5 y, BMI 28.3 +/- 1.5 kg/m2	RCT	Parra D, Ramel A, Bandarra N, Kiely M, Martinez JA, Thorsdottir I 2008, Appetite 51:676-680; doi:10.1016/j.appet.2008.06.003; pmid:18602429	docs/superpowers/research/2026-10-09-satiety-research-2/23-carbohydrate-and-fat.md § Satiety research 2, carbohydrate and fat harvest (2026-10-09)	settled	
S1441	perception	oral fatty-acid taste detection thresholds in lean vs overweight or obese people (pooled; oral fat sensing does not track adiposity)	no significant differences in fatty acid taste thresholds or intensity ratings between lean and obese individuals	7 studies in the meta-analysis (3-alternative forced-choice thresholds), 2 more evaluated qualitatively; no certainty rating given in the abstract	adults, psychophysical model-system studies	MA	Tucker RM, Kaiser KA, Parman MA, George BJ, Allison DB, Mattes RD 2017, PLoS One 12:e0169583; doi:10.1371/journal.pone.0169583; pmid:28060900	docs/superpowers/research/2026-10-09-satiety-research-2/23-carbohydrate-and-fat.md § Satiety research 2, carbohydrate and fat harvest (2026-10-09)	settled	
S1442	satiety	ad libitum energy intake and weight change on an ultra-processed vs an unprocessed diet matched for presented calories, energy density, macronutrients, sugar, sodium and fibre (inpatient)	energy intake greater on the ultra-processed diet by 508 +/- 106 kcal/day (p = 0.0001), from carbohydrate 280 +/- 54 kcal/day and fat 230 +/- 53 kcal/day, not protein (-2 +/- 12 kcal/day); weight +0.9 +/- 0.3 kg on ultra-processed vs -0.9 +/- 0.3 kg on unprocessed; weight change correlated with intake r = 0.8	n = 20, randomised crossover, 2 wk per diet; no certainty rating given; the matched energy density counted beverages, and the non-beverage foods were not matched (see the mechanism row)	weight-stable adults aged 31.2 +/- 1.6 y, BMI 27 +/- 1.5 kg/m2, inpatients at the NIH Clinical Center	RCT	Hall KD, Ayuketah A, Brychta R et al 2019, Cell Metab 30:67-77.e3; doi:10.1016/j.cmet.2019.05.008; pmid:31105044	docs/superpowers/research/2026-10-09-satiety-research-2/23-carbohydrate-and-fat.md § Satiety research 2, carbohydrate and fat harvest (2026-10-09)	settled	
S1443	satiety	eating rate, consumed energy density and appetite ratings on the ultra-processed vs unprocessed diet of Hall 2019 (the mechanism: faster eating of denser food, not greater hunger or liking)	meal eating rate greater on ultra-processed by 17 +/- 1 kcal/min and 7.4 +/- 0.9 g/min (p < 0.0001); individual eating-rate differences correlated with intake differences r = 0.45 (p = 0.047); consumed foods and beverages 1.36 +/- 0.02 vs 1.09 +/- 0.02 kcal/g; non-beverage energy density of the presented meals 1.957 vs 1.057 kcal/g; no differences in pleasantness or familiarity, nor in intake-adjusted hunger (-1.7 +/- 2.5), fullness, satisfaction or capacity to eat	n = 20, as the intake row; no certainty rating given	weight-stable adults, inpatients at the NIH Clinical Center	RCT	Hall KD, Ayuketah A, Brychta R et al 2019, Cell Metab 30:67-77.e3; doi:10.1016/j.cmet.2019.05.008; pmid:31105044	docs/superpowers/research/2026-10-09-satiety-research-2/23-carbohydrate-and-fat.md § Satiety research 2, carbohydrate and fat harvest (2026-10-09)	settled	
S1444	satiety	ad libitum energy intake and weight change over 1 week on ultra-processed vs non-ultra-processed foods matched for total energy and macronutrients (replication)	during the UPF period participants gained 1.1 kg more weight (95% CI 0.2 to 2.0; P = .021) and consumed 813.5 kcal more per day (342.4 to 1284.7; P = .0041); chews per calorie significantly lower on UPF (P = .016)	n = 9, randomised open-label crossover, 1 wk per diet with 2-wk washout; no certainty rating given	overweight or obese Japanese men	RCT	Hamano S, Sawada M, Aihara M et al 2024, Diabetes Obes Metab 26:5431-5443; doi:10.1111/dom.15922; pmid:39267249	docs/superpowers/research/2026-10-09-satiety-research-2/23-carbohydrate-and-fat.md § Satiety research 2, carbohydrate and fat harvest (2026-10-09)	settled	
S1445	satiety	percent weight change over 8 weeks on ad libitum minimally processed vs ultra-processed diets both following the UK Eatwell Guide (free-living replication)	%WC -2.06 (95% CI -2.99, -1.13) on minimally processed and -1.05 (-1.98, -0.13) on ultra-processed; difference -1.01 (95% CI -1.87, -0.14), P = 0.024, Cohen's d -0.48 (-0.91, -0.06); self-reported energy intake 327.3 kcal/day (s.e. 110.2; P = 0.005) lower on minimally processed	n = 55 randomised, 50 ITT, 2 x 2 crossover, 8 wk per diet, food delivered; intake self-reported by diary in 32 and 35 participants; no certainty rating given	adults in England, BMI 25 to <40 kg/m2, habitual UPF intake >= 50% of energy; 90.9% female	RCT	Dicken SJ, Jassil FC, Brown A et al 2025, Nat Med 31:3297-3308; doi:10.1038/s41591-025-03842-0; pmid:40760353	docs/superpowers/research/2026-10-09-satiety-research-2/23-carbohydrate-and-fat.md § Satiety research 2, carbohydrate and fat harvest (2026-10-09)	settled	
S1446	satiety	energy intake, weight gain, eating rate and appetite on ultra-processed vs less processed food (pooled; the effect may be energy density)	UPF arms tended to higher energy intake, SMD = 0.18-0.44, with significance varying between analytic models; weight gain SMD = 0.65 and eating rate SMD = 0.96, significantly greater on UPF; no significant differences in palatability, appetite sensations or energy intake later in the day; energy intake SMD = 0.71 where the UPF diet was higher in energy density vs 0.02 where similar	10 studies, pre-registered; diets not matched for nutrient profile; the authors rate evidential certainty low	humans in randomised controlled trials of UPF vs less processed food	MA	Robinson E, Jones A, Evans R et al 2026, Crit Rev Food Sci Nutr (online ahead of print) 1-16; doi:10.1080/10408398.2026.2731838; pmid:42746678	docs/superpowers/research/2026-10-09-satiety-research-2/23-carbohydrate-and-fat.md § Satiety research 2, carbohydrate and fat harvest (2026-10-09)	settled	
S1447	satiety	ad libitum dinner intake and appetite after fixed-energy preload meals differing in processing (0% vs >= 80% of energy from UPF) and energy density (<= 1.2 vs >= 2.0 kcal/g) (processing alone does not change satiety)	no main or interaction effects on dinner intake: UPF -24.5 kcal (95% CI -87 to 38), energy density -41.6 kcal (-104 to 20.9); high-ED preloads gave small rises in hunger (3.61 mm, 1.6 to 5.6) and lower fullness (-5.3 mm, -7.5 to -3.1); processing did not affect short-term satiety	n = 19, randomised 2 x 2 crossover, one day per condition; VAS 15 times a day; no certainty rating given	young adults, mean age 22.1 +/- 3.2 y, BMI 23.5 +/- 2.7 kg/m2	RCT	Barros LM, Pereira MR, Peixoto VA et al 2026, Appetite 228:108761; doi:10.1016/j.appet.2026.108761; pmid:42633852	docs/superpowers/research/2026-10-09-satiety-research-2/23-carbohydrate-and-fat.md § Satiety research 2, carbohydrate and fat harvest (2026-10-09)	settled	
S1448	satiety	ad libitum lunch intake by food texture (hard vs soft) and processing (minimally vs ultra-processed) (texture-driven eating rate moves intake)	hard meals were eaten slower and gave a 21% reduction in food weight and 26% in energy consumed; least energy from the hard minimally processed meal, 482.9 kcal (95% CI 431.9, 531.0), most from the soft ultra-processed meal, 789.4 kcal (725.9, 852.8); texture-by-processing interaction on energy P = 0.015, not on weight P = 0.376; daily intake varied directly with the test-meal intake (15%, P < 0.001)	n = 50 (24 men), crossover, four lunches matched for energy served; meal energy density varied +/- 0.20 kcal/g; no certainty rating given	healthy-weight adults aged 24.4 +/- 3.1 y	RCT	Teo PS, Lim AJ, Goh AT et al 2022, Am J Clin Nutr 116:244-254; doi:10.1093/ajcn/nqac068; pmid:35285882	docs/superpowers/research/2026-10-09-satiety-research-2/23-carbohydrate-and-fat.md § Satiety research 2, carbohydrate and fat harvest (2026-10-09)	settled	
S1449	satiety	food characteristics associated with ad libitum meal energy intake across four inpatient dietary patterns (ultra-processed, unprocessed, low-fat, low-carbohydrate)	energy density, eating rate and hyper-palatable foods were consistently positively related to meal energy intake across all diets; protein content was positively related to meal intake on the ultra-processed and unprocessed diets but not significantly on the low-fat or low-carbohydrate diets	2,733 meals, secondary analysis of two inpatient crossover trials; associations, not randomised contrasts; no certainty rating given	inpatient adults of Hall 2019 and Hall 2021	COH	Fazzino TL, Courville AB, Guo J, Hall KD 2023, Nat Food 4:144-147; doi:10.1038/s43016-022-00688-4; pmid:37117850	docs/superpowers/research/2026-10-09-satiety-research-2/23-carbohydrate-and-fat.md § Satiety research 2, carbohydrate and fat harvest (2026-10-09)	settled	
S1450	satiety	concurrent energy intake and later hunger at a slower vs faster experimentally manipulated eating rate (pooled)	a slower eating rate was associated with lower energy intake than a faster one: random-effects SMD 0.45 (95% CI 0.25, 0.65), P < 0.0001, consistent across manipulation types; no significant relation between eating rate and hunger at the end of the meal or up to 3.5 h later	22 studies; a large amount of heterogeneity; no certainty rating given in the abstract	adults in laboratory studies that manipulated eating rate	MA	Robinson E, Almiron-Roig E, Rutters F et al 2014, Am J Clin Nutr 100:123-151; doi:10.3945/ajcn.113.081745; pmid:24847856	docs/superpowers/research/2026-10-09-satiety-research-2/23-carbohydrate-and-fat.md § Satiety research 2, carbohydrate and fat harvest (2026-10-09)	settled	
S1451	satiety	subjective appetite while in ketosis on very-low-energy or ketogenic low-carbohydrate diets vs before, in energy balance (pooled)	individuals were less hungry and had greater fullness or satiety while adhering to a VLED, and were less hungry with a reduced desire to eat while adhering to a ketogenic low-carbohydrate diet; the absolute changes were small, but occurred under energy restriction, which otherwise raises appetite	pooled VAS values not read (the full text was not accessible; the abstract gives directions only); no certainty rating given in the abstract	adults with obesity on VLED or ketogenic low-carbohydrate weight-loss diets	MA	Gibson AA, Seimon RV, Lee CM et al 2015, Obes Rev 16:64-76; doi:10.1111/obr.12230; pmid:25402637	docs/superpowers/research/2026-10-09-satiety-research-2/23-carbohydrate-and-fat.md § Satiety research 2, carbohydrate and fat harvest (2026-10-09)	settled	
S1452	starvation	subjective appetite and ghrelin after a ketogenic very-low-energy diet, while ketotic vs after 2 weeks of food reintroduction	13% of initial weight lost over 8 weeks; fasting beta-hydroxybutyrate 0.07 +/- 0.00 to 0.48 +/- 0.07 mmol/l (P < 0.001), falling to 0.19 +/- 0.03 mmol/l after refeeding; while ketotic the weight-loss-induced rise in ghrelin was suppressed, and subjective ratings of appetite were lower at week 8 than after refeeding	n = 39 completers of 50; within-subject, not randomised; no certainty rating given	non-diabetic overweight or obese adults	EXP	Sumithran P, Prendergast LA, Delbridge E et al 2013, Eur J Clin Nutr 67:759-764; doi:10.1038/ejcn.2013.90; pmid:23632752	docs/superpowers/research/2026-10-09-satiety-research-2/23-carbohydrate-and-fat.md § Satiety research 2, carbohydrate and fat harvest (2026-10-09)	settled	
S1453	satiety	hunger and desire to eat after an exogenous ketone ester drink vs isocaloric dextrose (ketones themselves suppress appetite)	1.9 kcal/kg ketone ester raised blood beta-hydroxybutyrate from 0.2 to 3.3 mM at 60 min; hunger and desire to eat significantly suppressed 1.5 h after the ketone ester vs dextrose, alongside lower ghrelin, insulin, GLP-1 and PYY 2 to 4 h after	n = 15, drinks matched for volume, taste, tonicity and colour; VAS magnitudes not given in the abstract; no certainty rating given	normal-weight adults after an overnight fast	RCT	Stubbs BJ, Cox PJ, Evans RD, Cyranka M, Clarke K, de Wet H 2018, Obesity (Silver Spring) 26:269-273; doi:10.1002/oby.22051; pmid:29105987	docs/superpowers/research/2026-10-09-satiety-research-2/23-carbohydrate-and-fat.md § Satiety research 2, carbohydrate and fat harvest (2026-10-09)	settled	
S1454	satiety	spontaneous energy intake over 14 days of a strict low-carbohydrate diet vs 7 days of the usual diet, inpatient	mean energy intake fell from 3111 kcal/d to 2164 kcal/d; mean deficit 1027 kcal/d (median 737 kcal/d), which completely accounted for a 1.65 kg weight loss in 14 days (median 1.34 kg)	n = 10, before-after inpatient comparison without a strict control group; no certainty rating given	obese patients with type 2 diabetes	EXP	Boden G, Sargrad K, Homko C, Mozzoli M, Stein TP 2005, Ann Intern Med 142:403-411; doi:10.7326/0003-4819-142-6-200503150-00006; pmid:15767618	docs/superpowers/research/2026-10-09-satiety-research-2/23-carbohydrate-and-fat.md § Satiety research 2, carbohydrate and fat harvest (2026-10-09)	settled	
S1455		the pooled size, in mm VAS, of the hunger and fullness change under ketosis (Gibson 2015) and the beta-hydroxybutyrate level at which appetite suppression begins		Gibson 2015 (MA) gives directions only in its abstract; Sumithran 2013 reads appetite lower at 0.48 mmol/l BHB than at 0.19; the ketone-ester drink suppresses hunger at 3.3 mM (Stubbs 2018); no source gives a threshold or dose-response	adults on ketogenic or very-low-energy diets			docs/superpowers/research/2026-10-09-satiety-research-2/23-carbohydrate-and-fat.md § Satiety research 2, carbohydrate and fat harvest (2026-10-09)	open	
S1456		the effect of processing level on intake at matched energy density, eating rate and nutrient profile		Robinson 2026 (MA) reads SMD 0.02 where UPF and less processed diets had similar energy density; Barros 2026 reads no processing effect on a fixed-energy preload; Teo 2022 reads texture and eating rate as the lever; no trial isolates processing from energy density, texture and nutrient profile over days	adults			docs/superpowers/research/2026-10-09-satiety-research-2/23-carbohydrate-and-fat.md § Satiety research 2, carbohydrate and fat harvest (2026-10-09)	open	
S1457	satiety	ad libitum breakfast energy intake after a 500 mL water preload 30 min before the meal vs no preload (acute, older obese adults)	500 +/- 32 vs 574 +/- 38 kcal (P = 0.004), an approximate 13% reduction in meal energy intake	randomised two-condition within-subjects; the percentage reduction was not related to sex, age, BMI or habitual daily water consumption (all P > 0.05); no certainty rating given	24 overweight and obese adults, mean age 61.3 +/- 1.1 y, BMI 34.3 +/- 1.2	RCT	Davy BM, Dennis EA, Dengo AL, Wilson KL, Davy KP 2008, J Am Diet Assoc 108:1236-1239; doi:10.1016/j.jada.2008.04.013; pmid:18589036	docs/superpowers/research/2026-10-09-satiety-research-2/24-water-volume-and-form.md § Satiety research 2, water, volume, energy density and food form harvest (2026-10-09)	settled	
S1458	satiety	ad libitum lunch energy intake after a water preload 30 min before the meal vs no preload, young vs older adults (the reading that the effect is age-dependent)	young: 892 vs 913 kcal (no preload vs water, P = 0.65, no effect); older: 682 vs 624 kcal (P = 0.02), mainly in older men; fullness higher after the water preload in all subjects (P = 0.01)	within-subjects; preload 375 mL (women) or 500 mL (men); older adults rated lower hunger and higher fullness than young overall (P < 0.01); thirst did not differ by age; no certainty rating given	29 young (21-35 y) and 21 older (60-80 y) healthy non-obese adults	RCT	Van Walleghen EL, Orr JS, Gentile CL, Davy BM 2007, Obesity (Silver Spring) 15:93-99; doi:10.1038/oby.2007.506; pmid:17228036	docs/superpowers/research/2026-10-09-satiety-research-2/24-water-volume-and-form.md § Satiety research 2, water, volume, energy density and food form harvest (2026-10-09)	settled	
S1459	satiety	ad libitum breakfast energy intake after a 500 mL water preload vs no preload, at baseline and at week 12 of a 12-week hypocaloric-diet trial, in the pooled sample of both arms (the reading that the acute effect was not significant at week 12; not a habituation effect, since only the water arm drank water before meals and no group-by-condition difference was found)	baseline: 498 +/- 25 kcal with the preload vs 541 +/- 27 kcal without (P = 0.009); week 12: 480 +/- 25 vs 506 +/- 25 kcal (P = 0.069, not significant)	12-week randomised trial of a hypocaloric diet with or without 500 mL water before each main meal; test meals analysed in the pooled sample of both arms, with no significant group-by-condition difference in breakfast energy intake in absolute or relative terms; weight loss about 2 kg greater in the water group (beta -0.87 vs -0.60, a 44% greater decline); no certainty rating given	48 overweight or obese adults aged 55-75 y, BMI 25-40	RCT	Dennis EA, Dengo AL, Comber DL, Flack KD, Savla J, Davy KP, Davy BM 2010, Obesity (Silver Spring) 18:300-307; doi:10.1038/oby.2009.235; pmid:19661958	docs/superpowers/research/2026-10-09-satiety-research-2/24-water-volume-and-form.md § Satiety research 2, water, volume, energy density and food form harvest (2026-10-09)	settled	
S1460	satiety	ad libitum breakfast energy intake after 568 mL of water drunk immediately (< 1 min) before the meal vs no preload, young men (the reading that timing, not age alone, may govern the null in the young)	2551 (562) kJ control vs 1967 (454) kJ after the preload (P < 0.001); the preload raised fullness and satisfaction and lowered hunger vs control (P < 0.001)	randomised counterbalanced crossover after a familiarisation trial; porridge breakfast; ad libitum water during the meal also fell, 318 (226-975) vs 116 (0-581) mL; no certainty rating given	14 healthy non-obese men, age 27 (3) y, BMI 24.0 (2.5)	RCT	Corney RA, Sunderland C, James LJ 2016, Eur J Nutr 55:815-819; doi:10.1007/s00394-015-0903-4; pmid:25893719	docs/superpowers/research/2026-10-09-satiety-research-2/24-water-volume-and-form.md § Satiety research 2, water, volume, energy density and food form harvest (2026-10-09)	settled	
S1461	satiety	test-meal intake with 300 mL of water drunk before the meal, after it, or not at all (the reading that water after a meal does nothing)	123.3 g with the water preload vs 161.7 g without water and 163.3 g with the water postload (p < 0.05); satiety ratings did not differ despite the lower intake	three-condition crossover, Korean steamed rice cake test meal; small sample; no certainty rating given	15 non-obese young adults (8 women, 7 men), mean ages 26.4 and 23.5 y	RCT	Jeong JN 2018, Clin Nutr Res 7:291-296; doi:10.7762/cnr.2018.7.4.291; pmid:30406058	docs/superpowers/research/2026-10-09-satiety-research-2/24-water-volume-and-form.md § Satiety research 2, water, volume, energy density and food form harvest (2026-10-09)	settled	
S1462	body-composition	weight change over 12 weeks of drinking 500 mL water 30 min before main meals vs an attention control (chronic)	-1.3 kg (95% CI -2.4 to -0.1, P = 0.028) more than comparators; adjusted for ethnicity, deprivation, age and gender -1.2 kg (95% CI -2.4 to 0.07, P = 0.063)	two-group RCT, 41 intervention vs 43 comparators; adherence checked by 24-h urine; called preliminary evidence by the authors; no certainty rating given	84 adults with obesity from UK general practices	RCT	Parretti HM, Aveyard P, Blannin A et al 2015, Obesity (Silver Spring) 23:1785-1791; doi:10.1002/oby.21167; pmid:26237305	docs/superpowers/research/2026-10-09-satiety-research-2/24-water-volume-and-form.md § Satiety research 2, water, volume, energy density and food form harvest (2026-10-09)	settled	
S1463	satiety	total energy intake at a test meal after a beverage vs water before or with a single meal (systematic review)	sugar-sweetened beverages vs water: total energy intake +7.8% (range -7.5 to 18.9); non-nutritive sweetened vs water: -1.3% (range -9 to 13.8); milk and juice vs water: +14.9% (range 10.9 to 23.9%)	systematic review of clinical trials, epidemiologic and intervention studies; average differences calculated, not a pooled random-effects estimate; the authors call the literature sparse and somewhat inconclusive; no certainty rating given	adults in single-meal clinical trials	MA	Daniels MC, Popkin BM 2010, Nutr Rev 68:505-521; doi:10.1111/j.1753-4887.2010.00311.x; pmid:20796216	docs/superpowers/research/2026-10-09-satiety-research-2/24-water-volume-and-form.md § Satiety research 2, water, volume, energy density and food form harvest (2026-10-09)	settled	
S1464	satiety	the pooled effect of a pre-meal water load on ad libitum meal energy intake (no meta-analysis located on Europe PMC, 2026-10-09; the evidence is single crossovers of 14-60 subjects)						docs/superpowers/research/2026-10-09-satiety-research-2/24-water-volume-and-form.md § Satiety research 2, water, volume, energy density and food form harvest (2026-10-09)	open	
S1465	satiety	hunger and lunch intake after a chunky soup, a strained soup or the same vegetables with water, at identical composition and volume (water in food vs beside it, the direction of S1231 replicated)	hunger suppression significantly greater after the chunky soup than after the vegetables and water; both soups reduced lunch energy intake, the chunky soup most; in the overweight the lower lunch was followed by a lower dinner	within-subjects, three preloads and a no-preload condition at lunch; magnitudes not given in the abstract; no certainty rating given	12 lean and 10 overweight young men	RCT	Himaya A, Louis-Sylvestre J 1998, Appetite 30:199-210; doi:10.1006/appe.1997.0138; pmid:9573453	docs/superpowers/research/2026-10-09-satiety-research-2/24-water-volume-and-form.md § Satiety research 2, water, volume, energy density and food form harvest (2026-10-09)	settled	
S1466	satiety	meal energy intake (preload plus test meal) after a low-energy-dense vegetable soup in four forms vs no soup	soup reduced total meal energy intake by 20% (134 +/- 25 kcal; 561 +/- 105 kJ); the form (broth and vegetables separately, chunky, chunky-pureed, pureed) had no significant effect	within-subjects, once a week for 5 weeks; test meal 15 min after the compulsory soup; no certainty rating given	60 normal-weight men and women	RCT	Flood JE, Rolls BJ 2007, Appetite 49:626-634; doi:10.1016/j.appet.2007.04.002; pmid:17574705	docs/superpowers/research/2026-10-09-satiety-research-2/24-water-volume-and-form.md § Satiety research 2, water, volume, energy density and food form harvest (2026-10-09)	settled	
S1467	digestion	gastric-emptying half-time and fullness after a solid meal vs chunky soup vs smooth soup of the same food	gastric-emptying half-time differed (P = 0.022), longest for the smooth soup and shortest for the solid meal; fullness higher after the smooth soup than the solid meal (P = 0.034); glycaemic AUC 87.0 +/- 49.5 (smooth), 65.4 +/- 48.0 (chunky), 61.6 +/- 36.8 mmol/l/min (solid)	three-condition crossover, 13C-acetate breath test; small sample; no certainty rating given	12 volunteers	RCT	Clegg ME, Ranawana V, Shafat A, Henry CJ 2013, Eur J Clin Nutr 67:8-11; doi:10.1038/ejcn.2012.152; pmid:23093339	docs/superpowers/research/2026-10-09-satiety-research-2/24-water-volume-and-form.md § Satiety research 2, water, volume, energy density and food form harvest (2026-10-09)	settled	
S1468	satiety	lunch energy intake after a compulsory first-course salad by its energy density (0.33, 0.67, 1.33 kcal/g) and portion (150 or 300 g) vs no first course	low-energy-dense salad reduced meal energy intake by 7% (150 g) and 12% (300 g); high-energy-dense salad increased it by 8% (150 g) and 17% (300 g); at equal salad calories the larger low-density portion reduced intake	randomised crossover, once per week for 7 weeks; pasta main course ad libitum; no certainty rating given	42 women of a university community	RCT	Rolls BJ, Roe LS, Meengs JS 2004, J Am Diet Assoc 104:1570-1576; doi:10.1016/j.jada.2004.07.001; pmid:15389416	docs/superpowers/research/2026-10-09-satiety-research-2/24-water-volume-and-form.md § Satiety research 2, water, volume, energy density and food form harvest (2026-10-09)	settled	
S1469	energy	daily energy intake on lower vs higher energy-density food when the energy density of all foods and meals is manipulated, and its slope per kcal/g (pooled)	-855.85 kcal/d (95% CI -616.18 to -1095.52), I2 = 97.4%; outliers (5 effects) removed -709.01 kcal/d (95% CI -602.04 to -815.97), I2 = 85.4%; meta-regression on the energy-density difference b = -1510.70 (95% CI -1236.08 to -1785.33), outliers removed b = -309.31 (95% CI -115.91 to -502.71)	subset of the 31-study multi-level meta-analysis (8 studies manipulating all food); custom risk-of-bias checklist, little evidence that risk-of-bias indicators predicted outcomes; mostly short laboratory studies; read from the full text (PMC9026919); no GRADE rating given	adults and children in experimental studies of at least 1 day	MA	Robinson E, Khuttan M, McFarland-Lesser I, Patel Z, Jones A 2022, Int J Behav Nutr Phys Act 19:48; doi:10.1186/s12966-022-01287-z; pmid:35459185	docs/superpowers/research/2026-10-09-satiety-research-2/24-water-volume-and-form.md § Satiety research 2, water, volume, energy density and food form harvest (2026-10-09)	settled	
S1470	energy	compensation at other foods after a lower energy-density food or meal, and the share of a served-energy difference that reaches daily intake (pooled)	manipulated meals -330.78 kcal (95% CI -224.27 to -437.29, I2 = 100%), with intake at later non-manipulated foods up by a non-significant 35.08 kcal (95% CI -28.32 to 98.48, p = .278, I2 = 95.15) after the lower energy-density food; among studies not manipulating all foods, a 100 kcal difference in energy served predicted a 77 kcal difference in daily energy intake (b = -0.774, 95% CI -0.644 to -0.905)	16 effects from 7 studies for the compensation analysis; studies not manipulating all foods: -237.84 kcal/d (95% CI -148.13 to -327.54, I2 = 95.9); results similar below and above 1.75 kcal/g; read from the full text (PMC9026919); no GRADE rating given	adults and children in experimental studies of at least 1 day	MA	Robinson E, Khuttan M, McFarland-Lesser I, Patel Z, Jones A 2022, Int J Behav Nutr Phys Act 19:48; doi:10.1186/s12966-022-01287-z; pmid:35459185	docs/superpowers/research/2026-10-09-satiety-research-2/24-water-volume-and-form.md § Satiety research 2, water, volume, energy density and food form harvest (2026-10-09)	settled	
S1471	satiety	energy intake at the next meal after a lower vs higher energy-density preload, at fixed energy vs at fixed weight (pooled)	overall no effect on the next meal (95% CI -21.21, 21.29); at the same energy content a low-energy-dense preload lowered next-meal intake (95% CI -138.71, -57.33); at the same weight it raised it (95% CI 9.72, 56.19); the abstract gives CIs only, without point estimates or units	40 studies reviewed, 39 meta-analysed; heterogeneity described as remarkable; no certainty rating given	human preload and meal studies	MA	Rouhani MH, Surkan PJ, Azadbakht L 2017, Eat Behav 26:6-15; doi:10.1016/j.eatbeh.2016.12.011; pmid:28131006	docs/superpowers/research/2026-10-09-satiety-research-2/24-water-volume-and-form.md § Satiety research 2, water, volume, energy density and food form harvest (2026-10-09)	settled	
S1472	satiety	weight and energy of food eaten over 2 days when the main entree's energy density is low, medium or high at matched palatability and macronutrients	a similar weight of food eaten across conditions; energy intake 7532 +/- 363 kJ (1800 +/- 86 kcal, high), 6356 +/- 281 kJ (1519 +/- 67 kcal, medium), 5756 +/- 178 kJ (1376 +/- 43 kcal, low) (P < 0.0001); no differences in hunger or fullness before or after meals or over the 2 days	within-subjects, three 2-day sessions; compulsory low-energy side dishes and breakfast; no certainty rating given	18 normal-weight women	RCT	Bell EA, Castellanos VH, Pelkman CL, Thorwart ML, Rolls BJ 1998, Am J Clin Nutr 67:412-420; doi:10.1093/ajcn/67.3.412; pmid:9497184	docs/superpowers/research/2026-10-09-satiety-research-2/24-water-volume-and-form.md § Satiety research 2, water, volume, energy density and food form harvest (2026-10-09)	settled	
S1473	satiety	2-day energy intake after a 25% reduction in energy density vs a 25% reduction in portion size of all foods (additive, no rise in hunger)	25% lower energy density: -24% energy intake (575 kcal/d); 25% smaller portions: -10% (231 kcal/d); the effects were additive and sustained meal to meal; hunger and fullness ratings did not differ across conditions	crossover, 4 sessions of 2 consecutive days, all foods ad libitum; no certainty rating given	24 young women	RCT	Rolls BJ, Roe LS, Meengs JS 2006, Am J Clin Nutr 83:11-17; doi:10.1093/ajcn/83.1.11; pmid:16400043	docs/superpowers/research/2026-10-09-satiety-research-2/24-water-volume-and-form.md § Satiety research 2, water, volume, energy density and food form harvest (2026-10-09)	settled	
S1474	satiety	hunger, fullness and later intake after solid or semi-solid vs liquid food of matched content (pooled, food form)	hunger -5.00 mm (95% CI -8.27 to -1.73, I2 = 71%; abstract -4.97 mm), solid vs liquid -6.58 mm (95% CI -9.61 to -3.54, I2 = 39%), semi-solid vs liquid no difference; fullness -0.75 mm (95% CI -3.93 to 2.43, I2 = 91%, no difference); intake -26.2 kcal (95% CI -61.7 to 9.4, I2 = 0%, not significant), solid vs liquid -55.5 kcal (95% CI -111.1 to -0.1, p = 0.05)	29 studies reviewed; form pooled from 16 subgroups for hunger, 12 for fullness (263 participants) and 12 for intake (458 participants), 651 participants in all; risk of bias: 1 study low, 25 medium, 3 high; the abstract prints the intake CI as -61.72 to -9.35 and calls it a moderate effect, the Results -61.7 to 9.4 (p = 0.149); the authors advise cautious interpretation; read from the full text (PMC7395742); no GRADE rating given	healthy adults in acute preload trials, 100 mm VAS	MA	Stribiţcaia E, Evans CEL, Gibbons C, Blundell J, Sarkar A 2020, Sci Rep 10:12929; doi:10.1038/s41598-020-69504-y; pmid:32737349	docs/superpowers/research/2026-10-09-satiety-research-2/24-water-volume-and-form.md § Satiety research 2, water, volume, energy density and food form harvest (2026-10-09)	settled	
S1475	satiety	hunger, fullness and later intake after higher- vs lower-viscosity food of matched content (pooled, viscosity)	hunger -2.10 mm (95% CI -4.38 to 0.18, p = 0.071, I2 = 59%, 11 subgroups, 191 participants); fullness +5.20 mm (95% CI 2.43 to 7.97, I2 = 76%, 11 subgroups, 155 participants); intake -66.7 kcal (95% CI -144.2 to 10.9, not significant, 9 subgroups, 191 participants)	the abstract prints the hunger CI as -4.38 to 1.18, the Results as -4.38 to 0.18; texture effects on intake appeared at 10-15 min preload-to-meal intervals and not at 90-180 min; read from the full text (PMC7395742); no GRADE rating given	healthy adults in acute preload trials, 100 mm VAS	MA	Stribiţcaia E, Evans CEL, Gibbons C, Blundell J, Sarkar A 2020, Sci Rep 10:12929; doi:10.1038/s41598-020-69504-y; pmid:32737349	docs/superpowers/research/2026-10-09-satiety-research-2/24-water-volume-and-form.md § Satiety research 2, water, volume, energy density and food form harvest (2026-10-09)	settled	
S1476	satiety	daily energy intake after a preload perceived as liquid vs perceived as solid in the stomach (all preloads a gastric liquid)	2311 +/- 95 vs 1897 +/- 72 kcal on perceived gastric-liquid vs perceived gastric-solid days (P = 0.007); oral-liquid and perceived-liquid preloads gave more hunger, less fullness and faster gastric emptying and orocecal transit (all P < 0.05)	randomised 4-arm crossover, energy- and macronutrient-matched preloads, 4 h of monitoring; faster gastric emptying associated with greater intake after perceived-liquid preloads; no certainty rating given	52 healthy adults, age 24.7 +/- 5.5 y, BMI 26.3 +/- 6.3	RCT	Cassady BA, Considine RV, Mattes RD 2012, Am J Clin Nutr 95:587-593; doi:10.3945/ajcn.111.025437; pmid:22258267	docs/superpowers/research/2026-10-09-satiety-research-2/24-water-volume-and-form.md § Satiety research 2, water, volume, energy density and food form harvest (2026-10-09)	settled	
S1477	satiety	lunch energy intake after whole apple, applesauce, apple juice or juice with added fibre matched for weight, energy and energy density	whole apple reduced lunch energy intake (preload plus test meal) by 15% (187 +/- 36 kcal) vs control (p < 0.0001) and below applesauce and both juices; fullness apple > applesauce > both juices > control; added natural fibre did not make juice more satiating	once a week for 5 weeks; preloads 266 g, 125 kcal, matched ingestion rate; test meal 15 min later; no certainty rating given	58 adults	RCT	Flood-Obbagy JE, Rolls BJ 2009, Appetite 52:416-422; doi:10.1016/j.appet.2008.12.001; pmid:19110020	docs/superpowers/research/2026-10-09-satiety-research-2/24-water-volume-and-form.md § Satiety research 2, water, volume, energy density and food form harvest (2026-10-09)	settled	
S1478	satiety	hunger and later intake after a liquid vs solid meal replacement of matched energy and macronutrients, older adults	13.4% more ad libitum oatmeal at minute 120 after the liquid (P = 0.006); composite hunger (AUC 15-120 min) higher after the liquid (P = 0.04); fullness did not differ (P = 0.25)	randomised crossover, two 1-day trials, products at 25% of daily energy needs; 100 mm quasi-logarithmic VAS; no certainty rating given	24 adults (12 men, 12 women) aged 50-80 y, BMI 22-30	RCT	Stull AJ, Apolzan JW, Thalacker-Mercer AE, Iglay HB, Campbell WW 2008, J Am Diet Assoc 108:1226-1230; doi:10.1016/j.jada.2008.04.014; pmid:18589034	docs/superpowers/research/2026-10-09-satiety-research-2/24-water-volume-and-form.md § Satiety research 2, water, volume, energy density and food form harvest (2026-10-09)	settled	
S1479	satiety	ad libitum intake of a liquid, semi-liquid and semi-solid milk product of equal energy density, and the share explained by eating rate (viscosity)	real life: liquid 809 +/- 396 g vs semi-liquid 699 +/- 391 g vs semi-solid 566 +/- 311 g (14% and 30% higher for the liquid, P < 0.0001); laboratory with eating rate standardised: 200 +/- 106 vs 176 +/- 88 g (12%, P = 0.24); uncontrolled 419 +/- 216 vs 277 +/- 130 g (34%, P < 0.0001)	real-life arm n = 108, laboratory arm n = 49 with a peristaltic pump; products matched in palatability, macronutrients and energy density; no certainty rating given	nonrestrained adults, age 26 +/- 7 y, BMI 22.7 +/- 2.4	RCT	Zijlstra N, Mars M, de Wijk RA, Westerterp-Plantenga MS, de Graaf C 2008, Int J Obes (Lond) 32:676-683; doi:10.1038/sj.ijo.0803776; pmid:18071342	docs/superpowers/research/2026-10-09-satiety-research-2/24-water-volume-and-form.md § Satiety research 2, water, volume, energy density and food form harvest (2026-10-09)	settled	
S1480	satiety	hunger, time to the first meal and 24-h intake after a thick vs thin shake of identical energy, weight, volume and temperature (the reading that viscosity lowers hunger without moving intake)	greater and more prolonged reductions of hunger with the thicker shake; no significant differences in the size of or time to the first spontaneous eating occasion (>= 100 kcal) or in 24-h energy intake	325 mL, 220 kcal shakes at weekly intervals; matched on palatability, appearance, ingestion rate and expectations; no certainty rating given	84 adults	RCT	Mattes RD, Rothacker D 2001, Physiol Behav 74:551-557; doi:10.1016/s0031-9384(01)00597-2; pmid:11790415	docs/superpowers/research/2026-10-09-satiety-research-2/24-water-volume-and-form.md § Satiety research 2, water, volume, energy density and food form harvest (2026-10-09)	settled	
S1481	satiety	lunch intake after intragastric balloon distension of 0 to 800 mL water (the reading that 400 mL or more of pure volume reduces intake)	food intake fell as balloon volume rose; a balloon of >= 400 mL significantly reduced intake (p < 0.01); no lean-obese difference; gastric emptying not significantly slowed at 800 mL; discomfort in only 2 lean subjects at 800 mL	balloon filled with 0, 200, 400, 600 and 800 mL in random order on different days; very small sample; a separate record from Geliebter 1988 Physiol Behav (S1253); no certainty rating given	4 lean and 4 obese subjects	RCT	Geliebter A, Westreich S, Gage D 1988, Am J Clin Nutr 48:592-594; doi:10.1093/ajcn/48.3.592; pmid:3414573	docs/superpowers/research/2026-10-09-satiety-research-2/24-water-volume-and-form.md § Satiety research 2, water, volume, energy density and food form harvest (2026-10-09)	settled	
S1482	satiety	meal energy intake and hunger after transient fundus balloon distension of 0, 400, 600 or 800 mL before eating (the reading that pure distension before a meal does not reduce intake, against Geliebter 1988)	neither fundus nor antrum distension reduced calorie intake; pre-meal hunger fell and fullness rose only at 600 and 800 mL; CCK and PYY unchanged	two randomised double-blind four-period crossovers of 12 men each; transient distension applied before the meal; no certainty rating given	24 healthy male volunteers	RCT	Oesch S, Rüegg C, Fischer B, Degen L, Beglinger C 2006, Physiol Behav 87:903-910; doi:10.1016/j.physbeh.2006.02.003; pmid:16549077	docs/superpowers/research/2026-10-09-satiety-research-2/24-water-volume-and-form.md § Satiety research 2, water, volume, energy density and food form harvest (2026-10-09)	settled	
S1483	satiety	lunch energy intake after isoenergetic, equal-weight shakes of 300, 450 and 600 mL made by incorporating air (volume independent of energy density)	intake 12% lower after the 600 mL preload (2966 +/- 247 kJ) than after the 300 mL preload (3368 +/- 197 kJ) (P < 0.04); greater falls in hunger and rises in fullness after 450 and 600 mL than after 300 mL	within-subjects, 1 day per week for 4 weeks; 2088 kJ yogurt-based shakes 30 min before lunch; no certainty rating given	28 lean men	RCT	Rolls BJ, Bell EA, Waugh BA 2000, Am J Clin Nutr 72:361-368; doi:10.1093/ajcn/72.2.361; pmid:10919928	docs/superpowers/research/2026-10-09-satiety-research-2/24-water-volume-and-form.md § Satiety research 2, water, volume, energy density and food form harvest (2026-10-09)	settled	
S1484	satiety	ad libitum intake of a more vs less aerated snack at equal energy density (5.7 kcal/g; 0.45 vs 1.00 kcal/mL)	21% less weight and energy (70 +/- 17 kcal) of the more-aerated snack eaten, although 73% greater volume (239 +/- 24 mL); hunger and fullness ratings did not differ	within-subjects, four afternoon sessions, 1250 mL served in a bowl or an opaque bag (serving method no effect); no certainty rating given	16 women and 12 men	RCT	Osterholt KM, Roe LS, Rolls BJ 2007, Appetite 48:351-358; doi:10.1016/j.appet.2006.10.007; pmid:17188782	docs/superpowers/research/2026-10-09-satiety-research-2/24-water-volume-and-form.md § Satiety research 2, water, volume, energy density and food form harvest (2026-10-09)	settled	
S1485	satiety	gastric volume (MRI) and hunger after 110 kcal milk drinks whipped to 490 mL foams vs a 140 mL non-aerated control	both foams increased gastric volume and reduced hunger vs the liquid control (all P < 0.001); time to return to baseline appetite 197 min (less-stable foam) vs 248 min (stable foam) (P < 0.05); hunger AUC did not differ between the foams	randomised balanced crossover, MRI over 4 h; no certainty rating given	18 healthy men	RCT	Murray K, Placidi E, Schuring EA et al 2015, Am J Clin Nutr 101:270-278; doi:10.3945/ajcn.114.096974; pmid:25646323	docs/superpowers/research/2026-10-09-satiety-research-2/24-water-volume-and-form.md § Satiety research 2, water, volume, energy density and food form harvest (2026-10-09)	settled	
S1486	satiety	concurrent energy intake and hunger at a slower vs faster experimentally manipulated eating rate (pooled)	slower eating lowered intake vs faster eating, random-effects SMD 0.45 (95% CI 0.25 to 0.65, P < 0.0001); no significant relation between eating rate and hunger at the end of the meal or up to 3.5 h later	22 studies; consistent across manipulation types; large heterogeneity between studies; no certainty rating given	adults in laboratory eating-rate manipulations	MA	Robinson E, Almiron-Roig E, Rutters F et al 2014, Am J Clin Nutr 100:123-151; doi:10.3945/ajcn.113.081745; pmid:24847856	docs/superpowers/research/2026-10-09-satiety-research-2/24-water-volume-and-form.md § Satiety research 2, water, volume, energy density and food form harvest (2026-10-09)	settled	
S1487	satiety	hunger and food intake with oral processing related to chewing (more chews, slower rate, harder texture) (pooled)	hunger effect size -0.20 (95% CI -0.30 to -0.11); food intake effect size -0.28 (95% CI -0.36 to -0.19)	40 studies, 70 subgroups (65 for intake, 22 for hunger, 15 for desire to eat), random effects; few studies on lubrication; no certainty rating given	adults in laboratory oral-processing manipulations	MA	Krop EM, Hetherington MM, Nekitsing C, Miquel S, Postelnicu L, Sarkar A 2018, Appetite 125:253-269; doi:10.1016/j.appet.2018.01.018; pmid:29408331	docs/superpowers/research/2026-10-09-satiety-research-2/24-water-volume-and-form.md § Satiety research 2, water, volume, energy density and food form harvest (2026-10-09)	settled	
S1488	satiety	self-reported hunger with prolonged mastication (pooled), and the count of trials in which chewing reduced intake	hunger -2.31 VAS points (95% CI -4.67, -1.38 as printed, p < 0.001); chewing reduced food intake in 10 of 16 experiments and moved VAS satiation or satiety in 5 of 16	15 papers, 17 trials; meta-analysis of 10 papers, 13 trials; publication bias and heterogeneity (I2 = 93.4%, tau2 = 6.52) present; the fasting duration moderated the effect; no certainty rating given	adults in chewing manipulations	MA	Miquel-Kergoat S, Azais-Braesco V, Burton-Freeman B, Hetherington MM 2015, Physiol Behav 151:88-96; doi:10.1016/j.physbeh.2015.07.017; pmid:26188140	docs/superpowers/research/2026-10-09-satiety-research-2/24-water-volume-and-form.md § Satiety research 2, water, volume, energy density and food form harvest (2026-10-09)	settled	
S1489	satiety	energy intake at one meal with 40 vs 15 chews per 10 g bite	11.9% less ingested after 40 chews than after 15 chews, in lean and obese alike; lower postprandial ghrelin and higher GLP-1 and CCK with 40 chews (mechanism)	two sessions per subject; 2200 kJ test meal (68% carbohydrate, 21% fat, 11% protein) for the hormone study; no certainty rating given	16 lean and 14 obese young Chinese men	RCT	Li J, Zhang N, Hu L, Li Z, Li R, Li C, Wang S 2011, Am J Clin Nutr 94:709-716; doi:10.3945/ajcn.111.015164; pmid:21775556	docs/superpowers/research/2026-10-09-satiety-research-2/24-water-volume-and-form.md § Satiety research 2, water, volume, energy density and food form harvest (2026-10-09)	settled	
S1490	satiety	ad libitum pizza intake at 150% and 200% of each person's baseline chews per bite	intake reduced by 9.5% (150%) and 14.8% (200%) vs 100%; meal duration longer and eating rate lower; appetite at meal end and over the next 60 min did not differ	randomised crossover, eaten until comfortably full; no certainty rating given	45 normal-weight, overweight and obese adults aged 18-45 y	RCT	Zhu Y, Hollis JH 2014, J Acad Nutr Diet 114:926-931; doi:10.1016/j.jand.2013.08.020; pmid:24215801	docs/superpowers/research/2026-10-09-satiety-research-2/24-water-volume-and-form.md § Satiety research 2, water, volume, energy density and food form harvest (2026-10-09)	settled	
S1491	satiety	ad libitum intake of a semisolid food by bite size (about 5 vs 15 g) and oral processing time (3 vs 9 s)	small bites: 382 +/- 197 g (3 s) and 313 +/- 170 g (9 s); large bites: 476 +/- 176 g (3 s) and 432 +/- 163 g (9 s); bite-size effect P < 0.0001, oral-processing-time effect P = 0.008; free bite size 443-462 g	7 conditions per subject, chocolate custard delivered by peristaltic pump; no certainty rating given	22 healthy subjects	RCT	Zijlstra N, de Wijk RA, Mars M, Stafleu A, de Graaf C 2009, Am J Clin Nutr 90:269-275; doi:10.3945/ajcn.2009.27694; pmid:19515731	docs/superpowers/research/2026-10-09-satiety-research-2/24-water-volume-and-form.md § Satiety research 2, water, volume, energy density and food form harvest (2026-10-09)	settled	
S1492	satiety	lunch energy intake from hard vs soft foods and its compensation at dinner	hard foods gave about 13% lower lunch energy intake (P < 0.001), eaten with smaller bites, longer oral duration and more chews per gram; dinner intake did not differ (P = 0.16), so the reduction was not compensated	crossover, two separate days; video-coded oral processing; no certainty rating given	50 subjects (11 men), BMI 21 +/- 2, age 24 +/- 2 y	RCT	Bolhuis DP, Forde CG, Cheng Y, Xu H, Martin N, de Graaf C 2014, PLoS One 9:e93370; doi:10.1371/journal.pone.0093370; pmid:24695412	docs/superpowers/research/2026-10-09-satiety-research-2/24-water-volume-and-form.md § Satiety research 2, water, volume, energy density and food form harvest (2026-10-09)	settled	
S1493	satiety	ad libitum meal energy intake and water drunk when eating slowly vs quickly, water free	slow 579.0 +/- 154.7 kcal vs quick 645.7 +/- 155.9 kcal (P < 0.05); water drunk 409.6 +/- 205.8 g slow vs 289.9 +/- 155.1 g quick (P < 0.05); satiety at meal completion higher when slow	randomised two-visit design; no certainty rating given	30 healthy women, age 22.9 +/- 7.1 y, BMI 22.1 +/- 2.9	RCT	Andrade AM, Greene GW, Melanson KJ 2008, J Am Diet Assoc 108:1186-1191; doi:10.1016/j.jada.2008.04.026; pmid:18589027	docs/superpowers/research/2026-10-09-satiety-research-2/24-water-volume-and-form.md § Satiety research 2, water, volume, energy density and food form harvest (2026-10-09)	settled	
S1494	satiety	ad libitum meal energy intake when eating slowly vs quickly with water fixed at 300 mL (the reading that the slow-eating intake effect vanishes when water is controlled, against Andrade 2008)	energy intake and appetite ratings did not differ at meal completion; hunger lower (and satiety tending higher) 1 h after the slow meal	randomised two-occasion design, mixed-macronutrient lunch; no certainty rating given	30 women, age 22.7 +/- 1.2 y, BMI 22.4 +/- 0.4	RCT	Andrade AM, Kresge DL, Teixeira PJ, Baptista F, Melanson KJ 2012, Int J Behav Nutr Phys Act 9:135; doi:10.1186/1479-5868-9-135; pmid:23171246	docs/superpowers/research/2026-10-09-satiety-research-2/24-water-volume-and-form.md § Satiety research 2, water, volume, energy density and food form harvest (2026-10-09)	settled	
S1495	digestion	initial gastric emptying of a cold (4 C), body-temperature (37 C) and warm (50 C) drink	the cold drink's initial emptying was slower than the control (p < 0.05), in proportion to the intragastric temperature drop (minimum 21.2 C); the warm drink did not differ significantly; intragastric temperature returned to body temperature within 20-30 min	serial studies, radiolabelled isosmotic orange juice; mechanism only, no appetite or intake outcome; no certainty rating given	6 healthy volunteers aged 19-24 y	EXP	Sun WM, Houghton LA, Read NW, Grundy DG, Johnson AG 1988, Gut 29:302-305; doi:10.1136/gut.29.3.302; pmid:3356361	docs/superpowers/research/2026-10-09-satiety-research-2/24-water-volume-and-form.md § Satiety research 2, water, volume, energy density and food form harvest (2026-10-09)	settled	
S1496	digestion	gastric-emptying lag and half-time of liquid and solid meals at 4, 37 and 60 C	lag phase shorter at 60 C than at 37 C for both liquid and solid meals (P < 0.05); no difference in half-emptying time	13C-acetate breath test; mechanism only, no appetite or intake outcome; no certainty rating given	25 healthy volunteers per meal type (liquid mean age 35.7 y, solid 35.2 y, mostly men)	EXP	Mishima Y, Amano Y, Takahashi Y et al 2009, J Gastroenterol 44:412-418; doi:10.1007/s00535-009-0022-1; pmid:19308311	docs/superpowers/research/2026-10-09-satiety-research-2/24-water-volume-and-form.md § Satiety research 2, water, volume, energy density and food form harvest (2026-10-09)	settled	
S1497	satiety	the effect of a food's serving temperature (hot vs cold) on hunger or later intake at equal composition (no controlled trial with an intake outcome located on Europe PMC, 2026-10-09; Hamid 2024 reports gut hormones only)						docs/superpowers/research/2026-10-09-satiety-research-2/24-water-volume-and-form.md § Satiety research 2, water, volume, energy density and food form harvest (2026-10-09)	open	
S1498	satiety	hourly correlation of thirst with drinking and of hunger with eating in free-living adults (the reading that hunger and thirst are loosely coupled to intake)	thirst vs drinking r = 0.03 and vs energy intake r = 0.08 (not correlated); hunger vs energy intake r = 0.30 (P < 0.05), hunger vs drinking r = 0.04; about 75% of fluid drunk peri-prandially	observational within-subject study, hourly ratings and 24-h recalls for 7 consecutive days; no certainty rating given	50 weight-stable adults (39 women, 11 men), age 30 +/- 11 y, BMI 26.3 +/- 5.9	COH	McKiernan F, Hollis JH, McCabe GP, Mattes RD 2009, J Am Diet Assoc 109:486-490; doi:10.1016/j.jada.2008.11.027; pmid:19248867	docs/superpowers/research/2026-10-09-satiety-research-2/24-water-volume-and-form.md § Satiety research 2, water, volume, energy density and food form harvest (2026-10-09)	settled	
S1499	satiety	whether thirst is misperceived as hunger, so that water lowers hunger more in a dehydrated person than in a hydrated one (no experimental test located on Europe PMC, 2026-10-09)						docs/superpowers/research/2026-10-09-satiety-research-2/24-water-volume-and-form.md § Satiety research 2, water, volume, energy density and food form harvest (2026-10-09)	open	
S1500	satiety	VAS hunger, prospective consumption and fullness against a no-exercise control immediately and 30-90 min after one bout of HIIT/SIT or MICT (pooled; the against-control size S1334 names as open)	exercise lowered hunger immediately post exercise (MD = -8.465 mm [-13.095, -3.834], p < 0.001) and prospective food consumption (MD = -15.863 mm [-22.969, -8.757], p < 0.001) and raised fullness (MD = 5.636 mm [0.639, 10.634], p = 0.027) and satisfaction (MD = 13.986 mm [7.628, 20.343], p < 0.001); no significant effect on hunger, PFC or fullness 30 to 90 min post exercise, and none in the AUC of any subscale	13 crossover studies published 2012-2019 (12 meta-analysed), searched to September 2021; random effects; I2 = 32.03% for immediate hunger and 35.17% for immediate PFC, low for most other outcomes; Cochrane risk-of-bias tool (summary in a supplement); no GRADE rating given; read from the full text	adults in acute crossover trials of HIIT, SIT and MICT after a standardised breakfast	MA	Hu M, Nie J, Lei OK, Shi Q, Kong Z 2023, Appetite 182:106427; doi:10.1016/j.appet.2022.106427; pmid:36565929	docs/superpowers/research/2026-10-09-satiety-research-2/25-exercise.md § Satiety research 2, exercise and appetite, extended harvest (2026-10-09)	settled	
S1501	satiety	hunger 30-90 min after sprint interval (SIT) vs high-intensity interval (HIIT) vs moderate continuous exercise (MICT): the split of the pooled HIIT/SIT difference by protocol	subgroups of the pooled HIIT/SIT vs MICT hunger difference at 30-90 min (the pooled MD is S1304's; SMD = -0.258): HIIT (6 arms) MD = -2.475 mm, interval printed [-10.441, -5.492], p = 0.543; SIT (10 arms) MD = -10.430 mm, interval printed [-18.193, -2.249], p = 0.012; no HIIT/SIT vs MICT difference in hunger AUC	10 studies (17 study arms; the subgroups as printed hold 6 and 10); I2 = 0% for immediate hunger and AUC, 29.8% at 30-90 min; funnel-plot asymmetry, Egger intercept -5.35 (p = 0.01); both subgroup intervals printed asymmetric about their MD (the HIIT interval's midpoint implies an upper bound of 5.492); no GRADE rating given; read from the full text	adults in acute crossover trials comparing interval and continuous exercise	MA	Hu M, Nie J, Lei OK, Shi Q, Kong Z 2023, Appetite 182:106427; doi:10.1016/j.appet.2022.106427; pmid:36565929	docs/superpowers/research/2026-10-09-satiety-research-2/25-exercise.md § Satiety research 2, exercise and appetite, extended harvest (2026-10-09)	settled	
S1502	satiety	hunger in mm during and for hours after one bout of moderate-to-high-intensity aerobic exercise vs control, ad libitum intake, and the share of individuals responding beyond normal variation (pooled crossover data)	hunger during exercise 41 +/- 26 mm vs control 61 +/- 22 mm (P = 0.010; d = 0.77), suppressed in 79% and raised in 19%, suppressed beyond the +/- 30 mm normal variation in 37%; hunger after exercise to the end of trial or the ad libitum meal (3-8 h) 44 +/- 17 vs 44 +/- 18 mm (P = 0.142; d = 0.01); hunger before the first post-exercise meal 59 +/- 28 vs 64 +/- 23 mm (P = 0.006; d = 0.36); intake at one meal within 60 min 5899 +/- 1778 vs 5770 +/- 1966 kJ (P = 0.977; d = 0.10), 85% within normal variation; intake over trial days 9694 +/- 5468 vs 9498 +/- 5435 kJ (P = 0.481; d = 0.11)	17 of the authors' own randomised crossover trials aggregated (not a systematic review); 192 men; hunger during n = 178, after n = 118; intake n = 60 and n = 128; exercise 69% +/- 5% VO2peak; no certainty rating given; read from the accepted manuscript	young healthy men in laboratory trials	RCT	King JA, Deighton K, Broom DR et al 2017, Med Sci Sports Exerc 49:1219-1228; doi:10.1249/MSS.0000000000001220; pmid:28511192	docs/superpowers/research/2026-10-09-satiety-research-2/25-exercise.md § Satiety research 2, exercise and appetite, extended harvest (2026-10-09)	settled	
S1503	satiety	within-person consistency of the appetite and intake response to repeated identical exercise bouts (the reading that individual appetite responses are day-to-day noise, against Goltz 2018's reproducible individual differences, S1306)	energy and macronutrient intake consistent in response to exercise (all ICC > 0.8); post-exercise subjective appetite sensations and satiety quotients varied across the three exercise sessions (almost all ICC < 0.7); the changes from rest to exercise showed no or poor consistency for most appetitive outcomes, the authors reading the individual changes as only random day-to-day variations	four sessions at least 5 days apart (one rest, three identical exercise); randomisation not stated in the abstract; no certainty rating given	20 healthy adults (10 women; 23.9 +/- 4.1 y; 22.5 +/- 2.0 kg/m2); 30-min walk at 60-70% of predicted maximal heart rate ending 25 min before an ad libitum lunch	EXP	Pelissier L, Lambert C, Stensel DJ et al 2024, Appetite 200:107568; doi:10.1016/j.appet.2024.107568; pmid:38901766	docs/superpowers/research/2026-10-09-satiety-research-2/25-exercise.md § Satiety research 2, exercise and appetite, extended harvest (2026-10-09)	settled	
S1504	satiety	hunger and intake after exercise performed fasted vs fed, with or without a standardised post-exercise meal (pooled network)	subjective hunger higher during FastEx + Meal (MD 13 mm; 95% CI 5-21 mm; P = 0.001) and FastEx + NoMeal (MD 23 mm; 95% CI 16-30 mm; P < 0.001) than FedEx + NoMeal; ad libitum meal intake lower FedEx + Meal than FedEx + NoMeal (MD -489 kJ; 95% CI -898 to -80 kJ); within-lab intake lower FastEx + NoMeal than FedEx + NoMeal (MD -1326 kJ; 95% CI -2102 to -550 kJ); 24-h intake lower FastEx + NoMeal than FedEx + NoMeal (MD -2095 kJ; 95% CI -3910 to -280 kJ)	17 articles (23 studies), randomised crossovers; random-effects network meta-analysis for outcomes with >= 5 studies; the authors state that concerns about experimental design lower confidence in the findings; no GRADE rating given	healthy individuals	MA	Frampton J, Edinburgh RM, Ogden HB, Gonzalez JT, Chambers ES 2022, Int J Obes (Lond) 46:255-268; doi:10.1038/s41366-021-00993-1; pmid:34732837	docs/superpowers/research/2026-10-09-satiety-research-2/25-exercise.md § Satiety research 2, exercise and appetite, extended harvest (2026-10-09)	settled	
S1505	satiety	ad libitum energy intake 30 min after 60 min of hard swimming vs exertion-matched cycling vs rest	control 3259 +/- 1265 kJ; swimming 3857 +/- 1611 kJ (ES = 0.47, 95% CI of the mean difference 185 to 1010 kJ, P = 0.005); cycling 3652 +/- 1619 kJ (ES = 0.31, 95% CI -21 to 805 kJ, P = 0.062); swimming vs cycling ES = 0.16 (95% CI -207 to 618 kJ, P = 0.324); the effect consistent across sexes and unrelated to food preference and reward	randomised crossover, three trials; exercise at a self-selected RPE of 15, 90 min after a standardised breakfast; water temperature not in the abstract; no certainty rating given	32 young healthy adults (17 men, 24 +/- 2 y, BMI 25.0 kg/m2; 15 women, 22 +/- 3 y, BMI 22.8 kg/m2)	RCT	Thackray AE, Willis SA, Sherry AP et al 2020, Appetite 154:104785; doi:10.1016/j.appet.2020.104785; pmid:32565123	docs/superpowers/research/2026-10-09-satiety-research-2/25-exercise.md § Satiety research 2, exercise and appetite, extended harvest (2026-10-09)	settled	
S1506	satiety	energy intake in the hour after exercise in cold (20 C) vs neutral (33 C) water vs rest	intake after the cold condition 877 +/- 457 kcal, 44% and 41% higher (P < 0.05) than after the neutral-water and resting conditions; exercise expenditure similar, 505 +/- 22 (cold) and 517 +/- 42 kcal (neutral)	randomised crossover; 45 min submersed cycle ergometry at 60 +/- 2% VO2max; free access to a standard assortment of foods; no certainty rating given	11 men (25.6 +/- 5 y)	RCT	White LJ, Dressendorfer RH, Holland E, McCoy SC, Ferguson MA 2005, Int J Sport Nutr Exerc Metab 15:38-47; doi:10.1123/ijsnem.15.1.38; pmid:15902988	docs/superpowers/research/2026-10-09-satiety-research-2/25-exercise.md § Satiety research 2, exercise and appetite, extended harvest (2026-10-09)	settled	
S1507	satiety	energy intake and post-exercise energy compensation after isoenergetic resistance vs aerobic exercise, acutely and over 34 h	no differences in intake between modalities acutely, at 10 h or at 34 h; a modality-by-sex interaction for acute intake: men ate more after resistance than aerobic exercise (1567 +/- 469 vs 1255 +/- 409 kcal, P = 0.034), women did not (568 +/- 237 vs 648 +/- 270 kcal); no differences in total expenditure, NEAT or compensation at 10 and 34 h; compensation correlated across modalities within individuals (r = 0.897, P < 0.01)	randomised crossover, three sessions; exercise energy expenditure matched at 4 kcal/kg; intake from a validated food menu, expenditure by accelerometry; no certainty rating given	8 men and 8 women of normal weight	RCT	Cadieux S, McNeil J, Lapierre MP, Riou ME, Doucet E 2014, Physiol Behav 130:113-119; doi:10.1016/j.physbeh.2014.03.031; pmid:24726390	docs/superpowers/research/2026-10-09-satiety-research-2/25-exercise.md § Satiety research 2, exercise and appetite, extended harvest (2026-10-09)	settled	
S1508	satiety	hunger immediately after volume-matched resistance exercise at moderate vs low load vs control	hunger and predicted food consumption ratings immediately after exercise significantly lower in the moderate-load (4 x 8 at 85% 8RM) and low-load (4 x 15 at 45% 8RM) trials than control (p < 0.05); ghrelin lower and PYY and lactate higher immediately after both; the two loads induced similar hunger suppression	randomised crossover, three trials, volume and inter-set rest equalised; appetite before and 1 h after exercise; magnitudes not in the abstract; no certainty rating given	11 healthy young men (23 +/- 2 y, BMI 22 +/- 2 kg/m2)	RCT	Liu HW, Cheng HC, Tsai SH, Shao YT 2023, Appetite 182:106428; doi:10.1016/j.appet.2022.106428; pmid:36539159	docs/superpowers/research/2026-10-09-satiety-research-2/25-exercise.md § Satiety research 2, exercise and appetite, extended harvest (2026-10-09)	settled	
S1509	satiety	appetite and intake after low-load vs high-load resistance exercise to volitional fatigue vs control (how long resistance-exercise suppression lasts)	overall appetite suppressed 0 min post exercise after RT at 30% and 90% 1-RM vs control (P < 0.013, d > 1.10), with no other differences at 60 or 120 min (P > 0.279, d < 0.56); acylated ghrelin suppressed by both; no differences in energy intake on the day before, of or after (P > 0.101)	crossover, three sessions of 3 sets of 5 exercises to volitional fatigue; randomisation not stated in the abstract; no certainty rating given	11 resistance-trained men (24 +/- 2 y)	RCT	McCarthy SF, Bornath DPD, Grisebach D et al 2024, Appetite 196:107286; doi:10.1016/j.appet.2024.107286; pmid:38417533	docs/superpowers/research/2026-10-09-satiety-research-2/25-exercise.md § Satiety research 2, exercise and appetite, extended harvest (2026-10-09)	settled	
S1510	satiety	sex differences in the appetite, appetite-hormone and energy-intake responses to acute exercise and to training (narrative consensus)	the consensus of evidence demonstrates that appetite, appetite-regulatory hormone and energy intake responses to acute exercise do not differ between the sexes; limited evidence suggests women respond to the initiation of exercise training with more robust compensatory alterations in appetite-regulatory hormones than men; current training investigations do not support sex-based differences in appetite or objectively assessed energy intake, and increasing exercise expenditure elicits at most a partial intake compensation in both sexes	narrative review; no pooled estimate	healthy men and women in acute and training studies	TXT	Thackray AE, Deighton K, King JA, Stensel DJ 2016, Nutrients 8:583; doi:10.3390/nu8090583; pmid:27657127	docs/superpowers/research/2026-10-09-satiety-research-2/25-exercise.md § Satiety research 2, exercise and appetite, extended harvest (2026-10-09)	settled	
S1511	satiety	appetite, appetite hormones and ad libitum intake after cycling that expends 30% of daily energy expenditure, in men vs women	no significant sex or condition effect on PYY3-36, acylated ghrelin, insulin, or hunger, satisfaction and fullness ratings; total intake men 1648 +/- 950 (exercise) and 1216 +/- 633 kcal (rest), women 591 +/- 183 and 590 +/- 231 kcal; relative intake (intake minus the exercise cost) lower after exercise than rest in men (672 +/- 827 vs 1133 +/- 619 kcal) and women (-121 +/- 243 vs 530 +/- 233 kcal) (P < 0.05)	counterbalanced crossover; cycling at 70% VO2peak (men 975 +/- 195 kcal in 82 +/- 13 min; women 713 +/- 86 kcal in 84 +/- 17 min); buffet 40 min after; no certainty rating given	11 healthy men (22 +/- 2 y) and 10 healthy women (21 +/- 2 y)	RCT	Hagobian TA, Yamashiro M, Hinkel-Lipsker J et al 2013, Appl Physiol Nutr Metab 38:66-72; doi:10.1139/apnm-2012-0104; pmid:23368830	docs/superpowers/research/2026-10-09-satiety-research-2/25-exercise.md § Satiety research 2, exercise and appetite, extended harvest (2026-10-09)	settled	
S1512	satiety	acylated ghrelin and appetite after four exercise bouts in energy balance vs energy deficit, in women vs men (the women's-compensation reading)	in women acylated ghrelin AUC higher after the deficit (+32%) and balanced (+25%) exercise conditions, the change from baseline greater than in men (P < 0.05); in men acylated ghrelin AUC not different between conditions; insulin AUC lower in women after both conditions and in men only after the deficit; in men, but not in women, appetite inhibited after the balanced relative to the deficit condition	four bouts of exercise with energy added to maintain balance (BAL) or not (DEF), after a no-exercise baseline; appetite magnitudes not in the abstract; the ghrelin result is mechanism-only; no certainty rating given	9 overweight or obese men and 9 overweight or obese women, previously sedentary	EXP	Hagobian TA, Sharoff CG, Stephens BR et al 2009, Am J Physiol Regul Integr Comp Physiol 296:R233-R242; doi:10.1152/ajpregu.90671.2008; pmid:19073905	docs/superpowers/research/2026-10-09-satiety-research-2/25-exercise.md § Satiety research 2, exercise and appetite, extended harvest (2026-10-09)	settled	
S1513	satiety	appetite ratings and ad libitum lunch intake after aerobic and resistance exercise, men vs women with overweight or obesity	men reported higher hunger than women across conditions (AUC, mm x 180 min: aerobic 7815.00 +/- 368.3 vs 5428.50 +/- 440.0, p = 0.025; resistance 7110.00 +/- 548.4 vs 6086.25 +/- 482.9, p = 0.427; control 8315.00 +/- 429.8 vs 5311.25 +/- 543.1, p = 0.021); lunch intake men vs women aerobic 1021.6 vs 851.7, resistance 1114.7 vs 867.7, control 1087.0 vs 800.5 kcal; adjusted for relative energy needs, no sex difference in intake; no sex difference in satiety, PFC, ghrelin, PYY or GLP-1 AUC	three conditions (aerobic 45 min at 65-70% of age-predicted maximal heart rate; resistance one set to failure on 12 exercises; control) begun 35 min after a standardised breakfast; randomisation not stated in the abstract; a corrigendum is published (doi:10.1016/j.physbeh.2022.113774); no certainty rating given	24 adults with overweight or obesity (12 men, 12 women), matched on age and BMI	RCT	Tobin SY, Cornier MA, White MH et al 2021, Physiol Behav 241:113562; doi:10.1016/j.physbeh.2021.113562; pmid:34516956	docs/superpowers/research/2026-10-09-satiety-research-2/25-exercise.md § Satiety research 2, exercise and appetite, extended harvest (2026-10-09)	settled	
S1514	satiety	energy intake over 7 days of no, medium and high exercise in free-living lean women (the reading of partial compensation in women within a week, against no compensation in men under the same protocol)	expenditure 9.2, 11.0 and 12.1 MJ/day (P = 0.023) and intake 8.9, 9.2 and 10.0 MJ/day (F(2,10) = 4.80; P = 0.035) for no, medium (approximately 1.9 MJ/day) and high (approximately 3.4 MJ/day) exercise; very weak treatment effects on hunger; significant but partial compensation in intake (approximately 33% of the expenditure due to exercise); the authors judge accurate adjustment likely to take weeks rather than days	within-subject repeated measures, three 7-day treatments each after 2 days of maintenance; self-weighed ad libitum intake; expenditure by heart-rate monitoring; no certainty rating given	6 lean women	EXP	Stubbs RJ, Sepp A, Hughes DA et al 2002, Int J Obes Relat Metab Disord 26:866-869; doi:10.1038/sj.ijo.0801874; pmid:12037658	docs/superpowers/research/2026-10-09-satiety-research-2/25-exercise.md § Satiety research 2, exercise and appetite, extended harvest (2026-10-09)	settled	
S1515	satiety	energy intake over 7 days of no, medium and high exercise in free-living lean men on their usual diet (the reading of no compensation in men within a week, against approximately 33% in women under the same protocol)	expenditure 11.7, 12.9 and 16.8 MJ/day (P < 0.001) and intake 11.6, 11.8 and 11.8 MJ/day (F(2,10) = 0.10; P = 0.910) for no, medium (approximately 1.6 MJ/day) and high (approximately 3.2 MJ/day) exercise; no treatment effects on hunger, appetite or body weight; increasing expenditure did not lead to compensation of intake over 7 days; total expenditure tended to fall over time on the exercise treatments	within-subject repeated measures, three 9-day protocols (days 1-2 maintenance, days 3-9 measured); food diary and self-weighed intake; expenditure by heart rate; no certainty rating given	6 lean men (31.0 +/- 5.0 y, BMI 23.3 kg/m2)	EXP	Stubbs RJ, Sepp A, Hughes DA et al 2002, Eur J Clin Nutr 56:129-140; doi:10.1038/sj.ejcn.1601295; pmid:11857046	docs/superpowers/research/2026-10-09-satiety-research-2/25-exercise.md § Satiety research 2, exercise and appetite, extended harvest (2026-10-09)	settled	
S1516	satiety	post-intervention daily energy intake after exercise training vs no-exercise control, all studies (the reading that training does not raise intake, against the doubly-labelled-water rise of Martin 2019, S1320)	exercise vs control after the intervention: MD = -13 [-83, 58] kcal/day (p = 0.721); pre-post within exercise arms: MD = -57 [-104, -11] kcal/day (p = 0.016), SMD = -0.09 [-0.17, -0.004] (negligible)	control comparison 25 study arms (exercise N = 691, control N = 425), I2 = 6%; pre-post 31 studies, 52 arms, N = 1759, I2 = 80%; quality poor in 39 of 48 articles, fair in 7, good in 2; median intervention 12 weeks; intake mostly self-reported; read from the full text	adults with overweight or obesity	MA	Beaulieu K, Blundell JE, van Baak MA et al 2021, Obes Rev 22 Suppl 4:e13251; doi:10.1111/obr.13251; pmid:33949089	docs/superpowers/research/2026-10-09-satiety-research-2/25-exercise.md § Satiety research 2, exercise and appetite, extended harvest (2026-10-09)	settled	
S1517	satiety	fasting hunger, fasting fullness and eating-behaviour traits after exercise training (pooled pre-post)	fasting hunger increased by 8 (4, 11) mm (p < 0.001; SMD = 0.327 [0.183, 0.471], small), and by 5 [2, 9] mm in studies rated fair/good (three studies, five arms, N = 79, p = 0.005); not influenced by intervention duration (2-24 weeks, p = 0.105); fasting fullness unchanged (MD = 1 [-3, 5] mm, p = 0.641); disinhibition decreased (SMD = -0.251 [-0.344, -0.159]); susceptibility to hunger unchanged (SMD = -0.014 [-0.142, 0.114])	pre-post in exercise arms only, no control comparison available; hunger 10 studies, 19 arms, N = 375, I2 = 64%; fullness 9 studies, 17 arms, N = 268; median intervention 12 weeks; read from the full text	adults with overweight or obesity	MA	Beaulieu K, Blundell JE, van Baak MA et al 2021, Obes Rev 22 Suppl 4:e13251; doi:10.1111/obr.13251; pmid:33949089	docs/superpowers/research/2026-10-09-satiety-research-2/25-exercise.md § Satiety research 2, exercise and appetite, extended harvest (2026-10-09)	settled	
S1518	satiety	fasting and day-long hunger and the satiety of a fixed meal after 12 weeks of supervised exercise (the dual-process reading)	body weight -3.2 +/- 3.6 kg, fat mass -3.2 +/- 2.2 kg, waist -5.0 +/- 3.2 cm; fasting hunger and average hunger across the day increased (P < 0.0001); the immediate and delayed satiety quotient of the fixed breakfast also increased (P < 0.05)	single-arm, 12 weeks of supervised exercise designed to expend 2500 kcal/week; electronic appetite ratings at weeks 0 and 12; hunger magnitudes not in the abstract; no certainty rating given	58 overweight and obese men and women (BMI 31.8 +/- 4.5 kg/m2, 39.6 +/- 9.8 y)	EXP	King NA, Caudwell PP, Hopkins M et al 2009, Am J Clin Nutr 90:921-927; doi:10.3945/ajcn.2009.27706; pmid:19675105	docs/superpowers/research/2026-10-09-satiety-research-2/25-exercise.md § Satiety research 2, exercise and appetite, extended harvest (2026-10-09)	settled	
S1519	satiety	measured energy intake and pre-meal appetite after 12 weeks of supervised aerobic exercise in women	total (p = .028), ad libitum (p = .03) and snack-box (p = .048) energy intake increased, with increased hunger (p = .01) and decreased fullness (p = .03) before meals; no compensatory reduction in non-exercise physical activity (p > .05); the authors state that the intake increase only partially compensated the increased expenditure	non-randomised pre-post, 12 weeks of supervised exercise (5 x 500 kcal per week); intake and appetite at weeks 0 and 12; magnitudes not in the abstract; no certainty rating given	24 overweight women (BMI 27.9 kg/m2, 33.1 y)	EXP	Myers A, Dalton M, Gibbons C, Finlayson G, Blundell J 2019, Physiol Behav 199:56-65; doi:10.1016/j.physbeh.2018.11.005; pmid:30414399	docs/superpowers/research/2026-10-09-satiety-research-2/25-exercise.md § Satiety research 2, exercise and appetite, extended harvest (2026-10-09)	settled	
S1520	satiety	free-living energy intake compensation over 7 days of daily running vs no exercise	free-living energy intake higher in the exercise than the no-exercise week; daily running for 7 days induced intake compensation of approximately 60% of the exercise-induced energy expenditure; physical-activity expenditure in sedentary activities lower in the exercise week	7-day crossover; randomisation and intake magnitudes not in the abstract; no certainty rating given	9 men	RCT	Hough J, Esh C, Mackie P, Stensel DJ, Zakrzewski-Fruer JK 2020, Appl Physiol Nutr Metab 45:446-449; doi:10.1139/apnm-2019-0603; pmid:31834814	docs/superpowers/research/2026-10-09-satiety-research-2/25-exercise.md § Satiety research 2, exercise and appetite, extended harvest (2026-10-09)	settled	
S1521	energy	actual vs predicted weight loss over 6 months at exercise doses of 4, 8 and 12 kcal/kg/week (compensation appears only at the highest dose)	mean (95% CI) weight change -1.4 (-2.0, -0.8), -2.1 (-2.9, -1.4) and -1.5 (-2.2, -0.8) kg at 4, 8 and 12 KKW against predicted -1.0, -2.0 and -2.7 kg; no significant compensation at 4 and 8 KKW; 1.2 (0.5, 1.9) kg of compensation at 12 KKW (P < 0.05 vs 4 and 8 KKW)	randomised controlled trial (DREW): control n = 94, 4 KKW n = 139, 8 KKW n = 85, 12 KKW n = 93; supervised training at 50% peak VO2; adherence > 99%; compensation from weight, so it covers intake and expenditure together	sedentary overweight or obese postmenopausal women (57.2 +/- 6.3 y, BMI 31.7 +/- 3.8 kg/m2)	RCT	Church TS, Martin CK, Thompson AM et al 2009, PLoS One 4:e4515; doi:10.1371/journal.pone.0004515; pmid:19223984	docs/superpowers/research/2026-10-09-satiety-research-2/25-exercise.md § Satiety research 2, exercise and appetite, extended harvest (2026-10-09)	settled	
S1522	energy	accumulated energy balance and compensation over 13 weeks of 300 vs 600 kcal/day of aerobic exercise	body weight -3.6 kg (moderate) and -2.7 kg (high); fat mass -4.0 and -3.8 kg; accumulated energy balance -39.6 Mcal (moderate, 300 kcal/day) and -34.3 Mcal (high, 600 kcal/day), not significantly different; energy balance 83% more negative than expected in the moderate group and 20% less negative than expected in the high group; no significant changes in energy intake or non-exercise physical activity that could explain the difference	randomised controlled trial; control n = 18, moderate n = 21, high n = 22; energy balance from body-composition change; no certainty rating given	healthy sedentary moderately overweight young men	RCT	Rosenkilde M, Auerbach P, Reichkendler MH et al 2012, Am J Physiol Regul Integr Comp Physiol 303:R571-R579; doi:10.1152/ajpregu.00141.2012; pmid:22855277	docs/superpowers/research/2026-10-09-satiety-research-2/25-exercise.md § Satiety research 2, exercise and appetite, extended harvest (2026-10-09)	settled	
S1523	energy	energy compensation and its between-person spread over 12 months of 150, 225 or 300 min/week of aerobic exercise	no differences in energy compensation between exercise volumes; 9.4% of participants had body-composition changes greater than expected from exercise expenditure, 64% some degree of compensation and 26.6% weight gain relative to it; increases in VO2peak associated with less compensation (beta = -3.44, 95% CI for beta -4.71 to -2.17, P = 0.0001)	two 12-month randomised controlled trials combined (ALPHA n = 160; BETA n = 200 per arm randomised); compensation from DXA change against estimated exercise expenditure; no certainty rating given	moderately inactive postmenopausal women aged 50-74 y, BMI 22-40 kg/m2	RCT	McNeil J, Brenner DR, Courneya KS, Friedenreich CM 2017, Int J Obes (Lond) 41:1196-1202; doi:10.1038/ijo.2017.87; pmid:28360432	docs/superpowers/research/2026-10-09-satiety-research-2/25-exercise.md § Satiety research 2, exercise and appetite, extended harvest (2026-10-09)	settled	
S1524	energy	energy compensation over 12 weeks of aerobic exercise six vs two sessions per week (compensation independent of dose)	mean compensation index 50% with large individual variation; neither the index nor the kcal compensated per week differed between the 6-d/wk (2753.5 kcal/wk) and 2-d/wk (1490.7 kcal/wk) groups; exercise frequency, energy expended, duration or intensity did not influence compensation; a greater decrease in postprandial leptin AUC predicted less compensation	three-arm randomised controlled trial, 44 completers (32 women); compensation index = (exercise expenditure + change in body energy stores) / exercise expenditure from DXA, so it covers intake and expenditure together; read from the full text	sedentary adults aged 18-40 y, BMI 25-35 kg/m2	RCT	Flack KD, Hays HM, Moreland J, Long DE 2020, Med Sci Sports Exerc 52:2466-2475; doi:10.1249/MSS.0000000000002376; pmid:33064415	docs/superpowers/research/2026-10-09-satiety-research-2/25-exercise.md § Satiety research 2, exercise and appetite, extended harvest (2026-10-09)	settled	
S1525	energy	energy compensation over 3 months of 1500 kcal/week of exercise at low vs moderate intensity, and the route it takes	compensation 49 +/- 79% at low intensity (40% VO2reserve) and 161 +/- 88% at moderate intensity (60% VO2reserve) (p = 0.010); energy intake did not change significantly; non-structured physical activity decreased across the intervention (p < 0.002), independent of intensity; the title reports the decrease as early and sustained (assessed at weeks 1 and 2 and at 3 months)	randomised to two arms; compliance 97 +/- 5%; intake by food menu and diaries, total expenditure by doubly labelled water; no certainty rating given	21 women with overweight or obesity (33 +/- 5 kg/m2, 29 +/- 10 y)	RCT	Riou ME, Jomphe-Tremblay S, Lamothe G et al 2019, Front Physiol 10:1048; doi:10.3389/fphys.2019.01048; pmid:31507431	docs/superpowers/research/2026-10-09-satiety-research-2/25-exercise.md § Satiety research 2, exercise and appetite, extended harvest (2026-10-09)	settled	
S1526	satiety	energy intake and non-exercise activity in weight-loss responders vs nonresponders over 10 months of exercise	40 responders (>= 5% weight loss) and 34 nonresponders; nonresponder energy intake higher than responders, significant only in men (P = 0.034); non-exercise physical activity increased in responders and decreased in nonresponders (group-by-time P = 0.049; men P = 0.016); no differences in any parameter between women who lost < 5% and >= 5%	randomised to 400 or 600 kcal per session, 5 days/week, 10 months (Midwest Exercise Trial 2); no certainty rating given	adults aged 18-30 y with overweight or obesity (BMI 25-40 kg/m2)	RCT	Herrmann SD, Willis EA, Honas JJ et al 2015, Obesity (Silver Spring) 23:1539-1549; doi:10.1002/oby.21073; pmid:26193059	docs/superpowers/research/2026-10-09-satiety-research-2/25-exercise.md § Satiety research 2, exercise and appetite, extended harvest (2026-10-09)	settled	
S1527	satiety	baseline habitual physical activity as a predictor of the intake rise and weight compensation over 24 weeks of supervised exercise	baseline habitual MVPA predicted weight change (beta = -0.275; P = 0.020), weight compensation (beta = -0.238; P = 0.043) and change in energy intake (beta = -0.318; P = 0.001); lower baseline MVPA and PAEE associated with less weight loss, higher compensation and increased intake; total activity expenditure by doubly labelled water and steps per day did not predict	secondary analysis of a randomised trial (E-MECHANIC), 8 or 20 kcal/kg/week; intake by doubly labelled water; substantial variability acknowledged; no certainty rating given	108 adults (78 women; 48.7 +/- 11.6 y; BMI 31.4 +/- 4.6 kg/m2)	RCT	Hochsmann C, Dorling JL, Apolzan JW et al 2020, Obesity (Silver Spring) 28:882-892; doi:10.1002/oby.22766; pmid:32144895	docs/superpowers/research/2026-10-09-satiety-research-2/25-exercise.md § Satiety research 2, exercise and appetite, extended harvest (2026-10-09)	settled	
S1528	energy	share of individuals whose total daily expenditure rises less than the exercise prescribed over 24 weeks, and its size	48% of individuals exhibited exercise-related energy compensation (-308 +/- 158 kcal/day); no significant differences in sex, age or BMI between compensators and non-compensators; compensation associated with baseline TDEE (r = -0.50, p = 0.006); no metabolic adaptation in 24-h, sleep or resting expenditure	randomised controlled 24-week exercise intervention; doubly labelled water over 14 days and 24-h room calorimetry; no certainty rating given	adults in a randomised 24-week exercise intervention	RCT	Flanagan EW, Sanchez-Delgado G, Martin CK et al 2024, iScience 27:109842; doi:10.1016/j.isci.2024.109842; pmid:38947494	docs/superpowers/research/2026-10-09-satiety-research-2/25-exercise.md § Satiety research 2, exercise and appetite, extended harvest (2026-10-09)	settled	
S1529	energy	compensatory decline in non-exercise physical activity or thermogenesis under diet and exercise interventions	compensation observed in 26 of 70 intervention arms (15 of 36 studies reporting declines in NEAT, NEPA or both): 63%, 27% and 23% of diet-only, combined diet and exercise, and exercise-only arms; weight loss in participants who decreased NEAT double that of non-compensators	36 articles (10 RCT, 9 randomised, 17 non-randomised trials), 70 arms, 1561 participants, interventions >= 7 days; objective activity measures; the authors note underpowered designs; no pooled estimate and no certainty rating given	healthy free-living adults	MA	Silva AM, Judice PB, Carraca EV et al 2018, Br J Nutr 119:1327-1345; doi:10.1017/S000711451800096X; pmid:29845903	docs/superpowers/research/2026-10-09-satiety-research-2/25-exercise.md § Satiety research 2, exercise and appetite, extended harvest (2026-10-09)	settled	
S1530	satiety	whether increased exercise or physical activity changes ad libitum daily energy intake (systematic review by design)	no effect of activity, exercise or training on energy intake in 59% of cross-sectional (n = 17), 69% of acute (n = 40), 50% of short-term (n = 10), 92% of non-randomised (n = 12) and 75% of randomised trials (n = 24); no consistent evidence that increased physical activity or exercise affects energy or macronutrient intake	99 articles (103 studies), 1990-2013; meta-analysis judged inappropriate for heterogeneity, so vote counting by design; the authors name a lack of adequately powered trials of sufficient duration; no certainty rating given	healthy non-athlete adults aged 18-64 y	MA	Donnelly JE, Herrmann SD, Lambourne K et al 2014, PLoS One 9:e83498; doi:10.1371/journal.pone.0083498; pmid:24454704	docs/superpowers/research/2026-10-09-satiety-research-2/25-exercise.md § Satiety research 2, exercise and appetite, extended harvest (2026-10-09)	settled	
S1531	energy	body-weight change during 3 to 34 days of military training or deployment on combat rations	mean body weight reductions from a negligible 0.1% (8 days of combat training) to approximately 8.3% (12 days of energy restriction in a US Army Ranger course), with decreases in fat mass, fat-free mass and percentage body fat; energy intake from combat rations often falls short of requirements	systematic review of 30 studies (3-34 days), ten databases to October 2016; narrative synthesis; quality by the Academy of Nutrition and Dietetics checklist, many studies at risk of bias; no pooled estimate	military personnel in training or deployment	MA	Tassone EC, Baker BA 2017, Br J Nutr 117:897-910; doi:10.1017/S0007114517000630; pmid:28452292	docs/superpowers/research/2026-10-09-satiety-research-2/25-exercise.md § Satiety research 2, exercise and appetite, extended harvest (2026-10-09)	settled	
S1532	energy	energy balance by training event across a 64-day special forces field phase (intake keeps up with moderate field work but not with strenuous)	simulated urban combat elicited the largest energy deficit, 11.3 +/- 2.3 MJ/day (2700 +/- 550 kcal/day), and body-mass reduction (3.3 +/- 1.9 kg); energy balance maintained during weapons familiarisation and platoon-size raids; over the course body mass -4.2 +/- 3.7 kg, fat mass -2.8 +/- 2.0 kg, fat-free mass -1.4 +/- 2.8 kg	four groups measured over 10-day periods; expenditure by doubly labelled water; intake from distributed minus uneaten rations or dining facility; no certainty rating given	36 male soldiers (28 +/- 5 y, 83 +/- 7 kg) in the Special Forces Qualification Course	COH	Margolis LM, Rood J, Champagne C, Young AJ, Castellani JW 2013, Appl Physiol Nutr Metab 38:396-400; doi:10.1139/apnm-2012-0323; pmid:23713532	docs/superpowers/research/2026-10-09-satiety-research-2/25-exercise.md § Satiety research 2, exercise and appetite, extended harvest (2026-10-09)	settled	
S1533	satiety	appetite and 24-h ad libitum ration intake during 8 h with two 2-h circuits of military tasks at 30, 21 and -10 C vs sedentary (the reading of no intake change with heat, cold or work, against Millet 2021's pooled cold rise and heat fall, S1316)	appetite perceived as suppressed in the heat compared with the cold (p < 0.05); dietary intake not different between conditions (p > 0.05); relative intake (24-h intake minus 24-h expenditure) higher in the sedentary condition than in any active condition (p < 0.05); 83% of participants in positive balance when sedentary and most (80%) of the active conditions in negative balance; acylated ghrelin Sedentary = Cold > Temperate = Hot	randomised repeated measures, four 8-h trials in a thermal chamber; field rations ad libitum; no certainty rating given	18 Canadian Armed Forces members (14 men, 4 women)	RCT	Mandic I, Ahmed M, Rhind S et al 2019, Nutr Metab (Lond) 16:29; doi:10.1186/s12986-019-0348-5; pmid:31080490	docs/superpowers/research/2026-10-09-satiety-research-2/25-exercise.md § Satiety research 2, exercise and appetite, extended harvest (2026-10-09)	settled	
S1534	satiety	ad libitum breakfast intake after a fasted 40-min run in heat (36 C) vs neutral (25 C) vs rest	intake greater after exercise in the neutral temperature than control (P = 0.021) but similar between exercise in the heat and control and between the two exercise trials; relative intake after exercise in the heat lower than control (P = 0.002); the lower relative intake associated with raised tympanic temperature and PYY	randomised counterbalanced crossover, three trials; running at 70% VO2peak; intake magnitudes not in the abstract; no certainty rating given	11 active men	RCT	Shorten AL, Wallman KE, Guelfi KJ 2009, Am J Clin Nutr 90:1215-1221; doi:10.3945/ajcn.2009.28162; pmid:19793848	docs/superpowers/research/2026-10-09-satiety-research-2/25-exercise.md § Satiety research 2, exercise and appetite, extended harvest (2026-10-09)	settled	
S1535	satiety	ad libitum intake 45 min after a 45-min brisk walk in cold air (8 C) vs neutral air (20 C)	intake 1299 +/- 657 kcal after exercise in the cold vs 1172 +/- 537 kcal in the neutral environment (P < 0.05); the change in acylated ghrelin and its AUC greater during walking in the cold (P < 0.05)	randomised counterbalanced crossover; covert buffet measurement; no certainty rating given	16 overweight adults (10 men, 6 women; 50.1 +/- 11.6 y; BMI 28.9 +/- 4.2 kg/m2)	RCT	Crabtree DR, Blannin AK 2015, Med Sci Sports Exerc 47:49-57; doi:10.1249/MSS.0000000000000391; pmid:24870575	docs/superpowers/research/2026-10-09-satiety-research-2/25-exercise.md § Satiety research 2, exercise and appetite, extended harvest (2026-10-09)	settled	
S1536	satiety	hunger and energy intake in hypoxia (altitude) vs normoxia (pooled)	postprandial hunger SMD -0.15 (95% CI -0.29 to -0.01; 14 comparisons; p = 0.043), trivial; energy intake SMD -0.50 (95% CI -0.85 to -0.15; 8 comparisons; p = 0.006), moderate; postprandial acylated ghrelin SMD -0.16 (95% CI -0.25 to -0.08); fasted insulin SMD 0.41 (95% CI 0.17 to 0.65); ghrelin fell and insulin rose further with hypoxic severity (meta-regression p = 0.010 and p = 0.020)	28 within-measures studies (54 fasted and 22 postprandial comparisons), searched to April 2017; random effects; no GRADE rating given	adults exposed to real or simulated altitude, at rest or with exercise	MA	Matu J, Gonzalez JT, Ispoglou T, Duckworth L, Deighton K 2018, Appetite 125:98-108; doi:10.1016/j.appet.2018.01.015; pmid:29374575	docs/superpowers/research/2026-10-09-satiety-research-2/25-exercise.md § Satiety research 2, exercise and appetite, extended harvest (2026-10-09)	settled	
S1537		the effect of load carriage (pack weight) on hunger and intake at a matched energy expenditure		no controlled reading found on 2026-10-09; the expenditure side is carried by the energy report's Pandolf load-carriage terms and the field compilation of Tharion 2005 (S1324), the appetite side only by trials of unloaded running, cycling, walking and resistance work	people carrying loads during work or travel			docs/superpowers/research/2026-10-09-satiety-research-2/25-exercise.md § Satiety research 2, exercise and appetite, extended harvest (2026-10-09)	open	
S1538		the sex difference, if any, in intake compensation for weeks of added exercise at a matched dose		readings disagree: approximately 33% compensation in women and none in men over 7 days (Stubbs 2002, two papers); a rise in men (P = 0.031) and not women (P = 0.118) over 14 days (Whybrow 2008, S1318); higher intake in nonresponders only among men over 10 months (Herrmann 2015); a larger ghrelin rise in women (Hagobian 2009); no sex difference in the narrative consensus (Thackray 2016) or in compensators (Flanagan 2024); no pooled sex contrast	men and women under weeks of added exercise, feeding ad libitum			docs/superpowers/research/2026-10-09-satiety-research-2/25-exercise.md § Satiety research 2, exercise and appetite, extended harvest (2026-10-09)	open	
S1539		the effect of hot or cold surroundings on intake over days of outdoor work, beyond the first 24 h		acute readings only: the pooled cold rise and heat fall within a day (Millet 2021, S1316), no intake change within 24 h of work in heat or cold (Mandic 2019), the cold-water and cold-air rises (White 2005, Crabtree 2015, Grigg 2023 S1315); the multi-day cold expeditions (Charlot 2020, 2021, S1326-S1327) have no thermoneutral control	people working outdoors in heat or cold for days			docs/superpowers/research/2026-10-09-satiety-research-2/25-exercise.md § Satiety research 2, exercise and appetite, extended harvest (2026-10-09)	open	
S1540	satiety	total and non-breast-milk energy intake on days of diarrhoea or fever vs symptom-free days (acute, during the illness)	total energy intake fell 5-6% during diarrhoea or fever; energy from non-breast-milk foods fell 20-30%; breast-milk intake, feeding frequency and suckling time did not change; symptom-free intake 557 +/- 128 kcal/d (infants under 181 d) and 638 +/- 193 kcal/d (over 180 d)	1615 full-day observations, models controlling for age, season and individual; no certainty rating given	131 infants, Huascar (Lima), Peru, community-based longitudinal surveillance	COH	Brown KH, Stallings RY, de Kanashiro HC, Lopez de Romaña G, Black RE 1990, Am J Clin Nutr 52:1005-1013; doi:10.1093/ajcn/52.6.1005; pmid:2239775	docs/superpowers/research/2026-10-09-satiety-research-2/26-player-states.md § Satiety research 2, player states harvest (2026-10-09)	settled	
S1541	satiety	share of hospitalised patients who eat less than the meal served, and 30-day mortality by the fraction eaten	more than half of the patients did not eat their full hospital meal; adjusted hazard ratio for death in hospital within 30 days 2.10 (1.53-2.89) when eating about a quarter of the meal and 3.02 (2.11-4.32) when eating nothing	one-day multinational cross-sectional survey with competing-risk analysis; illness type not separated; no certainty rating given	16,290 adult hospitalised patients, European hospitals, 19 January 2006	COH	Hiesmayr M, Schindler K, Pernicka E et al 2009, Clin Nutr 28:484-491; doi:10.1016/j.clnu.2009.05.013; pmid:19573957	docs/superpowers/research/2026-10-09-satiety-research-2/26-player-states.md § Satiety research 2, player states harvest (2026-10-09)	settled	
S1542	immunity	mechanism of the anorexia of infection (mechanism only, no intake magnitude)	part of the acute-phase response: microbial products (lipopolysaccharide, peptidoglycan, bacterial DNA, viral double-stranded RNA) stimulate proinflammatory cytokines (IL-1beta, TNF-alpha, IL-6, interferons) that reduce food intake through peripheral afferents, leptin and direct action on the brain, with serotonin, dopamine, histamine, CRF, NPY and alpha-MSH as central mediators; beneficial at first, long-lasting anorexia delays recovery	narrative review; no certainty rating given	animal and human studies	TXT	Langhans W 2000, Nutrition 16:996-1005; doi:10.1016/s0899-9007(00)00421-4; pmid:11054606	docs/superpowers/research/2026-10-09-satiety-research-2/26-player-states.md § Satiety research 2, player states harvest (2026-10-09)	settled	
S1543	immunity	duration of endotoxin-induced physical sickness symptoms, a composite scale that includes reduced appetite (acute; not an appetite measure alone)	after 0.8 ng/kg endotoxin, bodily and psychological sickness symptoms occurred only in the acute phase; none persisted or recurred 24-72 h after injection, while serum CRP peaked at 24 h and fell until 72 h	randomised double-blind placebo-controlled crossover, 7 days apart; physical symptoms on the GASE composite; no certainty rating given	18 healthy men	RCT	Engler H, Brinkhoff A, Wilde B et al 2023, Neuroimmunomodulation 30:268-276; doi:10.1159/000534444; pmid:37797587	docs/superpowers/research/2026-10-09-satiety-research-2/26-player-states.md § Satiety research 2, player states harvest (2026-10-09)	settled	
S1544		size (VAS mm or kcal/day) and duration of appetite loss in adults during a common acute infection or fever		the infant community study (Brown 1990) and the hospital survey (Hiesmayr 2009) give intake falls without hunger ratings; the human endotoxin model reports a composite symptom score only; no adult trial or cohort of hunger or ad libitum intake through a common acute infection was found	adults with an acute infection			docs/superpowers/research/2026-10-09-satiety-research-2/26-player-states.md § Satiety research 2, player states harvest (2026-10-09)	open	
S1545		rise in resting energy expenditure per degree Celsius of fever in adults		no record resolved in this pass; the commonly quoted 10-13% per degree is not a resolved row	febrile adults			docs/superpowers/research/2026-10-09-satiety-research-2/26-player-states.md § Satiety research 2, player states harvest (2026-10-09)	open	
S1546	digestion	gastric emptying of a drink taken immediately after rotation-induced motion sickness (acute)	47% of the isotope count remained in the stomach 1 h after ingestion following motion sickness short of vomiting, against 14% under scopolamine 0.6 mg with d-amphetamine 5 mg; neostigmine added to the drugs returned emptying to the placebo range	gamma-camera emptying of ten ounces of isotonic saline; sample size not given in the abstract; no certainty rating given	subjects in a rotating chair making head movements	EXP	Wood MJ, Wood CD, Manno JE, Manno BR, Redetzki HM 1987, Aviat Space Environ Med 58:1112-1114; pmid:3318799	docs/superpowers/research/2026-10-09-satiety-research-2/26-player-states.md § Satiety research 2, player states harvest (2026-10-09)	settled	
S1547	digestion	oral-caecal transit and normal 3-cpm gastric activity under vection-induced motion sickness, susceptible vs non-susceptible (acute)	oral-caecal transit 144 min in the susceptible vs 107 min in the non-susceptible group (P < 0.01); 3-cpm activity fell 8.9% from baseline to recovery in the susceptible vs 4.2%; symptom reports correlated with transit time (r = 0.43)	lactulose breath hydrogen and electrogastrography; no certainty rating given	45 subjects in a rotating optokinetic drum	EXP	Muth ER, Stern RM, Koch KL 1996, Dig Dis Sci 41:330-334; doi:10.1007/bf02093824; pmid:8601378	docs/superpowers/research/2026-10-09-satiety-research-2/26-player-states.md § Satiety research 2, player states harvest (2026-10-09)	settled	
S1548		effect of nausea or motion sickness on hunger ratings and ad libitum food intake in healthy adults		nausea's effect is read only through gastric stasis and slowed transit (Wood 1987, Muth 1996); no measurement of hunger or intake under nausea in healthy adults was found	healthy adults			docs/superpowers/research/2026-10-09-satiety-research-2/26-player-states.md § Satiety research 2, player states harvest (2026-10-09)	open	
S1549	energy	resting energy expenditure after severe burn injury, as percent of Harris-Benedict predicted, and its time course	130-140% of predicted; rose immediately postburn, peaked at 2 weeks and remained elevated at discharge; lean body mass -4.1 +/- 1.9% over the acute stay	prospective single-centre study, weekly indirect calorimetry (n = 212); no certainty rating given	242 severely burned children (> 30% total body surface area, mean 56%), mean age 8 y, no anabolic drugs	COH	Jeschke MG, Chinkes DL, Finnerty CC et al 2008, Ann Surg 248:387-401; doi:10.1097/sla.0b013e3181856241; pmid:18791359	docs/superpowers/research/2026-10-09-satiety-research-2/26-player-states.md § Satiety research 2, player states harvest (2026-10-09)	settled	
S1550	satiety	appetite over the first 7 days after abdominal surgery	appetite score highest on the preoperative day and declining through the 7 postoperative days; lower in women, after general anaesthesia and after open surgery; most patients had moderate to good appetite both before and 7 days after the operation	Council on Nutrition Appetite Questionnaire, GEE analysis; no certainty rating given	169 abdominal postoperative patients, Hanoi Medical University Hospital	COH	Nguyen TH, Ta NT, Dang AK et al 2023, Front Nutr 10:1008636; doi:10.3389/fnut.2023.1008636; pmid:37032772	docs/superpowers/research/2026-10-09-satiety-research-2/26-player-states.md § Satiety research 2, player states harvest (2026-10-09)	settled	
S1551		effect of acute pain or a non-burn injury on hunger and ad libitum intake in otherwise healthy adults, and whether intake rises to meet injury hypermetabolism		the burn and surgical readings are hospital patients under clinical feeding (Jeschke 2008, Nguyen 2023); no controlled human reading of pain on hunger or intake was found	injured adults			docs/superpowers/research/2026-10-09-satiety-research-2/26-player-states.md § Satiety research 2, player states harvest (2026-10-09)	open	
S1552	satiety	association of stress with food intake overall and by food type (pooled)	Hedges' g 0.114 (95% CI 0.061, 0.166) for overall food intake; unhealthy foods 0.116 (0.055, 0.177); healthy foods -0.111 (-0.165, -0.056)	54 studies, combined N 119,820; I2 93.556% overall; 30 studies rated weak, 19 moderate and 5 strong quality (EPHPP)	healthy adults, naturalistic and laboratory stress	MA	Hill D, Conner M, Clancy F, Moss R, Wilding S, Bristow M, O'Connor DB 2022, Health Psychol Rev 16:280-304; doi:10.1080/17437199.2021.1923406; pmid:33913377	docs/superpowers/research/2026-10-09-satiety-research-2/26-player-states.md § Satiety research 2, player states harvest (2026-10-09)	settled	
S1553	satiety	stress-food intake association by stress measure (laboratory-induced vs perceived) and by study quality (pooled; the reading that the strongest studies find almost no effect)	laboratory-induced stress g 0.156 (95% CI 0.030, 0.283), k = 22, n = 1,213, I2 51.721%; perceived stress g 0.100 (0.041, 0.160), k = 32, n = 118,607, I2 95.953%; no moderation by measure (Q(1) = 0.621, p = .431); strong-quality studies g 0.039 (0.007, 0.071), k = 5, n = 2,277; moderate 0.147 (0.037, 0.257); weak 0.115 (0.038, 0.193)	subgroup values read from the authors' accepted manuscript on OSF (HPR_ACCEPTED.pdf; Table 1 and Results), whose overall g 0.114 matches the published abstract; study quality did not moderate overall, Q(2) = 5.990, p = .050, and no pairwise quality contrast was significant (strong vs weak Q(1) = 3.183, p = .074; strong vs moderate Q(1) = 3.449, p = .063); strong-quality I2 <1%	healthy adults	MA	Hill D, Conner M, Clancy F, Moss R, Wilding S, Bristow M, O'Connor DB 2022, Health Psychol Rev 16:280-304; doi:10.1080/17437199.2021.1923406; pmid:33913377; doi:10.31234/osf.io/fjqsd	docs/superpowers/research/2026-10-09-satiety-research-2/26-player-states.md § Satiety research 2, player states harvest (2026-10-09)	settled	
S1554	satiety	self-reported direction of change in the amount eaten under stress (the reading that stress lowers intake in as many people as it raises it)	42% reported eating less and 38% eating more when stressed; 73% reported more snacking; dieters were more likely to report stress hyperphagia and non-dieters stress hypophagia	brief questionnaire; no certainty rating given	212 students	COH	Oliver G, Wardle J 1999, Physiol Behav 66:511-515; doi:10.1016/s0031-9384(98)00322-9; pmid:10357442	docs/superpowers/research/2026-10-09-satiety-research-2/26-player-states.md § Satiety research 2, player states harvest (2026-10-09)	settled	
S1555	satiety	ad libitum meal intake after preparing a speech (acute social stressor) vs listening to neutral text (the null reading for total intake)	stress did not alter overall intake, nor intake of or appetite for six food categories; stressed emotional eaters ate more sweet high-fat food and a more energy-dense meal	two groups, stressor confirmed by blood pressure and mood; no certainty rating given	68 healthy men and women	EXP	Oliver G, Wardle J, Gibson EL 2000, Psychosom Med 62:853-865; doi:10.1097/00006842-200011000-00016; pmid:11139006	docs/superpowers/research/2026-10-09-satiety-research-2/26-player-states.md § Satiety research 2, player states harvest (2026-10-09)	settled	
S1556	satiety	energy eaten in the absence of hunger after an acute stress task vs a control task	total 965.2 kJ vs 793.8 kJ (P < 0.01); from sweet foods 708.1 kJ vs 599.4 kJ (P < 0.03); the difference rose with the rise in state anxiety (R2 = 0.05), more steeply in high-disinhibition eaters (R2 = 0.12)	randomised crossover; no certainty rating given	129 normal-weight and overweight men and women, BMI 24.5 +/- 3.4, age 27.6 +/- 8.8 y	RCT	Rutters F, Nieuwenhuizen AG, Lemmens SG, Born JM, Westerterp-Plantenga MS 2009, Obesity (Silver Spring) 17:72-77; doi:10.1038/oby.2008.493; pmid:18997672	docs/superpowers/research/2026-10-09-satiety-research-2/26-player-states.md § Satiety research 2, player states harvest (2026-10-09)	settled	
S1557	satiety	energy intake after laboratory stress in high vs low cortisol reactors	high cortisol reactors ate more calories than low reactors on the stress day and similar amounts on the control day; a greater rise in negative mood was related to greater intake	stress and control sessions on different days, within subject; high and low cortisol reactors are an observed split, not assigned; session order not stated in the abstract; amounts not in the abstract; no certainty rating given	59 healthy premenopausal women	EXP	Epel E, Lapidus R, McEwen B, Brownell K 2001, Psychoneuroendocrinology 26:37-49; doi:10.1016/s0306-4530(00)00035-4; pmid:11070333	docs/superpowers/research/2026-10-09-satiety-research-2/26-player-states.md § Satiety research 2, player states harvest (2026-10-09)	settled	
S1558	satiety	laboratory and same-evening energy intake after a Trier Social Stress Test (original or modified) vs no stress	intake during the laboratory visit was not affected by either stressor; evening intake was higher after the original test; cortisol reactivity did not correlate with intake	randomised, three arms; no certainty rating given	87 women	RCT	Ghadeer TH, Redding CA, Campanella BL et al 2025, Psychoneuroendocrinology 182:107649; doi:10.1016/j.psyneuen.2025.107649; pmid:41108941	docs/superpowers/research/2026-10-09-satiety-research-2/26-player-states.md § Satiety research 2, player states harvest (2026-10-09)	settled	
S1559	satiety	energy intake within 2 weeks of academic examinations vs a control period (chronic naturalistic stress)	no general effect of exam stress on food intake; total energy intake rose in students with high trait anxiety and low social support and fell in those with low trait anxiety and high social support	exam and control groups assessed at baseline and at exams, diet by interview; no certainty rating given	179 university students (115 exam-stress, 64 control)	COH	Pollard TM, Steptoe A, Canaan L, Davies GJ, Wardle J 1995, Int J Behav Med 2:299-320; doi:10.1207/s15327558ijbm0204_2; pmid:16250770	docs/superpowers/research/2026-10-09-satiety-research-2/26-player-states.md § Satiety research 2, player states harvest (2026-10-09)	settled	
S1560	satiety	eating after experimentally induced negative or positive emotion (pooled) (the reading that negative emotion raises intake only in restrained eaters, against Cardi 2015)	negative emotions increased eating in restrained eaters and did not affect eating in overweight or obese people, people with eating disorders or self-assessed emotional eaters; positive emotion increased eating across groups	56 experimental studies, 3670 participants, random effects; heterogeneity high; pooled effect sizes not in the abstract; no certainty rating given	healthy and eating-disordered participants	MA	Evers C, Dingemans A, Junghans AF, Boevé A 2018, Neurosci Biobehav Rev 92:195-208; doi:10.1016/j.neubiorev.2018.05.028; pmid:29860103	docs/superpowers/research/2026-10-09-satiety-research-2/26-player-states.md § Satiety research 2, player states harvest (2026-10-09)	settled	
S1561	satiety	meal intake after induced negative or positive mood vs neutral mood (pooled) (the reading that negative mood raises intake generally, against Evers 2018)	induced negative mood was significantly associated with greater food intake, especially in restrained and binge eaters; positive mood was also associated with greater caloric intake across groups; the authors call the effect across a single meal small when proposing positive-mood strategies for anorexia and bulimia nervosa	33 laboratory studies, 2491 participants; pooled effect sizes not in the abstract; no certainty rating given	healthy participants and patients with eating and weight disorders	MA	Cardi V, Leppanen J, Treasure J 2015, Neurosci Biobehav Rev 57:299-309; doi:10.1016/j.neubiorev.2015.08.011; pmid:26299807	docs/superpowers/research/2026-10-09-satiety-research-2/26-player-states.md § Satiety research 2, player states harvest (2026-10-09)	settled	
S1562	satiety	chocolate intake during 1 h of induced boredom vs 1 h of a neutral documentary (acute)	participants ate more M&Ms when bored; in a parallel experiment they also self-administered more electric shocks when bored, read as a drive to escape monotony rather than to seek reward	two sessions in balanced order per experiment; amounts not in the abstract; no certainty rating given	30 participants per experiment	RCT	Havermans RC, Vancleef L, Kalamatianos A, Nederkoorn C 2015, Appetite 85:52-57; doi:10.1016/j.appet.2014.11.007; pmid:25447018	docs/superpowers/research/2026-10-09-satiety-research-2/26-player-states.md § Satiety research 2, player states harvest (2026-10-09)	settled	
S1563	satiety	state boredom and food intake in a week-long diary and in two boredom-induction experiments	in the diary, state boredom positively predicted calorie, fat, carbohydrate and protein consumption; a high- against low-boredom task raised the self-reported desire to snack rather than eat something healthy among people high in objective self-awareness; in the consumption experiment, a boring film raised intake of less healthy and of exciting healthy foods against a sad film (not a neutral or low-boredom film) among people high in objective self-awareness	three studies (diary and two experiments); amounts not in the abstract; no certainty rating given	33 adults in a 7-day diary (Limerick), 79 students (Study 2) and 44 students (Study 3), University of Limerick	EXP	Moynihan AB, van Tilburg WA, Igou ER, Wisman A, Donnelly AE, Mulcaire JB 2015, Front Psychol 6:369; doi:10.3389/fpsyg.2015.00369; pmid:25883579	docs/superpowers/research/2026-10-09-satiety-research-2/26-player-states.md § Satiety research 2, player states harvest (2026-10-09)	settled	
S1564	fatigue-sleep	daily energy intake and expenditure under partial sleep deprivation vs control (pooled)	energy intake +385 kcal (95% CI 252, 517; P < 0.00001); no significant change in total energy expenditure or resting metabolic rate; higher fat and lower protein intake	17 studies (n = 496) reviewed, 11 (n = 172) meta-analysed, random effects; I2 computed, value not in the abstract; no certainty rating given	adults in intervention studies	MA	Al Khatib HK, Harding SV, Darzi J, Pot GK 2017, Eur J Clin Nutr 71:614-624; doi:10.1038/ejcn.2016.201; pmid:27804960	docs/superpowers/research/2026-10-09-satiety-research-2/26-player-states.md § Satiety research 2, player states harvest (2026-10-09)	settled	
S1565	fatigue-sleep	daily energy intake under partial sleep restriction to 5.5 h or less vs control (pooled)	SMD 0.37 (95% CI 0.21, 0.52); mean difference +204 kcal/d (95% CI 112, 295); more fat, protein and carbohydrate	24 publications reviewed after risk-of-bias appraisal, 15 meta-analysed	adults in intervention studies	MA	Fenton S, Burrows TL, Skinner JA, Duncan MJ 2021, J Hum Nutr Diet 34:273-285; doi:10.1111/jhn.12813; pmid:33001515	docs/superpowers/research/2026-10-09-satiety-research-2/26-player-states.md § Satiety research 2, player states harvest (2026-10-09)	settled	
S1566	fatigue-sleep	energy intake and hunger on the day after one night of about 4 h vs about 8 h sleep (acute)	+559 +/- 617 kcal (22%) on the day after restriction (P < 0.01); preprandial hunger higher before breakfast (P < 0.001) and dinner (P < 0.05); estimated physical activity also higher	randomised two-condition crossover, ad libitum meals; no certainty rating given	12 healthy men, age 22 +/- 3 y	RCT	Brondel L, Romer MA, Nougues PM, Touyarou P, Davenne D 2010, Am J Clin Nutr 91:1550-1559; doi:10.3945/ajcn.2009.28523; pmid:20357041	docs/superpowers/research/2026-10-09-satiety-research-2/26-player-states.md § Satiety research 2, player states harvest (2026-10-09)	settled	
S1567	fatigue-sleep	energy expenditure, energy intake and weight over 5 days of insufficient sleep and on recovery sleep	total daily energy expenditure +~5%; intake, especially after dinner, exceeded the energy needed for balance; weight +0.82 +/- 0.47 kg; moving to recovery sleep decreased intake, weight -0.03 +/- 0.50 kg	14-15-day inpatient protocol; no certainty rating given	16 adults	EXP	Markwald RR, Melanson EL, Smith MR et al 2013, Proc Natl Acad Sci U S A 110:5695-5700; doi:10.1073/pnas.1216951110; pmid:23479616	docs/superpowers/research/2026-10-09-satiety-research-2/26-player-states.md § Satiety research 2, player states harvest (2026-10-09)	settled	
S1568	fatigue-sleep	late-night and next-day energy intake after one night of total sleep deprivation vs one night of 4 h in bed (total vs partial loss)	late-night caloric intake comparable between restriction (22:00-04:00) and total deprivation (22:00-06:00) (p = 0.12); next-day intake moderately to substantially consistent within individuals across the two (ICC 0.34-0.75); men ate more late at night and the next day	within-subjects laboratory protocol; no certainty rating given	66 healthy adults aged 21-50 y, 48.5% women	EXP	Dennis LE, Spaeth AM, Goel N 2016, Nutrients 8:823; doi:10.3390/nu8120823; pmid:27999367	docs/superpowers/research/2026-10-09-satiety-research-2/26-player-states.md § Satiety research 2, player states harvest (2026-10-09)	settled	
S1569	satiety	24-h ad libitum energy intake at 19 °C vs 23.5 °C, and on the following day	+411 +/- 987 kcal/d (13%) while in the cold (P = 0.006); no difference the day after; the rise was not explained by cold-induced change in 24-h energy expenditure	controlled crossover, respiratory chamber with a vending-machine paradigm; no certainty rating given	47 adults (16 women), age 37.2 +/- 10.7 y, BMI 32.4 +/- 8.6	RCT	Unlu Y, Piaggi P, Stinson EJ et al 2025, Am J Clin Nutr 121:293-303; doi:10.1016/j.ajcnut.2024.12.013; pmid:39675563	docs/superpowers/research/2026-10-09-satiety-research-2/26-player-states.md § Satiety research 2, player states harvest (2026-10-09)	settled	
S1570	satiety	hunger and ad libitum intake after 2.5 h at 18 °C vs 24 °C (the null reading for short mild cold)	no differences in hunger, food intake or satiety after mild cold; resting energy expenditure rose	crossover, two days about two weeks apart, blinded to the setting, in random order; no certainty rating given	5 men and 5 women, healthy	RCT	Langeveld M, Tan CY, Soeters MR et al 2016, Endocr Connect 5:65-73; doi:10.1530/ec-16-0004; pmid:26864459	docs/superpowers/research/2026-10-09-satiety-research-2/26-player-states.md § Satiety research 2, player states harvest (2026-10-09)	settled	
S1571	satiety	ad libitum meal intake at rest after 30 min sternum-deep immersion in 16 °C vs 35 °C water vs 26 °C air	2783 +/- 909 kJ after cold water vs 1817 +/- 862 kJ after thermoneutral water and 1894 +/- 233 kJ after air; no differences in appetite VAS; a core-temperature after-drop for 15 min after cold water	randomised crossover, at least 7 days apart; no certainty rating given	15 healthy active adults (10 men)	RCT	Grigg MJ, Thake CD, Allgrove JE, Broom DR 2025, Physiol Behav 296:114914; doi:10.1016/j.physbeh.2025.114914; pmid:40221072	docs/superpowers/research/2026-10-09-satiety-research-2/26-player-states.md § Satiety research 2, player states harvest (2026-10-09)	settled	
S1572	satiety	buffet energy intake after 1 h of torso and foot heating (hot vest about 45 °C, foot bath about 43 °C) vs seated control	849 +/- 317 vs 1025 +/- 343 kcal; mean difference -176 kcal (95% CI -329, -23), effect size -0.615; subjective appetite similar	randomised crossover, 28 days apart; no certainty rating given	16 young adults (8 women)	RCT	Li G, Watanabe D, Inoue Y et al 2026, Temperature (Austin) 13:214-226; doi:10.1080/23328940.2026.2672316; pmid:42282893	docs/superpowers/research/2026-10-09-satiety-research-2/26-player-states.md § Satiety research 2, player states harvest (2026-10-09)	settled	
S1573	satiety	hunger and meal intake under nasal nicotine (15 ug/kg every 20 min for 2 h) vs placebo, after a caloric load or water (acute)	nicotine reduced hunger only after the caloric load, not after water; nicotine lowered caloric intake at the meal, not specifically of sweet high-fat foods	four sessions per subject; no certainty rating given	10 male smokers and 10 male non-smokers, abstinent overnight	RCT	Perkins KA, Epstein LH, Stiller RL et al 1991, Psychopharmacology (Berl) 103:103-109; doi:10.1007/bf02244083; pmid:2006236	docs/superpowers/research/2026-10-09-satiety-research-2/26-player-states.md § Satiety research 2, player states harvest (2026-10-09)	settled	
S1574	satiety	appetite and plasma ghrelin 30 and 60 min after 2 mg nicotine gum vs placebo gum (acute)	appetite ratings decreased; plasma nonacylated ghrelin was not affected	double-blind randomised crossover, two studies; no certainty rating given	50 healthy non-smokers	RCT	Pilhatsch M, Scheuing H, Kroemer N et al 2014, Hum Psychopharmacol 29:384-387; doi:10.1002/hup.2405; pmid:24710917	docs/superpowers/research/2026-10-09-satiety-research-2/26-player-states.md § Satiety research 2, player states harvest (2026-10-09)	settled	
S1575	body-composition	weight gain in untreated quitters at 1 to 12 months after stopping smoking (pooled; the chronic withdrawal outcome)	1.12 kg (95% CI 0.76, 1.47) at 1 month, 2.26 (1.98, 2.54) at 2, 2.85 (2.42, 3.28) at 3, 4.23 (3.69, 4.77) at 6 and 4.67 (3.96, 5.38) at 12 months; at 12 months 16% had lost weight and 13% gained more than 10 kg	62 studies of randomised cessation trials, random-effects inverse variance; no certainty rating given	abstinent smokers in cessation trials	MA	Aubin HJ, Farley A, Lycett D, Lahmek P, Aveyard P 2012, BMJ 345:e4439; doi:10.1136/bmj.e4439; pmid:22782848	docs/superpowers/research/2026-10-09-satiety-research-2/26-player-states.md § Satiety research 2, player states harvest (2026-10-09)	settled	
S1576	satiety	daily energy intake, weight and resting metabolic rate over 48 days after quitting smoking	intake +227 kcal/d; weight +2.2 kg; no change in resting metabolic rate; the intake rise accounted for 69% of the weight gained; continuing abstainers +8.2 kg at 1 year	no certainty rating given	13 sedentary adult women	EXP	Stamford BA, Matter S, Fell RD, Papanek P 1986, Am J Clin Nutr 43:486-494; doi:10.1093/ajcn/43.4.486; pmid:3962901	docs/superpowers/research/2026-10-09-satiety-research-2/26-player-states.md § Satiety research 2, player states harvest (2026-10-09)	settled	
S1577	satiety	time course of calorie intake after quitting smoking	calories, sucrose and fat rose significantly 2 weeks after the quit date; by week 26 abstinent women's intake was about baseline and abstinent men's significantly below it; abstainers gained over 9 lb by 26 weeks	95 smokers randomised to early (week 2) or late (week 6) quit dates; the intake changes are within-subject changes from baseline in self-selected abstainers, not the randomised contrast; amounts not in the abstract; no certainty rating given	95 smokers	EXP	Hall SM, McGee R, Tunstall C, Duffy J, Benowitz N 1989, J Consult Clin Psychol 57:81-86; doi:10.1037//0022-006x.57.1.81; pmid:2925977	docs/superpowers/research/2026-10-09-satiety-research-2/26-player-states.md § Satiety research 2, player states harvest (2026-10-09)	settled	
S1578	alcohol	food energy intake after an alcoholic vs a non-alcoholic drink (pooled; the aperitif effect)	food energy intake +343 kJ (95% CI 161, 525); total energy intake +1072 kJ (820, 1323); no compensation for the drink's energy	22 crossover and randomised trials (701 participants) reviewed, 12 meta-analysed with random effects; substantial heterogeneity or small-study effects for some outcomes; quality by the EPHPP tool	healthy adults aged 18-37 y	MA	Kwok A, Dordevic AL, Paton G, Page MJ, Truby H 2019, Br J Nutr 121:481-495; doi:10.1017/s0007114518003677; pmid:30630543	docs/superpowers/research/2026-10-09-satiety-research-2/26-player-states.md § Satiety research 2, player states harvest (2026-10-09)	settled	
S1579	alcohol	lunch intake 30 min after 330 mL of lager with 24 g ethanol vs alcohol-free lager or rest	7301 +/- 442 kJ after alcohol vs 6479 +/- 289 kJ (alcohol-free) and 6365 +/- 334 kJ (rest), the drink's energy excluded; total intake +30%; appetite ratings did not differ from alcohol-free	three sessions; no certainty rating given	26 men	RCT	Hetherington MM, Cameron F, Wallis DJ, Pirie LM 2001, Physiol Behav 74:283-289; doi:10.1016/s0031-9384(01)00598-4; pmid:11714490	docs/superpowers/research/2026-10-09-satiety-research-2/26-player-states.md § Satiety research 2, player states harvest (2026-10-09)	settled	
S1580	alcohol	lunch and whole-day intake after 330 mL lager with 0, 8 or 32 g ethanol 30 min before lunch (dose)	lunch, preload excluded, 5786 +/- 991 kJ after 32 g vs 4928 +/- 1245 kJ after 8 g; hunger rated higher across the day after 32 g, fullness unchanged; dinner similar; daily total 14,615 +/- 1540 vs 13,204 +/- 2156 kJ	three sessions; no certainty rating given	12 men	RCT	Caton SJ, Ball M, Ahern A, Hetherington MM 2004, Physiol Behav 81:51-58; doi:10.1016/j.physbeh.2003.12.017; pmid:15059684	docs/superpowers/research/2026-10-09-satiety-research-2/26-player-states.md § Satiety research 2, player states harvest (2026-10-09)	settled	
S1581	alcohol	ad libitum lunch after an intravenous alcohol clamp at 50 mg% breath alcohol vs saline (alcohol without its taste or calories)	food consumption +7% for the group; a third (34%) ate more after saline; ghrelin reduced after alcohol; the authors place 7% below the 9-30% of oral studies	pseudo-randomised counterbalanced crossover; no certainty rating given	35 non-obese women	RCT	Eiler WJ, Džemidžić M, Case KR et al 2015, Obesity (Silver Spring) 23:1386-1393; doi:10.1002/oby.21109; pmid:26110891	docs/superpowers/research/2026-10-09-satiety-research-2/26-player-states.md § Satiety research 2, player states harvest (2026-10-09)	settled	
S1582	caffeine	buffet breakfast intake 30 min after 0, 1 or 3 mg/kg caffeine, and free-living intake for the rest of the day	laboratory intake about 10% lower after 1 mg/kg (650.4 +/- 52.2 kcal vs 721.2 +/- 63.2 at 0 mg/kg) but not after 3 mg/kg (714.7 +/- 79.0); appetite unchanged; out-of-laboratory intake and appetite unchanged	double-blind placebo-controlled randomised crossover; no certainty rating given	50 adults aged 18-50 y (42% men)	RCT	Panek-Shirley LM, DeNysschen C, O'Brien E, Temple JL 2018, J Acad Nutr Diet 118:1832-1843; doi:10.1016/j.jand.2018.05.015; pmid:30033159	docs/superpowers/research/2026-10-09-satiety-research-2/26-player-states.md § Satiety research 2, player states harvest (2026-10-09)	settled	
S1583	caffeine	ad libitum lunch, appetite and gastric emptying after breakfast with caffeine, coffee, decaffeinated coffee or placebo	energy intake not different: placebo 2118 +/- 663, decaffeinated 2128 +/- 739, caffeine 2287 +/- 649, coffee 2016 +/- 750 kJ; gastric emptying not different	double-blind randomised crossover; no certainty rating given	12 adults (9 women)	RCT	Schubert MM, Grant G, Horner K et al 2014, Appetite 83:317-326; doi:10.1016/j.appet.2014.09.006; pmid:25218717	docs/superpowers/research/2026-10-09-satiety-research-2/26-player-states.md § Satiety research 2, player states harvest (2026-10-09)	settled	
S1584	caffeine	appetite and ad libitum meal 3 h after a breakfast with caffeinated coffee (3 mg/kg), decaffeinated coffee or water	appetite ratings, appetite hormones and ad libitum energy intake did not differ; serum cortisol higher after caffeinated coffee from 60 min	crossover in random order; no certainty rating given	16 healthy men aged 21-39 y	RCT	Gavrieli A, Yannakoulia M, Fragopoulou E et al 2011, J Nutr 141:703-707; doi:10.3945/jn.110.137323; pmid:21346100	docs/superpowers/research/2026-10-09-satiety-research-2/26-player-states.md § Satiety research 2, player states harvest (2026-10-09)	settled	
S1585	water	ad libitum breakfast intake 13 h after about 2% exercise-heat dehydration, kept hypohydrated vs rehydrated	4612 +/- 1487 kJ hypohydrated vs 4237 +/- 1459 kJ rehydrated (P = 0.436); body mass loss 2.8 +/- 0.5% vs 0.5 +/- 0.5%; greater thirst and lower fullness when hypohydrated	crossover; no certainty rating given	10 men	RCT	Corney RA, Sunderland C, James LJ 2015, J Sports Sci 33:761-768; doi:10.1080/02640414.2014.962578; pmid:25495101	docs/superpowers/research/2026-10-09-satiety-research-2/26-player-states.md § Satiety research 2, player states harvest (2026-10-09)	settled	
S1586	water	hunger and ad libitum pasta intake after heat-tent dehydration with fluid restriction vs replacement	body mass -1.9 +/- 1.2% vs -0.2 +/- 0.6%; hunger and fullness similar; thirst higher by 27-32 mm; intake 1953 +/- 742 kJ vs 2027 +/- 926 kJ (p = 0.542)	randomised crossover; no certainty rating given	16 healthy adults (8 men)	RCT	Carroll HA, Templeman I, Chen YC et al 2019, Physiol Behav 212:112725; doi:10.1016/j.physbeh.2019.112725; pmid:31676259	docs/superpowers/research/2026-10-09-satiety-research-2/26-player-states.md § Satiety research 2, player states harvest (2026-10-09)	settled	
S1587		hunger and food intake under dehydration beyond 3% of body mass (dehydration-anorexia) in humans		the controlled readings stop at 1.9-2.8% body-mass loss and find no intake effect (Corney 2015, Carroll 2019); no human reading at deeper dehydration was found	adults			docs/superpowers/research/2026-10-09-satiety-research-2/26-player-states.md § Satiety research 2, player states harvest (2026-10-09)	open	
S1588	satiety	effect of food variety within a meal on total meal intake (pooled)	Hedges' g = 0.405 (95% CI 0.259 to 0.552), greater variety increasing intake in weight and energy	30 studies (39 comparisons) pooled of 37 studies in 34 articles reviewed; I2 = 84%, unexplained by subgroups (form of variety, test foods, sensory characteristics, age, sex, body weight); risk of bias high across studies (Cochrane tool); no GRADE rating given	human experimental studies published from 1980, single eating occasions, adults and children	MA	Embling R, Pink AE, Gatzemeier J, Price M, D Lee M, Wilkinson LL 2021, Am J Clin Nutr 113:716-741; doi:10.1093/ajcn/nqaa352; pmid:33515033	docs/superpowers/research/2026-10-09-satiety-research-2/27-food-and-behaviour.md § Satiety research 2, food-side and behavioural effects harvest (2026-10-09)	settled	
S1589	satiety	energy intake at a four-course lunch with a different food in each course vs the same food in every course (sensory-specific satiety within a meal)	energy intake 60% higher in the varied meal, mainly from more eaten in the third and fourth courses; pleasantness of the eaten food fell rapidly while uneaten foods stayed relatively unchanged, and the change predicted later intake of that food; eating a savoury food lowered the pleasantness of uneaten savoury foods more than of sweet foods, and the converse	single study; no certainty rating given	48 subjects	EXP	Rolls BJ, Van Duijvenvoorde PM, Rolls ET 1984, Appetite 5:337-348; doi:10.1016/s0195-6663(84)80006-9; pmid:6529260	docs/superpowers/research/2026-10-09-satiety-research-2/27-food-and-behaviour.md § Satiety research 2, food-side and behavioural effects harvest (2026-10-09)	settled	
S1590	satiety	time course of sensory-specific satiety after eating one food to satiety, and its effect on a second course 60 min later	the largest fall in pleasantness of the eaten food came 2 min after eating and did not grow over 60 min, with some recovery of texture and taste pleasantness for the most palatable food (cheese on cracker); intake at a second course 60 min later was similar whether the food offered was the same as or different from the first course	single study; n not given in the abstract; no certainty rating given	normal-weight non-dieting women	EXP	Hetherington M, Rolls BJ, Burley VJ 1989, Appetite 12:57-68; doi:10.1016/0195-6663(89)90068-8; pmid:2719473	docs/superpowers/research/2026-10-09-satiety-research-2/27-food-and-behaviour.md § Satiety research 2, food-side and behavioural effects harvest (2026-10-09)	settled	
S1591	satiety	what sensory-specific satiety is specific to: taste category (sweet or savoury) vs fat content, and by body weight	sensory-specific satiety was observed for all four products (low- and high-fat, sweet and savoury) in both groups; taste (sweet or savoury) had a significantly (P < 0.05) stronger effect on sensory-specific satiety than fat content; no obese vs normal-weight difference in sensory-specific satiety or intake	two studies (sandwiches, snacks), every subject tested all 4 products; no certainty rating given	21 obese (mean BMI 33.1) and 23 normal-weight (mean BMI 22.8) women matched for restraint, activity, age and smoking	EXP	Snoek HM, Huntjens L, Van Gemert LJ, De Graaf C, Weenen H 2004, Am J Clin Nutr 80:823-831; doi:10.1093/ajcn/80.4.823; pmid:15447886	docs/superpowers/research/2026-10-09-satiety-research-2/27-food-and-behaviour.md § Satiety research 2, food-side and behavioural effects harvest (2026-10-09)	settled	
S1592	satiety	long-term habituation: energy intake from the same meal served daily for 1 week vs once a week for 5 weeks (monotony across days)	daily presentation produced faster habituation and less energy intake than once-weekly presentation, in both obese and nonobese women	randomised between groups, n = 32 (16 obese, 16 nonobese), 5 presentations of a macaroni-and-cheese meal; effect size not given in the abstract; no certainty rating given	premenopausal women aged 20-50 y	RCT	Epstein LH, Carr KA, Cavanaugh MD, Paluch RA, Bouton ME 2011, Am J Clin Nutr 94:371-376; doi:10.3945/ajcn.110.009035; pmid:21593492	docs/superpowers/research/2026-10-09-satiety-research-2/27-food-and-behaviour.md § Satiety research 2, food-side and behavioural effects harvest (2026-10-09)	settled	
S1593	satiety	acceptance and intake of a midday meal served identically on 5 consecutive days vs varied across days (across-meal monotony)	acceptance and intake declined over the monotony week and did not decline over the variety week; acceptance fell but remained high; intake rose on the final day under variety; the potato product resisted monotony while green beans were sensitive to it; acceptance-intake correlation averaged r = 0.5 under variety and was lower under monotony	single study; n not given in the abstract; no certainty rating given	adults served a midday meal for a monotony week and a variety week	EXP	Meiselman HL, deGraaf C, Lesher LL 2000, Physiol Behav 70:119-125; doi:10.1016/s0031-9384(00)00268-7; pmid:10978486	docs/superpowers/research/2026-10-09-satiety-research-2/27-food-and-behaviour.md § Satiety research 2, food-side and behavioural effects harvest (2026-10-09)	settled	
S1594	satiety	boredom, acceptance and consumption of a meat sauce eaten once a week for 10 weeks: one flavour vs imposed variation vs free choice among three	boredom rose and acceptance fell with repeated consumption, most in the monotony group and least in the free-choice group (imposed variation between); the monotony group consumed less of the food than the free-choice group	N = 105 (monotony 45, imposed variation 30, free choice 30); effect sizes not given in the abstract; no certainty rating given	Dutch adults eating the sauce at dinner at home	EXP	Zandstra EH, de Graaf C, van Trijp HC 2000, Appetite 35:113-119; doi:10.1006/appe.2000.0342; pmid:10986104	docs/superpowers/research/2026-10-09-satiety-research-2/27-food-and-behaviour.md § Satiety research 2, food-side and behavioural effects harvest (2026-10-09)	settled	
S1595	satiety	pleasantness, desire to eat and ad libitum intake of a food given daily for 15-22 days (the reading that liking falls while intake does not)	with 67 g/1473 kJ of chocolate daily for 22 days, pleasantness of taste and desire to eat chocolate declined significantly while bread and butter (95 g/1355 kJ daily) showed no such change; over 15 days, pleasantness and desire to eat chocolate declined over time, more so in the fixed and variable daily-chocolate groups than in controls given chocolate only on test days, while ad libitum intake increased over time (the abstract does not split the intake rise by group); neither experiment showed a decline in intake commensurate with the decline in pleasantness	experiment 1: randomly assigned, chocolate N = 13, bread and butter N = 16; experiment 2: N = 53 (control 15, fixed 20, variable 18); no certainty rating given	normal-weight healthy males (experiment 1); 53 subjects (experiment 2)	RCT	Hetherington MM, Pirie LM, Nabb S 2002, Appetite 38:19-28; doi:10.1006/appe.2001.0442; pmid:11883914	docs/superpowers/research/2026-10-09-satiety-research-2/27-food-and-behaviour.md § Satiety research 2, food-side and behavioural effects harvest (2026-10-09)	settled	
S1596	satiety	intake of packaged military rations fed as the sole food in the field vs the same rations in a cafeteria-like setting (twenty-year programme summary)	rations fed as the sole source of food in the field gave inadequate, much lower intake and loss of body weight; the same rations fed for 3 to 42 days in a cafeteria-like setting gave intake comparable to a freshly prepared food control, with body weight maintained	narrative programme review; no pooled effect; no certainty rating given	US military personnel and students	TXT	Hirsch ES, Kramer FM, Meiselman HL 2005, Appetite 44:33-45; doi:10.1016/j.appet.2004.04.010; pmid:15604032	docs/superpowers/research/2026-10-09-satiety-research-2/27-food-and-behaviour.md § Satiety research 2, food-side and behavioural effects harvest (2026-10-09)	settled	
S1597	satiety	daily caloric intake and body weight when the standard breakfast was replaced daily by energy-equivalent meal-replacement bars on 30-day isolated missions (menu fatigue)	the bars were associated with reduced daily caloric intake, weight loss and decrements in mood and neurobehavioural functioning; acceptability ratings implicated flavour, texture and menu fatigue from limited variety, exacerbated by daily use	effect sizes not given in the abstract; no certainty rating given	high-performing subjects on 30-day missions in NASA's Human Exploration Research Analog (HERA) habitat	COH	Sirmons TA, Roma PG, Whitmire AM, Smith SM, Zwart SR, Young M, Douglas GL 2020, Physiol Behav 219:112829; doi:10.1016/j.physbeh.2020.112829; pmid:32068108	docs/superpowers/research/2026-10-09-satiety-research-2/27-food-and-behaviour.md § Satiety research 2, food-side and behavioural effects harvest (2026-10-09)	settled	
S1598	satiety	food acceptability across 6-month and 1-year spaceflight missions with self-selected foods (the reading that free choice holds acceptance)	acceptability scores did not decrease over the mission; astronauts limited selections to personal favourites early in the mission and did not consume foods they did not like	15 astronauts rating one meal a week; no certainty rating given	International Space Station astronauts	COH	Douglas GL, Bell ST, Roma PG, Oswald T, Young M 2025, Front Psychol 16:1562044; doi:10.3389/fpsyg.2025.1562044; pmid:41245329	docs/superpowers/research/2026-10-09-satiety-research-2/27-food-and-behaviour.md § Satiety research 2, food-side and behavioural effects harvest (2026-10-09)	settled	
S1599	satiety	ad libitum intake of a soup made less pleasant (satiation), and hunger and later intake after a fixed amount of it (satiety)	ad libitum intakes of the less pleasant and unpleasant soups were about 65% and 40% of the intake of the pleasant soup; after standardized soups (350 g women, 500 g men) hunger ratings and test-meal intake were similar across pleasantness	within-subjects repeated measures, N = 35; no certainty rating given	young healthy nonrestrained adults (26 women, 9 men)	RCT	De Graaf C, De Jong LS, Lambers AC 1999, Physiol Behav 66:681-688; doi:10.1016/s0031-9384(98)00335-7; pmid:10386914	docs/superpowers/research/2026-10-09-satiety-research-2/27-food-and-behaviour.md § Satiety research 2, food-side and behavioural effects harvest (2026-10-09)	settled	
S1600	satiety	ad libitum intake of an available food when the next food is about 90 vs 15 min away (anticipated lack of access)	about 20% more soup was eaten when subjects had to wait about 90 min for the test meal than at 15 min; the availability of other foods did not change the effect of pleasantness	within-subjects repeated measures, N = 35; no certainty rating given	young healthy nonrestrained adults (26 women, 9 men)	RCT	De Graaf C, De Jong LS, Lambers AC 1999, Physiol Behav 66:681-688; doi:10.1016/s0031-9384(98)00335-7; pmid:10386914	docs/superpowers/research/2026-10-09-satiety-research-2/27-food-and-behaviour.md § Satiety research 2, food-side and behavioural effects harvest (2026-10-09)	settled	
S1601	satiety	intake per unit of palatability rating within subjects (the same food adulterated with cumin)	intake about 100 g different for every unit of difference on a 9-point like-dislike scale, higher for the liked food; palatability explained 34% of total and 67% of within-subject variance; initial eating rate higher for the better-liked food; ratings discriminated intake poorly between subjects	subjects rating the two versions at least 2 points apart; n not given in the abstract; no certainty rating given	men and women; banana colada frozen yogurt drink with and without cumin	EXP	Bobroff EM, Kissileff HR 1986, Appetite 7:85-96; doi:10.1016/s0195-6663(86)80044-7; pmid:3963801	docs/superpowers/research/2026-10-09-satiety-research-2/27-food-and-behaviour.md § Satiety research 2, food-side and behavioural effects harvest (2026-10-09)	settled	
S1602	satiety	hunger and desire to eat during and 2 h after small equicaloric meals of highly vs less preferred food (the reading that palatability raises later hunger, against De Graaf 1999)	the sight of highly preferred food markedly raised desire to eat, maintained during eating; hunger rose only while eating the preferred food and to a smaller extent; no effect on fullness; 2 h after the meal desire to eat and hunger were significantly higher after the preferred food	N = 12; no certainty rating given	healthy women	EXP	Hill AJ, Magson LD, Blundell JE 1984, Appetite 5:361-371; doi:10.1016/s0195-6663(84)80008-2; pmid:6529262	docs/superpowers/research/2026-10-09-satiety-research-2/27-food-and-behaviour.md § Satiety research 2, food-side and behavioural effects harvest (2026-10-09)	settled	
S1603	general	foods that become targets of spontaneously acquired learned food aversions in humans	protein-source foods were a prominent category among the targets of spontaneously occurring learned food aversions	survey of a large group; n not given in the abstract; no certainty rating given	normal adults surveyed about their own food aversions	COH	Midkiff EE, Bernstein IL 1985, Physiol Behav 34:839-841; doi:10.1016/0031-9384(85)90387-7; pmid:4034721	docs/superpowers/research/2026-10-09-satiety-research-2/27-food-and-behaviour.md § Satiety research 2, food-side and behavioural effects harvest (2026-10-09)	settled	
S1604	general	facial disgust response to pictures of unpalatable foods after 15 h of food deprivation vs satiated (mechanism only: no intake outcome)	food-deprived subjects showed weaker levator (disgust) muscle activity to pictures of unpalatable foods but not to disgusting non-food control pictures, and stronger zygomaticus activity to palatable foods	facial EMG only; n not given in the abstract; mechanism-only, no behavioural outcome; no certainty rating given	subjects satiated or food-deprived for 15 h	EXP	Hoefling A, Likowski KU, Deutsch R, Häfner M, Seibt B, Mühlberger A, Weyers P, Strack F 2009, Emotion 9:50-58; doi:10.1037/a0014449; pmid:19186916	docs/superpowers/research/2026-10-09-satiety-research-2/27-food-and-behaviour.md § Satiety research 2, food-side and behavioural effects harvest (2026-10-09)	settled	
S1605		effect of spoilage cues (off-odour, visible mould, staleness) on the ad libitum intake of a food, as an effect size; no controlled human intake study was found						docs/superpowers/research/2026-10-09-satiety-research-2/27-food-and-behaviour.md § Satiety research 2, food-side and behavioural effects harvest (2026-10-09)	open	
S1606		prevalence and persistence of a learned aversion to a food after a food-borne illness in adults (Garb and Stunkard 1974, Am J Psychiatry 131:1204-1207, and Logue, Ophir and Strauss 1981 carry no readable abstract)						docs/superpowers/research/2026-10-09-satiety-research-2/27-food-and-behaviour.md § Satiety research 2, food-side and behavioural effects harvest (2026-10-09)	open	
S1607	satiety	effect of eating frequency on food intake and anthropometrics (systematic review, vote count)	of 13 studies reporting consumption, 8 (61.5%) found no significant effect of eating frequency; of 17 reporting anthropometrics, 11 (64.7%) found none	25 studies (15 human, 10 animal), 1-24 eating occasions per day, 230 min to 28 weeks, 3-56 participants or animals per condition; no pooled effect; no certainty rating given	humans and animals in controlled settings, disease states excluded	MA	Raynor HA, Goff MR, Poole SA, Chen G 2015, Front Nutr 2:38; doi:10.3389/fnut.2015.00038; pmid:26734613	docs/superpowers/research/2026-10-09-satiety-research-2/27-food-and-behaviour.md § Satiety research 2, food-side and behavioural effects harvest (2026-10-09)	settled	
S1608	satiety	24-h hunger and desire to eat on three vs six isoenergetic meals a day (the reading that more frequent meals raise hunger)	hunger AUC 41850 +/- 2255 mm.24 h on six meals vs 36612 +/- 2556 on three, and desire-to-eat AUC 47061 +/- 1791 on six vs 41170 +/- 2574 on three (both P = 0.03; arm order confirmed against Figure 5 of the full text, PMC4391809); fullness AUC not different (37220 +/- 2492 on three vs 34261 +/- 2447 on six, P = 0.22); 24-h energy expenditure and fat oxidation not different	randomised crossover, n = 15 (7 men, 8 women), energy-balanced diets in a whole-room calorimeter; no certainty rating given	lean adults (BMI < 25)	RCT	Ohkawara K, Cornier MA, Kohrt WM, Melanson EL 2013, Obesity (Silver Spring) 21:336-343; doi:10.1002/oby.20032; pmid:23404961	docs/superpowers/research/2026-10-09-satiety-research-2/27-food-and-behaviour.md § Satiety research 2, food-side and behavioural effects harvest (2026-10-09)	settled	
S1609	satiety	ad libitum lunch intake 5.5 h after a breakfast preload eaten as one meal vs as five hourly portions (the reading that nibbling lowers the next meal, against Ohkawara 2013)	26.6% more energy eaten at lunch after the single meal (5111 +/- 1502 vs 3752 +/- 893 kJ, p < 0.02)	two-day crossover, n = 8; preload about 33.3% of daily energy (3450 +/- 466 kJ); no certainty rating given	healthy lean males aged 22.9 +/- 4.2 y	RCT	Speechly DP, Buffenstein R 1999, Appetite 33:285-297; doi:10.1006/appe.1999.0265; pmid:10625522	docs/superpowers/research/2026-10-09-satiety-research-2/27-food-and-behaviour.md § Satiety research 2, food-side and behavioural effects harvest (2026-10-09)	settled	
S1610	satiety	daily energy intake and body weight with vs without breakfast (pooled RCTs)	total daily energy intake 259.79 kcal/day higher with breakfast (95% CI 78.87 to 440.71); weight 0.44 kg (95% CI 0.07 to 0.82) lower in breakfast skippers	13 trials: 10 on energy intake (I2 = 80%), 7 on weight (I2 = 43%); every trial at high or unclear risk of bias in at least one domain; mean follow-up two weeks for intake and seven weeks for weight; quality mostly low (authors)	adults in high-income countries	MA	Sievert K, Hussain SM, Page MJ, Wang Y, Hughes HJ, Malek M, Cicuttini FM 2019, BMJ 364:l42; doi:10.1136/bmj.l42; pmid:30700403	docs/superpowers/research/2026-10-09-satiety-research-2/27-food-and-behaviour.md § Satiety research 2, food-side and behavioural effects harvest (2026-10-09)	settled	
S1611	satiety	daily energy intake and activity thermogenesis over 6 weeks of daily breakfast (at least 700 kcal before 11:00) vs fasting until noon	energy intake 539 kcal/d greater with breakfast (95% CI 157, 920); physical activity thermogenesis 442 kcal/d higher (95% CI 34, 851); resting metabolic rate stable within 11 kcal/d; body mass and adiposity not different	randomised, n = 33 (21 women, 12 men), free-living; no certainty rating given	lean adults aged 21-60 y, southwest England	RCT	Betts JA, Richardson JD, Chowdhury EA, Holman GD, Tsintzas K, Thompson D 2014, Am J Clin Nutr 100:539-547; doi:10.3945/ajcn.114.083402; pmid:24898233	docs/superpowers/research/2026-10-09-satiety-research-2/27-food-and-behaviour.md § Satiety research 2, food-side and behavioural effects harvest (2026-10-09)	settled	
S1612	satiety	lunch and daily intake after skipping vs eating breakfast (incomplete compensation for a missed meal)	a 335 or 360 kcal breakfast did not change lunch intake despite lower hunger; skipping an ad libitum breakfast (mean 624 kcal) raised lunch intake and hunger, intake by 144 kcal, leaving a net deficit of 408 kcal by the end of the day	two randomised crossovers; n not given in the abstract; no certainty rating given	habitual breakfast eaters and skippers eating only metabolic-unit food	RCT	Levitsky DA, Pacanowski CR 2013, Physiol Behav 119:9-16; doi:10.1016/j.physbeh.2013.05.006; pmid:23672851	docs/superpowers/research/2026-10-09-satiety-research-2/27-food-and-behaviour.md § Satiety research 2, food-side and behavioural effects harvest (2026-10-09)	settled	
S1613	starvation	next-day ad libitum energy intake after a 36-h fast vs maintenance feeding	12.2 vs 10.2 MJ/day (s.e.d. 1.0; P = 0.049) after the fast vs after maintenance, against a fasting deficit of about 12 MJ; motivation to eat rose during the fast and returned to baseline once breakfast was eaten; a higher-fat breakfast was chosen	two-treatment crossover, n = 24; no certainty rating given	healthy lean men and women	RCT	Johnstone AM, Faber P, Gibney ER, Elia M, Horgan G, Golden BE, Stubbs RJ 2002, Int J Obes Relat Metab Disord 26:1623-1628; doi:10.1038/sj.ijo.0802151; pmid:12461679	docs/superpowers/research/2026-10-09-satiety-research-2/27-food-and-behaviour.md § Satiety research 2, food-side and behavioural effects harvest (2026-10-09)	settled	
S1614	starvation	ad libitum energy intake on the 2 days after 24 h at 25% of energy requirements vs energy balance	energy intake 7% greater on day 2 (P < 0.05) and not different on day 3 (P = 0.557); subjective appetite greater only on the morning of day 2	randomised counterbalanced crossover, n = 18; restriction 2.3 +/- 0.3 MJ vs balance 9.3 +/- 1.3 MJ; no certainty rating given	lean men and women	RCT	Clayton DJ, Burrell K, Mynott G, Creese M, Skidmore N, Stensel DJ, James LJ 2016, Am J Clin Nutr 104:1545-1553; doi:10.3945/ajcn.116.136937; pmid:27806971	docs/superpowers/research/2026-10-09-satiety-research-2/27-food-and-behaviour.md § Satiety research 2, food-side and behavioural effects harvest (2026-10-09)	settled	
S1615	starvation	ad libitum energy intake before and after a known 24-h severe energy restriction (anticipation and compensation)	energy intake 6% greater on the day before (260 (344) kcal) and 14% greater at breakfast the day after (223 (59) kcal) vs energy balance; with lower activity expenditure the restriction deficit was attenuated by 1108 (415) kcal (46%)	randomised counterbalanced crossover, n = 14; restriction 691 (42) kcal vs balance 2755 (159) kcal; no certainty rating given	healthy males	RCT	James R, James LJ, Clayton DJ 2020, Appetite 152:104719; doi:10.1016/j.appet.2020.104719; pmid:32348797	docs/superpowers/research/2026-10-09-satiety-research-2/27-food-and-behaviour.md § Satiety research 2, food-side and behavioural effects harvest (2026-10-09)	settled	
S1616	refeeding	determinants of the hyperphagia of 8 weeks of ad libitum refeeding after semi-starvation (Minnesota re-analysis): fat and fat-free-mass recovery	the total hyperphagic response correlated inversely with fat recovery (r = -0.6) and with fat-free-mass recovery (r = -0.5); the fat-free-mass correlation persisted after adjustment for fat recovery, and both persisted after adjustment for the preceding energy deficit	re-analysis of individual data, n = 12; no certainty rating given	12 starved and refed men of the Minnesota Experiment, after 12 wk of restricted refeeding	EXP	Dulloo AG, Jacquet J, Girardier L 1997, Am J Clin Nutr 65:717-723; doi:10.1093/ajcn/65.3.717; pmid:9062520	docs/superpowers/research/2026-10-09-satiety-research-2/27-food-and-behaviour.md § Satiety research 2, food-side and behavioural effects harvest (2026-10-09)	settled	
S1617	satiety	satiation after a 10% weight loss on placebo vs leptin replacement	visual analogue ratings reflecting satiation (3 h after 300 kcal of liquid formula) were significantly lower at 10% reduced weight on placebo than at initial weight and on replacement leptin; energy expenditure followed the same pattern	single-blind crossover, n = 10 inpatients (4 men, 6 women), 5 wk per treatment, 2-wk washout; intake differences not given in the abstract; no certainty rating given	obese adults on a weight-maintaining liquid-formula diet	RCT	Kissileff HR, Thornton JC, Torres MI, Pavlovich K, Mayer LS, Kalari V, Leibel RL, Rosenbaum M 2012, Am J Clin Nutr 95:309-317; doi:10.3945/ajcn.111.012385; pmid:22237063	docs/superpowers/research/2026-10-09-satiety-research-2/27-food-and-behaviour.md § Satiety research 2, food-side and behavioural effects harvest (2026-10-09)	settled	
S1618	refeeding	size (kcal/d above the pre-starvation intake) and duration of ad libitum hyperphagia on refeeding after prolonged semi-starvation (the Keys 1950 monograph was not resolved)						docs/superpowers/research/2026-10-09-satiety-research-2/27-food-and-behaviour.md § Satiety research 2, food-side and behavioural effects harvest (2026-10-09)	open	
S1619	satiety	food intake when eating with friends vs alone (pooled experimental studies)	SMD 0.76 (95% CI 0.48, 1.03), Z = 5.32, P < 0.001: more selected and eaten with friends	42 studies reviewed (experimental and naturalistic); k for this pooling not given in the abstract; some evidence of moderation by gender, weight status and food type; no GRADE rating given	experimental studies of intake by number of co-eaters	MA	Ruddock HK, Brunstrom JM, Vartanian LR, Higgs S 2019, Am J Clin Nutr 110:842-861; doi:10.1093/ajcn/nqz155; pmid:31435639	docs/superpowers/research/2026-10-09-satiety-research-2/27-food-and-behaviour.md § Satiety research 2, food-side and behavioural effects harvest (2026-10-09)	settled	
S1620	satiety	food intake when eating with strangers or acquaintances vs alone (pooled) (the reading that facilitation needs familiar co-eaters)	SMD 0.21 (95% CI -0.10, 0.51), Z = 1.32, P = 0.19: no evidence of social facilitation	42 studies reviewed; k for this pooling not given in the abstract; no GRADE rating given	experimental studies of intake by number of co-eaters	MA	Ruddock HK, Brunstrom JM, Vartanian LR, Higgs S 2019, Am J Clin Nutr 110:842-861; doi:10.1093/ajcn/nqz155; pmid:31435639	docs/superpowers/research/2026-10-09-satiety-research-2/27-food-and-behaviour.md § Satiety research 2, food-side and behavioural effects harvest (2026-10-09)	settled	
S1621	satiety	meal size by the number of people present in free-living meals	meal size rose with the number of people present as a power function; meals eaten in large groups were over 75% larger than meals eaten alone; meal duration and rate of intake rose linearly	7-day diaries, 153 adults, over 3800 meals; observational; no certainty rating given	free-living adults	COH	de Castro JM, Brewer EM 1992, Physiol Behav 51:121-125; doi:10.1016/0031-9384(92)90212-k; pmid:1741437	docs/superpowers/research/2026-10-09-satiety-research-2/27-food-and-behaviour.md § Satiety research 2, food-side and behavioural effects harvest (2026-10-09)	settled	
S1622	satiety	relation of meal size to the following intermeal interval for meals eaten alone vs with others	meal size correlated positively with the post-meal interval for meals eaten alone but not for meals eaten with other people; meals with others held more carbohydrate, fat, protein and total energy	7-day diaries, 63 adults; observational; no certainty rating given	free-living adults	COH	de Castro JM, de Castro ES 1989, Am J Clin Nutr 50:237-247; doi:10.1093/ajcn/50.2.237; pmid:2756911	docs/superpowers/research/2026-10-09-satiety-research-2/27-food-and-behaviour.md § Satiety research 2, food-side and behavioural effects harvest (2026-10-09)	settled	
S1623	satiety	prospective prediction of eating and weight outcomes by food-cue reactivity and craving (pooled)	r = 0.33 (p < 0.001; about 11% of variance); tonic and cue-induced craving on eating behaviour r = 0.33; visual cues gave an effect similar to real food exposure and stronger than olfactory cues	69 statistics from 45 reports, 3,292 participants; no difference by BMI, age or dietary restraint; no certainty rating given	participants of 45 published reports (body mass index, age and dietary restraint did not moderate the effect)	MA	Boswell RG, Kober H 2016, Obes Rev 17:159-177; doi:10.1111/obr.12354; pmid:26644270	docs/superpowers/research/2026-10-09-satiety-research-2/27-food-and-behaviour.md § Satiety research 2, food-side and behavioural effects harvest (2026-10-09)	settled	
S1624	satiety	rated hunger, desire to eat and salivation after 60 s of exposure to the sight and smell of a food (pizza)	cue exposure increased rated hunger and desire to eat, prospective portion size of all savoury foods, and salivation; overweight participants salivated more and desired more but did not eat more	n = 104 (52 overweight, 52 normal weight); effect sizes not given in the abstract; no certainty rating given	adults	EXP	Ferriday D, Brunstrom JM 2011, Int J Obes (Lond) 35:142-149; doi:10.1038/ijo.2010.117; pmid:20548302	docs/superpowers/research/2026-10-09-satiety-research-2/27-food-and-behaviour.md § Satiety research 2, food-side and behavioural effects harvest (2026-10-09)	settled	
S1625	satiety	appetite and intake during 10 min of actively smelling a food odour (banana) vs no odour (sensory-specific appetite)	sensory-specific appetite consistently high (+12 mm on 100-mm VAS) with no decrease over time; appetite for banana +11 mm and other sweet products +4 mm, savoury products -7 mm (all P < 0.01); no significant effect on ad libitum intake (P = 0.68) or general appetite (P = 0.06)	crossover, n = 61; no certainty rating given	normal-weight women	RCT	Ramaekers MG, Boesveldt S, Gort G, Lakemond CM, van Boekel MA, Luning PA 2014, J Nutr 144:1314-1319; doi:10.3945/jn.114.192567; pmid:24966408	docs/superpowers/research/2026-10-09-satiety-research-2/27-food-and-behaviour.md § Satiety research 2, food-side and behavioural effects harvest (2026-10-09)	settled	
S1626	satiety	food consumed when offered larger vs smaller portion, package, unit or tableware sizes (pooled RCTs)	SMD 0.38 (95% CI 0.29 to 0.46); adults SMD 0.46 (0.40 to 0.52); children SMD 0.21 (0.10 to 0.31)	86 comparisons from 58 studies, 6603 participants; GRADE moderate; studies at overall unclear or high risk of bias	adults and children in high-income countries (81% of studies in the USA)	MA	Hollands GJ, Shemilt I, Marteau TM, Jebb SA, Lewis HB, Wei Y, Higgins JP, Ogilvie D 2015, Cochrane Database Syst Rev 2015(9):CD011045; doi:10.1002/14651858.CD011045.pub2; pmid:26368271	docs/superpowers/research/2026-10-09-satiety-research-2/27-food-and-behaviour.md § Satiety research 2, food-side and behavioural effects harvest (2026-10-09)	settled	
S1627	satiety	daily energy intake over 11 days with every portion increased by 50% (persistence of the portion-size effect)	daily energy intake +423 +/- 27 kcal (p < 0.0001), not declining significantly over 11 days; cumulative +4636 +/- 532 kcal; no effect in fruit snacks and vegetables	two 11-day periods, n = 23 (10 women, 13 men); no certainty rating given	normal-weight and overweight adults with all foods provided	RCT	Rolls BJ, Roe LS, Meengs JS 2007, Obesity (Silver Spring) 15:1535-1543; doi:10.1038/oby.2007.182; pmid:17557991	docs/superpowers/research/2026-10-09-satiety-research-2/27-food-and-behaviour.md § Satiety research 2, food-side and behavioural effects harvest (2026-10-09)	settled	
S1628	satiety	concurrent and later energy intake when eating while distracted (pooled)	concurrent intake SMD 0.123 (95% CI <-0.01, 0.25; P = 0.051); passive distractors SMD 0.272 (0.128, 0.417), physically demanding -0.139 (-0.334, 0.057), cognitively demanding 0.202 (-0.028, 0.432); later intake SMD 0.419 (0.195, 0.642)	50 studies (40 concurrent, 10 later intake); no certainty rating given in the abstract	adults	MA	Gough T, Mann T, Ahmadyar K, Finlay I, Jones A, Tapper K, Robinson E 2026, Am J Clin Nutr 123:101315; doi:10.1016/j.ajcnut.2026.101315; pmid:41999952	docs/superpowers/research/2026-10-09-satiety-research-2/27-food-and-behaviour.md § Satiety research 2, food-side and behavioural effects harvest (2026-10-09)	settled	
S1629	satiety	predictors of single-meal and 24-h ad libitum energy intake: fat-free mass, fat mass and resting metabolic rate	fat-free mass was the best predictor of acute (one-meal) intake (R2 = 0.46; P < 0.0001); fasting prospective-food-consumption rating plus resting metabolic rate best predicted daily intake (R2 = 0.44; P < 0.0001)	control conditions of 7 studies pooled, n = 191 (acute) and 55 (daily); no certainty rating given	weight-stable adults, Ottawa	COH	McNeil J, Lamothe G, Cameron JD, Riou MÈ, Cadieux S, Lafrenière J, Goldfield G, Willbond S, Prud'homme D, Doucet É 2017, Am J Clin Nutr 106:1206-1212; doi:10.3945/ajcn.117.153718; pmid:28877891	docs/superpowers/research/2026-10-09-satiety-research-2/27-food-and-behaviour.md § Satiety research 2, food-side and behavioural effects harvest (2026-10-09)	settled	
S1630	water	fluid drunk during exercise from cold or cool (below 22 C) vs warmer (22 C or above) beverages (pooled)	about 50% more cold or cool beverage consumed (effect size 1.4, 95% CI 0.75-2.04); dehydration during exercise reduced by 1.3% of body weight (1.6-0.9%, p < .001)	14 studies included; consumption pooled from 5 studies, hydration from 4; no certainty rating given	adults exercising	MA	Burdon CA, Johnson NA, Chapman PG, O'Connor HT 2012, Int J Sport Nutr Exerc Metab 22:199-211; doi:10.1123/ijsnem.22.3.199; pmid:22693241	docs/superpowers/research/2026-10-09-satiety-research-2/27-food-and-behaviour.md § Satiety research 2, food-side and behavioural effects harvest (2026-10-09)	settled	
S1631	satiety	hunger and weight over 1 year of advice to cut fat and add water-rich foods (fruit and vegetables) vs advice to cut fat alone, eaten ad libitum (the long-term energy-density trial with a hunger outcome)	after 1 y the reduced-fat plus fruit-and-vegetable group lost 7.9 +/- 0.9 kg and the reduced-fat group 6.4 +/- 0.9 kg (completers; different pattern of weight loss P = 0.002; all randomised P = 0.021); both groups cut fat intake similarly; the fruit-and-vegetable group had a lower dietary energy density (P = 0.019) from eating a greater weight of food (P = 0.025), especially fruit and vegetables (P = 0.037), and reported less hunger (P = 0.003)	randomised parallel counselling trial, no energy or fat goals, ad libitum; 97 randomised, 71 completers; diet records; the size of the hunger difference is not in the abstract and Europe PMC carries no open full text; no certainty rating given	obese women	RCT	Ello-Martin JA, Roe LS, Ledikwe JH, Beach AM, Rolls BJ 2007, Am J Clin Nutr 85:1465-1477; doi:10.1093/ajcn/85.6.1465; pmid:17556681	docs/superpowers/research/2026-10-09-satiety-research-2/28-dieting-consensus.md § Satiety research 2, dieting consensus harvest (2026-10-09)	settled	
S1632	satiety	hunger through the day and later ad libitum intake after calorie-matched low- vs high-energy-density fixed meals, and whether the effect lasts over 12 weeks of dieting	after calorie-matched fixed breakfast and lunch at <= 0.8 vs >= 2.5 kcal/g, hunger, desire to eat and prospective consumption were lower at every time point except before breakfast and after the evening meal (partial eta2 0.22, P < 0.001) and fullness higher; ad libitum evening meal 611 +/- 25 vs 1219 +/- 50 kcal (753 vs 517 g eaten) and snacks 307 +/- 18 vs 757 +/- 64 kcal (225 vs 206 g, weight not different); total-day intake 1901 vs 2958 kcal, -1057 +/- 73 kcal (95% CI 912, 1203; 36%); appetite and intake did not differ between weeks 3 and 12	probe days in a randomised within-subjects crossover (order counterbalanced on the first 2 probe days and reversed for the last 2) at weeks 3-4 and 12-13 inside a 14-week nonrandomised parallel-group weight-management study, n = 96; the ad libitum evening meal and snacks were themselves low or high in energy density, so the intake difference mixes the fixed meals' after-effect with the ad libitum foods' energy density; the hunger difference after the fixed meals is at equal energy, but the low-energy-dense fixed meals were also lower in percentage energy from fat and higher in weight, percentage energy from protein and carbohydrate, and fibre (Supplemental Table 2), so it is not energy density alone; no certainty rating given	overweight and obese women (mean age 41.03 y, BMI 34.00) in a commercial (Slimming World) or a self-led NHS weight-loss programme	RCT	Buckland NJ, Camidge D, Croden F, Lavin JH, Stubbs RJ, Hetherington MM et al 2018, J Nutr 148:798-806; doi:10.1093/jn/nxy041; pmid:30053284	docs/superpowers/research/2026-10-09-satiety-research-2/28-dieting-consensus.md § Satiety research 2, dieting consensus harvest (2026-10-09)	settled	
S1633	satiety	daily energy intake and weight over 10 weeks when fruit or oat cookies of equal energy and equal fibre are added to the diet (the reading that the fruit effect follows energy density, not fibre)	three apples (0.63 kcal/g) or three pears (0.64 kcal/g) vs three oat cookies (3.7 kcal/g) a day, each about 200 kcal and about 6 g fibre: energy intake -25.05 (apple) and -19.66 (pear) kcal/day vs +0.93 (oat); dietary energy density -1.23 and -1.29 kcal/g vs the oat group; weight -0.93 and -0.84 kg vs +0.21 kg (P = 0.35) in the oat group	randomised trial, 49 women, 10 weeks of follow-up analysed from a clinical trial; self-reported dietary intake, mixed models; no certainty rating given	free-living women aged 30-50 y with BMI > 25 kg/m2, primary care, Rio de Janeiro	RCT	de Oliveira MC, Sichieri R, Venturim Mozzer R 2008, Appetite 51:291-295; doi:10.1016/j.appet.2008.03.001; pmid:18439712	docs/superpowers/research/2026-10-09-satiety-research-2/28-dieting-consensus.md § Satiety research 2, dieting consensus harvest (2026-10-09)	settled	
S1634	satiety	later ad libitum intake and hunger after volume-matched preloads in which low-energy konjac glucomannan gel noodles replace pasta (energy dilution at equal volume)	325 mL volume-matched preloads of all pasta (442 kcal), half pasta and half gel (259 kcal) or all gel (77 kcal): no difference in subsequent ad libitum dessert intake, so cumulative intake was 47% (-421 kcal) and 23% (-201 kcal) lower than control (both P < 0.001); hunger 31% higher for all gel vs control (P = 0.03); fullness 19% lower (P = 0.04) and prospective consumption 28% higher (P = 0.04) for all gel vs half gel	randomised controlled crossover, n = 16; satiety over 90 min, then an ad libitum dessert; no certainty rating given	healthy adults (12 women, 4 men; age 26.0 y, BMI 23.1)	RCT	Au-Yeung F, Jovanovski E, Jenkins AL, Zurbau A, Ho HVT, Vuksan V 2018, Br J Nutr 119:109-116; doi:10.1017/s0007114517003233; pmid:29202887	docs/superpowers/research/2026-10-09-satiety-research-2/28-dieting-consensus.md § Satiety research 2, dieting consensus harvest (2026-10-09)	settled	
S1635	satiety	satiety over 12 weeks of an equal 750 kcal/d energy deficit with higher (30%) vs normal (18%) protein (protein at equal energy during dieting)	the energy-restriction-induced decline in satiety was less pronounced on the higher-protein diet (p < 0.005); perceived pleasure rose on higher protein and fell on normal protein (p < 0.05); weight loss comparable; lean mass loss -1.5 +/- 0.3 vs -2.8 +/- 0.5 kg (p < 0.05)	randomised, 12 weeks, n = 46; prescribed fixed-deficit diets, so no ad libitum intake outcome; the size of the satiety difference is not in the abstract; no certainty rating given	women aged 28-80 y, BMI 26-37 kg/m2	RCT	Leidy HJ, Carnell NS, Mattes RD, Campbell WW 2007, Obesity (Silver Spring) 15:421-429; doi:10.1038/oby.2007.531; pmid:17299116	docs/superpowers/research/2026-10-09-satiety-research-2/28-dieting-consensus.md § Satiety research 2, dieting consensus harvest (2026-10-09)	settled	
S1636	satiety	satiety, energy intake and weight regain over 3 months of weight maintenance with 48.2 g/d added protein vs none (18 vs 15% of energy)	the added-protein group showed increased satiety while energy intake did not differ; body-weight regain 50% lower, consisting only of fat-free mass; energy efficiency 50% lower	randomised parallel, n = 148 (73 given added protein) after a 4-week very-low-energy diet; same counselling frequency in both groups; satiety size not in the abstract; no certainty rating given	moderately obese adults (age 44.2 +/- 10.1 y, BMI 29.5 +/- 2.5) after 5-10% weight loss	RCT	Westerterp-Plantenga MS, Lejeune MP, Nijs I, van Ooijen M, Kovacs EM 2004, Int J Obes Relat Metab Disord 28:57-64; doi:10.1038/sj.ijo.0802461; pmid:14710168	docs/superpowers/research/2026-10-09-satiety-research-2/28-dieting-consensus.md § Satiety research 2, dieting consensus harvest (2026-10-09)	settled	
S1637	satiety	fasted satiety and weight regain over 6 months of weight maintenance with 30 g/d added protein vs none (18 vs 15% of energy)	satiety in the fasted state before breakfast increased significantly more in the protein group; weight regain 0.8 vs 3.0 kg (P < 0.05), the protein group's regain only fat-free mass; waist -1.2 (SD 0.7) vs +0.5 (SD 0.5) cm	randomised parallel, n = 113, after a 4-week very-low-energy diet; no intake contrast reported in the abstract; satiety size not in the abstract; no certainty rating given	overweight adults (BMI 29.3, age 45.1 y) after 7.5% weight loss	RCT	Lejeune MP, Kovacs EM, Westerterp-Plantenga MS 2005, Br J Nutr 93:281-289; doi:10.1079/bjn20041305; pmid:15788122	docs/superpowers/research/2026-10-09-satiety-research-2/28-dieting-consensus.md § Satiety research 2, dieting consensus harvest (2026-10-09)	settled	
S1638	satiety	daily intake and hunger over 12 weeks of a high- vs normal-protein breakfast vs continued breakfast skipping (the reading that the high- vs normal-protein contrast itself was null)	1,464 kJ breakfast with 35 g (high) or 13 g (normal) protein vs skipping: daily intake -1,724 +/- 954 kJ on high protein vs +1,556 +/- 745 kJ on skipping (P = 0.03), +494 +/- 213 kJ on normal protein; only the high-protein group reduced daily hunger vs skipping (P < 0.05); fat mass -0.4 +/- 0.5 vs +1.6 +/- 0.9 kg (P = 0.02); high vs normal protein compared directly: no difference in any outcome	randomised controlled trial, three arms, 12 weeks, n = 57 completers; no certainty rating given	breakfast-skipping adolescents aged 19 +/- 1 y with overweight or obesity (BMI 29.7)	RCT	Leidy HJ, Hoertel HA, Douglas SM, Higgins KA, Shafer RS 2015, Obesity (Silver Spring) 23:1761-1764; doi:10.1002/oby.21185; pmid:26239831	docs/superpowers/research/2026-10-09-satiety-research-2/28-dieting-consensus.md § Satiety research 2, dieting consensus harvest (2026-10-09)	settled	
S1639	fibre	hunger and later energy intake after 7.4 g psyllium vs placebo with a 450 kcal meal, and gastric emptying	after the meal, hunger feelings 13% lower and energy intake 17% lower with psyllium than with placebo (P < 0.05); no delay in gastric emptying of the solid or liquid phase; flatter glucose, triglyceride and insulin curves	double-blind randomised crossover, n = 14; radiolabelled meal; no certainty rating given	normal volunteers	RCT	Rigaud D, Paycha F, Meulemans A, Merrouche M, Mignon M 1998, Eur J Clin Nutr 52:239-245; doi:10.1038/sj.ejcn.1600518; pmid:9578335	docs/superpowers/research/2026-10-09-satiety-research-2/28-dieting-consensus.md § Satiety research 2, dieting consensus harvest (2026-10-09)	settled	
S1640	fibre	spontaneous daily digestible energy intake over 2-week periods of about 23 g/d supplementary psyllium gum, wheat bran or both in crackers vs a 4 g/d fibre control	psyllium gum and combination crackers decreased digestible energy intake by 153 and 115 kcal/d; wheat bran had no effect on energy intake; faecal energy 96 kcal/d on control, raised by 63 kcal with the high-fibre crackers; gum and combination crackers gave more bloating and flatulence	balanced crossover of 2-week periods after a 1-week control, n = 12; digestible energy is energy eaten less faecal energy, so the 153 and 115 kcal/d falls include part of the +63 kcal/d faecal loss, and the gross intake change is not in the abstract; no certainty rating given	12 women	RCT	Stevens J, Levitsky DA, VanSoest PJ, Robertson JB, Kalkwarf HJ, Roe DA 1987, Am J Clin Nutr 46:812-817; doi:10.1093/ajcn/46.5.812; pmid:2823594	docs/superpowers/research/2026-10-09-satiety-research-2/28-dieting-consensus.md § Satiety research 2, dieting consensus harvest (2026-10-09)	settled	
S1641	fibre	satiety and weight over 16 weeks of an energy-restricted diet with a soluble-fibre mixture (Plantago ovata husk and glucomannan) twice or three times daily vs placebo	weight -4.52 (SD 0.56) and -4.60 (SD 0.55) kg on fibre vs -0.79 (SD 0.58) kg on placebo, differences between groups not significant; postprandial satiety increased in both fibre groups vs placebo; LDL-cholesterol fell more on fibre (P = 0.03)	double-blind placebo-controlled parallel trial, n = 200, 16 weeks; dose 3 g husk plus 1 g glucomannan per serving; satiety size not in the abstract; no certainty rating given	overweight or obese adults	RCT	Salas-Salvadó J, Farrés X, Luque X, Narejos S, Borrell M, Basora J et al 2008, Br J Nutr 99:1380-1387; doi:10.1017/s0007114507868528; pmid:18031592	docs/superpowers/research/2026-10-09-satiety-research-2/28-dieting-consensus.md § Satiety research 2, dieting consensus harvest (2026-10-09)	settled	
S1642	satiety	total energy intake and weight over 8 weeks of ad libitum whole-grain vs refined-grain cereal products (the reading that the products' energy density, not their intake in grams, differed)	whole grain 179 +/- 50 vs 13 +/- 10 g/day; provided products eaten 244 +/- 50 vs 255 +/- 53 g/day (P = 0.074) at 11.5 +/- 0.6 vs 12.4 +/- 0.5 kJ/g, giving 2.79 vs 3.17 MJ/day from them (P < 0.001); total energy intake 9.22 +/- 2.33 vs 9.47 +/- 2.11 MJ/day (P = 0.78, a one-way ANOVA across baseline and both diet periods; the text states overall intake did not differ between the two diet periods); body weight 85.4 to 85.2 kg on whole grain vs 86.1 to 87.0 kg on refined grain (P < 0.001); the weight difference correlated with the between-period difference in energy intake (P < 0.0001); fasting leptin, GLP-1 and GLP-2 not different	randomised crossover, two 8-week periods with >= 6 weeks washout, 60 randomised, 50 completed; 4-day precoded food diaries; no subjective appetite outcome; no certainty rating given	Danish adults at risk of developing metabolic syndrome	RCT	Roager HM, Vogt JK, Kristensen M, Hansen LBS, Ibrügger S, Mærkedahl RB et al 2019, Gut 68:83-93; doi:10.1136/gutjnl-2017-314786; pmid:29097438	docs/superpowers/research/2026-10-09-satiety-research-2/28-dieting-consensus.md § Satiety research 2, dieting consensus harvest (2026-10-09)	settled	
S1643	satiety	appetite and energy balance over 6 weeks of weight-maintenance diets rich in whole grain vs refined grain at equal energy	207 +/- 39 g/d whole grain with 40 +/- 5 g/d fibre vs 0 g whole grain with 21 +/- 3 g/d fibre: prospective consumption trended lower on whole grain (P = 0.07); resting metabolic rate +43 +/- 25 kcal/d (P = 0.04) and stool energy +57 +/- 17 kcal/d (P = 0.003), a net daily energy loss 92 kcal/d higher (95% CI 28, 156); when nonadherent participants were excluded, the between-group differences in resting metabolic rate and prospective consumption were not significant and the stool-energy difference increased	randomised parallel controlled-feeding trial, n = 81, 6 weeks after a 2-week run-in; energy fixed for weight maintenance, so no ad libitum intake outcome; no certainty rating given	healthy men and postmenopausal women aged 40-65 y, BMI < 35	RCT	Karl JP, Meydani M, Barnett JB, Vanegas SM, Goldin B, Kane A et al 2017, Am J Clin Nutr 105:589-599; doi:10.3945/ajcn.116.139683; pmid:28179223	docs/superpowers/research/2026-10-09-satiety-research-2/28-dieting-consensus.md § Satiety research 2, dieting consensus harvest (2026-10-09)	settled	
S1644	satiety	appetite over 3 weeks of daily isocaloric whole-grain rye porridge vs refined wheat bread breakfasts, and free-living intake	rye porridge gave higher satiety and lower hunger and desire to eat for 4 h than wheat bread (p < 0.001), sustained on days 1, 8 and 22; no effect at 4-8 h despite extensive colonic fermentation; no significant difference in self-reported free-living energy or macronutrient intake	randomised double-blind crossover, two 3-week phases, n = 24; 3-day weighed food diaries; serving weights not in the abstract (a porridge carries its cooking water); no certainty rating given	healthy adults	RCT	Isaksson H, Tillander I, Andersson R, Olsson J, Fredriksson H, Webb DL et al 2012, Physiol Behav 105:877-884; doi:10.1016/j.physbeh.2011.10.023; pmid:22061429	docs/superpowers/research/2026-10-09-satiety-research-2/28-dieting-consensus.md § Satiety research 2, dieting consensus harvest (2026-10-09)	settled	
S1645	satiety	ad libitum energy intake, appetite and weight over 10 weeks of low- vs high-glycaemic-index foods equal in energy, energy density, fibre and macronutrients (a long-term null)	energy intake, body weight (low GI -1.9 +/- 0.5 kg; high GI -1.3 +/- 0.3 kg) and fat mass (-1.0 +/- 0.4 vs -0.4 +/- 0.3 kg) decreased over time, with no significant between-group differences; LDL-cholesterol 10% lower on low GI (P < 0.05); the authors find no support for low-GI diets on appetite or body-weight regulation over 10 weeks	randomised parallel, n = 45 (23 vs 22), 10 weeks ad libitum; test foods replaced usual carbohydrate-rich foods; no certainty rating given	healthy overweight women aged 20-40 y, BMI 27.6	RCT	Sloth B, Krog-Mikkelsen I, Flint A, Tetens I, Björck I, Vinoy S et al 2004, Am J Clin Nutr 80:337-347; doi:10.1093/ajcn/80.2.337; pmid:15277154	docs/superpowers/research/2026-10-09-satiety-research-2/28-dieting-consensus.md § Satiety research 2, dieting consensus harvest (2026-10-09)	settled	
S1646	satiety	appetite and ad libitum lunch intake after a test breakfast at the end of 10 weeks of a low- vs high-glycaemic-index diet	after test meals equal in energy, macronutrients, fibre and energy density, fullness was slightly higher and desire to eat something fatty lower in the low-GI group (P < 0.05); ad libitum lunch energy intake, ghrelin, leptin, energy expenditure and substrate oxidation did not differ	the 10-week arms of the Sloth 2004 trial (not independent of it), n = 29, 4-h meal test; no certainty rating given	healthy overweight women aged 30.5 y, BMI 27.6	RCT	Krog-Mikkelsen I, Sloth B, Dimitrov D, Tetens I, Björck I, Flint A et al 2011, J Nutr 141:1679-1684; doi:10.3945/jn.110.134627; pmid:21775528	docs/superpowers/research/2026-10-09-satiety-research-2/28-dieting-consensus.md § Satiety research 2, dieting consensus harvest (2026-10-09)	settled	
S1647	satiety	free-living energy intake, laboratory appetite and ad libitum intake over two 12-week periods of lower- vs higher-glycaemic-index staple foods balanced for macronutrients, fibre and energy density (a long-term null)	free-living diets differed by 8.4 GI units (55.5 vs 63.9); no differences in energy intake, body weight or body composition; after test breakfasts (GI 52 vs 64, 2.5 MJ, matched available carbohydrate, fibre, protein and fat) no differences in hunger, fullness or ad libitum snack and lunch intake	randomised crossover, two consecutive 12-week periods, n = 19; the key foods supplied 48% of carbohydrate intake; no certainty rating given	overweight and obese women aged 34-65 y with moderate hyperinsulinaemia, BMI 25-47	RCT	Aston LM, Stokes CS, Jebb SA 2008, Int J Obes (Lond) 32:160-165; doi:10.1038/sj.ijo.0803717; pmid:17923862	docs/superpowers/research/2026-10-09-satiety-research-2/28-dieting-consensus.md § Satiety research 2, dieting consensus harvest (2026-10-09)	settled	
S1648	satiety	hunger, satiety and energy intake by doubly labelled water over 1 year of 30% calorie restriction with high- vs low-glycaemic-load diets	energy intake, weight, body fat and resting metabolic rate changes did not differ between groups; no effect of diet on hunger, satiety or satisfaction with the food; both groups ate more than provided (21% and 28% restriction at 3 months, 16% and 17% at 6 months, high and low load); weight change at 12 months -8.04 +/- 4.1% (high) vs -7.81 +/- 5.0% (low)	randomised controlled trial (CALERIE), n = 34; all food provided for 6 months, then self-administered for 6 months; the diets also differed in macronutrient composition (the low-load diet lower in carbohydrate and higher in fat and protein) and were matched for fibre, palatability and variety, so the contrast is not glycaemic load alone (the composition's direction read from the Tufts release of 2007-04-09; the full text not read, so no percentages are carried); no certainty rating given	healthy overweight adults aged 35 +/- 6 y, BMI 27.6	RCT	Das SK, Gilhooly CH, Golden JK, Pittas AG, Fuss PJ, Cheatham RA et al 2007, Am J Clin Nutr 85:1023-1030; doi:10.1093/ajcn/85.4.1023; pmid:17413101	docs/superpowers/research/2026-10-09-satiety-research-2/28-dieting-consensus.md § Satiety research 2, dieting consensus harvest (2026-10-09)	settled	
S1649	satiety	hunger and satiety over 6 months of isocaloric energy-restricted low-GI, high-GI and low-fat high-GI diets	BMI change -2.45 +/- 0.27 (low GI), -2.30 +/- 0.27 (high GI) and -1.43 +/- 0.27 (low fat, high GI) (P = 0.012; low vs high GI P = 1.000; low GI vs low fat P = 0.016); the three diets did not differ in their effects on hunger or satiety	randomised parallel trial (GLYNDIET), n = 122, 6 months; no certainty rating given	overweight and obese adults	RCT	Juanola-Falgarona M, Salas-Salvadó J, Ibarrola-Jurado N, Rabassa-Soler A, Díaz-López A, Guasch-Ferré M et al 2014, Am J Clin Nutr 100:27-35; doi:10.3945/ajcn.113.081216; pmid:24787494	docs/superpowers/research/2026-10-09-satiety-research-2/28-dieting-consensus.md § Satiety research 2, dieting consensus harvest (2026-10-09)	settled	
S1650	satiety	dietary compensation and weight over 8 weeks of energy-matched fruit and vegetables added as beverages vs solids (the reading that the form difference was not significant)	dietary compensation 53% (beverage) vs 78% (solid); weight +1.95 +/- 0.33 kg (beverage) and +1.36 +/- 0.30 kg (solid), both P < 0.0005, difference between forms not significant; lean: solid 119% compensation and no significant gain (0.84 +/- 0.53 kg), beverage 43% (+1.61 +/- 0.44 kg); overweight and obese: solid 46% (+1.77 +/- 0.32 kg), beverage 61% (+2.22 +/- 0.47 kg)	randomised crossover, two 8-week periods with a 3-week washout, n = 34; no certainty rating given	lean or overweight/obese adults	RCT	Houchins JA, Burgess JR, Campbell WW, Daniel JR, Ferruzzi MG, McCabe GP et al 2012, Obesity (Silver Spring) 20:1844-1850; doi:10.1038/oby.2011.192; pmid:21720441	docs/superpowers/research/2026-10-09-satiety-research-2/28-dieting-consensus.md § Satiety research 2, dieting consensus harvest (2026-10-09)	settled	
S1651	satiety	challenge-meal intake and latency to the next eating event after a 400 kcal fruit preload as a solid vs a beverage, and appetite ratings after 8 weeks of each form	without a preload 535 +/- 40 and 542 +/- 32 g of the challenge meal were eaten; the solid preload cut it by 350 +/- 41 g and the beverage by 216 +/- 20 g (p = 0.005); latency to the next eating event not different between forms; total daily energy intake higher after the beverage in the obese (P < 0.001); hunger and fullness ratings stable over 8 weeks of either form	the same randomised crossover as Houchins 2012 (not independent of it), n = 34; preloads matched on fruit type, energy, carbohydrate, soluble fibre and volume: the solid preload was apple, grapes, dried apple and raisins with 470 g water, the beverage apple and grape juice with soluble fibre added and 150 g water; no certainty rating given	lean (n = 15) and overweight/obese (n = 19) adults with low habitual fruit and vegetable intake	RCT	Houchins JA, Tan SY, Campbell WW, Mattes RD 2013, Int J Obes (Lond) 37:1109-1115; doi:10.1038/ijo.2012.183; pmid:23164702	docs/superpowers/research/2026-10-09-satiety-research-2/28-dieting-consensus.md § Satiety research 2, dieting consensus harvest (2026-10-09)	settled	
S1652	satiety	satiety index of equal-energy portions of seven breads and its predictors	satiety index 100% (white bread) to 561%; mean satiety index correlated with test-meal intake at 120 min r = -0.88 (P < .01, n = 7) and total-day intake r = -0.72 (P < .05, n = 7); the strongest predictor of the breads' satiety index was portion size and thus energy density; glycaemic responses were not associated with fullness	within-subject repeated measures, n = 10; correlations across 7 breads; no certainty rating given	healthy adults	EXP	Holt SH, Brand-Miller JC, Stitt PA 2001, J Am Diet Assoc 101:767-773; doi:10.1016/s0002-8223(01)00192-4; pmid:11478473	docs/superpowers/research/2026-10-09-satiety-research-2/28-dieting-consensus.md § Satiety research 2, dieting consensus harvest (2026-10-09)	settled	
S1653	satiety	relation of satiety to postprandial glucose and insulin across 38 foods in 240 kcal portions (the satiety-index data set)	no significant relationship between satiety and plasma glucose or insulin responses; insulin AUC correlated negatively with ad libitum intake at 120 min; the authors read total carbohydrate and food structure, not glycaemic impact, as the stronger determinant of short-term satiety	the 38-food data set of Holt 1995 (S1226; not independent of it), separate groups of 11-13 per food category, random order within category; correlation values not in the abstract; no certainty rating given	healthy young unrestrained eaters	EXP	Holt SH, Brand Miller JC, Petocz P 1996, Eur J Clin Nutr 50:788-797; pmid:8968699	docs/superpowers/research/2026-10-09-satiety-research-2/28-dieting-consensus.md § Satiety research 2, dieting consensus harvest (2026-10-09)	settled	
S1654	satiety	hunger and lunch intake after isocaloric instant oatmeal cooked in water vs a ready-to-eat oat cereal in milk with the water drunk beside it	breakfasts 363 kcal each (250 kcal cereal plus 113 kcal milk): oatmeal 66.8 g dry made with 360 g water, milk drunk; cereal 63.6 g in 307 g milk, 360 g water drunk; hunger-reduction AUC 10,615 +/- 727.15 vs 8,472.10 +/- 733.92 mm x min (p = 0.005); lunch intake 85 kcal lower after oatmeal (p = 0.012), weight of food eaten not different; per serving oatmeal 8.35 g protein, 6.68 g fibre, 1.67 g sugar vs cereal 4.54 g, 4.54 g, 20.43 g	randomised crossover, n = 48; funded by the Quaker Oats Center of Excellence and PepsiCo R&D, four authors PepsiCo employees; the water is inside the oatmeal but drunk beside the cereal, and protein, fibre and sugar differ, so the contrast is not fibre alone; no certainty rating given	healthy adults >= 18 y (mean BMI 24.9)	RCT	Rebello CJ, Johnson WD, Martin CK, Han H, Chu YF, Bordenave N et al 2016, J Am Coll Nutr 35:41-49; doi:10.1080/07315724.2015.1032442; pmid:26273900	docs/superpowers/research/2026-10-09-satiety-research-2/28-dieting-consensus.md § Satiety research 2, dieting consensus harvest (2026-10-09)	settled	
S1655	satiety	satiety, gastric emptying and ad libitum lunch intake after isocaloric oatmeal vs corn flakes vs water	lunch intake lowest after oatmeal (p < 0.00001), and lower for overweight than lean subjects (p = 0.007); fullness AUC greatest (p = 0.00001) and hunger AUC lowest (p < 0.001) after oatmeal; acetaminophen peaked latest after oatmeal (slower gastric emptying, p = 0.046); magnitudes not in the abstract	three conditions in randomised sequence, n = 36 (18 lean, 18 overweight); lunch at 180 min; the abstract's P values are tests across the three conditions including water, and the oatmeal vs corn flakes contrast is the authors' conclusion without its own P in the abstract; serving weights not in the abstract; no certainty rating given	lean and overweight adults	RCT	Geliebter A, Grillot CL, Aviram-Friedman R, Haq S, Yahav E, Hashim SA 2015, Ann Nutr Metab 66:93-103; doi:10.1159/000365933; pmid:25612907	docs/superpowers/research/2026-10-09-satiety-research-2/28-dieting-consensus.md § Satiety research 2, dieting consensus harvest (2026-10-09)	settled	
S1656	satiety	appetite and ad libitum lunch intake after baked, mashed or fried white potatoes vs isocaloric white bread with fat equalised (the potato's satiety-index ranking at equal energy and fat)	baked (288 kcal), mashed (283 kcal) and fried (280 kcal) potatoes and white bread (280 kcal), each with 13.7 g fat and 33.1 g available carbohydrate: appetite and lunch pizza intake lower than meal skipping (P < 0.001) for all four, but no difference among the potato treatments and white bread; cumulative intake not different among conditions	within-subject repeated measures in random order, n = 20 analysed (22 completed); funded by the Alliance for Potato Research and Education, one author on its advisory board; serving weights not reported in the text read; no certainty rating given	healthy adults over 65 y (age 70.4 y)	RCT	Bellissimo N, Amalraj R, Lee JJ, Brett NR, Totosy de Zepetnek JO, Proteau S et al 2020, Nutrients 12:2606; doi:10.3390/nu12092606; pmid:32867083	docs/superpowers/research/2026-10-09-satiety-research-2/28-dieting-consensus.md § Satiety research 2, dieting consensus harvest (2026-10-09)	settled	
S1657	satiety	subjective satiety and later ad libitum intake after four equi-energy potato meals vs an equi-energy pasta meal	a meal with fried French fries was rated more satiating than pasta on VAS; baked potato, mashed potato and wedges did not differ from pasta; all test meals had a comparable effect on energy intake at a later ad libitum meal	randomised crossover, n = 33; funding not read (abstract only); no certainty rating given	healthy non-obese men and women	RCT	Diaz-Toledo C, Kurilich AC, Re R, Wickham MS, Chambers LC 2016, J Am Coll Nutr 35:537-543; doi:10.1080/07315724.2015.1042560; pmid:27463259	docs/superpowers/research/2026-10-09-satiety-research-2/28-dieting-consensus.md § Satiety research 2, dieting consensus harvest (2026-10-09)	settled	
S1658	satiety	daily ad libitum energy intake over 14 days of two ultra-processed diets matched for non-beverage energy density, palatability, portion size and energy served, and variety, that differ in texture-derived eating rate	intake 369 kcal/d (95% CI 221, 517) lower on the slow-eating-rate diet (main effect; 2331 vs 2641 kcal/d in the model corrected for fat served), consistent across the 14 days (diet x time P = 0.486) and not attributable to liking or macronutrient intake by the authors' analysis; as consumed, protein was 19 vs 15 EN% and fat EN% differed by 9 points; food eaten 1481 vs 1746 g/d; no notable differences in appetite ratings before or after meals; no weight difference; fat mass -0.43 kg on the slow diet	single-blind block-randomised crossover, two 14-day ad libitum periods with a 2-week washout, n = 41; no certainty rating given	healthy adults (21 men; age 27 y, BMI 23.4)	RCT	Forde CG, Heuven LA, van Bruinessen M, Liu Z, Stieger M, de Graaf K et al 2026, Am J Clin Nutr 123:101122; doi:10.1016/j.ajcnut.2025.11.012; pmid:41314613	docs/superpowers/research/2026-10-09-satiety-research-2/28-dieting-consensus.md § Satiety research 2, dieting consensus harvest (2026-10-09)	settled	
S1659	satiety	ad libitum buffet intake after 2 weeks of a eucaloric diet 81% vs 0% ultra-processed, matched for macronutrients, fibre, added sugar, diet quality and energy density (processing at matched energy density)	no effect of diet on buffet total kcal or grams, or on ultra-processed or non-ultra-processed intake, in the full sample (all p > 0.05); in an exploratory age subgroup intake rose after the ultra-processed diet in those aged 18-21 (p = 0.03, d = 0.79) but not 22-25	randomised crossover proof-of-concept controlled-feeding trial, two 14-day periods, 4-week washout, n = 27; a single buffet meal outcome; no certainty rating given	adults aged 18-25 y (22 +/- 2 y, BMI 24)	RCT	Rego MLM, Leslie E, Schmall E, Capra B, Hudson S, Ahrens ML et al 2026, Obesity (Silver Spring) 34:344-356; doi:10.1002/oby.70086; pmid:41255123	docs/superpowers/research/2026-10-09-satiety-research-2/28-dieting-consensus.md § Satiety research 2, dieting consensus harvest (2026-10-09)	settled	
S1660	satiety	body weight after more than 8 weeks of satiety-enhancing or hunger-reducing foods vs control in overweight and obesity (pooled), and how much of the weight change ad libitum intake explains	weight reduced by 3.60 kg (95% CI 1.05, 6.15) more than controls; in the two studies that tested it, the decrease in ad libitum energy intake explained 58% (12 weeks) and 23% (8 weeks) of the variation in weight loss (P < 0.001); robust acute appetite effects were as likely as sustained effects to be linked to better weight management	12 studies from 517 papers, average 75 subjects exposed; Cochrane risk-of-bias tool (the verdict is not in the abstract); heterogeneous products; weight, not hunger, is the pooled outcome; no certainty rating given	adults with overweight or obesity	MA	Hansen TT, Andersen SV, Astrup A, Blundell J, Sjödin A 2019, Obes Rev 20:983-997; doi:10.1111/obr.12854; pmid:30945414	docs/superpowers/research/2026-10-09-satiety-research-2/28-dieting-consensus.md § Satiety research 2, dieting consensus harvest (2026-10-09)	settled	
S1661	satiety	appetite on low-fat (<= 30% energy) vs high-fat diets in randomised trials (systematic review, unpooled)	of seven studies on hunger, three reported a significantly lower hunger response on low fat; no effect on satiety, desire to eat or palatability; one study found a greater fall in total appetite score over 6 months; the authors find little or no additional benefit to appetite and call the evidence poor	9 RCTs from 2471 records, no pooled estimate; RoB 2: 2 low risk, 4 some concerns, 2 high; no certainty rating given	adults	MA	Razmpoosh E, Abdollahi S, Sikaroudi MK, Sangsefidi ZS, Zeraattalab-Motlagh S, Torabinasab K et al 2025, BMC Public Health 25:2264; doi:10.1186/s12889-025-23454-0; pmid:40604651	docs/superpowers/research/2026-10-09-satiety-research-2/28-dieting-consensus.md § Satiety research 2, dieting consensus harvest (2026-10-09)	settled	
S1662		a GRADE-rated pooled estimate of higher- vs lower-protein diets on hunger or ad libitum energy intake over >= 8 weeks at equal energy density		named by Satiety research 2 Task 28; the 2026-10-09 search found no protein appetite meta-analysis with a GRADE or other certainty rating; the long-term trials with an appetite outcome (Leidy 2007, Westerterp-Plantenga 2004, Lejeune 2005) report direction only, and Kohanmoo 2020's 19 long-term trials (S1222) are null on ratings				docs/superpowers/research/2026-10-09-satiety-research-2/28-dieting-consensus.md § Satiety research 2, dieting consensus harvest (2026-10-09)	open	
S1663		the size of the hunger difference after calorie-matched low- vs high-energy-density meals sustained over weeks of dieting, pooled		named by Satiety research 2 Task 28; Ello-Martin 2007 and Buckland 2018 give direction and P only for hunger in the text read; no meta-analysis pools VAS hunger after calorie-matched energy-density contrasts over weeks				docs/superpowers/research/2026-10-09-satiety-research-2/28-dieting-consensus.md § Satiety research 2, dieting consensus harvest (2026-10-09)	open	
